journal,publisher_family,year,publication_date,title,authors,volume,issue,doi,article_url,article_type,source_container_title,openalex_id
ACM Computing Surveys (CSUR),ACM,2025,2025-01-01,A Comprehensive Survey on Legal Summarization: Challenges and Future Directions,Mousumi Akter; Erion Çano; Erik Weber; Dennis Dobler; Ivan Habernal,,,10.18154/rwth-2026-01005,https://doi.org/10.18154/rwth-2026-01005,preprint,ACM Computing Surveys,https://openalex.org/W4406975846
ACM Computing Surveys (CSUR),ACM,2025,2025-01-03,A Survey of Heuristics for Profile and Wavefront Reductions,Sanderson L. Gonzaga de Oliveira,57,5,10.1145/3711120,https://doi.org/10.1145/3711120,article,ACM Computing Surveys,https://openalex.org/W4406037903
ACM Computing Surveys (CSUR),ACM,2025,2025-01-04,A Survey on Online Aggression: Content Detection and Behavioral Analysis on Social Media,Swapnil Mane; Suman Kundu; Rajesh R. Sharma,57,7,10.1145/3711125,https://doi.org/10.1145/3711125,article,ACM Computing Surveys,https://openalex.org/W4406053368
ACM Computing Surveys (CSUR),ACM,2025,2025-01-06,An In-Depth Analysis of Password Managers and Two-Factor Authentication Tools,Mohammed Jubur; Prakash Sunder Shrestha; Nitesh Saxena,57,5,10.1145/3711117,https://doi.org/10.1145/3711117,article,ACM Computing Surveys,https://openalex.org/W4406085150
ACM Computing Surveys (CSUR),ACM,2025,2025-01-06,Can Graph Neural Networks be Adequately Explained? A Survey,Xuyan Li; Jie Wang; Zheng Yan,57,5,10.1145/3711122,https://doi.org/10.1145/3711122,article,ACM Computing Surveys,https://openalex.org/W4406085173
ACM Computing Surveys (CSUR),ACM,2025,2025-01-06,Characterization of Android Malwares and their families,Tejpal Sharma; Dhavleesh Rattan,57,5,10.1145/3708500,https://doi.org/10.1145/3708500,article,ACM Computing Surveys,https://openalex.org/W4406085105
ACM Computing Surveys (CSUR),ACM,2025,2025-01-06,Data-centric Artificial Intelligence: A Survey,Daochen Zha; Zaid Pervaiz Bhat; Kwei-Herng Lai; Fan Yang; Zhimeng Jiang; Shaochen Zhong; Xia Hu,57,5,10.1145/3711118,https://doi.org/10.1145/3711118,article,ACM Computing Surveys,https://openalex.org/W4406085118
ACM Computing Surveys (CSUR),ACM,2025,2025-01-06,"Deep Learning on Network Traffic Prediction: Recent Advances, Analysis, and Future Directions",Ons Aouedi; Van An Le; Kandaraj Piamrat; Yusheng Ji,57,6,10.1145/3703447,https://doi.org/10.1145/3703447,article,ACM Computing Surveys,https://openalex.org/W4404872680
ACM Computing Surveys (CSUR),ACM,2025,2025-01-06,Regulating Information and Network Security: Review and Challenges,Tayssir Bouraffa; Kai-Lung Hui,57,5,10.1145/3711124,https://doi.org/10.1145/3711124,article,ACM Computing Surveys,https://openalex.org/W4406085225
ACM Computing Surveys (CSUR),ACM,2025,2025-01-09,Trustworthy AI-based Performance Diagnosis Systems for Cloud Applications: A Review,Ruyue Xin; Jingye Wang; Peng Chen; Zhiming Zhao,57,5,10.1145/3701740,https://doi.org/10.1145/3701740,article,ACM Computing Surveys,https://openalex.org/W4406213410
ACM Computing Surveys (CSUR),ACM,2025,2025-01-10,A Comprehensive Review on Group Re-identification in Surveillance Videos,Kaushik Nayak; Debi Prosad Dogra,57,6,10.1145/3711126,https://doi.org/10.1145/3711126,article,ACM Computing Surveys,https://openalex.org/W4406256620
ACM Computing Surveys (CSUR),ACM,2025,2025-01-10,"Generative AI Empowered Network Digital Twins: Architecture, Technologies, and Applications",Tong Li; Qingyue Long; Haoye Chai; Shiyuan Zhang; Fenyu Jiang; Haoqiang Liu; Wenzhen Huang; Depeng Jin; Yong Li,57,6,10.1145/3711682,https://doi.org/10.1145/3711682,article,ACM Computing Surveys,https://openalex.org/W4406245425
ACM Computing Surveys (CSUR),ACM,2025,2025-01-10,"Location Privacy Schemes in Vehicular Networks: Taxonomy, Comparative Analysis, Design Challenges, and Future Opportunities",Ikram Ullah; Munam Ali Shah; Abid Khan; Mohsen Guizani,57,6,10.1145/3711681,https://doi.org/10.1145/3711681,article,ACM Computing Surveys,https://openalex.org/W4406245438
ACM Computing Surveys (CSUR),ACM,2025,2025-01-10,Towards Trustworthy AI-Empowered Real-Time Bidding for Online Advertisement Auctioning,Xiaoli Tang; Han Yu,57,6,10.1145/3701741,https://doi.org/10.1145/3701741,article,ACM Computing Surveys,https://openalex.org/W4406245376
ACM Computing Surveys (CSUR),ACM,2025,2025-01-13,Natural Language Processing for Dialects of a Language: A Survey,Aditya Joshi; Raj Dabre; Diptesh Kanojia; Zhuang Li; Haolan Zhan; Gholamreza Haffari; Doris Dippold,57,6,10.1145/3712060,https://doi.org/10.1145/3712060,article,ACM Computing Surveys,https://openalex.org/W4406302399
ACM Computing Surveys (CSUR),ACM,2025,2025-01-13,Security and Privacy Challenges of Large Language Models: A Survey,Badhan Chandra Das; M. Hadi Amini; Yanzhao Wu,57,6,10.1145/3712001,https://doi.org/10.1145/3712001,article,ACM Computing Surveys,https://openalex.org/W4406302454
ACM Computing Surveys (CSUR),ACM,2025,2025-01-14,"Dense Video Captioning: A Survey of Techniques, Datasets and Evaluation Protocols",Iqra Qasim; Alexander Horsch; Dilip Kumar Prasad,57,6,10.1145/3712059,https://doi.org/10.1145/3712059,article,ACM Computing Surveys,https://openalex.org/W4406371524
ACM Computing Surveys (CSUR),ACM,2025,2025-01-17,Decoding Fake News and Hate Speech: A Survey of Explainable AI Techniques,Mikel K. Ngueajio; Saurav Keshari Aryal; Marcellin Atemkeng; Gloria J. Washington; Danda B. Rawat,57,7,10.1145/3711123,https://doi.org/10.1145/3711123,article,ACM Computing Surveys,https://openalex.org/W4406535068
ACM Computing Surveys (CSUR),ACM,2025,2025-01-18,"A Survey of Multimodal Learning: Methods, Applications, and Future",Yuan Yuan; Zhaojian Li; Bin Zhao,57,7,10.1145/3713070,https://doi.org/10.1145/3713070,article,ACM Computing Surveys,https://openalex.org/W4406552230
ACM Computing Surveys (CSUR),ACM,2025,2025-01-18,Getting the Data in Shape for Your Process Mining Analysis: An In-Depth Analysis of the Pre-Analysis Stage,Shameer K. Pradhan; Mieke Julie Jans; Niels D. Martin,57,6,10.1145/3712587,https://doi.org/10.1145/3712587,article,ACM Computing Surveys,https://openalex.org/W4406552162
ACM Computing Surveys (CSUR),ACM,2025,2025-01-20,Toward the Construction of Affective Brain-Computer Interface: A Systematic Review,Huayu Chen; Junxiang Li; Huanhuan He; Jing Zhu; Shuting Sun; Xiaowei Li; Bin Hu,57,6,10.1145/3712259,https://doi.org/10.1145/3712259,review,ACM Computing Surveys,https://openalex.org/W4406599797
ACM Computing Surveys (CSUR),ACM,2025,2025-01-21,Clustering on Attributed Graphs: From Single-view to Multi-view,Mengyao Li; Zhibang Yang; Xu Zhou; Yixiang Fang; Kenli Li; Keqin Li,57,7,10.1145/3714407,https://doi.org/10.1145/3714407,article,ACM Computing Surveys,https://openalex.org/W4406678337
ACM Computing Surveys (CSUR),ACM,2025,2025-01-21,Deep Generative Models for Therapeutic Peptide Discovery: A Comprehensive Review,Leshan Lai; Yuansheng Liu; Bosheng Song; Keqin Li; Xiangxiang Zeng,57,6,10.1145/3714455,https://doi.org/10.1145/3714455,article,ACM Computing Surveys,https://openalex.org/W4406677312
ACM Computing Surveys (CSUR),ACM,2025,2025-01-21,Recent Advances of Differential Privacy in Centralized Deep Learning: A Systematic Survey,Lea Demelius; Roman Kern; Andreas Trügler,57,6,10.1145/3712000,https://doi.org/10.1145/3712000,article,ACM Computing Surveys,https://openalex.org/W4406784489
ACM Computing Surveys (CSUR),ACM,2025,2025-01-21,Text Classification Using Graph Convolutional Networks: A Comprehensive Survey,Syed Tarif Abbas Rizvi; Ramsha Imran; Arif Mahmood,57,8,10.1145/3714456,https://doi.org/10.1145/3714456,article,ACM Computing Surveys,https://openalex.org/W4406678260
ACM Computing Surveys (CSUR),ACM,2025,2025-01-22,A Review on Trustworthiness of Digital Assistants for Personal Healthcare,Tania Bailoni; Mauro Dragoni,57,7,10.1145/3714999,https://doi.org/10.1145/3714999,article,ACM Computing Surveys,https://openalex.org/W4406704483
ACM Computing Surveys (CSUR),ACM,2025,2025-01-24,A Survey on Speech Deepfake Detection,Menglu Li; Yasaman Ahmadiadli; Xiao-Ping Steven Zhang,57,7,10.1145/3714458,https://doi.org/10.1145/3714458,article,ACM Computing Surveys,https://openalex.org/W4406803348
ACM Computing Surveys (CSUR),ACM,2025,2025-01-24,Deep Learning Methods for Abstract Visual Reasoning: A Survey on Raven's Progressive Matrices,Mikołaj Małkiński; Jacek Mańdziuk,57,7,10.1145/3715093,https://doi.org/10.1145/3715093,article,ACM Computing Surveys,https://openalex.org/W4406803367
ACM Computing Surveys (CSUR),ACM,2025,2025-01-24,Performance Modeling of Public Permissionless Blockchains: A Survey,Molud Esmaili; Kenneth J. Christensen,57,7,10.1145/3715094,https://doi.org/10.1145/3715094,article,ACM Computing Surveys,https://openalex.org/W4406803256
ACM Computing Surveys (CSUR),ACM,2025,2025-01-25,"A Container Security Survey: Exploits, Attacks, and Defenses",Omar Jarkas; Ryan K. L. Ko; Naipeng Dong; Redowan Mahmud,57,7,10.1145/3715001,https://doi.org/10.1145/3715001,article,ACM Computing Surveys,https://openalex.org/W4406824422
ACM Computing Surveys (CSUR),ACM,2025,2025-01-25,Secured Network Architectures Based on Blockchain Technologies: A Systematic Review,Song-Kyoo Kim; Hou Cheng Vong,57,7,10.1145/3715000,https://doi.org/10.1145/3715000,review,ACM Computing Surveys,https://openalex.org/W4406826451
ACM Computing Surveys (CSUR),ACM,2025,2025-01-26,Scientific Large Language Models: A Survey on Biological & Chemical Domains,Qiang Zhang; Keyan Ding; Tianwen Lv; Xinda Wang; Qingyu Yin; Yiwen Zhang; Yu Jing; Yuhao Wang; Xiaotong Li; Zhuoyi Xiang; Xiang Zhuang; Zeyuan Wang; Ming Qin; Mengyao Zhang; Jinlu Zhang; Jiyu Cui; Renjun Xu; Hongyang Chen; Xiaohui Fan; Huabin Xing; Huajun Chen,57,6,10.1145/3715318,https://doi.org/10.1145/3715318,article,ACM Computing Surveys,https://openalex.org/W4406828533
ACM Computing Surveys (CSUR),ACM,2025,2025-01-27,A Comprehensive Survey of Benchmarks for Improvement of Software's Non-Functional Properties,Aymeric Blot; Justyna Petke,57,7,10.1145/3711119,https://doi.org/10.1145/3711119,article,ACM Computing Surveys,https://openalex.org/W4406874869
ACM Computing Surveys (CSUR),ACM,2025,2025-01-27,Adaptive Strategies in Enhancing Physical Layer Security: A Comprehensive Survey,Zhuoying Duan; Zikai Chang; Ning Xie; Weize Sun; Dusit Tao Niyato,57,7,10.1145/3715319,https://doi.org/10.1145/3715319,article,ACM Computing Surveys,https://openalex.org/W4406875072
ACM Computing Surveys (CSUR),ACM,2025,2025-01-27,"Approximate Computing Survey, Part II: Application-Specific & Architectural Approximation Techniques and Applications",Vasileios Leon; Muhammad Abdullah Hanif; Giorgos Armeniakos; Xun Jiao; Muhammad Shafique; Kiamal Pekmestzi; Dimitrios Soudris,57,7,10.1145/3711683,https://doi.org/10.1145/3711683,article,ACM Computing Surveys,https://openalex.org/W4406875079
ACM Computing Surveys (CSUR),ACM,2025,2025-01-27,Point Cloud-Based Deep Learning in Industrial Production: A Survey,Yi Liu; Changsheng Zhang; Xingjun Dong; Jiaxu Ning,57,7,10.1145/3715851,https://doi.org/10.1145/3715851,article,ACM Computing Surveys,https://openalex.org/W4406874295
ACM Computing Surveys (CSUR),ACM,2025,2025-01-28,Natural Language Processing Methods for Symbolic Music Generation and Information Retrieval: A Survey,Dinh-Viet-Toan Le; Louis Bigo; Dorien Herremans; Mikaela Keller,57,7,10.1145/3714457,https://doi.org/10.1145/3714457,article,ACM Computing Surveys,https://openalex.org/W4392271377
ACM Computing Surveys (CSUR),ACM,2025,2025-01-29,Advances in Set Function Learning: A Survey of Techniques and Applications,Jiahao Xie; Guangmo Tong,57,7,10.1145/3715905,https://doi.org/10.1145/3715905,article,ACM Computing Surveys,https://openalex.org/W4406930279
ACM Computing Surveys (CSUR),ACM,2025,2025-01-29,Resource Sharing on the Internet: A Comprehensive Survey on ISP Peering,Anindo Mahmood; Murat Yüksel,57,7,10.1145/3715906,https://doi.org/10.1145/3715906,article,ACM Computing Surveys,https://openalex.org/W4406930375
ACM Computing Surveys (CSUR),ACM,2025,2025-01-29,User-Centred Privacy and Data Protection: An Overview of Current Research Trends and Challenges for the Human–Computer Interaction Field,Shirlei Aparecida de Chaves; Fabiane Barreto Vavassori Benitti,57,7,10.1145/3715903,https://doi.org/10.1145/3715903,article,ACM Computing Surveys,https://openalex.org/W4406930268
ACM Computing Surveys (CSUR),ACM,2025,2025-01-30,Knowledge Distillation on Graphs: A Survey,Yijun Tian; Shichao Pei; Xiangliang Zhang; Chuxu Zhang; Nitesh V. Chawla,57,8,10.1145/3711121,https://doi.org/10.1145/3711121,article,ACM Computing Surveys,https://openalex.org/W4406963231
ACM Computing Surveys (CSUR),ACM,2025,2025-01-30,Separation of Duty in Information Security,Sebastian Groll; Ludwig Fuchs; Günther Pernul,57,7,10.1145/3715959,https://doi.org/10.1145/3715959,article,ACM Computing Surveys,https://openalex.org/W4406962979
ACM Computing Surveys (CSUR),ACM,2025,2025-01-31,"Artificial Intelligence as a Service (AIaaS) for Cloud, Fog and the Edge: State-of-the-Art Practices",Naeem Syed; Adnan Anwar; Zubair Ahmed Baig; Sherali Zeadally,57,8,10.1145/3712016,https://doi.org/10.1145/3712016,article,ACM Computing Surveys,https://openalex.org/W4407049659
ACM Computing Surveys (CSUR),ACM,2025,2025-01-31,Natural Language Understanding and Inference with MLLM in Visual Question Answering: A Survey,Jiayi Kuang; Ying Shen; Jingyou Xie; Haohao Luo; Zhe Xu; Ronghao Li; Yinghui Li; Xianfeng Cheng; Xika Lin; Yu Han,57,8,10.1145/3711680,https://doi.org/10.1145/3711680,article,ACM Computing Surveys,https://openalex.org/W4407049645
ACM Computing Surveys (CSUR),ACM,2025,2025-02-05,"ENDEMIC: End-to-End Network Disruptions – Examining Middleboxes, Issues, and Countermeasures – A Survey",Iliès Benhabbour; Marc Daciér,57,7,10.1145/3716372,https://doi.org/10.1145/3716372,article,ACM Computing Surveys,https://openalex.org/W4407179717
ACM Computing Surveys (CSUR),ACM,2025,2025-02-05,"Making Sense of Big Data in Intelligent Transportation Systems: Current Trends, Challenges and Future Directions",Mian Ahmad Jan; Muhammad Adil; Bouziane Brik; Saad Harous; Sohail Abbas,57,8,10.1145/3716371,https://doi.org/10.1145/3716371,article,ACM Computing Surveys,https://openalex.org/W4407180517
ACM Computing Surveys (CSUR),ACM,2025,2025-02-06,A Survey on Exploring Real and Virtual Social Network Rumors: State-of-the-Art and Research Challenges,Qiang He; S.-Y. Zhang; Yuliang Cai; Wei Yuan; Lianbo Ma; Keping Yu,57,7,10.1145/3716498,https://doi.org/10.1145/3716498,article,ACM Computing Surveys,https://openalex.org/W4407230729
ACM Computing Surveys (CSUR),ACM,2025,2025-02-06,"Deep Learning Library Testing: Definition, Methods and Challenges",Xiaoyu Zhang; Weipeng Jiang; Chao Qun Shen; Qi Lecky Li; Qian Wang; Chenhao Lin; Xiaohong Guan,57,7,10.1145/3716497,https://doi.org/10.1145/3716497,article,ACM Computing Surveys,https://openalex.org/W4407230117
ACM Computing Surveys (CSUR),ACM,2025,2025-02-07,AI Agents Under Threat: A Survey of Key Security Challenges and Future Pathways,Zehang Deng; Yongjian Guo; Changzhou Han; Wanlun Ma; Junwu Xiong; Sheng Wen; Yang Xiang,57,7,10.1145/3716628,https://doi.org/10.1145/3716628,article,ACM Computing Surveys,https://openalex.org/W4407236106
ACM Computing Surveys (CSUR),ACM,2025,2025-02-08,Deep Learning Based Image Aesthetic Quality Assessment- A Review,Maedeh Daryanavard Chounchenani; Asadollah Shahbahrami; Reza Zare Hassanpour; Georgi Gaydadjiev,57,7,10.1145/3716820,https://doi.org/10.1145/3716820,article,ACM Computing Surveys,https://openalex.org/W4407276872
ACM Computing Surveys (CSUR),ACM,2025,2025-02-10,Introduction to Special Issue on Trustworthy Artificial Intelligence (Part II),Roberta Calegari; Fosca Giannotti; Michela Milano; Francesca Pratesi,57,6,10.1145/3711127,https://doi.org/10.1145/3711127,editorial,ACM Computing Surveys,https://openalex.org/W4407318992
ACM Computing Surveys (CSUR),ACM,2025,2025-02-11,Hallucination Detection in Foundation Models for Decision-Making: A Flexible Definition and Review of the State of the Art,Neeloy Chakraborty; Melkior Ornik; Katherine Driggs-Campbell,57,7,10.1145/3716846,https://doi.org/10.1145/3716846,article,ACM Computing Surveys,https://openalex.org/W4393213364
ACM Computing Surveys (CSUR),ACM,2025,2025-02-12,"Approximate Computing Survey, Part I: Terminology and Software & Hardware Approximation Techniques",Vasileios Leon; Muhammad Abdullah Hanif; Giorgos Armeniakos; Xun Jiao; Muhammad Shafique; Kiamal Pekmestzi; Dimitrios Soudris,57,7,10.1145/3716845,https://doi.org/10.1145/3716845,article,ACM Computing Surveys,https://openalex.org/W4407411797
ACM Computing Surveys (CSUR),ACM,2025,2025-02-12,Compact Data Structures for Network Telemetry,Shir Landau Feibish; Zaoxing Liu; Jennifer Rexford,57,8,10.1145/3716819,https://doi.org/10.1145/3716819,article,ACM Computing Surveys,https://openalex.org/W4407411887
ACM Computing Surveys (CSUR),ACM,2025,2025-02-12,"Embodied Intelligence: A Synergy of Morphology, Action, Perception and Learning",Huaping Liu; Di Guo; Angelo Cangelosi,57,7,10.1145/3717059,https://doi.org/10.1145/3717059,article,ACM Computing Surveys,https://openalex.org/W4407411662
ACM Computing Surveys (CSUR),ACM,2025,2025-02-13,Adversarial Patterns: Building Robust Android Malware Classifiers,Dipkamal Bhusal; Nidhi Rastogi,57,8,10.1145/3717607,https://doi.org/10.1145/3717607,article,ACM Computing Surveys,https://openalex.org/W4407542263
ACM Computing Surveys (CSUR),ACM,2025,2025-02-13,Towards Lifelong Learning of Large Language Models: A Survey,Junhao Zheng; Shengjie Qiu; Chengming Shi; Qianli Ma,57,8,10.1145/3716629,https://doi.org/10.1145/3716629,article,ACM Computing Surveys,https://openalex.org/W4407542088
ACM Computing Surveys (CSUR),ACM,2025,2025-02-13,"Towards Robust Cyber Attack Taxonomies: A Survey with Requirements, Structures, and Assessment",Paulo Roberto da Paz Ferraz Santos; Paulo Angelo Alves Resende; João José Costa Gondim; André C. Drummond,57,8,10.1145/3717606,https://doi.org/10.1145/3717606,article,ACM Computing Surveys,https://openalex.org/W4407542337
ACM Computing Surveys (CSUR),ACM,2025,2025-02-13,Transfer Learning in Sensor-Based Human Activity Recognition: A Survey,Sourish Gunesh Dhekane; Thomas Ploetz,57,8,10.1145/3717608,https://doi.org/10.1145/3717608,article,ACM Computing Surveys,https://openalex.org/W4407543209
ACM Computing Surveys (CSUR),ACM,2025,2025-02-14,Facial Expression Analysis in Parkinsons’s Disease Using Machine Learning: A Review,Guilherme Camargo de Oliveira; Quoc Cuong Ngo; Leandro Aparecido Passos Júnior; Danilo Samuel Jodas; João Paulo Papa; Dinesh Kumar,57,8,10.1145/3716818,https://doi.org/10.1145/3716818,article,ACM Computing Surveys,https://openalex.org/W4407584154
ACM Computing Surveys (CSUR),ACM,2025,2025-02-15,"A Comprehensive Survey on Big Data Analytics: Characteristics, Tools and Techniques",Mohammad Shahnawaz; Manish Kumar,57,8,10.1145/3718364,https://doi.org/10.1145/3718364,article,ACM Computing Surveys,https://openalex.org/W4407593012
ACM Computing Surveys (CSUR),ACM,2025,2025-02-15,"Blockchain-Empowered Trustworthy Data Sharing: Fundamentals, Applications, and Challenges",Thanh Tu Nguyen; Lam Duc Nguyen; Thong Hoang; H. M. N. Dilum Bandara; Qin Wang; Qinghua Lu; Xiwei Xu; Liming Zhu; Shiping Chen,57,8,10.1145/3718082,https://doi.org/10.1145/3718082,article,ACM Computing Surveys,https://openalex.org/W4407593002
ACM Computing Surveys (CSUR),ACM,2025,2025-02-15,Green Federated Learning: A New Era of Green Aware AI,Dipanwita Thakur; Antonella Guzzo; Giancarlo Fortino; Francesco Piccialli,57,8,10.1145/3718363,https://doi.org/10.1145/3718363,article,ACM Computing Surveys,https://openalex.org/W4407592994
ACM Computing Surveys (CSUR),ACM,2025,2025-02-17,Deep Learning for Cross-Domain Few-Shot Visual Recognition: A Survey,Huali Xu; Shuaifeng Zhi; Shuzhou Sun; Vishal M. Patel; Li Liu,57,8,10.1145/3718362,https://doi.org/10.1145/3718362,article,ACM Computing Surveys,https://openalex.org/W4407619051
ACM Computing Surveys (CSUR),ACM,2025,2025-02-17,From Perception to Computation: Revisiting Delay Optimization for Connected Autonomous Vehicles,Tianen Liu; Shuai Wang; Zheng Dong; Borui Li; Tian He,57,8,10.1145/3718361,https://doi.org/10.1145/3718361,article,ACM Computing Surveys,https://openalex.org/W4407619024
ACM Computing Surveys (CSUR),ACM,2025,2025-02-19,Automated Program Repair: Emerging Trends Pose and Expose Problems for Benchmarks,Joseph Renzullo; Pemma Reiter; Westley R. Weimer; Stephanie Forrest,57,8,10.1145/3704997,https://doi.org/10.1145/3704997,article,ACM Computing Surveys,https://openalex.org/W4407749710
ACM Computing Surveys (CSUR),ACM,2025,2025-02-19,Class-Imbalanced Learning on Graphs: A Survey,Yihong Ma; Yijun Tian; Nuno Moniz; Nitesh V. Chawla,57,8,10.1145/3718734,https://doi.org/10.1145/3718734,article,ACM Computing Surveys,https://openalex.org/W4407749712
ACM Computing Surveys (CSUR),ACM,2025,2025-02-19,Security Approaches for Data Provenance in the Internet of Things: A Systematic Literature Review,Omair Faraj; David Megías; Joaquín García-Alfaro,57,10,10.1145/3718735,https://doi.org/10.1145/3718735,review,ACM Computing Surveys,https://openalex.org/W4407749774
ACM Computing Surveys (CSUR),ACM,2025,2025-02-20,A Review of Pseudonym Change Strategies for Location Privacy Preservation Schemes in Vehicular Networks,Leila Benarous; Sherali Zeadally; Saâdi Boudjit; Abdelhamid Mellouk,57,8,10.1145/3718736,https://doi.org/10.1145/3718736,article,ACM Computing Surveys,https://openalex.org/W4407785889
ACM Computing Surveys (CSUR),ACM,2025,2025-02-20,"A Survey on Hypergraph Mining: Patterns, Tools, and Generators",Geon Lee; Fanchen Bu; Tina Eliassi‐Rad; Kijung Shin,57,8,10.1145/3719002,https://doi.org/10.1145/3719002,article,ACM Computing Surveys,https://openalex.org/W4407785291
ACM Computing Surveys (CSUR),ACM,2025,2025-02-22,Out-of-Distribution Data: An Acquaintance of Adversarial Examples - A Survey,Naveen Karunanayake; Ravin Gunawardena; Suranga Seneviratne; Sanjay Chawla,57,8,10.1145/3719292,https://doi.org/10.1145/3719292,article,ACM Computing Surveys,https://openalex.org/W4407848027
ACM Computing Surveys (CSUR),ACM,2025,2025-02-22,Public Datasets for Cloud Computing: A Comprehensive Survey,Guozhi Liu; Weiwei Lin; Haotong Zhang; Jianpeng Lin; Shaoliang Peng; Keqin Li,57,8,10.1145/3719003,https://doi.org/10.1145/3719003,article,ACM Computing Surveys,https://openalex.org/W4407848025
ACM Computing Surveys (CSUR),ACM,2025,2025-02-22,Semantic Models of Performance Indicators: A Systematic Survey,Claudia Diamantini; Tarique Khan; Domenico Potena; Emanuele Storti,57,8,10.1145/3719291,https://doi.org/10.1145/3719291,article,ACM Computing Surveys,https://openalex.org/W4407848026
ACM Computing Surveys (CSUR),ACM,2025,2025-02-24,"A Comprehensive Review on IoT Marketplace Matchmaking: Approaches, Opportunities and Challenges",Qi An; Frank Jiang; Azadeh Ghari Neiat; William Yeoh; Ganesh Kumar Venayagamoorthy; Arkady Zaslavsky,57,8,10.1145/3715904,https://doi.org/10.1145/3715904,article,ACM Computing Surveys,https://openalex.org/W4407881792
ACM Computing Surveys (CSUR),ACM,2025,2025-02-24,"A Review on Edge Large Language Models: Design, Execution, and Applications",Yue Zheng; Yuhao Chen; Bin Qian; Xiufang Shi; Yuanchao Shu; Jiming Chen,57,8,10.1145/3719664,https://doi.org/10.1145/3719664,article,ACM Computing Surveys,https://openalex.org/W4407881031
ACM Computing Surveys (CSUR),ACM,2025,2025-02-24,Machine Learning for Infectious Disease Risk Prediction: A Survey,Mutong Liu; Yang Liu; Jiming Liu,57,8,10.1145/3719663,https://doi.org/10.1145/3719663,article,ACM Computing Surveys,https://openalex.org/W4407881151
ACM Computing Surveys (CSUR),ACM,2025,2025-02-25,Igniting Language Intelligence: The Hitchhiker’s Guide from Chain-of-Thought Reasoning to Language Agents,Zhuosheng Zhang; Yao Yao; Aston Zhang; Xiangru Tang; Xinbei Ma; Zhiwei He; Yiming Wang; Mark Gerstein; Rui Wang; Gongshen Liu; Hai Zhao,57,8,10.1145/3719341,https://doi.org/10.1145/3719341,article,ACM Computing Surveys,https://openalex.org/W4407922851
ACM Computing Surveys (CSUR),ACM,2025,2025-02-26,Software Engineering for OpenHarmony: A Research Roadmap,Li Li; Xiang Gao; Hailong Sun; Chunming Hu; Carolyn Sun; Haoyu Wang; Haipeng Cai; Ting Su; Xiapu Luo; Tegawendé François Bissyandé; Jacques Klein; John Grundy; Tao Xie; Haibo Chen; Huaimin Wang,58,2,10.1145/3720538,https://doi.org/10.1145/3720538,article,ACM Computing Surveys,https://openalex.org/W4407974532
ACM Computing Surveys (CSUR),ACM,2025,2025-02-28,Review and Analysis of FPGA and ASIC Implementations of NIST Lightweight Cryptography Finalists,Evangelia Konstantopoulou; George S. Athanasiou; Nicolas Sklavos,57,10,10.1145/3721122,https://doi.org/10.1145/3721122,article,ACM Computing Surveys,https://openalex.org/W4408032953
ACM Computing Surveys (CSUR),ACM,2025,2025-03-03,"On Efficiency, Fairness and Security in AI Accelerator Resource Sharing: A Survey",Jiahua Huang; Weiwei Lin; Wentai Wu; Yang Wang; Haocheng Zhong; Xinhua Wang; Keqin Li,57,9,10.1145/3721427,https://doi.org/10.1145/3721427,article,ACM Computing Surveys,https://openalex.org/W4408117163
ACM Computing Surveys (CSUR),ACM,2025,2025-03-04,Attacks and Defenses for Generative Diffusion Models: A Comprehensive Survey,Vu Tuan Truong; L. Dang; Long Bao Le,57,8,10.1145/3721479,https://doi.org/10.1145/3721479,article,ACM Computing Surveys,https://openalex.org/W4408155387
ACM Computing Surveys (CSUR),ACM,2025,2025-03-05,A Survey of Source Code Representations for Machine Learning-Based Cybersecurity Tasks,Beatrice Casey; Joanna C. S. Santos; George Perry,57,8,10.1145/3721977,https://doi.org/10.1145/3721977,article,ACM Computing Surveys,https://openalex.org/W4408248601
ACM Computing Surveys (CSUR),ACM,2025,2025-03-06,Personalization in Public Transport Passenger Information Systems: A Systematic Review and Framework,Marloes Vredenborg; Anouk van Kasteren; Judith Masthoff,57,9,10.1145/3721478,https://doi.org/10.1145/3721478,review,ACM Computing Surveys,https://openalex.org/W4408199027
ACM Computing Surveys (CSUR),ACM,2025,2025-03-06,"Vehicle Trajectory Data Processing, Analytics, and Applications: A Survey",Chenxi Liu; Zhu Qiang Xiao; Wangchen Long; Tong Li; Hongbo Jiang; Keqin Li,57,9,10.1145/3715902,https://doi.org/10.1145/3715902,article,ACM Computing Surveys,https://openalex.org/W4408198558
ACM Computing Surveys (CSUR),ACM,2025,2025-03-07,Data Readiness for AI: A 360-Degree Survey,Kaveen Hiniduma; Suren Byna; Jean Luca Bez,57,9,10.1145/3722214,https://doi.org/10.1145/3722214,article,ACM Computing Surveys,https://openalex.org/W4408233117
ACM Computing Surveys (CSUR),ACM,2025,2025-03-07,I/O in Machine Learning Applications on HPC Systems: A 360-degree Survey,Noah Lewis; Jean Luca Bez; Suren Byna,57,10,10.1145/3722215,https://doi.org/10.1145/3722215,article,ACM Computing Surveys,https://openalex.org/W4408232726
ACM Computing Surveys (CSUR),ACM,2025,2025-03-08,Testbeds and Evaluation Frameworks for Anomaly Detection within Built Environments: A Systematic Review,Mohammed Alosaimi; OMER F. RANA; Charith Perera,57,9,10.1145/3722213,https://doi.org/10.1145/3722213,review,ACM Computing Surveys,https://openalex.org/W4408256747
ACM Computing Surveys (CSUR),ACM,2025,2025-03-09,Towards a Better Understanding of Evaluating Trustworthiness in AI Systems,Nils Kemmerzell; A. F. Schreiner; Haroon Khalid; Michael Schalk; Letizia Bordoli,57,9,10.1145/3721976,https://doi.org/10.1145/3721976,article,ACM Computing Surveys,https://openalex.org/W4408259587
ACM Computing Surveys (CSUR),ACM,2025,2025-03-11,Overview and Challenges of Distributed Decision Making in Resource Contested and Dynamic Environments,Claudia Szabo; R. Robin Baker; Glenn F. Pierce; Eyoel Teffera; Anthony Perry,57,9,10.1145/3719001,https://doi.org/10.1145/3719001,article,ACM Computing Surveys,https://openalex.org/W4408339269
ACM Computing Surveys (CSUR),ACM,2025,2025-03-11,"Secure Robotics: Navigating Challenges at the Nexus of Safety, Trust, and Cybersecurity in Cyber-Physical Systems",Adam Haskard; Damith  C. Herath,57,9,10.1145/3723050,https://doi.org/10.1145/3723050,article,ACM Computing Surveys,https://openalex.org/W4408339955
ACM Computing Surveys (CSUR),ACM,2025,2025-03-12,"A Survey of mmWave Backscatter: Applications, Platforms, and Technologies",Y. Z. Sun; Yuan He; Yang Zou; Jiaming Gu; Xiaolei Yang; Jia Zhang; Ziheng Mao,57,9,10.1145/3723004,https://doi.org/10.1145/3723004,article,ACM Computing Surveys,https://openalex.org/W4408343473
ACM Computing Surveys (CSUR),ACM,2025,2025-03-12,Alert Fatigue in Security Operations Centres: Research Challenges and Opportunities,Shahroz Tariq; Mohan Baruwal Chhetri; ‪Surya Nepal‬; Cécile L. Paris,57,9,10.1145/3723158,https://doi.org/10.1145/3723158,article,ACM Computing Surveys,https://openalex.org/W4408343551
ACM Computing Surveys (CSUR),ACM,2025,2025-03-12,Machine Learning for Identifying Risk in Financial Statements: A Survey,Elias Zavitsanos; Eirini Spyropoulou; George Giannakopoulos; Georgios Paliouras,57,9,10.1145/3723157,https://doi.org/10.1145/3723157,article,ACM Computing Surveys,https://openalex.org/W4408343493
ACM Computing Surveys (CSUR),ACM,2025,2025-03-13,"Vertical Federated Learning for Effectiveness, Security, Applicability: A Survey",Mang Ye; Shen Wei; Bo Du; Eduard V. Snezhko; Vassili A. Kovalev; Pong Chi Yuen,57,9,10.1145/3720539,https://doi.org/10.1145/3720539,article,ACM Computing Surveys,https://openalex.org/W4408412608
ACM Computing Surveys (CSUR),ACM,2025,2025-03-16,"A Survey of Hardware-Based AES SBoxes: Area, Performance, and Security",Phaedra Sophia Curlin; Jeff Heiges; Calvin Chan; Tamara Silbergleit Lehman,57,9,10.1145/3724114,https://doi.org/10.1145/3724114,article,ACM Computing Surveys,https://openalex.org/W4408495066
ACM Computing Surveys (CSUR),ACM,2025,2025-03-16,UAV Operations Safety Assessment: A Systematic Literature Review,Omid Asghari; Naghmeh Ivaki; Henrique Madeira,57,10,10.1145/3723871,https://doi.org/10.1145/3723871,review,ACM Computing Surveys,https://openalex.org/W4408495114
ACM Computing Surveys (CSUR),ACM,2025,2025-03-17,Empowering Edge Intelligence: A Comprehensive Survey on On-Device AI Models,Xubin Wang; Zhiqing Tang; Jianxiong Guo; Tianhui Meng; Chenhao Wang; Tian Wang; Weijia Jia,57,9,10.1145/3724420,https://doi.org/10.1145/3724420,article,ACM Computing Surveys,https://openalex.org/W4408529725
ACM Computing Surveys (CSUR),ACM,2025,2025-03-21,"The Federation Strikes Back: A Survey of Federated Learning Privacy Attacks, Defenses, Applications, and Policy Landscape",Joshua Zhao; Saurabh Bagchi; A. Salman Avestimehr; Kevin Chan; Somali Chaterji; Dimitrios Dimitriadis; Jiacheng Li; Ninghui Li; Arash Nourian; Holger R. Roth,57,9,10.1145/3724113,https://doi.org/10.1145/3724113,article,ACM Computing Surveys,https://openalex.org/W4408688738
ACM Computing Surveys (CSUR),ACM,2025,2025-03-22,Self-adaptive Federated Learning in Internet of Things Systems: A Review,Abdulaziz Aljohani; OMER F. RANA; Charith Perera,57,10,10.1145/3725527,https://doi.org/10.1145/3725527,article,ACM Computing Surveys,https://openalex.org/W4408738956
ACM Computing Surveys (CSUR),ACM,2025,2025-03-26,Cryptographic Primitives in Script-based and Scriptless Payment Channel Networks: A Survey,Xiuyuan Chen; Junzuo Lai; Chao Lin; Xinyi Huang; Debiao He,57,10,10.1145/3725846,https://doi.org/10.1145/3725846,article,ACM Computing Surveys,https://openalex.org/W4408844740
ACM Computing Surveys (CSUR),ACM,2025,2025-03-31,A Comprehensive Review on Autonomous Navigation,Saeid Nahavandi; Roohallah Alizadehsani; Darius Nahavandi; Shady M. Korany Mohamed; Navid Mohajer; Mohammad Rokonuzzaman; Ibrahim Hossain,57,9,10.1145/3727642,https://doi.org/10.1145/3727642,article,ACM Computing Surveys,https://openalex.org/W4408998341
ACM Computing Surveys (CSUR),ACM,2025,2025-03-31,"A Systematic Literature Review of Robust Federated Learning: Issues, Solutions, and Future Research Directions",Md Palash Uddin; Yong Xiang; Mahmudul Hasan; Jun Bai; Yao Zhao; Longxiang Gao,57,10,10.1145/3727643,https://doi.org/10.1145/3727643,review,ACM Computing Surveys,https://openalex.org/W4408998396
ACM Computing Surveys (CSUR),ACM,2025,2025-03-31,A Systematic Literature Review of Secure Instant Messaging Applications from a Digital Forensics Perspective,Abdur Rahman Onik; Joseph F. Brown; Clinton Walker; Ibrahim Baggili,57,9,10.1145/3727641,https://doi.org/10.1145/3727641,review,ACM Computing Surveys,https://openalex.org/W4408999019
ACM Computing Surveys (CSUR),ACM,2025,2025-03-31,Trojan Attacks and Countermeasures on Deep Neural Networks from Life-Cycle Perspective: A Review,Lingxin Jin; Xiangyu Wen; Wei Jiang; Jinyu Zhan; Xingzhi Zhou,57,10,10.1145/3727640,https://doi.org/10.1145/3727640,article,ACM Computing Surveys,https://openalex.org/W4408998867
ACM Computing Surveys (CSUR),ACM,2025,2025-04-01,A Primer on Pretrained Multilingual Language Models,Sumanth Doddapaneni; Gowtham Ramesh; Mitesh M. Khapra; Anoop Kunchukuttan; Pratyush Kumar,57,9,10.1145/3727339,https://doi.org/10.1145/3727339,article,ACM Computing Surveys,https://openalex.org/W3180299705
ACM Computing Surveys (CSUR),ACM,2025,2025-04-03,Survey on Leveraging Uncertainty Estimation Towards Trustworthy Deep Neural Networks: The Case of Reject Option and Post-training Processing,Tasdik M. Hasan; Moloud Abdar; Abbas Khosravi; Uwe Aickelin; Píetro Lió; Ibrahim Hossain; Ashikur Rahman; Saeid Nahavandi,57,9,10.1145/3727633,https://doi.org/10.1145/3727633,article,ACM Computing Surveys,https://openalex.org/W4409118626
ACM Computing Surveys (CSUR),ACM,2025,2025-04-04,Tree-based Models for Vertical Federated Learning: A Survey,Bingchen Qian; Yuexiang Xie; Yaliang Li; Bolin Ding; Jingren Zhou,57,9,10.1145/3728314,https://doi.org/10.1145/3728314,article,ACM Computing Surveys,https://openalex.org/W4409168199
ACM Computing Surveys (CSUR),ACM,2025,2025-04-04,Unified Empirical Evaluation and Comparison of Session-based Recommendation Algorithms,Qingbo Zhang; Xiangmin Zhou; Xiuzhen Zhang; Xiaochun Yang; Bin Wang; Xun Yi,57,10,10.1145/3728358,https://doi.org/10.1145/3728358,article,ACM Computing Surveys,https://openalex.org/W4409168284
ACM Computing Surveys (CSUR),ACM,2025,2025-04-05,Diffusion-Based Visual Art Creation: A Survey and New Perspectives,Bingyuan Wang; Qifeng Chen; Zeyu Wang,57,10,10.1145/3728459,https://doi.org/10.1145/3728459,article,ACM Computing Surveys,https://openalex.org/W4409182016
ACM Computing Surveys (CSUR),ACM,2025,2025-04-08,AI-Generated Content (AIGC) for Various Data Modalities: A Survey,Lin Geng Foo; Hossein Rahmani; Jun Liu,57,9,10.1145/3728633,https://doi.org/10.1145/3728633,article,ACM Computing Surveys,https://openalex.org/W4409242344
ACM Computing Surveys (CSUR),ACM,2025,2025-04-08,Ante-Hoc Methods for Interpretable Deep Models: A Survey,Antonio Di Marino; Vincenzo Bevilacqua; Angelo Ciaramella; Ivanoe De Falco; Giovanna Sannino,57,10,10.1145/3728637,https://doi.org/10.1145/3728637,article,ACM Computing Surveys,https://openalex.org/W4409269128
ACM Computing Surveys (CSUR),ACM,2025,2025-04-08,Carbon-Efficient Software Design and Development: A Systematic Literature Review,Ornela Danushi; Stefano Forti; Jacopo Soldani,57,10,10.1145/3728638,https://doi.org/10.1145/3728638,review,ACM Computing Surveys,https://openalex.org/W4409269190
ACM Computing Surveys (CSUR),ACM,2025,2025-04-08,Efficient Compressing and Tuning Methods for Large Language Models: A Systematic Literature Review,Gun Il Kim; Suk Min Hwang; Beakcheol Jang,57,10,10.1145/3728636,https://doi.org/10.1145/3728636,review,ACM Computing Surveys,https://openalex.org/W4409269162
ACM Computing Surveys (CSUR),ACM,2025,2025-04-08,Hybrids of Reinforcement Learning and Evolutionary Computation in Finance: A Survey,Sandarbh Yadav; Vadlamani Ravi; Shivaram Kalyanakrishnan,57,10,10.1145/3728634,https://doi.org/10.1145/3728634,article,ACM Computing Surveys,https://openalex.org/W4409269310
ACM Computing Surveys (CSUR),ACM,2025,2025-04-08,Similarity of Neural Network Models: A Survey of Functional and Representational Measures,Max Klabunde; Tobias Schumacher; Markus Strohmaier; Florian Lemmerich,57,9,10.1145/3728458,https://doi.org/10.1145/3728458,article,ACM Computing Surveys,https://openalex.org/W4409242850
ACM Computing Surveys (CSUR),ACM,2025,2025-04-08,"Visual Question Answering: A Survey of Methods, Datasets, Evaluation, and Challenges",Byeong Su Kim; Jieun Kim; Deokwoo Lee; Beakcheol Jang,57,10,10.1145/3728635,https://doi.org/10.1145/3728635,article,ACM Computing Surveys,https://openalex.org/W4409269797
ACM Computing Surveys (CSUR),ACM,2025,2025-04-09,A Generic Taxonomy for Steganography Methods,Steffen Wendzel; Luca Caviglione; Wojciech Mazurczyk; Aleksandra Mileva; Jana Dittmann; Christian Kraetzer; Kevin Lamshöft; Claus Vielhauer; Laura Hartmann; Jörg Keller; Tom Neubert; Sebastian Zillien,57,9,10.1145/3729165,https://doi.org/10.1145/3729165,article,ACM Computing Surveys,https://openalex.org/W4409280437
ACM Computing Surveys (CSUR),ACM,2025,2025-04-09,Proof Scores: A Survey,Adrián Riesco; Kazuhiro Ogata; Moriyoshi Nakamura; Daniel Găină; Duong Dinh Tran; Kokichi Futatsugi,57,10,10.1145/3729166,https://doi.org/10.1145/3729166,article,ACM Computing Surveys,https://openalex.org/W4409280395
ACM Computing Surveys (CSUR),ACM,2025,2025-04-10,Geometric Constraints in Deep Learning Frameworks: A Survey,Vibhas Vats; David Crandall,57,10,10.1145/3729221,https://doi.org/10.1145/3729221,article,ACM Computing Surveys,https://openalex.org/W4409336177
ACM Computing Surveys (CSUR),ACM,2025,2025-04-10,Recent Advances in Vision Transformer Robustness Against Adversarial Attacks in Traffic Sign Detection and Recognition: A Survey,Oluwajuwon A. Fawole; Danda B. Rawat,57,10,10.1145/3729167,https://doi.org/10.1145/3729167,article,ACM Computing Surveys,https://openalex.org/W4409336141
ACM Computing Surveys (CSUR),ACM,2025,2025-04-11,"A Survey of Reasoning with Foundation Models: Concepts, Methodologies, and Outlook",Jiankai Sun; Chuanyang Zheng; Enze Xie; Zhengying Liu; Ruihang Chu; Jianing Qiu; Jiaqi Xu; Mingyu Ding; Hongyang Li; Mengzhe Geng; Yue Wu; Wenhai Wang; J. T. Chen; Zhangyue Yin; Xiaozhe Ren; Jie Fu; Junxian He; Wu Yuan; Qi Liu; Xihui Liu; Yu Li; Hao Dong; Yu Cheng; Ming Zhang; Pheng‐Ann Heng; Jifeng Dai; Ping Luo; Jingdong Wang; Ji-Rong Wen; Xipeng Qiu; Yike Guo; Hui Yun Xiong; Qun Liu; Zhenguo Li,,,10.1145/3729218,https://doi.org/10.1145/3729218,article,ACM Computing Surveys,https://openalex.org/W4409368288
ACM Computing Surveys (CSUR),ACM,2025,2025-04-11,Aortic Vessel Tree Segmentation for Cardiovascular Diseases Treatment: Status Quo,Yuan Jin; Antonio Pepe; Jianning Li; Christina Gsaxner; Yuxuan Chen; Behrus Puladi; Fenhua Zhao; Kelsey L. Pomykala; Jens Kleesiek; Alejandro Federico Frangi; Jan Egger,57,9,10.1145/3728632,https://doi.org/10.1145/3728632,article,ACM Computing Surveys,https://openalex.org/W4409368081
ACM Computing Surveys (CSUR),ACM,2025,2025-04-14,Sandarśana: A Survey on Sanskrit Computational Linguistics and Digital Infrastructure for Sanskrit,Anagha Pradeep; Radhika Mamidi,57,10,10.1145/3729530,https://doi.org/10.1145/3729530,article,ACM Computing Surveys,https://openalex.org/W4409435709
ACM Computing Surveys (CSUR),ACM,2025,2025-04-16,A Survey on the Recent Advancements in Human-Centered Dialog Systems,Roland Oruche; Sai Keerthana Goruganthu; Rithika Akula; Xiyao Cheng; MD Ashraful Goni; Bruce Wang Shibo; Kerk F. Kee; Marcos Zampieri; Prasad P. Calyam,57,10,10.1145/3729220,https://doi.org/10.1145/3729220,article,ACM Computing Surveys,https://openalex.org/W4409506669
ACM Computing Surveys (CSUR),ACM,2025,2025-04-16,Domain Generalization in Computational Pathology: Survey and Guidelines,Mostafa Jahanifar; Manahil Raza; Kesi Xu; Trinh Thi Le Vuong; Robert Jewsbury; Adam Shephard; Neda Zamanitajeddin; Jin Tae Kwak; Shan E Ahmed Raza; Fayyaz Minhas; Nasir Rajpoot,57,11,10.1145/3724391,https://doi.org/10.1145/3724391,article,ACM Computing Surveys,https://openalex.org/W4409506678
ACM Computing Surveys (CSUR),ACM,2025,2025-04-16,Networking Systems for Video Anomaly Detection: A Tutorial and Survey,Jing Liu; Yang Liu; Jieyu Lin; Jielin Li; Liang Cao; Peng Sun; Bo Hu; Liang Song; Azzedine Boukerche; Victor C. M. Leung,57,10,10.1145/3729222,https://doi.org/10.1145/3729222,article,ACM Computing Surveys,https://openalex.org/W4409507112
ACM Computing Surveys (CSUR),ACM,2025,2025-04-18,A Survey of Autonomous Driving from a Deep Learning Perspective,Jingyuan Zhao; Yuyan Wu; Rui Deng; Susu Xu; Jinpeng Gao; Andrew F. Burke,57,10,10.1145/3729420,https://doi.org/10.1145/3729420,article,ACM Computing Surveys,https://openalex.org/W4409568323
ACM Computing Surveys (CSUR),ACM,2025,2025-04-18,A Survey of Explainable Artificial Intelligence (XAI) in Financial Time Series Forecasting,Pierre-Daniel Arsenault; Shengrui Wang; Jean-Marc Patenaude,57,10,10.1145/3729531,https://doi.org/10.1145/3729531,article,ACM Computing Surveys,https://openalex.org/W4409568540
ACM Computing Surveys (CSUR),ACM,2025,2025-04-18,A Survey on Deep Learning Hardware Accelerators for Heterogeneous HPC Platforms,Cristina Silvano; Daniele Ielmini; Fabrizio Ferrandi; Leandro Fiorin; Serena Curzel; Luca Benini; Francesco Conti; Angelo Garofalo; Cristian Zambelli; Enrico Calore; Sebastiano Fabio Schifano; Maurizio Palesi; Giuseppe Ascia; Davide Patti; Nicola Petra; Davide De; Luciano Lavagno; Teodoro Urso; Valeria Cardellini; G.C. Cardarilli; Robert Birke; Stefania Perri,57,11,10.1145/3729215,https://doi.org/10.1145/3729215,article,ACM Computing Surveys,https://openalex.org/W4409568286
ACM Computing Surveys (CSUR),ACM,2025,2025-04-18,A Survey on Services Placement Algorithms in Integrated Cloud-Fog / Edge Computing,Imane Taleb; Jean‐Loup Guillaume; Benjamin Duthil,57,11,10.1145/3729214,https://doi.org/10.1145/3729214,article,ACM Computing Surveys,https://openalex.org/W4409568437
ACM Computing Surveys (CSUR),ACM,2025,2025-04-18,Anonymization Techniques for Behavioral Biometric Data: A Survey,Simon Hanisch; Patricia Arias-Cabarcos; Javier Parra‐Arnau; Thorsten Strufe,,,10.1145/3729418,https://doi.org/10.1145/3729418,article,ACM Computing Surveys,https://openalex.org/W4409568282
ACM Computing Surveys (CSUR),ACM,2025,2025-04-18,Privacy Preserving Prompt Engineering: A Survey,Kennedy Edemacu; Xintao Wu,57,10,10.1145/3729219,https://doi.org/10.1145/3729219,article,ACM Computing Surveys,https://openalex.org/W4409568327
ACM Computing Surveys (CSUR),ACM,2025,2025-04-18,Security and Privacy Challenges of AIGC in Metaverse: A Comprehensive Survey,Shoulong Zhang; Haomin Li; Kaiwen Sun; Hejia Chen; Yan Wang; Shuai Li,57,10,10.1145/3729419,https://doi.org/10.1145/3729419,article,ACM Computing Surveys,https://openalex.org/W4409568306
ACM Computing Surveys (CSUR),ACM,2025,2025-04-18,Smart Road Traffic Monitoring: Unveiling the Synergy of IoT and AI for Enhanced Urban Mobility,Karmveer Saini; Sandeep Sharma,57,11,10.1145/3729217,https://doi.org/10.1145/3729217,article,ACM Computing Surveys,https://openalex.org/W4409568310
ACM Computing Surveys (CSUR),ACM,2025,2025-04-19,A Survey on the State of the Art of Causally Consistent Cloud Systems,Diana Freitas; Paul deGrandis; Tiago Boldt Sousa,57,9,10.1145/3731444,https://doi.org/10.1145/3731444,article,ACM Computing Surveys,https://openalex.org/W4409591285
ACM Computing Surveys (CSUR),ACM,2025,2025-04-19,A Systematic Review of XR-Enabled Remote Human-Robot Interaction Systems,Xian Wang; Luyao Shen; Lik‐Hang Lee,57,11,10.1145/3730574,https://doi.org/10.1145/3730574,review,ACM Computing Surveys,https://openalex.org/W4409591312
ACM Computing Surveys (CSUR),ACM,2025,2025-04-19,A Systematic Survey of Text Summarization: From Statistical Methods to Large Language Models,Haopeng Zhang; Philip S. Yu; Jiawei Zhang,,,10.1145/3731445,https://doi.org/10.1145/3731445,article,ACM Computing Surveys,https://openalex.org/W4409591253
ACM Computing Surveys (CSUR),ACM,2025,2025-04-19,Quantum Key Distribution Networks - Key Management: A Survey,Emir Dervisevic; Amina Tanković; Ehsan Fazel; Ramana Rao Kompella; Peppino Fazio; Miroslav Vozn̆ák; Miralem Mehić,57,10,10.1145/3730575,https://doi.org/10.1145/3730575,article,ACM Computing Surveys,https://openalex.org/W4409591291
ACM Computing Surveys (CSUR),ACM,2025,2025-04-19,State-of-the-Art and Challenges of Engineering ML- Enabled Software Systems in the Deep Learning Era,Gebremariam Mesfin Assres; Guru Prasad Bhandari; Andrii Shalaginov; Tor‐Morten Grønli; Gheorghiță Ghinea,57,10,10.1145/3731597,https://doi.org/10.1145/3731597,article,ACM Computing Surveys,https://openalex.org/W4409591397
ACM Computing Surveys (CSUR),ACM,2025,2025-04-19,Unravelling Digital Forgeries: A Systematic Survey on Image Manipulation Detection and Localization,Vijayakumar Kadha; Sambit Bakshi; Santos Kumar Das,57,12,10.1145/3731243,https://doi.org/10.1145/3731243,article,ACM Computing Surveys,https://openalex.org/W4409591295
ACM Computing Surveys (CSUR),ACM,2025,2025-04-19,War on JITs: Software-Based Attacks and Hybrid Defenses for JIT Compilers - A Comprehensive Survey,Quentin Ducasse; Pascal Cotret; Loïc Lagadec,57,9,10.1145/3731598,https://doi.org/10.1145/3731598,article,ACM Computing Surveys,https://openalex.org/W4409591380
ACM Computing Surveys (CSUR),ACM,2025,2025-04-22,A Comprehensive Survey on Machine Learning Driven Material Defect Detection,Jun Bai; Di Wu; Tristan Shelley; Peter J. Schubel; David Twine; John Russell; Xuesen Zeng; Ji Zhang,,,10.1145/3730576,https://doi.org/10.1145/3730576,article,ACM Computing Surveys,https://openalex.org/W4409653166
ACM Computing Surveys (CSUR),ACM,2025,2025-04-23,Intrusion Detection Based on Federated Learning: A Systematic Review,José L. Hernández-Ramos; Georgios Karopoulos; Efstratios Chatzoglou; Vasileios Kouliaridis; Enrique Mármol Campos; Aurora González-Vidal; Georgios Kambourakis,57,12,10.1145/3731596,https://doi.org/10.1145/3731596,review,ACM Computing Surveys,https://openalex.org/W4409700807
ACM Computing Surveys (CSUR),ACM,2025,2025-04-24,Data Augmentation on Graphs: A Technical Survey,Jiajun Zhou; Chenxuan Xie; Shengbo Gong; Zhenyu Wen; Xiangyu Zhao; Qi Xuan; Xiaoniu Yang,57,11,10.1145/3732282,https://doi.org/10.1145/3732282,article,ACM Computing Surveys,https://openalex.org/W4409771033
ACM Computing Surveys (CSUR),ACM,2025,2025-04-24,From Bugs to Benchmarks: A Comprehensive Survey of Software Defect Datasets,Haonan Zhu; Robert M. Furth; Michael Pradel; Cindy Rubio-González,,,10.48550/arxiv.2504.17977,https://doi.org/10.60882/cispa.32770995,preprint,ACM Computing Surveys,https://openalex.org/W4416375821
ACM Computing Surveys (CSUR),ACM,2025,2025-04-25,IPv6 Routing Protocol for Low-Power and Lossy Networks Security Vulnerabilities and Mitigation Techniques: A Survey,Aviram Zilberman; Amit Z. Dvir; Ariel Stulman,57,11,10.1145/3732776,https://doi.org/10.1145/3732776,article,ACM Computing Surveys,https://openalex.org/W4409811638
ACM Computing Surveys (CSUR),ACM,2025,2025-04-29,"Keystroke Dynamics: Concepts, Techniques, and Applications",Rashik Shadman; Ahmed Anu Wahab; Michael Manno; Matthew Lukaszewski; Daqing Hou; Faraz S. Hussain,57,11,10.1145/3733103,https://doi.org/10.1145/3733103,article,ACM Computing Surveys,https://openalex.org/W4409946033
ACM Computing Surveys (CSUR),ACM,2025,2025-04-30,A Survey on Adversarial Contention Resolution,Ioana Banicescu; Trisha Chakraborty; Seth Lewis Gilbert; Maxwell Young,,,10.1145/3733594,https://doi.org/10.1145/3733594,article,ACM Computing Surveys,https://openalex.org/W4409962463
ACM Computing Surveys (CSUR),ACM,2025,2025-04-30,Prerequisite Relation Learning: A Survey and Outlook,Youheng Bai; Zitao Liu; Teng Guo; Mingliang Hou; Kui Xiao,,,10.1145/3733593,https://doi.org/10.1145/3733593,article,ACM Computing Surveys,https://openalex.org/W4409962426
ACM Computing Surveys (CSUR),ACM,2025,2025-05-02,A Survey on Error-Bounded Lossy Compression for Scientific Datasets,Sheng Di; Jinyang Liu; Kai Zhao; Xin Liang; Robert Underwood; Zhaorui Zhang; Milan Shah; Yafan Huang; Jiajun Huang; Xiaodong Yu; Congrong Ren; Hanqi Guo; Grant Wilkins; Dingwen Tao; Jiannan Tian; Sian Jin; Zizhe Jian; Daoce Wang; Md Hasanur Rahman; Boyuan Zhang; Shihui Song; Jon C. Calhoun; Guanpeng Li; Kazutomo Yoshii; Khalid Ayed Alharthi; Franck Cappello,57,11,10.1145/3733104,https://doi.org/10.1145/3733104,article,ACM Computing Surveys,https://openalex.org/W4410040007
ACM Computing Surveys (CSUR),ACM,2025,2025-05-02,The Evolution of Reinforcement Learning in Quantitative Finance: A Survey,Nikolaos Pippas; Elliot Andrew Ludvig; Çağatay Turkay,57,11,10.1145/3733714,https://doi.org/10.1145/3733714,article,ACM Computing Surveys,https://openalex.org/W4410039590
ACM Computing Surveys (CSUR),ACM,2025,2025-05-03,Two Decades of Automated AI Planning Methods in Construction and Fabrication: a Systematic Review,Shermin Sherkat; Thomas Wortmann; Andreas Wortmann,57,11,10.1145/3729529,https://doi.org/10.1145/3729529,review,ACM Computing Surveys,https://openalex.org/W4410058305
ACM Computing Surveys (CSUR),ACM,2025,2025-05-05,A Study on the Prevalence of Privacy in Software Engineering,Pattaraporn Sangaroonsilp; Hoa Khanh Dam,57,11,10.1145/3734216,https://doi.org/10.1145/3734216,article,ACM Computing Surveys,https://openalex.org/W4410095713
ACM Computing Surveys (CSUR),ACM,2025,2025-05-05,A Survey of Side-Channel Attacks on Branch Prediction Units,Ji Hoon Kim; Hyerean Jang; Youngjoo Shin,57,11,10.1145/3734218,https://doi.org/10.1145/3734218,article,ACM Computing Surveys,https://openalex.org/W4410095577
ACM Computing Surveys (CSUR),ACM,2025,2025-05-05,Driving Healthcare Monitoring with IoT and Wearable Devices: A Systematic Review,João Pedro Baiense; Eftim Zdravevski; Paulo Jorge Coelho; Ivan Miguel Pires; Fernando José da Silva Velez,57,11,10.1145/3731595,https://doi.org/10.1145/3731595,review,ACM Computing Surveys,https://openalex.org/W4410096035
ACM Computing Surveys (CSUR),ACM,2025,2025-05-05,When Deep Learning Meets Information Retrieval-based Bug Localization: A Survey,Feifei Niu; Chuanyi Li; Kui Liu; Xin Xia; David Lo,57,11,10.1145/3734217,https://doi.org/10.1145/3734217,article,ACM Computing Surveys,https://openalex.org/W4410095576
ACM Computing Surveys (CSUR),ACM,2025,2025-05-07,Generative AI for Intelligent Transportation Systems: Road Transportation Perspective,Huan Yan; Yong Li,57,12,10.1145/3719290,https://doi.org/10.1145/3719290,article,ACM Computing Surveys,https://openalex.org/W4410166109
ACM Computing Surveys (CSUR),ACM,2025,2025-05-07,Unveiling the Covert Vulnerabilities in Multi-Factor Authentication Protocols: A Systematic Review and Security Analysis,Kok Wee Ang; Eyasu Getahun Chekole; Jianying Zhou,57,11,10.1145/3734864,https://doi.org/10.1145/3734864,review,ACM Computing Surveys,https://openalex.org/W4410166151
ACM Computing Surveys (CSUR),ACM,2025,2025-05-08,"A Survey on Off-chain Networks: Frameworks, Technologies, Solutions and Challenges",Xiaojie Wang; Hanxue Li; Ling Yi; Zhaolong Ning; Xiaoming Tao; Song Guo; Yan Zhang,57,12,10.1145/3735124,https://doi.org/10.1145/3735124,article,ACM Computing Surveys,https://openalex.org/W4410211330
ACM Computing Surveys (CSUR),ACM,2025,2025-05-08,Bias in Federated Learning: A Comprehensive Survey,Nawel Benarba; Sara Bouchenak,57,11,10.1145/3735125,https://doi.org/10.1145/3735125,article,ACM Computing Surveys,https://openalex.org/W4410211270
ACM Computing Surveys (CSUR),ACM,2025,2025-05-09,Evolutionary Computation for Sparse Multi-Objective Optimization: A Survey,Shuai Shao; Ye Tian; Yajie Zhang; Shangshang Yang; Panpan Zhang; Cheng He; Xingyi Zhang; Yaochu Jin,57,11,10.1145/3734865,https://doi.org/10.1145/3734865,article,ACM Computing Surveys,https://openalex.org/W4410237514
ACM Computing Surveys (CSUR),ACM,2025,2025-05-10,A Systematic Literature Review on Neonatal Fingerprint Recognition,Luiz Fernando Puttow Southier; Gustavo Alexandre Tuchlinowicz Nunes; João Henrique Pereira Machado; Matheus Buratti; PEDRO HENRIQUE DE VIVEIROS TRENTIN; Wesley Augusto Catuzzo de Bona; Barbara de Oliveira Koop; Elioenai M. F. Diniz; João Victor Costa Mazzochin; João Leonardo Harres Dall Agnol; Lucas Caldeira de Oliveira; Marcelo Filipak; Luiz Antonio Zanlorensi Junior; Marcos Paulo Belançon; Jefferson Tales Oliva; Marcelo Teixeira; Dalcimar Casanova,57,12,10.1145/3735551,https://doi.org/10.1145/3735551,review,ACM Computing Surveys,https://openalex.org/W4410249996
ACM Computing Surveys (CSUR),ACM,2025,2025-05-10,Distributed Data Deduplication for Big Data: A Survey,Yinjin Fu; Jun Su; Jiahao Ning; Jian Wu; Yutong Lu; Nong Xiao,58,3,10.1145/3735508,https://doi.org/10.1145/3735508,article,ACM Computing Surveys,https://openalex.org/W4410250014
ACM Computing Surveys (CSUR),ACM,2025,2025-05-13,Recent Advances in Symbolic Regression,Junlan Dong; Jinghui Zhong,57,11,10.1145/3735634,https://doi.org/10.1145/3735634,article,ACM Computing Surveys,https://openalex.org/W4410321381
ACM Computing Surveys (CSUR),ACM,2025,2025-05-14,A Survey of Recent Advances and Challenges in Deep Audio-Visual Correlation Learning,Luís Vilaça; Yi Yu; Paula Viana,57,12,10.1145/3696445,https://doi.org/10.1145/3696445,article,ACM Computing Surveys,https://openalex.org/W4410372178
ACM Computing Surveys (CSUR),ACM,2025,2025-05-14,Continual Learning of Large Language Models: A Comprehensive Survey,Haizhou Shi; Zihao Xu; Hengyi Wang; Weiyi Qin; Wenyuan Wang; Yibin Wang; Zifeng Wang; Sayna Ebrahimi; Hao Wang,58,5,10.1145/3735633,https://doi.org/10.1145/3735633,article,ACM Computing Surveys,https://openalex.org/W4410371768
ACM Computing Surveys (CSUR),ACM,2025,2025-05-14,Cybersecurity Challenges in the EV Charging Ecosystem,Amanjot Kaur; Nima Valizadeh; Devki Nandan Jha; Tomasz Szydło; James Ranjith Kumar Rajasekaran; Vijay Kumar; Mutaz Barika; Jun Liang; Rajiv Kumar Ranjan; OMER F. RANA,58,1,10.1145/3735662,https://doi.org/10.1145/3735662,article,ACM Computing Surveys,https://openalex.org/W4410372319
ACM Computing Surveys (CSUR),ACM,2025,2025-05-15,Detecting Misuse of Security APIs: A Systematic Review,Zahra Mousavi; Chadni Islam; Muhammad Ali Babar; Alsharif Abuadbba; Kristen Grabow Moore,57,12,10.1145/3735968,https://doi.org/10.1145/3735968,review,ACM Computing Surveys,https://openalex.org/W4410408833
ACM Computing Surveys (CSUR),ACM,2025,2025-05-15,Fundamental Capabilities and Applications of Large Language Models: A Survey,Jiawei Li; Yang Gao; Yizhe Yang; Yu Bai; Xiaofeng Zhou; Yinghao Li; Huashan Sun; Yuhang Liu; Xingpeng Si; Yuhao Ye; Yixiao Wu; Yiguan Lin; Bin Xu; Bowen Ren; Chong Feng; Heyan Huang,58,2,10.1145/3735632,https://doi.org/10.1145/3735632,article,ACM Computing Surveys,https://openalex.org/W4410407045
ACM Computing Surveys (CSUR),ACM,2025,2025-05-15,Instrumental Variables in Causal Inference and Machine Learning: A Survey,Anpeng Wu; Kun Kuang; Ruoxuan Xiong; Fei Qing Wu,57,11,10.1145/3735969,https://doi.org/10.1145/3735969,article,ACM Computing Surveys,https://openalex.org/W4410407982
ACM Computing Surveys (CSUR),ACM,2025,2025-05-16,Lost in Translation? Found in Evaluation: A Comprehensive Survey on Sentence-Level Translation Evaluation,Anshuman Mukherjee; Manish Shrivastava,58,1,10.1145/3735970,https://doi.org/10.1145/3735970,article,ACM Computing Surveys,https://openalex.org/W4410443836
ACM Computing Surveys (CSUR),ACM,2025,2025-05-20,Self-supervised Learning for Electroencephalogram: A Systematic Survey,Weining Weng; Yang Gu; Shuai Guo; Yuan Ma; Zhaohua Yang; Yuchen Liu; Yiqiang Chen,57,12,10.1145/3736574,https://doi.org/10.1145/3736574,article,ACM Computing Surveys,https://openalex.org/W4410550951
ACM Computing Surveys (CSUR),ACM,2025,2025-05-21,A Survey and Experimental Study of Real-Time Scheduling Methods for 802.1Qbv TSN Networks,Chuanyu Xue; Tianyu Zhang; Yuanbin Zhou; Mark Nixon; Andrew Loveless; Song Han,58,2,10.1145/3736715,https://doi.org/10.1145/3736715,article,ACM Computing Surveys,https://openalex.org/W4410564867
ACM Computing Surveys (CSUR),ACM,2025,2025-05-21,Conformal Prediction: A Data Perspective,Xiaofan Zhou; Baiting Chen; Yu Gui; Lu Cheng,58,2,10.1145/3736575,https://doi.org/10.1145/3736575,article,ACM Computing Surveys,https://openalex.org/W4410548472
ACM Computing Surveys (CSUR),ACM,2025,2025-05-22,Attack Vectors for Face Recognition Systems: A Comprehensive Review,Roberto Leyva; Gregory Epiphaniou; Carsten R. Maple,58,1,10.1145/3736753,https://doi.org/10.1145/3736753,article,ACM Computing Surveys,https://openalex.org/W4410600831
ACM Computing Surveys (CSUR),ACM,2025,2025-05-22,Intelligent Root Cause Localization in MicroService Systems: A Survey and New Perspectives,Nan Fu; Guang Cheng; Yue Teng; Guangye Dai; Shui Yu; Zihan Chen,57,12,10.1145/3736755,https://doi.org/10.1145/3736755,article,ACM Computing Surveys,https://openalex.org/W4410600797
ACM Computing Surveys (CSUR),ACM,2025,2025-05-22,Maintainability and Scalability in Machine Learning: Challenges and Solutions,Karthik Shivashankar; Ghadi S. Al Hajj; Antonio Martini,57,12,10.1145/3736751,https://doi.org/10.1145/3736751,article,ACM Computing Surveys,https://openalex.org/W4410600818
ACM Computing Surveys (CSUR),ACM,2025,2025-05-22,The Ubiquitous Skiplist: A Survey of What Cannot be Skipped About the Skiplist and its Applications in Data Systems,Lü Xing; Venkata Sai Pavan Kumar Vadrevu; Walid G. Aref,57,11,10.1145/3736754,https://doi.org/10.1145/3736754,article,ACM Computing Surveys,https://openalex.org/W4410600801
ACM Computing Surveys (CSUR),ACM,2025,2025-05-23,"A Comprehensive Review of Causal Inference in Banking, Finance, and Insurance",Satyam Kumar; Yelleti Vivek; Vadlamani Ravi; Indranil Bose,57,12,10.1145/3736752,https://doi.org/10.1145/3736752,article,ACM Computing Surveys,https://openalex.org/W4410691960
ACM Computing Surveys (CSUR),ACM,2025,2025-05-24,A Functionally-Grounded Benchmark Framework for XAI Methods: Insights and Foundations from a Systematic Literature Review,Dulce Canha; Sylvain Kubler; Kary Främling; Guy Fagherazzi,57,12,10.1145/3737445,https://doi.org/10.1145/3737445,review,ACM Computing Surveys,https://openalex.org/W4410705990
ACM Computing Surveys (CSUR),ACM,2025,2025-05-24,A Survey of Subgraph Optimization for Expert Team Formation,Mahdis Saeedi; Hawre Hosseini; Christine Wong; Hossein Fani,57,12,10.1145/3737455,https://doi.org/10.1145/3737455,article,ACM Computing Surveys,https://openalex.org/W4410706009
ACM Computing Surveys (CSUR),ACM,2025,2025-05-24,Facial Expression Analysis and Its Potentials in IoT Systems: A Contemporary Survey,Zixuan Shangguan; Yanjie Dong; Song Guo; Victor C. M. Leung; M. Jamal Deen; Xiping Hu,58,2,10.1145/3737456,https://doi.org/10.1145/3737456,article,ACM Computing Surveys,https://openalex.org/W4405768272
ACM Computing Surveys (CSUR),ACM,2025,2025-05-24,Towards the Deployment of Realistic Autonomous Cyber Network Defence: A Systematic Review,Sanyam Vyas; Vasilios Mavroudis; Pete Burnap,58,1,10.1145/3729213,https://doi.org/10.1145/3729213,review,ACM Computing Surveys,https://openalex.org/W4410705996
ACM Computing Surveys (CSUR),ACM,2025,2025-05-26,A Systematic Review of Multimodal Signal Fusion for Acute Pain Assessment Systems,Muhammad Umar Khan; Girija Chetty; Roland Goecke; Raul Fernandez Rojas,58,2,10.1145/3737281,https://doi.org/10.1145/3737281,review,ACM Computing Surveys,https://openalex.org/W4410747668
ACM Computing Surveys (CSUR),ACM,2025,2025-05-26,A Taxonomy and Systematic Review of Gaze Interactions for 2D Displays: Promising Techniques and Opportunities,Asma Shakil; Christof Lutteroth; Gerald I. Weber,57,12,10.1145/3736250,https://doi.org/10.1145/3736250,review,ACM Computing Surveys,https://openalex.org/W4410747800
ACM Computing Surveys (CSUR),ACM,2025,2025-05-27,Sentiment Diffusion in Online Social Networks: A Survey from the Computational Perspective,Xu Han; Minghua Xu; Xianjun Deng; Bang Wang,57,12,10.1145/3736750,https://doi.org/10.1145/3736750,article,ACM Computing Surveys,https://openalex.org/W4410781656
ACM Computing Surveys (CSUR),ACM,2025,2025-05-27,Supervised Learning from Data Streams: An Overview and Update,Jesse Read; Indrė Žliobaitė,57,12,10.1145/3737279,https://doi.org/10.1145/3737279,article,ACM Computing Surveys,https://openalex.org/W4410781739
ACM Computing Surveys (CSUR),ACM,2025,2025-05-29,Comprehensive Review of Path Planning Techniques for Unmanned Aerial Vehicles (UAVs),Pawan Kumar; Kunwar Pal; Mahesh Chandra Govil,58,3,10.1145/3737280,https://doi.org/10.1145/3737280,article,ACM Computing Surveys,https://openalex.org/W4410863395
ACM Computing Surveys (CSUR),ACM,2025,2025-05-30,"Review-based Recommender Systems: A Survey of Approaches, Challenges and Future Perspectives",Emrul Hasan; Mizanur Rahman; Chen Ding; Jimmy Xiangji Huang; Shaina Raza,58,1,10.1145/3742421,https://doi.org/10.1145/3742421,article,ACM Computing Surveys,https://openalex.org/W4410901013
ACM Computing Surveys (CSUR),ACM,2025,2025-05-31,An End-to-End Pipeline Perspective on Video Streaming in Best-Effort Networks: A Survey and Tutorial,Leonardo Peroni; Sergey Gorinsky,57,12,10.1145/3742472,https://doi.org/10.1145/3742472,article,ACM Computing Surveys,https://openalex.org/W4392678794
ACM Computing Surveys (CSUR),ACM,2025,2025-05-31,"Myoelectric Prosthetic Hands: A Review of Muscle Synergy, Machine Learning and Edge Computing",Hamdy O. Farag; Mohamed Medhat Gaber; Mohammed Ibrahim Awad; Nancy E. ElHady,57,12,10.1145/3742471,https://doi.org/10.1145/3742471,article,ACM Computing Surveys,https://openalex.org/W4410919922
ACM Computing Surveys (CSUR),ACM,2025,2025-06-02,Survey on Factuality in Large Language Models,Cunxiang Wang; Xiaoze Liu; Yuanhao Yue; Qipeng Guo; Xiangkun Hu; Xiangru Tang; Tianhang Zhang; Cheng Jiayang; Yunzhi Yao; Xuming Hu; Zehan Qi; Wenyang Gao; Yidong Wang; Linyi Yang; Jindong Wang; Xing Xie; Zheng Zhang; Yue Zhang,58,1,10.1145/3742420,https://doi.org/10.1145/3742420,article,ACM Computing Surveys,https://openalex.org/W4410964376
ACM Computing Surveys (CSUR),ACM,2025,2025-06-03,A Survey of Program Analysis for Distributed Software Systems,Haipeng Cai,57,12,10.1145/3742900,https://doi.org/10.1145/3742900,article,ACM Computing Surveys,https://openalex.org/W4410998747
ACM Computing Surveys (CSUR),ACM,2025,2025-06-03,A Survey on Employing Large Language Models for Text-to-SQL Tasks,Liang Shi; Zhengju Tang; Nan Zhang; Xiaotong Zhang; Zhi Yang,58,2,10.1145/3737873,https://doi.org/10.1145/3737873,article,ACM Computing Surveys,https://openalex.org/W4406072772
ACM Computing Surveys (CSUR),ACM,2025,2025-06-03,Benchmarking Relaxed Differential Privacy in Private Learning: A Comparative Survey,Zhaolong Zheng; Lin Yao; Haibo Hu; Guowei Wu,57,12,10.1145/3729216,https://doi.org/10.1145/3729216,article,ACM Computing Surveys,https://openalex.org/W4410999605
ACM Computing Surveys (CSUR),ACM,2025,2025-06-03,Graph Deep Learning for Time Series Forecasting,Andrea Cini; Ivan Marisca; Daniele Zambon; Cesare Alippi,57,12,10.1145/3742784,https://doi.org/10.1145/3742784,article,ACM Computing Surveys,https://openalex.org/W4410998689
ACM Computing Surveys (CSUR),ACM,2025,2025-06-03,Investigating EEG Microstate Analysis in Cognitive Software Engineering Tasks: A Systematic Mapping Study and Taxonomy,Willian Bolzan; Kleinner Farias,57,12,10.1145/3742899,https://doi.org/10.1145/3742899,article,ACM Computing Surveys,https://openalex.org/W4410998934
ACM Computing Surveys (CSUR),ACM,2025,2025-06-05,RLHF Deciphered: A Critical Analysis of Reinforcement Learning from Human Feedback for LLMs,Shreyas Chaudhari; Pranjal Aggarwal; Vishvak Murahari; Tanmay Rajpurohit; Ashwin Kalyan; Karthik Narasimhan; Ameet Deshpande; Bruno Castro da Silva,58,2,10.1145/3743127,https://doi.org/10.1145/3743127,article,ACM Computing Surveys,https://openalex.org/W4411063470
ACM Computing Surveys (CSUR),ACM,2025,2025-06-05,"Towards Message Brokers for Generative AI: Survey, Challenges, and Opportunities",Alaa Saleh; Roberto Morabito; Schahram Dustdar; Sasu Tarkoma; Susanna Pirttikangas; Lauri Lovén,58,1,10.1145/3742891,https://doi.org/10.1145/3742891,article,ACM Computing Surveys,https://openalex.org/W4411065702
ACM Computing Surveys (CSUR),ACM,2025,2025-06-06,A Survey on Event Prediction Methods from a Systems Perspective: Bringing Together Disparate Research Areas,Janik-Vasily Benzin; Stefanie Rinderle‐Ma,57,12,10.1145/3743672,https://doi.org/10.1145/3743672,article,ACM Computing Surveys,https://openalex.org/W4411096365
ACM Computing Surveys (CSUR),ACM,2025,2025-06-06,A Survey on Kolmogorov-Arnold Network,Shriyank Somvanshi; Syed Aaqib Javed; Md Monzurul Islam; Diwas Pandit; Subasish Das,58,2,10.1145/3743128,https://doi.org/10.1145/3743128,article,ACM Computing Surveys,https://openalex.org/W4411095744
ACM Computing Surveys (CSUR),ACM,2025,2025-06-06,Adversarial Attacks of Vision Tasks in the Past 10 Years: A Survey,Chiyu Zhang; Lu Qun Zhou; Xiaogang Xu; Jiafei Wu; Zhe Liu,58,2,10.1145/3743126,https://doi.org/10.1145/3743126,article,ACM Computing Surveys,https://openalex.org/W4411095650
ACM Computing Surveys (CSUR),ACM,2025,2025-06-07,"A Survey on Uncertainty Quantification of Large Language Models: Taxonomy, Open Research Challenges, and Future Directions",Ola Shorinwa; Zhiting Mei; Justin Lidard; Allen Z. Ren; Anirudha Majumdar,58,3,10.1145/3744238,https://doi.org/10.1145/3744238,article,ACM Computing Surveys,https://openalex.org/W4411121371
ACM Computing Surveys (CSUR),ACM,2025,2025-06-10,"Designing Object Detection Models for TinyML: Foundations, Comparative Analysis, Challenges, and Emerging Solutions",Christophe El Zeinaty; Wassim Hamidouche; Glenn Herrou; Daniel Ménard,58,2,10.1145/3744339,https://doi.org/10.1145/3744339,article,ACM Computing Surveys,https://openalex.org/W4411184484
ACM Computing Surveys (CSUR),ACM,2025,2025-06-10,Smart Water-IoT: Harnessing IoT and AI for Efficient Water Management,Vlastimil Slaný; Eva Krčálová; Jiří Balej; Martin Zach; Tereza Kucova; Michal Prauzek; Radek Martínek,57,12,10.1145/3744338,https://doi.org/10.1145/3744338,article,ACM Computing Surveys,https://openalex.org/W4411184097
ACM Computing Surveys (CSUR),ACM,2025,2025-06-11,Resource Provisioning in Fog Computing - A Survey,Divya Vetriveeran; Leena Sri R,57,12,10.1145/3744662,https://doi.org/10.1145/3744662,article,ACM Computing Surveys,https://openalex.org/W4411212795
ACM Computing Surveys (CSUR),ACM,2025,2025-06-12,"A Survey on the Implementations, Attacks, and Countermeasures of the NIST Lightweight Cryptography Standard: ASCON",Jasmin Kaur; Alvaro Cintas Canto; Mehran Mozaffari Kermani; Reza Azarderakhsh,58,1,10.1145/3744640,https://doi.org/10.1145/3744640,article,ACM Computing Surveys,https://openalex.org/W4411241401
ACM Computing Surveys (CSUR),ACM,2025,2025-06-12,Assessing the Effectiveness of ChatGPT in Secure Code Development: A Systematic Literature Review,Rezika Bouzid; Raphaël Khoury,57,12,10.1145/3744553,https://doi.org/10.1145/3744553,review,ACM Computing Surveys,https://openalex.org/W4411241451
ACM Computing Surveys (CSUR),ACM,2025,2025-06-12,Evaluation of Question Answering Systems: Complexity of Judging a Natural Language,Amer Farea; Zhen Yang; Kien Duong; Nadeesha Perera; Frank Emmert‐Streib,58,1,10.1145/3744663,https://doi.org/10.1145/3744663,article,ACM Computing Surveys,https://openalex.org/W4411241405
ACM Computing Surveys (CSUR),ACM,2025,2025-06-12,Knowledge-augmented Graph Machine Learning for Drug Discovery: A Survey,Zhiqiang Zhong; Anastasia Barkova; Davide Mottin,57,12,10.1145/3744237,https://doi.org/10.1145/3744237,article,ACM Computing Surveys,https://openalex.org/W4411242467
ACM Computing Surveys (CSUR),ACM,2025,2025-06-12,"Review-Aware Recommender Systems (RARSs): Recent Advances, Experimental Comparative Analysis, Discussions, and New Directions",Guilherme Bittencourt; Naan Vasconcelos; Yan Andrade; Nicollas Campos Silva; Washington Luiz Miranda da Cunha; Diego Roberto Colombo Dias; Marcos André Gonçalves; Leonardo Rocha,58,1,10.1145/3744661,https://doi.org/10.1145/3744661,article,ACM Computing Surveys,https://openalex.org/W4411242496
ACM Computing Surveys (CSUR),ACM,2025,2025-06-13,Deep Learning in Stance Detection: A Survey,Parush Gera; Tempestt J. Neal,58,1,10.1145/3744641,https://doi.org/10.1145/3744641,article,ACM Computing Surveys,https://openalex.org/W4411292526
ACM Computing Surveys (CSUR),ACM,2025,2025-06-16,Advancing 5G Security and Privacy with AI: A Survey,Haoxin He; Shufan Fei; Zheng Yan,58,2,10.1145/3744555,https://doi.org/10.1145/3744555,article,ACM Computing Surveys,https://openalex.org/W4411350529
ACM Computing Surveys (CSUR),ACM,2025,2025-06-18,Causality in Bandits: A Survey,Chandrasekar Subramanian; Balaraman Ravindran,57,12,10.1145/3744917,https://doi.org/10.1145/3744917,article,ACM Computing Surveys,https://openalex.org/W4411403387
ACM Computing Surveys (CSUR),ACM,2025,2025-06-18,Computational Approaches to the Detection of Lesser-Known Rhetorical Figures: A Systematic Survey and Research Challenges,Ramona Kühn; Jelena Mitrović; Michael Granitzer,58,2,10.1145/3744554,https://doi.org/10.1145/3744554,article,ACM Computing Surveys,https://openalex.org/W4411403546
ACM Computing Surveys (CSUR),ACM,2025,2025-06-19,Static Code Analysis for IoT Security: A Systematic Literature Review,Diego R. Gomes; Eduardo F. Felix; Fernando Aires; Marco Paulo Amorim Vieira,58,3,10.1145/3745019,https://doi.org/10.1145/3745019,review,ACM Computing Surveys,https://openalex.org/W4411436335
ACM Computing Surveys (CSUR),ACM,2025,2025-06-20,Prediction of Certification in MOOCs: A Systematic Literature Review,Ahmed Alamri; Mohammad Ali Alshehri; Laila Alrajhi; Alexandra Ioana Cristea,58,1,10.1145/3743671,https://doi.org/10.1145/3743671,review,ACM Computing Surveys,https://openalex.org/W4411469277
ACM Computing Surveys (CSUR),ACM,2025,2025-06-27,A Comprehensive Survey on Self-Supervised Learning for Recommendation,Xubin Ren; Wei Wei; Lianghao Xia; Chao Huang,58,1,10.1145/3746280,https://doi.org/10.1145/3746280,article,ACM Computing Surveys,https://openalex.org/W4411735740
ACM Computing Surveys (CSUR),ACM,2025,2025-06-27,A Survey of AIOps in the Era of Large Language Models,Lingzhe Zhang; Tong Jia; Mengxi Jia; Yifan Wu; Aiwei Liu; Yong Yang; Zhonghai Wu; Xuming Hu; Philip S. Yu; Ying Li,58,2,10.1145/3746635,https://doi.org/10.1145/3746635,article,ACM Computing Surveys,https://openalex.org/W4411735779
ACM Computing Surveys (CSUR),ACM,2025,2025-06-27,Few-Shot Learning for Medical Image Segmentation: A Review and Comparative Study,Theekshana Dissanayake; Yasmeen George; Dwarikanath Mahapatra; Sridha Sridharan; Clinton Fookes; Zongyuan Ge,58,1,10.1145/3746224,https://doi.org/10.1145/3746224,article,ACM Computing Surveys,https://openalex.org/W4411735594
ACM Computing Surveys (CSUR),ACM,2025,2025-06-27,Understanding World or Predicting Future? A Comprehensive Survey of World Models,Jingtao Ding; Yunke Zhang; Yu Shang; Y. Zhang; Zefang Zong; Jie Feng; Yuan Yuan; Hongyuan Su; Nian Li; Nicholas Sukiennik; Fengli Xu; Yong Li,58,3,10.1145/3746449,https://doi.org/10.1145/3746449,article,ACM Computing Surveys,https://openalex.org/W4411735734
ACM Computing Surveys (CSUR),ACM,2025,2025-07-01,Digital Twins in Security Operations: State of the Art and Future Perspectives,Philip Empl; David M. Koch; Marietheres Dietz; Günther Pernul,58,1,10.1145/3746279,https://doi.org/10.1145/3746279,article,ACM Computing Surveys,https://openalex.org/W4411889930
ACM Computing Surveys (CSUR),ACM,2025,2025-07-01,Graph Neural Networks for Tabular Data Learning: A Survey with Taxonomy and Directions,Cheng–Te Li; Yu-Che Tsai; Chih-Yao Chen; Jay Chiehen Liao,58,1,10.1145/3744918,https://doi.org/10.1145/3744918,article,ACM Computing Surveys,https://openalex.org/W4411890052
ACM Computing Surveys (CSUR),ACM,2025,2025-07-01,Privacy Preserving Identity Federation: A Literature Study,Anne Bumiller; Elisavet Kozyri; Håvard Dagenborg,58,9,10.1145/3745018,https://doi.org/10.1145/3745018,article,ACM Computing Surveys,https://openalex.org/W4411890811
ACM Computing Surveys (CSUR),ACM,2025,2025-07-04,A Survey on the Shared Address Space with Privatized Static Variables (SAS-PSV) Execution Model for the Many-Core Era,Atsushi Hori; Kaiming Ouyang; Min Si; Pavan Balaji; Julien Jaeger; Marc Pérache; Sam White; Evan Ramos; Laxmikant V. Kalé; Kevin Pedretti; Ron Brightwell; Balazs Gerofi; Yutaka Ishikawa,58,1,10.1145/3746169,https://doi.org/10.1145/3746169,article,ACM Computing Surveys,https://openalex.org/W4412035781
ACM Computing Surveys (CSUR),ACM,2025,2025-07-04,"Few-Shot Relation Extraction Based on Prompt Learning: A Taxonomy, Survey, Challenges and Future Directions",Tingting Hang; Shuting Liu; Jun Feng; Hamza Djigal; Jun Huang,58,2,10.1145/3746281,https://doi.org/10.1145/3746281,article,ACM Computing Surveys,https://openalex.org/W4412035807
ACM Computing Surveys (CSUR),ACM,2025,2025-07-08,"A Multivocal Review of MLOps Practices, Challenges and Open Issues",Beyza Eken; Samodha Pallewatta; Nguyen Khoi Tran; Ayşe Tosun; Muhammad Ali Babar,58,2,10.1145/3747346,https://doi.org/10.1145/3747346,article,ACM Computing Surveys,https://openalex.org/W4414080965
ACM Computing Surveys (CSUR),ACM,2025,2025-07-08,"Correctly Rounded Evaluation of a Function: Why, How, and at What Cost?",Nicolas Brisebarre; Guillaume Hanrot; Jean‐Michel Muller; Paul A. Zimmermann,58,1,10.1145/3747840,https://doi.org/10.1145/3747840,article,ACM Computing Surveys,https://openalex.org/W4392090332
ACM Computing Surveys (CSUR),ACM,2025,2025-07-14,Survey and Analysis for the Challenges in Computer Science to the Automation of Grading Systems,Joan Lu; Bhavya Krishna Balasubramanian; Mike S. Joy; Qiang Xu,58,1,10.1145/3748521,https://doi.org/10.1145/3748521,article,ACM Computing Surveys,https://openalex.org/W4412393299
ACM Computing Surveys (CSUR),ACM,2025,2025-07-15,Four Decades of Symbolic Knowledge Extraction from Sub-Symbolic Predictors. A Survey,Federico Sabbatini,58,3,10.1145/3749097,https://doi.org/10.1145/3749097,article,ACM Computing Surveys,https://openalex.org/W4412423707
ACM Computing Surveys (CSUR),ACM,2025,2025-07-17,Deep Learning for Human Parsing: A Survey,Xiaomei Zhang; Xiangyu Zhu; Ming Tang; Zhen Lei,58,1,10.1145/3748717,https://doi.org/10.1145/3748717,article,ACM Computing Surveys,https://openalex.org/W4413079717
ACM Computing Surveys (CSUR),ACM,2025,2025-07-18,Deep Learning Based Key Information Extraction from Business Documents: Systematic Literature Review,Alexander Rombach; Peter Fettke,58,2,10.1145/3749369,https://doi.org/10.1145/3749369,review,ACM Computing Surveys,https://openalex.org/W4413060449
ACM Computing Surveys (CSUR),ACM,2025,2025-07-18,Exploring the Role of Artificial Intelligence in Enhancing Security Operations: A Systematic Review,Despoina Giarimpampa; Roland Meier; Tegawendé François Bissyandé; Vincent Lenders; Jacques Klein,58,3,10.1145/3747587,https://doi.org/10.1145/3747587,review,ACM Computing Surveys,https://openalex.org/W4413060418
ACM Computing Surveys (CSUR),ACM,2025,2025-07-19,Fact Checking Knowledge Graphs - A Survey,Umair Qudus; Michael Röder; Muhammad Saleem; Axel-Cyrille Ngonga Ngomo,58,1,10.1145/3749838,https://doi.org/10.1145/3749838,article,ACM Computing Surveys,https://openalex.org/W4412872198
ACM Computing Surveys (CSUR),ACM,2025,2025-07-25,Towards Efficient Generative Large Language Model Serving: A Survey from Algorithms to Systems,Xupeng Miao; Gabriele Oliaro; Zhihao Zhang; Xinhao Cheng; Hongyi Jin; Tianqi Chen; Zhihao Jia,58,1,10.1145/3754448,https://doi.org/10.1145/3754448,article,ACM Computing Surveys,https://openalex.org/W4412915583
ACM Computing Surveys (CSUR),ACM,2025,2025-07-29,Fuzzy Sets-Based Approaches for Improved Medical Diagnosis: An Analysis and Overview of Major Research Directions,Amit K. Shukla; Priyanka Mehra; Pranab Kumar Muhuri,,,10.1145/3757058,https://doi.org/10.1145/3757058,article,ACM Computing Surveys,https://openalex.org/W4412900031
ACM Computing Surveys (CSUR),ACM,2025,2025-07-29,Robust Recommender System: A Survey and Future Directions,Kaike Zhang; Qi Ping Cao; Fei Long Sun; Yunfan Wu; Shuchang Tao; Huawei Shen; Xueqi Cheng,58,1,10.1145/3757057,https://doi.org/10.1145/3757057,article,ACM Computing Surveys,https://openalex.org/W4412900005
ACM Computing Surveys (CSUR),ACM,2025,2025-07-30,Applications of AI in Space Domain,Luciana Brasil Rebelo dos Santos; Francesco Basciani; Patrizio Pelliccione,58,1,10.1145/3757317,https://doi.org/10.1145/3757317,article,ACM Computing Surveys,https://openalex.org/W4412756584
ACM Computing Surveys (CSUR),ACM,2025,2025-08-01,A Comprehensive Review on Lightweight Cryptographic Mechanisms for Industrial Internet of Things Systems,Saad Mujahid Khan; Pedro Afonso Ferreira Lopes martins; Bruno Sousa; Vasco Pereira,58,1,10.1145/3757734,https://doi.org/10.1145/3757734,article,ACM Computing Surveys,https://openalex.org/W4412841318
ACM Computing Surveys (CSUR),ACM,2025,2025-08-01,"A Survey of Event Causality Identification: Taxonomy, Challenges, Assessment, and Prospects",Qing Cheng; Zefan Zeng; Xingchen Hu; Yuehang Si; Zhong Liu,58,3,10.1145/3756009,https://doi.org/10.1145/3756009,article,ACM Computing Surveys,https://openalex.org/W4412841493
ACM Computing Surveys (CSUR),ACM,2025,2025-08-01,A Survey on Image Segmentation and Super-resolution Reconstruction in Visual Sensor Networks,Xiaofang Li; Zhizhong Ma; Ruili Wang; Zhixin Sun; Manna Dai; Yi Wang; Zhenguang Liu; Hong Ye,58,2,10.1145/3757730,https://doi.org/10.1145/3757730,article,ACM Computing Surveys,https://openalex.org/W4412841476
ACM Computing Surveys (CSUR),ACM,2025,2025-08-01,Practical Android Software Protection in the Wild,Eduardo Blázquez; Juan Tapiador,58,2,10.1145/3757735,https://doi.org/10.1145/3757735,article,ACM Computing Surveys,https://openalex.org/W4412841340
ACM Computing Surveys (CSUR),ACM,2025,2025-08-02,A Survey on Neural Radiance Fields,Yun Liao; Yide Di; Hao Zhou; Kaijun Zhu; Mingyu Lu; Qing Duan; Junhui Liu,58,2,10.1145/3758085,https://doi.org/10.1145/3758085,article,ACM Computing Surveys,https://openalex.org/W4412855192
ACM Computing Surveys (CSUR),ACM,2025,2025-08-02,Analyzing and Categorizing Emerging Cybersecurity Regulations,Angelica Marotta; Stuart Madnick,58,2,10.1145/3757318,https://doi.org/10.1145/3757318,article,ACM Computing Surveys,https://openalex.org/W4412855161
ACM Computing Surveys (CSUR),ACM,2025,2025-08-02,Build Optimization: A Systematic Literature Review,Henri Aïdasso; Mohammed Sayagh; Francis Bordeleau,58,1,10.1145/3757912,https://doi.org/10.1145/3757912,review,ACM Computing Surveys,https://openalex.org/W4406745366
ACM Computing Surveys (CSUR),ACM,2025,2025-08-02,Secure Integration of Cyber Engineering and Medical Cyber-Physical System: A Survey and Open Issues,Abhishek Pandey; Sherali Zeadally; Ashok Kumar Das; Neeraj Kumar,58,1,10.1145/3757731,https://doi.org/10.1145/3757731,article,ACM Computing Surveys,https://openalex.org/W4412855167
ACM Computing Surveys (CSUR),ACM,2025,2025-08-05,Blockchain Agnostic Protocols: An Analysis of the State of the Art,Alessandro Bigiotti; Leonardo Mostarda; Alfredo Navarra; Andrea Pinna; Davide Sestili; Roberto Tonelli; Matteo Vaccargiu,58,2,10.1145/3758089,https://doi.org/10.1145/3758089,article,ACM Computing Surveys,https://openalex.org/W4412957860
ACM Computing Surveys (CSUR),ACM,2025,2025-08-07,Load Balancing in the Internet of Vehicles: A Comprehensive Review of SDN and Machine Learning Approaches,Phibadeity S. Marwein; Debdatta Kandar,58,3,10.1145/3759242,https://doi.org/10.1145/3759242,article,ACM Computing Surveys,https://openalex.org/W4413039268
ACM Computing Surveys (CSUR),ACM,2025,2025-08-07,"Underwater Optical Object Detection in the Era of Artificial Intelligence: Current, Challenge, and Future",Long Chen; Yuzhi Huang; Junyu Dong; Qi Xu; Sam Kwong; Huimin Lu; Huchuan Lu; Chongyi Li,58,3,10.1145/3759243,https://doi.org/10.1145/3759243,article,ACM Computing Surveys,https://openalex.org/W4413039174
ACM Computing Surveys (CSUR),ACM,2025,2025-08-08,Use of BCI Systems in the Analysis of EEG Signals for Motor and Speech Imagery Task : A SLR,Arshi Iqbal; Ashok Kumar Suhag; Neeraj Kumar; Arpit Bhardwaj,58,2,10.1145/3757732,https://doi.org/10.1145/3757732,article,ACM Computing Surveys,https://openalex.org/W4413251787
ACM Computing Surveys (CSUR),ACM,2025,2025-08-11,Out-of-Distribution Detection: A Task-Oriented Survey of Recent Advances,Shuo Lu; Yingsheng Wang; Lijun Sheng; Lingxiao He; Aihua Zheng; Jian Liang,58,2,10.1145/3760390,https://doi.org/10.1145/3760390,article,ACM Computing Surveys,https://openalex.org/W4413221778
ACM Computing Surveys (CSUR),ACM,2025,2025-08-11,Transformers in Small Object Detection: A Benchmark and Survey of State-of-the-Art,Aref Miri Rekavandi; Shima Rashidi; Farid Boussaïd; Stephen Hoefs; Emre Akbaş; Mohammed Bennamoun,58,3,10.1145/3758090,https://doi.org/10.1145/3758090,article,ACM Computing Surveys,https://openalex.org/W4413222003
ACM Computing Surveys (CSUR),ACM,2025,2025-08-13,Advancements in AI-Generated Content Forensics: A Systematic Literature Review,Qiang Xu; Wenpeng Mu; Jin-duo LI; Tanfeng Sun; Xinghao Jiang,58,3,10.1145/3760526,https://doi.org/10.1145/3760526,review,ACM Computing Surveys,https://openalex.org/W4413169616
ACM Computing Surveys (CSUR),ACM,2025,2025-08-13,Future UAV/Drone Systems for Intelligent Active Surveillance and Monitoring,Tazeem Ahmad; Alicia Esquivel Morel; Nuo Cheng; Kannappan Palaniappan; Prasad P. Calyam; Kun Sun; Jianli Pan,58,2,10.1145/3760389,https://doi.org/10.1145/3760389,article,ACM Computing Surveys,https://openalex.org/W4413168963
ACM Computing Surveys (CSUR),ACM,2025,2025-08-13,Vision Technologies with Applications in Traffic Surveillance Systems: A Holistic Survey,Wei Zhou; Li Yang; Lei Zhao; Runyu Zhang; Yifan Cui; Hongpu Huang; Kun Qie; Chen Wang,58,3,10.1145/3760525,https://doi.org/10.1145/3760525,article,ACM Computing Surveys,https://openalex.org/W4413169109
ACM Computing Surveys (CSUR),ACM,2025,2025-08-14,Boosting Mixed-Initiative Co-Creativity in Game Design: A Tutorial,Solange Margarido; Penousal Machado; Licínio Roque; Pedro Martins,58,2,10.1145/3759914,https://doi.org/10.1145/3759914,article,ACM Computing Surveys,https://openalex.org/W4414083113
ACM Computing Surveys (CSUR),ACM,2025,2025-08-16,"Deep Causal Learning: Representation, Discovery and Inference",Zizhen Deng; Tian Shou Hu; Xiaolong Zheng; Daniel Dajun Zeng,58,2,10.1145/3762179,https://doi.org/10.1145/3762179,article,ACM Computing Surveys,https://openalex.org/W4413446160
ACM Computing Surveys (CSUR),ACM,2025,2025-08-19,Metaverse Platforms for Immersive Healthcare: A Survey on Telemedicine Solutions,Senthil Kumar Jagatheesaperumal; Artur Gomes Barreto; Victor Hugo C. de Albuquerque,58,2,10.1145/3762180,https://doi.org/10.1145/3762180,article,ACM Computing Surveys,https://openalex.org/W4413308157
ACM Computing Surveys (CSUR),ACM,2025,2025-08-19,Resource Management for Mission-Critical Applications in Edge Computing: Systematic Review on Recent Research and Open Issues,Nayereh Rasouli; Cristian Klein; Erik Elmroth,58,3,10.1145/3762181,https://doi.org/10.1145/3762181,review,ACM Computing Surveys,https://openalex.org/W4413308222
ACM Computing Surveys (CSUR),ACM,2025,2025-08-20,A Systematic Literature Review on Multimodal Text Summarization,Abid Hmood Ali; Diego Mollá,58,3,10.1145/3763245,https://doi.org/10.1145/3763245,review,ACM Computing Surveys,https://openalex.org/W4413338025
ACM Computing Surveys (CSUR),ACM,2025,2025-08-23,A Survey on Sequence Alignment Algorithms and State-of-the-Art Aligners,Konstantinos P. Prousalis; Konstantinos Georgiou; Andreas Kalogeropoulos; Dimitris Ntalaperas; Nikos Konofaos; Lefteris Angelis; Christos Papalitsas; Thanos G. Stavropoulos; Nico Gariboldi,58,3,10.1145/3763229,https://doi.org/10.1145/3763229,article,ACM Computing Surveys,https://openalex.org/W4413447408
ACM Computing Surveys (CSUR),ACM,2025,2025-08-25,Digital Gazetteers: Review and Prospects for Place Name Knowledge Bases,Kalana Wijegunarathna; Kristin M. Stock; Christopher B. Jones,58,3,10.1145/3763231,https://doi.org/10.1145/3763231,article,ACM Computing Surveys,https://openalex.org/W4413520998
ACM Computing Surveys (CSUR),ACM,2025,2025-08-26,A Systematic Literature Review on Explainability for ML/DL-based Software Engineering,Sicong Cao; Xiaobing Sun; Ratnadira Widyasari; David Lo; Xiaoxue Wu; Lili Bo; Jiale Zhang; Bin Li; Wei Liu; Di Wu; Yixin Chen,58,4,10.1145/3763230,https://doi.org/10.1145/3763230,review,ACM Computing Surveys,https://openalex.org/W4413611830
ACM Computing Surveys (CSUR),ACM,2025,2025-08-26,Escorting the Confidentiality and Integrity of UAVs: What Exactly Can Trusted Execution Environment Offer?,Wenyu Dong; Guangquan Xu; Shicheng Feng; Hongpeng Bai; Quan Z. Sheng; Xi Zheng,58,3,10.1145/3763788,https://doi.org/10.1145/3763788,article,ACM Computing Surveys,https://openalex.org/W4413694535
ACM Computing Surveys (CSUR),ACM,2025,2025-08-26,Lost in Alignment: A Survey on Cross-Lingual Alignment Methods for Contextualized Representation,Filippo Pallucchini; Lorenzo Malandri; Fabio Mercorio; Mario Mezzanzanica,58,5,10.1145/3764112,https://doi.org/10.1145/3764112,article,ACM Computing Surveys,https://openalex.org/W4413644875
ACM Computing Surveys (CSUR),ACM,2025,2025-08-27,A Comprehensive Review of Real-Time Multi-View Multi-Person Markerless Motion Capture,Pierre Nagorny; Bart Kevelham; Sylvain Chagué; Caecilia Charbonnier,58,3,10.1145/3757733,https://doi.org/10.1145/3757733,article,ACM Computing Surveys,https://openalex.org/W4413744159
ACM Computing Surveys (CSUR),ACM,2025,2025-08-28,Emerging Trends in Early Dementia Diagnosis: An Analysis on Advanced Machine Learning Approaches,Badal Gami; Manav Agrawal; Rahul Katarya,58,4,10.1145/3764578,https://doi.org/10.1145/3764578,article,ACM Computing Surveys,https://openalex.org/W4413792042
ACM Computing Surveys (CSUR),ACM,2025,2025-08-28,Memory Analysis for Malware Detection: A Comprehensive Survey Using the OSCAR Methodology,Yasin Dehfouli; Arash Habibi Lashkari,58,4,10.1145/3764580,https://doi.org/10.1145/3764580,article,ACM Computing Surveys,https://openalex.org/W4413792360
ACM Computing Surveys (CSUR),ACM,2025,2025-08-28,Slicing of Probabilistic Programs: A Review of Existing Approaches,Federico Olmedo,58,3,10.1145/3764581,https://doi.org/10.1145/3764581,article,ACM Computing Surveys,https://openalex.org/W4413792145
ACM Computing Surveys (CSUR),ACM,2025,2025-08-30,The Role of the Internet of Things (IoT) in Achieving the United Nations (UN) Sustainable Development Goals (SDGs) - A Systematic Review,Abdullahi Kutiriko Abubakar; Lee Gillam; Nishanth Sastry,58,3,10.1145/3765516,https://doi.org/10.1145/3765516,review,ACM Computing Surveys,https://openalex.org/W4413843779
ACM Computing Surveys (CSUR),ACM,2025,2025-09-01,SoK: Bitcoin Layer Two (L2),Minfeng Qi; Qin Wang; Zhipeng Wang; Manvir Schneider; Tianqing Zhu; Shiping Chen; William J. Knottenbelt; Thomas Hardjono,58,3,10.1145/3763232,https://doi.org/10.1145/3763232,article,ACM Computing Surveys,https://openalex.org/W4413877603
ACM Computing Surveys (CSUR),ACM,2025,2025-09-03,Domain Specialization as the Key to Make Large Language Models Disruptive: A Comprehensive Survey,Chen Ling; Xujiang Zhao; Jiaying Lu; Chengyuan Deng; Can Zheng; Junxiang Wang; Tanmoy Chowdhury; Yun Li; Hejie Cui; Xuchao Zhang; Tianjiao Zhao; Amit Panalkar; Dhagash B. Mehta; Stefano Pasquali; Wei Cheng; Haoyu Wang; Yanchi Liu; Zhengzhang Chen; Haifeng Chen; Chris White; Quanquan Gu; Jian Pei; Carl Yang; Liang Zhao,58,3,10.1145/3764579,https://doi.org/10.1145/3764579,article,ACM Computing Surveys,https://openalex.org/W4413941679
ACM Computing Surveys (CSUR),ACM,2025,2025-09-05,A Tutorial on Discriminative Clustering and Mutual Information,Louis Ohl; Pierre‐Alexandre Mattei; Fŕed́eric Precioso,58,4,10.1145/3748255,https://doi.org/10.1145/3748255,article,ACM Computing Surveys,https://openalex.org/W4414019773
ACM Computing Surveys (CSUR),ACM,2025,2025-09-08,Software Fairness: An Analysis and Survey,Ezekiel Soremekun; Mike Papadakis; Maxime Cordy; Yves Le Traon,58,3,10.1145/3762170,https://doi.org/10.1145/3762170,article,ACM Computing Surveys,https://openalex.org/W4414063037
ACM Computing Surveys (CSUR),ACM,2025,2025-09-11,A Survey of Fundamental Principles and Analysis for Job Scheduling on Warehouse-Scale Computers,Kevin Exton; Maria A. Rodriguez,58,4,10.1145/3766543,https://doi.org/10.1145/3766543,article,ACM Computing Surveys,https://openalex.org/W4414128345
ACM Computing Surveys (CSUR),ACM,2025,2025-09-11,"A Survey of Quantum Machine Learning: Foundations, Algorithms, Frameworks, Data and Applications",Francesc Rodríguez-Díaz; David Gutiérrez‐Avilés; Alicia Troncoso; Francisco Martinez Alvarez,58,4,10.1145/3764582,https://doi.org/10.1145/3764582,article,ACM Computing Surveys,https://openalex.org/W4414128368
ACM Computing Surveys (CSUR),ACM,2025,2025-09-11,A Survey on Spatio-Temporal Prediction: From Transformers to Foundation Models,Yingchi Mao; Hongliang Zhou; Ling Chen; Rongzhi Qi; Zhende Sun; Rong Jie Yi; Xiaoming He; Mingkai Chen; Shahid Mumtaz; Valerio Frascolla; Mohsen Guizani; Joel J. P. C. Rodrigues,58,4,10.1145/3766546,https://doi.org/10.1145/3766546,article,ACM Computing Surveys,https://openalex.org/W4414128356
ACM Computing Surveys (CSUR),ACM,2025,2025-09-11,Security Management of Horizontal IoT Platforms: A Survey and Comparison,Anastassia Gharib; Jason Jaskolka; Mohamed A. Ibnkahla; Ashraf Matrawy,58,3,10.1145/3766888,https://doi.org/10.1145/3766888,article,ACM Computing Surveys,https://openalex.org/W4414128342
ACM Computing Surveys (CSUR),ACM,2025,2025-09-11,Unique Security and Privacy Threats of Large Language Models: A Comprehensive Survey,Shang Wang; Tianqing Zhu; Bo Liu; Ming Ding; Dayong Ye; Wanlei Zhou; Philip S. Yu,58,4,10.1145/3764113,https://doi.org/10.1145/3764113,article,ACM Computing Surveys,https://openalex.org/W4414128359
ACM Computing Surveys (CSUR),ACM,2025,2025-09-12,A Systematic Literature Review of Inter-Commit Fine-Grained Source Code Changes: Assessing Readiness for Large-Scale Data Collection,Paweł Rzanny; Mirosław Ochodek,58,4,10.1145/3767321,https://doi.org/10.1145/3767321,review,ACM Computing Surveys,https://openalex.org/W4414593928
ACM Computing Surveys (CSUR),ACM,2025,2025-09-13,Nonnegative Matrix Factorization in Dimensionality Reduction: A Survey,Farid Saberi-Movahed; Kamal Berahmand; Razieh Sheikhpour; Yuefeng Li; Shirui Pan; Mahdi Jalili,58,5,10.1145/3767726,https://doi.org/10.1145/3767726,article,ACM Computing Surveys,https://openalex.org/W4414260826
ACM Computing Surveys (CSUR),ACM,2025,2025-09-13,Virtualization Technology for Dependable Embedded Systems: A Survey for Transportation and Industrial Domains,Jon Perez-Cerrolaza; Patricia Balbastre; Enrico Mezzetti; Alfons Crespo; Jon González Eguiluz; Mario Alberto Morales Acosta; Charles-Alexis Lefebvre,58,4,10.1145/3765736,https://doi.org/10.1145/3765736,article,ACM Computing Surveys,https://openalex.org/W4414258150
ACM Computing Surveys (CSUR),ACM,2025,2025-09-15,Artificial Intelligence in Educational Technology: A Systematic Review of Datasets and Applications,Luke Topham; Pete Atherton; Tom Reynolds; Yasir Hussain; Abir Jaafar Hussain; Hoshang Kolivand; Wasiq Khan,58,3,10.1145/3768312,https://doi.org/10.1145/3768312,review,ACM Computing Surveys,https://openalex.org/W4414206725
ACM Computing Surveys (CSUR),ACM,2025,2025-09-15,Common Threads in Incremental Data Flow Analysis: A Comprehensive Survey,Anushri Jana; Uday P. Khedker,58,4,10.1145/3768155,https://doi.org/10.1145/3768155,article,ACM Computing Surveys,https://openalex.org/W4414179195
ACM Computing Surveys (CSUR),ACM,2025,2025-09-15,Lightweight Consensus in Blockchain: A Systematic Literature Review,Namrata Marium Chacko; V G Narendra; Mamatha Balachandra; T Manoj,58,3,10.1145/3768149,https://doi.org/10.1145/3768149,review,ACM Computing Surveys,https://openalex.org/W4414179245
ACM Computing Surveys (CSUR),ACM,2025,2025-09-15,Physics-informed Machine Learning for Medical Image Analysis,Chayan Banerjee; Kien Nguyen; Olivier Salvado; Truyen Tran; Clinton Fookes,58,4,10.1145/3768158,https://doi.org/10.1145/3768158,article,ACM Computing Surveys,https://openalex.org/W4414179233
ACM Computing Surveys (CSUR),ACM,2025,2025-09-17,A Survey of Learned Indexes for the Multi-dimensional Space,Abdullah Al-Mamun; Hao Wu; Qiyang He; Jianguo Wang; Walid G. Aref,58,4,10.1145/3768575,https://doi.org/10.1145/3768575,article,ACM Computing Surveys,https://openalex.org/W4414290619
ACM Computing Surveys (CSUR),ACM,2025,2025-09-17,Advancements and Challenges in Arabic Optical Character Recognition: A Comprehensive Survey,Mahmoud SalahEldin Kasem; Mohamed Mahmoud; Hyun‐Soo Kang,58,4,10.1145/3768150,https://doi.org/10.1145/3768150,article,ACM Computing Surveys,https://openalex.org/W4414290370
ACM Computing Surveys (CSUR),ACM,2025,2025-09-18,Community Search over Heterogeneous Information Networks: A Survey,Lihua Zhou; Jialong Wang; Yixin Song; Lizhen Wang; Hongmei Chen,58,4,10.1145/3768576,https://doi.org/10.1145/3768576,article,ACM Computing Surveys,https://openalex.org/W4414344435
ACM Computing Surveys (CSUR),ACM,2025,2025-09-19,A Survey on Deep Learning for Monte Carlo Path Tracing,Run Yan; Hui Guo; Libo Huang; Nong Xiao; Li Shen; Yongwen Wang; Yandong Lv; Gang Chen,58,4,10.1145/3768618,https://doi.org/10.1145/3768618,article,ACM Computing Surveys,https://openalex.org/W4414353679
ACM Computing Surveys (CSUR),ACM,2025,2025-09-19,Blockchain Smart Contract Security: Threats and Mitigation Strategies in a Lifecycle Perspective,Detian Liu; Jianbiao Zhang; Yifan Wang; Hong Shen; Zhaoqian Zhang; Tao Ye,58,4,10.1145/3769013,https://doi.org/10.1145/3769013,article,ACM Computing Surveys,https://openalex.org/W4414353694
ACM Computing Surveys (CSUR),ACM,2025,2025-09-20,A Survey on the Use of Agent-Based Modeling and Simulation for the Vehicle Routing Problem,Ahmed Laatabi; Benoît Gaudou; Chihab Hanachi; Patricia Stolf,58,4,10.1145/3769070,https://doi.org/10.1145/3769070,article,ACM Computing Surveys,https://openalex.org/W4414371541
ACM Computing Surveys (CSUR),ACM,2025,2025-09-20,A Systematic Literature Review on Bias Evaluation and Mitigation in Automatic Speech Recognition Models for Low-Resource African Languages,Joyce Nakatumba Nabende; Sulaiman Kagumire; Caroline Kantono; Peter Nabende,58,4,10.1145/3769089,https://doi.org/10.1145/3769089,review,ACM Computing Surveys,https://openalex.org/W4414371545
ACM Computing Surveys (CSUR),ACM,2025,2025-09-22,"Graph Neural Networks for Integrated Circuit Design, Reliability, and Security: Survey and Tool",Ziad El Sayed; Zeng Wang; Hana Selmani; Johann Knechtel; Ozgur Sinanoglu; Lilas Alrahis,58,4,10.1145/3769081,https://doi.org/10.1145/3769081,article,ACM Computing Surveys,https://openalex.org/W4414387367
ACM Computing Surveys (CSUR),ACM,2025,2025-09-22,Memorization in Deep Learning: A Survey,Jiaheng Wei; Yanjun Zhang; Leo Yu Zhang; Ming Ding; Chao Chen; Kok‐Leong Ong; Jun Zhang; Yang Xiang,58,4,10.1145/3769076,https://doi.org/10.1145/3769076,article,ACM Computing Surveys,https://openalex.org/W4414385814
ACM Computing Surveys (CSUR),ACM,2025,2025-09-22,Methodology of Algorithm Engineering,Jan Mendling; Henrik Leopold; Henning Meyerhenke; Benoît Depaire,58,4,10.1145/3769071,https://doi.org/10.1145/3769071,article,ACM Computing Surveys,https://openalex.org/W4414385441
ACM Computing Surveys (CSUR),ACM,2025,2025-09-23,LLMs in Software Security: A Survey of Vulnerability Detection Techniques and Insights,Ze Sheng; Z.G. Chen; Shuning Gu; Heqing Huang; Guofei Gu; Jeff Huang,58,5,10.1145/3769082,https://doi.org/10.1145/3769082,article,ACM Computing Surveys,https://openalex.org/W4414437166
ACM Computing Surveys (CSUR),ACM,2025,2025-09-23,Survey on the Evaluation of Generative Models in Music,Alexander Lerch; Claire Arthur; Nick Bryan–Kinns; Corey Ford; Qianyi Sun; Ashvala Vinay,58,4,10.1145/3769106,https://doi.org/10.1145/3769106,article,ACM Computing Surveys,https://openalex.org/W4414437029
ACM Computing Surveys (CSUR),ACM,2025,2025-09-24,Machine Learning Systems: A Survey from a Data-Oriented Perspective,Christian Cabrera; Andrei Paleyes; Pierre Thodoroff; Neil David Lawrence,58,5,10.1145/3769292,https://doi.org/10.1145/3769292,article,ACM Computing Surveys,https://openalex.org/W4414474926
ACM Computing Surveys (CSUR),ACM,2025,2025-09-25,A Survey on Faults and Vulnerabilities in Network Topological Connectivity: Logical and Physical Perspectives,Carlos Pedroso; Aldri Luiz dos Santos,58,5,10.1145/3769668,https://doi.org/10.1145/3769668,article,ACM Computing Surveys,https://openalex.org/W4414490839
ACM Computing Surveys (CSUR),ACM,2025,2025-09-25,A Survey on Reinforcement Learning Methods for UAV Systems,Hengsheng Chen; Yuanguo Lin; Mingjian Fu; Lina Yao; Quan Z. Sheng,58,4,10.1145/3769426,https://doi.org/10.1145/3769426,article,ACM Computing Surveys,https://openalex.org/W4414490865
ACM Computing Surveys (CSUR),ACM,2025,2025-09-25,Physics-Guided Deep Learning for Dynamical Systems: A Survey,Rui Wang; Rose Wai Man Yu,58,5,10.1145/3766887,https://doi.org/10.1145/3766887,article,ACM Computing Surveys,https://openalex.org/W3181290273
ACM Computing Surveys (CSUR),ACM,2025,2025-09-26,Automated Market Makers in Cryptoeconomic Systems: A Taxonomy and Archetypes,Daniel Kirste; Niclas Kannengießer; Ricky Lamberty; Ali Sunyaev,58,5,10.1145/3769669,https://doi.org/10.1145/3769669,article,ACM Computing Surveys,https://openalex.org/W4414556168
ACM Computing Surveys (CSUR),ACM,2025,2025-10-02,"Humanoid Robots and Humanoid AI: Review, Perspectives and Directions",Longbing Cao,58,4,10.1145/3770574,https://doi.org/10.1145/3770574,article,ACM Computing Surveys,https://openalex.org/W4414764826
ACM Computing Surveys (CSUR),ACM,2025,2025-10-02,Learning-based Human Relighting: A Survey,Shumin Zhu; Wai Keung Wong; Xingxing Zou,58,5,10.1145/3770081,https://doi.org/10.1145/3770081,article,ACM Computing Surveys,https://openalex.org/W4414764882
ACM Computing Surveys (CSUR),ACM,2025,2025-10-03,A Review on Self-Supervised Learning in Time Series Anomaly Detection: Recent Advances and Open Challenges,Aitor Sánchez-Ferrera; Borja Calvo; Jose Antonio Lozano,58,5,10.1145/3770575,https://doi.org/10.1145/3770575,article,ACM Computing Surveys,https://openalex.org/W4414780086
ACM Computing Surveys (CSUR),ACM,2025,2025-10-03,Workload Shifting Techniques: From Digital Inebriation to Sobriety,Nicolás Tirel; Philippe Roose; Sergio Ilarri; Adel Noureddine; Olivier Le Goaër,58,5,10.1145/3769301,https://doi.org/10.1145/3769301,article,ACM Computing Surveys,https://openalex.org/W4414780093
ACM Computing Surveys (CSUR),ACM,2025,2025-10-04,"A Survey of Defenses Against AI-Generated Visual Media: Detection, Disruption, and Authentication",Jingyi Deng; Chenhao Lin; Zhengyu Zhao; Shuai Liu; Zhe Peng; Qian Wang; Chao Qun Shen,58,5,10.1145/3770916,https://doi.org/10.1145/3770916,article,ACM Computing Surveys,https://openalex.org/W4414810806
ACM Computing Surveys (CSUR),ACM,2025,2025-10-04,A Systematic Review of the Use of Augmented Reality in Pedestrian Navigation,Zhao Yu; Holly C. Gagnon; Jeanine K. Stefanucci; Sarah H. Creem-Regehr; Bobby Bodenheimer,58,5,10.1145/3770917,https://doi.org/10.1145/3770917,review,ACM Computing Surveys,https://openalex.org/W4414810755
ACM Computing Surveys (CSUR),ACM,2025,2025-10-06,A Survey on Stereotype Detection in Natural Language Processing,Alessandra Teresa Cignarella; Anastasia Giachanou; Els Lefever,58,5,10.1145/3770754,https://doi.org/10.1145/3770754,article,ACM Computing Surveys,https://openalex.org/W4414863587
ACM Computing Surveys (CSUR),ACM,2025,2025-10-07,Unsupervised Deep Learning for Anomaly Detection in Automotive Trucks: A Survey,Manuel Hirth; Daniel Meier; Ottmar Gehring; Nasser Jazdi; Enkelejda Kasneci,58,5,10.1145/3771089,https://doi.org/10.1145/3771089,article,ACM Computing Surveys,https://openalex.org/W4414890241
ACM Computing Surveys (CSUR),ACM,2025,2025-10-08,A Survey on Privacy-Preserving Computing in the Automotive Domain,Nergiz Yuca; Nikolay Matyunin; Ektor Arzoglou; Nikolaos Athanasios Anagnostopoulos; Stefan Katzenbeisser,58,5,10.1145/3770580,https://doi.org/10.1145/3770580,article,ACM Computing Surveys,https://openalex.org/W4414967156
ACM Computing Surveys (CSUR),ACM,2025,2025-10-08,A Survey on Proactive Deepfake Defense: Disruption and Watermarking,Hong-Hanh Nguyen-Le; Van-Tuan Tran; Thuc Dinh Nguyen; Nhien‐An Le‐Khac,58,5,10.1145/3771296,https://doi.org/10.1145/3771296,article,ACM Computing Surveys,https://openalex.org/W4414967429
ACM Computing Surveys (CSUR),ACM,2025,2025-10-08,Deep Learning Representations of Programs: A Systematic Literature Review,Deepika Shanmugasundaram; Pallavi Arivukkarasu; Huaming Chen; Haipeng Cai,58,5,10.1145/3769008,https://doi.org/10.1145/3769008,review,ACM Computing Surveys,https://openalex.org/W4414967438
ACM Computing Surveys (CSUR),ACM,2025,2025-10-09,"A Comprehensive Survey of Transformers in Text Recognition: Techniques, Challenges, and Future Directions",Ali Afkari-Fahandari; Elham Shabaninia; Fatemeh Asadi-Zeydabadi; Hossein Nezamabadi–pour,58,5,10.1145/3771273,https://doi.org/10.1145/3771273,article,ACM Computing Surveys,https://openalex.org/W4414982151
ACM Computing Surveys (CSUR),ACM,2025,2025-10-10,Representation Learning in Complex Logical Query Answering on Knowledge Graphs: A Survey,Chau Duc Minh Nguyen; Tim French; Michael G. Stewart; Melinda R. Hodkiewicz; Wei Liu,58,5,10.1145/3771692,https://doi.org/10.1145/3771692,article,ACM Computing Surveys,https://openalex.org/W4415028266
ACM Computing Surveys (CSUR),ACM,2025,2025-10-10,Video is Worth a Thousand Images: Exploring the Latest Trends in Long Video Generation,Faraz Waseem; Muhammad Shahzad,58,6,10.1145/3771724,https://doi.org/10.1145/3771724,article,ACM Computing Surveys,https://openalex.org/W4415028164
ACM Computing Surveys (CSUR),ACM,2025,2025-10-13,A Primer on Temporal Graph Learning,Aniq Ur Rahman; Ahmed A. Elhag; Justin P. Coon,58,5,10.1145/3771693,https://doi.org/10.1145/3771693,article,ACM Computing Surveys,https://openalex.org/W4415114435
ACM Computing Surveys (CSUR),ACM,2025,2025-10-13,Structure-Based Drug Design with Geometric Deep Learning: A Comprehensive Survey,Zaixi Zhang; Jiaxian Yan; Yining Huang; Qi Liu; Enhong Chen; Mengdi Wang; Marinka Žitnik,58,5,10.1145/3769677,https://doi.org/10.1145/3769677,article,ACM Computing Surveys,https://openalex.org/W4415114198
ACM Computing Surveys (CSUR),ACM,2025,2025-10-14,Remote Respiration Measurement with RGB Cameras: A Review and Benchmark,Giuseppe Boccignone; Vittorio Cuculo; Alessandro D’Amelio; Giuliano Grossi; Raffaella Lanzarotti; Sabrina Patania,58,5,10.1145/3771763,https://doi.org/10.1145/3771763,article,ACM Computing Surveys,https://openalex.org/W4415147672
ACM Computing Surveys (CSUR),ACM,2025,2025-10-15,AI Alignment: A Contemporary Survey,Jiaming Ji; Tianyi Qiu; Boyuan Chen; Jiayi Zhou; Borong Zhang; Donghai Hong; Hantao Lou; Kaile Wang; Yawen Duan; Zhonghao He; Lukas Vierling; Zhaowei Zhang; Fanzhi Zeng; Juntao Dai; Xuehai Pan; Hua Xu; Aidan O’Gara; Kwan Yee Ng; Brian Tse; Jie Fu; S. McAleer; Yanfeng Wang; Mingchuan Yang; Yunhuai Liu; Yizhou Wang; Song-Chun Zhu; Yike Guo; Yaodong Yang; Wen Gao,58,5,10.1145/3770749,https://doi.org/10.1145/3770749,article,ACM Computing Surveys,https://openalex.org/W4415207023
ACM Computing Surveys (CSUR),ACM,2025,2025-10-15,Digital Privacy Under Attack: Challenges and Enablers,Baobao Song; Shiva Raj Pokhrel; Mengyue Deng; Qiujun Lan; Robin Doss; Tianqing Zhu; Gang Li,58,4,10.1145/3770853,https://doi.org/10.1145/3770853,article,ACM Computing Surveys,https://openalex.org/W4415207043
ACM Computing Surveys (CSUR),ACM,2025,2025-10-16,Influence Maximization on Signed Social Networks: A Survey,Shashank Sheshar Singh; Vishal Srivastava; Avadh Kishor; Jayendra Barua; Neeraj Kumar,58,4,10.1145/3772061,https://doi.org/10.1145/3772061,article,ACM Computing Surveys,https://openalex.org/W4415243103
ACM Computing Surveys (CSUR),ACM,2025,2025-10-18,"A Survey of Threshold Signatures: NIST Standards, Post-Quantum Cryptography, Exotic Techniques, and Real-World Applications",Kiarash Sedghighadikolaei; Attila Altay Yavuz,58,6,10.1145/3772274,https://doi.org/10.1145/3772274,article,ACM Computing Surveys,https://openalex.org/W4415322956
ACM Computing Surveys (CSUR),ACM,2025,2025-10-18,Deep Learning on RISC-V Platforms at the Edge: A Perspective on the Hardware and Software Support,Giovanni Agosta; Andrea Galimberti; Davide Zoni,58,5,10.1145/3772277,https://doi.org/10.1145/3772277,article,ACM Computing Surveys,https://openalex.org/W4415322843
ACM Computing Surveys (CSUR),ACM,2025,2025-10-21,"Navigating Posit Arithmetic: A Comprehensive Survey of Principles, Hardware, and Applications",David Mallasén; Raúl Murillo; Guillermo Botella; Alberto Antonio Del Barrio,58,5,10.1145/3772284,https://doi.org/10.1145/3772284,article,ACM Computing Surveys,https://openalex.org/W4415382075
ACM Computing Surveys (CSUR),ACM,2025,2025-10-21,Review of Explainable Graph-Based Recommender Systems,Thanet Markchom; Huizhi Liang; James M. Ferryman,58,6,10.1145/3772273,https://doi.org/10.1145/3772273,article,ACM Computing Surveys,https://openalex.org/W4415382061
ACM Computing Surveys (CSUR),ACM,2025,2025-10-22,A Comprehensive Survey of Threat Intelligence Research: A Measurement-Based Study,Keisuke Furumoto; Tomohiro Morikawa; Antti Kolehmainen; Bilhanan Silverajan; Takeshi Takahashi; Daisuke Inoue,58,6,10.1145/3772280,https://doi.org/10.1145/3772280,article,ACM Computing Surveys,https://openalex.org/W4415423016
ACM Computing Surveys (CSUR),ACM,2025,2025-10-22,Blockchain in the Digital Twin Context: A Comprehensive Survey,Dun Li; Dezhi Han; Noël Crespi; Roberto Minerva; Syed Mohsan Raza; Reza Farahbakhsh; Wei Liang; Zibin Zheng,58,6,10.1145/3772366,https://doi.org/10.1145/3772366,article,ACM Computing Surveys,https://openalex.org/W4415422927
ACM Computing Surveys (CSUR),ACM,2025,2025-10-22,Leveraging Machine Learning Models to Improve Smart Contract Security: A Survey of Vulnerabilities and Detection Methods,Shikah J. Alsunaidi; Hamoud Aljamaan; Mohammad Ali A. Hammoudeh,58,6,10.1145/3772367,https://doi.org/10.1145/3772367,article,ACM Computing Surveys,https://openalex.org/W4415423074
ACM Computing Surveys (CSUR),ACM,2025,2025-10-24,A Comprehensive Survey on Transformer-Based Machine Translation: Identifying Research Gaps and Solutions for Large Language Models,Anasua Banerjee; Debajyoty Banik,58,5,10.1145/3773076,https://doi.org/10.1145/3773076,article,ACM Computing Surveys,https://openalex.org/W4415507018
ACM Computing Surveys (CSUR),ACM,2025,2025-10-24,Analytical Survey of Learning with Low-Resource Data: From Analysis to Investigation,Xiaofeng Cao; Mingwei Xu; Xin Feng Yu; Jiangchao Yao; Wei Ye; Sheng-Jun Huang; Min-Ling Zhang; Ivor Wai-Hung Tsang; Yew-Soon Ong; James Tin-Yau Kwok; Heng Tao Shen,58,6,10.1145/3773075,https://doi.org/10.1145/3773075,article,ACM Computing Surveys,https://openalex.org/W4415505959
ACM Computing Surveys (CSUR),ACM,2025,2025-10-24,"Distortion Classification in Computer Vision Applications: Current Progress, Challenges, and Perspectives",Hammad Hassan Gillani; Muhammad Ali Qureshi; Azeddine Beghdadi; Faouzi Alaya Cheikh; Mohib Ullah,58,6,10.1145/3773023,https://doi.org/10.1145/3773023,article,ACM Computing Surveys,https://openalex.org/W4415505917
ACM Computing Surveys (CSUR),ACM,2025,2025-10-24,Leveraging Graphs for Advanced Analytics in Major Team Sports: A Systematic Mapping Study,Cristiano Russo; Cristian Tommasino; Antonio M. Rinaldi,58,6,10.1145/3773024,https://doi.org/10.1145/3773024,article,ACM Computing Surveys,https://openalex.org/W4415505967
ACM Computing Surveys (CSUR),ACM,2025,2025-10-24,Vision-Based Mobile App GUI Testing: A Survey,Shengcheng Yu; Chunrong Fang; Ziyuan Tuo; Quanjun Zhang; Chunyang Chen; Zhenyu Chen; Zhendong Su,58,6,10.1145/3773027,https://doi.org/10.1145/3773027,article,ACM Computing Surveys,https://openalex.org/W4415507077
ACM Computing Surveys (CSUR),ACM,2025,2025-10-25,Revisited Visual Saliency Detection with Deep Learning: A Review of Recent Advancements,Sandeep Chand Kumain; Maheep Singh; Lalit Kumar Awasthi,58,6,10.1145/3773697,https://doi.org/10.1145/3773697,article,ACM Computing Surveys,https://openalex.org/W4415542896
ACM Computing Surveys (CSUR),ACM,2025,2025-10-27,The Emerged Security and Privacy of LLM Agent: A Survey with Case Studies,Feng He; Tianqing Zhu; Dayong Ye; Bo Liu; Wanlei Zhou; Philip S. Yu,58,6,10.1145/3773080,https://doi.org/10.1145/3773080,article,ACM Computing Surveys,https://openalex.org/W4401201613
ACM Computing Surveys (CSUR),ACM,2025,2025-10-30,A Survey on Recent Advances in LLM-Based Multi-turn Dialogue Systems,Zihao Yi; Jiarui Ouyang; Zhe Xu; Yuwen Liu; Tianhao Liao; Haohao Luo; Ying Shen,58,6,10.1145/3771090,https://doi.org/10.1145/3771090,article,ACM Computing Surveys,https://openalex.org/W4415689913
ACM Computing Surveys (CSUR),ACM,2025,2025-10-31,"SE Perspective on LLMs: Biases in Code Generation, Code Interpretability, and Code Security Risks",Rrezarta Krasniqi; Depeng Xu; Marco Paulo Amorim Vieira,58,5,10.1145/3774324,https://doi.org/10.1145/3774324,article,ACM Computing Surveys,https://openalex.org/W4415723227
ACM Computing Surveys (CSUR),ACM,2025,2025-11-01,"Hardware-Level QoS Enforcement Features: Technologies, Use Cases, and Research Challenges",Oliver Larsson; Thijs Metsch; Cristian Klein; Erik Elmroth,58,6,10.1145/3774317,https://doi.org/10.1145/3774317,article,ACM Computing Surveys,https://openalex.org/W4415763863
ACM Computing Surveys (CSUR),ACM,2025,2025-11-01,Mathematical Language Models: A Survey,Wentao Liu; Hanglei Hu; Jie Zhou; Yuyang Ding; Junsong Li; Jiayi Zeng; Mengliang He; Qin Chen; Bo Jiang; Aimin Zhou; Liang He,58,6,10.1145/3773985,https://doi.org/10.1145/3773985,article,ACM Computing Surveys,https://openalex.org/W4415763854
ACM Computing Surveys (CSUR),ACM,2025,2025-11-03,Password-Authenticated Key Exchange Protocols: A Survey,Ding Wang; Guanling Li; Jingwei Jiang,58,6,10.1145/3774642,https://doi.org/10.1145/3774642,article,ACM Computing Surveys,https://openalex.org/W4415800215
ACM Computing Surveys (CSUR),ACM,2025,2025-11-04,"A Survey of Adaptation of Large Language Models to Idea and Hypothesis Generation: Downstream Task Adaptation, Knowledge Distillation Approaches and Challenges",Olaide Nathaniel Oyelade; Hui Wang; Kevin John Rafferty,58,6,10.1145/3774628,https://doi.org/10.1145/3774628,article,ACM Computing Surveys,https://openalex.org/W4415850592
ACM Computing Surveys (CSUR),ACM,2025,2025-11-04,A Survey on Human Preference Learning for Aligning Large Language Models,Ruili Jiang; Kehai Chen; Xuefeng Bai; Z. H. He; Juntao Li; Muyun Yang; Tiejun Zhao; Liqiang Nie; Min Zhang,58,6,10.1145/3773279,https://doi.org/10.1145/3773279,article,ACM Computing Surveys,https://openalex.org/W4415850505
ACM Computing Surveys (CSUR),ACM,2025,2025-11-04,Persuasive Conversational Agents for Environmental Sustainability: A Survey,Mathyas Giudici; Pietro Crovari; Franca Garzotto,58,6,10.1145/3774751,https://doi.org/10.1145/3774751,article,ACM Computing Surveys,https://openalex.org/W4415850419
ACM Computing Surveys (CSUR),ACM,2025,2025-11-05,"Multi-Step Reasoning with Large Language Models, a Survey",Aske Plaat; Annie Wong; Suzan Verberne; Joost Broekens; Bas van Stein; Thomas Bäck,58,6,10.1145/3774896,https://doi.org/10.1145/3774896,article,ACM Computing Surveys,https://openalex.org/W4415915064
ACM Computing Surveys (CSUR),ACM,2025,2025-11-06,Auditing the Shadows: A Review of Methods to Detect Shared Training Data in Large Language Models,Mohannad Zeyad Naser,58,7,10.1145/3774897,https://doi.org/10.1145/3774897,article,ACM Computing Surveys,https://openalex.org/W4415958484
ACM Computing Surveys (CSUR),ACM,2025,2025-11-08,Concept-based Explainable Artificial Intelligence: A Survey,Eleonora Poeta; Gabriele Ciravegna; Eliana Pastor; Tania Cerquitelli; Elena Baralis,,,10.1145/3774643,https://doi.org/10.1145/3774643,article,ACM Computing Surveys,https://openalex.org/W4416028051
ACM Computing Surveys (CSUR),ACM,2025,2025-11-11,A Survey of AI Reliance,Sven Eckhardt; Niklas Kühl; Mateusz Dolata; Gerhard Schwabe,58,6,10.1145/3776528,https://doi.org/10.1145/3776528,article,ACM Computing Surveys,https://openalex.org/W4416133418
ACM Computing Surveys (CSUR),ACM,2025,2025-11-13,"A Taxonomy and Comparative Analysis of IPv4 Identifier Selection Correctness, Security, and Performance",Joshua J. Daymude; Antonio M. Espinoza; Helen A. Bergen; Benjamin Mixon-Baca; Jeffrey Knockel; Jedidiah R. Crandall,58,6,10.1145/3776582,https://doi.org/10.1145/3776582,article,ACM Computing Surveys,https://openalex.org/W4416191383
ACM Computing Surveys (CSUR),ACM,2025,2025-11-13,From Tiny Machine Learning to Tiny Deep Learning: A Survey,Shriyank Somvanshi; Md Majharul Islam; Gaurab Chhetri; Rohit Chakraborty; Mahmuda Sultana Mimi; Sawgat Ahmed Shuvo; Kazi Sifatul Islam; Syed Javed; Sharif Ahmed Rafat; Anandi K Dutta; Subasish Das,58,7,10.1145/3776588,https://doi.org/10.1145/3776588,article,ACM Computing Surveys,https://openalex.org/W4415164192
ACM Computing Surveys (CSUR),ACM,2025,2025-11-14,A Comprehensive Survey on Legal Summarization: Challenges and Future Directions,Mousumi Akter; Erion Çano; Erik Weber; Dennis Dobler; Ivan Habernal,58,7,10.1145/3776586,https://doi.org/10.1145/3776586,article,ACM Computing Surveys,https://openalex.org/W4416522876
ACM Computing Surveys (CSUR),ACM,2025,2025-11-14,DeepSeek-Inspired Exploration of RL-Based LLMs and Synergy with Wireless Networks: A Survey,Yu Qiao; Phuong-Nam Tran; Ji Su Yoon; Loc X. Nguyen; Eui‐Nam Huh; Dusit Tao Niyato; Choong Seon Hong,58,7,10.1145/3776745,https://doi.org/10.1145/3776745,article,ACM Computing Surveys,https://openalex.org/W4414900349
ACM Computing Surveys (CSUR),ACM,2025,2025-11-14,Indexing Techniques for Graph Reachability Queries,Chao Zhang; Angela Bonifati; M. TAMER ÖZSU,58,6,10.1145/3776737,https://doi.org/10.1145/3776737,paratext,ACM Computing Surveys,https://openalex.org/W4416672590
ACM Computing Surveys (CSUR),ACM,2025,2025-11-14,"Natural Language Processing for the Legal Domain: A Survey of Tasks, Datasets, Models, and Challenges",Farid Ariai; Joel Mackenzie; Gianluca Demartini,58,6,10.1145/3777009,https://doi.org/10.1145/3777009,article,ACM Computing Surveys,https://openalex.org/W4404340680
ACM Computing Surveys (CSUR),ACM,2025,2025-11-15,Chaos Engineering: A Multi-Vocal Literature Review,Joshua Owotogbe; Indika Kumara; Willem‐Jan van den Heuvel; Damian A. Tamburri,58,7,10.1145/3777375,https://doi.org/10.1145/3777375,article,ACM Computing Surveys,https://openalex.org/W4416249130
ACM Computing Surveys (CSUR),ACM,2025,2025-11-17,Instruction Tuning for Large Language Models: A Survey,Shengyu Zhang; Linfeng Dong; Xiaoya Li; Sen Zhang; Xiaofei Sun; Shuhe Wang; Jiwei Li; Runyi Hu; Tianwei Zhang; Guoyin Wang; Fei Qing Wu,58,7,10.1145/3777411,https://doi.org/10.1145/3777411,article,ACM Computing Surveys,https://openalex.org/W4416296080
ACM Computing Surveys (CSUR),ACM,2025,2025-11-17,Towards Trustworthy AI: A Review of Ethical and Robust Large Language Models,Md Meftahul Ferdaus; Mahdi Abdelguerfi; Elias Ioup; Kendall N. Niles; Ken Pathak; Steven D. Sloan,58,7,10.1145/3777382,https://doi.org/10.1145/3777382,article,ACM Computing Surveys,https://openalex.org/W4416298062
ACM Computing Surveys (CSUR),ACM,2025,2025-11-18,A Survey of FPGA-based 3D CNN Accelerators and Hardware-aware Algorithmic Optimizations,Dana Diaconu; Xue Lin; Michaela Blott; Miriam E. Leeser,58,6,10.1145/3777366,https://doi.org/10.1145/3777366,article,ACM Computing Surveys,https://openalex.org/W4416336843
ACM Computing Surveys (CSUR),ACM,2025,2025-11-18,Exploring Human-Centric Dimensions in Blockchain Smart Contracts,Hanouf Al Ghanmi; Sabreen Ahmadjee; Rami Bahsoon; Hayatullahi Bolaji Adeyemo,58,7,10.1145/3777414,https://doi.org/10.1145/3777414,article,ACM Computing Surveys,https://openalex.org/W4416309184
ACM Computing Surveys (CSUR),ACM,2025,2025-11-20,"A Review of Open-RAN Intelligence: Opportunities, Challenges, Real-Life Applications and Impacts",Haitham Mahmoud; De Mi; Adel Aneiba; Moad Idrissi; G. R. Sharma; Chuan Heng Foh; Pei Xiao,58,8,10.1145/3777379,https://doi.org/10.1145/3777379,article,ACM Computing Surveys,https://openalex.org/W4416522848
ACM Computing Surveys (CSUR),ACM,2025,2025-11-22,Privacy Enhancing Technologies for Intelligent Healthcare: Research Challenges and Opportunities,Fawad Ali Khan; Syed Aziz Shah; Shahzaib Tahir; Yazeed Yasin Ghadi; Syed Ikram Shah; Adnan Zahid; Jawad Elsayed Ahmad; Qammer H. Abbasi,58,7,10.1145/3771543,https://doi.org/10.1145/3771543,article,ACM Computing Surveys,https://openalex.org/W4416538322
ACM Computing Surveys (CSUR),ACM,2025,2025-11-25,Controlled Natural Language for Requirements Specification: A Systematic Literature Review,Ikram Darif; Ghizlane El Boussaidi; Sègla Kpodjedo; Cristiano Politowski,58,7,10.1145/3778169,https://doi.org/10.1145/3778169,review,ACM Computing Surveys,https://openalex.org/W4416626061
ACM Computing Surveys (CSUR),ACM,2025,2025-11-25,Survey on Deep Face Restoration: From Non-blind to Blind and Beyond,Wenjie Li; Mei Wang; Kai Zhang; Juncheng Li; Xiaoming Li; Yuhang Zhang; Guangwei Gao; Zhanyu Ma,58,6,10.1145/3778162,https://doi.org/10.1145/3778162,article,ACM Computing Surveys,https://openalex.org/W4416626030
ACM Computing Surveys (CSUR),ACM,2025,2025-11-26,Computational Humor Modeling: A Survey on the State of the Art,Jens Lemmens; Victor De Marez,58,7,10.1145/3778357,https://doi.org/10.1145/3778357,article,ACM Computing Surveys,https://openalex.org/W4416723314
ACM Computing Surveys (CSUR),ACM,2025,2025-11-26,SoK: Acoustic Side Channels,Ping Wang; Shishir Nagaraja; Aurélien Bourquard; Haichang Gao; Jeff Yan,58,7,10.1145/3778350,https://doi.org/10.1145/3778350,article,ACM Computing Surveys,https://openalex.org/W4416723210
ACM Computing Surveys (CSUR),ACM,2025,2025-11-27,A Systematic Literature Review on the Intersection of Self-X System Classes,Inga Miadowicz; Daniel Maldonado Quinto; Michael Felderer,58,7,10.1145/3778859,https://doi.org/10.1145/3778859,review,ACM Computing Surveys,https://openalex.org/W4416765342
ACM Computing Surveys (CSUR),ACM,2025,2025-12-02,Digital Twins Paradigm: A Systematic Review from the Reinforcement Learning Perspective,Shahmir Khan Mohammed; Shakti Singh; Rabeb Mizouni; Hadi Otrok; Ernesto Damiani,58,7,10.1145/3777367,https://doi.org/10.1145/3777367,review,ACM Computing Surveys,https://openalex.org/W4416908048
ACM Computing Surveys (CSUR),ACM,2025,2025-12-03,"Toward Efficient Underwater Visual Perception through Image Enhancement, Compression, and Understanding",Rongxin Zhu; Lei Sheng; Kaitao Wu; Azzedine Boukerche; Libo Long; Qiuling Yang,58,8,10.1145/3779223,https://doi.org/10.1145/3779223,article,ACM Computing Surveys,https://openalex.org/W4416944645
ACM Computing Surveys (CSUR),ACM,2025,2025-12-05,Securing Large Language Models: A Survey of Watermarking and Fingerprinting Techniques,Pei-Gen Ye; Huali Ren; Zhengdao Li; Anli Yan; Hongyang Yan; Shaowei Wang; Jin Li,58,7,10.1145/3773028,https://doi.org/10.1145/3773028,article,ACM Computing Surveys,https://openalex.org/W4417064600
ACM Computing Surveys (CSUR),ACM,2025,2025-12-05,The Many Faces of Data Deletion: On the Significance and Implications of Deleting Data,Ignacio Marco-Pérez; Beatriz Pérez; Ángel L. Rubio; María Antonia Zapata,58,7,10.1145/3779299,https://doi.org/10.1145/3779299,article,ACM Computing Surveys,https://openalex.org/W4417064628
ACM Computing Surveys (CSUR),ACM,2025,2025-12-06,Community Detection with the Map Equation and Infomap: Theory and Applications,Jelena Smiljanić; Christopher Blöcker; Anton Holmgren; Daniel Edler; Magnus Neuman; Martin Rosvall,58,7,10.1145/3779648,https://doi.org/10.1145/3779648,article,ACM Computing Surveys,https://openalex.org/W4417077728
ACM Computing Surveys (CSUR),ACM,2025,2025-12-06,Lookup Table-based Computing: A Survey from Software Implementations to Hardware Architectures,Weibang Dai; Xiaogang Chen; Houpeng Chen; Sannian Song; Shunfen Li; Tao Hong; Zhitang Song,58,7,10.1145/3779417,https://doi.org/10.1145/3779417,article,ACM Computing Surveys,https://openalex.org/W4417077754
ACM Computing Surveys (CSUR),ACM,2025,2025-12-10,A Survey on Diffusion Models for Time Series and Spatio-Temporal Data,Yiyuan Yang; Ming Jin; Haomin Wen; Chaoli Zhang; Yuxuan Liang; Lintao Ma; Yi Wang; Chenghao Liu; Bin Yang; Zenglin Xu; Shirui Pan; Qingsong Wen,58,8,10.1145/3783986,https://doi.org/10.1145/3783986,article,ACM Computing Surveys,https://openalex.org/W4417189833
ACM Computing Surveys (CSUR),ACM,2025,2025-12-12,Approximate Computing in High-Level Synthesis: From Survey to Practical Implementation,Benjamin Carrion Schafer; Baharealsadat Parchamdar,58,8,10.1145/3785334,https://doi.org/10.1145/3785334,article,ACM Computing Surveys,https://openalex.org/W7114916242
ACM Computing Surveys (CSUR),ACM,2025,2025-12-15,"Task Offloading for CAVs Edge Computing Environment: Taxonomy, Critical Review, and Future Road Map",Bhoopendra Kumar; Aditya Bhardwaj; Dinesh Prasad Sahu,58,8,10.1145/3783984,https://doi.org/10.1145/3783984,article,ACM Computing Surveys,https://openalex.org/W4417319504
ACM Computing Surveys (CSUR),ACM,2025,2025-12-16,Methods for Acquiring and Incorporating Knowledge into Stock Price Prediction: A Survey,Liping Wang; Jiawei Li; Lifan Zhao; Zhizhuo Kou; Xiaohan Wang; Xinyi Zhu; Hao Wang; Yanyan Shen; Lei Chen,58,7,10.1145/3773079,https://doi.org/10.1145/3773079,article,ACM Computing Surveys,https://openalex.org/W4417361388
ACM Computing Surveys (CSUR),ACM,2025,2025-12-17,A Survey on Off-chain Technologies,Chaoming Shi; Haomeng Xie; Zheng Yan; Laurence Tianruo Yang,58,7,10.1145/3765897,https://doi.org/10.1145/3765897,article,ACM Computing Surveys,https://openalex.org/W4417426731
ACM Computing Surveys (CSUR),ACM,2025,2025-12-17,Self-Sovereign Identity as a Secure and Trustworthy Approach to Digital Identity Management: A Comprehensive Survey,Efat Fathalla; Mohamed Azab; Chunsheng Xin; Hongyi Wu,58,7,10.1145/3785466,https://doi.org/10.1145/3785466,article,ACM Computing Surveys,https://openalex.org/W7115749096
ACM Computing Surveys (CSUR),ACM,2025,2025-12-18,A Systematic Review: Zero-Watermarking Techniques Analysis for 3D Video Protection,Dalal Thair; Hala Bahjat Abdul Wahab; Fahad Taha AL‐Dhief; Nurhizam Safie Mohd Satar,58,8,10.1145/3778748,https://doi.org/10.1145/3778748,review,ACM Computing Surveys,https://openalex.org/W4417456848
ACM Computing Surveys (CSUR),ACM,2025,2025-12-18,AGI-Enabled Solutions for Service Explosion in IoX: A Cyber-Physical-Social-Thinking Perspective,Qikai Wei; Huansheng Ning; Feifei Shi; Tao Zhu; Jianguo Ding; Abdelouahid Derhab; Mahmoud Daneshmand,58,8,10.1145/3785669,https://doi.org/10.1145/3785669,article,ACM Computing Surveys,https://openalex.org/W4417456881
ACM Computing Surveys (CSUR),ACM,2025,2025-12-18,Another Brick in the Wall: A Systematic Mapping Study Toward Defining Metaverse Engineering Through Socio-Technical Issues,Dario Di Dario; Fabio Palomba; Carmine Gravino,58,8,10.1145/3785659,https://doi.org/10.1145/3785659,article,ACM Computing Surveys,https://openalex.org/W4417456892
ACM Computing Surveys (CSUR),ACM,2025,2025-12-18,Continual Learning in Medical Imaging: A Survey and Practical Analysis,Mohammad Areeb Qazi; Anees Ur Rehman Hashmi; Santosh Sanjeev; Ibrahim Almakky; Numan Saeed; Camila González; Mohammad K. Yaqub,58,8,10.1145/3785663,https://doi.org/10.1145/3785663,article,ACM Computing Surveys,https://openalex.org/W4417456879
ACM Computing Surveys (CSUR),ACM,2025,2025-12-18,"From 5G to 6G: A Survey on Security, Privacy, and Standardization Pathways",Mengmeng Yang; Youyang Qu; Thilina Ranbaduge; Chandra Thapa; Nazatul Haque Sultan; Ming Ding; Hajime Suzuki; Wei Ni; Alsharif Abuadbba; David Bryan Smith; Paul Tyler; Josef Pieprzyk; Thierry Rakotoarivelo; Xinlong Guan; Sirine Mrabet,58,8,10.1145/3785467,https://doi.org/10.1145/3785467,article,ACM Computing Surveys,https://openalex.org/W4417456846
ACM Computing Surveys (CSUR),ACM,2025,2025-12-19,"A Survey of Talking Head Synthesis Techniques: Portrait Generation, Driving Mechanisms, and Editing",Ming Meng; Yufei Zhao; Bo Zhang; Yonggui Zhu; Weimin Shi; Zhoufutu Wen; Zhaoxin Fan,58,7,10.1145/3785656,https://doi.org/10.1145/3785656,article,ACM Computing Surveys,https://openalex.org/W4417499102
ACM Computing Surveys (CSUR),ACM,2025,2025-12-19,Adversarial Machine Learning in IoT Security: A Comprehensive Survey,Zil -e- Huma; Sana Ullah Jan; Jawad Elsayed Ahmad; William Johnston Buchanan; Nikolaos Pitropakis,58,8,10.1145/3785665,https://doi.org/10.1145/3785665,article,ACM Computing Surveys,https://openalex.org/W4417499121
ACM Computing Surveys (CSUR),ACM,2025,2025-12-19,Certificate Revocation in the TLS Ecosystem: A Survey,Hyunsoo Kwon; Doowon Kim; Ho-Dong Kim; Changhee Hahn; Junbeom Hur,58,7,10.1145/3785653,https://doi.org/10.1145/3785653,article,ACM Computing Surveys,https://openalex.org/W4417499109
ACM Computing Surveys (CSUR),ACM,2025,2025-12-19,"Decentralized Federated Learning with Non-IID Data: Challenges, Trends, and Future Opportunities",Wu-Chun Chung; C. T. Lo; Yu-Jau Lin; Zhi-Hao Chen; Che‐Lun Hung,58,8,10.1145/3785657,https://doi.org/10.1145/3785657,article,ACM Computing Surveys,https://openalex.org/W4417499122
ACM Computing Surveys (CSUR),ACM,2025,2025-12-19,State-of-the-Art Review and Comparative Experimentation of Emergency Call Prediction Models,Feriel Fass; Hadia Mecheri; Djemel Ziou; Jessica Lévesque,58,8,10.1145/3785661,https://doi.org/10.1145/3785661,article,ACM Computing Surveys,https://openalex.org/W4417499111
ACM Computing Surveys (CSUR),ACM,2025,2025-12-22,A Survey on Uncertainty Quantification Methods for Deep Learning,Wenchong He; Zhe Jiang; Tingsong Xiao; Zelin Xu; Yukun Li,58,7,10.1145/3786319,https://doi.org/10.1145/3786319,article,ACM Computing Surveys,https://openalex.org/W7116694432
ACM Computing Surveys (CSUR),ACM,2025,2025-12-22,"Cyberbullying Detection: Exploring Datasets, Technologies, and Approaches on Social Media Platforms",Adamu Gaston Philipo; Doreen Sebastian Sarwatt; Jianguo Ding; Mahmoud Daneshmand; Huansheng Ning,58,7,10.1145/3785654,https://doi.org/10.1145/3785654,article,ACM Computing Surveys,https://openalex.org/W7116762414
ACM Computing Surveys (CSUR),ACM,2025,2025-12-22,Energy-Latency Attacks: A New Adversarial Threat to Deep Learning,Hanene F. Z. Brachemi Meftah; Wassim Hamidouche; Sid Ahmed Fezza; Olivier Déforges,58,8,10.1145/3785666,https://doi.org/10.1145/3785666,article,ACM Computing Surveys,https://openalex.org/W7116715698
ACM Computing Surveys (CSUR),ACM,2025,2025-12-22,"Quantum Machine Learning for Drug Discovery: Taxonomy, Research Challenges, and the Road Ahead",Yen H. P. Duong; Syed Muhammad Abuzar Rizvi; Brad McNiven; Thanh Tuan Nguyen; Hyundong Shin; Octavia A. Dobre; Trung Q. Duong,58,8,10.1145/3785660,https://doi.org/10.1145/3785660,article,ACM Computing Surveys,https://openalex.org/W7116771114
ACM Computing Surveys (CSUR),ACM,2025,2025-12-25,A Comprehensive Survey and Taxonomy of Cybersecurity Challenges and Proactive Measures for IoD,Arnolnt Spyros; Periklis Chatzimisios; Dimitrios Kavallieros; Theodora Tsikrika; Stefanos Vrochidis; Yiannis Kompatsiaris,58,7,10.1145/3785658,https://doi.org/10.1145/3785658,article,ACM Computing Surveys,https://openalex.org/W7117246790
ACM Computing Surveys (CSUR),ACM,2025,2025-12-25,A Survey of Single Image Blind Motion Deblurring from Traditional to Deep Learning,Tingting Zhang; Jiawei Lu; Qiyu Jin; Tieyong Zeng,58,9,10.1145/3785655,https://doi.org/10.1145/3785655,article,ACM Computing Surveys,https://openalex.org/W7117245941
ACM Computing Surveys (CSUR),ACM,2025,2025-12-25,A Survey on Large Language Models for Mathematical Reasoning,Peng-Yuan Wang; Tian-Shuo Liu; Chenyang Wang; Ziniu Li; Yidi Wang; Shu Yan; Chengxing Jia; Xu-Hui Liu; Xinwei Chen; J. Xu; Yang Yu,58,8,10.1145/3786333,https://doi.org/10.1145/3786333,article,ACM Computing Surveys,https://openalex.org/W7117259628
ACM Computing Surveys (CSUR),ACM,2025,2025-12-25,"Event Camera Meets Mobile Embodied Perception: Abstraction, Algorithm, Acceleration, Application",Haoyang Wang; Ruishan Guo; Pengtao Ma; Ciyu Ruan; Xinyu Luo; Wenhua Ding; Tianyang Zhong; Jingao Xu; Yunhao Liu; Xinlei Chen,58,8,10.1145/3786332,https://doi.org/10.1145/3786332,article,ACM Computing Surveys,https://openalex.org/W7117244598
ACM Computing Surveys (CSUR),ACM,2025,2025-12-25,Implicit Aspect Extraction: A Systematic Review,Meghna Chaudhary; Tempestt J. Neal,58,7,10.1145/3786590,https://doi.org/10.1145/3786590,review,ACM Computing Surveys,https://openalex.org/W7117251867
ACM Computing Surveys (CSUR),ACM,2025,2025-12-26,A Comprehensive Review of Brain-inspired Navigation,Xu He; Xiaolin Meng; Lingfei Mo; Y. Zhang; Fangwen Yu; Jingnan Liu,58,8,10.1145/3786344,https://doi.org/10.1145/3786344,article,ACM Computing Surveys,https://openalex.org/W7117301890
ACM Computing Surveys (CSUR),ACM,2025,2025-12-30,"DNN Partitioning for Cooperative Inference in Edge Intelligence: Modeling, Solutions, Toolchains",Yuntao Hao; Nan Ding; Weiguo Xia; Hongwei Ge; Li Xu,58,8,10.1145/3786145,https://doi.org/10.1145/3786145,article,ACM Computing Surveys,https://openalex.org/W7117564613
ACM Computing Surveys (CSUR),ACM,2026,2026-01-06,Large Language Models for Computer-Aided Design: A Survey,Licheng Zhang; Bach Le; Naveed Hassan Akhtar; Siew-Kei Lam; Duc Ngo,58,9,10.1145/3787499,https://doi.org/10.1145/3787499,article,ACM Computing Surveys,https://openalex.org/W7118786724
ACM Computing Surveys (CSUR),ACM,2026,2026-01-07,Detecting Training Data For Large Language Models: A Survey,Chen Yang; Junyi Li; Shulin LAN; Yingchao Wang; Hongyang Du; Congcheng Gong; Xingshan Yao; Dusit Tao Niyato; Liehuang Zhu,58,9,10.1145/3779430,https://doi.org/10.1145/3779430,article,ACM Computing Surveys,https://openalex.org/W7118442141
ACM Computing Surveys (CSUR),ACM,2026,2026-01-10,Deep Learning for Collective Anomaly Detection,Dalila Khettaf; Djamel Djenouri; Zeinab Rezaeifar; Youcef Djenouri,58,8,10.1145/3788280,https://doi.org/10.1145/3788280,article,ACM Computing Surveys,https://openalex.org/W7120965800
ACM Computing Surveys (CSUR),ACM,2026,2026-01-10,"Model Merging in LLMs, MLLMs, and Beyond: Methods, Theories, Applications, and Opportunities",Enneng Yang; Li Shen; Guibing Guo; X. Wang; Cao Xy; Jie Zhang; Dacheng Tao,58,8,10.1145/3787849,https://doi.org/10.1145/3787849,article,ACM Computing Surveys,https://openalex.org/W7121445788
ACM Computing Surveys (CSUR),ACM,2026,2026-01-12,A Systematic Survey on Large Language Models for Algorithm Design,Fei Liu; Yiming Yao; Ping Guo; Zhiyuan Yang; Xi Lin; Zhe Zhao; Xialiang Tong; Kun Mao; Zhichao Lu; Zhenkun Wang; Mingxuan Yuan; Qingfu Zhang,58,8,10.1145/3787585,https://doi.org/10.1145/3787585,article,ACM Computing Surveys,https://openalex.org/W7123359483
ACM Computing Surveys (CSUR),ACM,2026,2026-01-14,"Function Calling in Large Language Models: Industrial Practices, Challenges, and Future Directions",Maolin Wang; Yingyi Zhang; Bowen Yu; Bingguang Hao; Cunyin Peng; Yi-Cheng Chen; Wei Zhou; Jinjie Gu; Chenyi Zhuang; Ruocheng Guo; Wanyu Wang; Xiangyu Zhao,58,9,10.1145/3788284,https://doi.org/10.1145/3788284,article,ACM Computing Surveys,https://openalex.org/W7124145495
ACM Computing Surveys (CSUR),ACM,2026,2026-01-14,Identity and Access Management Metrics: A Systematic Review,Thomas Baumer; Sascha Kern; L Fuchs; Günther Pernul,58,8,10.1145/3788858,https://doi.org/10.1145/3788858,review,ACM Computing Surveys,https://openalex.org/W7124182038
ACM Computing Surveys (CSUR),ACM,2026,2026-01-14,"Systemization of Knowledge (SoK): Visualization Insight -- Two Decades of Research, Practice, and Future Directions",Chen He; Niklas Elmqvist; Andrea Bellucci; Mahdi Munshi; Giulio Jacucci,58,9,10.1145/3788869,https://doi.org/10.1145/3788869,article,ACM Computing Surveys,https://openalex.org/W7124132018
ACM Computing Surveys (CSUR),ACM,2026,2026-01-14,VisionAidQA: Advancing Visual Question Answering for the Visually Impaired,Ratnabali Pal; Samarjit Kar; Dilip Kumar Prasad; Arif Ahmed Sekh,58,9,10.1145/3788861,https://doi.org/10.1145/3788861,article,ACM Computing Surveys,https://openalex.org/W7124144053
ACM Computing Surveys (CSUR),ACM,2026,2026-01-16,Building Trust in Artificial Intelligence: A Systematic Review through the Lens of Trust Theory,Massimo Regona; Tan Yiğitcanlar; Carol K.H. Hon; Melissa Teo,58,9,10.1145/3789256,https://doi.org/10.1145/3789256,review,ACM Computing Surveys,https://openalex.org/W7124421908
ACM Computing Surveys (CSUR),ACM,2026,2026-01-16,Diagnosis of Benign Positional Vertigo: A Systematic Review of Machine Learning and Deep Learning within Videonystagmography,Kunal Chaturvedi; Nicholas Yang; Donald G. Dansereau; Christopher Lovejoy; Ali Braytee; Miriam S. Welgampola; Mukesh Prasad,58,8,10.1145/3789494,https://doi.org/10.1145/3789494,review,ACM Computing Surveys,https://openalex.org/W7124439638
ACM Computing Surveys (CSUR),ACM,2026,2026-01-16,"Integration of IoT and Distributed Ledger Technologies: A Survey, Challenges, and Future Directions",Jusak Jusak; Steve Kerrison,58,9,10.1145/3789255,https://doi.org/10.1145/3789255,article,ACM Computing Surveys,https://openalex.org/W7124473121
ACM Computing Surveys (CSUR),ACM,2026,2026-01-16,Interpretable Clustering: A Survey,Lianyu Hu; Mudi Jiang; Junjie Dong; Xinying Liu; Zengyou He,,,10.1145/3789495,https://doi.org/10.1145/3789495,article,ACM Computing Surveys,https://openalex.org/W7124466271
ACM Computing Surveys (CSUR),ACM,2026,2026-01-16,Lessons from Formally Verified Deployed Software Systems,Li Huang; Yeguo Wang; Alexander Kogtenkov; Bertrand Meyer; Yinling Liu,,,10.1145/3785652,https://doi.org/10.1145/3785652,article,ACM Computing Surveys,https://openalex.org/W7124438182
ACM Computing Surveys (CSUR),ACM,2026,2026-01-23,Bridging the Black Box: A Survey on Mechanistic Interpretability in AI,Shriyank Somvanshi; Md Majharul Islam; Amir Rafe; Anannya Ghosh Tusti; Arka Chakraborty; Anika Baitullah; T Chowdhury; Nawaf Alnawmasi; Anandi K Dutta; Subasish Das,58,8,10.1145/3787104,https://doi.org/10.1145/3787104,article,ACM Computing Surveys,https://openalex.org/W7125584057
ACM Computing Surveys (CSUR),ACM,2026,2026-01-24,A Survey on the Optimization of Large Language Model-based Agents,Shangheng Du; Jiabao Zhao; Jinxin Shi; Zhentao Xie; Xin Jiang; Yanhong Bai; Liang He,58,9,10.1145/3789261,https://doi.org/10.1145/3789261,article,ACM Computing Surveys,https://openalex.org/W7125602480
ACM Computing Surveys (CSUR),ACM,2026,2026-01-24,Artificial Markers: A Comprehensive Systematic Review and Design Framework,Benedito Ribeiro Neto; Bianchi Serique Meiguins; Tiago Araújo; Carlos Gustavo Resque dos Santos,58,9,10.1145/3793661,https://doi.org/10.1145/3793661,review,ACM Computing Surveys,https://openalex.org/W7125610443
ACM Computing Surveys (CSUR),ACM,2026,2026-01-24,Chronicles of Jockeying in Queuing Systems,Anthony Kiggundu; Bin Han; Dennis Krummacker; Hans Dieter Schotten,58,8,10.1145/3786318,https://doi.org/10.1145/3786318,article,ACM Computing Surveys,https://openalex.org/W7125601043
ACM Computing Surveys (CSUR),ACM,2026,2026-01-24,Recent Advances in Automatic Term Extraction: A Comprehensive Survey,Hanh Thi Hong Tran; Matej Martinc; Jaya Caporusso; Julien Delaunay; Antoine Doucet; Senja Pollak,58,9,10.1145/3787584,https://doi.org/10.1145/3787584,article,ACM Computing Surveys,https://openalex.org/W7125578770
ACM Computing Surveys (CSUR),ACM,2026,2026-01-24,Survey on Learning-based Dynamic Fault Localization: From Traditional Machine Learning to Large Language Models,Chunyan Liu; Yan Lei; Huan Xie; jinping Wang; Yue Yu; David Lo,58,9,10.1145/3787202,https://doi.org/10.1145/3787202,article,ACM Computing Surveys,https://openalex.org/W7125596406
ACM Computing Surveys (CSUR),ACM,2026,2026-01-26,A Systematic Literature Review of Healthcare Embedded Systems Using AI-based Biosignal Analysis,Sumair Aziz; Girija Chetty; Roland Goecke; Raul Fernandez-Rojas,58,9,10.1145/3793669,https://doi.org/10.1145/3793669,review,ACM Computing Surveys,https://openalex.org/W7125698332
ACM Computing Surveys (CSUR),ACM,2026,2026-01-26,"BBR Congestion Control Algorithms: Evolution, Challenges and Future Directions",Akshita Abrol; P. Mohan; Tram Truong-Huu; Mohan Gurusamy,58,9,10.1145/3793537,https://doi.org/10.1145/3793537,article,ACM Computing Surveys,https://openalex.org/W7125698356
ACM Computing Surveys (CSUR),ACM,2026,2026-01-26,Confidential Computing on Heterogeneous CPU-GPU Systems: Survey and Future Directions,Qifan Wang; David Oswald,58,9,10.1145/3793532,https://doi.org/10.1145/3793532,article,ACM Computing Surveys,https://openalex.org/W4402952692
ACM Computing Surveys (CSUR),ACM,2026,2026-01-26,Digital Twins for Cultural Heritage: A Systematic Analysis of the State of the Art,Gizealew Alazie Dagnaw; Roberta Capuano; Henry Muccini,58,9,10.1145/3793541,https://doi.org/10.1145/3793541,article,ACM Computing Surveys,https://openalex.org/W7125692231
ACM Computing Surveys (CSUR),ACM,2026,2026-01-27,Causal Inference with Complex Treatments: A Survey,Yingrong Wang; Haoxuan Li; Minqin Zhu; Anpeng Wu; Baohong Li; Keting Yin; Ruoxuan Xiong; Fei Wu; Kun Kuang,58,9,10.1145/3789499,https://doi.org/10.1145/3789499,article,ACM Computing Surveys,https://openalex.org/W7125786431
ACM Computing Surveys (CSUR),ACM,2026,2026-01-29,Responsible AI Question Bank for Risk Assessment,Sung Une Lee; Harsha Perera; Yue Liu; Boming Xia; Qinghua Lu; Liming Zhu; Olivier Salvado; Jon Whittle,58,9,10.1145/3790096,https://doi.org/10.1145/3790096,article,ACM Computing Surveys,https://openalex.org/W7126079401
ACM Computing Surveys (CSUR),ACM,2026,2026-01-29,Towards Transparent Time Series Analysis: Exploring Methods and Enhancing Interpretability,Young‐Jin Park; Anh Tong; SeHyun LEE; Jihyeon Seong; Qin Xie; Jaesik Choi,58,9,10.1145/3794839,https://doi.org/10.1145/3794839,article,ACM Computing Surveys,https://openalex.org/W7126021189
ACM Computing Surveys (CSUR),ACM,2026,2026-01-31,Entity Linking with Wikidata: A Systematic Literature Review,Philipp Scharpf; Corinna Breitinger; Spitz Andreas; Norman Meuschke; André Greiner-Petter; Moritz Schubotz; Bela Gipp,58,9,10.1145/3795134,https://doi.org/10.1145/3795134,review,ACM Computing Surveys,https://openalex.org/W7126369392
ACM Computing Surveys (CSUR),ACM,2026,2026-02-07,A Comprehensive Review of Information Uncertainty Modelling in Domain Ontologies,Deemah Alomair; Ridha Khédri; Wendy MacCaull,58,10,10.1145/3794841,https://doi.org/10.1145/3794841,article,ACM Computing Surveys,https://openalex.org/W7128399896
ACM Computing Surveys (CSUR),ACM,2026,2026-02-07,Generalizability of Large Language Model-Based Agents: A Comprehensive Survey,Minxing Zhang; Yi Yang; Roy Xie; Bhuwan Dhingra; S ZHOU; Jian Pei,58,10,10.1145/3794858,https://doi.org/10.1145/3794858,article,ACM Computing Surveys,https://openalex.org/W7128401262
ACM Computing Surveys (CSUR),ACM,2026,2026-02-09,A Survey on Inference Optimization Techniques for Mixture of Experts Models,Jiacheng Liu; Peng Tang; Wenfeng Wang; Yuhang Ren; Xiaofeng Hou; Pheng‐Ann Heng; Minyi Guo; Chao Li,58,10,10.1145/3794845,https://doi.org/10.1145/3794845,article,ACM Computing Surveys,https://openalex.org/W7128438836
ACM Computing Surveys (CSUR),ACM,2026,2026-02-09,"Bias-Free? An Empirical Study on Ethnicity, Gender, and Age Fairness in Deepfake Detection",Panda Ak; Tanusree Ghosh; Tushar Choudhary; Ruchira Naskar,58,10,10.1145/3796544,https://doi.org/10.1145/3796544,article,ACM Computing Surveys,https://openalex.org/W7128443922
ACM Computing Surveys (CSUR),ACM,2026,2026-02-09,Crystalline Material Discovery in the Era of Artificial Intelligence,Zhenzhong Wang; Haowei Hua; Wanyu Lin; Ming Yang; Kay Chen Tan,,,10.1145/3794853,https://doi.org/10.1145/3794853,article,ACM Computing Surveys,https://openalex.org/W7128526184
ACM Computing Surveys (CSUR),ACM,2026,2026-02-10,"Alignment of Diffusion Models: Fundamentals, Challenges, and Future",Buhua Liu; Shitong Shao; Bao Li; Lichen Bai; Zhiqiang Xu; Haoyi Xiong; James Tin-Yau Kwok; Sumi Helal; Zeke Xie,58,9,10.1145/3796982,https://doi.org/10.1145/3796982,article,ACM Computing Surveys,https://openalex.org/W7128533478
ACM Computing Surveys (CSUR),ACM,2026,2026-02-10,Selective Forgetting in Machine Learning and Beyond: A Survey,Alyssa Shuang Sha; Bernardo Pereira Nunes; Armin Haller,58,9,10.1145/3796542,https://doi.org/10.1145/3796542,article,ACM Computing Surveys,https://openalex.org/W7128496208
ACM Computing Surveys (CSUR),ACM,2026,2026-02-10,Visual Adversarial Attacks and Defenses in the Physical World: A Survey,Xingxing Wei; Bangzheng Pua; Shiji Zhao; Jiefan Lu; Baoyuan Wu,58,10,10.1145/3793659,https://doi.org/10.1145/3793659,article,ACM Computing Surveys,https://openalex.org/W7128483748
ACM Computing Surveys (CSUR),ACM,2026,2026-02-11,From Bugs to Benchmarks: A Comprehensive Survey of Software Defect Datasets,Haonan Zhu; Robert M. Furth; Michael Pradel; Cindy Rubio-González,58,10,10.1145/3797033,https://doi.org/10.1145/3797033,article,ACM Computing Surveys,https://openalex.org/W7128627777
ACM Computing Surveys (CSUR),ACM,2026,2026-02-11,Modern Minimal Perfect Hashing: A Survey,Hans‐Peter Lehmann; Thomas Mueller; Rasmus Pagh; Giulio Ermanno Pibiri; Peter W. Sanders; Sebastiano Vigna; Stefan Walzer,58,10,10.1145/3797036,https://doi.org/10.1145/3797036,article,ACM Computing Surveys,https://openalex.org/W7128614633
ACM Computing Surveys (CSUR),ACM,2026,2026-02-12,Systematic Review of Named Entity Linking and Knowledge Organisation Systems in Biomedical and Clinical Domains,Pedro Ruas; Sofia I. R. Conceição; Francisco M. Couto,58,10,10.1145/3796222,https://doi.org/10.1145/3796222,review,ACM Computing Surveys,https://openalex.org/W7128739731
ACM Computing Surveys (CSUR),ACM,2026,2026-02-14,Machine Learning for Cybersecurity: A Comprehensive Literature Review,Simon Gökstorp; Sotirios Katsikeas; Pontus Johnson,58,9,10.1145/3796543,https://doi.org/10.1145/3796543,article,ACM Computing Surveys,https://openalex.org/W7128926780
ACM Computing Surveys (CSUR),ACM,2026,2026-02-14,Measuring Online Behavior Change with Observational Studies: A Review,Arianna Pera; Gianmarco De Francisci Morales; Luca Maria Aiello,58,10,10.1145/3797254,https://doi.org/10.1145/3797254,article,ACM Computing Surveys,https://openalex.org/W7128922888
ACM Computing Surveys (CSUR),ACM,2026,2026-02-16,Predictive Coding Networks and Inference Learning: Tutorial and Survey,Björn E. Van Zwol; Ro Jefferson; Egon L. van den Broek,,,10.1145/3797870,https://doi.org/10.1145/3797870,article,ACM Computing Surveys,https://openalex.org/W7129052847
ACM Computing Surveys (CSUR),ACM,2026,2026-02-17,Graph-Based Approaches and Functionalities in Retrieval-Augmented Generation: A Comprehensive Survey,Zulun Zhu; Tiancheng Huang; Kai Wang; Junda Ye; Xinghe Chen; Siqiang Luo,58,10,10.1145/3795880,https://doi.org/10.1145/3795880,article,ACM Computing Surveys,https://openalex.org/W7129489580
ACM Computing Surveys (CSUR),ACM,2026,2026-02-19,A Survey on Recent Advances in Conversational Data Generation,Heydar Soudani; Roxana Petcu; Evangelos Kanoulas; Faegheh Hasibi,58,10,10.1145/3795686,https://doi.org/10.1145/3795686,article,ACM Computing Surveys,https://openalex.org/W7130507863
ACM Computing Surveys (CSUR),ACM,2026,2026-02-20,Integrating Human Factors into Insider Threat Detection – A Systematic Review,N. D. Pathirana; Ruby Roberts; Harsha Kalutarage; Christopher D. McDermott,58,10,10.1145/3798089,https://doi.org/10.1145/3798089,review,ACM Computing Surveys,https://openalex.org/W7130643252
ACM Computing Surveys (CSUR),ACM,2026,2026-02-20,"Systematic Review on Verifiable Fully Homomorphic Encryption: Integrity, Proofs and Open Problems",Julen Bernabé-Rodríguez; Óscar Lage; Jasone Astorga Burgo; Eduardo Jacob,58,11,10.1145/3797902,https://doi.org/10.1145/3797902,review,ACM Computing Surveys,https://openalex.org/W7130643933
ACM Computing Surveys (CSUR),ACM,2026,2026-02-21,"A Systematic Review on Human Roles, Solutions, and Methodological Approaches to Address Bias in AI",Amal Hashky; Eric D. Ragan,58,9,10.1145/3793667,https://doi.org/10.1145/3793667,review,ACM Computing Surveys,https://openalex.org/W7130849686
ACM Computing Surveys (CSUR),ACM,2026,2026-02-21,Prompting Frameworks for Large Language Models: A Survey,Xiaoxia Liu; Jingyi Wang; X Yuan; Jun Sun; Guoliang Dong; Peng Di; Wenhai Wang; Dongxia Wang,58,10,10.1145/3789253,https://doi.org/10.1145/3789253,article,ACM Computing Surveys,https://openalex.org/W7130841482
ACM Computing Surveys (CSUR),ACM,2026,2026-02-21,Spatio-Temporal Missing Data Imputation: A Systematic Literature Review with a Focus on Statistical and Machine Learning-Based Approaches,Samira Zahmatkesh; Philipp Zech,58,10,10.1145/3797903,https://doi.org/10.1145/3797903,review,ACM Computing Surveys,https://openalex.org/W7130849028
ACM Computing Surveys (CSUR),ACM,2026,2026-02-21,"TinyML Security: Attacks, Defenses, and Open Challenges in Resource-Constrained Machine Learning Systems",Jacob Huckelberry; Yuke Zhang; Allison Sansone; James W. Mickens; Peter Bereel; Vijay Janapa Reddi,,,10.1145/3793197,https://doi.org/10.1145/3793197,article,ACM Computing Surveys,https://openalex.org/W7130853242
ACM Computing Surveys (CSUR),ACM,2026,2026-02-23,"Crypto-Ransomware and Their Defenses: In-Depth Behavioral Characterization, Discussion of Deployability, and New Insights",Wenjia Song; Sanjula Karanam; Ya Xiao; Jingyuan Qi; Nathan Dautenhahn; Na Meng; Elena Ferrari; Danfeng Daphne Yao,58,10,10.1145/3798092,https://doi.org/10.1145/3798092,article,ACM Computing Surveys,https://openalex.org/W7131104747
ACM Computing Surveys (CSUR),ACM,2026,2026-02-23,Few-Shot Learning in Video and 3D Object Detection: A Survey,MD Meftahul Ferdaus; Kendall N. Niles; Joe G. Tom; Mahdi Abdelguerfi; Elias Ioup,58,9,10.1145/3790093,https://doi.org/10.1145/3790093,article,ACM Computing Surveys,https://openalex.org/W7131079027
ACM Computing Surveys (CSUR),ACM,2026,2026-02-25,Utilizing Internet of Things in Human-Building Interaction to Support Sustainable Built Environments,Suhas Devmane; Omer Rana; Charith Perera,58,10,10.1145/3796536,https://doi.org/10.1145/3796536,article,ACM Computing Surveys,https://openalex.org/W7130555486
ACM Computing Surveys (CSUR),ACM,2026,2026-03-03,3D Biometrics: A Survey,Min Wang; Jiankun Hu,58,10,10.1145/3800703,https://doi.org/10.1145/3800703,article,ACM Computing Surveys,https://openalex.org/W7133315466
ACM Computing Surveys (CSUR),ACM,2026,2026-03-05,"A Survey on Music Generation from Single-Modal, Cross-Modal, and Multi-Modal Perspectives",Shuyu Li; Shulei Ji; Zihao Wang; Songruoyao Wu; Jiaxing Yu; Kejun Zhang,58,11,10.1145/3800682,https://doi.org/10.1145/3800682,article,ACM Computing Surveys,https://openalex.org/W7133930723
ACM Computing Surveys (CSUR),ACM,2026,2026-03-05,Human-centric Evaluation of Semantic Resources: A Systematic Mapping Study,Marta ; id_orcid 0000-0001-9301-8418 Sabou; Stefani Tsaneva; Miriam Fernández; María Poveda-Villalón; Mari Carmen Suárez-Figueroa,58,10,10.1145/3800939,https://doi.org/10.1145/3800939,article,ACM Computing Surveys,https://openalex.org/W7133796410
ACM Computing Surveys (CSUR),ACM,2026,2026-03-06,"A Comprehensive Survey on Database Management System Fuzzing: Techniques, Taxonomy and Evaluation",Xiyue Gao; Zhuang Liu; Jiangtao Cui; Hui Li; Hui Zhang; Kewei Wei; Kankan Zhao,58,10,10.1145/3799227,https://doi.org/10.1145/3799227,article,ACM Computing Surveys,https://openalex.org/W7134134474
ACM Computing Surveys (CSUR),ACM,2026,2026-03-06,FPGA-Enabled Machine Learning Applications in Earth Observation: A Systematic Review,Cédric Léonard; Dirk Stober; Martin Schulz,58,11,10.1145/3800686,https://doi.org/10.1145/3800686,review,ACM Computing Surveys,https://openalex.org/W4416074449
ACM Computing Surveys (CSUR),ACM,2026,2026-03-07,LLLMs: A Data-Driven Survey of Evolving Research on Limitations of Large Language Models,Aida Kostikova; Zhipin Wang; Deidamea Bajri; Ole Pütz; Benjamin Paaßen; Steffen Eger,58,11,10.1145/3801096,https://doi.org/10.1145/3801096,article,ACM Computing Surveys,https://openalex.org/W7134182271
ACM Computing Surveys (CSUR),ACM,2026,2026-03-09,Systematic Literature Review on Differential Privacy in Machine Learning,Samsad Jahan; Yong-Feng Ge; Elisa Bertino; Enamul Kabir; Hasan Mahmud; Zhonglong Zheng; Hua Wang,58,11,10.1145/3800684,https://doi.org/10.1145/3800684,review,ACM Computing Surveys,https://openalex.org/W7134828980
ACM Computing Surveys (CSUR),ACM,2026,2026-03-13,"Cross-lingual Offensive Language Detection: A Systematic Review of Dataset, Approach and Challenge",Aiqi Jiang; Arkaitz Zubiaga,,,10.1145/3801736,https://doi.org/10.1145/3801736,article,ACM Computing Surveys,https://openalex.org/W7135220862
ACM Computing Surveys (CSUR),ACM,2026,2026-03-16,"A Critical Survey on Video Steganography: Trends, Pitfalls, and Recommendations",Verena Lachner; Rainer Böhme,58,11,10.1145/3801971,https://doi.org/10.1145/3801971,article,ACM Computing Surveys,https://openalex.org/W7136716654
ACM Computing Surveys (CSUR),ACM,2026,2026-03-16,Deepfake Generation and Detection: A Benchmark and Survey,Gan Pei; Jiangning Zhang; Menghan Hu; Zhenyu Zhang; Chengjie Wang; Yunsheng Wu; Guangtao Zhai; Jian Jun Yang; Dacheng Tao,58,11,10.1145/3801962,https://doi.org/10.1145/3801962,article,ACM Computing Surveys,https://openalex.org/W7136958704
ACM Computing Surveys (CSUR),ACM,2026,2026-03-16,Differentially Private Federated Learning: A Systematic Review,Jie Fu; Yuan Hong; Xinpeng Ling; Leixia Wang; Xun Ran; Zhiyu Sun; Hui Wang; Zhili Chen; Yang Cao,58,11,10.1145/3801079,https://doi.org/10.1145/3801079,review,ACM Computing Surveys,https://openalex.org/W7137155252
ACM Computing Surveys (CSUR),ACM,2026,2026-03-16,From Pixels to Prognosis: A Comprehensive Review of Classical and Modern Approaches of Lung Nodule Segmentation for Improved Lung Cancer Diagnosis,Arup Sau; Nandita Gautam; Abhishek Basu; Ram Sarkar,58,10,10.1145/3797901,https://doi.org/10.1145/3797901,article,ACM Computing Surveys,https://openalex.org/W7136206458
ACM Computing Surveys (CSUR),ACM,2026,2026-03-16,Large Language Models for Combinatorial Optimization: A Systematic Review,Francesca Da Ros; Michael Soprano; Luca Di Gaspero; Kevin Roitero,,,10.1145/3801961,https://doi.org/10.1145/3801961,article,ACM Computing Surveys,https://openalex.org/W7136300628
ACM Computing Surveys (CSUR),ACM,2026,2026-03-16,Privacy in Collaborative Deep Learning Systems: A Taxonomy and Archetypes,Sascha Rank; David S. Jin; Scott Thiebes; Ali Sunyaev,58,11,10.1145/3801094,https://doi.org/10.1145/3801094,article,ACM Computing Surveys,https://openalex.org/W7136377582
ACM Computing Surveys (CSUR),ACM,2026,2026-03-17,Robot Navigation via Foundation Language Models: A Review,Haotian Pan; Shibo Huang; Jian Yang; Jinpeng Mi; Ke Li; Xiong You; Peidong Liang; Jinbo Yang; Yingjie Liu; Jianfeng Zhang; Muyu Wang; Jie Yang; Xinyu Zhang; Lijun Zhao; Mingsong Chen; Jie Zhou; Xian Wei,58,11,10.1145/3802539,https://doi.org/10.1145/3802539,article,ACM Computing Surveys,https://openalex.org/W7138076690
ACM Computing Surveys (CSUR),ACM,2026,2026-03-18,"AI-Enhanced Cybersecurity in Edge Computing: Threats, Solutions, and Future Directions",Roba H. Alamir; Ayman Noor; Hanan Muqbil Almukhalfi; Reham Almukhlifi; Talal H. Noor,58,11,10.1145/3801741,https://doi.org/10.1145/3801741,article,ACM Computing Surveys,https://openalex.org/W7138889713
ACM Computing Surveys (CSUR),ACM,2026,2026-03-18,"Interpretable Machine Learning for Protein Science: Structure, Function, and Interactions",Luiz Felipe Vecchietti; Minji Lee; Begench Hangeldiyev; Bryan Nathanael Wijaya; Hyunkyu Jung; Hahnbeom Park; Tae‐Kyun Kim; Meeyoung Cha; Ho Min Kim,58,11,10.1145/3801737,https://doi.org/10.1145/3801737,article,ACM Computing Surveys,https://openalex.org/W7138902578
ACM Computing Surveys (CSUR),ACM,2026,2026-03-19,MultiObjective Optimization in Wireless Mesh Networks – A Survey,Rashid Amir; Haisem Naeem; Arshad Ali; Maryam Gulzar,58,11,10.1145/3800685,https://doi.org/10.1145/3800685,article,ACM Computing Surveys,https://openalex.org/W7138954623
ACM Computing Surveys (CSUR),ACM,2026,2026-03-19,Must Read: A Comprehensive Survey of Computational Persuasion,Nimet Beyza Bozdag; Shuhaib Mehri; X. G. Yang; Hyeonjeong Ha; Zirui Cheng; Esin Durmus; Jiaxuan You; Houxiang Ji; Gokhan Tür; Dilek Hakkani-Tür,,,10.1145/3800687,https://doi.org/10.1145/3800687,article,ACM Computing Surveys,https://openalex.org/W7138832792
ACM Computing Surveys (CSUR),ACM,2026,2026-03-20,"A Survey on Bundle Recommendation: Methods, Applications, and Challenges",Meng Sun; Lin Li; Ming Li; Xiaohui Tao; Dong Zhang; Qing Jie Xie; Peipei Wang; Jimmy Xiangji Huang,58,11,10.1145/3802820,https://doi.org/10.1145/3802820,article,ACM Computing Surveys,https://openalex.org/W7139963760
ACM Computing Surveys (CSUR),ACM,2026,2026-03-24,Evolution of Obfuscation-Based Scan Design Techniques,Seokjun Jang; Youngki Moon; Duyeon Won; Wonjun Kim; Sungho Kang,58,11,10.1145/3803849,https://doi.org/10.1145/3803849,article,ACM Computing Surveys,https://openalex.org/W7140218380
ACM Computing Surveys (CSUR),ACM,2026,2026-03-24,Machine Learning-Based Caching and Tiering in Modern Data Storage Systems: A Survey,George Savva; Elena Kakoulli; Herodotos Herodotou,58,11,10.1145/3803857,https://doi.org/10.1145/3803857,article,ACM Computing Surveys,https://openalex.org/W7140216083
ACM Computing Surveys (CSUR),ACM,2026,2026-03-26,Explainability of Text Processing and Retrieval Methods: A Survey,Sourav Saha; Debapriyo Majumdar; M. Mitra,58,11,10.1145/3801957,https://doi.org/10.1145/3801957,article,ACM Computing Surveys,https://openalex.org/W7140509399
ACM Computing Surveys (CSUR),ACM,2026,2026-03-27,"A Survey on Graph Neural Network Acceleration: Algorithms, Systems, and Customized Hardware",Shichang Zhang; Atefeh Sohrabizadeh; Cheng Wan; Zijie Huang; Ziniu Hu; Yewen Wang; Yingyan Lin; Jason Cong; Yizhou Sun,58,11,10.1145/3805796,https://doi.org/10.1145/3805796,article,ACM Computing Surveys,https://openalex.org/W7141610753
ACM Computing Surveys (CSUR),ACM,2026,2026-03-28,Data-Centric Foundation Models in Computational Healthcare: A Survey,Yunkun Zhang; Jin Gao; Zheling Tan; Lingfeng Zhou; Kexin Ding; Mu Zhou; Shaoting Zhang; D. Y. Wang,58,11,10.1145/3800677,https://doi.org/10.1145/3800677,article,ACM Computing Surveys,https://openalex.org/W7141876206
ACM Computing Surveys (CSUR),ACM,2026,2026-03-28,"Twenty Years of Personality Computing: Threats, Challenges and Future Directions",Fabio Celli; Aleksandar Kartelj; Mijan Dordevič; Derwin Suhartono; Vladimir Filipović; V. Milutinovic; Georgios P. Spathoulas; Alessandro Vinciarelli; Michal Kosinski; Bruno Lepri,58,11,10.1145/3806009,https://doi.org/10.1145/3806009,article,ACM Computing Surveys,https://openalex.org/W7141982029
ACM Computing Surveys (CSUR),ACM,2026,2026-03-31,Comparing the Humanness of Machine-Generated and Human-Authored Text,Autumn Toney; Leticia Bode; Tiago Ventura; Ethan Wilcox; Lisa Singh,58,12,10.1145/3806206,https://doi.org/10.1145/3806206,article,ACM Computing Surveys,https://openalex.org/W7143616784
ACM Computing Surveys (CSUR),ACM,2026,2026-03-31,Multi-Fidelity Methods for Optimization: A Survey,Ke Li; F. Li,58,12,10.1145/3801959,https://doi.org/10.1145/3801959,article,ACM Computing Surveys,https://openalex.org/W7144079857
ACM Computing Surveys (CSUR),ACM,2026,2026-04-01,Erratum: Adversarial Machine Learning in IoT Security: A Comprehensive Survey,Zil -e- Huma; Sana Ullah Jan; Jawad Ahmad; William Johnston Buchanan; Nikolaos Pitropakis,58,10,10.1145/3801949,https://doi.org/10.1145/3801949,erratum,ACM Computing Surveys,https://openalex.org/W7147199192
ACM Computing Surveys (CSUR),ACM,2026,2026-04-01,The Missing Resources for Child Online Risk Detection,Ellie C. Prosser; Claudia Peersman; Matthew Edwards,58,11,10.1145/3806384,https://doi.org/10.1145/3806384,article,ACM Computing Surveys,https://openalex.org/W7148116787
ACM Computing Surveys (CSUR),ACM,2026,2026-04-02,"A Survey of Algorithm Debt in Machine and Deep Learning Systems: Definition, Smells, and Future Work",Emmanuel Iko-Ojo Simon; Chirath Hettiarachchi; Fatemeh H. Fard; Alex Potanin; Hanna Suominen,58,11,10.1145/3806391,https://doi.org/10.1145/3806391,article,ACM Computing Surveys,https://openalex.org/W7148588649
ACM Computing Surveys (CSUR),ACM,2026,2026-04-02,Implicit Aspect-Based Sentiment Analysis: A Systematic Review,W.L. Jia; Jing Shan; Jiaying Wang; Zhang Mengyang,58,10,10.1145/3799234,https://doi.org/10.1145/3799234,review,ACM Computing Surveys,https://openalex.org/W7148446722
ACM Computing Surveys (CSUR),ACM,2026,2026-04-02,Towards Robust and Secure Embodied AI: A Survey on Vulnerabilities and Attacks,Wenpeng Xing; Minghao Li; Mohan Li; Meng Han,58,12,10.1145/3806048,https://doi.org/10.1145/3806048,article,ACM Computing Surveys,https://openalex.org/W7148573600
ACM Computing Surveys (CSUR),ACM,2026,2026-04-04,Big Data Analytics and Internet of Things Combined with Artificial Intelligence Techniques for Effective Emergency Management: A Comprehensive Survey,Khedoudja Bouafia; Hachem Slimani; Hassina Nacer; Hamida Seba,58,12,10.1145/3806828,https://doi.org/10.1145/3806828,article,ACM Computing Surveys,https://openalex.org/W7149420467
ACM Computing Surveys (CSUR),ACM,2026,2026-04-04,Survey on Explainable AI for Traditional Machine Learning and Domains,Ambreen Hanif; Radwa Shawi; Amin Beheshti; Boualem Benatallah,58,12,10.1145/3806829,https://doi.org/10.1145/3806829,article,ACM Computing Surveys,https://openalex.org/W7149471598
ACM Computing Surveys (CSUR),ACM,2026,2026-04-07,Survey of Disaggregated Memory: Cross-Layer Technique Insights for Next-Generation Datacenters,Jing Wang; Chao Li; T. Wang; Jinyang Guo; Hanzhang Yang; Yiming Zhuansun; Minyi Guo,58,12,10.1145/3807443,https://doi.org/10.1145/3807443,article,ACM Computing Surveys,https://openalex.org/W4415060604
ACM Computing Surveys (CSUR),ACM,2026,2026-04-08,A Survey on Tabular Data: From Tree-based Methods to Tabular Deep Learning,Shriyank Somvanshi; Subasish Das; Syed Aaqib Javed; Gian Antariksa; Ahmed Hossain,,,10.1145/3807777,https://doi.org/10.1145/3807777,article,ACM Computing Surveys,https://openalex.org/W7151926895
ACM Computing Surveys (CSUR),ACM,2026,2026-04-08,The HHE Land: Exploring the Landscape of Hybrid Homomorphic Encryption,Hossein Abdinasibfar; Camille Nuoskala; Antonis Michalas,58,12,10.1145/3807507,https://doi.org/10.1145/3807507,article,ACM Computing Surveys,https://openalex.org/W7152086235
ACM Computing Surveys (CSUR),ACM,2026,2026-04-09,A Survey on 3D Gaussian Splatting,Guikun Chen; Wenguan Wang,58,12,10.1145/3807511,https://doi.org/10.1145/3807511,article,ACM Computing Surveys,https://openalex.org/W4390723081
ACM Computing Surveys (CSUR),ACM,2026,2026-04-09,A Survey on Deep Learning-Based Semi-Supervised Semantic Segmentation,Adrián Peláez-Vegas; Ignacio Aguilera-Martos; Pablo Mesejo; Julián Luengo,58,12,10.1145/3806766,https://doi.org/10.1145/3806766,article,ACM Computing Surveys,https://openalex.org/W7152720038
ACM Computing Surveys (CSUR),ACM,2026,2026-04-09,A Survey on Retrieval-Augmented Text Generation for Large Language Models,Yizheng Huang; Jimmy Xiangji Huang,,,10.1145/3805774,https://doi.org/10.1145/3805774,article,ACM Computing Surveys,https://openalex.org/W7152754766
ACM Computing Surveys (CSUR),ACM,2026,2026-04-13,120 Domain-Specific Languages for Security,Markus Krausz; Sven Matthias Peldszus; Thorsten Berger; Francesco Regazzoni; Tim E. Güneysu,58,11,10.1145/3802817,https://doi.org/10.1145/3802817,article,ACM Computing Surveys,https://openalex.org/W4402426775
ACM Computing Surveys (CSUR),ACM,2026,2026-04-13,"A Cloud Native Journey for Telecommunication Networks: Components, Applications and Open Challenges",E. Zeydan; Şuayb S. Arslan; Yekta Türk,58,10,10.1145/3801492,https://doi.org/10.1145/3801492,article,ACM Computing Surveys,https://openalex.org/W7154147846
ACM Computing Surveys (CSUR),ACM,2026,2026-04-13,A Survey: Spatiotemporal Consistency in Video Generation,Zhiyu Yin; Kehai Chen; Xuefeng Bai; Ruili Jiang; Juntao Li; Hongdong Li; Jin Liu; Yang Xiang; Jun Yu; Min Zhang,58,12,10.1145/3802588,https://doi.org/10.1145/3802588,article,ACM Computing Surveys,https://openalex.org/W4415187210
ACM Computing Surveys (CSUR),ACM,2026,2026-04-13,From Individual to Society: A Survey on Social Simulation Driven by Large Language Model-based Agents,Xinyi Mou; Xuanwen Ding; Qi He; Liang Wang; Jingcong Liang; Xinnong Zhang; Libo Sun; Jiayu Lin; Jie Zhou; Xuanjing Huang; Zhongyu Wei,58,11,10.1145/3800683,https://doi.org/10.1145/3800683,article,ACM Computing Surveys,https://openalex.org/W4405036134
ACM Computing Surveys (CSUR),ACM,2026,2026-04-13,Learning Paradigms for Hybrid Decision-Making Systems,Clara Punzi; Roberto Pellungrini; Mattia Setzu; Fosca Giannotti; Dino Pedreschi,,,10.1145/3802522,https://doi.org/10.1145/3802522,article,ACM Computing Surveys,https://openalex.org/W7153969634
ACM Computing Surveys (CSUR),ACM,2026,2026-04-13,Towards an Understanding of Context Utilization in Code Intelligence,Yanlin Wang; Kefeng Duan; Dewu Zheng; Ensheng Shi; Fengji Zhang; Yanli Wang; Jiachi Chen; Xilin Liu; Yuchi Ma; Hongyu Zhang; Qianxiang Wang; Zibin Zheng,58,11,10.1145/3797261,https://doi.org/10.1145/3797261,article,ACM Computing Surveys,https://openalex.org/W7154060574
ACM Computing Surveys (CSUR),ACM,2026,2026-04-14,Cloud Outsourcing Risk Management for Cloud Consumers: A Systematic Literature Review,Muhammad Yasir Muzayan Haq; Siraj Anand; L.J.M. Nieuwenhuis; Abhishta Abhishta,58,12,10.1145/3808691,https://doi.org/10.1145/3808691,review,ACM Computing Surveys,https://openalex.org/W7154354262
ACM Computing Surveys (CSUR),ACM,2026,2026-04-15,SoK: Signatures With Randomization Features,Yulin Liu; Debiao He; Zijian Bao; Cong Peng; Jianting Ning,58,12,10.1145/3806201,https://doi.org/10.1145/3806201,article,ACM Computing Surveys,https://openalex.org/W7154446330
ACM Computing Surveys (CSUR),ACM,2026,2026-04-15,Survey on Embedding Methods Applied to Ontology Matching,Guilherme Santos Sousa; R Barbosa Lima; Cassia Trojahn,58,12,10.1145/3805799,https://doi.org/10.1145/3805799,article,ACM Computing Surveys,https://openalex.org/W7154469342
ACM Computing Surveys (CSUR),ACM,2026,2026-04-16,Federated Learning Applications in Healthcare Informatics: A Comprehensive Review,S M Ruhul Kabir Howlader; Lu Liu; Xiao Chen; Haiqin Wu; Bo Yuan; Atanu Bhattacharjee,58,12,10.1145/3809485,https://doi.org/10.1145/3809485,article,ACM Computing Surveys,https://openalex.org/W7154578995
ACM Computing Surveys (CSUR),ACM,2026,2026-04-17,Energy-Efficient Resource Management in Microservices-Based Fog and Edge Computing: State-of-the-Art and Future Directions,Ali Akbar Vali; Sadoon Azizi; Mohammad Shojafar; Rajkumar Buyya,58,12,10.1145/3797911,https://doi.org/10.1145/3797911,article,ACM Computing Surveys,https://openalex.org/W4417086401
ACM Computing Surveys (CSUR),ACM,2026,2026-04-22,Human-Centric and Socio-Technical Design Support for Cyber-Physical Systems: A Systematic Investigation,Thomas Ernst Jost; Richard Heininger; Christian Stary,58,13,10.1145/3809487,https://doi.org/10.1145/3809487,article,ACM Computing Surveys,https://openalex.org/W7155154414
ACM Computing Surveys (CSUR),ACM,2026,2026-04-23,AI Reasoning for Wireless Communications and Networking: A Survey and Perspectives,Haoxiang Luo; Yu Yan; Yanhui Bian; Wenjiao Feng; Ruichen Zhang; Yinqiu Liu; Jiacheng Wang; Gang Sun; Dusit Tao Niyato; Hongfang Yu; Abbas Jamalipour; Shiwen Mao,58,13,10.1145/3811822,https://doi.org/10.1145/3811822,article,ACM Computing Surveys,https://openalex.org/W4417071390
ACM Computing Surveys (CSUR),ACM,2026,2026-04-23,Tabular Data Augmentation for Machine Learning: Progress and Prospects of Embracing Generative AI,Lingxi Cui; Huan Li; Ke Chen; Lidan Shou; Gang Chen,58,12,10.1145/3808692,https://doi.org/10.1145/3808692,article,ACM Computing Surveys,https://openalex.org/W4401306679
ACM Computing Surveys (CSUR),ACM,2026,2026-04-24,"Network Edge Inference for Large Language Models: Principles, Techniques, and Opportunities",Zhixiong Chen; Bingjie Zhu; Jiangzhou Wang; Hyundong Shin; Arumugam Nallanathan; Dusit (Tao) Niyato,58,12,10.1145/3809166,https://doi.org/10.1145/3809166,article,ACM Computing Surveys,https://openalex.org/W7155532152
ACM Computing Surveys (CSUR),ACM,2026,2026-04-27,Survey and Typology of Computer-Assisted Composition Systems,Renaud Bougueng Tchemeube; Philippe Pasquier,58,13,10.1145/3812539,https://doi.org/10.1145/3812539,article,ACM Computing Surveys,https://openalex.org/W7155992683
ACM Computing Surveys (CSUR),ACM,2026,2026-04-27,Understanding Hallucinations in Large Visual and Language Models,Zheng Yi Ho; Siyuan Liang; Dacheng Tao,58,13,10.1145/3811409,https://doi.org/10.1145/3811409,article,ACM Computing Surveys,https://openalex.org/W7155813136
ACM Computing Surveys (CSUR),ACM,2026,2026-05-01,A Survey on Grokking,Francesco Bertolotti; Walter Cazzola,58,13,10.1145/3814603,https://doi.org/10.1145/3814603,article,ACM Computing Surveys,https://openalex.org/W7160139488
ACM Computing Surveys (CSUR),ACM,2026,2026-05-01,Contextualizing Security and Privacy of Software-Defined Vehicles: A Literature Review and Industry Perspectives,Marco De Vincenzi; Mert D. Pesé; Chiara Bodei; Ilaria Matteucci; Richard R. W. Brooks; Monowar Hasan; Andrea Saracino; Mohammad Hamad; Sebastian Steinhorst,58,13,10.1145/3814955,https://doi.org/10.1145/3814955,article,ACM Computing Surveys,https://openalex.org/W4404569943
ACM Computing Surveys (CSUR),ACM,2026,2026-05-02,A Comprehensive Review and Outlook of Non-Intrusive Load Monitoring Systems,Ricardo Brito; Wai Hei Choi; Miguel Gomes da Costa; Man  Chung Wong,58,13,10.1145/3814607,https://doi.org/10.1145/3814607,article,ACM Computing Surveys,https://openalex.org/W7160292514
ACM Computing Surveys (CSUR),ACM,2026,2026-05-02,Speeding Up Hyperparameter Optimization of Deep Neural Networks: A Review of Multi-Fidelity-Based Methods,Antonio R. Moya; Sebastián Ventura,58,12,10.1145/3815108,https://doi.org/10.1145/3815108,article,ACM Computing Surveys,https://openalex.org/W7160273011
ACM Computing Surveys (CSUR),ACM,2026,2026-05-04,ROS 2 in a Nutshell: A Survey,Abdulrahman S. Al-Batati; Anis Koubâa; Khaled Gabr; Mohamed Salem Abdelkader; Hamad Aloqaily,58,15,10.1145/3815113,https://doi.org/10.1145/3815113,article,ACM Computing Surveys,https://openalex.org/W4403454557
ACM Computing Surveys (CSUR),ACM,2026,2026-05-04,The Landscape of GPU-Centric Communication,Didem Unat; Ilyas Turimbetov; Mohammed Kefah Taha Issa; Doğan Sağbili; Flavio Vella; Daniele De Sensi; Ismayil Ismayilov,58,12,10.1145/3813799,https://doi.org/10.1145/3813799,article,ACM Computing Surveys,https://openalex.org/W4403752062
ACM Computing Surveys (CSUR),ACM,2026,2026-05-07,Harnessing the Power of Noise: A Survey of Techniques and Applications,Reyhaneh Abdolazimi; Shengmin Jin; Pramod K. Varshney; Reza Zafarani,58,13,10.1145/3811813,https://doi.org/10.1145/3811813,article,ACM Computing Surveys,https://openalex.org/W4403344853
ACM Computing Surveys (CSUR),ACM,2026,2026-05-08,A Systematic Literature Review on Design for Testability Approaches in Software Systems,Narges Abbasi; Saeed Parsa; Morteza Zakeri,58,12,10.1145/3787493,https://doi.org/10.1145/3787493,review,ACM Computing Surveys,https://openalex.org/W7160652919
ACM Computing Surveys (CSUR),ACM,2026,2026-05-13,Generative Models for Context-Aware Recommender Systems: A Survey,Seyedali Ghasempouri; Ilaria Bartolini,58,13,10.1145/3816031,https://doi.org/10.1145/3816031,article,ACM Computing Surveys,https://openalex.org/W7160983592
ACM Computing Surveys (CSUR),ACM,2026,2026-05-15,From IO-Proxies to Ephemeral IO-Services: Reconciling Hardware Advances and Application Requirements,Philippe Deniel; Soraya Zertal,58,12,10.1145/3807445,https://doi.org/10.1145/3807445,article,ACM Computing Surveys,https://openalex.org/W7161230476
ACM Computing Surveys (CSUR),ACM,2026,2026-05-15,Towards Reliable Forgetting: A Survey on Machine Unlearning Verification,Lulu Xue; Shengshan Hu; Wei Lu; Yan Shen; Dongxu Li; Peijin Guo; Ziqi Zhou; Moran Li; Yanjun Zhang; Leo Zhang,58,12,10.1145/3807451,https://doi.org/10.1145/3807451,article,ACM Computing Surveys,https://openalex.org/W7161235948
ACM Computing Surveys (CSUR),ACM,2026,2026-05-19,"Agentic AI in Healthcare: Opportunities, Challenges, and Future Directions",Mourad Gridach; Jay Nanavati; Khaldoun Zine El Abidine; Calum Yacoubian; Christina DeFilippo Mack,58,13,10.1145/3809164,https://doi.org/10.1145/3809164,article,ACM Computing Surveys,https://openalex.org/W7161624684
ACM Computing Surveys (CSUR),ACM,2026,2026-05-20,Dissecting Performative Prediction: A Comprehensive Survey,Thomas Kehrenberg; Francisco Javier Sanguino Bautiste; Jose Lozano; Novi Quadrianto,58,13,10.1145/3816429,https://doi.org/10.1145/3816429,article,ACM Computing Surveys,https://openalex.org/W7161797159
ACM Computing Surveys (CSUR),ACM,2026,2026-05-22,From Rules to Reasoning: A Survey of Large Language Model-Based Approaches to Scientific Hypothesis and Idea Generation,Emily Herron; Vanessa Lama; Sedrick Bouknight; Tirthankar Ghosal,58,13,10.1145/3815423,https://doi.org/10.1145/3815423,article,ACM Computing Surveys,https://openalex.org/W7162110049
ACM Computing Surveys (CSUR),ACM,2026,2026-05-22,Harmful Fine-tuning Attacks and Defenses for Large Language Models: A Survey,Tiansheng Huang; Sihao Hu; Fatih İlhan; Selim Furkan Tekin; Ling Liu,58,13,10.1145/3817114,https://doi.org/10.1145/3817114,article,ACM Computing Surveys,https://openalex.org/W4403809960
ACM Computing Surveys (CSUR),ACM,2026,2026-05-22,Metrics for Privacy-Preserving Generative Models: A Comprehensive Survey,Debalina Padariya; Isabel Wagner; Aboozar Taherkhani; Eerke Boiten,58,13,10.1145/3815777,https://doi.org/10.1145/3815777,article,ACM Computing Surveys,https://openalex.org/W7162096952
ACM Computing Surveys (CSUR),ACM,2026,2026-05-22,Universal Time-Series Representation Learning: A Survey,Patara Trirat; Yooju Shin; Jun-Hyeok Kang; Youngeun Nam; Jihye Na; Minyoung Bae; Jo‐Eun Kim; Byunghyun Kim; Jae-Gil Lee,58,12,10.1145/3817600,https://doi.org/10.1145/3817600,article,ACM Computing Surveys,https://openalex.org/W4390722679
ACM Computing Surveys (CSUR),ACM,2026,2026-05-22,Website Fingerprinting Attacks and Defense Techniques: A Survey,Pankaj Kumar Chaudhary; Aditi Aralkar; Neminath Hubballi; Vinduja T; Paromita Choudhury; Manjesh K. Hanawal,58,13,10.1145/3817115,https://doi.org/10.1145/3817115,article,ACM Computing Surveys,https://openalex.org/W7162103194
ACM Computing Surveys (CSUR),ACM,2026,2026-05-23,A Survey of Neural Network Robustness Assessment in Image Recognition,Jie Wang; Jun Ai; Minyan Lu; Jieyu Zhao; Haoran Su; Dan Yu; Yutao Zhang; Jingyu Liu; Jingyu Liu,58,12,10.1145/3814941,https://doi.org/10.1145/3814941,article,ACM Computing Surveys,https://openalex.org/W4394867172
ACM Computing Surveys (CSUR),ACM,2026,2026-05-23,Knowledge Graphs Meet Graph Neural Networks: A Comprehensive Survey,Chengcheng Sun; Jiayun Tian; Cheng Zhai; Zhixiao Wang; Yajie Song; Xiaobin Rui; Jian Zhang; Philip Yu,58,15,10.1145/3814608,https://doi.org/10.1145/3814608,article,ACM Computing Surveys,https://openalex.org/W7162203912
ACM Computing Surveys (CSUR),ACM,2026,2026-05-26,"Clinical XAI: A Tutorial on Concepts, Methods, and Modalities from Linear Models to LLMs",Munib Mesinovic; Tingting Zhu,58,15,10.1145/3816420,https://doi.org/10.1145/3816420,article,ACM Computing Surveys,https://openalex.org/W7162443373
ACM Computing Surveys (CSUR),ACM,2026,2026-05-28,Portfolio Optimization Methods for the Digital Asset Market: A Comprehensive Survey,Giorgos Demosthenous; Chrysis Georgiou,58,13,10.1145/3819577,https://doi.org/10.1145/3819577,article,ACM Computing Surveys,https://openalex.org/W7162632765
ACM Computing Surveys (CSUR),ACM,2026,2026-05-29,An Introduction to the Universal Chiplet Interconnect Express® (UCIe®),Debendra Das Sharma,58,13,10.1145/3819235,https://doi.org/10.1145/3819235,article,ACM Computing Surveys,https://openalex.org/W7162780588
ACM Computing Surveys (CSUR),ACM,2026,2026-05-29,Shift-Left Techniques in Electronic Design Automation: A Survey,Xuqiang Wu; Zhen Li; Fan Hu; Lin Ting; Runxi Wang; Xiaotian Zhao; Xuejun Guo,58,13,10.1145/3819588,https://doi.org/10.1145/3819588,article,ACM Computing Surveys,https://openalex.org/W4417081432
ACM Computing Surveys (CSUR),ACM,2026,2026-05-30,"Cyber Resilience in IoT Networks Revisited: Frameworks, Mechanisms, and Future Directions",Foroozan Darbandeh; Muhammad Rizwan Asghar; Liqun Chen,58,13,10.1145/3818682,https://doi.org/10.1145/3818682,article,ACM Computing Surveys,https://openalex.org/W7162864217
ACM Computing Surveys (CSUR),ACM,2026,2026-05-30,Introduction to Graph Neural Networks for Machine Learning Engineers,James Tanis; Chris Giannella; Adrian Mariano; Daoud Meerzaman,,,10.1145/3816725,https://doi.org/10.1145/3816725,article,ACM Computing Surveys,https://openalex.org/W7162872388
ACM Computing Surveys (CSUR),ACM,2026,2026-06-01,A Comprehensive Survey of Continual Learning Techniques in NER: Challenges and Opportunities,Charles Cutler; Scott Taylor; Christina Tang; Bridget  Thomson McInnes,58,14,10.1145/3820036,https://doi.org/10.1145/3820036,article,ACM Computing Surveys,https://openalex.org/W7163063363
ACM Computing Surveys (CSUR),ACM,2026,2026-06-01,"A Survey on Active Learning in Visual Semantic Segmentation: Significance, Challenges, and Prospects",Zongyi Xu; Qiangzhu Li; Shanshan Zhao; Bo Yuan; Zhen Gao; Yi Jiang; Jixiao Liu; Sean Bin Yang; Qianni Zhang; Weisheng Li; Xinbo Gao,58,13,10.1145/3816242,https://doi.org/10.1145/3816242,article,ACM Computing Surveys,https://openalex.org/W7163007743
ACM Computing Surveys (CSUR),ACM,2026,2026-06-01,Scaling Up Multi-Agent Reinforcement Learning for Large Agent Teams and Long-Horizon Tasks: A Survey,Minghong Geng; Shubham Pateria; Budhitama Subagdja; Ah‐Hwee Tan,58,14,10.1145/3817113,https://doi.org/10.1145/3817113,article,ACM Computing Surveys,https://openalex.org/W7163079716
ACM Computing Surveys (CSUR),ACM,2026,2026-06-08,Garbage Collection Techniques in Solid-State Drives (SSDs),Fatemeh Serajeh Hassani; Atiyeh Gheibi-Fetrat; Seyed Mohammad Hosseini; Jeong-A Lee; Hamid Sarbazi‐Azad,58,13,10.1145/3816041,https://doi.org/10.1145/3816041,article,ACM Computing Surveys,https://openalex.org/W7163870194
ACM Computing Surveys (CSUR),ACM,2026,2026-06-08,Towards Optimization of Deep Reinforcement Learning for Autonomous Exploration in Single and Multi-Robot Environments,Imran Mardzuki; Azhar Mohd Ibrahim; Philippe De Wilde; Odai Saeed Baqalaql,58,13,10.1145/3818604,https://doi.org/10.1145/3818604,article,ACM Computing Surveys,https://openalex.org/W7163943926
ACM Computing Surveys (CSUR),ACM,2026,2026-06-10,Deep Learning in Concealed Dense Prediction,Pancheng Zhao; Deng-Ping Fan; Shupeng Cheng; Salman Khan; Fahad Shahbaz Khan; David A. Clifton; Peng Xu; Jufeng Yang,58,14,10.1145/3820770,https://doi.org/10.1145/3820770,article,ACM Computing Surveys,https://openalex.org/W4416052208
ACM Computing Surveys (CSUR),ACM,2026,2026-06-10,Enhancing Privacy-Preserving Software Development from a Developers’ Perspective: A Survey,Tharaka Wijesundara; R. D. N. Shakya; Matthew Warren; Nalin Asanka Gamagedara Arachchilage,58,14,10.1145/3818680,https://doi.org/10.1145/3818680,article,ACM Computing Surveys,https://openalex.org/W7164161730
ACM Computing Surveys (CSUR),ACM,2026,2026-06-11,ML4SOC: A Comprehensive Review on Machine Learning for Security Operations Centres,Felix Waschke; Risto Vaarandi; Alejandro Guerra-Manzanares,58,14,10.1145/3820494,https://doi.org/10.1145/3820494,article,ACM Computing Surveys,https://openalex.org/W7164415922
ACM Computing Surveys (CSUR),ACM,2026,2026-06-12,A Survey on Learning-Based Trajectory Similarity Computation,Xiangfu Meng; Xiwen Ge; Xiaoyan Zhang; Guangqi Shi; Siyu Liu; Xinyu Han; Shuangbin Wang,58,14,10.1145/3820160,https://doi.org/10.1145/3820160,article,ACM Computing Surveys,https://openalex.org/W7164508860
ACM Computing Surveys (CSUR),ACM,2026,2026-06-12,Advances in Analog Architectures and Randomized Algorithms: Computational and Energy Efficiencies,Vasileios Kalantzis; Mark S. Squillante; Shashanka Ubaru; Tayfun Gokmen; Chai Wah Wu; Anshul Gupta; Haim Avron; Tomasz Nowicki; Malte J. Rasch; Murat Onen; Vanessa López; E. Leobandung; Yasuteru Kohda; Wilfried E. Haensch; Lior Horesh,58,14,10.1145/3820882,https://doi.org/10.1145/3820882,article,ACM Computing Surveys,https://openalex.org/W7164556214
ACM Computing Surveys (CSUR),ACM,2026,2026-06-12,Image Privacy Protection: A Survey,Wenying Wen; Ziye Yuan; Yushu Zhang; Tao Wang; Xiangli Xiao; Ruoyu Zhao; Yuming Fang,58,14,10.1145/3818678,https://doi.org/10.1145/3818678,article,ACM Computing Surveys,https://openalex.org/W4405713848
ACM Computing Surveys (CSUR),ACM,2026,2026-06-13,Dynamic Function Configuration and its Management in Serverless Computing: A Taxonomy and Future Directions,Siddharth Agarwal; Maria A. Rodriguez; Rajkumar Buyya,58,14,10.1145/3821534,https://doi.org/10.1145/3821534,article,ACM Computing Surveys,https://openalex.org/W4416368245
ACM Computing Surveys (CSUR),ACM,2026,2026-06-18,A Comprehensive Survey of Compression Algorithms for Language Models,Seungcheol Park; Jaehyeon Choi; Sojin Lee; Un-Gu Kang,58,14,10.1145/3819816,https://doi.org/10.1145/3819816,article,ACM Computing Surveys,https://openalex.org/W4391417956
ACM Computing Surveys (CSUR),ACM,2026,2026-06-18,Towards Pervasive Distributed Agentic Generative AI–A State of The Art,Gianni Molinari; Fabio Ciravegna,58,14,10.1145/3821566,https://doi.org/10.1145/3821566,article,ACM Computing Surveys,https://openalex.org/W4415108625
ACM Computing Surveys (CSUR),ACM,2026,2026-06-22,Large-Scale UAV Swarm Coordination for Sensing and Communication: A Spatiotemporal Perspective,Jirong Zha; Jiyuan Ren; Yuhan Cheng; Shiquan Yu; Geng Chen; Zunmin Li; Yanggang Xu; Zijian Xiao; Fan Dang; Yuqing Tang; Wei Ma; Guan Wang; Susu Xu; Xinlei Chen,58,13,10.1145/3817444,https://doi.org/10.1145/3817444,article,ACM Computing Surveys,https://openalex.org/W7165573463
ACM Computing Surveys (CSUR),ACM,2026,2026-06-23,A Comprehensive Review on UAV Control Systems: From Linear to Intelligent Approaches,Muhammad Abdullah; Adil Zulfiqar; Jamal Hussain Arman,58,13,10.1145/3809483,https://doi.org/10.1145/3809483,article,ACM Computing Surveys,https://openalex.org/W7165674966
ACM Computing Surveys (CSUR),ACM,2026,2026-06-23,Large Models for Time Series and Spatio-Temporal Data: A Survey and Outlook,Ming Jin; Yaxuan Kong; Yuxuan Liang; Chaoli Zhang; Siqiao Xue; Xue Wang; James Zhang; Yi Wang; Haifeng Chen; Xiaoli Li; Vincent S. M. Tseng; Yu Zheng; Lei Chen; Hui Yun Xiong; Shirui Pan; Qingsong Wen,58,14,10.1145/3821637,https://doi.org/10.1145/3821637,article,ACM Computing Surveys,https://openalex.org/W4387724855
ACM Computing Surveys (CSUR),ACM,2026,2026-06-24,A Comprehensive Survey on Generative AI for Video-to-Music Generation,Shulei Ji; Songruoyao Wu; Zihao Wang; Shuyu Li; Kejun Zhang,58,13,10.1145/3816020,https://doi.org/10.1145/3816020,article,ACM Computing Surveys,https://openalex.org/W4407759530
ACM Computing Surveys (CSUR),ACM,2026,2026-06-24,General Intelligence May Not Be Computable,Peter J. Denning,,,10.1145/3821571,https://doi.org/10.1145/3821571,article,ACM Computing Surveys,https://openalex.org/W7165728556
ACM Computing Surveys (CSUR),ACM,2026,2026-06-24,Out-of-Distribution Detection in Computer Vision: A Comprehensive Survey and Research Challenges,Sazzad Sayyed; Shahriar Rifat; Milin Zhang; Ananthram Swami; Michael De Lucia; Nathaniel D. Bastian; Francesco Restuccia,58,14,10.1145/3822404,https://doi.org/10.1145/3822404,article,ACM Computing Surveys,https://openalex.org/W7165782221
ACM Computing Surveys (CSUR),ACM,2026,2026-06-24,Time Series Forecasting Methods: A Systematic Review from Classical Models to Deep Learning,Frank Emmert‐Streib; Shailesh Tripathi; Olli P. Yli-Harja,58,14,10.1145/3828164,https://doi.org/10.1145/3828164,review,ACM Computing Surveys,https://openalex.org/W7165782318
ACM Computing Surveys (CSUR),ACM,2026,2026-06-25,"A Survey of AI for Materials Science: Foundation Models, LLM Agents, Datasets, and Tools",Minh-Hao Van; Prateek Verma; Chen Zhao; Xintao Wu,58,14,10.1145/3822503,https://doi.org/10.1145/3822503,article,ACM Computing Surveys,https://openalex.org/W4414989992
ACM Computing Surveys (CSUR),ACM,2026,2026-06-27,A Comprehensive Survey of Deep Learning for Entity Resolution,Dimitrios Karapiperis; Christos Tjortjis; Vassilios S. Verykios,58,14,10.1145/3828660,https://doi.org/10.1145/3828660,article,ACM Computing Surveys,https://openalex.org/W7166348532
ACM Computing Surveys (CSUR),ACM,2026,2026-06-29,On Replacing Cryptopuzzles with Useful Computation in Blockchain Proof-of-Work Protocols,Andrea Merlina; Thiago Garrett; Roman M. Vitenberg,58,14,10.1145/3828717,https://doi.org/10.1145/3828717,article,ACM Computing Surveys,https://openalex.org/W4395686578
ACM Computing Surveys (CSUR),ACM,2026,2026-07-01,Deep Neural Networks Inspired by Differential Equations,Ying Liu; L W Wang; Kuilin Qin; Qinghua Zhang; Faqiang Wang; Li Cui; Jun Liu; Yuping Duan; Tieyong Zeng,58,14,10.1145/3828753,https://doi.org/10.1145/3828753,article,ACM Computing Surveys,https://openalex.org/W7166897608
ACM Computing Surveys (CSUR),ACM,2026,2026-07-03,Anomaly Detection using Knowledge Graphs: A Survey for Network Management and Cybersecurity Application,Lionel Tailhardat; Raphaël Troncy; Yoan Chabot,58,15,10.1145/3830090,https://doi.org/10.1145/3830090,article,ACM Computing Surveys,https://openalex.org/W4407444407
ACM Computing Surveys (CSUR),ACM,2026,2026-07-06,"Erratum: Navigating Posit Arithmetic: A Comprehensive Survey of Principles, Hardware, and Applications",David Mallasén; Raúl Murillo; Guillermo Botella; Alberto Antonio Del Barrio,58,13,10.1145/3820485,https://doi.org/10.1145/3820485,erratum,ACM Computing Surveys,https://openalex.org/W7167533437
ACM Computing Surveys (CSUR),ACM,2026,2026-07-07,"Generative AI at the Edge: A Comprehensive Survey of Architectures, Hardware and Applications",Mozhgan Navardi; Yuzhe Fu; Yueqian Lin; Hai Helen Li; Yiran Chen; Tinoosh Mohsenin,58,15,10.1145/3829079,https://doi.org/10.1145/3829079,article,ACM Computing Surveys,https://openalex.org/W7167630815
ACM Computing Surveys (CSUR),ACM,2026,2026-07-07,Generative Artificial Intelligence for Internet of Things Computing: A Systematic Survey,Fabrizio Mangione; Claudio Savaglio; Giancarlo Fortino,58,14,10.1145/3830013,https://doi.org/10.1145/3830013,article,ACM Computing Surveys,https://openalex.org/W7167645598
ACM Computing Surveys (CSUR),ACM,2026,2026-07-10,"A Deep Dive into Fairness, Bias, Threats, and Privacy in Recommender Systems: Insights and Future Research",Falguni Roy; Xiaofeng Ding; Kiam Choo,58,14,10.1145/3821405,https://doi.org/10.1145/3821405,article,ACM Computing Surveys,https://openalex.org/W4403747611
ACM Computing Surveys (CSUR),ACM,2026,2026-07-10,Extending Silicon Lifetime: A Review of Design Techniques for Reliable Integrated Circuits,Jani Babu Shaik; Fan Hu; Libo Zhu; Sonal Singhal; Xinfei Guo,58,14,10.1145/3829075,https://doi.org/10.1145/3829075,article,ACM Computing Surveys,https://openalex.org/W7167887640
ACM Computing Surveys (CSUR),ACM,2026,2026-07-13,Survey of GPU Acceleration in Acoustics and Audio Signal Processing,André Carvalho; Aleksandar D. Ilic; Leonel A. Sousa,58,14,10.1145/3830900,https://doi.org/10.1145/3830900,article,ACM Computing Surveys,https://openalex.org/W7168141528
ACM Computing Surveys (CSUR),ACM,2026,2026-07-14,Recent Advances in Transformer and Large Language Models for UAV Applications,Hamza Kheddar; Yassine Habchi; Mohamed Chahine Ghanem; Mustapha Hemis; Dusit (Tao) Niyato,58,15,10.1145/3828658,https://doi.org/10.1145/3828658,article,ACM Computing Surveys,https://openalex.org/W7168286876
ACM Computing Surveys (CSUR),ACM,2026,2026-07-15,A Quarter of a Century of Neuromorphic Architectures on FPGAs - An Overview,Wiktor Jan Szczerek; Artur Podobas,58,14,10.1145/3831666,https://doi.org/10.1145/3831666,article,ACM Computing Surveys,https://openalex.org/W7168337960
ACM Computing Surveys (CSUR),ACM,2026,2026-07-17,A Comprehensive Survey of Cross-Modal Retrieval: Breaking Through Modal Barriers,Xiaoqing Liu; Zhiwen Yu; Yishan Yao; Kaixiang Yang; Huanqiang Zeng; C. L. Philip Chen,58,14,10.1145/3829354,https://doi.org/10.1145/3829354,article,ACM Computing Surveys,https://openalex.org/W7169543687
ACM Computing Surveys (CSUR),ACM,2026,2026-07-17,A Survey of Commonsense Reasoning in LLMs,Nicole Teo; Donghao Huang; Zhaoxia Wang,58,14,10.1145/3832753,https://doi.org/10.1145/3832753,article,ACM Computing Surveys,https://openalex.org/W7169620174
ACM Computing Surveys (CSUR),ACM,2026,2026-07-17,A Survey on the Use of Machine Learning within Computer Algebra,Uzma Shafiq; Matthew I. England; Nayyar Abbas Zaidi,58,15,10.1145/3831699,https://doi.org/10.1145/3831699,article,ACM Computing Surveys,https://openalex.org/W7169511749
ACM Computing Surveys (CSUR),ACM,2026,2026-07-20,"A Systematic Review and Taxonomy of VR Usability Heuristics: Trends, Challenges, and Directions",Mohd Kamal Othman; Rahimah Mat; Norehan Binti Zulkiply,58,14,10.1145/3832771,https://doi.org/10.1145/3832771,review,ACM Computing Surveys,https://openalex.org/W7169793064
ACM Computing Surveys (CSUR),ACM,2026,2026-07-20,Automatic Question Generation with Large Language Models: A Survey,Roberto Massi de Oliveira; Anibal Hernández; Mônica Cristina Garbin; Júlio Cesar dos Reis; Rodolfo Azevedo,58,15,10.1145/3832773,https://doi.org/10.1145/3832773,article,ACM Computing Surveys,https://openalex.org/W7169801609
ACM Computing Surveys (CSUR),ACM,2026,2026-07-20,Cybercrime as a Service: A Scoping Review,Ema Mauko; Shane D. Johnson; Enrico Mariconti,58,15,10.1145/3833078,https://doi.org/10.1145/3833078,article,ACM Computing Surveys,https://openalex.org/W7169804238
ACM Computing Surveys (CSUR),ACM,2026,2026-07-21,"High Availability Ultra-Large Cloud-Oriented Storage Systems: A Review, Mind Mapping and Open Research Directions",Ajay Kumar; Seema Bawa; Neeraj Kumar; Rajkumar Buyya; Abdullah M. Almuhaideb,58,15,10.1145/3831665,https://doi.org/10.1145/3831665,article,ACM Computing Surveys,https://openalex.org/W7169850210
ACM Computing Surveys (CSUR),ACM,2026,2026-07-22,Impact of Intelligent Technologies on IoV Security: Integrating Edge Computing and AI,Awais Bilal; Kashif Sharif; Fan Li; Sadaf Bukhari; Liehuang Zhu; Chang Liang Xu; Sujit Kumar Biswas,58,15,10.1145/3816144,https://doi.org/10.1145/3816144,article,ACM Computing Surveys,https://openalex.org/W7170061184
ACM Computing Surveys (CSUR),ACM,2026,2026-07-23,Deepfake Media Generation and Detection in the Generative AI Era: A Survey and Outlook,Florinel-Alin Croitoru; Andrei-Iulian Hiji; Vlad Hondru; Nicolae Catalin Ristea; Paul Irofti; Marius Popescu; Cristian Rusu; Radu Tudor Ionescu; Fahad Shahbaz Khan; Mubarak Shah,58,15,10.1145/3833867,https://doi.org/10.1145/3833867,article,ACM Computing Surveys,https://openalex.org/W4405030472
ACM Computing Surveys (CSUR),ACM,2026,2026-07-25,"A Survey of Graph Transformers: Architectures, Theories and Applications",Chaohao Yuan; Kangfei Zhao; Erçan E. Kuruoğlu; Liang Wang; Tingyang Xu; Wenbing Huang; Deli Zhao; Hong Cheng; Yu Rong,58,15,10.1145/3834764,https://doi.org/10.1145/3834764,article,ACM Computing Surveys,https://openalex.org/W4416042317
ACM Computing Surveys (CSUR),ACM,2026,2026-07-25,Knowledge Discovery from Urban Trajectory Data: A Survey,David F. Silva; Lailla M. S. Bine; João Batista Borges; Aline Carneiro Viana; Heitor S. Ramos; Antônio A. F. Loureiro,58,15,10.1145/3833869,https://doi.org/10.1145/3833869,article,ACM Computing Surveys,https://openalex.org/W7171099826
ACM Computing Surveys (CSUR),ACM,2026,2026-08-01,A Comparative Survey of Security Risks in AI Systems: From LLMs to AI Agents and Embodied Agents,Baiqi Wu; Qingming Li; Chunyi Zhou; Ting Wang; Shouling Ji,58,15,10.1145/3837083,https://doi.org/10.1145/3837083,article,ACM Computing Surveys,https://openalex.org/W7172132319
ACM Computing Surveys (CSUR),ACM,2026,2026-08-01,Neural Radiance Fields for the Real World: A Survey,Wenhui Xiao; Remi Chierchia; Rodrigo Santa Cruz; Xuesong Li; David Ahmedt‐Aristizabal; Olivier Salvado; Clinton Fookes; Léo Lebrat,58,15,10.1145/3837758,https://doi.org/10.1145/3837758,article,ACM Computing Surveys,https://openalex.org/W4406780477
ACM Computing Surveys (CSUR),ACM,2026,2026-08-04,Advanced Security through Hardware Capabilities: A Comprehensive Survey on CHERI Technology,Bruno Sá; Donato Ferraro; Éverton de Matos; Rafail Psiakis; Andrea Marongiu; Andrea Bastoni; Sandro Pinto,58,15,10.1145/3833870,https://doi.org/10.1145/3833870,article,ACM Computing Surveys,https://openalex.org/W7172411467
ACM Computing Surveys (CSUR),ACM,2026,2026-08-05,Towards AI-Assisted Sustainable Adaptive Video Streaming Systems: Tutorial and Survey,Reza Farahani; Zoha Azimi; Christian Timmerer; Radu Prodan,58,15,10.1145/3838182,https://doi.org/10.1145/3838182,article,ACM Computing Surveys,https://openalex.org/W4399421225
ACM Computing Surveys (CSUR),ACM,2026,2026-08-05,"Vector Commitment Design, Analysis, and Applications: A Survey",Vir Nath Pathak; Sushmita Ruj; Ron van der Meyden,58,15,10.1145/3833384,https://doi.org/10.1145/3833384,article,ACM Computing Surveys,https://openalex.org/W7172501893
ACM Computing Surveys (CSUR),ACM,2026,2026-08-06,Towards Trustworthy Retrieval Augmented Generation for Large Language Models: A Survey,Bo Ni; Zheyuan Liu; Yongjia Lei; Leyao Wang; Yuying Zhao; Xueqi Cheng; Qingkai Zeng; Luna Dong; Yinglong Xia; Krishnaram Kenthapadi; Ryan A. Rossi; Franck Dernoncourt; Md Mehrab Tanjim; Nesreen K. Ahmed; Xiaorui Liu; Wenqi Fan; Erik Blasch; Yu Wang; Meng Jiang; Tyler Derr,58,15,10.1145/3837074,https://doi.org/10.1145/3837074,article,ACM Computing Surveys,https://openalex.org/W4407423003
ACM Computing Surveys (CSUR),ACM,2026,2026-08-07,Generative AI for Autonomous Driving: Frontiers and Opportunities,Yuping Wang; Shuo Xing; Can Cui; Renjie Li; Hong Hua; Kexin Tian; Zhaobin Mo; Xiangbo Gao; Marco Pavone; Sulong Zhou; Jiachen Li; Zhengzhong Tu,,,10.1145/3838726,https://doi.org/10.1145/3838726,article,ACM Computing Surveys,https://openalex.org/W4414937603
ACM Computing Surveys (CSUR),ACM,2026,2026-08-08,Detection and Characterization of Coordinated Online Behavior: A Survey,Lorenzo Mannocci; Michele Mazza; Anna Monreale; Maurizio Tesconi; Stefano Cresci,,,10.1145/3839225,https://doi.org/10.1145/3839225,article,ACM Computing Surveys,https://openalex.org/W4406302004
ACM Computing Surveys (CSUR),ACM,2026,2026-08-08,"Large Language Models and Social Media Information Integrity: Opportunities, Challenges, and Research Directions",Junjie Xiong; Zhuo Jiang; Xiaoran Xu; Chi Zhang; Chunfang Zhu; Ning Wang; Mingkui Wei; Lu Zhuo; Yao Liu; Lingyao Li,,,10.1145/3839233,https://doi.org/10.1145/3839233,article,ACM Computing Surveys,https://openalex.org/W4413365050
ACM Computing Surveys (CSUR),ACM,2026,2026-08-10,A Survey of Large-Scale Out-of-Core Graph Processing,Xianghao Xu; Fang Wang; Yongli Cheng; Yucheng Zhang,58,15,10.1145/3838595,https://doi.org/10.1145/3838595,article,ACM Computing Surveys,https://openalex.org/W7202085006
ACM Computing Surveys (CSUR),ACM,2026,2026-08-11,Reinforcement Learning in the Era of Large Language Models: Challenges and Opportunities,Qianyue Hao; Lin Chen; Xin-Kun Qi; Yuan Yuan; Zefang Zong; H. S. Chen; Keyu Zhao; Shengyuan Wang; Yunke Zhang; Jian Yuan; Yong Li,,,10.1145/3837057,https://doi.org/10.1145/3837057,article,ACM Computing Surveys,https://openalex.org/W7202166561
ACM Computing Surveys (CSUR),ACM,2026,2026-08-11,Uncertainty in Process Mining: Survey and Conceptual Framework,Arvid Lepsien; Milda Aleknonytė‐Resch; Matthias Weidlich; Agnes Koschmider,,,10.1145/3839360,https://doi.org/10.1145/3839360,article,ACM Computing Surveys,https://openalex.org/W7202199573
ACM Computing Surveys (CSUR),ACM,2026,2026-08-12,Reinforcement Learning for Multimodal Foundation Models: A Survey,Weijia Wu; Chen Gao; Joya Chen; Qinghong Lin; Qingwei Meng; Yiming Zhang; Yuke Qiu; Hong Zhou; Mike Zheng Shou,,,10.1145/3837760,https://doi.org/10.1145/3837760,article,ACM Computing Surveys,https://openalex.org/W7202250951
ACM Computing Surveys (CSUR),ACM,2026,2026-08-13,A Survey of Causal Learning in Graph-Based Recommender Systems,Dianer Yu; Qian Li; Balamurugan Soundararaj; Christopher James Pettit; Guandong Xu,,,10.1145/3840748,https://doi.org/10.1145/3840748,article,ACM Computing Surveys,https://openalex.org/W7202351105
ACM Computing Surveys (CSUR),ACM,2026,2026-08-14,A Survey of Distributed Asynchronous Many-Task Models and Their Applications,Joseph Schuchart; Patrick Diehl; Michael Bauer; Aurélien Bouteiller; Gregor Daiß; Engin Kayraklioglu; Shreyas Khandekar; Thomas Herault; John K. Holmen; Ritvik Rao; Alexander Strack; Elliott Schlaughter; Jennifer C. Spinti; Jeremy N. Thornock; Alex Aiken; Olivier Aumage; Martin Berzins; George Bosilca; Bradford L. Chamberlain; Hartmut Kaiser; Laxmikant V. Kalé,,,10.1145/3840389,https://doi.org/10.1145/3840389,article,ACM Computing Surveys,https://openalex.org/W7116860857
ACM Computing Surveys (CSUR),ACM,2026,2026-08-15,A Tutorial on Gaussian Process Learning-based Model Predictive Control,Jie Wang; Youmin M. Zhang,58,15,10.1145/3841464,https://doi.org/10.1145/3841464,article,ACM Computing Surveys,https://openalex.org/W4394591082
ACM Computing Surveys (CSUR),ACM,2026,2026-08-18,A Critical Study on the Influence of Formal Methods on Software Engineering Methodologies and Practices,Lokanna Kadakolmath; Amaresh Mayur,,,10.1145/3841633,https://doi.org/10.1145/3841633,article,ACM Computing Surveys,https://openalex.org/W7203688861
ACM Computing Surveys (CSUR),ACM,2026,2026-08-18,Detecting Vulnerabilities in Embedded Systems via Taint Analysis: A Survey,Guohao Wu; Hongliang Liang; Luming Yin; Qiuping Yi; Ce Wang; Jian Zhang,58,15,10.1145/3841632,https://doi.org/10.1145/3841632,article,ACM Computing Surveys,https://openalex.org/W7203702639
ACM Computing Surveys (CSUR),ACM,2026,2026-08-18,Transparent and Adaptive Gaming: The Role of Explainable AI and Dynamic Difficulty,Benjamin Murphy; Aikaterini Bourazeri,,,10.1145/3841631,https://doi.org/10.1145/3841631,article,ACM Computing Surveys,https://openalex.org/W7203675469
ACM Computing Surveys (CSUR),ACM,2026,2026-08-20,Large Language Model for Verilog Code Generation: Literature Review and the Road Ahead,Guang Yang; Wei Zheng; Dong Liang; Peng Hu; Yukui Yang; Shaohua Peng; Zhibo Li; Jiahui Feng; Xiao Wei; Kexin Sun; Deyuan Ma; H. P. Cheng; Yiheng Shen; Yiheng Shen; Xing Hu; Terry Yue Zhuo; David Lo,,,10.1145/3841636,https://doi.org/10.1145/3841636,article,ACM Computing Surveys,https://openalex.org/W4416231638
ACM Computing Surveys (CSUR),ACM,2026,2026-08-20,Sentiment Analysis in Digital Spaces: An Overview of Reviews,Laura Eeva Maria Ayravainen; Joanne M. Hinds; Brittany I Davidson,,,10.1145/3842380,https://doi.org/10.1145/3842380,article,ACM Computing Surveys,https://openalex.org/W4388110379
ACM Computing Surveys (CSUR),ACM,2026,2026-08-21,Quantum Error Mitigation: A Comprehensive Survey,Ratun Rahman; Dinh Cong Nguyen,,,10.1145/3842667,https://doi.org/10.1145/3842667,article,ACM Computing Surveys,https://openalex.org/W7203892921
ACM Computing Surveys (CSUR),ACM,2026,2026-08-22,A Survey on Centrality and Importance Measures in Hypergraphs: Categorization and Empirical Insights,Jaewan Chun; Fanchen Bu; Yeongho Kim; Atsushi Miyauchi; Francesco Bonchi; Kijung Shin,,,10.1145/3843227,https://doi.org/10.1145/3843227,article,ACM Computing Surveys,https://openalex.org/W4416932235
ACM Computing Surveys (CSUR),ACM,2026,2026-08-22,"A Survey on Clustered Federated Learning: Taxonomy, Analysis and Applications",Michael Ben Ali; Omar El-Rifai; Imen Megdiche; André Péninou; Olivier Teste,,,10.1145/3843202,https://doi.org/10.1145/3843202,article,ACM Computing Surveys,https://openalex.org/W4406975568
ACM Computing Surveys (CSUR),ACM,2026,2026-08-22,A Survey on Cybersecurity Threats in Industrial and Information Technology Environments: Advancements and Resilience Through Network Steganographic Techniques,Przemysław Szary; Wojciech Mazurczyk; Luca Caviglione,58,15,10.1145/3842734,https://doi.org/10.1145/3842734,article,ACM Computing Surveys,https://openalex.org/W7203977888
ACM Computing Surveys (CSUR),ACM,2026,2026-08-24,"Collaborative Inference and Learning between Edge SLMs and Cloud LLMs: A Survey of Algorithms, Execution, and Open Challenges",Senyang Li; Haozhao Wang; Wenchao Xu; Rui Zhang; Song Guo; Jingling Yuan; Xian Zhong; Tianwei Zhang; Ruixuan Li,,,10.1145/3838593,https://doi.org/10.1145/3838593,article,ACM Computing Surveys,https://openalex.org/W4417440855
ACM Computing Surveys (CSUR),ACM,2026,2026-08-24,IoT and ML for Distributed Renewable Energy Storage and Generation Management: A Review,Ranesh Kumar Naha; Joarder Kamruzzaman; Gour Karmakar; Shyh Wei Teng; Rakibuzzaman Shah; Masud Bakaul; Shi Dong,,,10.1145/3842722,https://doi.org/10.1145/3842722,article,ACM Computing Surveys,https://openalex.org/W7204145574
ACM Computing Surveys (CSUR),ACM,2026,2026-08-26,Recent Advances in 3D Object and Scene Generation: A Survey,X. Y. Tang; R. Li; Xiaopeng Fan,,,10.1145/3843767,https://doi.org/10.1145/3843767,article,ACM Computing Surveys,https://openalex.org/W4416541150
ACM Computing Surveys (CSUR),ACM,2026,2026-08-27,"AI-Driven Reliable SFC Deployment: Challenges, Opportunities, and Perspectives",Yihan Zhong; Danyang Zheng; Chao Wang; Anubha Mittal; Xiaojun Cao,,,10.1145/3840282,https://doi.org/10.1145/3840282,article,ACM Computing Surveys,https://openalex.org/W7204460578
ACM Computing Surveys (CSUR),ACM,2026,2026-08-29,"Auditing Artificial Intelligence Systems: A Survey of Current Frameworks, Principles and Approaches",Usman Shahbaz; Amin Beheshti; Babak Abedin; David Orsmond; Yuankai Qi,,,10.1145/3844500,https://doi.org/10.1145/3844500,article,ACM Computing Surveys,https://openalex.org/W7204663479
ACM Computing Surveys (CSUR),ACM,2026,2026-08-29,Putting the Human Back in the Loop: A Review of Interactive Bayesian Optimization,John J. Dudley; Antti Oulasvirta; Liwei Chan; Per Ola Kristensson,,,10.1145/3805804,https://doi.org/10.1145/3805804,article,ACM Computing Surveys,https://openalex.org/W7204660793
ACM Computing Surveys (CSUR),ACM,2026,2026-08-30,A Survey on Transformer-Based Long-Range Dependency Modeling in Intelligent Document Understanding,Xumu Jiang; Yu Zhang; Alireza Abbasi,,,10.1145/3844505,https://doi.org/10.1145/3844505,article,ACM Computing Surveys,https://openalex.org/W7204730766
ACM Computing Surveys (CSUR),ACM,2026,2026-09-01,A Comprehensive Survey on Identifying Influential Nodes: From Structural Centrality-based to Learning-based Methods,Amir Sheikhahmadi; Laleh Tafakori; Mahdi Jalili,,,10.1145/3844941,https://doi.org/10.1145/3844941,article,ACM Computing Surveys,https://openalex.org/W7204867112
ACM Computing Surveys (CSUR),ACM,2026,2026-09-01,A Survey of Symbol Name Recovery in Software Reverse Engineering,Hongcheng Fan; Jian Wu; Xincheng He; Yang Feng; Yibiao Yang; Baowen Xu; Qingkai Shi,,,10.1145/3844948,https://doi.org/10.1145/3844948,article,ACM Computing Surveys,https://openalex.org/W7204895205
ACM Computing Surveys (CSUR),ACM,2026,2026-09-01,"A Survey of What to Share in Federated Learning: Perspectives on Model Utility, Privacy Leakage, and Communication Efficiency",Jiawei Shao; Zijian Li; Wenqiang Sun; Tailin Zhou; Yuchang Sun; Lumin Liu; Zehong Lin; Yuyi Mao; Jun Zhang,,,10.1145/3844940,https://doi.org/10.1145/3844940,article,ACM Computing Surveys,https://openalex.org/W4385002547
ACM Computing Surveys (CSUR),ACM,2026,2026-09-01,"A Survey on Table Mining with Large Language Models: Challenges, Advancements and Prospects",Mingyue Cheng; Qingyang Mao; Qi Liu; Yitong Zhou; Yupeng Li; Jiahao Wang; Jiaying Lin; Jiawei Cao; Enhong Chen,,,10.1145/3844608,https://doi.org/10.1145/3844608,article,ACM Computing Surveys,https://openalex.org/W4409078708
ACM Computing Surveys (CSUR),ACM,2026,2026-09-01,Trustworthy Intelligent Vehicular Networks: A Survey,Xiao Zhang; Nishaant Madhankumar; Deniz Acikbas; Rohit Raval; Juexing Wang; Zheng Song; Xin Xia; Xinyu Lei; Di Zhang,,,10.1145/3844946,https://doi.org/10.1145/3844946,article,ACM Computing Surveys,https://openalex.org/W7204937736
ACM Computing Surveys (CSUR),ACM,2026,2026-09-02,A State-Of-The-Art Review of Industrial Time Series Data Analysis: Methods and Applications,Lilan Liu; Yixiang Zhang; Yan‐Ning Sun; Hongxia Cai; Chen Wang,,,10.1145/3844497,https://doi.org/10.1145/3844497,article,ACM Computing Surveys,https://openalex.org/W7204992260
ACM Computing Surveys (CSUR),ACM,2026,2026-09-02,Corrigendum: 40 Years of Designing Code Comprehension Experiments: A Systematic Mapping Study,Marvin Wyrich; Justus Bogner; Stefan Wagner,58,14,10.1145/3838282,https://doi.org/10.1145/3838282,erratum,ACM Computing Surveys,https://openalex.org/W7204993264
ACM Computing Surveys (CSUR),ACM,2026,2026-09-03,"A Review of Neural Question Generation: Approaches, Challenges, and Future Directions",Shasha Guo; Liang Pang; Jing Zhang; Cuiping Li; Hong Chen,,,10.1145/3843765,https://doi.org/10.1145/3843765,article,ACM Computing Surveys,https://openalex.org/W7207528231
ACM Computing Surveys (CSUR),ACM,2026,2026-09-04,A Survey on Lightweight Deep Neural Network Architecture Design,Yong Li; YuAng Chen; Qiming Liang; Shuhan Lv; Fang Lin,58,15,10.1145/3842661,https://doi.org/10.1145/3842661,article,ACM Computing Surveys,https://openalex.org/W7208755559
ACM Computing Surveys (CSUR),ACM,2026,2026-09-04,Quantifying the Knowledge in Deep Neural Networks: An Overview,Ioanna Valsamara; Ioannis Mademlis; Ioannis Pitas,,,10.1145/3845595,https://doi.org/10.1145/3845595,article,ACM Computing Surveys,https://openalex.org/W4386943198
ACM Computing Surveys (CSUR),ACM,2026,2026-09-05,"A Survey on Cyber Resilience in IoT Networks: Challenges, Mechanisms, and Future Directions",Foroozan Darbandeh; Muhammad Rizwan Asghar; Liqun Chen,,,10.1145/3845986,https://doi.org/10.1145/3845986,article,ACM Computing Surveys,https://openalex.org/W7208808981
ACM Computing Surveys (CSUR),ACM,2026,2026-09-05,"Transforming Science with Large Language Models: A Survey on AI-assisted Scientific Discovery, Experimentation, Content Generation, and Evaluation",Steffen Eger; Cao Yong; Jennifer D’Souza; Andreas Geiger; Christian Greisinger; Stephanie Groß; Yufang Hou; Brigitte Krenn; Anne Lauscher; Yizhi Li; Chenghua Lin; Nafise Sadat Moosavi; Wei Ping Zhao; Tristan Miller,,,10.1145/3845596,https://doi.org/10.1145/3845596,article,ACM Computing Surveys,https://openalex.org/W4407310674
ACM Computing Surveys (CSUR),ACM,2026,2026-09-08,A Survey on Foundation Models for Personalized Federated Intelligence,Yu Qiao; Huy Q. Le; Avi Deb Raha; Pham-Tue-Hung Tran; Apurba Adhikary; Mengchun Zhang; Loc X. Nguyen; Eui‐Nam Huh; Dusit Tao Niyato; Choong Seon Hong,,,10.1145/3844947,https://doi.org/10.1145/3844947,article,ACM Computing Surveys,https://openalex.org/W4417515043
ACM Computing Surveys (CSUR),ACM,2026,2026-09-09,"AI-coupled HPC Workflow Applications, Middleware and Performance",Wesley Brewer; Ana Gainaru; Frédéric Suter; Feiyi Wang; Murali Krishna Emani; Shantenu Jha,,,10.1145/3844499,https://doi.org/10.1145/3844499,article,ACM Computing Surveys,https://openalex.org/W4399911698
ACM Computing Surveys (CSUR),ACM,2026,2026-09-11,A Survey on the Evolution and Future Trajectory of Flow Cytometry Analysis,Tony Xu; Givanna Haryono Putri; Aaron Chuah; Robin Vlieger; Anne Bruestle,,,10.1145/3845984,https://doi.org/10.1145/3845984,article,ACM Computing Surveys,https://openalex.org/W7212236135
ACM Computing Surveys (CSUR),ACM,2026,2026-09-11,A Systematic Review of Modern Machine Learning in Query Optimization,Emmanouil Limnaios; Haridimos Kondylakis,,,10.1145/3847509,https://doi.org/10.1145/3847509,review,ACM Computing Surveys,https://openalex.org/W7212311099
ACM Computing Surveys (CSUR),ACM,2026,2026-09-11,Deep Learning of EEG Signals for Brain Function and Injury: A Systematic Review,Tiago Souza Silva; Murillo  Guimarães Carneiro; Liang Zhao; Yaochu Jin,,,10.1145/3847656,https://doi.org/10.1145/3847656,review,ACM Computing Surveys,https://openalex.org/W7212220018
ACM Computing Surveys (CSUR),ACM,2026,2026-09-11,Exploring Backdoor Vulnerabilities and Fairness Challenges in Generative Models: A Survey,Ryan Holland; Shantanu Pal; Lei Pan,,,10.1145/3847107,https://doi.org/10.1145/3847107,article,ACM Computing Surveys,https://openalex.org/W7212299119
ACM Computing Surveys (CSUR),ACM,2026,2026-09-15,Beyond Efficiency: A Systematic Survey of Resource-Efficient Large Language Models,Guangji Bai; Zheng Chai; Ling Chen; Shiyu Wang; Jiaying Lu; Nan Zhang; Tingwei Shi; Ziyang Yu; Mengdan Zhu; Yifei Zhang; Xinyuan Song; Carl Yang; Yue Cheng; Liang Zhao,,,10.1145/3845797,https://doi.org/10.1145/3845797,article,ACM Computing Surveys,https://openalex.org/W4390529182
ACM Computing Surveys (CSUR),ACM,2026,2026-09-15,Deep Learning-Based Sign Language Translation: A Survey and Taxonomy,Desen Yuan; Ruili Wang,,,10.1145/3844609,https://doi.org/10.1145/3844609,article,ACM Computing Surveys,https://openalex.org/W7213267866
ACM Computing Surveys (CSUR),ACM,2026,2026-09-15,Survey on Verifiable Machine Learning,He Lyu; Xikun Jiang; Boris Düdder; Yuya Sasaki,,,10.1145/3847111,https://doi.org/10.1145/3847111,article,ACM Computing Surveys,https://openalex.org/W7213334527
ACM Computing Surveys (CSUR),ACM,2026,2026-09-16,Mixed-Precision Quantization for Language Models: Techniques and Prospects,Mariam Rakka; Marios Fournarakis; Olga Krestinskaya; Jinane Bazzi; Khaled N. Salama; Fadi Kurdahi; Ahmed M. Eltawil; Mohammed E. Fouda,,,10.1145/3848510,https://doi.org/10.1145/3848510,article,ACM Computing Surveys,https://openalex.org/W4415960242
ACM Computing Surveys (CSUR),ACM,2026,2026-09-16,Towards Optimal Speculative Decoding: A Comprehensive Survey on Optimizations and Future Directions,Yuyang Ji; Wenjian Xu; Xiaohong Qian; Lei Zhang; Jian Wan,,,10.1145/3846171,https://doi.org/10.1145/3846171,article,ACM Computing Surveys,https://openalex.org/W7213330439
ACM Computing Surveys (CSUR),ACM,2026,2026-09-22,Multi-Task Deep Recommender Systems: A Survey,Yuhao Wang; Ha Tsz Lam; Yi Lin Wong; Ziru Liu; Wanyu Wang; Yichao Wang; Yichao Wang; Bo Chen; Huifeng Guo; Ruiming Tang; Xiangyu Zhao,,,10.1145/3846376,https://doi.org/10.1145/3846376,article,ACM Computing Surveys,https://openalex.org/W4319654004
ACM Computing Surveys (CSUR),ACM,2026,2026-09-24,"Brain-Computer Interface Software Ecology: Open-Source Tools, Cross-Domain Applications, and Future Challenges",WU Zhen-zhen; Tzyy‐Ping Jung; Wenlong Jiao; Xueguang Xie; Xianglong Wan; Dingna Duan; Tiange Liu; Suhan Cui; Wen Dong,,,10.1145/3833873,https://doi.org/10.1145/3833873,article,ACM Computing Surveys,https://openalex.org/W7214238741
ACM Computing Surveys (CSUR),ACM,2026,2026-09-24,"Frameworks, Modeling and Simulations of Misinformation and Disinformation: A Systematic Literature Review",Alejandro Buitrago López; Javier Pastor-Galindo; José A. Ruipérez‐Valiente,,,10.1145/3849797,https://doi.org/10.1145/3849797,review,ACM Computing Surveys,https://openalex.org/W4399695865
ACM Computing Surveys (CSUR),ACM,2026,2026-09-24,Publish/Subscribe for Edge Intelligence: Systematic Review and Future Prospects,Alaa Saleh; Sasu Tarkoma; Susanna Pirttikangas; Lauri Lovén,,,10.1145/3849800,https://doi.org/10.1145/3849800,review,ACM Computing Surveys,https://openalex.org/W7214188578
ACM Computing Surveys (CSUR),ACM,2026,2026-09-24,Representation Control for Large Language Models: Survey and Research Challenges,Łukasz Bartoszcze; Sarthak Munshi; Bryan Sukidi; Jennifer Yen; Zejia Yang; David Williams-King; Linh Le; Carsten R. Maple,,,10.1145/3846173,https://doi.org/10.1145/3846173,article,ACM Computing Surveys,https://openalex.org/W7214178998
