journal,publisher_family,year,publication_date,title,authors,volume,issue,doi,article_url,article_type,source_container_title,openalex_id
Neural Networks,Elsevier,2025,2025-01-01,CS-QCFS: Bridging the performance gap in ultra-low latency spiking neural networks,Hongchao Yang; Suorong Yang; Lingming Zhang; Hui Dou; Furao Shen; Jian Ying Zhao,184,,10.1016/j.neunet.2024.107076,https://doi.org/10.1016/j.neunet.2024.107076,article,Neural Networks,https://openalex.org/W4405963833
Neural Networks,Elsevier,2025,2025-01-01,Finite-time H∞ output synchronization for DCRDNNs with multiple delayed and adaptive output couplings,Qian Qiu; Yin Chen; Housheng Su,184,,10.1016/j.neunet.2024.107104,https://doi.org/10.1016/j.neunet.2024.107104,article,Neural Networks,https://openalex.org/W4405963916
Neural Networks,Elsevier,2025,2025-01-01,Spectral adversarial attack on graph via node injection,Weihua Ou; Yiyu Y. Yao; Jiahao Xiong; Yunshun Wu; Xianjun Deng; Jianping Gou; Jiamin Chen,184,,10.1016/j.neunet.2024.107046,https://doi.org/10.1016/j.neunet.2024.107046,article,Neural Networks,https://openalex.org/W4405963952
Neural Networks,Elsevier,2025,2025-01-01,VCSAP: Online reinforcement learning exploration method based on visitation count of state-action pairs,R.W. Zhou; Wenbo Zhu; Shuai D. Han; Meng Kang; Shuai Lü,184,,10.1016/j.neunet.2024.107052,https://doi.org/10.1016/j.neunet.2024.107052,article,Neural Networks,https://openalex.org/W4405963937
Neural Networks,Elsevier,2025,2025-01-02,GSE: A global–local storage enhanced video object recognition model,Yuhong Shi; Hongguang Pan; Ze Jiang; Libin Zhang; Rui Miao; Zheng Wang; Xinyu Lei,184,,10.1016/j.neunet.2024.107109,https://doi.org/10.1016/j.neunet.2024.107109,article,Neural Networks,https://openalex.org/W4406011492
Neural Networks,Elsevier,2025,2025-01-02,MIFS: An adaptive multipath information fused self-supervised framework for drug discovery,Xu Gong; Qun Liu; Rui Han; Yike Guo; Guoyin Wang,184,,10.1016/j.neunet.2024.107088,https://doi.org/10.1016/j.neunet.2024.107088,article,Neural Networks,https://openalex.org/W4405982370
Neural Networks,Elsevier,2025,2025-01-02,Neural network emulator for atmospheric chemical ODE,Zhi-Song Liu; Petri S. Clusius; Michael H. Boy,184,,10.1016/j.neunet.2024.107106,https://doi.org/10.1016/j.neunet.2024.107106,article,Neural Networks,https://openalex.org/W4405987239
Neural Networks,Elsevier,2025,2025-01-02,Temporal multi-modal knowledge graph generation for link prediction,Yuandi Li; Hui Ji; Fei Yu; Lechao Cheng; Nan Che,185,,10.1016/j.neunet.2024.107108,https://doi.org/10.1016/j.neunet.2024.107108,article,Neural Networks,https://openalex.org/W4406011662
Neural Networks,Elsevier,2025,2025-01-04,A discriminative multi-modal adaptation neural network model for video action recognition,Lei Gao; Kai Liu; Ling Guan,185,,10.1016/j.neunet.2024.107114,https://doi.org/10.1016/j.neunet.2024.107114,article,Neural Networks,https://openalex.org/W4406062802
Neural Networks,Elsevier,2025,2025-01-04,Convergence analysis of deep Ritz method with over-parameterization,Zhao Ding; Yuling Jiao; Xiliang Lu; Peiying Wu; Jerry Zhijian Yang,184,,10.1016/j.neunet.2024.107110,https://doi.org/10.1016/j.neunet.2024.107110,article,Neural Networks,https://openalex.org/W4406062903
Neural Networks,Elsevier,2025,2025-01-04,Multi-level feature fusion networks for smoke recognition in remote sensing imagery,Yupeng Wang; Yupeng Wang; Zaki Ahmad Khan; Anqi Huang; Jianghui Sang,184,,10.1016/j.neunet.2024.107112,https://doi.org/10.1016/j.neunet.2024.107112,article,Neural Networks,https://openalex.org/W4406062914
Neural Networks,Elsevier,2025,2025-01-04,Multi-view clustering based on feature selection and semi-non-negative anchor graph factorization,Shikun Mei; Qianqian Wang; Quanxue Gao; Ming Yang,184,,10.1016/j.neunet.2024.107111,https://doi.org/10.1016/j.neunet.2024.107111,article,Neural Networks,https://openalex.org/W4406062812
Neural Networks,Elsevier,2025,2025-01-04,User preference interaction fusion and swap attention graph neural network for recommender system,Mingqi Li; Wenming Ma; Zihao Chu,184,,10.1016/j.neunet.2024.107116,https://doi.org/10.1016/j.neunet.2024.107116,article,Neural Networks,https://openalex.org/W4406062886
Neural Networks,Elsevier,2025,2025-01-05,Synergistic learning with multi-task DeepONet for efficient PDE problem solving,Varun Kumar; Somdatta Goswami; Katiana Kontolati; Michael D. Shields; George Em Karniadakis,184,,10.1016/j.neunet.2024.107113,https://www.sciencedirect.com/science/article/pii/S0893608024010426/pdf,article,Neural Networks,https://openalex.org/W4406062916
Neural Networks,Elsevier,2025,2025-01-06,A discrete convolutional network for entity relation extraction,Weizhe Yang; Yongbin Qin; Kai Wang; Ying Hu; Ruizhang Huang; Yanping Chen,184,,10.1016/j.neunet.2024.107117,https://doi.org/10.1016/j.neunet.2024.107117,article,Neural Networks,https://openalex.org/W4406083544
Neural Networks,Elsevier,2025,2025-01-06,A novel swarm budorcas taxicolor optimization-based multi-support vector method for transformer fault diagnosis,Yong Ding; Weijian Mai; Zhijun Zhang,184,,10.1016/j.neunet.2024.107120,https://doi.org/10.1016/j.neunet.2024.107120,article,Neural Networks,https://openalex.org/W4406117431
Neural Networks,Elsevier,2025,2025-01-06,A smooth gradient approximation neural network for general constrained nonsmooth nonconvex optimization problems,Na Liu; Wenwen Jia; Sitian Qin,184,,10.1016/j.neunet.2024.107121,https://doi.org/10.1016/j.neunet.2024.107121,article,Neural Networks,https://openalex.org/W4406097188
Neural Networks,Elsevier,2025,2025-01-06,DCS-RISR: Dynamic channel splitting for efficient real-world image super-resolution,Junbo Qiao; Shaohui Lin; Yulun Zhang; Wei Li; Jie Hu; Gaoqi He; Changbo Wang; Lizhuang Ma,184,,10.1016/j.neunet.2024.107119,https://doi.org/10.1016/j.neunet.2024.107119,article,Neural Networks,https://openalex.org/W4406109380
Neural Networks,Elsevier,2025,2025-01-06,DFCL: Dual-pathway fusion contrastive learning for blind single-image visible watermark removal,Bin Meng; Jiliu Zhou; Haoran Yang; Jiayong Liu; Yi‐Fei Pu,184,,10.1016/j.neunet.2024.107077,https://doi.org/10.1016/j.neunet.2024.107077,article,Neural Networks,https://openalex.org/W4406083424
Neural Networks,Elsevier,2025,2025-01-06,ICH-PRNet: a cross-modal intracerebral haemorrhage prognostic prediction method using joint-attention interaction mechanism,Xin-Lei Yu; Ahmed Elazab; Ruiquan Ge; Jichao Zhu; Lingyan Zhang; Gangyong Jia; Q. M. Jonathan Wu; Xiang Wan; Lihua Li; Changmiao Wang,184,,10.1016/j.neunet.2024.107096,https://doi.org/10.1016/j.neunet.2024.107096,article,Neural Networks,https://openalex.org/W4406098393
Neural Networks,Elsevier,2025,2025-01-06,Uncertainty modeling for inductive knowledge graph embedding,Chao Liu; Sam Kwong; Xizhao Wang,184,,10.1016/j.neunet.2024.107103,https://doi.org/10.1016/j.neunet.2024.107103,article,Neural Networks,https://openalex.org/W4406105510
Neural Networks,Elsevier,2025,2025-01-07,Multi-Scale Pyramid Squeeze Attention Similarity Optimization Classification Neural Network for ERP Detection,Ruitian Xu; Brendan Z. Allison; Xueqing Zhao; Wei Liang; Xingyu Wang; Andrzej S Cichocki; Jing Jin,184,,10.1016/j.neunet.2025.107124,https://doi.org/10.1016/j.neunet.2025.107124,article,Neural Networks,https://openalex.org/W4406141446
Neural Networks,Elsevier,2025,2025-01-07,Searching to extrapolate embedding for out-of-graph node representation learning,Zhenqian Shen; Shuhan Guo; Yan Wen; Lanning Wei; Wengang Zhang; Yuanhai Luo; Chongwu Wu; Quanming Yao,184,,10.1016/j.neunet.2024.107118,https://doi.org/10.1016/j.neunet.2024.107118,article,Neural Networks,https://openalex.org/W4406134761
Neural Networks,Elsevier,2025,2025-01-08,A Fine-grained Hemispheric Asymmetry Network for accurate and interpretable EEG-based emotion classification,Ruofan Yan; Na Lü; Yuxuan Yan; Xu Niu; Jibin Wu,184,,10.1016/j.neunet.2025.107127,https://doi.org/10.1016/j.neunet.2025.107127,article,Neural Networks,https://openalex.org/W4406160925
Neural Networks,Elsevier,2025,2025-01-08,Dual-view global and local category-attentive domain alignment for unsupervised conditional adversarial domain adaptation,Jiahua Wu; Yuchun Fang,185,,10.1016/j.neunet.2025.107129,https://doi.org/10.1016/j.neunet.2025.107129,article,Neural Networks,https://openalex.org/W4406159931
Neural Networks,Elsevier,2025,2025-01-08,Dynamic planning in hierarchical active inference,Matteo Priorelli; Ivilin Peev Stoianov,185,,10.1016/j.neunet.2024.107075,https://doi.org/10.1016/j.neunet.2024.107075,article,Neural Networks,https://openalex.org/W4406160179
Neural Networks,Elsevier,2025,2025-01-08,Improved analysis of supervised learning in the RKHS with random features: Beyond least squares,Jiamin Liu; Lei Wang; Heng Lian,184,,10.1016/j.neunet.2024.107091,https://doi.org/10.1016/j.neunet.2024.107091,article,Neural Networks,https://openalex.org/W4406160178
Neural Networks,Elsevier,2025,2025-01-08,Quantum mixed-state self-attention network,Chen Fu; Qinglin Zhao; Li Feng; Chuangtao Chen; Yangbin Lin; Jianhong Lin,185,,10.1016/j.neunet.2025.107123,https://doi.org/10.1016/j.neunet.2025.107123,article,Neural Networks,https://openalex.org/W4406159935
Neural Networks,Elsevier,2025,2025-01-08,RMKD: Relaxed matching knowledge distillation for short-length SSVEP-based brain–computer interfaces,Zhen Lan; Zixing Li; Chao Yan; Xiaojia Xiang; Dengqing Tang; Min Wu; Zhenghua Chen,185,,10.1016/j.neunet.2025.107133,https://doi.org/10.1016/j.neunet.2025.107133,article,Neural Networks,https://openalex.org/W4406160289
Neural Networks,Elsevier,2025,2025-01-08,VPT: Video portraits transformer for realistic talking face generation,Zhijun Zhang; Jian Zhang; Weijian Mai,184,,10.1016/j.neunet.2025.107122,https://doi.org/10.1016/j.neunet.2025.107122,article,Neural Networks,https://openalex.org/W4406229963
Neural Networks,Elsevier,2025,2025-01-09,Contrastive Graph Representation Learning with Adversarial Cross-View Reconstruction and Information Bottleneck,Yuntao Shou; Haozhi Lan; Xiangyong Cao,184,,10.1016/j.neunet.2024.107094,https://doi.org/10.1016/j.neunet.2024.107094,article,Neural Networks,https://openalex.org/W4406229937
Neural Networks,Elsevier,2025,2025-01-09,Disentangled Active Learning on Graphs,Haoran Yang; Junli Wang; Rui Duan; Changwei Wang; Chungang Yan,185,,10.1016/j.neunet.2025.107130,https://doi.org/10.1016/j.neunet.2025.107130,article,Neural Networks,https://openalex.org/W4406213419
Neural Networks,Elsevier,2025,2025-01-09,Sequential recommendation via agent-based irrelevancy skipping,Yu Cheng; Jiawei Zheng; Binquan Wu; Qianli Ma,185,,10.1016/j.neunet.2025.107134,https://doi.org/10.1016/j.neunet.2025.107134,article,Neural Networks,https://openalex.org/W4406212895
Neural Networks,Elsevier,2025,2025-01-10,Spiking-PhysFormer: Camera-based remote photoplethysmography with parallel spike-driven transformer,Mingxuan Liu; Jiankai Tang; Yongli Chen; Haoxiang Li; Haoxiang Li; Siwei Li; Kegang Wang; Jie Gan; Yuntao Wang; Hong Chen,185,,10.1016/j.neunet.2025.107128,https://doi.org/10.1016/j.neunet.2025.107128,article,Neural Networks,https://openalex.org/W4406236671
Neural Networks,Elsevier,2025,2025-01-11,Endpoint-aware audio-visual speech enhancement utilizing dynamic weight modulation based on SNR estimation,Zhehui Zhu; Lijun Zhang; Kaikun Pei; Siqi Chen,185,,10.1016/j.neunet.2025.107152,https://doi.org/10.1016/j.neunet.2025.107152,article,Neural Networks,https://openalex.org/W4406278498
Neural Networks,Elsevier,2025,2025-01-12,An adversarial transformer for anomalous lamb wave pattern detection,Jiawei Guo; Sen Zhang; Nikta Amiri; Lingyu Yu; Yi Wang,185,,10.1016/j.neunet.2025.107153,https://doi.org/10.1016/j.neunet.2025.107153,article,Neural Networks,https://openalex.org/W4406289443
Neural Networks,Elsevier,2025,2025-01-13,A universal strategy for smoothing deceleration in deep graph neural networks,Qi Cheng; lang long; Jiayu Xu; Min Zhang; Shuangze Han; Chengkui Zhao; Weixing Feng,185,,10.1016/j.neunet.2025.107132,https://doi.org/10.1016/j.neunet.2025.107132,article,Neural Networks,https://openalex.org/W4406309510
Neural Networks,Elsevier,2025,2025-01-13,Federated learning meets Bayesian neural network: Robust and uncertainty-aware distributed variational inference,Pengfei Li; Qinghua Hu; Xiaofei Wang,185,,10.1016/j.neunet.2025.107135,https://doi.org/10.1016/j.neunet.2025.107135,article,Neural Networks,https://openalex.org/W4406309457
Neural Networks,Elsevier,2025,2025-01-13,Nonlinear feature selection for support vector quantile regression,Ya-Fen Ye; Jie Wang; Wei-Jie Chen,185,,10.1016/j.neunet.2025.107136,https://doi.org/10.1016/j.neunet.2025.107136,article,Neural Networks,https://openalex.org/W4406309537
Neural Networks,Elsevier,2025,2025-01-14,A meta-learning imbalanced classification framework via boundary enhancement strategy with Bayes imbalance impact index,Qiangwei Li; Xin Gao; Heping Lu; Baofeng Li; Feng Zhai; Taizhi Wang; Zhihang Meng; Hao Yu,185,,10.1016/j.neunet.2025.107126,https://doi.org/10.1016/j.neunet.2025.107126,article,Neural Networks,https://openalex.org/W4406364106
Neural Networks,Elsevier,2025,2025-01-14,Fuzzy bifocal disambiguation for partial multi-label learning,Xiaozhao Fang; Xi Hu; Yan Hu; Yonghao Chen; Shengli Xie; Na Han,185,,10.1016/j.neunet.2025.107137,https://doi.org/10.1016/j.neunet.2025.107137,article,Neural Networks,https://openalex.org/W4406364172
Neural Networks,Elsevier,2025,2025-01-14,"Read, Eliminate, and Focus: A reading comprehension paradigm for distant supervised relation extraction",Zechen Meng; Mankun Zhao; Jian Ming Yu; Tianyi Xu; Xuewei Li; Di Jin; Ruiguo Yu; Ruiguo Yu,185,,10.1016/j.neunet.2025.107138,https://doi.org/10.1016/j.neunet.2025.107138,article,Neural Networks,https://openalex.org/W4406358212
Neural Networks,Elsevier,2025,2025-01-14,SSIM over MSE: A new perspective for video anomaly detection,Jin Fan; Miao Chen; Zhiyu Gu; Jiajun Yang; Huifeng Wu; Jia Wu,185,,10.1016/j.neunet.2024.107115,https://doi.org/10.1016/j.neunet.2024.107115,article,Neural Networks,https://openalex.org/W4406340309
Neural Networks,Elsevier,2025,2025-01-15,Exploring continual learning strategies in artificial neural networks through graph-based analysis of connectivity: Insights from a brain-inspired perspective,Lucrezia Carboni; Dwight Nwaigwe; Marion Mainsant; Raphaël Bayle; Marina Reyboz; Martial Mermillod; Michel Dojat; Sophie Achard,185,,10.1016/j.neunet.2025.107125,https://doi.org/10.1016/j.neunet.2025.107125,article,Neural Networks,https://openalex.org/W4388677305
Neural Networks,Elsevier,2025,2025-01-15,Leveraging neighborhood distance awareness for entity alignment in temporal knowledge graphs,Lin Zhu; Guishun Li; Luyi Bai,185,,10.1016/j.neunet.2025.107181,https://doi.org/10.1016/j.neunet.2025.107181,article,Neural Networks,https://openalex.org/W4406387553
Neural Networks,Elsevier,2025,2025-01-16,An efficient framework based on local multi-representatives and noise-robust synthetic example generation for self-labeled semi-supervised classification,Junnan Li; Shun Fu; Wei Fu; Lufeng Wang; Xin Pan,185,,10.1016/j.neunet.2025.107142,https://doi.org/10.1016/j.neunet.2025.107142,article,Neural Networks,https://openalex.org/W4406477000
Neural Networks,Elsevier,2025,2025-01-16,DKiS: Decay weight invertible image steganography with private key,Hang Yang; Yitian Xu; Xuhua Liu,185,,10.1016/j.neunet.2025.107148,https://doi.org/10.1016/j.neunet.2025.107148,article,Neural Networks,https://openalex.org/W4406447254
Neural Networks,Elsevier,2025,2025-01-16,DVPT: Dynamic Visual Prompt Tuning of large pre-trained models for medical image analysis,Along He; Yanlin Wu; Zhihong Wang; Tao Li; Huazhu Fu,185,,10.1016/j.neunet.2025.107168,https://doi.org/10.1016/j.neunet.2025.107168,article,Neural Networks,https://openalex.org/W4406456092
Neural Networks,Elsevier,2025,2025-01-16,GAN-based data reconstruction attacks in split learning,Bo Zeng; Sida Luo; Fangchao Yu; Geying Yang; Kai Zhao; Lina Wang,185,,10.1016/j.neunet.2025.107150,https://doi.org/10.1016/j.neunet.2025.107150,article,Neural Networks,https://openalex.org/W4406456074
Neural Networks,Elsevier,2025,2025-01-16,MDWConv:CNN based on multi-scale atrous pyramid and depthwise separable convolution for long time series forecasting,Guangpo Tian; Yunyang Xu; Xiang Ma; Xuemei Li; Caiming Zhang,185,,10.1016/j.neunet.2025.107139,https://doi.org/10.1016/j.neunet.2025.107139,article,Neural Networks,https://openalex.org/W4406456088
Neural Networks,Elsevier,2025,2025-01-16,PFENet: Towards precise feature extraction from sparse point cloud for 3D object detection,Yaochen Li; Qiao Li; Cong Gao; Shengjing Gao; Hao Wu; Rui Liu,185,,10.1016/j.neunet.2025.107144,https://doi.org/10.1016/j.neunet.2025.107144,article,Neural Networks,https://openalex.org/W4406456093
Neural Networks,Elsevier,2025,2025-01-16,Physics-informed Neural Implicit Flow neural network for parametric PDEs,Zixue Xiang; Wei Peng; Wen Yao; Xu Liu; Xiaoya Zhang,185,,10.1016/j.neunet.2025.107166,https://doi.org/10.1016/j.neunet.2025.107166,article,Neural Networks,https://openalex.org/W4406456077
Neural Networks,Elsevier,2025,2025-01-16,Simplified self-supervised learning for hybrid propagation graph-based recommendation,Jianing Zhou; Jie Liao; Xi Feng Zhu; Junhao Wen; Wei Guo Zhou,185,,10.1016/j.neunet.2025.107145,https://doi.org/10.1016/j.neunet.2025.107145,article,Neural Networks,https://openalex.org/W4406456099
Neural Networks,Elsevier,2025,2025-01-16,Towards parameter-free attentional spiking neural networks,Pengfei Sun; Jibin Wu; Paul Devos; Dick B. Botteldooren,185,,10.1016/j.neunet.2025.107154,https://doi.org/10.1016/j.neunet.2025.107154,article,Neural Networks,https://openalex.org/W4406456079
Neural Networks,Elsevier,2025,2025-01-17,A new pipeline with ultimate search efficiency for neural architecture search,Wenbo Liu; Xiaoyun Qiao; Chunyu Zhao; Tao Deng; Fei Yan,185,,10.1016/j.neunet.2025.107163,https://doi.org/10.1016/j.neunet.2025.107163,article,Neural Networks,https://openalex.org/W4406518599
Neural Networks,Elsevier,2025,2025-01-17,CPJN: News recommendation with a content and popularity joint network,Zixuan Chen; Songqiao Han; Hailiang Huang; You Wu,185,,10.1016/j.neunet.2025.107177,https://doi.org/10.1016/j.neunet.2025.107177,article,Neural Networks,https://openalex.org/W4406539931
Neural Networks,Elsevier,2025,2025-01-17,Contrastive independent subspace analysis network for multi-view spatial information extraction,Tong Zhang; Deyu Zeng; Wei Liu; Zongze Wu; Chris H. Q. Ding; Xiaopin Zhong,185,,10.1016/j.neunet.2024.107105,https://doi.org/10.1016/j.neunet.2024.107105,article,Neural Networks,https://openalex.org/W4406519016
Neural Networks,Elsevier,2025,2025-01-17,DGMSCL: A dynamic graph mixed supervised contrastive learning approach for class imbalanced multivariate time series classification,Lipeng Qian; Qiong Zuo; Dahu Li; Hong Ping Zhu,185,,10.1016/j.neunet.2025.107131,https://doi.org/10.1016/j.neunet.2025.107131,article,Neural Networks,https://openalex.org/W4406538956
Neural Networks,Elsevier,2025,2025-01-17,On latent dynamics learning in nonlinear reduced order modeling,N. Farenga; Stefania Fresca; Simone Brivio; Andrea Manzoni,185,,10.1016/j.neunet.2025.107146,https://doi.org/10.1016/j.neunet.2025.107146,article,Neural Networks,https://openalex.org/W4406519418
Neural Networks,Elsevier,2025,2025-01-17,Out-of-Distribution Detection via outlier exposure in federated learning,Gu-Bon Jeong; Dong-Wan Choi,185,,10.1016/j.neunet.2025.107141,https://doi.org/10.1016/j.neunet.2025.107141,article,Neural Networks,https://openalex.org/W4406518993
Neural Networks,Elsevier,2025,2025-01-17,Reducing bias in source-free unsupervised domain adaptation for regression,Qianshan Zhan; Xiao‐Jun Zeng; Qian Wang,185,,10.1016/j.neunet.2025.107161,https://doi.org/10.1016/j.neunet.2025.107161,article,Neural Networks,https://openalex.org/W4406518660
Neural Networks,Elsevier,2025,2025-01-17,When low-light meets flares: Towards Synchronous Flare Removal and Brightness Enhancement,Jiahuan Ren; Zhao Zhang; Suiyi Zhao; Jicong Fan; Zhongqiu Zhao; Yang Zhao; Richang Hong; Meng Wang,185,,10.1016/j.neunet.2025.107149,https://doi.org/10.1016/j.neunet.2025.107149,article,Neural Networks,https://openalex.org/W4406518624
Neural Networks,Elsevier,2025,2025-01-18,"( ω , c )-Asymptotically periodic oscillation of cellular neural networks on time scales with leakage delays and mixed time-varying delays",Puja Bharti; Soniya Dhama,185,,10.1016/j.neunet.2025.107174,https://doi.org/10.1016/j.neunet.2025.107174,article,Neural Networks,https://openalex.org/W4406559778
Neural Networks,Elsevier,2025,2025-01-18,A Novel session-based recommendation system using capsule graph neural network,Driss Alaoui; Jamal Riffi; My Abdelouahed Sabri; Badraddine Aghoutane; Ali Yahyaouy; Hamid Tairi,185,,10.1016/j.neunet.2025.107176,https://doi.org/10.1016/j.neunet.2025.107176,article,Neural Networks,https://openalex.org/W4406560722
Neural Networks,Elsevier,2025,2025-01-18,ACformer: A unified transformer for arbitrary-frame image exposure correction,Chao Li; Yuchen Yang; Qing He; Ran Gu; Lei Zhang; Jun Xu,185,,10.1016/j.neunet.2025.107162,https://doi.org/10.1016/j.neunet.2025.107162,article,Neural Networks,https://openalex.org/W4406559793
Neural Networks,Elsevier,2025,2025-01-18,CURRENT EVENTS,,183,,10.1016/s0893-6080(25)00049-8,https://doi.org/10.1016/s0893-6080(25)00049-8,article,Neural Networks,https://openalex.org/W4406572799
Neural Networks,Elsevier,2025,2025-01-18,DCTCNet: Sequency discrete cosine transform convolution network for visual recognition,Jiayong Bao; Jiangshe Zhang; Chunxia Zhang; Lili Bao,185,,10.1016/j.neunet.2025.107143,https://doi.org/10.1016/j.neunet.2025.107143,article,Neural Networks,https://openalex.org/W4406559840
Neural Networks,Elsevier,2025,2025-01-18,Editorial Board,,183,,10.1016/s0893-6080(25)00037-1,https://doi.org/10.1016/s0893-6080(25)00037-1,paratext,Neural Networks,https://openalex.org/W4406572862
Neural Networks,Elsevier,2025,2025-01-18,INN/ENNS/JNNS - Membership Applic. Form,,183,,10.1016/s0893-6080(25)00050-4,https://doi.org/10.1016/s0893-6080(25)00050-4,article,Neural Networks,https://openalex.org/W4406573547
Neural Networks,Elsevier,2025,2025-01-18,LGS-KT: Integrating logical and grammatical skills for effective programming knowledge tracing,Xinjie Sun; Qi Liu; Kai Zhang; Shuanghong Shen; Yan Zhuang; Yuxiang Guo,185,,10.1016/j.neunet.2025.107164,https://doi.org/10.1016/j.neunet.2025.107164,article,Neural Networks,https://openalex.org/W4406549922
Neural Networks,Elsevier,2025,2025-01-18,Supporting vision-language model few-shot inference with confounder-pruned knowledge prompt,Jiangmeng Li; Wenyi Mo; Fei Song; Chuxiong Sun; Wenwen Qiang; Bing Su; Changwen Zheng,185,,10.1016/j.neunet.2025.107173,https://doi.org/10.1016/j.neunet.2025.107173,article,Neural Networks,https://openalex.org/W4406560402
Neural Networks,Elsevier,2025,2025-01-20,Graph anomaly detection based on hybrid node representation learning,Xiang Wang; Hao Dou; Dibo Dong; Zhenyu Meng,185,,10.1016/j.neunet.2025.107169,https://doi.org/10.1016/j.neunet.2025.107169,article,Neural Networks,https://openalex.org/W4406598481
Neural Networks,Elsevier,2025,2025-01-21,A novel ANN-based feature subset selection in multi-scale granular ball neighborhood decision tables,Lujing Zhang; Guoping Lin; Ling Wei; Shujiao Liao; Yidong Lin,185,,10.1016/j.neunet.2025.107178,https://doi.org/10.1016/j.neunet.2025.107178,article,Neural Networks,https://openalex.org/W4406676290
Neural Networks,Elsevier,2025,2025-01-21,A rule- and query-guided reinforcement learning for extrapolation reasoning in temporal knowledge graphs,Tingxuan Chen; Yang Liu; Zidong Wang; Jun Bo Long,185,,10.1016/j.neunet.2025.107186,https://doi.org/10.1016/j.neunet.2025.107186,article,Neural Networks,https://openalex.org/W4406676315
Neural Networks,Elsevier,2025,2025-01-21,Continual learning with Bayesian compression for shared and private latent representations,Yang Yang; Dandan Guo; Bo Chen; Dexiu Hu,185,,10.1016/j.neunet.2025.107167,https://doi.org/10.1016/j.neunet.2025.107167,article,Neural Networks,https://openalex.org/W4406676441
Neural Networks,Elsevier,2025,2025-01-21,Fast Co-clustering via Anchor-guided Label Spreading,Fangyuan Xie; Feiping Nie; Weizhong Yu; Xuelong Li,185,,10.1016/j.neunet.2025.107187,https://doi.org/10.1016/j.neunet.2025.107187,article,Neural Networks,https://openalex.org/W4406642418
Neural Networks,Elsevier,2025,2025-01-21,Multi-view learning with enhanced multi-weight vector projection support vector machine,Xin Yan; Shuaixing Wang; Huina Chen; Hongmiao Zhu,185,,10.1016/j.neunet.2025.107180,https://doi.org/10.1016/j.neunet.2025.107180,article,Neural Networks,https://openalex.org/W4406634375
Neural Networks,Elsevier,2025,2025-01-21,On spectral bias reduction of multi-scale neural networks for regression problems,Bo Wang; Heng Yuan; Lizuo Liu; Wenzhong Zhang; Wei Cai,185,,10.1016/j.neunet.2025.107179,https://doi.org/10.1016/j.neunet.2025.107179,article,Neural Networks,https://openalex.org/W4406688501
Neural Networks,Elsevier,2025,2025-01-21,Paying more attention on backgrounds: Background-centric attention for UAV detection,Xiuxiu Lin; Yusu Niu; Xinran Yu; Zhun Fan; Jiafan Zhuang; An‐Min Zou,185,,10.1016/j.neunet.2025.107182,https://doi.org/10.1016/j.neunet.2025.107182,article,Neural Networks,https://openalex.org/W4406642327
Neural Networks,Elsevier,2025,2025-01-21,Tensor neural networks for high-dimensional Fokker–Planck equations,Taorui Wang; Zheyuan Hu; Kenji Kawaguchi; Zhongqiang Zhang; George Em Karniadakis,185,,10.1016/j.neunet.2025.107165,https://doi.org/10.1016/j.neunet.2025.107165,article,Neural Networks,https://openalex.org/W4406658697
Neural Networks,Elsevier,2025,2025-01-22,A multi-agent reinforcement learning framework for cross-domain sequential recommendation,Huiting Liu; Junyi Wei; Kaiwen Zhu; Peipei Li; Peng Zhao; Xindong Wu,185,,10.1016/j.neunet.2025.107192,https://doi.org/10.1016/j.neunet.2025.107192,article,Neural Networks,https://openalex.org/W4406730788
Neural Networks,Elsevier,2025,2025-01-22,EHM: Exploring dynamic alignment and hierarchical clustering in unsupervised domain adaptation via high-order moment-guided contrastive learning,Tengyue Xu; Jun Dan,185,,10.1016/j.neunet.2025.107188,https://doi.org/10.1016/j.neunet.2025.107188,article,Neural Networks,https://openalex.org/W4406693452
Neural Networks,Elsevier,2025,2025-01-22,Online ensemble model compression for nonstationary data stream learning,Rodrigo G. F. Soares; Leandro Lei Minku,185,,10.1016/j.neunet.2025.107151,https://doi.org/10.1016/j.neunet.2025.107151,article,Neural Networks,https://openalex.org/W4406713749
Neural Networks,Elsevier,2025,2025-01-22,SAC-BL: A hypothesis testing framework for unsupervised visual anomaly detection and location,Xinsong Ma; Jie Wu; Weiwei Liu,185,,10.1016/j.neunet.2025.107147,https://doi.org/10.1016/j.neunet.2025.107147,article,Neural Networks,https://openalex.org/W4406714279
Neural Networks,Elsevier,2025,2025-01-22,SQGE: Support-query prototype guidance and enhancement for few-shot relational triple extraction,Chen Gao; Xuan Zhang; Zhi Gang Jin; Wei Cai; Danyang Wang; Kunpeng Du; Chunlin Yin; Tong Li,185,,10.1016/j.neunet.2025.107172,https://doi.org/10.1016/j.neunet.2025.107172,article,Neural Networks,https://openalex.org/W4406713785
Neural Networks,Elsevier,2025,2025-01-22,ShadowGAN-Former: Reweighting self-attention based on mask for shadow removal,Jianyi Hu; Shuhuan Wen; Jiaqi Li; Hamid Reza Karimi,185,,10.1016/j.neunet.2025.107175,https://doi.org/10.1016/j.neunet.2025.107175,article,Neural Networks,https://openalex.org/W4406714277
Neural Networks,Elsevier,2025,2025-01-22,Two algorithms for improving model-based diagnosis using multiple observations and deep learning,Ran Tai; Dantong Ouyang; Liming Zhang,185,,10.1016/j.neunet.2025.107185,https://doi.org/10.1016/j.neunet.2025.107185,article,Neural Networks,https://openalex.org/W4406732839
Neural Networks,Elsevier,2025,2025-01-22,When bipartite graph learning meets anomaly detection in attributed networks: Understand abnormalities from each attribute,Zhen Peng; Yunfan Wang; Qika Lin; Bo Dong; Chao Shen,185,,10.1016/j.neunet.2025.107194,https://doi.org/10.1016/j.neunet.2025.107194,article,Neural Networks,https://openalex.org/W4406731369
Neural Networks,Elsevier,2025,2025-01-23,Knowledge-Guided Semantically Consistent Contrastive Learning for sequential recommendation,Chenglong Shi; Surong Yan; Shuai Zhang; Haosen Wang; Kwei-Jay Lin,185,,10.1016/j.neunet.2025.107191,https://doi.org/10.1016/j.neunet.2025.107191,article,Neural Networks,https://openalex.org/W4406757778
Neural Networks,Elsevier,2025,2025-01-23,SAR remote sensing image segmentation based on feature enhancement,Wei Wei; Yanyu Ye; Guochao Chen; Yuming Zhao; Xin Mi Yang; Lei Zhang; Yanning Zhang,185,,10.1016/j.neunet.2025.107190,https://doi.org/10.1016/j.neunet.2025.107190,article,Neural Networks,https://openalex.org/W4406756406
Neural Networks,Elsevier,2025,2025-01-23,UNAGI: Unified neighbor-aware graph neural network for multi-view clustering,Zheming Xu; Congyan Lang; Lili Wei; Liqian Liang; Tao Wang; Yidong Li; Michael Kampffmeyer,185,,10.1016/j.neunet.2025.107193,https://doi.org/10.1016/j.neunet.2025.107193,article,Neural Networks,https://openalex.org/W4406741485
Neural Networks,Elsevier,2025,2025-01-24,Combining various training and adaptation algorithms for ensemble few-shot classification,Zhen Jiang; Na Tang; Jianlong Sun; Yongzhao Zhan,185,,10.1016/j.neunet.2025.107211,https://doi.org/10.1016/j.neunet.2025.107211,article,Neural Networks,https://openalex.org/W4406806879
Neural Networks,Elsevier,2025,2025-01-24,Context Sensitive Network for weakly-supervised fine-grained temporal action localization,Cerui Dong; Qinying Liu; Zilei Wang; Yixin Zhang; Feng Zhao,185,,10.1016/j.neunet.2025.107140,https://doi.org/10.1016/j.neunet.2025.107140,article,Neural Networks,https://openalex.org/W4406802135
Neural Networks,Elsevier,2025,2025-01-25,An online trajectory guidance framework via imitation learning and interactive feedback in robot-assisted surgery,Ziyang Chen; Ke Fan,185,,10.1016/j.neunet.2025.107197,https://doi.org/10.1016/j.neunet.2025.107197,article,Neural Networks,https://openalex.org/W4406821768
Neural Networks,Elsevier,2025,2025-01-25,Low-Rank Representation with Empirical Kernel Space Embedding of Manifolds,Wenyi Feng; Zhe Wang; Ting Xiao,185,,10.1016/j.neunet.2025.107196,https://doi.org/10.1016/j.neunet.2025.107196,article,Neural Networks,https://openalex.org/W4406814076
Neural Networks,Elsevier,2025,2025-01-26,Multimodal cross-scale context clusters for classification of mental disorders using functional and structural MRI,Shuqi Yang; Qing Lan; Lijuan Zhang; Kuangling Zhang; Guangmin Tang; Huan Huang; Ping Yuan Liang; Jiaqing Miao; Boxun Zhang; Rui Qin Tan; Dezhong Yao; Cheng Luo; Ying Hui Valerie Tan,185,,10.1016/j.neunet.2025.107209,https://doi.org/10.1016/j.neunet.2025.107209,article,Neural Networks,https://openalex.org/W4406834582
Neural Networks,Elsevier,2025,2025-01-27,CreINNs: Credal-Set Interval Neural Networks for Uncertainty Estimation in Classification Tasks,Kaizheng Wang; Keivan Shariatmadar; Shireen Kudukkil Manchingal; Fabio Cuzzolin; David Moens; Hans Hallez,185,,10.1016/j.neunet.2025.107198,https://doi.org/10.1016/j.neunet.2025.107198,article,Neural Networks,https://openalex.org/W4406865354
Neural Networks,Elsevier,2025,2025-01-27,Deep one-class probability learning for end-to-end image classification,Jia Liu; Wenhua Zhang; Fang Cherry Liu; Jingxiang Yang; Liang Xiao,185,,10.1016/j.neunet.2025.107201,https://doi.org/10.1016/j.neunet.2025.107201,article,Neural Networks,https://openalex.org/W4406865427
Neural Networks,Elsevier,2025,2025-01-27,Dissecting the effectiveness of deep features as metric of perceptual image quality,Pablo Hernández-Cámara; Jorge Vila-Tomás; Valero Laparra; Jesús Malo,185,,10.1016/j.neunet.2025.107189,https://doi.org/10.1016/j.neunet.2025.107189,article,Neural Networks,https://openalex.org/W4406855715
Neural Networks,Elsevier,2025,2025-01-27,Federated learning with bilateral defense via blockchain,Jue Xiao; Hewang Nie; Zepu Yi; Xueming Tang; Songfeng Lu,185,,10.1016/j.neunet.2025.107199,https://doi.org/10.1016/j.neunet.2025.107199,article,Neural Networks,https://openalex.org/W4406860435
Neural Networks,Elsevier,2025,2025-01-27,Functionally specialized spectral organization of the resting human cortex,Wenjun Bai; Okito Yamashita; Junichiro Yoshimoto,185,,10.1016/j.neunet.2025.107195,https://doi.org/10.1016/j.neunet.2025.107195,article,Neural Networks,https://openalex.org/W4406852963
Neural Networks,Elsevier,2025,2025-01-28,TDAG: A multi-agent framework based on dynamic Task Decomposition and Agent Generation,Yaoxiang Wang; Zhiyong Wu; Junfeng Yao; Jinsong Su,185,,10.1016/j.neunet.2025.107200,https://doi.org/10.1016/j.neunet.2025.107200,article,Neural Networks,https://openalex.org/W4406903024
Neural Networks,Elsevier,2025,2025-01-29,Deterministic Autoencoder using Wasserstein loss for tabular data generation,Alex X. Wang; Binh Phu Nguyen,185,,10.1016/j.neunet.2025.107208,https://doi.org/10.1016/j.neunet.2025.107208,article,Neural Networks,https://openalex.org/W4406943591
Neural Networks,Elsevier,2025,2025-01-30,Conditional diffusion model for recommender systems,Ruixin Chen; Jianping Fan; Meiqin Wu; Sining Ma,185,,10.1016/j.neunet.2025.107204,https://doi.org/10.1016/j.neunet.2025.107204,article,Neural Networks,https://openalex.org/W4406999425
Neural Networks,Elsevier,2025,2025-01-30,Robust graph structure learning under heterophily,Xuanting Xie; Wenyu Chen; Zhao Kang,185,,10.1016/j.neunet.2025.107206,https://doi.org/10.1016/j.neunet.2025.107206,article,Neural Networks,https://openalex.org/W4406981140
Neural Networks,Elsevier,2025,2025-01-30,Sample-efficient and occlusion-robust reinforcement learning for robotic manipulation via multimodal fusion dualization and representation normalization,Samyeul Noh; Wooju Lee; Hyun Myung,185,,10.1016/j.neunet.2025.107202,https://doi.org/10.1016/j.neunet.2025.107202,article,Neural Networks,https://openalex.org/W4406980672
Neural Networks,Elsevier,2025,2025-01-30,U3UNet: An accurate and reliable segmentation model for forest fire monitoring based on UAV vision,Hailin Feng; Jiefan Qiu; Long Wen; Jinhong Zhang; Jiening Yang; Zhihan Lv; Tongcun Liu; Kai Fang,185,,10.1016/j.neunet.2025.107207,https://doi.org/10.1016/j.neunet.2025.107207,article,Neural Networks,https://openalex.org/W4406981313
Neural Networks,Elsevier,2025,2025-01-31,A prompt tuning method based on relation graphs for few-shot relation extraction,Zirui Zhang; Yiyu Yang; Benhui Chen,185,,10.1016/j.neunet.2025.107214,https://doi.org/10.1016/j.neunet.2025.107214,article,Neural Networks,https://openalex.org/W4407025433
Neural Networks,Elsevier,2025,2025-01-31,COSTA: Contrastive Spatial and Temporal Debiasing framework for next POI recommendation,Yu Lei; Limin Shen; Zhu Sun; T. He; Shanshan Feng; Guanfeng Liu,185,,10.1016/j.neunet.2025.107212,https://doi.org/10.1016/j.neunet.2025.107212,article,Neural Networks,https://openalex.org/W4407029140
Neural Networks,Elsevier,2025,2025-02-01,Break Adhesion: Triple adaptive-parsing for weakly supervised instance segmentation,Jingting Xu; Rui Cao; Peng Luo; Dejun Mu,186,,10.1016/j.neunet.2025.107215,https://doi.org/10.1016/j.neunet.2025.107215,article,Neural Networks,https://openalex.org/W4407064036
Neural Networks,Elsevier,2025,2025-02-01,FxTS-Net: Fixed-time stable learning framework for Neural ODEs,Chaoyang Luo; Yan Zou; Wanying Li; Nan‐jing Huang,185,,10.1016/j.neunet.2025.107219,https://doi.org/10.1016/j.neunet.2025.107219,article,Neural Networks,https://openalex.org/W4407062320
Neural Networks,Elsevier,2025,2025-02-01,Multi-knowledge informed deep learning model for multi-point prediction of Alzheimer’s disease progression,Kai Wu; Hong Wang; Feiyan Feng; Tianyu Liu; Yanshen Sun,185,,10.1016/j.neunet.2025.107203,https://doi.org/10.1016/j.neunet.2025.107203,article,Neural Networks,https://openalex.org/W4407064119
Neural Networks,Elsevier,2025,2025-02-01,Pan-sharpening via Symmetric Multi-Scale Correction-Enhancement Transformers,Yong Hui Li; Yi Wang; Shuai Shi; Jiaming Wang; Ruiyang Wang; Mengqian Lu; Fan Zhang,185,,10.1016/j.neunet.2025.107226,https://doi.org/10.1016/j.neunet.2025.107226,article,Neural Networks,https://openalex.org/W4407054247
Neural Networks,Elsevier,2025,2025-02-01,SDR-Former: A Siamese Dual-Resolution Transformer for liver lesion classification using 3D multi-phase imaging,Meng Lou; Hanning Ying; Xiaoqing Liu; Hong-Yu Zhou; Yuqin Zhang; Yizhou Yu,185,,10.1016/j.neunet.2025.107228,https://doi.org/10.1016/j.neunet.2025.107228,article,Neural Networks,https://openalex.org/W4407064327
Neural Networks,Elsevier,2025,2025-02-01,What is the impact of discrete memristor on the performance of neural network: A research on discrete memristor-based BP neural network,Yuexi Peng; Maolin Li; Zhijun Li; Minglin Ma; Mengjiao Wang; Shaobo He,185,,10.1016/j.neunet.2025.107213,https://doi.org/10.1016/j.neunet.2025.107213,article,Neural Networks,https://openalex.org/W4407056228
Neural Networks,Elsevier,2025,2025-02-02,CURRENT EVENTS,,184,,10.1016/s0893-6080(25)00115-7,https://doi.org/10.1016/s0893-6080(25)00115-7,article,Neural Networks,https://openalex.org/W4407066825
Neural Networks,Elsevier,2025,2025-02-02,Editorial Board,,184,,10.1016/s0893-6080(25)00113-3,https://doi.org/10.1016/s0893-6080(25)00113-3,paratext,Neural Networks,https://openalex.org/W4407066829
Neural Networks,Elsevier,2025,2025-02-02,INN/ENNS/JNNS - Membership Applic. Form,,184,,10.1016/s0893-6080(25)00116-9,https://doi.org/10.1016/s0893-6080(25)00116-9,article,Neural Networks,https://openalex.org/W4407066821
Neural Networks,Elsevier,2025,2025-02-03,Semi-supervised learning for multi-view and non-graph data using Graph Convolutional Networks,Fadi Dornaika; Jingjun Bi; Jinan Charafeddine; Huaichun Xiao,185,,10.1016/j.neunet.2025.107218,https://doi.org/10.1016/j.neunet.2025.107218,article,Neural Networks,https://openalex.org/W4407096441
Neural Networks,Elsevier,2025,2025-02-03,Unifying and revisiting Sharpness-Aware Minimization with noise-injected micro-batch scheduler for efficiency improvement,Zheng Wei; Xingjun Zhang; Zhendong Tan,185,,10.1016/j.neunet.2025.107205,https://doi.org/10.1016/j.neunet.2025.107205,article,Neural Networks,https://openalex.org/W4407093209
Neural Networks,Elsevier,2025,2025-02-04,Fast finite-time quantized control of multi-layer networks and its applications in secure communication,Qian Tang; Shaocheng Qu; Wei Zheng; Zhengwen Tu,185,,10.1016/j.neunet.2025.107225,https://doi.org/10.1016/j.neunet.2025.107225,article,Neural Networks,https://openalex.org/W4407146045
Neural Networks,Elsevier,2025,2025-02-04,GTIGNet: Global Topology Interaction Graphormer Network for 3D hand pose estimation,Yanjun Liu; Wanshu Fan; Cong Wang; Shixi Wen; Xin She Yang; Qiang Zhang; Xiaopeng Wei; Dongsheng Zhou,185,,10.1016/j.neunet.2025.107221,https://doi.org/10.1016/j.neunet.2025.107221,article,Neural Networks,https://openalex.org/W4407264001
Neural Networks,Elsevier,2025,2025-02-04,Pyramid contrastive learning for clustering,Zi-Feng Zhou; Dong Huang; Chang‐Dong Wang,185,,10.1016/j.neunet.2025.107217,https://doi.org/10.1016/j.neunet.2025.107217,article,Neural Networks,https://openalex.org/W4407132663
Neural Networks,Elsevier,2025,2025-02-04,RotInv-PCT: Rotation-Invariant Point Cloud Transformer via feature separation and aggregation,Cheng He; Zhenjie Zhao; Xuebo Zhang; Hang Yu; Runhua Wang,185,,10.1016/j.neunet.2025.107223,https://doi.org/10.1016/j.neunet.2025.107223,article,Neural Networks,https://openalex.org/W4407126539
Neural Networks,Elsevier,2025,2025-02-04,TF-BERT: Tensor-based fusion BERT for multimodal sentiment analysis,Jingming Hou; Nazlia Omar; Sabrina Binti Tiun; Saidah Saad; Qian He,185,,10.1016/j.neunet.2025.107222,https://doi.org/10.1016/j.neunet.2025.107222,article,Neural Networks,https://openalex.org/W4407134228
Neural Networks,Elsevier,2025,2025-02-05,Fuzzy spatiotemporal event-triggered control for the synchronization of IT2 T–S fuzzy CVRDNNs with mini-batch machine learning supervision,Shuoting Wang; Kaibo Shi; Jinde Cao; Shiping Wen,185,,10.1016/j.neunet.2025.107220,https://doi.org/10.1016/j.neunet.2025.107220,article,Neural Networks,https://openalex.org/W4407157495
Neural Networks,Elsevier,2025,2025-02-05,GARNN: An interpretable graph attentive recurrent neural network for predicting blood glucose levels via multivariate time series,Chengzhe Piao; Taiyu Zhu; Stephanie E Baldeweg; Paul M. Taylor; Pantelis Georgiou; Jiahao Sun; Jun Wang; Kezhi Li,185,,10.1016/j.neunet.2025.107229,https://doi.org/10.1016/j.neunet.2025.107229,article,Neural Networks,https://openalex.org/W4407173084
Neural Networks,Elsevier,2025,2025-02-05,Multi-level social network alignment via adversarial learning and graphlet modeling,Jingyuan Duan; Kang Zhao; Ling Tian; Yichen Xin,185,,10.1016/j.neunet.2025.107230,https://doi.org/10.1016/j.neunet.2025.107230,article,Neural Networks,https://openalex.org/W4407157504
Neural Networks,Elsevier,2025,2025-02-06,Generative and contrastive graph representation learning with message passing,Ying Tang; Yining Yang; Guodao Sun,185,,10.1016/j.neunet.2025.107224,https://doi.org/10.1016/j.neunet.2025.107224,article,Neural Networks,https://openalex.org/W4407230529
Neural Networks,Elsevier,2025,2025-02-07,Bio-inspired two-stage network for efficient RGB-D salient object detection,Peng Ren; Tian Bai; Fuming Sun,185,,10.1016/j.neunet.2025.107244,https://doi.org/10.1016/j.neunet.2025.107244,article,Neural Networks,https://openalex.org/W4407242310
Neural Networks,Elsevier,2025,2025-02-07,Robust deep learning from weakly dependent data,William Kengne; Modou Wade,185,,10.1016/j.neunet.2025.107227,https://doi.org/10.1016/j.neunet.2025.107227,article,Neural Networks,https://openalex.org/W4407268246
Neural Networks,Elsevier,2025,2025-02-08,Augmenting interaction effects in convolutional networks with taylor polynomial gated units,Ligeng Zou; Qi Liu; Jianhua Dai,185,,10.1016/j.neunet.2025.107262,https://doi.org/10.1016/j.neunet.2025.107262,article,Neural Networks,https://openalex.org/W4407277359
Neural Networks,Elsevier,2025,2025-02-08,Incremental model-based reinforcement learning with model constraint,Zhiyou Yang; Mingsheng Fu; Hong Qu; Fan Li; Shuqing Shi; Wang Hu,185,,10.1016/j.neunet.2025.107245,https://doi.org/10.1016/j.neunet.2025.107245,article,Neural Networks,https://openalex.org/W4407264310
Neural Networks,Elsevier,2025,2025-02-08,PrediRep: Modeling hierarchical predictive coding with an unsupervised deep learning network,Ibrahim Bisallah Hashim; Mario Senden; Rainer Goebel,185,,10.1016/j.neunet.2025.107246,https://www.sciencedirect.com/science/article/pii/S089360802500125X/pdf,article,Neural Networks,https://openalex.org/W4407264274
Neural Networks,Elsevier,2025,2025-02-08,"S3H: Long-tailed classification via spatial constraint sampling, scalable network, and hybrid task",Wenyi Zhao; Wei Li; Yongqin Tian; Enwen Hu; Wentao Liu; Bin Zhang; Weidong Zhang; Huihua Yang,185,,10.1016/j.neunet.2025.107247,https://doi.org/10.1016/j.neunet.2025.107247,article,Neural Networks,https://openalex.org/W4407269376
Neural Networks,Elsevier,2025,2025-02-10,Enhancing spatial perception and contextual understanding for 3D dense captioning,Jie Yan; Yuxiang Xie; Shiwei Zou; Yingmei Wei; Xidao Luan,185,,10.1016/j.neunet.2025.107252,https://doi.org/10.1016/j.neunet.2025.107252,article,Neural Networks,https://openalex.org/W4407316761
Neural Networks,Elsevier,2025,2025-02-10,Intervening on few-shot object detection based on the front-door criterion,Yanan Zhang; Jiangmeng Li; Qirui Ji; Kai Li; Lixiang Liu; Changwen Zheng; Wenwen Qiang,185,,10.1016/j.neunet.2025.107251,https://doi.org/10.1016/j.neunet.2025.107251,article,Neural Networks,https://openalex.org/W4407319722
Neural Networks,Elsevier,2025,2025-02-10,Neural-network-based accelerated safe Q-learning for optimal control of discrete-time nonlinear systems with state constraints,Mingming Zhao; Ding Wang; Junfei Qiao,186,,10.1016/j.neunet.2025.107249,https://doi.org/10.1016/j.neunet.2025.107249,article,Neural Networks,https://openalex.org/W4407320452
Neural Networks,Elsevier,2025,2025-02-11,EMBANet: A flexible efficient multi-branch attention network,Keke Zu; Hu Zhang; Lei Zhang; Jian Jiang Lu; Xu Chen; Hongyang Chen; Yu Zheng,185,,10.1016/j.neunet.2025.107248,https://doi.org/10.1016/j.neunet.2025.107248,article,Neural Networks,https://openalex.org/W4407387514
Neural Networks,Elsevier,2025,2025-02-11,Hierarchical task network-enhanced multi-agent reinforcement learning: Toward efficient cooperative strategies,Xuechen Mu; Hankz Hankui Zhuo; Chen Chen; Kai Zhang; Chao Yu; Jianye Hao,186,,10.1016/j.neunet.2025.107254,https://doi.org/10.1016/j.neunet.2025.107254,article,Neural Networks,https://openalex.org/W4407425232
Neural Networks,Elsevier,2025,2025-02-11,Span-aware pre-trained network with deep information bottleneck for scientific entity relation extraction,Youwei Wang; Peisong Cao; Haichuan Fang; Yangdong Ye,186,,10.1016/j.neunet.2025.107250,https://doi.org/10.1016/j.neunet.2025.107250,article,Neural Networks,https://openalex.org/W4407398289
Neural Networks,Elsevier,2025,2025-02-13,Constraining an Unconstrained Multi-agent Policy with offline data,Cong Guan; Tao Jiang; Yi-Chen Li; Zongzhang Zhang; Lei Yuan; Yang Yu,186,,10.1016/j.neunet.2025.107253,https://doi.org/10.1016/j.neunet.2025.107253,article,Neural Networks,https://openalex.org/W4407485781
Neural Networks,Elsevier,2025,2025-02-13,Daydreaming Hopfield Networks and their surprising effectiveness on correlated data,Ludovica Serricchio; Dario Bocchi; Claudio Chilin; Raffaele Marino; Matteo Negri; Chiara Cammarota; Federico Ricci‐Tersenghi,186,,10.1016/j.neunet.2025.107216,https://doi.org/10.1016/j.neunet.2025.107216,article,Neural Networks,https://openalex.org/W4407438963
Neural Networks,Elsevier,2025,2025-02-13,Heterogeneous boundary synchronization of time-delayed competitive neural networks with adaptive learning parameter in the space-time discretized frames,Tianwei Zhang; Shaobin Rao; Jianwen Zhou,186,,10.1016/j.neunet.2025.107255,https://doi.org/10.1016/j.neunet.2025.107255,article,Neural Networks,https://openalex.org/W4407485768
Neural Networks,Elsevier,2025,2025-02-13,Memristor-based circuit design of interweaving mechanism of emotional memory in a hippocamp-brain emotion learning model,Yunlai Zhu; Yongjie Zhao; Junjie Zhang; Xi Sun; Ying Zhu; Xu Zhou; Xuming Shen; Zuyu Xu; Zuheng Wu; Yuehua Dai,186,,10.1016/j.neunet.2025.107276,https://doi.org/10.1016/j.neunet.2025.107276,article,Neural Networks,https://openalex.org/W4407485778
Neural Networks,Elsevier,2025,2025-02-14,Don’t fear peculiar activation functions: EUAF and beyond,Qianchao Wang; Shijun Zhang; Dong Zeng; Zhaoheng Xie; Hengtao Guo; Tieyong Zeng; Fenglei Fan,186,,10.1016/j.neunet.2025.107258,https://doi.org/10.1016/j.neunet.2025.107258,article,Neural Networks,https://openalex.org/W4407577741
Neural Networks,Elsevier,2025,2025-02-14,Dual view graph transformer networks for multi-hop knowledge graph reasoning,Congcong Sun; Jianrui Chen; Zhongshi Shao; Junjie Huang,186,,10.1016/j.neunet.2025.107260,https://doi.org/10.1016/j.neunet.2025.107260,article,Neural Networks,https://openalex.org/W4407558877
Neural Networks,Elsevier,2025,2025-02-14,Spiking neural networks on FPGA: A survey of methodologies and recent advancements,Mehrzad Karamimanesh; Ebrahim Abiri; Mahyar Shahsavari; Kourosh Hassanli; André van Schaik; Jason K. Eshraghian,186,,10.1016/j.neunet.2025.107256,https://doi.org/10.1016/j.neunet.2025.107256,article,Neural Networks,https://openalex.org/W4407577856
Neural Networks,Elsevier,2025,2025-02-15,Distributed multi-timescale algorithm for nonconvex optimization problem: A control perspective,Xiasheng Shi; Jian Liu; Changyin Sun,186,,10.1016/j.neunet.2025.107257,https://doi.org/10.1016/j.neunet.2025.107257,article,Neural Networks,https://openalex.org/W4407598846
Neural Networks,Elsevier,2025,2025-02-15,Hybrid multi-modality multi-task learning for forecasting progression trajectories in subjective cognitive decline,Minhui Yu; Yuqi Fang; Yunbi Liu; Yunbi Liu; Andrea Bozoki; Shifu Xiao; Ling Yue; Mingxia Liu,186,,10.1016/j.neunet.2025.107263,https://doi.org/10.1016/j.neunet.2025.107263,article,Neural Networks,https://openalex.org/W4407596556
Neural Networks,Elsevier,2025,2025-02-15,Learning temporal regularized spatial-aware deep correlation filter tracking via adaptive channel selection,Sathiyamoorthi Arthanari; Dinesh Elayaperumal; Young Hoon Joo,186,,10.1016/j.neunet.2025.107210,https://doi.org/10.1016/j.neunet.2025.107210,article,Neural Networks,https://openalex.org/W4407597330
Neural Networks,Elsevier,2025,2025-02-15,Neural transition system abstraction for neural network dynamical system models and its application to Computational Tree Logic verification,Yejiang Yang; Tao Wang; Weiming Xiang,186,,10.1016/j.neunet.2025.107261,https://doi.org/10.1016/j.neunet.2025.107261,article,Neural Networks,https://openalex.org/W4407598826
Neural Networks,Elsevier,2025,2025-02-17,ZS-MNET: A zero-shot learning based approach to multimodal named entity typing,Baohang Zhou; Ying Zhang; Kehui Song; Xuhui Sui; Yu Qian Zhao; Xiaojie Yuan,186,,10.1016/j.neunet.2025.107264,https://doi.org/10.1016/j.neunet.2025.107264,article,Neural Networks,https://openalex.org/W4407614864
Neural Networks,Elsevier,2025,2025-02-18,A novel deep learning model combining 3DCNN-CapsNet and hierarchical attention mechanism for EEG emotion recognition,Kun Chen; Wenhao Ruan; Quan Liu; Qingsong Ai; Li Ma,186,,10.1016/j.neunet.2025.107267,https://doi.org/10.1016/j.neunet.2025.107267,article,Neural Networks,https://openalex.org/W4407695885
Neural Networks,Elsevier,2025,2025-02-19,Advertising or adversarial? AdvSign: Artistic advertising sign camouflage for target physical attacking to object detector,Guangyu Gao; Zhuocheng Lv; Yan Zhang; A. Kai Qin,186,,10.1016/j.neunet.2025.107271,https://doi.org/10.1016/j.neunet.2025.107271,article,Neural Networks,https://openalex.org/W4407723062
Neural Networks,Elsevier,2025,2025-02-19,Attention-augmented multi-domain cooperative graph representation learning for molecular interaction prediction,Zhaowei Wang; Jun Meng; Haibin Li; Qiguo Dai; Xiaohui Lin; Yushi Luan,186,,10.1016/j.neunet.2025.107265,https://doi.org/10.1016/j.neunet.2025.107265,article,Neural Networks,https://openalex.org/W4407739295
Neural Networks,Elsevier,2025,2025-02-19,Dynamic graph-based bilateral recurrent imputation network for multivariate time series,Xiaochen Lai; Zheng Zhang; Liyong Zhang; Liyong Zhang; Wei Lu; ZhuoHan Li,186,,10.1016/j.neunet.2025.107298,https://doi.org/10.1016/j.neunet.2025.107298,article,Neural Networks,https://openalex.org/W4407755271
Neural Networks,Elsevier,2025,2025-02-19,HFFTrack: Transformer tracking via hybrid frequency features,Sugang Ma; Zhen Wan; Licheng Zhang; Bin Hu; Jinyu Zhang; Xiangmo Zhao,186,,10.1016/j.neunet.2025.107269,https://doi.org/10.1016/j.neunet.2025.107269,article,Neural Networks,https://openalex.org/W4407739952
Neural Networks,Elsevier,2025,2025-02-19,Image debanding using cross-scale invertible networks with banded deformable convolutions,Yuhui Quan; Xuyi He; Ruotao Xu; Yong Dong Xu; Hui Ji,187,,10.1016/j.neunet.2025.107270,https://doi.org/10.1016/j.neunet.2025.107270,article,Neural Networks,https://openalex.org/W4407731093
Neural Networks,Elsevier,2025,2025-02-19,Learning from leading indicators to predict long-term dynamics of hourly electricity generation from multiple resources,Zhenghong Wang; Yi Wang; Furong Jia; Kun Liu; Yishan Zhang; Fan Zhang; Zhou Huang; Yu Liu,186,,10.1016/j.neunet.2025.107268,https://doi.org/10.1016/j.neunet.2025.107268,article,Neural Networks,https://openalex.org/W4407739930
Neural Networks,Elsevier,2025,2025-02-20,A Multi-objective transfer learning framework for time series forecasting with Concept Echo State Networks,Yingqin Zhu; Wen Yu; Xiaoou Li,186,,10.1016/j.neunet.2025.107272,https://doi.org/10.1016/j.neunet.2025.107272,article,Neural Networks,https://openalex.org/W4407791560
Neural Networks,Elsevier,2025,2025-02-20,Complex quantized minimum error entropy with fiducial points: theory and application in model regression,Bingqing Lin; Guobing Qian; Zongli Ruan; Junhui Qian; Shiyuan Wang,187,,10.1016/j.neunet.2025.107305,https://doi.org/10.1016/j.neunet.2025.107305,article,Neural Networks,https://openalex.org/W4407794804
Neural Networks,Elsevier,2025,2025-02-20,Inertial primal–dual projection neurodynamic approaches for constrained convex optimization problems and application to sparse recovery,You Zhao; Zhihua Allen-Zhao; Lei Wang; Xing He; Qin Mao,186,,10.1016/j.neunet.2025.107274,https://doi.org/10.1016/j.neunet.2025.107274,article,Neural Networks,https://openalex.org/W4407794786
Neural Networks,Elsevier,2025,2025-02-20,Open-world semi-supervised relation extraction,Diange Zhou; Yilin Duan; Shengwen Li; Hong Liang Yao,186,,10.1016/j.neunet.2025.107266,https://doi.org/10.1016/j.neunet.2025.107266,article,Neural Networks,https://openalex.org/W4407761540
Neural Networks,Elsevier,2025,2025-02-21,"A systematic analysis of the joint effects of ganglion cells, lagged LGN cells, and intercortical inhibition on spatiotemporal processing and direction selectivity",René Larisch; Fred H. Hamker,186,,10.1016/j.neunet.2025.107273,https://doi.org/10.1016/j.neunet.2025.107273,article,Neural Networks,https://openalex.org/W4407837202
Neural Networks,Elsevier,2025,2025-02-21,Self-triggered neural tracking control for discrete-time nonlinear systems via adaptive critic learning,Lingzhi Hu; Ding Wang; Gongming Wang; Junfei Qiao,186,,10.1016/j.neunet.2025.107280,https://doi.org/10.1016/j.neunet.2025.107280,article,Neural Networks,https://openalex.org/W4407837189
Neural Networks,Elsevier,2025,2025-02-22,A Hierarchical Mixture-Of-Experts Framework for Few Labeled Node Classification,Yimeng Wang; Zhiyao Yang; Xiangjiu Che,188,,10.1016/j.neunet.2025.107285,https://doi.org/10.1016/j.neunet.2025.107285,article,Neural Networks,https://openalex.org/W4407852420
Neural Networks,Elsevier,2025,2025-02-22,A strictly predefined-time convergent and anti-noise fractional-order zeroing neural network for solving time-variant quadratic programming in kinematic robot control,Yi Yang; Li Xiao; Xuchen Wang; Mei Liu; Junwei Yin; Weibing Li; Richard M. Voyles; Xin Ma,186,,10.1016/j.neunet.2025.107279,https://doi.org/10.1016/j.neunet.2025.107279,article,Neural Networks,https://openalex.org/W4407857717
Neural Networks,Elsevier,2025,2025-02-22,ADFQ-ViT: Activation-Distribution-Friendly post-training Quantization for Vision Transformers,Yanfeng Jiang; Ning Sun; Xueshuo Xie; Fei Yang; Tao Li,186,,10.1016/j.neunet.2025.107289,https://doi.org/10.1016/j.neunet.2025.107289,article,Neural Networks,https://openalex.org/W4407857344
Neural Networks,Elsevier,2025,2025-02-22,Adversarial perturbation and defense for generalizable person re-identification,Hongchen Tan; Kaiqiang Xu; Tao Pingping; Xiuping Liu,186,,10.1016/j.neunet.2025.107287,https://doi.org/10.1016/j.neunet.2025.107287,article,Neural Networks,https://openalex.org/W4407853814
Neural Networks,Elsevier,2025,2025-02-22,Approximation by non-symmetric networks for cross-domain learning,Hrushikesh  N. Mhaskar,187,,10.1016/j.neunet.2025.107282,https://doi.org/10.1016/j.neunet.2025.107282,article,Neural Networks,https://openalex.org/W4407857900
Neural Networks,Elsevier,2025,2025-02-22,CNN-Transformer and Channel-Spatial Attention based network for hyperspectral image classification with few samples,Chuan Yun Fu; Tianyuan Zhou; Tan Guo; Qikui Zhu; Fulin Luo; Bo Du,186,,10.1016/j.neunet.2025.107283,https://doi.org/10.1016/j.neunet.2025.107283,article,Neural Networks,https://openalex.org/W4407852476
Neural Networks,Elsevier,2025,2025-02-22,GeM: Gaussian embeddings with Multi-hop graph transfer for next POI recommendation,Wenqian Mu; Jiyuan Liu; Yongshun Gong; Ji Kang Zhong; Wei Liu; Haoliang Sun; Xiushan Nie; Yilong Yin; Yu Zheng,186,,10.1016/j.neunet.2025.107290,https://doi.org/10.1016/j.neunet.2025.107290,article,Neural Networks,https://openalex.org/W4407856862
Neural Networks,Elsevier,2025,2025-02-22,Label as Equilibrium: A performance booster for Graph Neural Networks on node classification,Yi Luo; Guangchun Luo; Guiduo Duan; Aiguo Chen,186,,10.1016/j.neunet.2025.107284,https://doi.org/10.1016/j.neunet.2025.107284,article,Neural Networks,https://openalex.org/W4407856576
Neural Networks,Elsevier,2025,2025-02-22,Neural-network-based practical specified-time resilient formation maneuver control for second-order nonlinear multi-robot systems under FDI attacks,Chuanhai Yang; Jingyi Huang; Shuang Wu; Qingshan Liu,186,,10.1016/j.neunet.2025.107288,https://doi.org/10.1016/j.neunet.2025.107288,article,Neural Networks,https://openalex.org/W4407852419
Neural Networks,Elsevier,2025,2025-02-22,Replica tree-based federated learning using limited data,Ramona Ghilea; Islem Rekik,186,,10.1016/j.neunet.2025.107281,https://doi.org/10.1016/j.neunet.2025.107281,article,Neural Networks,https://openalex.org/W4407857078
Neural Networks,Elsevier,2025,2025-02-22,StoCFL: A stochastically clustered federated learning framework for Non-IID data with dynamic client participation,Dun Zeng; Xiangjing Hu; Shiyu Liu; Yue Shuang Yu; Qifan Wang; Zenglin Xu,187,,10.1016/j.neunet.2025.107278,https://doi.org/10.1016/j.neunet.2025.107278,article,Neural Networks,https://openalex.org/W4407856743
Neural Networks,Elsevier,2025,2025-02-25,Dual-view graph-of-graph representation learning with graph Transformer for graph-level anomaly detection,Wangyu Jin; Huifang Ma; Yingyue Zhang; Zhixin Li; Liang Chang,187,,10.1016/j.neunet.2025.107291,https://doi.org/10.1016/j.neunet.2025.107291,article,Neural Networks,https://openalex.org/W4408069906
Neural Networks,Elsevier,2025,2025-02-25,Exploiting instance-label dynamics through reciprocal anchored contrastive learning for few-shot relation extraction,Yanglei Gan; Qiao Liu; Run Lin; Tian Lan; Yuxiang Cai; Xueyi Liu; Changlin Li; Yan Liu,187,,10.1016/j.neunet.2025.107259,https://doi.org/10.1016/j.neunet.2025.107259,article,Neural Networks,https://openalex.org/W4407943482
Neural Networks,Elsevier,2025,2025-02-25,Hyperspectral anomaly detection with self-supervised anomaly prior,Yidan Liu; Kai Yi Jiang; Weiying Xie; Jiaqing Zhang; Yunsong Li; Leyuan Fang,187,,10.1016/j.neunet.2025.107294,https://doi.org/10.1016/j.neunet.2025.107294,article,Neural Networks,https://openalex.org/W4407952576
Neural Networks,Elsevier,2025,2025-02-25,Memory flow-controlled knowledge tracing with three stages,Tao Huang; Junjie Hu; Junjie Hu; Huali Yang; Shengze Hu; Jing Geng; Xinjia Ou,187,,10.1016/j.neunet.2025.107292,https://doi.org/10.1016/j.neunet.2025.107292,article,Neural Networks,https://openalex.org/W4407943871
Neural Networks,Elsevier,2025,2025-02-26,Dataset-free weight-initialization on restricted Boltzmann machine,Muneki Yasuda; Ryosuke Maeno; C. Takahashi,187,,10.1016/j.neunet.2025.107297,https://doi.org/10.1016/j.neunet.2025.107297,article,Neural Networks,https://openalex.org/W4407960104
Neural Networks,Elsevier,2025,2025-02-27,Anxiety disorder identification with biomarker detection through subspace-enhanced hypergraph neural network,Yibin Tang; Jikang Ding; Ying Chen; Yuan Gao; Aimin Jiang; Chun Wang,187,,10.1016/j.neunet.2025.107293,https://doi.org/10.1016/j.neunet.2025.107293,article,Neural Networks,https://openalex.org/W4407995776
Neural Networks,Elsevier,2025,2025-02-27,Augmenting sparse behavior data for user identity linkage with self-generated by model and mixup-generated samples,Hongren Huang; Jianxin Li; Feihong Lu; Lihong Wang; Qian Li; Qingyun Sun,187,,10.1016/j.neunet.2025.107295,https://doi.org/10.1016/j.neunet.2025.107295,article,Neural Networks,https://openalex.org/W4408003058
Neural Networks,Elsevier,2025,2025-02-27,Episodic Memory-Double Actor–Critic Twin Delayed Deep Deterministic Policy Gradient,Man Shu; Shuai Lü; Xiaoyu Gong; Daolong An; Songlin Li,187,,10.1016/j.neunet.2025.107286,https://doi.org/10.1016/j.neunet.2025.107286,article,Neural Networks,https://openalex.org/W4408014880
Neural Networks,Elsevier,2025,2025-02-27,Quantum federated learning with pole-angle quantum local training and trainable measurement,Soohyun Park; Hyunsoo Lee; Seok Bin Son; Soyi Jung; Joongheon Kim,187,,10.1016/j.neunet.2025.107301,https://doi.org/10.1016/j.neunet.2025.107301,article,Neural Networks,https://openalex.org/W4408019705
Neural Networks,Elsevier,2025,2025-02-27,Unambiguous granularity distillation for asymmetric image retrieval,Hongrui Zhang; Hongrui Zhang; Yi Fei Xie; Haoquan Zhang; Haoquan Zhang; Cheng Xu; Cheng Xu; Xuandi Luo; Donglei Chen; Xuemiao Xu; Huaidong Zhang; Huaidong Zhang; Shengfeng He; Shengfeng He,187,,10.1016/j.neunet.2025.107303,https://doi.org/10.1016/j.neunet.2025.107303,article,Neural Networks,https://openalex.org/W4408016938
Neural Networks,Elsevier,2025,2025-02-28,Comprehensive evaluation of pipelines for classification of psychiatric disorders using multi-site resting-state fMRI datasets,Yuji Takahara; Yuto Kashiwagi; Tomoki Tokuda; Junichiro Yoshimoto; Yuki Sakai; Ayumu Yamashita; Toshinori Yoshioka; Hidehiko Takahashi; Hiroto Mizuta; Kiyoto Kasai; Akira Kunimitsu; Naohiro Okada; Eri Itai; Hotaka Shinzato; Satoshi Yokoyama; Yoshikazu Masuda; Yuki Mitsuyama; Go Okada; Yasumasa Okamoto; Takashi Itahashi; Haruhisa Ohta; Ryu-ichiro Hashimoto; Kenichiro Harada; Hirotaka Yamagata; Toshio Matsubara; Koji Matsuo; Saori Tanaka; Hiroshi Imamizu; Koichi Ogawa; Sotaro Momosaki; Mitsuo Kawato; Okito Yamashita,187,,10.1016/j.neunet.2025.107335,https://doi.org/10.1016/j.neunet.2025.107335,article,Neural Networks,https://openalex.org/W4408059152
Neural Networks,Elsevier,2025,2025-02-28,DuPt: Rehearsal-based continual learning with dual prompts,Shengqin Jiang; Daolong Zhang; Fengna Cheng; Xiaobo Lu; Qingshan Liu,187,,10.1016/j.neunet.2025.107306,https://doi.org/10.1016/j.neunet.2025.107306,article,Neural Networks,https://openalex.org/W4408050170
Neural Networks,Elsevier,2025,2025-02-28,RISE-Editing: Rotation-invariant neural point fields with interactive segmentation for fine-grained and efficient editing,Yuze Wang; Junyi Wang; Chen Wang; Yue Qi,187,,10.1016/j.neunet.2025.107304,https://doi.org/10.1016/j.neunet.2025.107304,article,Neural Networks,https://openalex.org/W4408052405
Neural Networks,Elsevier,2025,2025-03-01,Continual learning of conjugated visual representations through higher-order motion flows,Simone Marullo; Matteo Tiezzi; Marco Gori; Stefano Melacci,187,,10.1016/j.neunet.2025.107296,https://doi.org/10.1016/j.neunet.2025.107296,article,Neural Networks,https://openalex.org/W4408072138
Neural Networks,Elsevier,2025,2025-03-01,PrivCore: Multiplication-activation co-reduction for efficient private inference,Zhi‐Feng Pang; Lina Wang; Fangchao Yu; Kai Zhao; Bo Zeng; Shengyuan Xu,187,,10.1016/j.neunet.2025.107307,https://doi.org/10.1016/j.neunet.2025.107307,article,Neural Networks,https://openalex.org/W4408072156
Neural Networks,Elsevier,2025,2025-03-03,ABVS breast tumour segmentation via integrating CNN with dilated sampling self-attention and feature interaction Transformer,Yiyao Liu; Jinyao Li; Yi Ping Yang; Cheng Zhao; Yongtao Zhang; Peng Yang; Lei Dong; Xiaofei Deng; Ting Zhu; Tianfu Wang; Wei Jiang; Baiying Lei,187,,10.1016/j.neunet.2025.107312,https://doi.org/10.1016/j.neunet.2025.107312,article,Neural Networks,https://openalex.org/W4408095324
Neural Networks,Elsevier,2025,2025-03-03,DRTN: Dual Relation Transformer Network with feature erasure and contrastive learning for multi-label image classification,Wei Zhou; Kang Lin; Zhijie Zheng; Dihu Chen; Tao Su; Haifeng Hu,187,,10.1016/j.neunet.2025.107309,https://doi.org/10.1016/j.neunet.2025.107309,article,Neural Networks,https://openalex.org/W4408091765
Neural Networks,Elsevier,2025,2025-03-03,Dual selective fusion transformer network for hyperspectral image classification,Yichu Xu; Di Wang; Lefei Zhang; Lefei Zhang; Liangpei Zhang; Liangpei Zhang,187,,10.1016/j.neunet.2025.107311,https://doi.org/10.1016/j.neunet.2025.107311,article,Neural Networks,https://openalex.org/W4408095223
Neural Networks,Elsevier,2025,2025-03-04,A general debiasing framework with counterfactual reasoning for multimodal public speaking anxiety detection,Tingting Zhang; Yangfu Zhu; Bin Ying Wu; Chunping Zheng; Jiachen Tan; Zihua Xiong,187,,10.1016/j.neunet.2025.107314,https://doi.org/10.1016/j.neunet.2025.107314,article,Neural Networks,https://openalex.org/W4408133693
Neural Networks,Elsevier,2025,2025-03-04,CURRENT EVENTS,,185,,10.1016/s0893-6080(25)00207-2,https://doi.org/10.1016/s0893-6080(25)00207-2,article,Neural Networks,https://openalex.org/W4408157567
Neural Networks,Elsevier,2025,2025-03-04,Editorial Board,,185,,10.1016/s0893-6080(25)00204-7,https://doi.org/10.1016/s0893-6080(25)00204-7,paratext,Neural Networks,https://openalex.org/W4408156813
Neural Networks,Elsevier,2025,2025-03-04,Hy-DeFake: Hypergraph neural networks for detecting fake news in online social networks,Xing Su; Jian Yu Yang; Jia Wu; Zitai Qiu,187,,10.1016/j.neunet.2025.107302,https://doi.org/10.1016/j.neunet.2025.107302,article,Neural Networks,https://openalex.org/W4408147820
Neural Networks,Elsevier,2025,2025-03-04,INN/ENNS/JNNS - Membership Applic. Form,,185,,10.1016/s0893-6080(25)00208-4,https://doi.org/10.1016/s0893-6080(25)00208-4,article,Neural Networks,https://openalex.org/W4408156797
Neural Networks,Elsevier,2025,2025-03-05,Deep Huber quantile regression networks,Hristos Tyralis; Georgia Papacharalampous; Nilay Doğulu; Kwok Pan Chun,187,,10.1016/j.neunet.2025.107364,https://doi.org/10.1016/j.neunet.2025.107364,article,Neural Networks,https://openalex.org/W4408165311
Neural Networks,Elsevier,2025,2025-03-05,Heterogeneous Graph Neural Network with Adaptive Relation Reconstruction,Weihong Lin; Zhaoliang Chen; Yuhong Chen; Shiping Wang,187,,10.1016/j.neunet.2025.107313,https://doi.org/10.1016/j.neunet.2025.107313,article,Neural Networks,https://openalex.org/W4408260413
Neural Networks,Elsevier,2025,2025-03-05,Learn the global prompt in the low-rank tensor space for heterogeneous federated learning,Lele Fu; Sheng Huang; Yuecheng Li; Chuan Chen; Chuanfu Zhang; Zibin Zheng,187,,10.1016/j.neunet.2025.107319,https://doi.org/10.1016/j.neunet.2025.107319,article,Neural Networks,https://openalex.org/W4408191766
Neural Networks,Elsevier,2025,2025-03-05,Revisiting face forgery detection towards generalization,Chunlei Peng; Tao Chen; Decheng Liu; Huiqing Guo; Nannan Wang; Xinbo Gao,187,,10.1016/j.neunet.2025.107310,https://doi.org/10.1016/j.neunet.2025.107310,article,Neural Networks,https://openalex.org/W4408228426
Neural Networks,Elsevier,2025,2025-03-06,ADAMT: Adaptive distributed multi-task learning for efficient image recognition in Mobile Ad-hoc Networks,Jia Zhao; Wei Zhao; Yunan Zhai; Liyuan Zhang; Yan Ding,187,,10.1016/j.neunet.2025.107316,https://doi.org/10.1016/j.neunet.2025.107316,article,Neural Networks,https://openalex.org/W4408184933
Neural Networks,Elsevier,2025,2025-03-06,Balancing user preferences by social networks: A condition-guided social recommendation model for mitigating popularity bias,Xin He; Wenqi Fan; Ruobing Wang; Yili Wang; Ying Wang; Yili Wang; Xin Wang; Ying Wang; Shirui Pan; Xin Wang,187,,10.1016/j.neunet.2025.107317,https://doi.org/10.1016/j.neunet.2025.107317,article,Neural Networks,https://openalex.org/W4408192801
Neural Networks,Elsevier,2025,2025-03-06,FedELR: When federated learning meets learning with noisy labels,Ruizhi Pu; Lixing Yu; Shaojie Zhan; Gezheng Xu; Fan Zhou; Charles X. Ling; Boyu Wang,187,,10.1016/j.neunet.2025.107275,https://doi.org/10.1016/j.neunet.2025.107275,article,Neural Networks,https://openalex.org/W4408240727
Neural Networks,Elsevier,2025,2025-03-06,HCPI-HRL: Human Causal Perception and Inference-driven Hierarchical Reinforcement Learning,Bin Chen; Zehong Cao; Wolfgang Mayer; Markus Stumptner; Ryszard Kowalczyk,187,,10.1016/j.neunet.2025.107318,https://doi.org/10.1016/j.neunet.2025.107318,article,Neural Networks,https://openalex.org/W4408185365
Neural Networks,Elsevier,2025,2025-03-06,Neural networks trained by weight permutation are universal approximators,Yongqiang Cai; Gaohang Chen; Zhonghua Qiao,187,,10.1016/j.neunet.2025.107277,https://doi.org/10.1016/j.neunet.2025.107277,article,Neural Networks,https://openalex.org/W4408186613
Neural Networks,Elsevier,2025,2025-03-07,Attribute-guided feature fusion network with knowledge-inspired attention mechanism for multi-source remote sensing classification,Xiao Pan; Changzhe Jiao; Bo Yang; Hao Zhu; Jinjian Wu,187,,10.1016/j.neunet.2025.107332,https://doi.org/10.1016/j.neunet.2025.107332,article,Neural Networks,https://openalex.org/W4408168011
Neural Networks,Elsevier,2025,2025-03-07,Ternary spike-based neuromorphic signal processing system,Shuai Wang; Dehao Zhang; Dehao Zhang; Ammar Belatreche; Yichen Xiao; Hongyu Qing; Wenjie Wei; Malu Zhang; Yang Yang,187,,10.1016/j.neunet.2025.107333,https://doi.org/10.1016/j.neunet.2025.107333,article,Neural Networks,https://openalex.org/W4408173737
Neural Networks,Elsevier,2025,2025-03-08,CURRENT EVENTS,,186,,10.1016/s0893-6080(25)00238-2,https://doi.org/10.1016/s0893-6080(25)00238-2,article,Neural Networks,https://openalex.org/W4408249400
Neural Networks,Elsevier,2025,2025-03-08,Editorial Board,,186,,10.1016/s0893-6080(25)00235-7,https://doi.org/10.1016/s0893-6080(25)00235-7,paratext,Neural Networks,https://openalex.org/W4408249411
Neural Networks,Elsevier,2025,2025-03-08,Exponential stability of infinite-dimensional impulsive stochastic systems with Poisson jumps under aperiodically intermittent control,Yiqun Liu; Lili Chen; Yanfeng Zhao; Zhen Wang,187,,10.1016/j.neunet.2025.107331,https://doi.org/10.1016/j.neunet.2025.107331,article,Neural Networks,https://openalex.org/W4408252798
Neural Networks,Elsevier,2025,2025-03-08,INN/ENNS/JNNS - Membership Applic. Form,,186,,10.1016/s0893-6080(25)00239-4,https://doi.org/10.1016/s0893-6080(25)00239-4,article,Neural Networks,https://openalex.org/W4408249399
Neural Networks,Elsevier,2025,2025-03-09,SHFormer: Dynamic spectral filtering convolutional neural network and high-pass kernel generation transformer for adaptive MRI reconstruction,Sriprabha Ramanarayanan; Rahul GS; Mohammad Al Fahim; Keerthi Ram; Ramesh Venkatesan; Mohanasankar Sivaprakasam,187,,10.1016/j.neunet.2025.107334,https://doi.org/10.1016/j.neunet.2025.107334,article,Neural Networks,https://openalex.org/W4408252817
Neural Networks,Elsevier,2025,2025-03-10,Diverse Teacher–Students for deep safe semi-supervised learning under class mismatch,Qikai Wang; Rundong He; Yongshun Gong; Chunxiao Ren; Haoliang Sun; Xiaoshui Huang; Yilong Yin,187,,10.1016/j.neunet.2025.107336,https://doi.org/10.1016/j.neunet.2025.107336,article,Neural Networks,https://openalex.org/W4408283828
Neural Networks,Elsevier,2025,2025-03-10,Improving transferability of adversarial examples via statistical attribution-based attacks,Hegui Zhu; Yanmeng Jia; Yue Yan; Ze Yang,187,,10.1016/j.neunet.2025.107341,https://doi.org/10.1016/j.neunet.2025.107341,article,Neural Networks,https://openalex.org/W4408286509
Neural Networks,Elsevier,2025,2025-03-10,Inspired by pathogenic mechanisms: A novel gradual multi-modal fusion framework for mild cognitive impairment diagnosis,Xu Tian; Hong‐Dong Li; Hanhe Lin; Chao Li; Yu-Ping Wang; Harrison Xiao Bai; Wei Lan; Jin Liu,187,,10.1016/j.neunet.2025.107343,https://doi.org/10.1016/j.neunet.2025.107343,article,Neural Networks,https://openalex.org/W4408298832
Neural Networks,Elsevier,2025,2025-03-10,PanoGen++: Domain-adapted text-guided panoramic environment generation for vision-and-language navigation,Sen Wang; Dongliang Zhou; Liang Xie; Chao Xu; Ye Yan; Erwei Yin,187,,10.1016/j.neunet.2025.107320,https://doi.org/10.1016/j.neunet.2025.107320,article,Neural Networks,https://openalex.org/W4408287837
Neural Networks,Elsevier,2025,2025-03-10,Probabilistic memory auto-encoding network for abnormal behavior detection in surveillance video,Jinsheng Xiao; Jinsheng Xiao; Jingyi Wu; Shurui Wang; Qiuze Yu; Honggang Xie; Honggang Xie; Yuan-Fang Wang,187,,10.1016/j.neunet.2025.107299,https://doi.org/10.1016/j.neunet.2025.107299,article,Neural Networks,https://openalex.org/W4408287842
Neural Networks,Elsevier,2025,2025-03-10,Self-training EEG discrimination model with weakly supervised sample construction: An age-based perspective on ASD evaluation,Tengfei Gao; Dan Chen; Meiqi Zhou; Yaodong Wang; Yiping Zuo; Weiping Tu; Xiaoli Li; Jingying Chen,187,,10.1016/j.neunet.2025.107337,https://doi.org/10.1016/j.neunet.2025.107337,article,Neural Networks,https://openalex.org/W4408275660
Neural Networks,Elsevier,2025,2025-03-10,Task-augmented cross-view imputation network for partial multi-view incomplete multi-label classification,Lian Yu Zhao; Jie Wen; Xiaohuan Lu; Wai Keung Wong; Jiang Long; Wulin Xie,187,,10.1016/j.neunet.2025.107349,https://doi.org/10.1016/j.neunet.2025.107349,article,Neural Networks,https://openalex.org/W4408280670
Neural Networks,Elsevier,2025,2025-03-10,Towards zero-shot human–object interaction detection via vision–language integration,Weiying Xue; Qi Liu; Yuxiao Wang; Zhenao Wei; Xiaofen Xing; Xiangmin Xu,187,,10.1016/j.neunet.2025.107348,https://doi.org/10.1016/j.neunet.2025.107348,article,Neural Networks,https://openalex.org/W4408286582
Neural Networks,Elsevier,2025,2025-03-11,Enhancing few-shot image classification through learnable multi-scale embedding and attention mechanisms,Fatemeh Askari; Amirreza Fateh; Mohammad Reza Mohammadi,187,,10.1016/j.neunet.2025.107339,https://doi.org/10.1016/j.neunet.2025.107339,article,Neural Networks,https://openalex.org/W4408326908
Neural Networks,Elsevier,2025,2025-03-11,FingerPoseNet: A finger-level multitask learning network with residual feature sharing for 3D hand pose estimation,Tekie Tsegay Tewolde; Tekie Tsegay Tewolde; Ali Asghar Manjotho; Prodip Kumar Sarker; Zhendong Niu; Zhendong Niu,187,,10.1016/j.neunet.2025.107315,https://doi.org/10.1016/j.neunet.2025.107315,article,Neural Networks,https://openalex.org/W4408282658
Neural Networks,Elsevier,2025,2025-03-11,Graph Neural Networks with Coarse- and Fine-Grained Division for mitigating label noise and sparsity,Shuangjie Li; Baoming Zhang; Jianqing Song; Gaoli Ruan; Chongjun Wang; Junyuan Xie,187,,10.1016/j.neunet.2025.107338,https://doi.org/10.1016/j.neunet.2025.107338,article,Neural Networks,https://openalex.org/W4408313169
Neural Networks,Elsevier,2025,2025-03-11,Rethinking exploration–exploitation trade-off in reinforcement learning via cognitive consistency,Da Wang; Wei Wei; Lin Li; Xin Wang; Jiye Liang,187,,10.1016/j.neunet.2025.107342,https://doi.org/10.1016/j.neunet.2025.107342,article,Neural Networks,https://openalex.org/W4408313279
Neural Networks,Elsevier,2025,2025-03-11,Turbulence control in memristive neural network via adaptive magnetic flux based on DLS-ADMM technique,Qianming Ding; Yonghong Wu; Ying Xie; Yipeng Hu; Weifang Huang; Ya Jia,187,,10.1016/j.neunet.2025.107379,https://doi.org/10.1016/j.neunet.2025.107379,article,Neural Networks,https://openalex.org/W4408283825
Neural Networks,Elsevier,2025,2025-03-12,A novel one-layer neural network for solving quadratic programming problems,Xingbao Gao; Lili Du,187,,10.1016/j.neunet.2025.107344,https://doi.org/10.1016/j.neunet.2025.107344,article,Neural Networks,https://openalex.org/W4408361221
Neural Networks,Elsevier,2025,2025-03-12,S2AF : An action framework to self-check the Understanding Self-Consistency of Large Language Models,Huihui Shao; Fanyu Wang; Zhenping Xie,187,,10.1016/j.neunet.2025.107365,https://doi.org/10.1016/j.neunet.2025.107365,article,Neural Networks,https://openalex.org/W4408378580
Neural Networks,Elsevier,2025,2025-03-12,Self-attention fusion and adaptive continual updating for multimodal federated learning with heterogeneous data,Kangning Yin; Zhen Ding; Xinhui Ji; Zhiguo Wang,187,,10.1016/j.neunet.2025.107345,https://doi.org/10.1016/j.neunet.2025.107345,article,Neural Networks,https://openalex.org/W4408361606
Neural Networks,Elsevier,2025,2025-03-12,Structural network measures reveal the emergence of heavy-tailed degree distributions in lottery ticket multilayer perceptrons,Chris Kang; Jasmine A. Moore; Samuel Robertson; Matthias Wilms; Emma K. Towlson; Nils D. Forkert,187,,10.1016/j.neunet.2025.107308,https://doi.org/10.1016/j.neunet.2025.107308,article,Neural Networks,https://openalex.org/W4408348064
Neural Networks,Elsevier,2025,2025-03-13,Adaptive decoupling-fusion in Siamese network for image classification,Xi Yang; Pai Peng; Danyang Li; Yinghao Ye; Xiaohuan Lu,187,,10.1016/j.neunet.2025.107346,https://doi.org/10.1016/j.neunet.2025.107346,article,Neural Networks,https://openalex.org/W4408404957
Neural Networks,Elsevier,2025,2025-03-13,An improved Artificial Protozoa Optimizer for CNN architecture optimization,Xiaofeng Xie; Yuelin Gao; Yuming Zhang; Yuming Zhang,187,,10.1016/j.neunet.2025.107368,https://doi.org/10.1016/j.neunet.2025.107368,article,Neural Networks,https://openalex.org/W4408389142
Neural Networks,Elsevier,2025,2025-03-13,Contrastive graph auto-encoder for graph embedding,Shuaishuai Zu; Li Li; Jun Shen; Weitao Tang,187,,10.1016/j.neunet.2025.107367,https://doi.org/10.1016/j.neunet.2025.107367,article,Neural Networks,https://openalex.org/W4408402830
Neural Networks,Elsevier,2025,2025-03-13,Semantic information-based attention mapping network for few-shot knowledge graph completion,Fan Guo; Xiangmao Chang; Yunqi Guo; Guoliang Xing; Yunlong Zhao,187,,10.1016/j.neunet.2025.107366,https://doi.org/10.1016/j.neunet.2025.107366,article,Neural Networks,https://openalex.org/W4408389185
Neural Networks,Elsevier,2025,2025-03-13,Semi-supervised non-negative matrix factorization with structure preserving for image clustering,Wenjing Jing; Linzhang Lu; Weihua Ou,187,,10.1016/j.neunet.2025.107340,https://doi.org/10.1016/j.neunet.2025.107340,article,Neural Networks,https://openalex.org/W4408396072
Neural Networks,Elsevier,2025,2025-03-14,A neural approach to the Turing Test: The role of emotions,Rita M.R. Pizzi; Hao Quan; Matteo Matteucci; Simone Mentasti; Roberto Sassi,187,,10.1016/j.neunet.2025.107362,https://doi.org/10.1016/j.neunet.2025.107362,article,Neural Networks,https://openalex.org/W4408446294
Neural Networks,Elsevier,2025,2025-03-14,A spatial–spectral fusion convolutional transformer network with contextual multi-head self-attention for hyperspectral image classification,Wuli Wang; Qi Sun; Li Zhang; Peng Ren; Jianbu Wang; Guangbo Ren; Baodi Liu,187,,10.1016/j.neunet.2025.107350,https://doi.org/10.1016/j.neunet.2025.107350,article,Neural Networks,https://openalex.org/W4408445811
Neural Networks,Elsevier,2025,2025-03-14,Dynamic semantic-geometric guidance and structure transfer network for cross-scene hyperspectral image classification,Qin Xu; Shuke Wang; Jie Wei; Bo Jiang; Zhifu Tao; Bin Luo,187,,10.1016/j.neunet.2025.107374,https://doi.org/10.1016/j.neunet.2025.107374,article,Neural Networks,https://openalex.org/W4408460082
Neural Networks,Elsevier,2025,2025-03-14,Uncertainty-Aware Graph Contrastive Fusion Network for multimodal physiological signal emotion recognition,Guangqiang Li; Ning Chen; Hongqing Zhu; Jing Li; Zhangyong Xu; Zhiying Zhu,187,,10.1016/j.neunet.2025.107363,https://doi.org/10.1016/j.neunet.2025.107363,article,Neural Networks,https://openalex.org/W4408459483
Neural Networks,Elsevier,2025,2025-03-15,A novel deep transfer learning method based on explainable feature extraction and domain reconstruction,Li Wang; Lucong Zhang; Ling Feng; Tianyu Chen; Hongwu Qin,187,,10.1016/j.neunet.2025.107401,https://doi.org/10.1016/j.neunet.2025.107401,article,Neural Networks,https://openalex.org/W4408475965
Neural Networks,Elsevier,2025,2025-03-15,CFI-Former: Efficient lane detection by multi-granularity perceptual query attention transformer,Rong Gao; Siqi Hu; Lingyu Yan; Lefei Zhang; Jia Wu,187,,10.1016/j.neunet.2025.107347,https://doi.org/10.1016/j.neunet.2025.107347,article,Neural Networks,https://openalex.org/W4408475868
Neural Networks,Elsevier,2025,2025-03-15,EBM-WGF: Training energy-based models with Wasserstein gradient flow,Ben Wan; Cong Geng; Tianyi Zheng; Jia Wang,187,,10.1016/j.neunet.2025.107300,https://doi.org/10.1016/j.neunet.2025.107300,article,Neural Networks,https://openalex.org/W4408475947
Neural Networks,Elsevier,2025,2025-03-15,LUNETR: Language-Infused UNETR for precise pancreatic tumor segmentation in 3D medical image,Ziyang Shi; R. Y. Zhang; Xiajun Wei; Cheng Bo Yu; Haojie Xie; Zhen Xing Hu; Zhen Hu; Xili Chen; Yongzhong Zhang; Bin Xie; Zhengmao Luo; Wanxiang Peng; Xiaochun Xie; Fang Li; Fang Li; Xiaoli Long; Lin Li; Linan Hu,187,,10.1016/j.neunet.2025.107414,https://doi.org/10.1016/j.neunet.2025.107414,article,Neural Networks,https://openalex.org/W4408477458
Neural Networks,Elsevier,2025,2025-03-16,A novel self-supervised graph clustering method with reliable semi-supervision,Weijia Lu; Min Wang; Yun Yu; Liang Ma; Yaxiang Shi; Zhongqiu Huang; Ming Gong,187,,10.1016/j.neunet.2025.107418,https://doi.org/10.1016/j.neunet.2025.107418,article,Neural Networks,https://openalex.org/W4408490492
Neural Networks,Elsevier,2025,2025-03-16,Bilinear Spatiotemporal Fusion Network: An efficient approach for traffic flow prediction,Jing Chen; Shixiang Pan; Weimin Peng; Wenqiang Xu,187,,10.1016/j.neunet.2025.107382,https://doi.org/10.1016/j.neunet.2025.107382,article,Neural Networks,https://openalex.org/W4408490733
Neural Networks,Elsevier,2025,2025-03-16,Deformation-invariant neural network and its applications in distorted image restoration and analysis,Han Zhang; Qiguang Chen; Lok Ming Lui,187,,10.1016/j.neunet.2025.107378,https://doi.org/10.1016/j.neunet.2025.107378,article,Neural Networks,https://openalex.org/W4408490533
Neural Networks,Elsevier,2025,2025-03-16,Improving generalization of neural Vehicle Routing Problem solvers through the lens of model architecture,Yubin Xiao; Di Wang; Xuan Wu; Yuesong Wu; Boyang Li; Wei Du; Liupu Wang; You Zhou,187,,10.1016/j.neunet.2025.107380,https://doi.org/10.1016/j.neunet.2025.107380,article,Neural Networks,https://openalex.org/W4408490728
Neural Networks,Elsevier,2025,2025-03-17,A semantic enhancement-based multimodal network model for extracting information from evidence lists,Shun Nian Luo; Juan Yu,187,,10.1016/j.neunet.2025.107387,https://doi.org/10.1016/j.neunet.2025.107387,article,Neural Networks,https://openalex.org/W4408508034
Neural Networks,Elsevier,2025,2025-03-17,Cauchy activation function and XNet,Xin Li; Zhihong Xia; Hong-Kun Zhang,188,,10.1016/j.neunet.2025.107375,https://doi.org/10.1016/j.neunet.2025.107375,article,Neural Networks,https://openalex.org/W4408500692
Neural Networks,Elsevier,2025,2025-03-17,Enhancing text-centric fake news detection via external knowledge distillation from LLMs,Xueqin Chen; Xiaoyu Huang; Qiang Gao; Li Huang; Guisong Liu,187,,10.1016/j.neunet.2025.107377,https://doi.org/10.1016/j.neunet.2025.107377,article,Neural Networks,https://openalex.org/W4408500716
Neural Networks,Elsevier,2025,2025-03-17,Event-based distributed cooperative neural learning control for nonlinear multiagent systems with time-varying output constraints,Chengxin Lv; Guangliang  Gary Liu; Yingnan Pan; Zhijian Hu; Yan Lei,187,,10.1016/j.neunet.2025.107383,https://doi.org/10.1016/j.neunet.2025.107383,article,Neural Networks,https://openalex.org/W4408509202
Neural Networks,Elsevier,2025,2025-03-17,Multi-level semantic-aware transformer for image captioning,Qin Xu; Shan Song; Qihang Wu; Bo Jiang; Bin Luo; Jinhui Tang,187,,10.1016/j.neunet.2025.107390,https://doi.org/10.1016/j.neunet.2025.107390,article,Neural Networks,https://openalex.org/W4408508044
Neural Networks,Elsevier,2025,2025-03-17,Spatial and frequency information fusion transformer for image super-resolution,Yan Zhang; Fujie Xu; Yemei Sun; Jiao Wang,187,,10.1016/j.neunet.2025.107351,https://doi.org/10.1016/j.neunet.2025.107351,article,Neural Networks,https://openalex.org/W4408500600
Neural Networks,Elsevier,2025,2025-03-18,Arch-Net: Model conversion and quantization for architecture agnostic model deployment,Shuangkang Fang; Weixin Xu; Zipeng Feng; Song Mei Yuan; Yufeng Wang; Yi Ping Yang; Wenrui Ding; Shuchang Zhou,187,,10.1016/j.neunet.2025.107384,https://doi.org/10.1016/j.neunet.2025.107384,article,Neural Networks,https://openalex.org/W4408579121
Neural Networks,Elsevier,2025,2025-03-18,Memristive circuit of emotion with negative feedback based on three primary color model,Juntao Han; Gang Liu; Zhang Zhang,187,,10.1016/j.neunet.2025.107385,https://doi.org/10.1016/j.neunet.2025.107385,article,Neural Networks,https://openalex.org/W4408570319
Neural Networks,Elsevier,2025,2025-03-18,Stagger Network: Rethinking information loss in medical image segmentation with various-sized targets,Tianyi Liu; Zhaorui Tan; Haochuan Jiang; Kaizhu Huang,188,,10.1016/j.neunet.2025.107386,https://doi.org/10.1016/j.neunet.2025.107386,article,Neural Networks,https://openalex.org/W4408570326
Neural Networks,Elsevier,2025,2025-03-19,A shape composition method for named entity recognition,Ying Hu; Yanping Chen; Yong Xu,187,,10.1016/j.neunet.2025.107389,https://doi.org/10.1016/j.neunet.2025.107389,article,Neural Networks,https://openalex.org/W4408625142
Neural Networks,Elsevier,2025,2025-03-19,Expert guidance and partially-labeled data collaboration for multi-organ segmentation,Li Li; Jianyi Liu; Hanguang Xiao; Guan‐Qun Zhou; Qiyuan Liu; Zhicheng Zhang,187,,10.1016/j.neunet.2025.107396,https://doi.org/10.1016/j.neunet.2025.107396,article,Neural Networks,https://openalex.org/W4408633774
Neural Networks,Elsevier,2025,2025-03-19,Zero-shot 3D anomaly detection via online voter mechanism,W. J. Zheng; Ke Xiao; Wenzhong Guo,187,,10.1016/j.neunet.2025.107398,https://doi.org/10.1016/j.neunet.2025.107398,article,Neural Networks,https://openalex.org/W4408611392
Neural Networks,Elsevier,2025,2025-03-20,Decomposition-based multi-scale transformer framework for time series anomaly detection,Wenxin Zhang; Cuicui Luo,187,,10.1016/j.neunet.2025.107399,https://doi.org/10.1016/j.neunet.2025.107399,article,Neural Networks,https://openalex.org/W4408648618
Neural Networks,Elsevier,2025,2025-03-20,Enabling scale and rotation invariance in convolutional neural networks with retina like transformation,Jiahong Zhang; Guoqi Li; Qiaoyi Su; Lihong Cao; Yonghong Tian; Bo Xu,187,,10.1016/j.neunet.2025.107395,https://doi.org/10.1016/j.neunet.2025.107395,article,Neural Networks,https://openalex.org/W4408648627
Neural Networks,Elsevier,2025,2025-03-20,Estimating uncertainty from feed-forward network based sensing using quasi-linear approximation,Songhan Zhang; Matthew F. Singh; Delsin Menolascino; ShiNung Ching,188,,10.1016/j.neunet.2025.107376,https://doi.org/10.1016/j.neunet.2025.107376,article,Neural Networks,https://openalex.org/W4408673926
Neural Networks,Elsevier,2025,2025-03-20,Feature-Tuning Hierarchical Transformer via token communication and sample aggregation constraint for object re-identification,Zhi Wu Yu; Zhiyong Huang; Mingyang Hou; Jiaming Pei; Yan Yan; Yu-Shi Liu; Daming Sun,187,,10.1016/j.neunet.2025.107394,https://doi.org/10.1016/j.neunet.2025.107394,article,Neural Networks,https://openalex.org/W4408673989
Neural Networks,Elsevier,2025,2025-03-21,Central loss guides coordinated Transformer for reliable anatomical landmark detection,Qikui Zhu; Yihui Bi; Jie Chen; Xiangpeng Chu; Daqing Wang; Yanqing Wang; Yanqing Wang,187,,10.1016/j.neunet.2025.107391,https://doi.org/10.1016/j.neunet.2025.107391,article,Neural Networks,https://openalex.org/W4408710954
Neural Networks,Elsevier,2025,2025-03-22,A lightweight All-MLP time–frequency anomaly detection for IIoT time series,Lei Chen; Xinzhe Cao; Tingqin He; Yepeng Xu; Xuxin Liu; Bowen Hu,187,,10.1016/j.neunet.2025.107400,https://doi.org/10.1016/j.neunet.2025.107400,article,Neural Networks,https://openalex.org/W4408735215
Neural Networks,Elsevier,2025,2025-03-22,AAPMatcher: Adaptive attention pruning matcher for accurate local feature matching,Xinnan Fan; Sijia Liu; Shuaiyan Liu; Lijun Zhao; Ruifeng Li,188,,10.1016/j.neunet.2025.107403,https://doi.org/10.1016/j.neunet.2025.107403,article,Neural Networks,https://openalex.org/W4408738644
Neural Networks,Elsevier,2025,2025-03-22,Adaptive node-level weighted learning for directed graph neural network,Jincheng Huang; Xiaofeng Zhu,187,,10.1016/j.neunet.2025.107393,https://doi.org/10.1016/j.neunet.2025.107393,article,Neural Networks,https://openalex.org/W4408738462
Neural Networks,Elsevier,2025,2025-03-22,Intra-class progressive and adaptive self-distillation,Jianping Gou; Jiaye Lin; Lin Li; Weihua Ou; Baosheng Yu; Yi Zhang,188,,10.1016/j.neunet.2025.107404,https://doi.org/10.1016/j.neunet.2025.107404,article,Neural Networks,https://openalex.org/W4408738578
Neural Networks,Elsevier,2025,2025-03-22,Mathematical expression exploration with graph representation and generative graph neural network,Jingyi Liu; Weijun Li; Weijun Li; Lina Yu; Min Wu; Wenqiang Li; Wenqiang Li; Yanjie Li; Meilan Hao,187,,10.1016/j.neunet.2025.107405,https://doi.org/10.1016/j.neunet.2025.107405,article,Neural Networks,https://openalex.org/W4408738465
Neural Networks,Elsevier,2025,2025-03-22,More signals matter to detection: Integrating language knowledge and frequency representations for boosting fine-grained aircraft recognition,Xueru Xu; Zhong Chen; Yuxin Hu; Guoyou Wang,187,,10.1016/j.neunet.2025.107402,https://doi.org/10.1016/j.neunet.2025.107402,article,Neural Networks,https://openalex.org/W4408738653
Neural Networks,Elsevier,2025,2025-03-22,Motif and supernode-enhanced gated graph neural networks for session-based recommendation,Ronghua Lin; Chang Liu; Hao Zhong; Chengzhe Yuan; Guohua Chen; Yuncheng Jiang; Yong Tang,187,,10.1016/j.neunet.2025.107406,https://doi.org/10.1016/j.neunet.2025.107406,article,Neural Networks,https://openalex.org/W4408738481
Neural Networks,Elsevier,2025,2025-03-22,Structure information preserving domain adaptation network for fault diagnosis of Sucker Rod Pumping systems,Xiaohua Gu; Fei Lu; Liping Yang; Kan Wang; Kan Wang; Lusi Li; Guang Yang; Yiling Sun,188,,10.1016/j.neunet.2025.107392,https://doi.org/10.1016/j.neunet.2025.107392,article,Neural Networks,https://openalex.org/W4408711102
Neural Networks,Elsevier,2025,2025-03-22,SympGNNs: Symplectic Graph Neural Networks for identifying high-dimensional Hamiltonian systems and node classification,Alan John Varghese; Zhen Zhang; George Em Karniadakis,187,,10.1016/j.neunet.2025.107397,https://doi.org/10.1016/j.neunet.2025.107397,article,Neural Networks,https://openalex.org/W4408755510
Neural Networks,Elsevier,2025,2025-03-23,BSA-Seg: A Bi-level sparse attention network combining narrow band loss for multi-target medical image segmentation,Zhiyong Zhou; Zhiyong Zhou; Zhechen Zhou; Zhechen Zhou; Xusheng Qian; Jisu Hu; Bo Peng; Chen Geng; Bin Dai; Bin Dai; He Huang; Wenbin Zhang; Yakang Dai,188,,10.1016/j.neunet.2025.107431,https://doi.org/10.1016/j.neunet.2025.107431,article,Neural Networks,https://openalex.org/W4408761532
Neural Networks,Elsevier,2025,2025-03-23,Physics Informed Neural Networks for Electrical Impedance Tomography,Danny Smyl; Tyler N. Tallman; Laura Homa; Chenoa Flournoy; Sarah Jane Hamilton; John N. Wertz,188,,10.1016/j.neunet.2025.107410,https://doi.org/10.1016/j.neunet.2025.107410,article,Neural Networks,https://openalex.org/W4408761525
Neural Networks,Elsevier,2025,2025-03-23,Restarted multiple kernel algorithms with self-guiding for large-scale multi-view clustering,Yongyan Guo; Gang Wu,187,,10.1016/j.neunet.2025.107409,https://doi.org/10.1016/j.neunet.2025.107409,article,Neural Networks,https://openalex.org/W4408741388
Neural Networks,Elsevier,2025,2025-03-23,Revisiting low-homophily for graph-based fraud detection,Tairan Kevin Huang; Qiutong Li; Cong Xu; Jianliang Gao; Zhao Li; Shichao Zhang,188,,10.1016/j.neunet.2025.107407,https://doi.org/10.1016/j.neunet.2025.107407,article,Neural Networks,https://openalex.org/W4408741387
Neural Networks,Elsevier,2025,2025-03-25,An information-theoretic approach for heterogeneous differentiable causal discovery,Wanqi Zhou; Shuanghao Bai; Yuqing Xie; Yicong He; Qibin Zhao; Badong Chen,188,,10.1016/j.neunet.2025.107417,https://doi.org/10.1016/j.neunet.2025.107417,article,Neural Networks,https://openalex.org/W4408803503
Neural Networks,Elsevier,2025,2025-03-25,L3Net: Localized and Layered Reparameterization for incremental learning,Xuandi Luo; Huaidong Zhang; Huaidong Zhang; Yi Xie; Hongrui Zhang; Hongrui Zhang; Xuemiao Xu; Shengfeng He,188,,10.1016/j.neunet.2025.107420,https://doi.org/10.1016/j.neunet.2025.107420,article,Neural Networks,https://openalex.org/W4408803462
Neural Networks,Elsevier,2025,2025-03-25,Noise-resistant predefined-time convergent ZNN models for dynamic least squares and multi-agent systems,Yiwei Li; Jiaxin Liu; Lei Jia; Liangze Yin; Xingpei Li; Yong Zhang,187,,10.1016/j.neunet.2025.107412,https://doi.org/10.1016/j.neunet.2025.107412,article,Neural Networks,https://openalex.org/W4408803445
Neural Networks,Elsevier,2025,2025-03-26,AESeg: Affinity-enhanced segmenter using feature class mapping knowledge distillation for efficient RGB-D semantic segmentation of indoor scenes,Wujie Zhou; Yuxiang Xiao; Fangfang Qiang; Xiena Dong; Caie Xu; Lu Yu,188,,10.1016/j.neunet.2025.107438,https://doi.org/10.1016/j.neunet.2025.107438,article,Neural Networks,https://openalex.org/W4408853641
Neural Networks,Elsevier,2025,2025-03-26,FE reduced-order model-informed neural operator for structural dynamic response prediction,Laihao Yang; Xu-Liang Luo; Zhibo Yang; Changfeng Nan; Xuefeng Chen; Yu Sun,188,,10.1016/j.neunet.2025.107437,https://doi.org/10.1016/j.neunet.2025.107437,article,Neural Networks,https://openalex.org/W4408853857
Neural Networks,Elsevier,2025,2025-03-26,Fixed-time synchronization of proportional delay memristive complex-valued competitive neural networks,Jiapeng Han; Liqun Zhou,188,,10.1016/j.neunet.2025.107411,https://doi.org/10.1016/j.neunet.2025.107411,article,Neural Networks,https://openalex.org/W4408880978
Neural Networks,Elsevier,2025,2025-03-26,IBPL: Information Bottleneck-based Prompt Learning for graph out-of-distribution detection,Yanan Cao; Fengzhao Shi; Qìng Yu; Xixun Lin; Chuan Zhou; Lixin Zou; Peng Zhang; Zhao Li; Dawei Yin,188,,10.1016/j.neunet.2025.107381,https://doi.org/10.1016/j.neunet.2025.107381,article,Neural Networks,https://openalex.org/W4408881053
Neural Networks,Elsevier,2025,2025-03-26,Universality of reservoir systems with recurrent neural networks,Hiroki Yasumoto; Toshiyuki Tanaka,188,,10.1016/j.neunet.2025.107413,https://doi.org/10.1016/j.neunet.2025.107413,article,Neural Networks,https://openalex.org/W4408881391
Neural Networks,Elsevier,2025,2025-03-28,CCA: Contrastive cluster assignment for supervised and semi-supervised medical image segmentation,Jinghua Zhu; Chengying Huang; Heran Xi; Hui Cui,188,,10.1016/j.neunet.2025.107415,https://doi.org/10.1016/j.neunet.2025.107415,article,Neural Networks,https://openalex.org/W4408917566
Neural Networks,Elsevier,2025,2025-03-28,Robust one-class support vector machine,Xiaoxi Zhao; Yingjie Tian; Chonghua Zheng,188,,10.1016/j.neunet.2025.107416,https://doi.org/10.1016/j.neunet.2025.107416,article,Neural Networks,https://openalex.org/W4408917557
Neural Networks,Elsevier,2025,2025-03-28,SuperM2M: Supervised and mixture-to-mixture co-learning for speech enhancement and noise-robust ASR,Zhong-Qiu Wang,188,,10.1016/j.neunet.2025.107408,https://doi.org/10.1016/j.neunet.2025.107408,article,Neural Networks,https://openalex.org/W4408917527
Neural Networks,Elsevier,2025,2025-03-29,Adaptive bigraph-based multi-view unsupervised dimensionality reduction,Qianyao Qiang; Bin Zhang; Chen Zhang; Feiping Nie,188,,10.1016/j.neunet.2025.107424,https://doi.org/10.1016/j.neunet.2025.107424,article,Neural Networks,https://openalex.org/W4408962563
Neural Networks,Elsevier,2025,2025-03-29,Enhancing target speaker extraction with Hierarchical Speaker Representation Learning,Shulin He; Wei Xue; Yang Yang; Huaiwen Zhang; Jiahao Pan; Xueliang Zhang,188,,10.1016/j.neunet.2025.107388,https://doi.org/10.1016/j.neunet.2025.107388,article,Neural Networks,https://openalex.org/W4408962574
Neural Networks,Elsevier,2025,2025-03-29,Using samples with label noise for robust continual learning,Hongyi Nie; Shiqi Fan; Yang Liu; Quanming Yao; Zhen Wang,188,,10.1016/j.neunet.2025.107422,https://doi.org/10.1016/j.neunet.2025.107422,article,Neural Networks,https://openalex.org/W4408962448
Neural Networks,Elsevier,2025,2025-03-31,Bidirectional Semantic Consistency Guided Contrastive Embedding for Generative Zero-Shot Learning,Zhengzhang Hou; Zhanshan Li; Jingyao Li; Jingyao Li,188,,10.1016/j.neunet.2025.107423,https://doi.org/10.1016/j.neunet.2025.107423,article,Neural Networks,https://openalex.org/W4408996428
Neural Networks,Elsevier,2025,2025-03-31,Fast self-supervised discrete graph clustering with ensemble local cluster constraints,Xiao‐Jun Yang; Bin Li; Weihao Zhao; Sha Xu; Jingjing Xue; Feiping Nie,188,,10.1016/j.neunet.2025.107421,https://doi.org/10.1016/j.neunet.2025.107421,article,Neural Networks,https://openalex.org/W4408996248
Neural Networks,Elsevier,2025,2025-03-31,MuSIA: Exploiting multi-source information fusion with abnormal activations for out-of-distribution detection,Hengyang Lu; Xin Guo; Wenyu Jiang; Chenyou Fan; Yuntao Du; Zhenhao Shao; Wei Fang; Xiaojun Wu,188,,10.1016/j.neunet.2025.107427,https://doi.org/10.1016/j.neunet.2025.107427,article,Neural Networks,https://openalex.org/W4408996205
Neural Networks,Elsevier,2025,2025-03-31,Multi-head ensemble of smoothed classifiers for certified robustness,Kun Fang; Qinghua Tao; Yingwen Wu; Tao Li; Xiaolin Huang; Jie Yang,188,,10.1016/j.neunet.2025.107426,https://doi.org/10.1016/j.neunet.2025.107426,article,Neural Networks,https://openalex.org/W4408996287
Neural Networks,Elsevier,2025,2025-04-02,Deep prior embedding method for Electrical Impedance Tomography,Junwu Wang; Jiansong Deng; Dong Liu,188,,10.1016/j.neunet.2025.107419,https://doi.org/10.1016/j.neunet.2025.107419,article,Neural Networks,https://openalex.org/W4409107913
Neural Networks,Elsevier,2025,2025-04-03,Neighborhood relation-based knowledge distillation for image classification,Jianping Gou; Xiaomeng Xin; Baosheng Yu; Heping Song; Weiyong Zhang; Shaohua Wan,188,,10.1016/j.neunet.2025.107429,https://doi.org/10.1016/j.neunet.2025.107429,article,Neural Networks,https://openalex.org/W4409140662
Neural Networks,Elsevier,2025,2025-04-03,Towards a better evaluation of out-of-domain generalization,Duhun Hwang; Suhyun Kang; Moonjung Eo; Jimyeong Kim; Wonjong Rhee,188,,10.1016/j.neunet.2025.107434,https://doi.org/10.1016/j.neunet.2025.107434,article,Neural Networks,https://openalex.org/W4409124041
Neural Networks,Elsevier,2025,2025-04-04,Enhancing multiview synergy: Robust learning by exploiting the wave loss function with consensus and complementarity principles,Abdul Quadir Md; Mushir Akhtar; M. Tanveer,188,,10.1016/j.neunet.2025.107433,https://doi.org/10.1016/j.neunet.2025.107433,article,Neural Networks,https://openalex.org/W4409167407
Neural Networks,Elsevier,2025,2025-04-04,Source-free time series domain adaptation with wavelet-based multi-scale temporal imputation,Yingyi Zhong; Wenan Zhou; Liwen Tao,188,,10.1016/j.neunet.2025.107428,https://doi.org/10.1016/j.neunet.2025.107428,article,Neural Networks,https://openalex.org/W4409167291
Neural Networks,Elsevier,2025,2025-04-04,What is the doggest dog? Examination of typicality perception in ImageNet-trained networks,Katarzyna Filus; Joanna Domańska,188,,10.1016/j.neunet.2025.107425,https://doi.org/10.1016/j.neunet.2025.107425,article,Neural Networks,https://openalex.org/W4409167146
Neural Networks,Elsevier,2025,2025-04-05,FSDM: An efficient video super-resolution method based on Frames-Shift Diffusion Model,Shijie Yang; Chao Chen; Jie Liu; Jie Tang; Gangshan Wu,188,,10.1016/j.neunet.2025.107435,https://doi.org/10.1016/j.neunet.2025.107435,article,Neural Networks,https://openalex.org/W4409189384
Neural Networks,Elsevier,2025,2025-04-05,Localize-diffusion based dual-branch anomaly detection,Jielin Jiang; Xiying Liu; Peiyi Yan; Shun Wei; Yan Cui,188,,10.1016/j.neunet.2025.107439,https://doi.org/10.1016/j.neunet.2025.107439,article,Neural Networks,https://openalex.org/W4409192154
Neural Networks,Elsevier,2025,2025-04-06,Boosting semi-supervised federated learning by effectively exploiting server-side knowledge and client-side unconfident samples,Hongquan Liu; Yuxi Mi; Yateng Tang; Jihong Guan; Shuigeng Zhou,188,,10.1016/j.neunet.2025.107440,https://doi.org/10.1016/j.neunet.2025.107440,article,Neural Networks,https://openalex.org/W4409196535
Neural Networks,Elsevier,2025,2025-04-06,Exploring quantum neural networks for binary classification on MNIST dataset: A swap test approach,Kehan Chen; Jiaqi Liu; Fei Yan,188,,10.1016/j.neunet.2025.107442,https://doi.org/10.1016/j.neunet.2025.107442,article,Neural Networks,https://openalex.org/W4409199626
Neural Networks,Elsevier,2025,2025-04-07,"A fractional-order multi-delayed bicyclic crossed neural network: Stability, bifurcation, and numerical solution",Pushpendra Kumar; Tae-Hee Lee; Vedat Suat Ertürk,188,,10.1016/j.neunet.2025.107436,https://doi.org/10.1016/j.neunet.2025.107436,article,Neural Networks,https://openalex.org/W4409235424
Neural Networks,Elsevier,2025,2025-04-07,Exploration and exploitation in continual learning,Kiseong Hong; Hyundong Jin; Sungho Suh; Eunwoo Kim,188,,10.1016/j.neunet.2025.107444,https://doi.org/10.1016/j.neunet.2025.107444,article,Neural Networks,https://openalex.org/W4409221057
Neural Networks,Elsevier,2025,2025-04-07,GDVIFNet: A generated depth and visible image fusion network with edge feature guidance for salient object detection,Xiaogang Song; Yuping Tan; Xiaochang Li; Xinhong Hei,188,,10.1016/j.neunet.2025.107445,https://doi.org/10.1016/j.neunet.2025.107445,article,Neural Networks,https://openalex.org/W4409220929
Neural Networks,Elsevier,2025,2025-04-07,Self-Referencing Agents for Unsupervised Reinforcement Learning,Angxiao Zhao; Erle Zhu; Rui Lu; Matthieu Gaetan Lin; Yong‐Jin Liu; Gao Huang,188,,10.1016/j.neunet.2025.107448,https://doi.org/10.1016/j.neunet.2025.107448,article,Neural Networks,https://openalex.org/W4409220944
Neural Networks,Elsevier,2025,2025-04-08,A prompt regularization approach to enhance few-shot class-incremental learning with Two-Stage Classifier,Meilan Hao; Yizhan Gu; Kejian Dong; Prayag Tiwari; Xiaoqing Lv; Xin Ning,188,,10.1016/j.neunet.2025.107453,https://doi.org/10.1016/j.neunet.2025.107453,article,Neural Networks,https://openalex.org/W4409248913
Neural Networks,Elsevier,2025,2025-04-08,Event-based optical flow on neuromorphic processor: ANN vs. SNN comparison based on activation sparsification,Yingfu Xu; Guangzhi Tang; Amirreza Yousefzadeh; Guido de Croon; Manolis Sifalakis,188,,10.1016/j.neunet.2025.107447,https://doi.org/10.1016/j.neunet.2025.107447,article,Neural Networks,https://openalex.org/W4409248930
Neural Networks,Elsevier,2025,2025-04-08,PILOT: Deep Siamese network with hybrid attention improves prediction of mutation impact on protein stability,Yuan Zhang; Junsheng Deng; Mingyuan Dong; Jiafeng Wu; Qiuye Zhao; Xieping Gao; Dapeng Xiong,188,,10.1016/j.neunet.2025.107476,https://doi.org/10.1016/j.neunet.2025.107476,article,Neural Networks,https://openalex.org/W4409259247
Neural Networks,Elsevier,2025,2025-04-08,Reducing ambient noise diffusion model for underwater acoustic target,Yunqi Zhang; Jiansen Hao; Qunfeng Zeng,188,,10.1016/j.neunet.2025.107470,https://doi.org/10.1016/j.neunet.2025.107470,article,Neural Networks,https://openalex.org/W4409273173
Neural Networks,Elsevier,2025,2025-04-09,A multi-domain constraint learning system inspired by adaptive cognitive graphs for emotion recognition,Dongrui Gao; Mengwen Liu; Haokai Zhang; Manqing Wang; Hongli Chang; Gaoxiang Ouyang; Shihong Liu; Pengrui Li,188,,10.1016/j.neunet.2025.107457,https://doi.org/10.1016/j.neunet.2025.107457,article,Neural Networks,https://openalex.org/W4409291053
Neural Networks,Elsevier,2025,2025-04-09,Compact CNN module balancing between feature diversity and redundancy,Huihuang Zhang; Haigen Hu; Deming Zhou; Xiaoqin Zhang; Bin Cao,188,,10.1016/j.neunet.2025.107456,https://doi.org/10.1016/j.neunet.2025.107456,article,Neural Networks,https://openalex.org/W4409290982
Neural Networks,Elsevier,2025,2025-04-09,Dynamic events-based adaptive NN output feedback control of interconnected nonlinear systems under general output constraint,Rui Meng; Changchun Hua; Kuo Li; Qidong Li,188,,10.1016/j.neunet.2025.107452,https://doi.org/10.1016/j.neunet.2025.107452,article,Neural Networks,https://openalex.org/W4409290938
Neural Networks,Elsevier,2025,2025-04-09,Event-triggered control for input-constrained nonzero-sum games through particle swarm optimized neural networks,Qiuye Wu; Bo Zhao; Derong Liu,188,,10.1016/j.neunet.2025.107430,https://doi.org/10.1016/j.neunet.2025.107430,article,Neural Networks,https://openalex.org/W4409289793
Neural Networks,Elsevier,2025,2025-04-09,S4-KD: A single step spiking SiamFC+ + for object tracking with knowledge distillation,Wenzhuo Liu; Shuiying Xiang; Tao Zhang; Yanan Han; Yahui Zhang; Xingxing Guo; Licun Yu; Yue Hao,188,,10.1016/j.neunet.2025.107478,https://doi.org/10.1016/j.neunet.2025.107478,article,Neural Networks,https://openalex.org/W4409259029
Neural Networks,Elsevier,2025,2025-04-09,Safe and accelerated screening framework for support tensor machines,Xiao Li; Hongmei Wang; Yitian Xu,188,,10.1016/j.neunet.2025.107458,https://doi.org/10.1016/j.neunet.2025.107458,article,Neural Networks,https://openalex.org/W4409291489
Neural Networks,Elsevier,2025,2025-04-09,TCH: A novel multi-view dimensionality reduction method based on triple contrastive heads,Hongjie Zhang; Ruojin Zhou; Siyu Zhao; Ling Jing; Yingyi Chen,188,,10.1016/j.neunet.2025.107459,https://doi.org/10.1016/j.neunet.2025.107459,article,Neural Networks,https://openalex.org/W4409290927
Neural Networks,Elsevier,2025,2025-04-10,BC-PMJRS: A Brain Computing-inspired Predefined Multimodal Joint Representation Spaces for enhanced cross-modal learning,Jiahao Qin; Feng Liu; Lu Zong,188,,10.1016/j.neunet.2025.107449,https://doi.org/10.1016/j.neunet.2025.107449,article,Neural Networks,https://openalex.org/W4409316732
Neural Networks,Elsevier,2025,2025-04-10,PCDe: A personalized conversational debiasing framework for next POI recommendation with uncertain check-ins,Chen Li; Guoyan Huang; Zhu Sun; Lu Zhang; Shanshan Feng; Guanfeng Liu,188,,10.1016/j.neunet.2025.107443,https://doi.org/10.1016/j.neunet.2025.107443,article,Neural Networks,https://openalex.org/W4409343122
Neural Networks,Elsevier,2025,2025-04-10,Solving two-stage stochastic integer programs via representation learning,Yaoxin Wu; Zhiguang Cao; Wen Wu Song; Yingqian Zhang,188,,10.1016/j.neunet.2025.107446,https://doi.org/10.1016/j.neunet.2025.107446,article,Neural Networks,https://openalex.org/W4409316695
Neural Networks,Elsevier,2025,2025-04-11,Exploring unified cross-view hypergraph generation for multi-view semi-supervised classification,Zhibin Shi; Zhenghong Lin; Weihong Lin; Shiping Wang,188,,10.1016/j.neunet.2025.107451,https://doi.org/10.1016/j.neunet.2025.107451,article,Neural Networks,https://openalex.org/W4409359650
Neural Networks,Elsevier,2025,2025-04-11,High-order diversity feature learning for pedestrian attribute recognition,Junyi Wu; Yan Huang; Min Gao; Yuzhen Niu; Yuzhong Chen; Qiang Wu,188,,10.1016/j.neunet.2025.107463,https://doi.org/10.1016/j.neunet.2025.107463,article,Neural Networks,https://openalex.org/W4409347773
Neural Networks,Elsevier,2025,2025-04-12,Broad learning system based on fractional order optimization,Dan Zhang; Tong Zhang; Tao Zhang; C.L. Philip Chen,188,,10.1016/j.neunet.2025.107468,https://doi.org/10.1016/j.neunet.2025.107468,article,Neural Networks,https://openalex.org/W4409387866
Neural Networks,Elsevier,2025,2025-04-12,CMDF-TTS: Text-to-speech method with limited target speaker corpus,Ye Tao; Jiawang Liu; Chaofeng Lü; Meng Liu; Xiugong Qin; Yunlong Tian; Yongjie Du,188,,10.1016/j.neunet.2025.107432,https://doi.org/10.1016/j.neunet.2025.107432,article,Neural Networks,https://openalex.org/W4409385411
Neural Networks,Elsevier,2025,2025-04-12,Collaborative twin actors framework using deep deterministic policy gradient for flexible batch processes,Xindong Wang; Zidong Liu; Junghui Chen,188,,10.1016/j.neunet.2025.107461,https://doi.org/10.1016/j.neunet.2025.107461,article,Neural Networks,https://openalex.org/W4409378657
Neural Networks,Elsevier,2025,2025-04-12,GCPNet: An interpretable Generic Crystal Pattern graph neural Network for predicting material properties,Hengda Gao; Xiao‐Wei Guo; Genglin Li; Chao Li; Canqun Yang,188,,10.1016/j.neunet.2025.107466,https://doi.org/10.1016/j.neunet.2025.107466,article,Neural Networks,https://openalex.org/W4409387023
Neural Networks,Elsevier,2025,2025-04-12,Hierarchical feature extraction on functional brain networks for autism spectrum disorder identification with resting-state fMRI data,Yiqian Luo; Qiurong Chen; Fali Li; Yi Liang; Peng Xu; Yangsong Zhang,188,,10.1016/j.neunet.2025.107450,https://doi.org/10.1016/j.neunet.2025.107450,article,Neural Networks,https://openalex.org/W4409382615
Neural Networks,Elsevier,2025,2025-04-12,ReranKGC: A cooperative retrieve-and-rerank framework for multi-modal knowledge graph completion,Meng Gao; Yutao Xie; Wei Chen; Feng Zhang; Fei Ding; Tengjiao Wang; Jiahui Yao; Jiabin Zheng; Kam‐Fai Wong,188,,10.1016/j.neunet.2025.107467,https://doi.org/10.1016/j.neunet.2025.107467,article,Neural Networks,https://openalex.org/W4409378335
Neural Networks,Elsevier,2025,2025-04-12,YOLOv8-G2F: A portable gesture recognition optimization algorithm,Zhao Feng; Junjian Huang; Wei Zhang; Shiping Wen; Yangpeng Liu; Tingwen Huang,188,,10.1016/j.neunet.2025.107469,https://doi.org/10.1016/j.neunet.2025.107469,article,Neural Networks,https://openalex.org/W4409386562
Neural Networks,Elsevier,2025,2025-04-13,Adaptive estimation of instance-dependent noise transition matrix for learning with instance-dependent label noise,Yuan Wang; Huaxin Pang; Ying Hua Qin; Shikui Wei; Yao Zhao,188,,10.1016/j.neunet.2025.107464,https://doi.org/10.1016/j.neunet.2025.107464,article,Neural Networks,https://openalex.org/W4409385429
Neural Networks,Elsevier,2025,2025-04-14,Driving scene image Dehazing model based on multi-branch and multi-scale feature fusion,Shi Yin; Hui Liu,188,,10.1016/j.neunet.2025.107495,https://doi.org/10.1016/j.neunet.2025.107495,article,Neural Networks,https://openalex.org/W4409433275
Neural Networks,Elsevier,2025,2025-04-15,Multi-stage network for single image deblurring based on dual-domain window mamba,Wenbo Wu; Lei Liu; Jingtao Wang; Bin Li; Zongyu Ye; Wangmeng Zuo; Yun Pan,188,,10.1016/j.neunet.2025.107460,https://doi.org/10.1016/j.neunet.2025.107460,article,Neural Networks,https://openalex.org/W4409452142
Neural Networks,Elsevier,2025,2025-04-17,Adaptive token selection for scalable point cloud transformers,Alessandro Baiocchi; Indro Spinelli; Alessandro Nicolosi; Simone Scardapane,188,,10.1016/j.neunet.2025.107477,https://doi.org/10.1016/j.neunet.2025.107477,article,Neural Networks,https://openalex.org/W4409539166
Neural Networks,Elsevier,2025,2025-04-17,Influence Enhanced Sparse Coordination Graphs for Multi-Agent Reinforcement Learning,Xiwen Zhang; Jie Chen; Minggang Gan; Haoxiang Chen,188,,10.1016/j.neunet.2025.107454,https://doi.org/10.1016/j.neunet.2025.107454,article,Neural Networks,https://openalex.org/W4409546775
Neural Networks,Elsevier,2025,2025-04-17,Multiscroll hidden attractor in memristive autapse neuron model and its memristor-based scroll control and application in image encryption,Zhiqiang Wan; Yi‐Fei Pu; Qiang Lai,188,,10.1016/j.neunet.2025.107473,https://doi.org/10.1016/j.neunet.2025.107473,article,Neural Networks,https://openalex.org/W4409526858
Neural Networks,Elsevier,2025,2025-04-19,DGPrompt: Dual-guidance prompts generation for vision-language models,Tai Xiong Zheng; Zhen-Duo Chen; Zi-Chao Zhang; Zhen-Xiang Ma; Li Jun Zhao; Chong-Yu Zhang; Xin Luo; Xin-Shun Xu,188,,10.1016/j.neunet.2025.107472,https://doi.org/10.1016/j.neunet.2025.107472,article,Neural Networks,https://openalex.org/W4409598701
Neural Networks,Elsevier,2025,2025-04-19,SpikeCLIP: A contrastive language–image pretrained spiking neural network,Changze Lv; Tianlong Li; Wenhao Liu; Yufei Gu; Jianhan Xu; Cenyuan Zhang; Muling Wu; Xiaoqing Zheng; Xuanjing Huang,188,,10.1016/j.neunet.2025.107475,https://doi.org/10.1016/j.neunet.2025.107475,article,Neural Networks,https://openalex.org/W4409598837
Neural Networks,Elsevier,2025,2025-04-21,Fine-tune language models as multi-modal differential equation solvers,Liu Yang; Siting Liu; Stanley Osher,188,,10.1016/j.neunet.2025.107455,https://doi.org/10.1016/j.neunet.2025.107455,article,Neural Networks,https://openalex.org/W4409638788
Neural Networks,Elsevier,2025,2025-04-21,On robust learning of memory attractors with noisy deep associative memory networks,Xuan Rao; Bo Zhao; Derong Liu,188,,10.1016/j.neunet.2025.107474,https://doi.org/10.1016/j.neunet.2025.107474,article,Neural Networks,https://openalex.org/W4409644927
Neural Networks,Elsevier,2025,2025-04-22,Enhancing motor imagery EEG classification with a Riemannian geometry-based spatial filtering (RSF) method,Lincong Pan; Kun Wang; Yongzhi Huang; Xinwei Sun; Jiayuan Meng; Weibo Yi; Minpeng Xu; Tzyy‐Ping Jung; Dong Ming,188,,10.1016/j.neunet.2025.107511,https://doi.org/10.1016/j.neunet.2025.107511,article,Neural Networks,https://openalex.org/W4409685924
Neural Networks,Elsevier,2025,2025-04-22,Symmetry discovery for different data types,Lexiang Hu; Yikang Li; Zhouchen Lin,188,,10.1016/j.neunet.2025.107481,https://doi.org/10.1016/j.neunet.2025.107481,article,Neural Networks,https://openalex.org/W4409685902
Neural Networks,Elsevier,2025,2025-04-22,Time series compression using quaternion valued neural networks and quaternion backpropagation,Johannes Pöppelbaum; Andreas Schwung,188,,10.1016/j.neunet.2025.107465,https://doi.org/10.1016/j.neunet.2025.107465,article,Neural Networks,https://openalex.org/W4409657157
Neural Networks,Elsevier,2025,2025-04-23,Integrated codec decomposed Transformer for long-term series forecasting,Benhan Li; Wei Zhang; Mingxin Lu,188,,10.1016/j.neunet.2025.107484,https://doi.org/10.1016/j.neunet.2025.107484,article,Neural Networks,https://openalex.org/W4409708992
Neural Networks,Elsevier,2025,2025-04-23,Linking cellular-level phenomena to brain architecture: the case of spiking cerebellar controllers,Egidio Ugo D'Angelo; Alberto Antonietti; Alice Geminiani; Benedetta Gambosi; Cristiano Alessandro; Emiliano Buttarazzi; Alessandra Pedrocchi; Claudia Casellato,188,,10.1016/j.neunet.2025.107538,https://doi.org/10.1016/j.neunet.2025.107538,article,Neural Networks,https://openalex.org/W4409717068
Neural Networks,Elsevier,2025,2025-04-23,Red alarm: Controllable backdoor attack in continual learning,Rui Gao; Weiwei Liu,188,,10.1016/j.neunet.2025.107479,https://doi.org/10.1016/j.neunet.2025.107479,article,Neural Networks,https://openalex.org/W4409725714
Neural Networks,Elsevier,2025,2025-04-23,Saccade and purify: Task adapted multi-view feature calibration network for few shot learning,Jing Zhang; Yunzuo Hu; Xinzhou Zhang; Mingzhe Chen; Zhe Wang,188,,10.1016/j.neunet.2025.107482,https://doi.org/10.1016/j.neunet.2025.107482,article,Neural Networks,https://openalex.org/W4409728787
Neural Networks,Elsevier,2025,2025-04-24,Multi-Granularity Autoformer for long-term deterministic and probabilistic power load forecasting,Yang Yang; Y. N. Gao; Hu Zhou; Jinran Wu; Shangce Gao; You‐Gan Wang,188,,10.1016/j.neunet.2025.107493,https://doi.org/10.1016/j.neunet.2025.107493,article,Neural Networks,https://openalex.org/W4409760806
Neural Networks,Elsevier,2025,2025-04-24,Pair-wise or high-order? A self-adaptive graph framework for knowledge graph embedding,Dong Zhang; Haoqian Jiang; Xiaoning Li; Guanyu Li; Bo Ning; Chen Heng,188,,10.1016/j.neunet.2025.107494,https://doi.org/10.1016/j.neunet.2025.107494,article,Neural Networks,https://openalex.org/W4409775874
Neural Networks,Elsevier,2025,2025-04-25,Communication-efficient distributed learning with Local Immediate Error Compensation,Yifei Cheng; Li Shen; Linli Xu; Xun Qian; Shiwei Wu; Yiming Zhou; Tie Zhang; Dacheng Tao; Enhong Chen,188,,10.1016/j.neunet.2025.107471,https://doi.org/10.1016/j.neunet.2025.107471,article,Neural Networks,https://openalex.org/W4409787168
Neural Networks,Elsevier,2025,2025-04-25,Kernel-free quadratic surface SVM for conditional probability estimation in imbalanced multi-class classification,Junyou Ye; Zhixia Yang; Yongqi Zhu; Zheng Zhang; Wen Qin,188,,10.1016/j.neunet.2025.107480,https://doi.org/10.1016/j.neunet.2025.107480,article,Neural Networks,https://openalex.org/W4409787136
Neural Networks,Elsevier,2025,2025-04-25,Layer Frozen Multi-Net & Latent Space Feature-Concealed Backdoor Samples Detection,Jiawei Li; Senlin Luo; Limin Pan; Chenlong Zhang; Zhao Zhang; Chuan Lü,188,,10.1016/j.neunet.2025.107497,https://doi.org/10.1016/j.neunet.2025.107497,article,Neural Networks,https://openalex.org/W4409787175
Neural Networks,Elsevier,2025,2025-04-25,Multi-modal sentiment recognition with residual gating network and emotion intensity attention,Yadi Wang; Xiaoding Guo; Xianhong Hou; Zhijun Miao; Xiaojin Yang; Jinkai Guo,188,,10.1016/j.neunet.2025.107483,https://doi.org/10.1016/j.neunet.2025.107483,article,Neural Networks,https://openalex.org/W4409799376
Neural Networks,Elsevier,2025,2025-04-25,Sign potential-driven multiplicative optimization for robust deep reinforcement learning,Loukia Avramelou; Manos Kirtas; Nikolaos Passalis; Anastasios Tefas,188,,10.1016/j.neunet.2025.107492,https://doi.org/10.1016/j.neunet.2025.107492,article,Neural Networks,https://openalex.org/W4409799474
Neural Networks,Elsevier,2025,2025-04-26,CURRENT EVENTS,,187,,10.1016/s0893-6080(25)00412-5,https://doi.org/10.1016/s0893-6080(25)00412-5,article,Neural Networks,https://openalex.org/W4409835699
Neural Networks,Elsevier,2025,2025-04-26,Editorial Board,,187,,10.1016/s0893-6080(25)00411-3,https://doi.org/10.1016/s0893-6080(25)00411-3,paratext,Neural Networks,https://openalex.org/W4409835746
Neural Networks,Elsevier,2025,2025-04-26,Generalization and differentiation of affective associative memory circuit based on memristive neural network with emotion transfer,Wei Yao; Kai Gao; You Wang; Hairong Lin; Hongwei Wu; Cong Xu; Xin Zhang,188,,10.1016/j.neunet.2025.107502,https://doi.org/10.1016/j.neunet.2025.107502,article,Neural Networks,https://openalex.org/W4409829371
Neural Networks,Elsevier,2025,2025-04-26,INN/ENNS/JNNS - Membership Applic. Form,,187,,10.1016/s0893-6080(25)00414-9,https://doi.org/10.1016/s0893-6080(25)00414-9,article,Neural Networks,https://openalex.org/W4409835667
Neural Networks,Elsevier,2025,2025-04-26,SSSLN:Multivariate Time Series Forecasting via Collaborative Dynamic Graph Learning,Zhuoxuan Liang; Wei Li; Zhihong Wang; Xiangping Zheng; Bingheng Pang,188,,10.1016/j.neunet.2025.107485,https://doi.org/10.1016/j.neunet.2025.107485,article,Neural Networks,https://openalex.org/W4409839008
Neural Networks,Elsevier,2025,2025-04-27,MWTP: A heterogeneous multiplex representation learning framework for link prediction of weak ties,Weiwei Gu; Linbi Lv; Gang Lu; Ruiqi Li,188,,10.1016/j.neunet.2025.107489,https://doi.org/10.1016/j.neunet.2025.107489,article,Neural Networks,https://openalex.org/W4409859741
Neural Networks,Elsevier,2025,2025-04-27,Spectral integrated neural networks with large time steps for 2D and 3D transient elastodynamic analysis,Haodong Ma; Wenzhen Qu; Yan Gu; Lin Qiu; Fajie Wang; Shengdong Zhao,188,,10.1016/j.neunet.2025.107559,https://doi.org/10.1016/j.neunet.2025.107559,article,Neural Networks,https://openalex.org/W4409854882
Neural Networks,Elsevier,2025,2025-04-28,MSCViT: A small-size ViT architecture with multi-scale self-attention mechanism for tiny datasets,Bowei Zhang; Yi Zhang; Yi Zhang,188,,10.1016/j.neunet.2025.107499,https://doi.org/10.1016/j.neunet.2025.107499,article,Neural Networks,https://openalex.org/W4409880205
Neural Networks,Elsevier,2025,2025-04-28,S3-Net: Learning spectral-spatio self-similarity for hyperspectral image super-resolution,Xinying Wang; Zhixiong Huang; Jiawen Zhu; Xianghai Wang; Lin Feng,188,,10.1016/j.neunet.2025.107490,https://doi.org/10.1016/j.neunet.2025.107490,article,Neural Networks,https://openalex.org/W4409879510
Neural Networks,Elsevier,2025,2025-04-28,Self-supervised spatial–temporal contrastive network for EEG-based brain network classification,Changxu Dong; Dengdi Sun; Bin Luo,188,,10.1016/j.neunet.2025.107505,https://doi.org/10.1016/j.neunet.2025.107505,article,Neural Networks,https://openalex.org/W4409879991
Neural Networks,Elsevier,2025,2025-04-29,Interpretable unsupervised neural network structure for data clustering via differentiable reconstruction of ONMF and sparse autoencoder,Yongwei Gai; Jinglei Liu,188,,10.1016/j.neunet.2025.107504,https://doi.org/10.1016/j.neunet.2025.107504,article,Neural Networks,https://openalex.org/W4409919097
Neural Networks,Elsevier,2025,2025-04-30,A spectral filtering approach to represent exemplars for visual few-shot classification,Tao Zhang; Wu Xin Huang,188,,10.1016/j.neunet.2025.107498,https://doi.org/10.1016/j.neunet.2025.107498,article,Neural Networks,https://openalex.org/W4409907342
Neural Networks,Elsevier,2025,2025-04-30,Learn to explain transformer via interpretation path by reinforcement learning,Runliang Niu; Qi Wang; He Kong; Qianli Xing; Yi Chang; Philip S. Yu,188,,10.1016/j.neunet.2025.107496,https://doi.org/10.1016/j.neunet.2025.107496,article,Neural Networks,https://openalex.org/W4409907388
Neural Networks,Elsevier,2025,2025-05-01,Data alignment based adversarial defense benchmark for EEG-based BCIs,Xiaoqing Chen; Tianwang Jia; Dongrui Wu,188,,10.1016/j.neunet.2025.107516,https://doi.org/10.1016/j.neunet.2025.107516,article,Neural Networks,https://openalex.org/W4409987392
Neural Networks,Elsevier,2025,2025-05-01,Ex2Vec: Enhancing assembly code semantics with end-to-end execution-aware embeddings,Xingyu Gong; Xu Yang; Sicong Zhang; Chenhang He,189,,10.1016/j.neunet.2025.107506,https://doi.org/10.1016/j.neunet.2025.107506,article,Neural Networks,https://openalex.org/W4409999297
Neural Networks,Elsevier,2025,2025-05-01,Federated learning with randomized alternating direction method of multipliers and application in training neural networks,Duy Nhat Phan; Patrick C. Hytla; Andrew D. Rice; Thuy Ngoc Nguyen,189,,10.1016/j.neunet.2025.107501,https://doi.org/10.1016/j.neunet.2025.107501,article,Neural Networks,https://openalex.org/W4409993543
Neural Networks,Elsevier,2025,2025-05-01,Neuronal correlates of sleep in honey bees,Sebastián Moguilner; Ettore Tiraboschi; Giacomo Fantoni; Heather Strelevitz; HAMID RAHIMPOUR SOLEIMANI; Luca Del Torre; Uri Hasson; Albrecht Haase,189,,10.1016/j.neunet.2025.107575,https://doi.org/10.1016/j.neunet.2025.107575,article,Neural Networks,https://openalex.org/W4409994603
Neural Networks,Elsevier,2025,2025-05-01,On neural architecture search and hyperparameter optimization: A max-flow based approach,Chao Xue; Jiaxing Li; Xiaoxing Wang; Yibing Zhan; Junchi Yan; Chun-Guang Li,188,,10.1016/j.neunet.2025.107507,https://doi.org/10.1016/j.neunet.2025.107507,article,Neural Networks,https://openalex.org/W4409978807
Neural Networks,Elsevier,2025,2025-05-04,CLPNets: Coupled Lie–Poisson neural networks for multi-part Hamiltonian systems with symmetries,Christopher Eldred; François Gay–Balmaz; Vakhtang Putkaradze,189,,10.1016/j.neunet.2025.107441,https://doi.org/10.1016/j.neunet.2025.107441,article,Neural Networks,https://openalex.org/W4410064948
Neural Networks,Elsevier,2025,2025-05-04,Entity replacement strategy for temporal knowledge graph query relaxation,Luyi Bai; Jixuan Dong; Lin Zhu,188,,10.1016/j.neunet.2025.107579,https://doi.org/10.1016/j.neunet.2025.107579,article,Neural Networks,https://openalex.org/W4410064904
Neural Networks,Elsevier,2025,2025-05-05,Interpretable inverse iteration mean shift networks for clustering tasks,Zhang Bingjie; Z. Yu; Jian Wang; Maciej Żelaszczyk; Yaqian Zhang; Jacek Mańdziuk; Chao Zhang; Witold Pedrycz,189,,10.1016/j.neunet.2025.107528,https://doi.org/10.1016/j.neunet.2025.107528,article,Neural Networks,https://openalex.org/W4410088686
Neural Networks,Elsevier,2025,2025-05-05,Learning performance of cerebellar circuit depends on diversity and chaoticity of spiking patterns in granule cells: A simulation study,Soichiro Fujiki; Kenji Kansaku,189,,10.1016/j.neunet.2025.107585,https://doi.org/10.1016/j.neunet.2025.107585,article,Neural Networks,https://openalex.org/W4410090820
Neural Networks,Elsevier,2025,2025-05-05,SAMSnake: A generic contour-based instance segmentation network assisted by Efficient Segment Anything Model,Yejun Wu; Jiao Zhan; Chi Guo; Huyin Zhang,189,,10.1016/j.neunet.2025.107491,https://doi.org/10.1016/j.neunet.2025.107491,article,Neural Networks,https://openalex.org/W4410083767
Neural Networks,Elsevier,2025,2025-05-06,Enhancing realism in LiDAR scene generation with CSPA-DFN and linear cross-attention via Diffusion Transformer model,Shaoxun Ye; Xiaoguang Di; Ming Jun Liao; Ximing Li,189,,10.1016/j.neunet.2025.107503,https://doi.org/10.1016/j.neunet.2025.107503,article,Neural Networks,https://openalex.org/W4410104598
Neural Networks,Elsevier,2025,2025-05-06,FDC: Feature Dropout Consistency for unsupervised domain adaptation semantic segmentation,Chaoyu Rao; Wanshu Fan; Cong Wang; Xin Yang; Xiaopeng Wei; Dongsheng Zhou,189,,10.1016/j.neunet.2025.107527,https://doi.org/10.1016/j.neunet.2025.107527,article,Neural Networks,https://openalex.org/W4410120121
Neural Networks,Elsevier,2025,2025-05-06,Knowledge-guided adaptive spatial-temporal graph contrastive learning framework: Regional crop diseases prediction based on electronic medical records,Chang Xu; Yiding Zhang; Lei Zhao; Haojie Wen; Lingxian Zhang,189,,10.1016/j.neunet.2025.107597,https://doi.org/10.1016/j.neunet.2025.107597,article,Neural Networks,https://openalex.org/W4410119725
Neural Networks,Elsevier,2025,2025-05-06,Real-time and accurate stereo matching via tri-fusion volume for stereo vision,Anze Xu; Lin Yang; Jingzhong Li; Zhen Shi; Yue Jin; YuXuan Chen; Yanxin Ni; Guang Li,189,,10.1016/j.neunet.2025.107591,https://doi.org/10.1016/j.neunet.2025.107591,article,Neural Networks,https://openalex.org/W4410132755
Neural Networks,Elsevier,2025,2025-05-06,Robust synchronization of reaction–diffusion memristive neural networks with parameter uncertainties and general couplings,Jui-Pin Tseng,189,,10.1016/j.neunet.2025.107509,https://doi.org/10.1016/j.neunet.2025.107509,article,Neural Networks,https://openalex.org/W4410106537
Neural Networks,Elsevier,2025,2025-05-06,Semi-supervised segmentation on medical images with pseudo label calibration and neural process,Tianlun Zhang; Yuxuan Luo; Xizhao Wang; Sam Kwong,189,,10.1016/j.neunet.2025.107510,https://doi.org/10.1016/j.neunet.2025.107510,article,Neural Networks,https://openalex.org/W4410286276
Neural Networks,Elsevier,2025,2025-05-08,A pipeline for enabling Nearshore Infrared Video Super-resolution to learn more high-frequency foreground information,Yuanlin Zhao; Wei Li; Jiangang Ding; Yansong Wang; Yihui Shan; Lili Pei,189,,10.1016/j.neunet.2025.107547,https://doi.org/10.1016/j.neunet.2025.107547,article,Neural Networks,https://openalex.org/W4410199748
Neural Networks,Elsevier,2025,2025-05-08,Corrigendum to “An efficient framework based on local multi-representatives and noise-robust synthetic example generation for self-labeled semi-supervised classification” [Neural Networks 185 (2025) 107142],Junnan Li; Shun Fu; Wei Fu; Lufeng Wang; Xin Pan,189,,10.1016/j.neunet.2025.107577,https://doi.org/10.1016/j.neunet.2025.107577,erratum,Neural Networks,https://openalex.org/W4410195664
Neural Networks,Elsevier,2025,2025-05-08,Cortical-subcortical neural networks for motor learning and storing sequence memory,Lanyun Cui; Ying Yu; Lining Yin; Songan Hou; Qingyun Wang,189,,10.1016/j.neunet.2025.107594,https://doi.org/10.1016/j.neunet.2025.107594,article,Neural Networks,https://openalex.org/W4410203963
Neural Networks,Elsevier,2025,2025-05-08,FedPPD: Towards effective subgraph federated learning via pseudo prototype distillation,Qi Lin; Jishuo Jia; Yinlin Zhu; Xunkai Li; Bin Jiang; Meixia Qu,189,,10.1016/j.neunet.2025.107541,https://doi.org/10.1016/j.neunet.2025.107541,article,Neural Networks,https://openalex.org/W4410197309
Neural Networks,Elsevier,2025,2025-05-08,Learning to solve combinatorial optimization problems with heterophily,Xingyue Guo; Pengfei Zhang; Qingqiong Cai; Ying Zhang,189,,10.1016/j.neunet.2025.107554,https://doi.org/10.1016/j.neunet.2025.107554,article,Neural Networks,https://openalex.org/W4410204352
Neural Networks,Elsevier,2025,2025-05-08,Physics-informed multi-output Gaussian process for dynamical system modeling,Shengbing Tang; Bin He; Xinguo Yu,189,,10.1016/j.neunet.2025.107508,https://doi.org/10.1016/j.neunet.2025.107508,article,Neural Networks,https://openalex.org/W4410284683
Neural Networks,Elsevier,2025,2025-05-08,The informativeness of the gradient revisited,Rustem Takhanov,189,,10.1016/j.neunet.2025.107517,https://doi.org/10.1016/j.neunet.2025.107517,article,Neural Networks,https://openalex.org/W4410200752
Neural Networks,Elsevier,2025,2025-05-08,Unsupervised feature selection with evolutionary sparsity,Shixuan Zhou; Yi Xiang; Han Pang Huang; Pei Huang; Chaoda Peng; Xiaowei Yang; Peng Song,189,,10.1016/j.neunet.2025.107512,https://doi.org/10.1016/j.neunet.2025.107512,article,Neural Networks,https://openalex.org/W4410195641
Neural Networks,Elsevier,2025,2025-05-09,Enhancing the transferability of adversarial attacks via Scale Enriching,Yuhang Zhao; Jun Zheng; Xianfeng Gao; Lu Liu; Yaoyuan Zhang; Quanxin Zhang; Quanxin Zhang,189,,10.1016/j.neunet.2025.107549,https://doi.org/10.1016/j.neunet.2025.107549,article,Neural Networks,https://openalex.org/W4410221254
Neural Networks,Elsevier,2025,2025-05-09,Implementing feature binding through dendritic networks of a single neuron,Yuanhong Tang; Shanshan Jia; Tiejun Huang; Zhaofei Yu; Jian K. Liu,189,,10.1016/j.neunet.2025.107555,https://doi.org/10.1016/j.neunet.2025.107555,article,Neural Networks,https://openalex.org/W4410217905
Neural Networks,Elsevier,2025,2025-05-09,Improved two-view interactional fuzzy learning based on mutual-rectification and knowledge-mergence,Ta Zhou; Wei Yan; Zhengxin Xia; Shuihua Wang; Ge Ren; Bing Keong Li; Weiping Ding; Jing Yan Cai,189,,10.1016/j.neunet.2025.107576,https://doi.org/10.1016/j.neunet.2025.107576,article,Neural Networks,https://openalex.org/W4410224253
Neural Networks,Elsevier,2025,2025-05-09,Model-free reinforcement learning control with zero-min barrier functions for constrained systems,Chidentree Treesatayapun,189,,10.1016/j.neunet.2025.107545,https://doi.org/10.1016/j.neunet.2025.107545,article,Neural Networks,https://openalex.org/W4410246137
Neural Networks,Elsevier,2025,2025-05-09,Modeling multi-scale uncertainty with evidence integration for reliable polyp segmentation,Xiaolu Kang; Zhuoqi Ma; Kang Liu; Yunan Li; Qiguang Miao,189,,10.1016/j.neunet.2025.107553,https://doi.org/10.1016/j.neunet.2025.107553,article,Neural Networks,https://openalex.org/W4410217918
Neural Networks,Elsevier,2025,2025-05-09,Multiple-input and multiple-output encoders with DNA-based winner-take-all neural Networks,Chun Huang; Qingshuang Guo; Jiaying Shao; Baolei Peng; Panlong Li; Junwei Sun; Yanfeng Wang,189,,10.1016/j.neunet.2025.107487,https://doi.org/10.1016/j.neunet.2025.107487,article,Neural Networks,https://openalex.org/W4410218090
Neural Networks,Elsevier,2025,2025-05-09,Mutual GNN-MLP distillation for robust graph adversarial defense,Bowen Deng; Jialong Chen; Jialong Chen; Yanming Hu; Chuan Chen; Tao Zhang,189,,10.1016/j.neunet.2025.107513,https://doi.org/10.1016/j.neunet.2025.107513,article,Neural Networks,https://openalex.org/W4410197494
Neural Networks,Elsevier,2025,2025-05-09,Neuroadaptive fixed-time fault-tolerant containment control of high-order MIMO Nonlinear multi-agent systems in affine strict-feedback form,Hui Lv; Dandan Liu; Kai Sun; Baolong Zhu,189,,10.1016/j.neunet.2025.107514,https://doi.org/10.1016/j.neunet.2025.107514,article,Neural Networks,https://openalex.org/W4410233708
Neural Networks,Elsevier,2025,2025-05-09,Pruning the ensemble of convolutional neural networks using second-order cone programming,Buse Çisil Güldoğuş; Abdullah Nazhat Abdullah; Muhammad Ammar Ali; Süreyya Akyüz,189,,10.1016/j.neunet.2025.107544,https://doi.org/10.1016/j.neunet.2025.107544,article,Neural Networks,https://openalex.org/W4410217990
Neural Networks,Elsevier,2025,2025-05-09,SurvGraph: A hybrid-graph attention network for survival prediction using whole slide pathological images in gastric cancer,Yuanshen Zhao; Longsong Li; Xi Yu; Ke Han; Jingxian Duan; Dong Liang; Ningli Chai; Zhicheng Li,189,,10.1016/j.neunet.2025.107607,https://doi.org/10.1016/j.neunet.2025.107607,article,Neural Networks,https://openalex.org/W4410218165
Neural Networks,Elsevier,2025,2025-05-09,Wp-VTON: A wrinkle-preserving virtual try-on network via clothing texture book,Xiangyu Mu; Haijun Zhang; Jianghong Ma; Zhao Zhang; Lin Jiang; Xiaoqi Chen; Feng Jiang,189,,10.1016/j.neunet.2025.107546,https://doi.org/10.1016/j.neunet.2025.107546,article,Neural Networks,https://openalex.org/W4410217966
Neural Networks,Elsevier,2025,2025-05-10,Kernel Bayesian tensor ring decomposition for multiway data recovery,Zhenhao Huang; Guoxu Zhou; Yuning Qiu; Xinqi Chen; Qibin Zhao,189,,10.1016/j.neunet.2025.107500,https://doi.org/10.1016/j.neunet.2025.107500,article,Neural Networks,https://openalex.org/W4410252739
Neural Networks,Elsevier,2025,2025-05-10,Modeling structured data learning with Restricted Boltzmann machines in the teacher–student setting,Robin Thériault; Francesco Tosello; Daniele Tantari,189,,10.1016/j.neunet.2025.107542,https://doi.org/10.1016/j.neunet.2025.107542,article,Neural Networks,https://openalex.org/W4410252464
Neural Networks,Elsevier,2025,2025-05-10,SPAST: Arbitrary style transfer with style priors via pre-trained large-scale model,Zhanjie Zhang; Quanwei Zhang; Junsheng Luan; Mengyuan Yang; Yun Wang; Lei Zhao,189,,10.1016/j.neunet.2025.107556,https://doi.org/10.1016/j.neunet.2025.107556,article,Neural Networks,https://openalex.org/W4410252583
Neural Networks,Elsevier,2025,2025-05-11,Consistent and Specific Hashing for image set classification,Xingfeng Li; Yuan Sun; Xuedong Li; Zhenwen Ren,189,,10.1016/j.neunet.2025.107462,https://doi.org/10.1016/j.neunet.2025.107462,article,Neural Networks,https://openalex.org/W4410278147
Neural Networks,Elsevier,2025,2025-05-11,Multi-view graph clustering with Dually Enhanced Tensor Rank Minimization and Diverse Separation of Inconsistent Information,Weijun Sun; Chaoye Li; Jiakai He; Xiaozhao Fang; Guoxu Zhou; Xiyuan Yang; Kangsheng Wu,189,,10.1016/j.neunet.2025.107550,https://doi.org/10.1016/j.neunet.2025.107550,article,Neural Networks,https://openalex.org/W4410274426
Neural Networks,Elsevier,2025,2025-05-12,BegoniaGPT: Cultivating the large language model to be an exceptional K-12 English teacher,Lu Rong; Yazhou Zhang; Prayag Tiwari; Yi Mei,189,,10.1016/j.neunet.2025.107488,https://doi.org/10.1016/j.neunet.2025.107488,article,Neural Networks,https://openalex.org/W4410314116
Neural Networks,Elsevier,2025,2025-05-12,Explicit estimation of magnitude and phase spectra in parallel for high-quality speech enhancement,Ye-Xin Lu; Yang Ai; Zhen-Hua Ling,189,,10.1016/j.neunet.2025.107562,https://doi.org/10.1016/j.neunet.2025.107562,article,Neural Networks,https://openalex.org/W4410314146
Neural Networks,Elsevier,2025,2025-05-13,3DBench: A scalable benchmark for object and scene-level instruction-tuning of 3D large language models,Tianci Hu; Junjie Zhang; Yutao Rao; Dan Zeng; Hongwen Yu; Xiaoshui Huang,189,,10.1016/j.neunet.2025.107566,https://doi.org/10.1016/j.neunet.2025.107566,article,Neural Networks,https://openalex.org/W4410335691
Neural Networks,Elsevier,2025,2025-05-13,Abnormalities of brain dynamics based on large-scale cortical network modeling in autism spectrum disorder,Youyou Si; Honghui Zhang; Lin Du; Zichen Deng,189,,10.1016/j.neunet.2025.107561,https://doi.org/10.1016/j.neunet.2025.107561,article,Neural Networks,https://openalex.org/W4410314967
Neural Networks,Elsevier,2025,2025-05-13,Adaptive fast local discriminant analysis with whitening transform,Hong Chen; Feiping Nie; Yingcang Ma; Rong Wang,189,,10.1016/j.neunet.2025.107551,https://doi.org/10.1016/j.neunet.2025.107551,article,Neural Networks,https://openalex.org/W4410314854
Neural Networks,Elsevier,2025,2025-05-13,Knowledge graph information bottleneck enhanced molecular representation learning,Jiaxin Dai; Dongmei Fu; Zhongwei Qiu; Lingwei Ma; Dawei Zhang,189,,10.1016/j.neunet.2025.107560,https://doi.org/10.1016/j.neunet.2025.107560,article,Neural Networks,https://openalex.org/W4410335645
Neural Networks,Elsevier,2025,2025-05-13,Semantic discrete decoder based on adaptive pixel clustering for monocular depth estimation,Xuanxuan Liu; Shuai Tang; Mingzhi Ye; Tongwei Lu; Lixin Duan,189,,10.1016/j.neunet.2025.107565,https://doi.org/10.1016/j.neunet.2025.107565,article,Neural Networks,https://openalex.org/W4410314777
Neural Networks,Elsevier,2025,2025-05-13,Semantic-Rearrangement-based Hierarchical Alignment for domain generalized segmentation,Guanlong Jiao; Hangbin Wu; Chenyangguang Zhang; Haonan Yin; Mo Yu; Biqing Huang,189,,10.1016/j.neunet.2025.107567,https://doi.org/10.1016/j.neunet.2025.107567,article,Neural Networks,https://openalex.org/W4410455566
Neural Networks,Elsevier,2025,2025-05-14,Fast underwater scene reconstruction using multi-view stereo and physical imaging,Shuyi Hu; Qi Liu,189,,10.1016/j.neunet.2025.107568,https://doi.org/10.1016/j.neunet.2025.107568,article,Neural Networks,https://openalex.org/W4410361861
Neural Networks,Elsevier,2025,2025-05-14,Fixed-time adaptive neural network compensation control for uncertain nonlinear systems,Jiahua Ma; Zhikai Yao; Zhikai Yao; Wenxiang Deng; Jianyong Yao,189,,10.1016/j.neunet.2025.107563,https://doi.org/10.1016/j.neunet.2025.107563,article,Neural Networks,https://openalex.org/W4410350820
Neural Networks,Elsevier,2025,2025-05-14,Memory Transmission Based Referring Video Object Segmentation,Zijin Liu; Lichun Wang; Yongli Hu; Baocai Yin,189,,10.1016/j.neunet.2025.107548,https://doi.org/10.1016/j.neunet.2025.107548,article,Neural Networks,https://openalex.org/W4410351404
Neural Networks,Elsevier,2025,2025-05-14,Rethinking cell-based neural architecture search: A theoretical perspective,Bo Liu; Huiwen Zhao; Tongtong Yuan; Ting Zhang; Zhaoying Liu,189,,10.1016/j.neunet.2025.107557,https://doi.org/10.1016/j.neunet.2025.107557,article,Neural Networks,https://openalex.org/W4410349253
Neural Networks,Elsevier,2025,2025-05-15,Decomposition method-based global Mittag-Leffler synchronization for fractional-order Clifford-valued neural networks with transmission delays and impulses,Ramalingam Sriraman; Niranjan Manoj; Pratap Anbalagan,189,,10.1016/j.neunet.2025.107564,https://doi.org/10.1016/j.neunet.2025.107564,article,Neural Networks,https://openalex.org/W4410397228
Neural Networks,Elsevier,2025,2025-05-15,Progressive fine-to-coarse reconstruction for accurate low-bit post-training quantization in vision transformers,Rui Ding; Yong Qi Liang; Sihuan Zhao; Jing Nie; Lihui Chen; Haijun Liu; Xichuan Zhou,189,,10.1016/j.neunet.2025.107558,https://doi.org/10.1016/j.neunet.2025.107558,article,Neural Networks,https://openalex.org/W4410415514
Neural Networks,Elsevier,2025,2025-05-15,The butterfly effect in neural networks: Unveiling hyperbolic chaos through parameter sensitivity,Jingyi Luo; Jianyu Chen; Hong-Kun Zhang,189,,10.1016/j.neunet.2025.107572,https://doi.org/10.1016/j.neunet.2025.107572,article,Neural Networks,https://openalex.org/W4410398248
Neural Networks,Elsevier,2025,2025-05-16,Escarcitys: A framework for enhancing medical image classification performance in scarcity of trainable samples scenarios,Tianxiang Wang; Qun Dai; Wei Xiong,189,,10.1016/j.neunet.2025.107573,https://doi.org/10.1016/j.neunet.2025.107573,article,Neural Networks,https://openalex.org/W4410436024
Neural Networks,Elsevier,2025,2025-05-16,GCapNet-FSD: A heterogeneous Graph Capsule Network for Few-Shot object Detection,Jiaxu Leng; Qianru Chen; Taiyue Chen; Feng Gao; Ji Gan; Ji Gan; Changjun Gu; Xinbo Gao,189,,10.1016/j.neunet.2025.107570,https://doi.org/10.1016/j.neunet.2025.107570,article,Neural Networks,https://openalex.org/W4410452649
Neural Networks,Elsevier,2025,2025-05-16,Internal sensory models allow for balance control using muscle spindle acceleration feedback,Eric Maris,189,,10.1016/j.neunet.2025.107571,https://doi.org/10.1016/j.neunet.2025.107571,article,Neural Networks,https://openalex.org/W4410421691
Neural Networks,Elsevier,2025,2025-05-16,Multi-agent self-attention reinforcement learning for multi-USV hunting target,Shan Xue; Ning Zhao; Liqi Wang; Weidong Zhang; Jilan Zhang; Fengxian Zhu,189,,10.1016/j.neunet.2025.107574,https://doi.org/10.1016/j.neunet.2025.107574,article,Neural Networks,https://openalex.org/W4410431351
Neural Networks,Elsevier,2025,2025-05-17,Dual-stream interactive networks with pearson-mask awareness for multivariate time series forecasting,Junjie Ye; Jinhong Li; Chunna Zhao; Chengli Zhou; Xiaojun Zhou; Yaqun Huang,189,,10.1016/j.neunet.2025.107588,https://doi.org/10.1016/j.neunet.2025.107588,article,Neural Networks,https://openalex.org/W4410461192
Neural Networks,Elsevier,2025,2025-05-19,Adaptive Diversity Induced Reweighting for long-tailed classification,Xiaohua Chen; Yucan Zhou; H. B. Li; Haihui Fan; Qinghang Su; Weiping Wang,189,,10.1016/j.neunet.2025.107586,https://doi.org/10.1016/j.neunet.2025.107586,article,Neural Networks,https://openalex.org/W4410487461
Neural Networks,Elsevier,2025,2025-05-19,DeepART: Deep gradient-free local learning with adaptive resonance,Sasha Petrenko; Leonardo Enzo Brito da Silva; Donald C. Wunsch,190,,10.1016/j.neunet.2025.107580,https://doi.org/10.1016/j.neunet.2025.107580,article,Neural Networks,https://openalex.org/W4410483923
Neural Networks,Elsevier,2025,2025-05-19,Dual-structure community preserving network embedding,Xu Bai; Bilian Chen,189,,10.1016/j.neunet.2025.107592,https://doi.org/10.1016/j.neunet.2025.107592,article,Neural Networks,https://openalex.org/W4410494545
Neural Networks,Elsevier,2025,2025-05-19,PhyTransformer: A unified framework for learning spatial–temporal representation from physiological signals,Hongxin Li; Yaru Liu; Kun Liu; Yuke Qu; Wei Dai; Jingsheng Tang; Zongtan Zhou,189,,10.1016/j.neunet.2025.107578,https://doi.org/10.1016/j.neunet.2025.107578,article,Neural Networks,https://openalex.org/W4410494605
Neural Networks,Elsevier,2025,2025-05-19,"S2LIC: Learned image compression with the SwinV2 block, Adaptive Channel-wise and Global-inter attention Context",Yongqiang Wang; Haisheng Fu; Qi Cao; Shang Wang; Zhenjiao Chen; Feng Liang,189,,10.1016/j.neunet.2025.107590,https://doi.org/10.1016/j.neunet.2025.107590,article,Neural Networks,https://openalex.org/W4410478307
Neural Networks,Elsevier,2025,2025-05-20,Prompt-Enhanced: Leveraging language representation for prompt continual learning,Wei Li; D. M. Li; Shitong Shao; Kaizhu Huang; Zhen Lei,190,,10.1016/j.neunet.2025.107589,https://doi.org/10.1016/j.neunet.2025.107589,article,Neural Networks,https://openalex.org/W4410541514
Neural Networks,Elsevier,2025,2025-05-20,Taco-DDI: accurate prediction of drug-drug interaction events using graph transformer-based architecture and dynamic co-attention matrices,Jianbo Qiao; Xu Guo; Junru Jin; Ding Wang; Kaixiang Li; Wenjia Gao; Feifei Cui; Zilong Zhang; Hua Wang Shi; Leyi Wei,189,,10.1016/j.neunet.2025.107655,https://doi.org/10.1016/j.neunet.2025.107655,article,Neural Networks,https://openalex.org/W4410541485
Neural Networks,Elsevier,2025,2025-05-21,Dynamic Multi-scale Feature Integration Network for unsupervised MR-CT synthesis,Meng Tang; Jiuming Jiang; Xue Zhang; Tao Zhou; Yizhe Zhang; Bin Qiu; Li Zhang,189,,10.1016/j.neunet.2025.107584,https://doi.org/10.1016/j.neunet.2025.107584,article,Neural Networks,https://openalex.org/W4410557720
Neural Networks,Elsevier,2025,2025-05-21,Emergence of human-like attention and distinct head clusters in self-supervised vision transformers: A comparative eye-tracking study,Takuto Yamamoto; Hirosato Akahoshi; Shigeru Kitazawa,189,,10.1016/j.neunet.2025.107595,https://doi.org/10.1016/j.neunet.2025.107595,article,Neural Networks,https://openalex.org/W4410552147
Neural Networks,Elsevier,2025,2025-05-21,Learning contrastive semantic decomposition for visual grounding,Jie Wu; Jie Wu; Chunlei Wu; Yiwei Wei; Qinfu Xu; Faming Gong,190,,10.1016/j.neunet.2025.107593,https://doi.org/10.1016/j.neunet.2025.107593,article,Neural Networks,https://openalex.org/W4410552096
Neural Networks,Elsevier,2025,2025-05-21,Prototype-guided and dynamic-aware video anomaly detection,Chao Huang; Qianyi Li; Bob Zhang,189,,10.1016/j.neunet.2025.107583,https://doi.org/10.1016/j.neunet.2025.107583,article,Neural Networks,https://openalex.org/W4410557644
Neural Networks,Elsevier,2025,2025-05-21,Visual reasoning in object-centric deep neural networks: A comparative cognition approach,Guillermo Puebla; Jeffrey S. Bowers,189,,10.1016/j.neunet.2025.107582,https://doi.org/10.1016/j.neunet.2025.107582,article,Neural Networks,https://openalex.org/W4410552078
Neural Networks,Elsevier,2025,2025-05-22,Consensus synchronization via quantized iterative learning for coupled fractional-order time-delayed competitive neural networks with input sharing,T. Z. Han; Xingyu Zhou; Shuyu Zhang; Aibing Qiu,189,,10.1016/j.neunet.2025.107569,https://doi.org/10.1016/j.neunet.2025.107569,article,Neural Networks,https://openalex.org/W4410606130
Neural Networks,Elsevier,2025,2025-05-22,"Corrigendum to “Self-Referencing agents for unsupervised reinforcement learning” [Neural Networks Volume 188, August 2025, 107448]",Angxiao Zhao; Erle Zhu; Rui Lu; Matthieu Gaetan Lin; Yong‐Jin Liu; Gao Huang,189,,10.1016/j.neunet.2025.107632,https://doi.org/10.1016/j.neunet.2025.107632,erratum,Neural Networks,https://openalex.org/W4410611234
Neural Networks,Elsevier,2025,2025-05-22,Decoding split-frequency representation for cross-scale tracking,Yuanming Zhang; Hao Sun,189,,10.1016/j.neunet.2025.107587,https://doi.org/10.1016/j.neunet.2025.107587,article,Neural Networks,https://openalex.org/W4410595226
Neural Networks,Elsevier,2025,2025-05-22,Learning double balancing representation for heterogeneous dose–response curve estimation,Minqin Zhu; Anpeng Wu; Haoxuan Li; Ruoxuan Xiong; Bo Li; Fei Qing Wu; Kun Kuang,189,,10.1016/j.neunet.2025.107600,https://doi.org/10.1016/j.neunet.2025.107600,article,Neural Networks,https://openalex.org/W4410610592
Neural Networks,Elsevier,2025,2025-05-22,ReactDiff: Latent Diffusion for Facial Reaction Generation,Jiaming Li; Sheng Wang; Xin Wang; Yitao Zhu; Honglin Xiong; Zixu Zhuang; Qian Wang,189,,10.1016/j.neunet.2025.107596,https://doi.org/10.1016/j.neunet.2025.107596,article,Neural Networks,https://openalex.org/W4410616025
Neural Networks,Elsevier,2025,2025-05-22,Semantic-guided compositional scene representation framework,Qiang Liu; Qiulei Dong; Yangyong Zhang; Xiao Lu; Zhiguo Zhang; Yuqin Chen; Huanzhou Shu; Haixia Wang,190,,10.1016/j.neunet.2025.107598,https://doi.org/10.1016/j.neunet.2025.107598,article,Neural Networks,https://openalex.org/W4410596129
Neural Networks,Elsevier,2025,2025-05-22,VKAD: A novel fault detection and isolation model for uncertainty-aware industrial processes,Shengbin Zheng; Dechang Pi,189,,10.1016/j.neunet.2025.107664,https://doi.org/10.1016/j.neunet.2025.107664,article,Neural Networks,https://openalex.org/W4410616019
Neural Networks,Elsevier,2025,2025-05-23,Enhancing image-based virtual try-on with Multi-Controlled Diffusion Models,Weihao Luo; Zezhen Zeng; Yueqi Zhong,189,,10.1016/j.neunet.2025.107552,https://doi.org/10.1016/j.neunet.2025.107552,article,Neural Networks,https://openalex.org/W4410641357
Neural Networks,Elsevier,2025,2025-05-23,HMgNO: Hybrid multigrid neural operator with low-order numerical solver for partial differential equations,Yifan Hu; Weimin Zhang; Fukang Yin; Jianping Wu,190,,10.1016/j.neunet.2025.107649,https://doi.org/10.1016/j.neunet.2025.107649,article,Neural Networks,https://openalex.org/W4410629904
Neural Networks,Elsevier,2025,2025-05-23,Towards better text image machine translation with multimodal codebook and multi-stage training,Zhibin Lan; Jiawei Yu; Shiyu Liu; Junfeng Yao; Degen Huang; Jinsong Su,189,,10.1016/j.neunet.2025.107599,https://doi.org/10.1016/j.neunet.2025.107599,article,Neural Networks,https://openalex.org/W4410640334
Neural Networks,Elsevier,2025,2025-05-24,Adaptive learning algorithm and its convergence analysis with complex-valued error loss network,Guobing Qian; Bingqing Lin; Jiaojiao Mei; Junhui Qian; Shiyuan Wang,190,,10.1016/j.neunet.2025.107677,https://doi.org/10.1016/j.neunet.2025.107677,article,Neural Networks,https://openalex.org/W4410707405
Neural Networks,Elsevier,2025,2025-05-24,DiverseReID: Towards generalizable person re-identification via Dynamic Style Hallucination and decoupled domain experts,Jieru Jia; Huidi Xie; Qin Huang; Yantao Song; Peng Wu,189,,10.1016/j.neunet.2025.107602,https://doi.org/10.1016/j.neunet.2025.107602,article,Neural Networks,https://openalex.org/W4410711526
Neural Networks,Elsevier,2025,2025-05-24,Overlapping community detection via Layer-Jaccard similarity incorporated nonnegative matrix factorization,Zhijian Zhuo; Bilian Chen,189,,10.1016/j.neunet.2025.107601,https://doi.org/10.1016/j.neunet.2025.107601,article,Neural Networks,https://openalex.org/W4410701672
Neural Networks,Elsevier,2025,2025-05-25,Building connectome analysis tools with representation learning on neuronal skeleton and circuit topology,Minghui Liao; Guojia Wan; Wenbin Hu; Boxue X. Du,190,,10.1016/j.neunet.2025.107603,https://doi.org/10.1016/j.neunet.2025.107603,article,Neural Networks,https://openalex.org/W4410726354
Neural Networks,Elsevier,2025,2025-05-26,A classification method of motor imagery based on brain functional networks by fusing PLV and ECSP,Chunling Fan; Yuebin Song; Xiaoqian Mao,190,,10.1016/j.neunet.2025.107684,https://doi.org/10.1016/j.neunet.2025.107684,article,Neural Networks,https://openalex.org/W4410734734
Neural Networks,Elsevier,2025,2025-05-26,Cross-view self-supervised heterogeneous graph representation learning,Danfeng Zhao; Yanhao Chen; Wei Song; Qi He,190,,10.1016/j.neunet.2025.107681,https://doi.org/10.1016/j.neunet.2025.107681,article,Neural Networks,https://openalex.org/W4410740741
Neural Networks,Elsevier,2025,2025-05-26,Prompt-guided consistency learning for multi-label classification with incomplete labels,Shouwen Wang; Qian Wan; Zihan Zhang; Zhigang Zeng,190,,10.1016/j.neunet.2025.107604,https://doi.org/10.1016/j.neunet.2025.107604,article,Neural Networks,https://openalex.org/W4410739327
Neural Networks,Elsevier,2025,2025-05-27,A novel dynamic prescribed performance fuzzy-neural backstepping control for PMSM under step load,Xuechun Hu; Yu Xia; Zsófia Lendek; Jinde Cao; Radu‐Emil Precup,190,,10.1016/j.neunet.2025.107627,https://doi.org/10.1016/j.neunet.2025.107627,article,Neural Networks,https://openalex.org/W4410775064
Neural Networks,Elsevier,2025,2025-05-27,CURRENT EVENTS,,188,,10.1016/s0893-6080(25)00522-2,https://doi.org/10.1016/s0893-6080(25)00522-2,article,Neural Networks,https://openalex.org/W4410734871
Neural Networks,Elsevier,2025,2025-05-27,Editorial Board,,188,,10.1016/s0893-6080(25)00518-0,https://doi.org/10.1016/s0893-6080(25)00518-0,paratext,Neural Networks,https://openalex.org/W4410734881
Neural Networks,Elsevier,2025,2025-05-27,Embedding Space Allocation with Angle-Norm Joint Classifiers for few-shot class-incremental learning,Dunwei Tu; Huiyu Yi; Tieyi Zhang; Ruotong Li; Furao Shen; Jian Ying Zhao,190,,10.1016/j.neunet.2025.107608,https://doi.org/10.1016/j.neunet.2025.107608,article,Neural Networks,https://openalex.org/W4410790561
Neural Networks,Elsevier,2025,2025-05-27,Fine-grained hierarchical dynamics for image harmonization,Peng He; Jun Yu; Liuxue Ju; Fang Gao,190,,10.1016/j.neunet.2025.107618,https://doi.org/10.1016/j.neunet.2025.107618,article,Neural Networks,https://openalex.org/W4410840510
Neural Networks,Elsevier,2025,2025-05-27,Frequency Self-Adaptation Graph Neural Network for Unsupervised Graph Anomaly Detection,Ming Gu; Gaoming Yang; Zhuonan Zheng; Meihan Liu; Haishuai Wang; Jiawei Chen; Sheng Zhou; Jiajun Bu,190,,10.1016/j.neunet.2025.107612,https://doi.org/10.1016/j.neunet.2025.107612,article,Neural Networks,https://openalex.org/W4410774772
Neural Networks,Elsevier,2025,2025-05-27,HLGNet: High-Light Guided Network for low-light instance segmentation with spatial-frequency domain enhancement,Huaping Zhou; Tao Wu; Kelei Sun; Jin Wu; Bin Deng; Xueseng Zhang,190,,10.1016/j.neunet.2025.107613,https://doi.org/10.1016/j.neunet.2025.107613,article,Neural Networks,https://openalex.org/W4410773800
Neural Networks,Elsevier,2025,2025-05-27,INN/ENNS/JNNS - Membership Applic. Form,,188,,10.1016/s0893-6080(25)00523-4,https://doi.org/10.1016/s0893-6080(25)00523-4,article,Neural Networks,https://openalex.org/W4410734891
Neural Networks,Elsevier,2025,2025-05-27,MOAL: Multi-view Out-of-distribution Awareness Learning,Xuzheng Wang; Zihan Fang; Shide Du; Wenzhong Guo; Shiping Wang,190,,10.1016/j.neunet.2025.107581,https://doi.org/10.1016/j.neunet.2025.107581,article,Neural Networks,https://openalex.org/W4410769320
Neural Networks,Elsevier,2025,2025-05-27,Minimal sufficient views: A DNN model making predictions with more evidence has higher accuracy,Keisuke Kawano; Takuro Kutsuna; Keisuke Sano,190,,10.1016/j.neunet.2025.107610,https://doi.org/10.1016/j.neunet.2025.107610,article,Neural Networks,https://openalex.org/W4410767797
Neural Networks,Elsevier,2025,2025-05-27,Optimizing connectivity through network gradients for Restricted Boltzmann Machines,Amanda Camacho Novaes de Oliveira; Daniel R. Figueiredo,190,,10.1016/j.neunet.2025.107486,https://doi.org/10.1016/j.neunet.2025.107486,article,Neural Networks,https://openalex.org/W4410774748
Neural Networks,Elsevier,2025,2025-05-27,Real-time fine finger motion decoding for transradial amputees with surface electromyography,Zihan Weng; Xiao Fang Yang; Peiyang Li; Chanlin Yi; Pouya Bashivan; Hailin Ma; Guang Yao; Yuan Lin; Fali Li; Dezhong Yao; Jingming Hou; Yangsong Zhang; Peng Xu,190,,10.1016/j.neunet.2025.107605,https://doi.org/10.1016/j.neunet.2025.107605,article,Neural Networks,https://openalex.org/W4410790608
Neural Networks,Elsevier,2025,2025-05-27,Recognizing human–object interactions in videos with the supervision of natural language,Qiyue Li; Xuemei Xie; Zhang Jin; Guangming Shi,190,,10.1016/j.neunet.2025.107606,https://doi.org/10.1016/j.neunet.2025.107606,article,Neural Networks,https://openalex.org/W4410773480
Neural Networks,Elsevier,2025,2025-05-27,Spurious reconstruction from brain activity,Ken Shirakawa; Yoshihiro Nagano; Misato Tanaka; Shuntaro Aoki; Y. Muraki; Kei Majima; Yukiyasu Kamitani,190,,10.1016/j.neunet.2025.107515,https://doi.org/10.1016/j.neunet.2025.107515,article,Neural Networks,https://openalex.org/W4410762829
Neural Networks,Elsevier,2025,2025-05-27,Task augmentation via channel mixture for few-task meta-learning,Jiangdong Fan; Y. Li; Jinglei Bi; Hui Xu; Jie Shao,190,,10.1016/j.neunet.2025.107609,https://doi.org/10.1016/j.neunet.2025.107609,article,Neural Networks,https://openalex.org/W4410785937
Neural Networks,Elsevier,2025,2025-05-28,Adaptive pooling with dual-stage fusion for skeleton-based action recognition,Cong Wu; Cong Wu; Xiao-Jun Wu; Tianyang Xu; Josef Kittler,190,,10.1016/j.neunet.2025.107615,https://doi.org/10.1016/j.neunet.2025.107615,article,Neural Networks,https://openalex.org/W4410835535
Neural Networks,Elsevier,2025,2025-05-28,Group-wise relation mining for weakly-supervised fine-grained multimodal emotion recognition,Xiyuan Jin; Jing Wang; Huaiyu Qin; Xiaojun Ning; Tianzuo Xin; Youfang Lin,190,,10.1016/j.neunet.2025.107543,https://doi.org/10.1016/j.neunet.2025.107543,article,Neural Networks,https://openalex.org/W4410796216
Neural Networks,Elsevier,2025,2025-05-28,Potential region attention network for RGB-D salient object detection,Dawei Song; Yuan Yuan; Xuelong Li,190,,10.1016/j.neunet.2025.107620,https://doi.org/10.1016/j.neunet.2025.107620,article,Neural Networks,https://openalex.org/W4410835542
Neural Networks,Elsevier,2025,2025-05-28,Real-world blind super-resolution using stereoscopic feature and coupled optimization,Guangyi Ji; Xiao Guang Hu,190,,10.1016/j.neunet.2025.107621,https://doi.org/10.1016/j.neunet.2025.107621,article,Neural Networks,https://openalex.org/W4410813673
Neural Networks,Elsevier,2025,2025-05-28,ST-GTrans: Spatio-temporal graph transformer with road network semantic awareness for traffic flow prediction,Pingping Dong; Xiaoning Zhang,190,,10.1016/j.neunet.2025.107623,https://doi.org/10.1016/j.neunet.2025.107623,article,Neural Networks,https://openalex.org/W4410813166
Neural Networks,Elsevier,2025,2025-05-29,Boosting lightweight single image super-resolution via global prior feature,Rui He; Zhenyang Zhu; Xiaoyang Mao,190,,10.1016/j.neunet.2025.107619,https://doi.org/10.1016/j.neunet.2025.107619,article,Neural Networks,https://openalex.org/W4410842594
Neural Networks,Elsevier,2025,2025-05-29,Controllability of Indu-Bala product networks,Qiang Frankie Zhang; Junjie Huang; Bo Liu; Housheng Su; Alatancang Chen,190,,10.1016/j.neunet.2025.107622,https://doi.org/10.1016/j.neunet.2025.107622,article,Neural Networks,https://openalex.org/W4410856536
Neural Networks,Elsevier,2025,2025-05-29,Corrigendum to “Implementing feature binding through dendritic networks of a single neuron” [Neural Networks(2025) 107555],Yuanhong Tang; Shanshan Jia; Tiejun Huang; Zhaofei Yu; Jian K. Liu,190,,10.1016/j.neunet.2025.107680,https://doi.org/10.1016/j.neunet.2025.107680,erratum,Neural Networks,https://openalex.org/W4410849194
Neural Networks,Elsevier,2025,2025-05-29,HyTract: Advancing tractography for neurosurgical planning with a hybrid method integrating neural networks and a path search algorithm,Mateusz Koryciński; Konrad A. Ciecierski; Ewa Niewiadomska‐Szynkiewicz,190,,10.1016/j.neunet.2025.107624,https://doi.org/10.1016/j.neunet.2025.107624,article,Neural Networks,https://openalex.org/W4410858374
Neural Networks,Elsevier,2025,2025-05-29,Learning spatio-temporal representation for cooperative 3D object detection and tracking,Libin Xu; Yingping Huang,190,,10.1016/j.neunet.2025.107626,https://doi.org/10.1016/j.neunet.2025.107626,article,Neural Networks,https://openalex.org/W4410870795
Neural Networks,Elsevier,2025,2025-05-29,Multi-feature balanced network for clothes-changing person re-identification,Mengqing Mei; Chun Ye; Zhiwei Ỹe; Fangyi Liu; Mang Ye; Lingyu Yan; Liye Mei; Ziyuan Chen,190,,10.1016/j.neunet.2025.107617,https://doi.org/10.1016/j.neunet.2025.107617,article,Neural Networks,https://openalex.org/W4410858380
Neural Networks,Elsevier,2025,2025-05-29,SASD-MCL: Semi-supervised alignment self-distillation with mixed contrastive learning for cross-subject EEG emotion recognition,Yong Zhang; Wen‐Yun Chen; Xingxing Cai; Cheng Cheng,190,,10.1016/j.neunet.2025.107614,https://doi.org/10.1016/j.neunet.2025.107614,article,Neural Networks,https://openalex.org/W4410856928
Neural Networks,Elsevier,2025,2025-05-30,Effects of mixed sample data augmentation on interpretability of neural networks,Soyoun Won; Sung‐Ho Bae; Seong Tae Kim,190,,10.1016/j.neunet.2025.107611,https://doi.org/10.1016/j.neunet.2025.107611,article,Neural Networks,https://openalex.org/W4410882882
Neural Networks,Elsevier,2025,2025-05-30,Self-supervised brain lesion generation for effective data augmentation of medical images,Jiayu Huo; Sébastien Ourselin; Rachel E. Sparks,190,,10.1016/j.neunet.2025.107629,https://doi.org/10.1016/j.neunet.2025.107629,article,Neural Networks,https://openalex.org/W4410878139
Neural Networks,Elsevier,2025,2025-05-31,Advancing the Biological Plausibility and Efficacy of Hebbian Convolutional Neural Networks,Joanne Nimmo; Esther Mondragón,190,,10.1016/j.neunet.2025.107628,https://doi.org/10.1016/j.neunet.2025.107628,article,Neural Networks,https://openalex.org/W4410917772
Neural Networks,Elsevier,2025,2025-05-31,CDAFormer: Hybrid Transformer-based contrastive domain adaptation framework for unsupervised hyperspectral change detection,Jiahui Qu; Jingyu Zhao; Wenqian Dong; Jie He; Zan Li; Yunsong Li,190,,10.1016/j.neunet.2025.107633,https://doi.org/10.1016/j.neunet.2025.107633,article,Neural Networks,https://openalex.org/W4410909625
Neural Networks,Elsevier,2025,2025-05-31,Dynamic event-triggered H ∞ state estimation for discrete-time complex-valued memristive neural networks with mixed time delays,Yufei Liu; Bo Shen; Hongjian Liu; Tingwen Huang; Hailong Tan; Jie Sun,190,,10.1016/j.neunet.2025.107631,https://doi.org/10.1016/j.neunet.2025.107631,article,Neural Networks,https://openalex.org/W4410921530
Neural Networks,Elsevier,2025,2025-05-31,Graph positive-unlabeled learning via Bootstrapping Label Disambiguation,Chunquan Liang; Luyue Wang; Xinyuan Feng; Yuying Cheng; Mei Li; Shirui Pan; Hongming Zhang,190,,10.1016/j.neunet.2025.107630,https://doi.org/10.1016/j.neunet.2025.107630,article,Neural Networks,https://openalex.org/W4410909605
Neural Networks,Elsevier,2025,2025-06-02,Corrigendum to “Noise-resistant predefined-time convergent ZNN models for dynamic least squares and multi-agent systems” [Neural Networks 187 (2025) 107412],Yiwei Li; Jiaxin Liu; Lei Jia; Liangze Yin; Xingpei Li; Yong Zhang,190,,10.1016/j.neunet.2025.107689,https://doi.org/10.1016/j.neunet.2025.107689,erratum,Neural Networks,https://openalex.org/W4410951876
Neural Networks,Elsevier,2025,2025-06-03,Community-influencing path explanation for link prediction in heterogeneous graph neural network,Yanhong Wen; Yuhua Li; Yixiong Zou; Kai Shu; Han Chen; Ziwen Zhao; Jinxian Ye; Quan Fu; Ruixuan Li,190,,10.1016/j.neunet.2025.107645,https://doi.org/10.1016/j.neunet.2025.107645,article,Neural Networks,https://openalex.org/W4410990384
Neural Networks,Elsevier,2025,2025-06-03,Feature-decorrelation adaptive contrastive learning for knowledge-aware recommendation,Tong Cai; Yihao Zhang; Kaibei Li; Xiaokang Li; Xibin Wang,190,,10.1016/j.neunet.2025.107646,https://doi.org/10.1016/j.neunet.2025.107646,article,Neural Networks,https://openalex.org/W4411001481
Neural Networks,Elsevier,2025,2025-06-03,From ReLU to GeMU: Activation functions in the lens of cone projection,Jiayun Li; Yuxiao Cheng; Yiwen Lu; Zhuofan Xia; Y. J. Mo; Gao Ming Huang,190,,10.1016/j.neunet.2025.107654,https://doi.org/10.1016/j.neunet.2025.107654,article,Neural Networks,https://openalex.org/W4410980172
Neural Networks,Elsevier,2025,2025-06-03,Incomplete multi-view clustering via efficient anchor tensor recovery framework,Jintian Ji; Songhe Feng; Jie Huang; T. C. Wei; Xiang Feng; Pinlei Lv; Bing Li,190,,10.1016/j.neunet.2025.107652,https://doi.org/10.1016/j.neunet.2025.107652,article,Neural Networks,https://openalex.org/W4410980020
Neural Networks,Elsevier,2025,2025-06-03,Supervised contrastive learning with prototype distillation for data incremental learning,Suorong Yang; Tianyue Zhang; Zhiming Xu; Peijia Li; Baile Xu; Furao Shen; Jian Ying Zhao,190,,10.1016/j.neunet.2025.107651,https://doi.org/10.1016/j.neunet.2025.107651,article,Neural Networks,https://openalex.org/W4410991348
Neural Networks,Elsevier,2025,2025-06-04,Consensus multi-view spectral clustering network with unified similarity,Yang Zhao; Daidai Zhu; Aihong Yuan; Xuelong Li,190,,10.1016/j.neunet.2025.107647,https://doi.org/10.1016/j.neunet.2025.107647,article,Neural Networks,https://openalex.org/W4411011042
Neural Networks,Elsevier,2025,2025-06-04,Differentially Private Multimodal Laplacian Dropout (DP-MLD) for EEG representative learning,Xiaowen Fu; Bingxin Wang; Xinzhou Guo; Guoqing Liu; Yang Xiang,190,,10.1016/j.neunet.2025.107657,https://doi.org/10.1016/j.neunet.2025.107657,article,Neural Networks,https://openalex.org/W4411010437
Neural Networks,Elsevier,2025,2025-06-04,Fast yet versatile machine unlearning for deep neural networks,Kongyang Chen; Dongping Zhang; Bing Mi; Yao Huang; Жипенг Ли,190,,10.1016/j.neunet.2025.107648,https://doi.org/10.1016/j.neunet.2025.107648,article,Neural Networks,https://openalex.org/W4411021601
Neural Networks,Elsevier,2025,2025-06-04,Intra-head pruning for vision transformers via inter-layer dimension relationship modeling,Peng Zhang; Cong Tian; Liang Zhao; Zhenhua Duan,190,,10.1016/j.neunet.2025.107656,https://doi.org/10.1016/j.neunet.2025.107656,article,Neural Networks,https://openalex.org/W4411010850
Neural Networks,Elsevier,2025,2025-06-04,Progressive discretization for generative retrieval: A self-supervised approach to high-quality DocID generation,Shunyu Yao; Jie Hu; Zhiyuan Zhang; Dan Liu,190,,10.1016/j.neunet.2025.107663,https://doi.org/10.1016/j.neunet.2025.107663,article,Neural Networks,https://openalex.org/W4411022336
Neural Networks,Elsevier,2025,2025-06-05,A generalized defect-data-free defect inspection method based on image reconstruction and anomaly detection,Minjie Du; Siqi Gu; Zihan Qin; Lizhe Xie; Zheng Wang; Yining Hu,190,,10.1016/j.neunet.2025.107662,https://doi.org/10.1016/j.neunet.2025.107662,article,Neural Networks,https://openalex.org/W4411047539
Neural Networks,Elsevier,2025,2025-06-05,Adaptive receptive field graph neural networks,Hepeng Gao; Funing Yang; Yongjian Yang; Yuanbo Xu; Yijun Su,190,,10.1016/j.neunet.2025.107658,https://doi.org/10.1016/j.neunet.2025.107658,article,Neural Networks,https://openalex.org/W4411048537
Neural Networks,Elsevier,2025,2025-06-05,Data prioritization aware resource allocation in internet of vehicles using multi-agent deep reinforcement learning,Cong Wang; Yingshan Guan; Sancheng Peng; Hao Chen; Guorui Li,190,,10.1016/j.neunet.2025.107671,https://doi.org/10.1016/j.neunet.2025.107671,article,Neural Networks,https://openalex.org/W4411049285
Neural Networks,Elsevier,2025,2025-06-05,Dynamic periodic event-triggered control of stochastic complex networks with time-varying delays,Xuetao Yang; Anjie Li; Quanxin Zhu,190,,10.1016/j.neunet.2025.107659,https://doi.org/10.1016/j.neunet.2025.107659,article,Neural Networks,https://openalex.org/W4411048769
Neural Networks,Elsevier,2025,2025-06-05,Enhancing partition distinction: A contrastive policy to recommendation unlearning,Lin Li; Shengda Zhuo; Hongguang Lin; Jinchun He; Wangjie Qiu; Qinnan Zhang; Chang‐Dong Wang; Shuqiang Huang,190,,10.1016/j.neunet.2025.107667,https://doi.org/10.1016/j.neunet.2025.107667,article,Neural Networks,https://openalex.org/W4411049083
Neural Networks,Elsevier,2025,2025-06-05,HCD: A Hierarchy Constraint-Aware Neural Cognitive Diagnosis Framework,Xinjie Sun; Qi Liu; Kai Zhang; Shuanghong Shen; Fei Wang; Yan Zhuang; Zheng Zhang; Weiyin Gong; Shijin Wang; Lina Yang; Xingying Huo,190,,10.1016/j.neunet.2025.107668,https://doi.org/10.1016/j.neunet.2025.107668,article,Neural Networks,https://openalex.org/W4411048972
Neural Networks,Elsevier,2025,2025-06-05,LUFormer : A luminance-informed localized transformer with frequency augmentation for nighttime flare removal,Wei Lü; He Zhao; Di Ma; Peiguang Jing,190,,10.1016/j.neunet.2025.107660,https://doi.org/10.1016/j.neunet.2025.107660,article,Neural Networks,https://openalex.org/W4411048971
Neural Networks,Elsevier,2025,2025-06-05,Predicting the directed acyclic graph based on feature extraction,Qiying Wu; Huiwen Wang,190,,10.1016/j.neunet.2025.107661,https://doi.org/10.1016/j.neunet.2025.107661,article,Neural Networks,https://openalex.org/W4411048503
Neural Networks,Elsevier,2025,2025-06-06,BEVFix: Deep feature enhancement for robust 3D object detection,Wenxuan Li; Jian Zhou; Chi Chen; Hongkai Yu; Bo Du; Qin Zou,190,,10.1016/j.neunet.2025.107675,https://doi.org/10.1016/j.neunet.2025.107675,article,Neural Networks,https://openalex.org/W4411093957
Neural Networks,Elsevier,2025,2025-06-06,LaTP: LiDAR-aided multimodal token pruning for efficient trajectory prediction of autonomous driving,Yantao Lu; Shiqi Sun; Ning Liu; Bo Jiang; Yilan Li; Jinchao Chen; Ying Zhang; Yichen Zhu; Senem Velipasalar,190,,10.1016/j.neunet.2025.107673,https://doi.org/10.1016/j.neunet.2025.107673,article,Neural Networks,https://openalex.org/W4411083203
Neural Networks,Elsevier,2025,2025-06-06,Rect-ViT: Rectified attention via feature attribution can improve the adversarial robustness of Vision Transformers,Xu Kang; Bin Song,190,,10.1016/j.neunet.2025.107666,https://doi.org/10.1016/j.neunet.2025.107666,article,Neural Networks,https://openalex.org/W4411104628
Neural Networks,Elsevier,2025,2025-06-07,CURRENT EVENTS,,189,,10.1016/s0893-6080(25)00601-x,https://doi.org/10.1016/s0893-6080(25)00601-x,article,Neural Networks,https://openalex.org/W4411112416
Neural Networks,Elsevier,2025,2025-06-07,Collaborate large and small language models for multi-modal emergency rumor detection,Youcheng Yan; Jinshuo Liu; Juan Deng; Junyan Li; Lina Wang; Jeff Z. Pan,190,,10.1016/j.neunet.2025.107625,https://doi.org/10.1016/j.neunet.2025.107625,article,Neural Networks,https://openalex.org/W4411111545
Neural Networks,Elsevier,2025,2025-06-07,Editorial Board,,189,,10.1016/s0893-6080(25)00598-2,https://doi.org/10.1016/s0893-6080(25)00598-2,paratext,Neural Networks,https://openalex.org/W4411112382
Neural Networks,Elsevier,2025,2025-06-07,Finite time dynamic analysis of memristor-based fuzzy NNs with inertial term: Nonreduced-order approach,Yuxin Jiang; Song Zhu; Mouquan Shen; Shiping Wen; Chaoxu Mu,190,,10.1016/j.neunet.2025.107672,https://doi.org/10.1016/j.neunet.2025.107672,article,Neural Networks,https://openalex.org/W4411114628
Neural Networks,Elsevier,2025,2025-06-07,INN/ENNS/JNNS - Membership Applic. Form,,189,,10.1016/s0893-6080(25)00602-1,https://doi.org/10.1016/s0893-6080(25)00602-1,article,Neural Networks,https://openalex.org/W4411112354
Neural Networks,Elsevier,2025,2025-06-07,Node transfer with graph contrastive learning for class-imbalanced node classification,Yangding Li; Xiangchao Zhao; Yangyang Zeng; Hao Feng; Jiawei Chai; Hao Xie; Shaobin Fu; Shichao Zhang,190,,10.1016/j.neunet.2025.107674,https://doi.org/10.1016/j.neunet.2025.107674,article,Neural Networks,https://openalex.org/W4411114697
Neural Networks,Elsevier,2025,2025-06-07,Private image synthesis of latent diffusion model with the ciphertext of prompt,Guanghui He; Yanli Ren; Gaojian Li; Guorui Feng; Xinpeng Zhang,190,,10.1016/j.neunet.2025.107678,https://doi.org/10.1016/j.neunet.2025.107678,article,Neural Networks,https://openalex.org/W4411114805
Neural Networks,Elsevier,2025,2025-06-09,A hyper-heuristic enhanced neuro-evolutionary algorithm with self-adaptive operators and various activation functions for classification problems,Fehmi Burçin Özsoydan; İlker Gölcük; Esra Duygu Durmaz,190,,10.1016/j.neunet.2025.107751,https://doi.org/10.1016/j.neunet.2025.107751,article,Neural Networks,https://openalex.org/W4411137709
Neural Networks,Elsevier,2025,2025-06-09,Information-theoretic complementary prompts for improved continual text classification,Duzhen Zhang; Duzhen Zhang; Yong Sheng Ren; Chenxing Li; Yu Dong; Tielin Zhang,190,,10.1016/j.neunet.2025.107676,https://doi.org/10.1016/j.neunet.2025.107676,article,Neural Networks,https://openalex.org/W4411148536
Neural Networks,Elsevier,2025,2025-06-09,Prediction of functional neural circuits in caenorhabditis elegans based on overlapping community detection,Xuebin Wang; Ruixue Qin; Ke Zhang; Zengru Di; Qiang Liu; He Liu,190,,10.1016/j.neunet.2025.107653,https://doi.org/10.1016/j.neunet.2025.107653,article,Neural Networks,https://openalex.org/W4411148745
Neural Networks,Elsevier,2025,2025-06-09,Relation prediction in knowledge graphs: A self-organizing neural network approach,Budhitama Subagdja; D. Shanthoshigaa; Ah‐Hwee Tan,190,,10.1016/j.neunet.2025.107679,https://doi.org/10.1016/j.neunet.2025.107679,article,Neural Networks,https://openalex.org/W4411137743
Neural Networks,Elsevier,2025,2025-06-10,AnimalRTPose: Faster cross-species real-time animal pose estimation,Xin Wu; Lianming Wang; Jipeng Huang,190,,10.1016/j.neunet.2025.107685,https://doi.org/10.1016/j.neunet.2025.107685,article,Neural Networks,https://openalex.org/W4411164018
Neural Networks,Elsevier,2025,2025-06-10,Flashbacks to harmonize stability and plasticity in continual learning,Leila Mahmoodi; Peyman Moghadam; Munawar Hayat; Christian Simon; Mehrtash Tafazzoli Harandi,190,,10.1016/j.neunet.2025.107616,https://doi.org/10.1016/j.neunet.2025.107616,article,Neural Networks,https://openalex.org/W4411176908
Neural Networks,Elsevier,2025,2025-06-10,Gradient domain model-driven algorithm unfolding network for blind image deblurring,Zheng Guo; Zirui Zhang; Wei Yan; Zhixiang Wu; Zhenhua Xu; Huasong Chen; Yunjing Ji; Chunyong Wang; Jiancheng Lai; Zhenhua Li,190,,10.1016/j.neunet.2025.107683,https://doi.org/10.1016/j.neunet.2025.107683,article,Neural Networks,https://openalex.org/W4411177838
Neural Networks,Elsevier,2025,2025-06-10,Multimodal learning rebalanced: Negative correlation ensembles for improved performance,Zhixian Wang; Tao Zhang; Wu Xin Huang,190,,10.1016/j.neunet.2025.107686,https://doi.org/10.1016/j.neunet.2025.107686,article,Neural Networks,https://openalex.org/W4411164544
Neural Networks,Elsevier,2025,2025-06-10,Neuromimetic metaplasticity for adaptive continual learning without catastrophic forgetting,Suhee Cho; Hyeonsu Lee; Seungdae Baek; Se‐Bum Paik,190,,10.1016/j.neunet.2025.107762,https://doi.org/10.1016/j.neunet.2025.107762,article,Neural Networks,https://openalex.org/W4411330162
Neural Networks,Elsevier,2025,2025-06-10,Prototype-Neighbor Networks with task-specific enhanced meta-learning for few-shot classification,Zhen Jiang; Zeyu Feng; Bolin Niu,190,,10.1016/j.neunet.2025.107761,https://doi.org/10.1016/j.neunet.2025.107761,article,Neural Networks,https://openalex.org/W4411176686
Neural Networks,Elsevier,2025,2025-06-10,Rescaled three-mode principal component analysis: An approach to subspace recovery,Mingli Wang; Mingli Wang; Junbin Gao; Xinwei Jiang; Chunlong Hu; Qi Feng; Tianjiang Wang,190,,10.1016/j.neunet.2025.107670,https://doi.org/10.1016/j.neunet.2025.107670,article,Neural Networks,https://openalex.org/W4411166112
Neural Networks,Elsevier,2025,2025-06-11,Incomplete graph learning: A comprehensive survey,Riting Xia; Huibo Liu; Anchen Li; Xueyan Liu; Yan Zhang; Chunxu Zhang; Bo Yang,190,,10.1016/j.neunet.2025.107682,https://doi.org/10.1016/j.neunet.2025.107682,article,Neural Networks,https://openalex.org/W4411201795
Neural Networks,Elsevier,2025,2025-06-11,Sharpening semantic gradient in a planarized sentence representation,Caiwei Yang; Yanping Chen; Shuai Yu; Bo Dong; Jiwei Qin,190,,10.1016/j.neunet.2025.107687,https://doi.org/10.1016/j.neunet.2025.107687,article,Neural Networks,https://openalex.org/W4411318845
Neural Networks,Elsevier,2025,2025-06-12,A connectomics-driven analysis reveals novel characterization of border regions in mouse visual cortex,Neehal Tumma; Linghao Kong; Shashata Sawmya; Tony T. Wang; Nir Shavit,190,,10.1016/j.neunet.2025.107688,https://doi.org/10.1016/j.neunet.2025.107688,article,Neural Networks,https://openalex.org/W4411227965
Neural Networks,Elsevier,2025,2025-06-12,Stability of delayed systems with R-L fractional order and application to synchronization in networks with delayed impulses,Xiaofei Xing; Lifei Wang; Huaiqin Wu; Jinde Cao; Xiao Peng,190,,10.1016/j.neunet.2025.107690,https://doi.org/10.1016/j.neunet.2025.107690,article,Neural Networks,https://openalex.org/W4411251517
Neural Networks,Elsevier,2025,2025-06-13,A general analog solver of linear and quadratic programming in one step,Sichun Du; Yu Dong; Pingdan Xiao; Zhengmiao Wei; Qinghui Hong,190,,10.1016/j.neunet.2025.107698,https://doi.org/10.1016/j.neunet.2025.107698,article,Neural Networks,https://openalex.org/W4411265277
Neural Networks,Elsevier,2025,2025-06-13,Burst denoising transformer with multi-task optical flow estimation,Sicheng Pan; Yingming Li,190,,10.1016/j.neunet.2025.107696,https://doi.org/10.1016/j.neunet.2025.107696,article,Neural Networks,https://openalex.org/W4411276595
Neural Networks,Elsevier,2025,2025-06-13,"LEESDFormer: A lightweight unsupervised CNN-Transformer-based curve estimation network for low-light image enhancement, exposure suppression, and denoising",Rui Chun He; Xuanhe Li; Jian Wu,190,,10.1016/j.neunet.2025.107764,https://doi.org/10.1016/j.neunet.2025.107764,article,Neural Networks,https://openalex.org/W4411264395
Neural Networks,Elsevier,2025,2025-06-13,Structure regularized consensus dynamic anchor graph learning for incomplete multi-view clustering,Bing Hu; Lixin Han; Yi Xu; Chang Tang; Junxing Zhu; Gui-Fu Lu,190,,10.1016/j.neunet.2025.107765,https://doi.org/10.1016/j.neunet.2025.107765,article,Neural Networks,https://openalex.org/W4411276806
Neural Networks,Elsevier,2025,2025-06-13,Transfer learning-motivated intelligent fault diagnosis framework for cross-domain knowledge distillation,Penghao Wu; Engang Tian; Hongfeng Tao; Yiyang Chen,190,,10.1016/j.neunet.2025.107699,https://doi.org/10.1016/j.neunet.2025.107699,article,Neural Networks,https://openalex.org/W4411261516
Neural Networks,Elsevier,2025,2025-06-14,Convergent adaptive control based prescribed-time synchronization of switched fuzzy competitive network systems with time-varying delays,Dongdong Gao; Fanchao Kong; Tingwen Huang,190,,10.1016/j.neunet.2025.107691,https://doi.org/10.1016/j.neunet.2025.107691,article,Neural Networks,https://openalex.org/W4411307050
Neural Networks,Elsevier,2025,2025-06-14,Diffusion policy distillation for offline reinforcement learning,Jiazhi Zhang; Yuhu Cheng; C. L. Philip Chen; Hengrui Zhang; Xuesong Wang,190,,10.1016/j.neunet.2025.107694,https://doi.org/10.1016/j.neunet.2025.107694,article,Neural Networks,https://openalex.org/W4411297558
Neural Networks,Elsevier,2025,2025-06-14,MGNet: RGBT tracking via cross-modality cross-region mutual guidance,Jianming Zhang; Jing Yang; Yu Qin; Zhu Qiang Xiao; Jin Wang,190,,10.1016/j.neunet.2025.107707,https://doi.org/10.1016/j.neunet.2025.107707,article,Neural Networks,https://openalex.org/W4411300412
Neural Networks,Elsevier,2025,2025-06-14,MTCM: Multi-context temporal consistent modeling for referring video object segmentation,Sun-Hyuk Choi; Hayoung Jo; Seong–Whan Lee,190,,10.1016/j.neunet.2025.107701,https://doi.org/10.1016/j.neunet.2025.107701,article,Neural Networks,https://openalex.org/W4411306444
Neural Networks,Elsevier,2025,2025-06-14,Physics-informed neural networks for solving inverse problems in phase field models,Bo-Wei Zhao; Dongke Sun; Hong‐Hui Wu; Chao Qin; Qingguo Fei,190,,10.1016/j.neunet.2025.107665,https://doi.org/10.1016/j.neunet.2025.107665,article,Neural Networks,https://openalex.org/W4411297531
Neural Networks,Elsevier,2025,2025-06-14,Scalable one-pass multi-view clustering with tensorized multiscale bipartite graphs fusion,Fei Wang; Gui‐Fu Lu,190,,10.1016/j.neunet.2025.107669,https://doi.org/10.1016/j.neunet.2025.107669,article,Neural Networks,https://openalex.org/W4411300309
Neural Networks,Elsevier,2025,2025-06-14,sEntIMeldCL: Enhancing explicit knowledge via Uniform-based Implicit Contrastive Mechanism for Aspect-Level Sentiment Analysis,Khwaja Mutahir Ahmad; Qiao Liu; Abdullah Aman Khan; Renning Pang; Tingting Dai; Yanglei Gan,191,,10.1016/j.neunet.2025.107711,https://doi.org/10.1016/j.neunet.2025.107711,article,Neural Networks,https://openalex.org/W4411297631
Neural Networks,Elsevier,2025,2025-06-15,Adversarial regularized diffusion model for fair recommendations,Ran Yang; Yihao Zhang; Kaibei Li; Qinyang He; Xiaokang Li; Wei Guo Zhou,190,,10.1016/j.neunet.2025.107695,https://doi.org/10.1016/j.neunet.2025.107695,article,Neural Networks,https://openalex.org/W4411312466
Neural Networks,Elsevier,2025,2025-06-15,ESCAN: Efficient GPU sharing for cascade neural network inference,Jianan Wang; Yang Shi; Zhaoyun Chen; Mei Wen,190,,10.1016/j.neunet.2025.107703,https://doi.org/10.1016/j.neunet.2025.107703,article,Neural Networks,https://openalex.org/W4411312580
Neural Networks,Elsevier,2025,2025-06-15,Foster noisy label learning by exploiting noise-induced distortion in foreground localization,Ang Chen; Feng Xu; Xin Lyu; Tao Fang Zeng; Xin Li,191,,10.1016/j.neunet.2025.107712,https://doi.org/10.1016/j.neunet.2025.107712,article,Neural Networks,https://openalex.org/W4411315313
Neural Networks,Elsevier,2025,2025-06-16,BRSR-OpGAN: Blind radar signal restoration using operational generative adversarial network,Muhammad Uzair Zahid; Serkan Kıranyaz; Alper Yıldırım; Moncef Gabbouj,190,,10.1016/j.neunet.2025.107709,https://doi.org/10.1016/j.neunet.2025.107709,article,Neural Networks,https://openalex.org/W4411331304
Neural Networks,Elsevier,2025,2025-06-16,Bridging the gap between ratings and true user opinions with dynamic review alignment for personalized recommendation,Xinyu Liu; Jinxia Guo; Qirui Hao; Hongliang Wang; Zhongjing Yu; Qinli Yang; Junming Shao,191,,10.1016/j.neunet.2025.107706,https://doi.org/10.1016/j.neunet.2025.107706,article,Neural Networks,https://openalex.org/W4411343146
Neural Networks,Elsevier,2025,2025-06-16,Counterfactual value decomposition for cooperative multi-agent reinforcement learning,Kai Liu; Tianxian Zhang; Xiangliang Xu; Yuyang Zhao,190,,10.1016/j.neunet.2025.107692,https://doi.org/10.1016/j.neunet.2025.107692,article,Neural Networks,https://openalex.org/W4411350326
Neural Networks,Elsevier,2025,2025-06-16,Degradation-Guided cross-consistent deep unfolding network for video restoration under diverse weathers,Yuanshuo Cheng; Mingwen Shao; Yecong Wan; Yuanjian Qiao; Wangmeng Zuo; Deyu Meng,191,,10.1016/j.neunet.2025.107700,https://doi.org/10.1016/j.neunet.2025.107700,article,Neural Networks,https://openalex.org/W4411343080
Neural Networks,Elsevier,2025,2025-06-16,VFF-Net: Evolving forward–forward algorithms into convolutional neural networks for enhanced computational insights,Gilha Lee; Jin Young Shin; Hyun Kim,190,,10.1016/j.neunet.2025.107697,https://doi.org/10.1016/j.neunet.2025.107697,article,Neural Networks,https://openalex.org/W4411332802
Neural Networks,Elsevier,2025,2025-06-18,DTGBA: A stronger graph backdoor attack with dual triggers,Ding Li; Hui Xia; Xin Li; Rui Zhang; Mingda Ma,190,,10.1016/j.neunet.2025.107726,https://doi.org/10.1016/j.neunet.2025.107726,article,Neural Networks,https://openalex.org/W4411404875
Neural Networks,Elsevier,2025,2025-06-18,Hierarchical feature-guided prototypical network for few-shot knowledge graph completion,Yuling Li; Kui Yu; Fei Yang; Chunfeng Shen; Ji Chang; Zerui Li; Kang Liu,191,,10.1016/j.neunet.2025.107702,https://doi.org/10.1016/j.neunet.2025.107702,article,Neural Networks,https://openalex.org/W4411393901
Neural Networks,Elsevier,2025,2025-06-18,Neural-network-based event-triggered adaptive secure fault-tolerant containment control for nonlinear multi-agent systems under denial-of-service attacks,Xiangjun Wu; Shuo Ding; Ning Wei Zhao; Huanqing Wang; Ben Niu,191,,10.1016/j.neunet.2025.107725,https://doi.org/10.1016/j.neunet.2025.107725,article,Neural Networks,https://openalex.org/W4411402186
Neural Networks,Elsevier,2025,2025-06-18,PolarFusion: A multi-modal fusion algorithm for 3D object detection based on polar coordinates,Peicheng Shi; Runshuai Ge; Xinlong Dong; Chadia Chakir; Taonian Liang; Aixi Yang,190,,10.1016/j.neunet.2025.107704,https://doi.org/10.1016/j.neunet.2025.107704,article,Neural Networks,https://openalex.org/W4411431842
Neural Networks,Elsevier,2025,2025-06-18,TD-HCN: A trend-driven hypergraph convolutional network for stock return prediction,Lexin Fang; Tianlong Zhao; Junlei Yu; Qiang Guo; Xuemei Li; Caiming Zhang,190,,10.1016/j.neunet.2025.107729,https://doi.org/10.1016/j.neunet.2025.107729,article,Neural Networks,https://openalex.org/W4411402212
Neural Networks,Elsevier,2025,2025-06-19,Prototypes as Anchors: Tackling Unseen Noise for online continual learning,Shao-Yuan Li; Yu-Xiang Zheng; Sheng-Jun Huang; Songcan Chen; Kangkan Wang,190,,10.1016/j.neunet.2025.107634,https://doi.org/10.1016/j.neunet.2025.107634,article,Neural Networks,https://openalex.org/W4411449435
Neural Networks,Elsevier,2025,2025-06-19,ST-FlowNet: An efficient Spiking Neural Network for event-based optical flow estimation,Hongze Sun; Jun Wang; Wuque Cai; Duo Chen; Q M Liao; Jiayi He; Yan Cui; Dezhong Yao; Daqing Guo,190,,10.1016/j.neunet.2025.107730,https://doi.org/10.1016/j.neunet.2025.107730,article,Neural Networks,https://openalex.org/W4411440320
Neural Networks,Elsevier,2025,2025-06-20,Balancing Learning Plasticity and Memory Stability: A parameter space strategy for class-incremental learning,Jianzhou Feng; Huaxiao Qiu; Lazhi Zhao; Chenghan Gu; Haonan Qin; Yiming Xu,190,,10.1016/j.neunet.2025.107755,https://doi.org/10.1016/j.neunet.2025.107755,article,Neural Networks,https://openalex.org/W4411486822
Neural Networks,Elsevier,2025,2025-06-20,HyperMask: Adaptive hypernetwork-based masks for continual learning,Kamil Książek; Przemysław Spurek,191,,10.1016/j.neunet.2025.107736,https://doi.org/10.1016/j.neunet.2025.107736,article,Neural Networks,https://openalex.org/W4411465680
Neural Networks,Elsevier,2025,2025-06-20,SimTA++: Simple attention neural network for clinical asynchronous time series,Zhihao Li; Jingyu Li; Kaiming Kuang; Baoyu Jing; Bo Du; Fei Liao; Jiancheng Yang,191,,10.1016/j.neunet.2025.107735,https://doi.org/10.1016/j.neunet.2025.107735,article,Neural Networks,https://openalex.org/W4411486840
Neural Networks,Elsevier,2025,2025-06-21,ATA: An Abstract-Train-Abstract approach for explanation-friendly deep reinforcement learning,Shi Peng; Si Liu; Dapeng Zhi; Peixin Wang; Chenyang Xu; Cheng Chen; Min Zhang,190,,10.1016/j.neunet.2025.107749,https://doi.org/10.1016/j.neunet.2025.107749,article,Neural Networks,https://openalex.org/W4411504140
Neural Networks,Elsevier,2025,2025-06-21,Attacking cooperative multi-agent reinforcement learning by adversarial minority influence,Simin Li; Jun Guo; Jingqiao Xiu; Yuwei Zheng; Pu Feng; Xin Yu; Jiakai Wang; Aishan Liu; Aishan Liu; Yaodong Yang; Bo An; Wenjun Wu; Xianglong Liu,191,,10.1016/j.neunet.2025.107747,https://doi.org/10.1016/j.neunet.2025.107747,article,Neural Networks,https://openalex.org/W4411508096
Neural Networks,Elsevier,2025,2025-06-21,Comprehensive disentanglement with fine-grained feature mitigation for domain generalization,Youjia Shao; Changshuo Wang; Qihang Jia; Wencang Zhao,191,,10.1016/j.neunet.2025.107757,https://doi.org/10.1016/j.neunet.2025.107757,article,Neural Networks,https://openalex.org/W4411508046
Neural Networks,Elsevier,2025,2025-06-21,Event-triggered ADP-based tracking controller for partially unknown nonlinear uncertain systems with input and state constraints,Raju Dahal; Indrani Kar,191,,10.1016/j.neunet.2025.107752,https://doi.org/10.1016/j.neunet.2025.107752,article,Neural Networks,https://openalex.org/W4411508017
Neural Networks,Elsevier,2025,2025-06-21,Few-shot event-based action recognition,Zanxi Ruan; Nan Pu; Jiangming Chen; Songqun Gao; Yanming Guo; Qiuyu Kong; Yuxiang Xie; Yingmei Wei,191,,10.1016/j.neunet.2025.107750,https://doi.org/10.1016/j.neunet.2025.107750,article,Neural Networks,https://openalex.org/W4411504122
Neural Networks,Elsevier,2025,2025-06-21,Learning multi-regularized mutation-aware correlation filter for object tracking via an adaptive hybrid model,Sathiyamoorthi Arthanari; Jae Hoon Jeong; Young Hoon Joo,191,,10.1016/j.neunet.2025.107746,https://doi.org/10.1016/j.neunet.2025.107746,article,Neural Networks,https://openalex.org/W4411508040
Neural Networks,Elsevier,2025,2025-06-21,Path-aware multi-scale learning for heterogeneous graph neural network,Jin Fan; Jiajun Yang; Zhiyu Gu; Huifeng Wu; Danfeng Sun; Feiwei Qin; Jia Wu,191,,10.1016/j.neunet.2025.107743,https://doi.org/10.1016/j.neunet.2025.107743,article,Neural Networks,https://openalex.org/W4411507323
Neural Networks,Elsevier,2025,2025-06-21,RIVA: Efficient relational inference with variate attention,Ruizi Wu; Pan Liming; Linyuan Lü,191,,10.1016/j.neunet.2025.107748,https://doi.org/10.1016/j.neunet.2025.107748,article,Neural Networks,https://openalex.org/W4411504130
Neural Networks,Elsevier,2025,2025-06-21,Shaping pre-trained language models for task-specific embedding generation via consistency calibration,Jianqi Gao; Hang Yu; Yiu‐ming Cheung; Jian Cao; Raymond Chi-Wing Wong; Yonggang Zhang,191,,10.1016/j.neunet.2025.107754,https://doi.org/10.1016/j.neunet.2025.107754,article,Neural Networks,https://openalex.org/W4411504139
Neural Networks,Elsevier,2025,2025-06-21,Shapley value-driven multi-modal deep reinforcement learning for complex decision-making,Jie Zhang; Boqiang Bao; Chao Wang; Feng Zhu,191,,10.1016/j.neunet.2025.107650,https://doi.org/10.1016/j.neunet.2025.107650,article,Neural Networks,https://openalex.org/W4411504127
Neural Networks,Elsevier,2025,2025-06-21,The architecture design and training optimization of spiking neural network with low-latency and high-performance for classification and segmentation,Wujian Ye; Shaozhen Chen; Haoxian Liu; Yijun Liu; Yijun Liu; Yuehai Chen; Youfeng Cui; Wenjie Lin,191,,10.1016/j.neunet.2025.107790,https://doi.org/10.1016/j.neunet.2025.107790,article,Neural Networks,https://openalex.org/W4411508043
Neural Networks,Elsevier,2025,2025-06-21,Unified semantic space learning for cross-modal retrieval,Jie Zhu; Jianan Liu; Shufang Wu; Feng Zhang,191,,10.1016/j.neunet.2025.107756,https://doi.org/10.1016/j.neunet.2025.107756,article,Neural Networks,https://openalex.org/W4411508012
Neural Networks,Elsevier,2025,2025-06-22,Multi-scale signed graph convolutional network based on framelet,Yuting Chu; Fujiao Ju; Yanfeng Sun; Shaofan Wang; Junbin Gao; Baocai Yin,191,,10.1016/j.neunet.2025.107693,https://doi.org/10.1016/j.neunet.2025.107693,article,Neural Networks,https://openalex.org/W4411522637
Neural Networks,Elsevier,2025,2025-06-24,A lightweight spiking neural network for EEG-based motor imagery classification,Herui Zhang; Haoran Wang; Jiayu An; Shitao Zheng; Dongrui Wu,191,,10.1016/j.neunet.2025.107741,https://doi.org/10.1016/j.neunet.2025.107741,article,Neural Networks,https://openalex.org/W4411589424
Neural Networks,Elsevier,2025,2025-06-24,Bayesian inverse problems with conditional Sinkhorn generative adversarial networks in least volume latent spaces,Qiuyi Chen; Panagiotis Tsilifis; Mark Fuge,191,,10.1016/j.neunet.2025.107740,https://doi.org/10.1016/j.neunet.2025.107740,article,Neural Networks,https://openalex.org/W4411589436
Neural Networks,Elsevier,2025,2025-06-24,CTFS: A consolidated transformer framework for instance and semantic segmentation tasks,Kun Dai; Fuyuan Qiu; Hongbo Gao; Tao Xie; Chuqing Cao; Ruifeng Li; Lijun Zhao; Ke Wang,191,,10.1016/j.neunet.2025.107745,https://doi.org/10.1016/j.neunet.2025.107745,article,Neural Networks,https://openalex.org/W4411589411
Neural Networks,Elsevier,2025,2025-06-24,Nonlinear multi-view clustering for non-negative matrix factorization,Jinrong Cui; Bang Liufu; Yulu Fu; Meihua Wang; Zhihui Lai,191,,10.1016/j.neunet.2025.107744,https://doi.org/10.1016/j.neunet.2025.107744,article,Neural Networks,https://openalex.org/W4411589402
Neural Networks,Elsevier,2025,2025-06-24,Rethinking mixture of rain removal via depth-guided adversarial learning,Yongzhen Wang; Xuefeng Yan; Yanbiao Niu; Lina Gong; Yanwen Guo; Mingqiang Wei,191,,10.1016/j.neunet.2025.107739,https://doi.org/10.1016/j.neunet.2025.107739,article,Neural Networks,https://openalex.org/W4411589380
Neural Networks,Elsevier,2025,2025-06-25,DiffCNN: A collaborative framework of diffusion model and CNN for semi-supervised medical image segmentation,Shanshan Xu; Lixia Tian,191,,10.1016/j.neunet.2025.107813,https://doi.org/10.1016/j.neunet.2025.107813,article,Neural Networks,https://openalex.org/W4411654124
Neural Networks,Elsevier,2025,2025-06-25,Intracortical functional connectivity during deep sleep reveals prosocial preferences,Andjela Markovic; Lorena R. R. Gianotti; Mirjam Studler; Daria Knoch,191,,10.1016/j.neunet.2025.107803,https://doi.org/10.1016/j.neunet.2025.107803,article,Neural Networks,https://openalex.org/W4411660213
Neural Networks,Elsevier,2025,2025-06-25,MSC-transformer-based 3D-attention with knowledge distillation for multi-action classification of separate lower limbs,Heng Yan; Zilu Wang; Junhua Li,191,,10.1016/j.neunet.2025.107806,https://doi.org/10.1016/j.neunet.2025.107806,article,Neural Networks,https://openalex.org/W4411626689
Neural Networks,Elsevier,2025,2025-06-25,Operating performance assessment of industrial process based on MIC-graph convolutional networks with local slow feature analysis,Lili Hao; Fei Chu; Tao Chen; Mingxing Jia; Fuli Wang,191,,10.1016/j.neunet.2025.107773,https://doi.org/10.1016/j.neunet.2025.107773,article,Neural Networks,https://openalex.org/W4411643622
Neural Networks,Elsevier,2025,2025-06-25,PRformer: Pyramidal recurrent transformer for multivariate time series forecasting,Yongbo Yu; Weizhong Yu; Feiping Nie; Zongcheng Miao; Ya Liu; Xuelong Li,191,,10.1016/j.neunet.2025.107769,https://doi.org/10.1016/j.neunet.2025.107769,article,Neural Networks,https://openalex.org/W4411633512
Neural Networks,Elsevier,2025,2025-06-25,Real-time data-efficient portrait stylization via geometric alignment,Xinrui Wang; Zhuoru Li; Xuanyu Yin; Xiaofang Zhou; Yusuke Iwasawa; Yutaka Matsuo; Jiaxian Guo,191,,10.1016/j.neunet.2025.107774,https://doi.org/10.1016/j.neunet.2025.107774,article,Neural Networks,https://openalex.org/W4411626717
Neural Networks,Elsevier,2025,2025-06-26,Neural networks with low-resolution parameters,Eduardo Lobo Lustosa Cabral; Larissa Driemeier,191,,10.1016/j.neunet.2025.107763,https://doi.org/10.1016/j.neunet.2025.107763,article,Neural Networks,https://openalex.org/W4411678911
Neural Networks,Elsevier,2025,2025-06-26,Refining visual token sequence for efficient image captioning,Tiantao Xian; Zhiheng Zhou; Wenlve Zhou; Zhipeng Zhang,191,,10.1016/j.neunet.2025.107759,https://doi.org/10.1016/j.neunet.2025.107759,article,Neural Networks,https://openalex.org/W4411697308
Neural Networks,Elsevier,2025,2025-06-27,A link prediction method for multi-modal knowledge graphs based on Adaptive Fusion and Modality Information Enhancement,Zenglong Wang; Xuan Liu; Zheng Liu; Yu Weng; Chaomurilige Chaomurilige,191,,10.1016/j.neunet.2025.107771,https://doi.org/10.1016/j.neunet.2025.107771,article,Neural Networks,https://openalex.org/W4411729251
Neural Networks,Elsevier,2025,2025-06-27,Backdoor attacks against Hybrid Classical-Quantum Neural Networks,Ji Hong Guo; Wenbo Jiang; Rui Zhang; Wenshu Fan; Jiachen Li; Guoming Lu; Hongwei Li,191,,10.1016/j.neunet.2025.107776,https://doi.org/10.1016/j.neunet.2025.107776,article,Neural Networks,https://openalex.org/W4411730505
Neural Networks,Elsevier,2025,2025-07-01,Decoding olfactory response from neurophysiological signal with a multi modal deep learning framework,Chengxuan Tong; Yi Ding; Aung Aung Phyo Wai; Hui Xin Joanna Chua; Xiaorong Wu; Kevin Junliang Lim; Cuntai Guan,191,,10.1016/j.neunet.2025.107775,https://doi.org/10.1016/j.neunet.2025.107775,article,Neural Networks,https://openalex.org/W4411869979
Neural Networks,Elsevier,2025,2025-07-01,ITS2Graph: Graph-based generative adversarial learning for imbalanced time series classification,Chang Liu; Donghai Guan; Weiwei Yuan; Çetin Kaya Koç,191,,10.1016/j.neunet.2025.107770,https://doi.org/10.1016/j.neunet.2025.107770,article,Neural Networks,https://openalex.org/W4411867683
Neural Networks,Elsevier,2025,2025-07-02,Anchor Graph Learning with Double Noise Removal for Multi-View Clustering,Zhe Chen; Mingzhi Zhu; Yongjie Li; Tianyang Xu,191,,10.1016/j.neunet.2025.107779,https://doi.org/10.1016/j.neunet.2025.107779,article,Neural Networks,https://openalex.org/W4411919311
Neural Networks,Elsevier,2025,2025-07-02,Data-based decentralized control of nonlinear-constrained interconnected systems using reinforcement learning,Guang Yang; Xiong Yang; Xiong Yang,191,,10.1016/j.neunet.2025.107780,https://doi.org/10.1016/j.neunet.2025.107780,article,Neural Networks,https://openalex.org/W4411919596
Neural Networks,Elsevier,2025,2025-07-02,ESTSformer: Efficient spatio-temporal spiking transformer,Chengzhuo Lu; Huilin Du; Wenjie Wei; Qian Sun; Yuchen Wang; Dingyi Zeng; Wenyu Chen; Malu Zhang; Yang Yang,191,,10.1016/j.neunet.2025.107786,https://doi.org/10.1016/j.neunet.2025.107786,article,Neural Networks,https://openalex.org/W4411933327
Neural Networks,Elsevier,2025,2025-07-02,Embeddings hidden layers learning for neural network compression,Jia Cheng Hu; Roberto Cavicchioli; Alessandro Capotondi,191,,10.1016/j.neunet.2025.107794,https://doi.org/10.1016/j.neunet.2025.107794,article,Neural Networks,https://openalex.org/W4411919561
Neural Networks,Elsevier,2025,2025-07-02,Event prediction model combining ordinary differential equation and hypernetworks,Ying Wang; Xianglin Zuo; Xinglin Liu; Fuyuan Ma; Junhe Zhang; Bo Yang,191,,10.1016/j.neunet.2025.107731,https://doi.org/10.1016/j.neunet.2025.107731,article,Neural Networks,https://openalex.org/W4411968539
Neural Networks,Elsevier,2025,2025-07-02,HG2P: Hippocampus-inspired high-reward graph and model-free Q-gradient penalty for path planning and motion control,Haoran Wang; Yaoru Sun; Zeshen Tang; Haibo Shi; Chenyuan Jiao,191,,10.1016/j.neunet.2025.107781,https://doi.org/10.1016/j.neunet.2025.107781,article,Neural Networks,https://openalex.org/W4411968506
Neural Networks,Elsevier,2025,2025-07-02,HTS-LB: Hypergraph tree search for learning branch,Yige Zhang; Xiaoyan Zhang; Jian Sun; Ying Li; Jiaquan Gao,191,,10.1016/j.neunet.2025.107784,https://doi.org/10.1016/j.neunet.2025.107784,article,Neural Networks,https://openalex.org/W4411957535
Neural Networks,Elsevier,2025,2025-07-02,MsDUNE: A multi-scale masked temporal fusion framework for speaker-independent lipreading via Dirichlet uncertainty estimation,Jinghan Wu; Xingwei An; Yakun Zhang; Changyan Zheng; Changyan Zheng; Xingyu Zhang; Liang Xie; Erwei Yin,191,,10.1016/j.neunet.2025.107783,https://doi.org/10.1016/j.neunet.2025.107783,article,Neural Networks,https://openalex.org/W4411968505
Neural Networks,Elsevier,2025,2025-07-02,Neighborhood structure enhancement and denoising method for multi-behavior recommendation,Wei Cai; ZhiHong Zheng; Xuan Zhang; Weiyi Shang; Yubin Ma; Wenjie Gao; Zhi Gang Jin,191,,10.1016/j.neunet.2025.107760,https://doi.org/10.1016/j.neunet.2025.107760,article,Neural Networks,https://openalex.org/W4411919690
Neural Networks,Elsevier,2025,2025-07-02,PromptSED: An evolving topic-enhanced prompting framework for incremental social event detection,Xiaoyan Yu; Jiaqian Ren; Lei Jiang; Hao Peng; Zhifeng Hao; Li Sun; Kun Peng; Liehuang Zhu; Philip S. Yu,191,,10.1016/j.neunet.2025.107772,https://doi.org/10.1016/j.neunet.2025.107772,article,Neural Networks,https://openalex.org/W4411964688
Neural Networks,Elsevier,2025,2025-07-02,S-YOLO: An enhanced small object detection method based on adaptive gating strategy and dynamic multi-scale focus module,Zengnan Wang; Feng Yan; Liejun Wang; Yabo Yin; Jiahuan Lin,191,,10.1016/j.neunet.2025.107782,https://doi.org/10.1016/j.neunet.2025.107782,article,Neural Networks,https://openalex.org/W4411919410
Neural Networks,Elsevier,2025,2025-07-02,"Think straight or think again? Continual joint learning of deduction, abduction and induction",Kai Xiong; Xiao Ding; Yixin Cao; Yang Zhao; Ting Liu; Bing Qin,191,,10.1016/j.neunet.2025.107768,https://doi.org/10.1016/j.neunet.2025.107768,article,Neural Networks,https://openalex.org/W4411956742
Neural Networks,Elsevier,2025,2025-07-03,A federated vehicle re-identification benchmark and performance optimization using dual-phase contrastive dynamic aggregation,Linhan Huang; Jianqing Zhu; Yutao Chen; Qianqian Zhao; Huanqiang Zeng,191,,10.1016/j.neunet.2025.107753,https://doi.org/10.1016/j.neunet.2025.107753,article,Neural Networks,https://openalex.org/W4411987468
Neural Networks,Elsevier,2025,2025-07-03,Combining aggregated attention and transformer architecture for accurate and efficient performance of Spiking Neural Networks,H Zhang; Alexander Sboev; Roman B. Rybka; Qiang Yu,191,,10.1016/j.neunet.2025.107789,https://doi.org/10.1016/j.neunet.2025.107789,article,Neural Networks,https://openalex.org/W4411992686
Neural Networks,Elsevier,2025,2025-07-03,Deep predictive coding with bi-directional propagation for classification and reconstruction,Senhui Qiu; Saugat Bhattacharyya; Damien Coyle; Shirin Dora,191,,10.1016/j.neunet.2025.107785,https://doi.org/10.1016/j.neunet.2025.107785,article,Neural Networks,https://openalex.org/W4411988285
Neural Networks,Elsevier,2025,2025-07-03,Enhancing multivariate spatio-temporal forecasting via complete dynamic causal modeling,Keqing Du; Xinyu Yang; Hang Chen,191,,10.1016/j.neunet.2025.107826,https://doi.org/10.1016/j.neunet.2025.107826,article,Neural Networks,https://openalex.org/W4411987618
Neural Networks,Elsevier,2025,2025-07-03,Foreground-aware Universe Graph Matching for Domain Adaptive Object Detection,Chao Wen; Yongbo Wang; Yuhua Qian,191,,10.1016/j.neunet.2025.107804,https://doi.org/10.1016/j.neunet.2025.107804,article,Neural Networks,https://openalex.org/W4411987461
Neural Networks,Elsevier,2025,2025-07-03,Gradient aware adaptive quantization: Locally uniform quantization with learnable clipping thresholds for globally non-uniform weights,Kang Zhou; Kang Zhou; Yuhang Li; Yuhang Li; Qibin Zhao; Guoxu Zhou,191,,10.1016/j.neunet.2025.107778,https://doi.org/10.1016/j.neunet.2025.107778,article,Neural Networks,https://openalex.org/W4412002146
Neural Networks,Elsevier,2025,2025-07-03,Learned low-rank representation and its theoretical convergence analysis,Weilin Shen; Junmin Liu; Xiangyu Chang,191,,10.1016/j.neunet.2025.107798,https://doi.org/10.1016/j.neunet.2025.107798,article,Neural Networks,https://openalex.org/W4411990259
Neural Networks,Elsevier,2025,2025-07-03,Learning generalizable agents via self-supervised exploration,Baoxian Liang; Lihong Xu; Zhichao Deng,191,,10.1016/j.neunet.2025.107787,https://doi.org/10.1016/j.neunet.2025.107787,article,Neural Networks,https://openalex.org/W4411992673
Neural Networks,Elsevier,2025,2025-07-03,Semantic segmentation in adverse scenes with fewer labeled images,Guanhua An; Jichang Guo; Chunle Guo; Yudong Wang; Chongyi Li,191,,10.1016/j.neunet.2025.107788,https://doi.org/10.1016/j.neunet.2025.107788,article,Neural Networks,https://openalex.org/W4411990295
Neural Networks,Elsevier,2025,2025-07-03,Stealthy and efficient adversarial example attack on video retrieval systems,Xin Yao; Enlang Li; Yimin Chen; Jiawei Guo; Keqi Huang; Fengxiao Tang; Ming Zhao,191,,10.1016/j.neunet.2025.107829,https://doi.org/10.1016/j.neunet.2025.107829,article,Neural Networks,https://openalex.org/W4411992412
Neural Networks,Elsevier,2025,2025-07-04,Aspect sentiment learning for Aspect-Level Sentiment Classification,Zhongquan Jian; Jiajian Li; Meihong Wang; Junfeng Yao; Qingqiang Wu,191,,10.1016/j.neunet.2025.107758,https://doi.org/10.1016/j.neunet.2025.107758,article,Neural Networks,https://openalex.org/W4412025977
Neural Networks,Elsevier,2025,2025-07-04,Flexible visually secure image encryption with meta-learning compression and chaotic systems,Chen Wei; Yichuan Wang; Cheng Shi; Guanglei Sheng; Mengyang Li; Yu Liu; Xinhong Hei,191,,10.1016/j.neunet.2025.107799,https://doi.org/10.1016/j.neunet.2025.107799,article,Neural Networks,https://openalex.org/W4412031211
Neural Networks,Elsevier,2025,2025-07-04,Relationship completion for incomplete multi-view clustering,Minghong G. Wu; Jihua Zhu; W. C. Yan; Bin Chen; Qinghai Zheng,191,,10.1016/j.neunet.2025.107791,https://doi.org/10.1016/j.neunet.2025.107791,article,Neural Networks,https://openalex.org/W4412031420
Neural Networks,Elsevier,2025,2025-07-04,Zero-shot sketch-based remote sensing image retrieval based on cross-modal fusion,Yang Liu; Yuhao Dang; Hai Qi; Jungong Han; Ling Shao,191,,10.1016/j.neunet.2025.107796,https://doi.org/10.1016/j.neunet.2025.107796,article,Neural Networks,https://openalex.org/W4412031273
Neural Networks,Elsevier,2025,2025-07-05,Att-BrainNet: Attention-based BrainNet for lung cancer segmentation network,Xvhao Xiao; Zhong Wang; Junping Yao; Jing Wei; Bo Zhang; Wenyang Chen; Zuhan Geng; Enmin Song,191,,10.1016/j.neunet.2025.107828,https://doi.org/10.1016/j.neunet.2025.107828,article,Neural Networks,https://openalex.org/W4412043644
Neural Networks,Elsevier,2025,2025-07-05,BiFormer: A Bipartite-stream Information Fusion framework for large-scale graph representation learning,Qi Zhang; Yanfeng Sun; Shaofan Wang; Junbin Gao; Baocai Yin,191,,10.1016/j.neunet.2025.107792,https://doi.org/10.1016/j.neunet.2025.107792,article,Neural Networks,https://openalex.org/W4412044302
Neural Networks,Elsevier,2025,2025-07-05,CGNet: A Complex-valued Graph Network for jointly learning amplitude-phase information in EEG-based brain–computer interfaces,Guoqing Cai; Yiyi Chen; Bolun Yang; Yanwu Yang; Ting Ma; Yilong Wang,191,,10.1016/j.neunet.2025.107795,https://doi.org/10.1016/j.neunet.2025.107795,article,Neural Networks,https://openalex.org/W4412043564
Neural Networks,Elsevier,2025,2025-07-05,CIDRA-Net: Cross-modal interaction fusion network with distribution-relation awareness for robust 3D object detection,Hongqi Yu; Xiaoqin Zhang; Xiaolong Zhou; Sixian Chan,191,,10.1016/j.neunet.2025.107818,https://doi.org/10.1016/j.neunet.2025.107818,article,Neural Networks,https://openalex.org/W4412055473
Neural Networks,Elsevier,2025,2025-07-05,CosELU: An improved activation deep neural network for EEG signal recognition in stroke patients,Shuaishi Liu; Wenkai Ji; Qiye Zhou; Xiaoqin Duan; Yi Jiang; Changxian Xu; Zaixiang Pang; Zhongbo Sun,191,,10.1016/j.neunet.2025.107800,https://doi.org/10.1016/j.neunet.2025.107800,article,Neural Networks,https://openalex.org/W4412055497
Neural Networks,Elsevier,2025,2025-07-05,Gradient amplification for gradient matching based dataset distillation,Jingxuan Zhang; Zhihua Chen; Lei Dai; Ping Li; Bin Sheng,191,,10.1016/j.neunet.2025.107819,https://doi.org/10.1016/j.neunet.2025.107819,article,Neural Networks,https://openalex.org/W4412043651
Neural Networks,Elsevier,2025,2025-07-05,Learning model-level explanations of graph neural networks via subgraph order embedding space,Li Liu; Pengyu Wan; F. Z. Zhang; Youmin M. Zhang; Qun Liu; Guoyin Wang,191,,10.1016/j.neunet.2025.107815,https://doi.org/10.1016/j.neunet.2025.107815,article,Neural Networks,https://openalex.org/W4412049236
Neural Networks,Elsevier,2025,2025-07-05,Multisensory integration in chaotic networks,Adam P.D. Ponzi; Keisuke Suzuki,191,,10.1016/j.neunet.2025.107766,https://doi.org/10.1016/j.neunet.2025.107766,article,Neural Networks,https://openalex.org/W4412049269
Neural Networks,Elsevier,2025,2025-07-05,Online lifelong optimal tracking control of uncertain nonlinear continuous-time strict-feedback systems using deep neural networks,Irfan Ahmad Ganie; S. Jagannathan,191,,10.1016/j.neunet.2025.107793,https://doi.org/10.1016/j.neunet.2025.107793,article,Neural Networks,https://openalex.org/W4412049211
Neural Networks,Elsevier,2025,2025-07-05,Outlier-trimmed dual-interval smoothing loss for sample selection in learning with noisy labels,Senyu Hou; Mengyang Xu; Gaoxia Jiang; Yaqing Guo; Wenjian Wang,191,,10.1016/j.neunet.2025.107827,https://doi.org/10.1016/j.neunet.2025.107827,article,Neural Networks,https://openalex.org/W4412053409
Neural Networks,Elsevier,2025,2025-07-06,A weakly-supervised oriented object detector : Knowledge-based dropblock and unified regression network,Lijuan Duan; Zichen Zhang; Zhaoying Liu; Fengjin Xiao,191,,10.1016/j.neunet.2025.107830,https://doi.org/10.1016/j.neunet.2025.107830,article,Neural Networks,https://openalex.org/W4412059488
Neural Networks,Elsevier,2025,2025-07-06,Energy efficiency and sensitivity benefits in a motion processing adaptive recurrent neural network,Vishnu Mohan; Reuben Rideaux,191,,10.1016/j.neunet.2025.107834,https://doi.org/10.1016/j.neunet.2025.107834,article,Neural Networks,https://openalex.org/W4412059442
Neural Networks,Elsevier,2025,2025-07-06,KKANs: Kurková-Kolmogorov-Arnold networks and their learning dynamics,Juan Diego Toscano; Li-Lian Wang; George Em Karniadakis,191,,10.1016/j.neunet.2025.107831,https://doi.org/10.1016/j.neunet.2025.107831,article,Neural Networks,https://openalex.org/W4412059482
Neural Networks,Elsevier,2025,2025-07-06,Post-training quantization for efficient ANN-SNN conversion,Ruimin Sun; De Ma; Gang Pan,191,,10.1016/j.neunet.2025.107832,https://doi.org/10.1016/j.neunet.2025.107832,article,Neural Networks,https://openalex.org/W4412056346
Neural Networks,Elsevier,2025,2025-07-07,A dynamic ensemble learning model for robust Graph Neural Networks,Chenyu Zhou; Yabin Peng; Wei Huang; Xinyuan Miao; Yi Cao; Xinghao Wang; Xianglong Kong,191,,10.1016/j.neunet.2025.107810,https://doi.org/10.1016/j.neunet.2025.107810,article,Neural Networks,https://openalex.org/W4412078158
Neural Networks,Elsevier,2025,2025-07-07,An incomplete multiview clustering approach considering missing data recovery based on consistency,Zhuowen Li; Hongmei Chen; Biao Xiang; Zhong Yuan; Chuan Luo; Shi‐Jinn Horng; Tianrui Li,191,,10.1016/j.neunet.2025.107836,https://doi.org/10.1016/j.neunet.2025.107836,article,Neural Networks,https://openalex.org/W4412076552
Neural Networks,Elsevier,2025,2025-07-07,Key features-guided Multi-View Collaborative Network for image captioning,Wencai Zhu; Zetao Jiang; Xu Wu,191,,10.1016/j.neunet.2025.107814,https://doi.org/10.1016/j.neunet.2025.107814,article,Neural Networks,https://openalex.org/W4412084736
Neural Networks,Elsevier,2025,2025-07-07,Lightweight real-time speech enhancement: State-space models and multi-spectral scanning techniques,Xiaodong Zhu; Junqi Yang; Yuhong Yang; Weiping Tu; Zhongyuan Wang,191,,10.1016/j.neunet.2025.107805,https://doi.org/10.1016/j.neunet.2025.107805,article,Neural Networks,https://openalex.org/W4412076656
Neural Networks,Elsevier,2025,2025-07-07,Redesigning deep neural networks: Bridging game theory and statistical physics,Djamel Bouchaffra; Fayçal Ykhlef; Bilal Faye; Mustapha Lebbah; Hanane Azzag,191,,10.1016/j.neunet.2025.107807,https://doi.org/10.1016/j.neunet.2025.107807,article,Neural Networks,https://openalex.org/W4412074843
Neural Networks,Elsevier,2025,2025-07-08,A confidence-guided Unsupervised domain adaptation network with pseudo-labeling and deformable CNN-transformer for medical image segmentation,Jiwen Zhou; Yue Xu; Zinan Liu; Zinan Liu; Fabien Pfaender; Wanyu Liu,191,,10.1016/j.neunet.2025.107844,https://doi.org/10.1016/j.neunet.2025.107844,article,Neural Networks,https://openalex.org/W4412392668
Neural Networks,Elsevier,2025,2025-07-08,Adversarial guided diffusion models for adversarial purification,Guang Lin; Zerui Tao; Jianhai Zhang; Toshihisa Tanaka; Qibin Zhao,191,,10.1016/j.neunet.2025.107705,https://doi.org/10.1016/j.neunet.2025.107705,article,Neural Networks,https://openalex.org/W4412391945
Neural Networks,Elsevier,2025,2025-07-08,Disentangled representation learning for multi-view clustering via von Mises–Fisher hyperspherical embedding,Zhixiang Li; Zhiwen Luo; Nizar Bouguila; Weifeng Su; Wentao Fan,191,,10.1016/j.neunet.2025.107802,https://doi.org/10.1016/j.neunet.2025.107802,article,Neural Networks,https://openalex.org/W4412487375
Neural Networks,Elsevier,2025,2025-07-08,KGFedRS: Knowledge Graph enhanced Federated Recommender System,Xiao Ma; Xuan Wen; Jiangfeng Zeng; Ping Xiong; Xingyu Han,191,,10.1016/j.neunet.2025.107840,https://doi.org/10.1016/j.neunet.2025.107840,article,Neural Networks,https://openalex.org/W4412487061
Neural Networks,Elsevier,2025,2025-07-08,Multimodal prediction of catheter ablation outcomes in patients with persistent atrial fibrillation,Zhan Zhou; Yanjie Chen; Fengxiang Zhang; Hanjie Liu; Hamid Reza Karimi; Jinde Cao,191,,10.1016/j.neunet.2025.107835,https://doi.org/10.1016/j.neunet.2025.107835,article,Neural Networks,https://openalex.org/W4412473606
Neural Networks,Elsevier,2025,2025-07-08,Periodic-noise-tolerant neurodynamic approach for kWTA operation applied to opinions evolution,Jiexing Li; Yongji Guan; Tiantai Deng; Long Mei Jin,191,,10.1016/j.neunet.2025.107839,https://doi.org/10.1016/j.neunet.2025.107839,article,Neural Networks,https://openalex.org/W4412473721
Neural Networks,Elsevier,2025,2025-07-08,ShiftKD: Benchmarking knowledge distillation under distribution shift,Songming Zhang; Yuxiao Luo; Ziyu Lyu; Xiaofeng Chen,192,,10.1016/j.neunet.2025.107838,https://doi.org/10.1016/j.neunet.2025.107838,article,Neural Networks,https://openalex.org/W4412708387
Neural Networks,Elsevier,2025,2025-07-08,Similarity-based prototype reconstruction and feature reorganization for non-exemplar class incremental learning,Chao Zhou; Jun Jie Sun; Vasile Palade; Xiao‐Jun Wu,191,,10.1016/j.neunet.2025.107837,https://doi.org/10.1016/j.neunet.2025.107837,article,Neural Networks,https://openalex.org/W4412487318
Neural Networks,Elsevier,2025,2025-07-08,Tensor wheel completion for visual data with sparsity and smoothness on latent space,Jinshi Yu; Yuan Xie; Ge Ma; Xiaomeng Li,192,,10.1016/j.neunet.2025.107713,https://doi.org/10.1016/j.neunet.2025.107713,article,Neural Networks,https://openalex.org/W4412490255
Neural Networks,Elsevier,2025,2025-07-08,Uncertainty-guided attention learning for malaria parasite detection in thick blood smears,Hao Xiong; Zhiyong Wang; Roneel V. Sharan; Shlomo Berkovsky,191,,10.1016/j.neunet.2025.107833,https://doi.org/10.1016/j.neunet.2025.107833,article,Neural Networks,https://openalex.org/W4412392934
Neural Networks,Elsevier,2025,2025-07-15,A novel model on improving Chinese dialogue summarization with multi-perspective information enhancement,Zhendong Wang; Kaikun Dong; Zongwei Du; Junheng Huang; Hongri Liu; Bailing Wang,192,,10.1016/j.neunet.2025.107850,https://doi.org/10.1016/j.neunet.2025.107850,article,Neural Networks,https://openalex.org/W4412429453
Neural Networks,Elsevier,2025,2025-07-15,"A survey of low-bit large language models: Basics, systems, and algorithms",Ruihao Gong; Yifu Ding; Zining Wang; Chengtao Lv; Xingyu Zheng; Jinyang Du; Yang Yong; Shenyan Gu; Haotong Qin; Jinyang Guo; Dahua Lin; Michele Magno; Xianglong Liu,192,,10.1016/j.neunet.2025.107856,https://doi.org/10.1016/j.neunet.2025.107856,article,Neural Networks,https://openalex.org/W4412429207
Neural Networks,Elsevier,2025,2025-07-15,A triple-branch hybrid dynamic-static alignment strategy for vision-language tasks,Xiang Shen; Chongqing Chen; Dezhi Han; Yangshuyi Xu; Xiuying Wang; Huiyu Zhou,191,,10.1016/j.neunet.2025.107871,https://doi.org/10.1016/j.neunet.2025.107871,article,Neural Networks,https://openalex.org/W4412429203
Neural Networks,Elsevier,2025,2025-07-15,ACCNet: Adaptive cross-frequency coupling graph attention for EEG emotion recognition,Dongyuan Tian; Yucheng Wang; Peiliang Gong; Zhewen Xu; Zhenghua Chen; Xiaohui Wei; Min Wu,191,,10.1016/j.neunet.2025.107853,https://doi.org/10.1016/j.neunet.2025.107853,article,Neural Networks,https://openalex.org/W4412429360
Neural Networks,Elsevier,2025,2025-07-15,Aspect-based sentiment analysis based on multi-granularity graph convolutional network,Yanfen Cheng; Minghui Yuan; Fan He; Xun Shao; Jiajun Wu,192,,10.1016/j.neunet.2025.107864,https://doi.org/10.1016/j.neunet.2025.107864,article,Neural Networks,https://openalex.org/W4412429210
Neural Networks,Elsevier,2025,2025-07-15,Automated tactics planning for cyber attack and defense based on large language model agents,Yimo Ren; Jinfa Wang; Zhihui Zhao; Hui Wen; Hong Li; Hongsong Zhu,191,,10.1016/j.neunet.2025.107842,https://doi.org/10.1016/j.neunet.2025.107842,article,Neural Networks,https://openalex.org/W4412429472
Neural Networks,Elsevier,2025,2025-07-15,Conformalized prediction of post-fault voltage trajectories using pre-trained and finetuned attention-driven neural operators,Amirhossein Mollaali; Gabriel Zufferey; Gonzalo E. Constante‐Flores; Christian Moya; Can Li; Yue Meng; Guang Lin,192,,10.1016/j.neunet.2025.107809,https://doi.org/10.1016/j.neunet.2025.107809,article,Neural Networks,https://openalex.org/W4412429527
Neural Networks,Elsevier,2025,2025-07-15,Continual source-free active domain adaptation for nasopharyngeal carcinoma tumor segmentation across multiple hospitals,Zhaocan Yang; Yan Li; Yang Liu,192,,10.1016/j.neunet.2025.107869,https://doi.org/10.1016/j.neunet.2025.107869,article,Neural Networks,https://openalex.org/W4412429208
Neural Networks,Elsevier,2025,2025-07-15,Contrastive Forward-Forward: A training algorithm of vision transformer,Hossein Aghagolzadeh; Mehdi Ezoji,192,,10.1016/j.neunet.2025.107867,https://doi.org/10.1016/j.neunet.2025.107867,article,Neural Networks,https://openalex.org/W4412429258
Neural Networks,Elsevier,2025,2025-07-15,Curriculum negative mining for temporal networks,Ziyue Chen; Tongya Zheng; Mingli Song,191,,10.1016/j.neunet.2025.107858,https://doi.org/10.1016/j.neunet.2025.107858,article,Neural Networks,https://openalex.org/W4412429251
Neural Networks,Elsevier,2025,2025-07-15,DILC-ESAE: Data-Info envelope stacked autoencoder on correlation among samples rather than themselves,Jie Ma; Chuanyan Zhou; Zhixuan Fan; Yongming Li; Yinghua Shen; Witold Pedrycz; Pin Wang,192,,10.1016/j.neunet.2025.107843,https://doi.org/10.1016/j.neunet.2025.107843,article,Neural Networks,https://openalex.org/W4412429524
Neural Networks,Elsevier,2025,2025-07-15,Data-driven optimal tracking control for nonlinear systems with performance constraints via adaptive dynamic programming,Lulu Zhang; Huaguang Zhang; Huaguang Zhang; Xiaohui Yue; Tianbiao Wang,191,,10.1016/j.neunet.2025.107852,https://doi.org/10.1016/j.neunet.2025.107852,article,Neural Networks,https://openalex.org/W4412429399
Neural Networks,Elsevier,2025,2025-07-15,Decoupling upper and lower face transformers for binary interactive video generation,Daowu Yang; Ying Liu; Qiyun Yang; Ruihui Li,191,,10.1016/j.neunet.2025.107714,https://doi.org/10.1016/j.neunet.2025.107714,article,Neural Networks,https://openalex.org/W4412429520
Neural Networks,Elsevier,2025,2025-07-15,Democratizing large language model-based graph data augmentation via latent knowledge graphs,Yushi Feng; Tsai Hor Chan; Guosheng Yin; Lequan Yu,191,,10.1016/j.neunet.2025.107777,https://doi.org/10.1016/j.neunet.2025.107777,article,Neural Networks,https://openalex.org/W4412429528
Neural Networks,Elsevier,2025,2025-07-15,Dual branch neural network with dynamic learning mechanism for P300-based brain-computer interfaces,Shurui Li; Ren Ping Xu; Xingyu Wang; Andrzej S Cichocki; Jing Jin,192,,10.1016/j.neunet.2025.107876,https://doi.org/10.1016/j.neunet.2025.107876,article,Neural Networks,https://openalex.org/W4412429233
Neural Networks,Elsevier,2025,2025-07-15,E2TP: Element to tuple prompting improves aspect sentiment tuple prediction,Mohammad Ghiasvand Mohammadkhani; Niloofar Ranjbar; Saeedeh Momtazi,191,,10.1016/j.neunet.2025.107847,https://doi.org/10.1016/j.neunet.2025.107847,article,Neural Networks,https://openalex.org/W4412429529
Neural Networks,Elsevier,2025,2025-07-15,EAAR: Efficient and Accurate Action Recognition model with enhanced spatio-temporal perception,Shilin Chen; Xingwang Wang; Yafeng Sun; Kun Yang; Xiaohui Wei,191,,10.1016/j.neunet.2025.107737,https://doi.org/10.1016/j.neunet.2025.107737,article,Neural Networks,https://openalex.org/W4412424449
Neural Networks,Elsevier,2025,2025-07-15,EEG Emotion Copilot: Optimizing lightweight LLMs for emotional EEG interpretation with assisted medical record generation,Hongyu Chen; Weiming Zeng; Chengcheng Chen; Luhui Cai; Fei Wang; Fei Wang; Yuhu Shi; Lei Wang; Lei Wang; Wei Zhang; Yueyang Li; Hongjie Yan; Wai Ting Siok; Nizhuan Wang,192,,10.1016/j.neunet.2025.107848,https://doi.org/10.1016/j.neunet.2025.107848,article,Neural Networks,https://openalex.org/W4412429470
Neural Networks,Elsevier,2025,2025-07-15,Effective and lightweight representation learning for signed bipartite graphs,G. Gu; Minseo Jeon; Hyun-Je Song; Jinhong Jung,192,,10.1016/j.neunet.2025.107708,https://doi.org/10.1016/j.neunet.2025.107708,article,Neural Networks,https://openalex.org/W4412429499
Neural Networks,Elsevier,2025,2025-07-15,Exponential stability of state-dependent impulsive Hopfield neural networks with beating phenomena,Zhong Dai; Shutang Liu,191,,10.1016/j.neunet.2025.107849,https://doi.org/10.1016/j.neunet.2025.107849,article,Neural Networks,https://openalex.org/W4412429479
Neural Networks,Elsevier,2025,2025-07-15,Human gaze-based dual teacher guidance learning for semi-supervised medical image segmentation,Rongjun Ge; Chong Wang; Yuxin Liu; Chun‐Qiang Lu; Cong Xia; Yehui Jiang; Fangyi Xu; Yinsu Zhu; Daoqiang Zhang; Chengyu Liu; Yang Chen; Shuo Li; Yuting He,192,,10.1016/j.neunet.2025.107865,https://doi.org/10.1016/j.neunet.2025.107865,article,Neural Networks,https://openalex.org/W4412429200
Neural Networks,Elsevier,2025,2025-07-15,Hyperbolic Bernstein Neural Networks: Enhancing graph convolutions in non-Euclidean spaces,Ying Ye; Xu Chen; Shuyang Wang; Yongjun Jing,191,,10.1016/j.neunet.2025.107822,https://doi.org/10.1016/j.neunet.2025.107822,article,Neural Networks,https://openalex.org/W4412391611
Neural Networks,Elsevier,2025,2025-07-15,Kernel-based LFP estimation in detailed large-scale spiking network model of mouse visual cortex,Nicolò Meneghetti; Atle E. Rimehaug; Gaute T. Einevoll; Alberto Mazzoni; Torbjørn V. Ness,192,,10.1016/j.neunet.2025.107866,https://doi.org/10.1016/j.neunet.2025.107866,article,Neural Networks,https://openalex.org/W4412429223
Neural Networks,Elsevier,2025,2025-07-15,Long-term simulation of physical and mechanical behaviors using curriculum-transfer-learning based physics-informed neural networks,Yuan Guo; Zhuojia Fu; Jian Min; Shiyu Lin; Xiaoting Liu; Youssef F. Rashed; Xiaoying Zhuang,191,,10.1016/j.neunet.2025.107825,https://doi.org/10.1016/j.neunet.2025.107825,article,Neural Networks,https://openalex.org/W4412429516
Neural Networks,Elsevier,2025,2025-07-15,Loss-driven dynamic weight and residual transformation in physics-informed neural network,Yabin Zhang; Liang-Jian Deng,191,,10.1016/j.neunet.2025.107841,https://doi.org/10.1016/j.neunet.2025.107841,article,Neural Networks,https://openalex.org/W4412434608
Neural Networks,Elsevier,2025,2025-07-15,Memory-augmented shuffled meta learning for visible–infrared person re-identification,Hanxiao Wu; Yutao Chen; Yi Xie; Jianqing Zhu; Liu Liu; Huanqiang Zeng,191,,10.1016/j.neunet.2025.107812,https://doi.org/10.1016/j.neunet.2025.107812,article,Neural Networks,https://openalex.org/W4412429497
Neural Networks,Elsevier,2025,2025-07-15,MetaNIRS: A general decoding framework for fNIRS based motor execution/imagery,Yu Li; Yu Sun; Feng Wan; Zhen Yuan; Tzyy‐Ping Jung; Hongtao Wang,192,,10.1016/j.neunet.2025.107873,https://doi.org/10.1016/j.neunet.2025.107873,article,Neural Networks,https://openalex.org/W4412429222
Neural Networks,Elsevier,2025,2025-07-15,Multiple semantic prompt for rehearsal-free continual learning,Junwei Chen; Zhenyu Zhang; Depeng Li; Zhigang Zeng,192,,10.1016/j.neunet.2025.107860,https://doi.org/10.1016/j.neunet.2025.107860,article,Neural Networks,https://openalex.org/W4412429240
Neural Networks,Elsevier,2025,2025-07-15,Output contraction analysis of discrete-time nonlinear systems with an application to RNNs,Yewang Gao; Ticao Jiao; Yuxia Li; Bo Li; Sun Haibin; Xuening Xing,191,,10.1016/j.neunet.2025.107846,https://doi.org/10.1016/j.neunet.2025.107846,article,Neural Networks,https://openalex.org/W4412429451
Neural Networks,Elsevier,2025,2025-07-15,PKI: Prior knowledge-infused neural network for few-shot class-incremental learning,Kexin Bao; Fanzhao Lin; Zichen Wang; Li Yong; Dan Zeng; Shiming Ge,192,,10.1016/j.neunet.2025.107724,https://doi.org/10.1016/j.neunet.2025.107724,article,Neural Networks,https://openalex.org/W4412429458
Neural Networks,Elsevier,2025,2025-07-15,PT-BitNet: Scaling up the 1-Bit large language model with post-training quantization,Yufei Guo; Zecheng Hao; Jiahang Shao; Jie Zhou; Xiaode Liu; Xin Tong; Yuhan Zhang; Yuanpei Chen; Weihang Peng; Zhe Ma,191,,10.1016/j.neunet.2025.107855,https://doi.org/10.1016/j.neunet.2025.107855,article,Neural Networks,https://openalex.org/W4412429413
Neural Networks,Elsevier,2025,2025-07-15,PVBF: A framework for mitigating parameter variation imbalance in online continual learning,Zelin Tao; Hao Deng; Mingqing Liu; Lijun Zhang; Shengjie Zhao,192,,10.1016/j.neunet.2025.107823,https://doi.org/10.1016/j.neunet.2025.107823,article,Neural Networks,https://openalex.org/W4412429462
Neural Networks,Elsevier,2025,2025-07-15,Pixel adaptive deep-unfolding neural network with state space model for image deraining,Yao Xiao; Youshen Xia,191,,10.1016/j.neunet.2025.107845,https://doi.org/10.1016/j.neunet.2025.107845,article,Neural Networks,https://openalex.org/W4412429511
Neural Networks,Elsevier,2025,2025-07-15,"Practicing in quiz, assessing in quiz: A quiz-based neural network approach for knowledge tracing",Shuanghong Shen; Qi Liu; Zhenya Huang; Linbo Zhu; Junyu Lu; Kai Zhang,191,,10.1016/j.neunet.2025.107797,https://doi.org/10.1016/j.neunet.2025.107797,article,Neural Networks,https://openalex.org/W4412429502
Neural Networks,Elsevier,2025,2025-07-15,Pre- to post-contrast medical image synthesis with outline-guide accelerate diffusion model,Xueying Fan; Liming Xu; Bochuan Zheng; Xianhua Zeng; Weisheng Li; Zhiwei Huang,192,,10.1016/j.neunet.2025.107851,https://doi.org/10.1016/j.neunet.2025.107851,article,Neural Networks,https://openalex.org/W4412429346
Neural Networks,Elsevier,2025,2025-07-15,Redundancy-Adaptive Multimodal Learning for imperfect data,Mengxi Chen; Jiangchao Yao; Linyu Xing; Yu Wang; Ya Zhang; Yanfeng Wang,191,,10.1016/j.neunet.2025.107821,https://doi.org/10.1016/j.neunet.2025.107821,article,Neural Networks,https://openalex.org/W4412429473
Neural Networks,Elsevier,2025,2025-07-15,SREGS: Sparse-view Gaussian radiance fields with geometric regularization and region exploration,Xiaotong Li; Kefeng Li; Guangyuan Zhang; Zhenfang Zhu; Peng Wang; Zhenfei Wang; Chen Fu; Yongshuo Zhang; Zhiming Fan; Yongpeng Zhao,191,,10.1016/j.neunet.2025.107820,https://doi.org/10.1016/j.neunet.2025.107820,article,Neural Networks,https://openalex.org/W4412393065
Neural Networks,Elsevier,2025,2025-07-15,Singular values-driven automated filter pruning,Van Tien Pham; Yassine Zniyed; Thanh Phương Nguyễn,192,,10.1016/j.neunet.2025.107857,https://doi.org/10.1016/j.neunet.2025.107857,article,Neural Networks,https://openalex.org/W4412429273
Neural Networks,Elsevier,2025,2025-07-15,Structural consistency learning for unsupervised domain adaptive object detection,Zhiyu Jiang; Jie Chen; Yuan Yuan,191,,10.1016/j.neunet.2025.107767,https://doi.org/10.1016/j.neunet.2025.107767,article,Neural Networks,https://openalex.org/W4412392661
Neural Networks,Elsevier,2025,2025-07-15,Tensor network decomposition for data recovery: Recent advancements and future prospects,Yu‐Bang Zheng; Xi-Le Zhao; Heng-Chao Li; Chao Li; Ting‐Zhu Huang; Qibin Zhao,191,,10.1016/j.neunet.2025.107808,https://doi.org/10.1016/j.neunet.2025.107808,article,Neural Networks,https://openalex.org/W4412449966
Neural Networks,Elsevier,2025,2025-07-15,VDCRL: vulnerability detection with supervised contrastive code representation learning,Xinghang Lv; Jianming Fu; Yu Man Nie,192,,10.1016/j.neunet.2025.107861,https://doi.org/10.1016/j.neunet.2025.107861,article,Neural Networks,https://openalex.org/W4412449978
Neural Networks,Elsevier,2025,2025-07-16,Decoding natural visual scenes via learnable representations of neural spiking sequences,Jing Peng; Shanshan Jia; Jiyuan Zhang; Yongxing Wang; Zhaofei Yu; Jian K. Liu,192,,10.1016/j.neunet.2025.107863,https://doi.org/10.1016/j.neunet.2025.107863,article,Neural Networks,https://openalex.org/W4412465466
Neural Networks,Elsevier,2025,2025-07-16,EEGMamba: An EEG foundation model with Mamba,Jiquan Wang; Sha Zhao; Zhiling Luo; Yangxuan Zhou; Shijian Li; Gang Pan,192,,10.1016/j.neunet.2025.107816,https://doi.org/10.1016/j.neunet.2025.107816,article,Neural Networks,https://openalex.org/W4412467931
Neural Networks,Elsevier,2025,2025-07-16,Experimental data-efficient reinforcement learning with an ensemble of surrogate models,Jiazhou Jiang; Zhiyong Chen,192,,10.1016/j.neunet.2025.107870,https://doi.org/10.1016/j.neunet.2025.107870,article,Neural Networks,https://openalex.org/W4412459491
Neural Networks,Elsevier,2025,2025-07-16,Exploring dual-view graph structures: Contrastive learning with graph and hypergraph for multivariate time series classification,Ziyi Xiao; Cong Luo; Jiajia Hu; Guodong Sa; Yueyang Wang,192,,10.1016/j.neunet.2025.107859,https://doi.org/10.1016/j.neunet.2025.107859,article,Neural Networks,https://openalex.org/W4412459469
Neural Networks,Elsevier,2025,2025-07-16,"Linkage on security, privacy and fairness in federated learning: New balances and new perspectives",Linlin Wang; Tianqing Zhu; Wanlei Zhou; Philip S. Yu,192,,10.1016/j.neunet.2025.107874,https://doi.org/10.1016/j.neunet.2025.107874,article,Neural Networks,https://openalex.org/W4412480369
Neural Networks,Elsevier,2025,2025-07-16,MGTR-MISS: More Ground Truth Retrieving based Multimodal Interaction and Semantic Supervision for video description,Jiayu Zhang; Pengjie Tang; Yunlan Tan; Hanli Wang,192,,10.1016/j.neunet.2025.107817,https://doi.org/10.1016/j.neunet.2025.107817,article,Neural Networks,https://openalex.org/W4412523411
Neural Networks,Elsevier,2025,2025-07-16,Multi-view contrastive learning for graph adversarial defense,Xiao Zhang; Peng Bao,192,,10.1016/j.neunet.2025.107868,https://doi.org/10.1016/j.neunet.2025.107868,article,Neural Networks,https://openalex.org/W4412459658
Neural Networks,Elsevier,2025,2025-07-16,Representation-driven sampling and adaptive policy resetting for improving multi-Agent reinforcement learning,Weiqiang Jin; Xingwu Tian; Ningwei Wang; Baohai Wu; Bohang Shi; Biao Zhao; Guang Zhong Yang,192,,10.1016/j.neunet.2025.107875,https://doi.org/10.1016/j.neunet.2025.107875,article,Neural Networks,https://openalex.org/W4412459440
Neural Networks,Elsevier,2025,2025-07-17,Detector-based boundary synchronization control of hidden Markov jump reaction–diffusion neural networks,Lin Sun; Hailong Huang; Yan Peng; Juntong Qi,192,,10.1016/j.neunet.2025.107710,https://doi.org/10.1016/j.neunet.2025.107710,article,Neural Networks,https://openalex.org/W4412650534
Neural Networks,Elsevier,2025,2025-07-17,Robust full-parameter control method: Constructing multiscroll HNN via memristor,Zhiqiang Wan; Yi‐Fei Pu; Minghong Qin; Qiang Lai,192,,10.1016/j.neunet.2025.107878,https://doi.org/10.1016/j.neunet.2025.107878,article,Neural Networks,https://openalex.org/W4412862566
Neural Networks,Elsevier,2025,2025-07-18,A comprehensive assessment benchmark for rigorously evaluating deep learning image classifiers,Michael Spratling,192,,10.1016/j.neunet.2025.107801,https://doi.org/10.1016/j.neunet.2025.107801,article,Neural Networks,https://openalex.org/W4412707902
Neural Networks,Elsevier,2025,2025-07-18,Adversarial purification with one-step guided diffusion model,Yanchun Li; LI Ze-min; Long Shuang Huang; Lingzhi Hu; Li Zeng; Dongsu Shen,192,,10.1016/j.neunet.2025.107877,https://doi.org/10.1016/j.neunet.2025.107877,article,Neural Networks,https://openalex.org/W4412654235
Neural Networks,Elsevier,2025,2025-07-18,DP2Unlearning: An efficient and guaranteed unlearning framework for LLMs,Tamim Al Mahmud; Najeeb Jebreel; Josep Domingo‐Ferrer; David Sánchez,192,,10.1016/j.neunet.2025.107879,https://doi.org/10.1016/j.neunet.2025.107879,article,Neural Networks,https://openalex.org/W4412654140
Neural Networks,Elsevier,2025,2025-07-18,M3T-CKD: A multi-modal multi-teacher contrastive knowledge distillation framework for survival prediction of patients with carotid atherosclerosis,Nana Jia; Tong Jia; Zhiao Zhang; Yanchao Zhang; Liying Xing; Shuang Liu,192,,10.1016/j.neunet.2025.107811,https://doi.org/10.1016/j.neunet.2025.107811,article,Neural Networks,https://openalex.org/W4412618845
Neural Networks,Elsevier,2025,2025-07-18,Multiple one-shot image generation via deep structure reshuffle,Yao Gou; Min Li; Yusen Zhang; Xianjie Zhang; Yujie He,192,,10.1016/j.neunet.2025.107862,https://doi.org/10.1016/j.neunet.2025.107862,article,Neural Networks,https://openalex.org/W4412653164
Neural Networks,Elsevier,2025,2025-07-18,Price-aware debiased learning model for recommendation,Jiajin Wu; Bo Yang; Qianyang Zhu; Runze Mao; Qing Li,192,,10.1016/j.neunet.2025.107872,https://doi.org/10.1016/j.neunet.2025.107872,article,Neural Networks,https://openalex.org/W4412653655
Neural Networks,Elsevier,2025,2025-07-18,Uniform approximation with quadratic neural networks,Ahmed Abdeljawad,192,,10.1016/j.neunet.2025.107742,https://doi.org/10.1016/j.neunet.2025.107742,article,Neural Networks,https://openalex.org/W4412650290
Neural Networks,Elsevier,2025,2025-07-19,Beyond Homophily: Class imbalance graph classification via Rewiring Graph of Graphs,Hui Shen; Huifang Ma; Jiyuan Sun; Yuwei Gao; Zhixin Li,192,,10.1016/j.neunet.2025.107738,https://doi.org/10.1016/j.neunet.2025.107738,article,Neural Networks,https://openalex.org/W4412654773
Neural Networks,Elsevier,2025,2025-07-19,CognitMoE: A cognition-aware collaborative multi-expert network for bipolar disorder diagnosis,Xiaotong Zhu; Y. Wang; Yuqing Ma; Zhange Zhang; Yujun Gao,192,,10.1016/j.neunet.2025.107854,https://doi.org/10.1016/j.neunet.2025.107854,article,Neural Networks,https://openalex.org/W4412959625
Neural Networks,Elsevier,2025,2025-07-19,Hierarchical knowledge-guided reasoning for text-based person re-identification,Ruigeng Zeng; Wentao Ma; Tongqing Zhou; Shan Zhao; Xinjun Mao; Jie Liu,192,,10.1016/j.neunet.2025.107888,https://doi.org/10.1016/j.neunet.2025.107888,article,Neural Networks,https://openalex.org/W4412726749
Neural Networks,Elsevier,2025,2025-07-19,LeanKAN: a parameter-lean Kolmogorov-Arnold network layer with improved memory efficiency and convergence behavior,Benjamin C. Koenig; Suyong Kim; Sili Deng,192,,10.1016/j.neunet.2025.107883,https://doi.org/10.1016/j.neunet.2025.107883,article,Neural Networks,https://openalex.org/W4412724701
Neural Networks,Elsevier,2025,2025-07-19,SS-KAN: Self-supervised Kolmogorov-Arnold networks for limited data remote sensing semantic segmentation,Jiyong Zhang; Zeyan Jin; Yiqian Xia; Xihua Yuan; Yifei Wang; Ning Li; Ning Li; Yinhui Yu; Deguang Li,192,,10.1016/j.neunet.2025.107881,https://doi.org/10.1016/j.neunet.2025.107881,article,Neural Networks,https://openalex.org/W4412654784
Neural Networks,Elsevier,2025,2025-07-20,DMCA-Net: Dual-branch multi-granularity hierarchical contrast and cross-attention network for cervical abnormal cell detection,Zhiping Wang; Peng Yao; Shuwei Shen; Pengfei Shao; Wei Ren; Liang Zeng; Mingzhai Sun; Ronald X. Xu,192,,10.1016/j.neunet.2025.107890,https://doi.org/10.1016/j.neunet.2025.107890,article,Neural Networks,https://openalex.org/W4412495595
Neural Networks,Elsevier,2025,2025-07-20,Neuro-dynamic programming-based event-triggered fault tolerant control for nonlinear systems with multiple faults,Haowei Lin; Weifeng Su; Runlin Huang; Bo Zhao; Jing Zhao; Wentao Fan,192,,10.1016/j.neunet.2025.107885,https://doi.org/10.1016/j.neunet.2025.107885,article,Neural Networks,https://openalex.org/W4412495684
Neural Networks,Elsevier,2025,2025-07-21,A lightweight dual-student mean teacher semi-supervised semantic segmentation method for skin lesions,Guokai Zhang; Jie Lü; Yongyong Chen; Yongyong Chen; Yuanhaonan Deng; Binghui Zhao; Hao Chen; Lixia Xue,192,,10.1016/j.neunet.2025.107882,https://doi.org/10.1016/j.neunet.2025.107882,article,Neural Networks,https://openalex.org/W4412529602
Neural Networks,Elsevier,2025,2025-07-22,"Corrigendum to “Hierarchical Feature-guided Prototypical Network for Few-shot Knowledge Graph Completion” [Neural Networks Volume 191, November 2025, 107702/NN_107702]",Yuling Li; Kui Yu; Fei Yang; Chunfeng Shen; Ji Chang; Zerui Li; Kang Liu,192,,10.1016/j.neunet.2025.107886,https://doi.org/10.1016/j.neunet.2025.107886,erratum,Neural Networks,https://openalex.org/W4412544763
Neural Networks,Elsevier,2025,2025-07-22,GSAformer: Group sparse attention transformer for functional brain network analysis,Lina Zhou; Xiao Jiang; Mengxue Pang; Jinshan Zhang; Shuai Zhang; Chris Nugent; Lishan Qiao,192,,10.1016/j.neunet.2025.107891,https://doi.org/10.1016/j.neunet.2025.107891,article,Neural Networks,https://openalex.org/W4412564401
Neural Networks,Elsevier,2025,2025-07-23,DialogueLLM: Context and emotion knowledge-tuned large language models for emotion recognition in conversations,Yazhou Zhang; Mengyao Wang; Youxi Wu; Prayag Tiwari; Qiuchi Li; Benyou Wang; Jing Qin,192,,10.1016/j.neunet.2025.107901,https://doi.org/10.1016/j.neunet.2025.107901,article,Neural Networks,https://openalex.org/W4412602922
Neural Networks,Elsevier,2025,2025-07-23,Enhancing adversarial transferability via transformation inference,Jiaxin Hu; Jie Lin; Xiangyuan Yang; Hanlin Zhang; Peng Fei Zhao,192,,10.1016/j.neunet.2025.107896,https://doi.org/10.1016/j.neunet.2025.107896,article,Neural Networks,https://openalex.org/W4412584868
Neural Networks,Elsevier,2025,2025-07-23,Enhancing intelligent transportation systems with a more efficient model for long-term traffic predictions based on an attention mechanism and a residual temporal convolutional network,Selim Reza; Marta Campos Ferreira; José J. M. Machado; João Manuel R. S. Tavares,192,,10.1016/j.neunet.2025.107897,https://doi.org/10.1016/j.neunet.2025.107897,article,Neural Networks,https://openalex.org/W4412609668
Neural Networks,Elsevier,2025,2025-07-23,Exclusive style removal for cross domain novel class discovery,Yicheng Wang; Feng Liu; Junmin Liu; Kai Sun,192,,10.1016/j.neunet.2025.107902,https://doi.org/10.1016/j.neunet.2025.107902,article,Neural Networks,https://openalex.org/W4412603278
Neural Networks,Elsevier,2025,2025-07-23,Global polynomial synchronization of neural networks with bidirectional proportional delays via adaptive pinning control and its application in image encryption,Liqun Zhou; Yongkang Zhang; Xinsong Yang; Jiapeng Han,192,,10.1016/j.neunet.2025.107889,https://doi.org/10.1016/j.neunet.2025.107889,article,Neural Networks,https://openalex.org/W4412584822
Neural Networks,Elsevier,2025,2025-07-23,High-dimensional classification problems with Barron regular boundaries under margin conditions,J.L. Muñoz Garcia; Philipp Petersen,192,,10.1016/j.neunet.2025.107898,https://doi.org/10.1016/j.neunet.2025.107898,article,Neural Networks,https://openalex.org/W4412599749
Neural Networks,Elsevier,2025,2025-07-23,Reinforcement learning with temporal and variable dependency-aware transformer for stock trading optimization,Yifan Li; Dong He Xu; Zhuang Wen Wu; Jing Min Gao; Tianqi Zhang; Lina Yu,192,,10.1016/j.neunet.2025.107905,https://doi.org/10.1016/j.neunet.2025.107905,article,Neural Networks,https://openalex.org/W4412603142
Neural Networks,Elsevier,2025,2025-07-23,Temporal structure-preserving transformer for industrial load forecasting,Senzhen Wu; Zhijin Wang; Xiufeng Liu; Yuan Zhao; Yue Hu; Yaohui Huang,192,,10.1016/j.neunet.2025.107887,https://doi.org/10.1016/j.neunet.2025.107887,article,Neural Networks,https://openalex.org/W4412599826
Neural Networks,Elsevier,2025,2025-07-23,Wind power generation forecasting system based on multi-model intelligent fusion strategy and probabilistic forecasting technology,Yamei Chen; Jianzhou Wang; Runze Li; Bo Zeng; Haiyan Lu,192,,10.1016/j.neunet.2025.107884,https://doi.org/10.1016/j.neunet.2025.107884,article,Neural Networks,https://openalex.org/W4412702533
Neural Networks,Elsevier,2025,2025-07-24,FairForensics: mitigating attribute bias in deepfake detection by integrating texture and attribute features,Chunlei Peng; Yinyin Chen; Decheng Liu; Nannan Wang; Xinbo Gao,192,,10.1016/j.neunet.2025.107899,https://doi.org/10.1016/j.neunet.2025.107899,article,Neural Networks,https://openalex.org/W4412630835
Neural Networks,Elsevier,2025,2025-07-24,Optimizing the multi-objective traveling salesman problem with a deep reinforcement learning algorithm using cross fusion attention networks,Xiaoyu Fu; Shenshen Gu; Chee–Meng Chew,192,,10.1016/j.neunet.2025.107904,https://doi.org/10.1016/j.neunet.2025.107904,article,Neural Networks,https://openalex.org/W4412816935
Neural Networks,Elsevier,2025,2025-07-25,MSB-VQA: Overcoming multiple source biases for robust visual question answering,Jingliang Gu; Xingjie Zhuang; Zhixin Li,192,,10.1016/j.neunet.2025.107908,https://doi.org/10.1016/j.neunet.2025.107908,article,Neural Networks,https://openalex.org/W4412714405
Neural Networks,Elsevier,2025,2025-07-25,Quasi-synchronization of Caputo-Hadamard fractional-order memristive neural networks with time-varying delays,Haining Li; Haining Li; Hongli Li; Hongli Li; Tingwen Huang; Xinzhi Liu; Jinde Cao,192,,10.1016/j.neunet.2025.107900,https://doi.org/10.1016/j.neunet.2025.107900,article,Neural Networks,https://openalex.org/W4412891866
Neural Networks,Elsevier,2025,2025-07-25,Regional crowd flow estimation from aerial view,Huibin Wei; Qi Li; Xindai Lin; Yuhao Lin; Shu Wang; Shengfeng He; Antoni B. Chan; Wenxi Liu,192,,10.1016/j.neunet.2025.107907,https://doi.org/10.1016/j.neunet.2025.107907,article,Neural Networks,https://openalex.org/W4412828195
Neural Networks,Elsevier,2025,2025-07-25,Sampled-data control-based stabilization of fuzzy inertial quaternion-valued delayed neural networks with parameter uncertainties,Ziye Zhang; S. S. Lv; Runan Guo; Zhen Wang; Chong Lin,192,,10.1016/j.neunet.2025.107880,https://doi.org/10.1016/j.neunet.2025.107880,article,Neural Networks,https://openalex.org/W4412879382
Neural Networks,Elsevier,2025,2025-07-26,RoSwish: A novel Rotating Swish activation function with adaptive rotation around zero,Shengbo Zhang; Guoqiang Ren,192,,10.1016/j.neunet.2025.107892,https://doi.org/10.1016/j.neunet.2025.107892,article,Neural Networks,https://openalex.org/W4412657366
Neural Networks,Elsevier,2025,2025-07-27,Dominant preference decoupling and guided perturbed preference injection for cross-domain sequence recommendation,Xudong Li; Zhenhua Huang; Chang‐Dong Wang; Yunwen Chen,192,,10.1016/j.neunet.2025.107906,https://doi.org/10.1016/j.neunet.2025.107906,article,Neural Networks,https://openalex.org/W4412673942
Neural Networks,Elsevier,2025,2025-07-27,LS-PRISM: A layer-selective pruning method via low-rank approximation and sparsification for efficient large language model compression,Renshuai Tao; Hairong Chen; Yuzhe Guo; Jiakai Wang; Boying Wang; Rongrong Ni; Yao Jiang Zhao,192,,10.1016/j.neunet.2025.107909,https://doi.org/10.1016/j.neunet.2025.107909,article,Neural Networks,https://openalex.org/W4412676021
Neural Networks,Elsevier,2025,2025-07-28,Design and analysis of gradient-based differential neural network for solving time-varying quadratic problems with inequality constraint,Yang Zeng; Cheng Hua; Bolin Liao; Zhan Li,192,,10.1016/j.neunet.2025.107911,https://doi.org/10.1016/j.neunet.2025.107911,article,Neural Networks,https://openalex.org/W4412803087
Neural Networks,Elsevier,2025,2025-07-28,Hierarchical fine-grained multi-behavior recommendation with behavior-aware contrastive learning,Kaiyao Zhu; Jinhuan Liu; Xuemeng Song; Jianhua Yin; Shuhan Qi; Junwei Du,192,,10.1016/j.neunet.2025.107912,https://doi.org/10.1016/j.neunet.2025.107912,article,Neural Networks,https://openalex.org/W4413039940
Neural Networks,Elsevier,2025,2025-07-28,Lossless steganographic network via model arithmetic operations,Fan Yao; Fuqiang Di; Mingqing Zhang; Zichi Wang; Jia Liu,192,,10.1016/j.neunet.2025.107918,https://doi.org/10.1016/j.neunet.2025.107918,article,Neural Networks,https://openalex.org/W4412891565
Neural Networks,Elsevier,2025,2025-07-28,Nucleotide-level circRNA-RBP binding sites prediction based on hybrid encoding scheme and enhanced feature extraction,Yajing Guo; Xiujuan Lei; Zhengfeng Wang; Ling Guo; Fang‐Xiang Wu; Yi Pan,192,,10.1016/j.neunet.2025.107923,https://doi.org/10.1016/j.neunet.2025.107923,article,Neural Networks,https://openalex.org/W4412686559
Neural Networks,Elsevier,2025,2025-07-28,State bounding for discrete-time switched genetic regulatory networks with time delay and exogenous disturbances,Jiayuan Yan; Bin Hu; Zhi‐Hong Guan; Zhao Zhang,192,,10.1016/j.neunet.2025.107910,https://doi.org/10.1016/j.neunet.2025.107910,article,Neural Networks,https://openalex.org/W4412686490
Neural Networks,Elsevier,2025,2025-07-29,Adaptive set-level metric for few-Shot image classification,Yadang Chen; Zhi Xu; Jin Wang; Zhi-Xin Yang,192,,10.1016/j.neunet.2025.107924,https://doi.org/10.1016/j.neunet.2025.107924,article,Neural Networks,https://openalex.org/W4412710133
Neural Networks,Elsevier,2025,2025-07-29,Dual channel and dual feedback loop self-learning memristive neural network circuit and its application,Qiuzhen Wan; Jiong Liu; Tieqiao Liu; R. Zhou; Peng Qin,192,,10.1016/j.neunet.2025.107929,https://doi.org/10.1016/j.neunet.2025.107929,article,Neural Networks,https://openalex.org/W4412957749
Neural Networks,Elsevier,2025,2025-07-29,Family-based continual learning for multi-domain pattern analysis in federated frameworks with GCN and ViT,Saeed Iqbal; Xiaopin Zhong; Muhammad Attique Khan; Zongze Wu; Dina Abdulaziz AlHammadi; Weixiang Liu,192,,10.1016/j.neunet.2025.107920,https://doi.org/10.1016/j.neunet.2025.107920,article,Neural Networks,https://openalex.org/W4412731491
Neural Networks,Elsevier,2025,2025-07-29,SCFMUNet: A fusion architecture based on multi-scale state space model and channel attention for medical image segmentation,Zhiyong Huang; Zhiyu Zhao; Zhi Hong Yu; Mingyang Hou; Shiyao Zhou; Jiahong Wang; Yan Yan; Yu-Shi Liu; Hans N. Gregersen,192,,10.1016/j.neunet.2025.107919,https://doi.org/10.1016/j.neunet.2025.107919,article,Neural Networks,https://openalex.org/W4412731498
Neural Networks,Elsevier,2025,2025-07-29,Two novel cold-start multistage neural solvers for constrained nonlinear equations with extended time horizons,Qiuyue Zuo; Haibing Fan; Lin Xiao; Zhizhong Liu,192,,10.1016/j.neunet.2025.107917,https://doi.org/10.1016/j.neunet.2025.107917,article,Neural Networks,https://openalex.org/W4412710992
Neural Networks,Elsevier,2025,2025-07-30,Boosting Knowledge Graph with Diverse-Aware Intent Inference for recommendations,Shaoqing Lv; Chichi Wang; Xiang Ju; Zhiqiang Bao; Min Li,192,,10.1016/j.neunet.2025.107914,https://doi.org/10.1016/j.neunet.2025.107914,article,Neural Networks,https://openalex.org/W4412764206
Neural Networks,Elsevier,2025,2025-07-30,Long-range diffusion for weakly camouflaged object segmentation,Rui Wang; Caijuan Shi; Weixiang Gao; Changyu Duan; Ao Cai; Fei Yu; Yunchao Wei,192,,10.1016/j.neunet.2025.107915,https://doi.org/10.1016/j.neunet.2025.107915,article,Neural Networks,https://openalex.org/W4412749517
Neural Networks,Elsevier,2025,2025-07-31,A cause fusion framework with information bottleneck for conversational causal emotion entailment,Xinxin Su; Zhen Huang; Menglong Lu; Sisi Dai; Biao Hu; Yong Dou; Yunxiang Zhao,192,,10.1016/j.neunet.2025.107926,https://doi.org/10.1016/j.neunet.2025.107926,article,Neural Networks,https://openalex.org/W4412791532
Neural Networks,Elsevier,2025,2025-08-04,CURRENT EVENTS,,190,,10.1016/s0893-6080(25)00819-6,https://doi.org/10.1016/s0893-6080(25)00819-6,article,Neural Networks,https://openalex.org/W4412938447
Neural Networks,Elsevier,2025,2025-08-04,Editorial Board,,190,,10.1016/s0893-6080(25)00816-0,https://doi.org/10.1016/s0893-6080(25)00816-0,paratext,Neural Networks,https://openalex.org/W4412938456
Neural Networks,Elsevier,2025,2025-08-04,INN/ENNS/JNNS - Membership Applic. Form,,190,,10.1016/s0893-6080(25)00820-2,https://doi.org/10.1016/s0893-6080(25)00820-2,article,Neural Networks,https://openalex.org/W4412938408
Neural Networks,Elsevier,2025,2025-08-05,A Physics-Informed Neural Network framework for solving PDEs on point clouds via surface reconstruction,Junseung Ryu; Seungtae Park; Hyung Ju Hwang,192,,10.1016/j.neunet.2025.107928,https://doi.org/10.1016/j.neunet.2025.107928,article,Neural Networks,https://openalex.org/W4412977798
Neural Networks,Elsevier,2025,2025-08-05,A functional iterative approach for twin bounded support vector machine with squared pinball loss (Spin-FITBSVM),Deepak Gupta; Barenya Bikash Hazarika; Umesh Chandra Gupta,192,,10.1016/j.neunet.2025.107942,https://doi.org/10.1016/j.neunet.2025.107942,article,Neural Networks,https://openalex.org/W4412980699
Neural Networks,Elsevier,2025,2025-08-05,A new local time-decoupled squared Wasserstein-2 method for training stochastic neural networks to reconstruct uncertain parameters in dynamical systems,Mingtao Xia; Qijing Shen; Philip K. Maini; Eamonn A. Gaffney; Alex Mogilner,193,,10.1016/j.neunet.2025.107893,https://doi.org/10.1016/j.neunet.2025.107893,article,Neural Networks,https://openalex.org/W4412981073
Neural Networks,Elsevier,2025,2025-08-05,Are Vision-xLSTM-embedded U-Nets better at segmenting medical images?,Pallabi Dutta; Soham Bose; Swalpa Kumar Roy; Sushmita Mitra,192,,10.1016/j.neunet.2025.107925,https://doi.org/10.1016/j.neunet.2025.107925,article,Neural Networks,https://openalex.org/W4412989068
Neural Networks,Elsevier,2025,2025-08-05,CMFF: Cross-modal feature fusion network for robust point cloud completion,Jian Gao; Yuhe Zhang; Pengbo Zhou; Xinda Liu; Longquan Yan; Mingquan Zhou; Guohua Geng,192,,10.1016/j.neunet.2025.107930,https://doi.org/10.1016/j.neunet.2025.107930,article,Neural Networks,https://openalex.org/W4412981085
Neural Networks,Elsevier,2025,2025-08-05,Context selectivity with dynamic availability enables lifelong continual learning,Martin Barry; Wulfram Gerstner; Guillaume Bellec,192,,10.1016/j.neunet.2025.107728,https://doi.org/10.1016/j.neunet.2025.107728,article,Neural Networks,https://openalex.org/W4413052819
Neural Networks,Elsevier,2025,2025-08-05,Efficient offline-to-online reinforcement learning with pre-reduced out-of-distribution Q-values,Tao Wang; Xiangfeng Luo; Zhenyu Zhang; Shaorong Xie,192,,10.1016/j.neunet.2025.107947,https://doi.org/10.1016/j.neunet.2025.107947,article,Neural Networks,https://openalex.org/W4413002308
Neural Networks,Elsevier,2025,2025-08-05,Fast Heterogeneous Graph Neural Network Generation via Meta Contrastive Learning,Jia Wu; Zixuan Xu; SiYao Qiao,192,,10.1016/j.neunet.2025.107727,https://doi.org/10.1016/j.neunet.2025.107727,article,Neural Networks,https://openalex.org/W4412983345
Neural Networks,Elsevier,2025,2025-08-05,GAE-Net: A gait-assisted enhancement network for video-based person re-identification,Minting Dai; Xi Yang; Wenjiao Dong; Nannan Wang,192,,10.1016/j.neunet.2025.107946,https://doi.org/10.1016/j.neunet.2025.107946,article,Neural Networks,https://openalex.org/W4413053625
Neural Networks,Elsevier,2025,2025-08-05,JCCMTM: Joint channel-independent and channel-dependent strategy for masked multivariate time-series modeling,Qi Li; Zhenyu Zhang; Yong Zhang; Zhao Zhang; Lin Zhu; Xiaolei Hua; Renkai Yu; Xinwen Fan; Zhe Lei; Junlan Feng,192,,10.1016/j.neunet.2025.107922,https://doi.org/10.1016/j.neunet.2025.107922,article,Neural Networks,https://openalex.org/W4412979405
Neural Networks,Elsevier,2025,2025-08-05,MHDBN: Mamba-based hybrid dual-branch network for multi-focus image fusion,Pan Wu; Jin Tang,192,,10.1016/j.neunet.2025.107916,https://doi.org/10.1016/j.neunet.2025.107916,article,Neural Networks,https://openalex.org/W4412989004
Neural Networks,Elsevier,2025,2025-08-05,MultiverseAD: Enhancing spatial-temporal synchronous attention networks with causal knowledge for multivariate time series anomaly detection,Xiao Jia; Defu Cao; Niangxi Zhuang; Wei Peng; Baokang Zhao; Xun Peng; Haojie Li; Chiran Shen,192,,10.1016/j.neunet.2025.107903,https://doi.org/10.1016/j.neunet.2025.107903,article,Neural Networks,https://openalex.org/W4412981604
Neural Networks,Elsevier,2025,2025-08-05,Neural dynamics and synaptic plasticity in simple networks drive Lévy flight foraging and obstacle avoidance behaviors for bio-inspired autonomous flight,Vatsanai Jaiton; Poramate Manoonpong,192,,10.1016/j.neunet.2025.107913,https://doi.org/10.1016/j.neunet.2025.107913,article,Neural Networks,https://openalex.org/W4413053739
Neural Networks,Elsevier,2025,2025-08-05,STARFormer: A novel spatio-temporal aggregation reorganization transformer of FMRI for brain disorder diagnosis,Wenhao Dong; Yueyang Li; Weiming Zeng; Lei Chen; Hongjie Yan; Wai Ting Siok; Nizhuan Wang,192,,10.1016/j.neunet.2025.107927,https://doi.org/10.1016/j.neunet.2025.107927,article,Neural Networks,https://openalex.org/W4412989055
Neural Networks,Elsevier,2025,2025-08-05,Study of fractional order epidemic compartmental model by using artificial deep neural networks,Eiman; Kamal Shah; Muhammad Sarwar; Thabet Abdeljawad,192,,10.1016/j.neunet.2025.107944,https://doi.org/10.1016/j.neunet.2025.107944,article,Neural Networks,https://openalex.org/W4412981559
Neural Networks,Elsevier,2025,2025-08-06,A novel number-theoretic sampling method for neural network solutions of partial differential equations,Yu Yang; Pingan He; Xiaoling Peng; Qiaolin He,192,,10.1016/j.neunet.2025.107945,https://doi.org/10.1016/j.neunet.2025.107945,article,Neural Networks,https://openalex.org/W4413031580
Neural Networks,Elsevier,2025,2025-08-06,CSFformer: Redefining multi-channel time series analysis with cross-scale fusion Transformer,Meng Wan; Huan Hao; Jue Wang; Qi Su; Tengfei Hu; Yuexiu Cui; Yangang Wang; Peng Shi; Shulong Wang; Hong Ren Wu; Liqiang Yao,192,,10.1016/j.neunet.2025.107921,https://doi.org/10.1016/j.neunet.2025.107921,article,Neural Networks,https://openalex.org/W4413020387
Neural Networks,Elsevier,2025,2025-08-06,Enhancing robustness of spiking neural networks through retina-like coding and memory-based neurons,Jiahong Zhang; Kexin Wang; Man Yao; Han Xu; Peng Zhou; Bo Xu; Guoqi Li,193,,10.1016/j.neunet.2025.107950,https://doi.org/10.1016/j.neunet.2025.107950,article,Neural Networks,https://openalex.org/W4412999456
Neural Networks,Elsevier,2025,2025-08-06,Interpreting reservoir computing through the equivalent visualization of its loss landscape,Xinyu Han; Ziqi Yang; Yi Zhao,192,,10.1016/j.neunet.2025.107931,https://doi.org/10.1016/j.neunet.2025.107931,article,Neural Networks,https://openalex.org/W4413011782
Neural Networks,Elsevier,2025,2025-08-06,Knowledge-distillation based personalized federated learning with distribution constraints,Ziyang Zhang; Chang Mu; Kailing Guo; Xiang Tian; Xiangmin Xu,193,,10.1016/j.neunet.2025.107951,https://doi.org/10.1016/j.neunet.2025.107951,article,Neural Networks,https://openalex.org/W4413026393
Neural Networks,Elsevier,2025,2025-08-06,Liquid state machines Gaussian process,Hengbin Liu; Xin Wang; Changsheng Li; Ning Tan,192,,10.1016/j.neunet.2025.107949,https://doi.org/10.1016/j.neunet.2025.107949,article,Neural Networks,https://openalex.org/W4413027423
Neural Networks,Elsevier,2025,2025-08-06,MPGM:Multi-prompt generation model with self-supervised contrastive learning for aspect sentiment triplet extraction,Kun Yang; Liansong Zong; Mingwei Tang; Jie Hu; Yanxi Zheng; Yu-Jung Chen; Mingfeng Zhao,192,,10.1016/j.neunet.2025.107894,https://doi.org/10.1016/j.neunet.2025.107894,article,Neural Networks,https://openalex.org/W4413031574
Neural Networks,Elsevier,2025,2025-08-06,Major depressive disorder detection via temporal-frequency-spatial transformer with sub-domain knowledge alignment using EEG,Chenyang Xu; Feiyi Fan; Lixuan Zhao; Li-Cheng Jin; Yonghui Zhang; Qing‐Hao Meng,193,,10.1016/j.neunet.2025.107965,https://doi.org/10.1016/j.neunet.2025.107965,article,Neural Networks,https://openalex.org/W4413011722
Neural Networks,Elsevier,2025,2025-08-07,Adaptive spatial feature extraction and graphical feature awareness for robust point cloud registration,Yilin Chen; Mei Yang; Tao Lü; Lu Zou; Xiangyun Liao; Fazhi He,193,,10.1016/j.neunet.2025.107966,https://doi.org/10.1016/j.neunet.2025.107966,article,Neural Networks,https://openalex.org/W4413044076
Neural Networks,Elsevier,2025,2025-08-07,Counting with ease: Class-agnostic counting via one-shot detection across diverse domains,Zhongxing Peng; Bohui Guo; Shugong Xu,193,,10.1016/j.neunet.2025.107961,https://doi.org/10.1016/j.neunet.2025.107961,article,Neural Networks,https://openalex.org/W4413042711
Neural Networks,Elsevier,2025,2025-08-07,Explainable multiplex graph propagational network with multimodal neuroimage integration for dementia subtype diagnosis,Sunghong Park; Donggi Augustine Lee; Juhyeon Kim; Dokyoon Kim; Yonghyun Nam; Bumhee Park; Narae Kim; Seulgi Lee; Chang Hyung Hong; Sang Joon Son; Hyun Woong Roh; Hyun Goo Woo; Hyunjung Shin,192,,10.1016/j.neunet.2025.107971,https://doi.org/10.1016/j.neunet.2025.107971,article,Neural Networks,https://openalex.org/W4413254292
Neural Networks,Elsevier,2025,2025-08-07,HSFF-Net: Hierarchical spectral-feature fusion network for deepfake detection and localization,Ruidong Han; Xiaofeng Wang; Ningning Bai; Jianpeng Hou; Wenshuo Zhang; Jianghua Li,192,,10.1016/j.neunet.2025.107967,https://doi.org/10.1016/j.neunet.2025.107967,article,Neural Networks,https://openalex.org/W4413044141
Neural Networks,Elsevier,2025,2025-08-07,Online kernel selection for online multi-label classification,Tingting Zhai; Wei Liu,192,,10.1016/j.neunet.2025.107958,https://doi.org/10.1016/j.neunet.2025.107958,article,Neural Networks,https://openalex.org/W4413253997
Neural Networks,Elsevier,2025,2025-08-07,Robust open intent classification in many-shot and few-shot scenarios,Jingkai Wang; Xiangkun Wang; Jiafen Liu; Xiaocao Ouyang; Yanhua Li; Jie Zhang; Xin Yang,192,,10.1016/j.neunet.2025.107964,https://doi.org/10.1016/j.neunet.2025.107964,article,Neural Networks,https://openalex.org/W4413042660
Neural Networks,Elsevier,2025,2025-08-07,Static-dynamic class-level perception consistency in video semantic segmentation,Zhigang Cen; Ningyan Guo; Wenjing Xu; Zhiyong Feng; Danlan Huang,192,,10.1016/j.neunet.2025.107953,https://doi.org/10.1016/j.neunet.2025.107953,article,Neural Networks,https://openalex.org/W4413044264
Neural Networks,Elsevier,2025,2025-08-07,Type-agnostic and form-oriented deductive conclusion generation,Xin Wu; Yuqi Bu; Yi Cai; Yifei Chen; Ho-fung Leung,192,,10.1016/j.neunet.2025.107968,https://doi.org/10.1016/j.neunet.2025.107968,article,Neural Networks,https://openalex.org/W4413042632
Neural Networks,Elsevier,2025,2025-08-07,X-UNet:A novel global context-aware collaborative fusion U-shaped network with progressive feature fusion of codec for medical image segmentation,Shijie Xu; Yufeng Chen; Xiaoqian Zhang; Feng Sun; Siyu Chen; Yanchi Ou; Chao Luo,192,,10.1016/j.neunet.2025.107943,https://doi.org/10.1016/j.neunet.2025.107943,article,Neural Networks,https://openalex.org/W4413042656
Neural Networks,Elsevier,2025,2025-08-08,C3GAN: A brain-inspired memory consolidation for class-incremental learning,Lin Xiong; Tao Wang; Fuqing Zhang; Kangwen Zhu; Hailing Xiong,193,,10.1016/j.neunet.2025.107952,https://doi.org/10.1016/j.neunet.2025.107952,article,Neural Networks,https://openalex.org/W4413253813
Neural Networks,Elsevier,2025,2025-08-08,Concept-enhanced heterogeneous graph network for fact verification,Zhendong Chen; Lejian Liao; Siu Cheung Hui; Heyan Huang,193,,10.1016/j.neunet.2025.107959,https://doi.org/10.1016/j.neunet.2025.107959,article,Neural Networks,https://openalex.org/W4413252749
Neural Networks,Elsevier,2025,2025-08-08,Strategies at a glance: A comparative analysis of training techniques for optimizing early-exit deep neural networks,Haseena Rahmath P; Kuldeep Chaurasia; Abhay Bansal,192,,10.1016/j.neunet.2025.107970,https://doi.org/10.1016/j.neunet.2025.107970,article,Neural Networks,https://openalex.org/W4413136273
Neural Networks,Elsevier,2025,2025-08-08,Variational autoencoder for distributional learning via quantile function estimation,Seunghwan An; Sungchul Hong; Jong‐June Jeon,192,,10.1016/j.neunet.2025.107956,https://doi.org/10.1016/j.neunet.2025.107956,article,Neural Networks,https://openalex.org/W4413121256
Neural Networks,Elsevier,2025,2025-08-09,Domain-aware self-prompting for cross-domain sequential recommendations with natural language explanations,Tesfaye Fenta Boka; Zhendong Niu; Tekie Tsegay Tewolde; Ramadhani Ally Duma,193,,10.1016/j.neunet.2025.107969,https://doi.org/10.1016/j.neunet.2025.107969,article,Neural Networks,https://openalex.org/W4413237412
Neural Networks,Elsevier,2025,2025-08-10,Adaptively trigger memory network with temporal consistency for semi-supervised long video object segmentation,Fan Zhang; Xiangxu Cao; Yuqian Zhao,192,,10.1016/j.neunet.2025.107976,https://doi.org/10.1016/j.neunet.2025.107976,article,Neural Networks,https://openalex.org/W4413202112
Neural Networks,Elsevier,2025,2025-08-10,CausalCOMRL: Context-based offline meta-reinforcement learning with causal representation,Zheng-Zhe Zhang; Wenjia Meng; Haoliang Sun; Gang Pan,193,,10.1016/j.neunet.2025.107955,https://doi.org/10.1016/j.neunet.2025.107955,article,Neural Networks,https://openalex.org/W4413232880
Neural Networks,Elsevier,2025,2025-08-10,Hypergraph node representation learning with one-stage message passing,Shilin Qu; Weiqing Wang; Yuanfang Li; Xin Zhou; Fajie Yuan,193,,10.1016/j.neunet.2025.107973,https://doi.org/10.1016/j.neunet.2025.107973,article,Neural Networks,https://openalex.org/W4413232968
Neural Networks,Elsevier,2025,2025-08-11,C 3 aptioner: Improving change captioning by leveraging momentum cross-view and cross-modality contrastive learning,Lin Deng; Borui Kang; Yuzhong Zhong; Maoning Wang; Jianwei Zhang,193,,10.1016/j.neunet.2025.107957,https://doi.org/10.1016/j.neunet.2025.107957,article,Neural Networks,https://openalex.org/W4413148129
Neural Networks,Elsevier,2025,2025-08-11,Focusing on pedestrians like human for clothes changing person re-identification,Wenjie Pan; Jianqing Zhu; Xiaolin Cui; Huanqiang Zeng; Yibing Zhan,193,,10.1016/j.neunet.2025.107960,https://doi.org/10.1016/j.neunet.2025.107960,article,Neural Networks,https://openalex.org/W4413214502
Neural Networks,Elsevier,2025,2025-08-12,Dynamic graph transformation with multi-task learning for enhanced spatio-temporal traffic prediction,Nana Bu; Zongtao Duan; Wen Dang; Jianxun Zhao,193,,10.1016/j.neunet.2025.107963,https://doi.org/10.1016/j.neunet.2025.107963,article,Neural Networks,https://openalex.org/W4413185215
Neural Networks,Elsevier,2025,2025-08-12,Enhancing signed graph neural networks through curriculum-based training,Zeyu Zhang; Lu Li; Xingyu Ji; Kaiqi Zhao; Xiaofeng Zhu; Philip S. Yu; Jiawei Li; Maojun Wang,193,,10.1016/j.neunet.2025.107975,https://doi.org/10.1016/j.neunet.2025.107975,article,Neural Networks,https://openalex.org/W4413191017
Neural Networks,Elsevier,2025,2025-08-12,Learning instrumental variable representation for debiasing in recommender systems,Huang Zhi-rong; Shichao Zhang; Debo Cheng; Jiuyong Li; Lin Liu; Guangquan Lu; Guixian Zhang,193,,10.1016/j.neunet.2025.107977,https://doi.org/10.1016/j.neunet.2025.107977,article,Neural Networks,https://openalex.org/W4413190021
Neural Networks,Elsevier,2025,2025-08-12,Multi-view parallel convolutional network for organ segmentation in mediastinal region on CT images,Yining Xie; Wei Zhou; Jiayi Ma; Fengjiao Wang; Jing Zhao,193,,10.1016/j.neunet.2025.107972,https://doi.org/10.1016/j.neunet.2025.107972,article,Neural Networks,https://openalex.org/W4413190142
Neural Networks,Elsevier,2025,2025-08-12,Structure-preserving contrastive graph clustering with dual-channel label alignment,Guangyu Zhang; Yandi Huang; Dong Huang; Chang‐Dong Wang; Yang Liu; Enbo Huang,193,,10.1016/j.neunet.2025.107954,https://doi.org/10.1016/j.neunet.2025.107954,article,Neural Networks,https://openalex.org/W4413203419
Neural Networks,Elsevier,2025,2025-08-13,A spiking network model of the cerebellum for predicting movements with diverse complex spikes,Tomohiro Mitsuhashi; Yusuke Kuniyoshi; Koji Ikezoe; Kazuo Kitamura; Tadashi Yamazaki,193,107962,10.1016/j.neunet.2025.107962,https://doi.org/10.1016/j.neunet.2025.107962,article,Neural Networks,https://openalex.org/W4413179460
Neural Networks,Elsevier,2025,2025-08-13,G-NeuroDAVIS: A generative model for data visualization through a generalized embedding,Chayan Maitra; Rajat Kumar De,193,,10.1016/j.neunet.2025.107948,https://doi.org/10.1016/j.neunet.2025.107948,article,Neural Networks,https://openalex.org/W4413161993
Neural Networks,Elsevier,2025,2025-08-13,Gabor-enhanced physics-informed neural networks for fast simulations of acoustic wavefields,Mohammad Mahdi Abedi; David Pardo; Tariq A. Alkhalifah,193,,10.1016/j.neunet.2025.107978,https://doi.org/10.1016/j.neunet.2025.107978,article,Neural Networks,https://openalex.org/W4413162031
Neural Networks,Elsevier,2025,2025-08-13,SPD-Updater: Symmetric positive definite manifold geometry based temporal updating for visual object tracking,Jinglin Zhou; Tianyang Xu; Xuefeng Zhu; Xiao-Jun Wu; Josef Kittler,193,,10.1016/j.neunet.2025.107985,https://doi.org/10.1016/j.neunet.2025.107985,article,Neural Networks,https://openalex.org/W4413161937
Neural Networks,Elsevier,2025,2025-08-13,Symmetrical bidirectional knowledge alignment for zero-shot sketch-based image retrieval,Decheng Liu; Xu Luo; Chunlei Peng; Nannan Wang; Ruimin Hu; Xinbo Gao,193,,10.1016/j.neunet.2025.107980,https://doi.org/10.1016/j.neunet.2025.107980,article,Neural Networks,https://openalex.org/W4413148600
Neural Networks,Elsevier,2025,2025-08-13,Tensorized anchor alignment for incomplete multi-view clustering,Yiran Cai; Hangjun Che; Wei Guo; Baicheng Pan; Man-Fai Leung,193,,10.1016/j.neunet.2025.107981,https://doi.org/10.1016/j.neunet.2025.107981,article,Neural Networks,https://openalex.org/W4413161866
Neural Networks,Elsevier,2025,2025-08-15,DRG: A dual relational graph framework for course recommendation,Yong Ouyang; Zhen Ye; Lingyu Chen; Huanwen Wang; Yawen Zeng,193,,10.1016/j.neunet.2025.107984,https://doi.org/10.1016/j.neunet.2025.107984,article,Neural Networks,https://openalex.org/W4413444393
Neural Networks,Elsevier,2025,2025-08-15,Enhancing feature discrimination with pseudo-labels for foundation model in segmentation of 3D medical images,Ge Jin; Qian Zhang; Yong Cheng; M. Xu; Yingwen Zhu; De Quan Yu; Yongqi Yuan; Juncheng Li; Jun Shi,193,,10.1016/j.neunet.2025.107979,https://doi.org/10.1016/j.neunet.2025.107979,article,Neural Networks,https://openalex.org/W4413970490
Neural Networks,Elsevier,2025,2025-08-15,"Learning in PINNs: Phase transition, diffusion equilibrium, and generalization",Sokratis Anagnostopoulos; Juan Diego Toscano; Nikolaos Stergiopulos; George Em Karniadakis,193,,10.1016/j.neunet.2025.107983,https://doi.org/10.1016/j.neunet.2025.107983,article,Neural Networks,https://openalex.org/W4413971297
Neural Networks,Elsevier,2025,2025-08-15,Multi-site brain disease identification based on tensor decomposition and personalized federated learning,Chaojun Zhang; Jing Yang; Yuan Gao; Xiangli Yang; Shaojun Zou; Jieming Yang,193,,10.1016/j.neunet.2025.107987,https://doi.org/10.1016/j.neunet.2025.107987,article,Neural Networks,https://openalex.org/W4413416487
Neural Networks,Elsevier,2025,2025-08-15,Recurrent stochastic configuration networks with block increments,Gang Dang; Gang Dang,193,,10.1016/j.neunet.2025.107986,https://doi.org/10.1016/j.neunet.2025.107986,article,Neural Networks,https://openalex.org/W4413444508
Neural Networks,Elsevier,2025,2025-08-18,A novel twin parametric-margin support vector machine with capped asymmetric elastic net loss,FU Jian-ping; Hu Yang,193,,10.1016/j.neunet.2025.107998,https://doi.org/10.1016/j.neunet.2025.107998,article,Neural Networks,https://openalex.org/W4413275704
Neural Networks,Elsevier,2025,2025-08-18,A prompt-aware knowledge-tuning framework for histopathology subtype classification with scarce annotation,Bo Yu; Jihua Song; Lele Cong; Xianling Cong; Jouke Dijkstra; Philip S. Yu; Hechang Chen,193,,10.1016/j.neunet.2025.107993,https://doi.org/10.1016/j.neunet.2025.107993,article,Neural Networks,https://openalex.org/W4413294553
Neural Networks,Elsevier,2025,2025-08-18,Dual-channel hierarchical interactive learning for the prediction of Protein-Ligand binding affinity,Zheyu Wu; Huifang Ma; Bin Deng; Zhixin Li; Liang Chang,193,,10.1016/j.neunet.2025.107982,https://doi.org/10.1016/j.neunet.2025.107982,article,Neural Networks,https://openalex.org/W4413275759
Neural Networks,Elsevier,2025,2025-08-18,Dynamic reinforcement learning for actors,Katsunari Shibata,193,,10.1016/j.neunet.2025.107895,https://doi.org/10.1016/j.neunet.2025.107895,article,Neural Networks,https://openalex.org/W4413294559
Neural Networks,Elsevier,2025,2025-08-18,Enabling generalized zero-shot learning towards unseen domains by intrinsic learning from redundant LLM semantics,Jiaqi Yue; Chunhui Zhao; Jiancheng Zhao; Biao Huang,193,,10.1016/j.neunet.2025.107997,https://doi.org/10.1016/j.neunet.2025.107997,article,Neural Networks,https://openalex.org/W4413275917
Neural Networks,Elsevier,2025,2025-08-18,GraphGuard: An adaptive approach for restoring accuracy in backdoor-compromised GNNs,Adil Ahmad; A. A. Shah; Waleed S. Alnumay; Bahar Ali,193,,10.1016/j.neunet.2025.107990,https://doi.org/10.1016/j.neunet.2025.107990,article,Neural Networks,https://openalex.org/W4413275851
Neural Networks,Elsevier,2025,2025-08-18,IDMM-IDS: An efficient and robust intrusion detection system for the IoT based on the inverted Dirichlet mixture model,Wenda He; Xiangrui Cai; Yongqian Yu; Yuping Lai; Xiaojie Yuan,193,,10.1016/j.neunet.2025.108002,https://doi.org/10.1016/j.neunet.2025.108002,article,Neural Networks,https://openalex.org/W4413275813
Neural Networks,Elsevier,2025,2025-08-18,Large language modeling of hallucinatory problem mitigation based on the wheel of emotions,Zhenyu Wang; Jianmin Wang; Lu Zhou; Fang You,193,,10.1016/j.neunet.2025.107996,https://doi.org/10.1016/j.neunet.2025.107996,article,Neural Networks,https://openalex.org/W4413294544
Neural Networks,Elsevier,2025,2025-08-18,Manod: A multi-modal anomaly detection framework for distributed system,Wen Liu; Degang Sun; Haitian Yang; Yan Wang; Weiqing Huang,193,,10.1016/j.neunet.2025.107999,https://doi.org/10.1016/j.neunet.2025.107999,article,Neural Networks,https://openalex.org/W4413294554
Neural Networks,Elsevier,2025,2025-08-18,Unified auxiliary restoration network for robust multimodal 3D object detection in adverse conditions,Jae Hyun Yoon; Jong Won Jung; Seok Bong Yoo,193,,10.1016/j.neunet.2025.107992,https://doi.org/10.1016/j.neunet.2025.107992,article,Neural Networks,https://openalex.org/W4413275922
Neural Networks,Elsevier,2025,2025-08-19,Granular ball twin support vector machine with Universum data,M.A. Ganaie; Vrushank Ahire,193,,10.1016/j.neunet.2025.107974,https://doi.org/10.1016/j.neunet.2025.107974,article,Neural Networks,https://openalex.org/W4413325755
Neural Networks,Elsevier,2025,2025-08-19,"Joint noise detection and L 2 , p -norm metric in least squares twin SVM for robust multiclass classification",Chao Yuan; Xinying Xu; Farshad Arvin; Huiyu Mu; Haiyang Li; Jigen Peng,193,,10.1016/j.neunet.2025.107991,https://doi.org/10.1016/j.neunet.2025.107991,article,Neural Networks,https://openalex.org/W4413324933
Neural Networks,Elsevier,2025,2025-08-19,RefSAM: Efficiently adapting segmenting anything model for referring video object segmentation,Yonglin Li; Jing Zhang; Teng Xiao; Haoyu Zhang; Xinwang Liu; Long Lan,193,,10.1016/j.neunet.2025.108000,https://doi.org/10.1016/j.neunet.2025.108000,article,Neural Networks,https://openalex.org/W4413325760
Neural Networks,Elsevier,2025,2025-08-19,Synchronization of neural networks with and without disturbance input via control Lyapunov function,Yuting Cao; Linhao Zhao; Shiping Wen; Tingwen Huang,193,,10.1016/j.neunet.2025.108004,https://doi.org/10.1016/j.neunet.2025.108004,article,Neural Networks,https://openalex.org/W4413325772
Neural Networks,Elsevier,2025,2025-08-19,UTN: Unsupervised optical flow estimation network based on transformer,Xiaochen Liu; Xiaochen Liu; Tao Zhang; Mingming Liu,193,,10.1016/j.neunet.2025.108015,https://doi.org/10.1016/j.neunet.2025.108015,article,Neural Networks,https://openalex.org/W4413324965
Neural Networks,Elsevier,2025,2025-08-20,Spatial-frequency domain aggregation upsampling for pan-sharpening,Yilong Liu; Kai Sun; Yuan Liu; Jianzheng Hu; Junmin Liu; Jiangshe Zhang,193,,10.1016/j.neunet.2025.108007,https://doi.org/10.1016/j.neunet.2025.108007,article,Neural Networks,https://openalex.org/W4413354586
Neural Networks,Elsevier,2025,2025-08-21,A novel span and syntax enhanced large language model based framework for fine-grained sentiment analysis,Haochen Zou; Yongli Wang; Anqi Huang,193,,10.1016/j.neunet.2025.108012,https://doi.org/10.1016/j.neunet.2025.108012,article,Neural Networks,https://openalex.org/W4413387924
Neural Networks,Elsevier,2025,2025-08-21,AutoProfile: Automated profiling in deep learning-based side-channel analysis,Yimeng Chen; Bo Wang; Chin‐Kuo Su; Ao Li; Gen Li; Yuxing Tang; An Wang,193,,10.1016/j.neunet.2025.108009,https://doi.org/10.1016/j.neunet.2025.108009,article,Neural Networks,https://openalex.org/W4413398374
Neural Networks,Elsevier,2025,2025-08-21,GMSR: Gradient-integrated mamba for spectral reconstruction from RGB images,Xinying Wang; Zhixiong Huang; Sifan Zhang; Jiawen Zhu; Paolo E. Gamba; Linqing Feng,193,,10.1016/j.neunet.2025.108020,https://doi.org/10.1016/j.neunet.2025.108020,article,Neural Networks,https://openalex.org/W4413387841
Neural Networks,Elsevier,2025,2025-08-21,Hypothesis spaces for deep learning,Rui Wang; Yuesheng Xu; Mingsong Yan,193,,10.1016/j.neunet.2025.107995,https://doi.org/10.1016/j.neunet.2025.107995,article,Neural Networks,https://openalex.org/W4413387854
Neural Networks,Elsevier,2025,2025-08-21,ITSEF: Inception-based two-stage ensemble framework for P300 detection,Wenjun Hu; Dingguo Zhang; Wanzhong Chen,193,,10.1016/j.neunet.2025.108014,https://doi.org/10.1016/j.neunet.2025.108014,article,Neural Networks,https://openalex.org/W4413387864
Neural Networks,Elsevier,2025,2025-08-21,MIIGAN: Mambas make strong GAN for infrared image generation,Fuchao Wang; Huaici Zhao; Yuhuai Peng; Jian Fang; Pengfei Liu; Ronghua Zhang,193,,10.1016/j.neunet.2025.108021,https://doi.org/10.1016/j.neunet.2025.108021,article,Neural Networks,https://openalex.org/W4413407626
Neural Networks,Elsevier,2025,2025-08-21,Multivariate distribution fitting for GANs via introducing variable correlations,Yanxiang Gong; Feiyang Sun; Xin Ma,193,,10.1016/j.neunet.2025.108013,https://doi.org/10.1016/j.neunet.2025.108013,article,Neural Networks,https://openalex.org/W4413402059
Neural Networks,Elsevier,2025,2025-08-21,One-step bipartite graph cut: A normalized formulation and its application to scalable subspace clustering,Si-Guo Fang; Dong Huang; Chang‐Dong Wang; Jianhuang Lai,193,,10.1016/j.neunet.2025.108003,https://doi.org/10.1016/j.neunet.2025.108003,article,Neural Networks,https://openalex.org/W4413387879
Neural Networks,Elsevier,2025,2025-08-21,Rethinking softmax in incremental learning,Zheng Zhai; Jiali Zhang; Haiyu Wang; Mingxin Wu; Keshun Yang; Xiaoyan Qiao; Qiang Sun,193,,10.1016/j.neunet.2025.108017,https://doi.org/10.1016/j.neunet.2025.108017,article,Neural Networks,https://openalex.org/W4413407284
Neural Networks,Elsevier,2025,2025-08-21,Semi-LLIE: Semi-supervised contrastive learning with Mamba-based low-light enhancement,Guanlin Li; Ke Zhang; Ting Wang; Ming Li; Bin Chao Zhao; Xuelong Li,193,,10.1016/j.neunet.2025.108010,https://doi.org/10.1016/j.neunet.2025.108010,article,Neural Networks,https://openalex.org/W4413402257
Neural Networks,Elsevier,2025,2025-08-22,Pay more attention to the robustness of LLMs on adversarial prompt for instruction data mining,Qiang Wang; Dawei Feng; Xu Zhang; Ao Shen; Yang Xu; Bo Ding; Huaimin Wang,193,,10.1016/j.neunet.2025.107989,https://doi.org/10.1016/j.neunet.2025.107989,article,Neural Networks,https://openalex.org/W4413422737
Neural Networks,Elsevier,2025,2025-08-22,Prediction of cancer drug response based on heterogeneous graph neural networks and multi-omics data,Junming Zhang; Junming Zhang; Shuwen Xiong; Yugui Xu; Yongqing Zhang,193,,10.1016/j.neunet.2025.108001,https://doi.org/10.1016/j.neunet.2025.108001,article,Neural Networks,https://openalex.org/W4413436828
Neural Networks,Elsevier,2025,2025-08-22,Pseudo-distribution elite critics: Enhancing accuracy in reinforcement learning value estimation,Yujia Zhang; Lin Li; Wei Wei; Jianguo Wu; Jiye Liang,193,,10.1016/j.neunet.2025.108018,https://doi.org/10.1016/j.neunet.2025.108018,article,Neural Networks,https://openalex.org/W4413428593
Neural Networks,Elsevier,2025,2025-08-22,Visual reinforcement learning via sequential consistency preserved policy contrast from optimal transport view,Zehua Zang; Jiangmeng Li; Chuxiong Sun; Rui Wang; Lixiang Liu; Fuchun Sun,193,,10.1016/j.neunet.2025.108019,https://doi.org/10.1016/j.neunet.2025.108019,article,Neural Networks,https://openalex.org/W4413436286
Neural Networks,Elsevier,2025,2025-08-23,DyFiLM: A framework to handle the distribution shifts on dynamic graphs with hypernetworks,Fuyuan Ma; Yuhan Wang; Yuhan Wang; Shixuan Ma; Yongzhen Li; Xin Wang; Ying Wang; Ying Wang; Ying Wang,193,,10.1016/j.neunet.2025.108006,https://doi.org/10.1016/j.neunet.2025.108006,article,Neural Networks,https://openalex.org/W4413452994
Neural Networks,Elsevier,2025,2025-08-23,MSFI: Multi-timescale spatio-temporal features integration in spiking neural networks,Dengfeng Xue; Wenjuan Li; Chunfeng Yuan; Haowei Liu; Man Yao; Wei Liu; Yang Li; Bing Li; Weiming Hu; Haoliang Sun; Zhetao Li,193,,10.1016/j.neunet.2025.108024,https://doi.org/10.1016/j.neunet.2025.108024,article,Neural Networks,https://openalex.org/W4413466396
Neural Networks,Elsevier,2025,2025-08-23,Raw event-based adversarial attacks for Spiking Neural Networks with configurable latencies,Xiao Du; Wanli Shi; Xiaohan Zhao; Yang Hua Cao; Bin Gu; Tieru Wu,193,,10.1016/j.neunet.2025.108026,https://doi.org/10.1016/j.neunet.2025.108026,article,Neural Networks,https://openalex.org/W4413452981
Neural Networks,Elsevier,2025,2025-08-24,Backdoor samples detection based on perturbation discrepancy consistency in pre-trained language models,Zuquan Peng; Jianming Fu; Lixin Zou; Li Zheng; Yanzhen Ren; Guojun Peng,193,,10.1016/j.neunet.2025.108025,https://doi.org/10.1016/j.neunet.2025.108025,article,Neural Networks,https://openalex.org/W4413475963
Neural Networks,Elsevier,2025,2025-08-24,Beyond single perspective bias: Fusing personalized and common preferences for comprehensive personal preference learning,J.-J. Wu; Guangxiong Chen; Chenglong Pang; Jie Zhao; Eric W.K. See-To,193,,10.1016/j.neunet.2025.108028,https://doi.org/10.1016/j.neunet.2025.108028,article,Neural Networks,https://openalex.org/W4413475826
Neural Networks,Elsevier,2025,2025-08-24,DSPy-based neural-symbolic pipeline to enhance spatial reasoning in LLMs,Rong Wang; Kun Sun,193,,10.1016/j.neunet.2025.108022,https://doi.org/10.1016/j.neunet.2025.108022,article,Neural Networks,https://openalex.org/W4413476030
Neural Networks,Elsevier,2025,2025-08-24,On the application of neural networks for structured domains to fMRI data,Giovanni Donghi; Luca Pasa; Michele De Filippo De Grazia; Alberto Testolin; Marco Zorzi; Alessandro Sperduti; Nicolò Navarin,193,,10.1016/j.neunet.2025.108029,https://doi.org/10.1016/j.neunet.2025.108029,article,Neural Networks,https://openalex.org/W4413478966
Neural Networks,Elsevier,2025,2025-08-24,"Tempered fractional gradient descent: Theory, algorithms, and robust learning applications",Omar Naifar,193,,10.1016/j.neunet.2025.108005,https://doi.org/10.1016/j.neunet.2025.108005,article,Neural Networks,https://openalex.org/W4413476157
Neural Networks,Elsevier,2025,2025-08-25,Mitigating spectral bias in neural operators via high-frequency scaling for physical systems,Siavash Khodakarami; Vivek Oommen; Aniruddha Bora; George Em Karniadakis,193,,10.1016/j.neunet.2025.108027,https://doi.org/10.1016/j.neunet.2025.108027,article,Neural Networks,https://openalex.org/W4413578170
Neural Networks,Elsevier,2025,2025-08-27,Broad learning system via adaptive maximum weighted correntropy,Yijing Wang; Lijie Wang; Tao Chen,193,,10.1016/j.neunet.2025.108032,https://doi.org/10.1016/j.neunet.2025.108032,article,Neural Networks,https://openalex.org/W4413920181
Neural Networks,Elsevier,2025,2025-08-27,Complexity of brain-like signals in self-organised nanoscale networks,Jamie K. Steel; Ford Wagner; Edoardo Galli; Susant Kumar Acharya; Joshua B. Mallinson; Philip J. Bones; Matthew D. Arnold; S. A. Brown,193,,10.1016/j.neunet.2025.108031,https://doi.org/10.1016/j.neunet.2025.108031,article,Neural Networks,https://openalex.org/W4413759110
Neural Networks,Elsevier,2025,2025-08-27,Exploring the mechanical behavior of friction material composites using artificial intelligence,Daniel Matté; C. A. Perottoni,193,,10.1016/j.neunet.2025.108040,https://doi.org/10.1016/j.neunet.2025.108040,article,Neural Networks,https://openalex.org/W4413758245
Neural Networks,Elsevier,2025,2025-08-27,Heterogeneity-aware high-efficiency federated learning with hybrid synchronous-asynchronous splitting strategy,Zijian Li; Boyuan Li; Kunyu Zhang; Bingcai Wei; Hongbo Liu; Zihan Chen; Xinqiang Xie; Tony Q. S. Quek,193,,10.1016/j.neunet.2025.108038,https://doi.org/10.1016/j.neunet.2025.108038,article,Neural Networks,https://openalex.org/W4413758268
Neural Networks,Elsevier,2025,2025-08-27,PathTGSeg: The pathologic image segmentation of breast cancer via template matching and graphic calculation,Junjie Li; Kaixiang Yan; Chuandong Guo,193,,10.1016/j.neunet.2025.108037,https://doi.org/10.1016/j.neunet.2025.108037,article,Neural Networks,https://openalex.org/W4413765490
Neural Networks,Elsevier,2025,2025-08-27,Reduced storage direct tensor ring decomposition for convolutional neural networks compression,Mateusz Gabor; Rafał Zdunek,193,,10.1016/j.neunet.2025.107994,https://doi.org/10.1016/j.neunet.2025.107994,article,Neural Networks,https://openalex.org/W4413751552
Neural Networks,Elsevier,2025,2025-08-27,Scalable and effective negative sample generation for hyperedge prediction,Shilin Qu; Weiqing Wang; Yuan-Fang Li; Quoc Viet Hung Nguyen; Hongzhi Yin,193,,10.1016/j.neunet.2025.108034,https://doi.org/10.1016/j.neunet.2025.108034,article,Neural Networks,https://openalex.org/W4413765493
Neural Networks,Elsevier,2025,2025-08-28,Adapformer: Adaptive channel management for multivariate time series forecasting,Yuchen Luo; Xinyu Li; Liuhua Peng; Mingming Gong,193,,10.1016/j.neunet.2025.107988,https://doi.org/10.1016/j.neunet.2025.107988,article,Neural Networks,https://openalex.org/W4413810415
Neural Networks,Elsevier,2025,2025-08-28,Dual-perspective decoupling network for kidney tumor segmentation on CT images,Xinya Gan; Sheng Zhu; Yuan Zhang; Zhiqiang Wang; Xiongjun Ye; Kai Ming Hu; Xieping Gao,193,,10.1016/j.neunet.2025.108042,https://doi.org/10.1016/j.neunet.2025.108042,article,Neural Networks,https://openalex.org/W4413786639
Neural Networks,Elsevier,2025,2025-08-28,Finite-time and fixed-time self-triggered synchronization of stochastic memristive neural networks and applications in secure communication,Mingxin Wang; Song Zhu; Weiwei Luo; Zhen Zhang,193,,10.1016/j.neunet.2025.108033,https://doi.org/10.1016/j.neunet.2025.108033,article,Neural Networks,https://openalex.org/W4413810446
Neural Networks,Elsevier,2025,2025-08-28,GIMS: Image matching system based on adaptive graph construction and graph neural network,Xianfeng Song; Yi Zou; Zheng Shi; Zheng Liu,193,,10.1016/j.neunet.2025.108030,https://doi.org/10.1016/j.neunet.2025.108030,article,Neural Networks,https://openalex.org/W4413770850
Neural Networks,Elsevier,2025,2025-08-28,MSG: Stealing data from pruned neural networks via malicious sparsity guidance,Jing Shang; Jian Wang; Kailun Wang; Nan Jiang; Jiqiang Liu,193,,10.1016/j.neunet.2025.108036,https://doi.org/10.1016/j.neunet.2025.108036,article,Neural Networks,https://openalex.org/W4413787816
Neural Networks,Elsevier,2025,2025-08-28,Multi-graph clustering via multi-modal topological manifold learning,Shaojun Shi; Canyu Zhang; Jiahao Zhao; Feiping Nie,193,,10.1016/j.neunet.2025.108035,https://doi.org/10.1016/j.neunet.2025.108035,article,Neural Networks,https://openalex.org/W4413810469
Neural Networks,Elsevier,2025,2025-08-28,Tailoring knowledge for empowered cooperative actions in multi-agent reinforcement learning,Hu Dai Fu; Yihua Tan; Hao Chen; Pengyi Li,194,,10.1016/j.neunet.2025.108023,https://doi.org/10.1016/j.neunet.2025.108023,article,Neural Networks,https://openalex.org/W4413787199
Neural Networks,Elsevier,2025,2025-08-29,Adaptive metric for knowledge distillation by deep Bregman divergence,Tongtong Yuan; Zixuan Xu; Bo Liu; Yinan Tang,193,,10.1016/j.neunet.2025.108016,https://doi.org/10.1016/j.neunet.2025.108016,article,Neural Networks,https://openalex.org/W4413801578
Neural Networks,Elsevier,2025,2025-08-29,Exploring the white matter disruptions for Schizophrenia based on convolutional ensemble kernel randomized network,S A Varaprasad; Tripti Goel; M. Tanveer,193,,10.1016/j.neunet.2025.108044,https://doi.org/10.1016/j.neunet.2025.108044,article,Neural Networks,https://openalex.org/W4413813406
Neural Networks,Elsevier,2025,2025-08-29,FA-GCL: Feature-augmented graph contrastive learning method,Long Xu; Honghui Chen,193,,10.1016/j.neunet.2025.108045,https://doi.org/10.1016/j.neunet.2025.108045,article,Neural Networks,https://openalex.org/W4413848317
Neural Networks,Elsevier,2025,2025-08-29,State-space modeling in long sequence processing: a survey on recurrence in the transformer era,Matteo Tiezzi; Michele Casoni; Alessandro Betti; Marco Gori; Stefano Melacci,193,,10.1016/j.neunet.2025.108039,https://doi.org/10.1016/j.neunet.2025.108039,article,Neural Networks,https://openalex.org/W4413825993
Neural Networks,Elsevier,2025,2025-08-30,EpilepsyFM: A domain-specific foundation model for epileptic representation learning using EEG signals,Zhuoyi Li; Ning Zhu; Yifan Chen; Beibei Chen; Qiufeng Dong; Lin Gan; Shijie Zhao; Zhi-Qiang Yan; Tuo Zhang,193,,10.1016/j.neunet.2025.108060,https://doi.org/10.1016/j.neunet.2025.108060,article,Neural Networks,https://openalex.org/W4413854278
Neural Networks,Elsevier,2025,2025-08-30,Inter-modality feature prediction through multimodal fusion for 3D shape defect detection,Mujtaba Asad; Waqar Azeem; Hafiz Tayyab Mustafa; Yuming Fang; Jie Yang; Yifan Zuo; Wei Liu,193,,10.1016/j.neunet.2025.108057,https://doi.org/10.1016/j.neunet.2025.108057,article,Neural Networks,https://openalex.org/W4413854187
Neural Networks,Elsevier,2025,2025-08-31,Tangency portfolios using graph neural networks,Bin Liu; Li Haolong; Linshuang Kang,193,,10.1016/j.neunet.2025.108043,https://doi.org/10.1016/j.neunet.2025.108043,article,Neural Networks,https://openalex.org/W4413864168
Neural Networks,Elsevier,2025,2025-09-01,A spatial-frequency hybrid restoration network for JPEG compressed image deblurring,Shu Gang Tang; Hanwen Zhang; Xinbo Gao; Shuli Yang; Jiaxu Leng; Zengdan Pan; Hao Tian,193,,10.1016/j.neunet.2025.108059,https://doi.org/10.1016/j.neunet.2025.108059,article,Neural Networks,https://openalex.org/W4413890191
Neural Networks,Elsevier,2025,2025-09-01,DA-MoE: Addressing depth-sensitivity in graph-level analysis through mixture of experts,Zelin Yao; Mukun Chen; Chuang Liu; Xianke Meng; Yibing Zhan; Jia Wu; Shirui Pan; Huiting Xu; Wenbin Hu,194,,10.1016/j.neunet.2025.108064,https://doi.org/10.1016/j.neunet.2025.108064,article,Neural Networks,https://openalex.org/W4413912152
Neural Networks,Elsevier,2025,2025-09-01,Stabilization of delayed stochastic reaction-diffusion Cohen-Grossberg neural networks via variable gain intermittent boundary control,Yili Wang; Wu‐Hua Chen; Shuning Niu; Xiao‐Yun Lu,193,,10.1016/j.neunet.2025.108041,https://doi.org/10.1016/j.neunet.2025.108041,article,Neural Networks,https://openalex.org/W4413884294
Neural Networks,Elsevier,2025,2025-09-02,Auction-guided model diffusion for communication-efficient federated learning on non-IID data,Se-young Ahn; Soohyeong Kim; Yongseok Kwon; Jiseung Youn; Joohan Park; Sunghyun Cho,193,,10.1016/j.neunet.2025.108066,https://doi.org/10.1016/j.neunet.2025.108066,article,Neural Networks,https://openalex.org/W4413927189
Neural Networks,Elsevier,2025,2025-09-02,CURRENT EVENTS,,191,,10.1016/s0893-6080(25)00933-5,https://doi.org/10.1016/s0893-6080(25)00933-5,article,Neural Networks,https://openalex.org/W4413921324
Neural Networks,Elsevier,2025,2025-09-02,Data-free knowledge distillation via text-noise fusion and dynamic adversarial temperature,Deheng Zeng; Zhengyang Wu; Yunwen Chen; Zhenhua Huang,193,,10.1016/j.neunet.2025.108061,https://doi.org/10.1016/j.neunet.2025.108061,article,Neural Networks,https://openalex.org/W4413945086
Neural Networks,Elsevier,2025,2025-09-02,Dynamic graph representation learning with disentangled information bottleneck,Jihong Wang; Yuxin Bai; Chunqiang Zhu; Hao Qian; Ziqi Liu; Minnan Luo,194,,10.1016/j.neunet.2025.108056,https://doi.org/10.1016/j.neunet.2025.108056,article,Neural Networks,https://openalex.org/W4413903886
Neural Networks,Elsevier,2025,2025-09-02,Editorial Board,,191,,10.1016/s0893-6080(25)00930-x,https://doi.org/10.1016/s0893-6080(25)00930-x,paratext,Neural Networks,https://openalex.org/W4413921738
Neural Networks,Elsevier,2025,2025-09-02,INN/ENNS/JNNS - Membership Applic. Form,,191,,10.1016/s0893-6080(25)00934-7,https://doi.org/10.1016/s0893-6080(25)00934-7,article,Neural Networks,https://openalex.org/W4413921355
Neural Networks,Elsevier,2025,2025-09-02,Learning from history for personalized federated learning,Yingxun Fu; Shulan Yin; Li Ma; Jie Liu,193,,10.1016/j.neunet.2025.108071,https://doi.org/10.1016/j.neunet.2025.108071,article,Neural Networks,https://openalex.org/W4413922812
Neural Networks,Elsevier,2025,2025-09-02,Mitigating low-frequency bias: Feature recalibration and frequency attention regularization for adversarial robustness,Kejia Zhang; Juanjuan Weng; Yuanzheng Cai; Shaozi Li; Zhiming Luo,193,,10.1016/j.neunet.2025.108070,https://doi.org/10.1016/j.neunet.2025.108070,article,Neural Networks,https://openalex.org/W4413923549
Neural Networks,Elsevier,2025,2025-09-02,Multimodal self-supervised retinal vessel segmentation,Pengshuai Yin; Jingqi Zhang; Huichou Huang; Ruirui Liu; Yanxia Liu; Qingyao Wu; Fei Yu,193,,10.1016/j.neunet.2025.108011,https://doi.org/10.1016/j.neunet.2025.108011,article,Neural Networks,https://openalex.org/W4413923374
Neural Networks,Elsevier,2025,2025-09-02,Region-guided attack on the segment anything model,Xiaoliang Liu; Furao Shen; Jian Zhao,193,,10.1016/j.neunet.2025.108058,https://doi.org/10.1016/j.neunet.2025.108058,article,Neural Networks,https://openalex.org/W4413943918
Neural Networks,Elsevier,2025,2025-09-02,TATrack: Target-oriented adaptive vision transformer for UAV tracking,Wenkang Zhang; Tianyang Xu; Fei Xie; Jinhui Wu; Wankou Yang,193,,10.1016/j.neunet.2025.108067,https://doi.org/10.1016/j.neunet.2025.108067,article,Neural Networks,https://openalex.org/W4413915846
Neural Networks,Elsevier,2025,2025-09-03,Dormant key: Unlocking universal adversarial control in text-to-image models,Jingqi Hu; Li Li; Hanzhou Wu; Huixin Luo; Xinpeng Zhang,193,,10.1016/j.neunet.2025.108065,https://doi.org/10.1016/j.neunet.2025.108065,article,Neural Networks,https://openalex.org/W4413951205
Neural Networks,Elsevier,2025,2025-09-03,Dual aggregation based joint-modal similarity hashing for cross-modal retrieval,Le Xu; Jun Yin,193,,10.1016/j.neunet.2025.108069,https://doi.org/10.1016/j.neunet.2025.108069,article,Neural Networks,https://openalex.org/W4413960134
Neural Networks,Elsevier,2025,2025-09-03,Hardware friendly deep reservoir computing,Claudio Gallicchio; Miguel C. Soriano,193,,10.1016/j.neunet.2025.108079,https://doi.org/10.1016/j.neunet.2025.108079,article,Neural Networks,https://openalex.org/W4413950125
Neural Networks,Elsevier,2025,2025-09-03,Learning global-view correlation for salient object detection in 3D point clouds,Kan Huang; Nannan Li; Zhijing Xu,193,,10.1016/j.neunet.2025.108078,https://doi.org/10.1016/j.neunet.2025.108078,article,Neural Networks,https://openalex.org/W4413960272
Neural Networks,Elsevier,2025,2025-09-04,A semi-looped functional for sampled-data synchronization of delayed neural networks considering communication delay,Yun-Hao An; Xing‐Chen Shangguan; Hongzhang Wang; Yufei Peng; Yunfan Liu; Chuan‐Ke Zhang,193,,10.1016/j.neunet.2025.108076,https://doi.org/10.1016/j.neunet.2025.108076,article,Neural Networks,https://openalex.org/W4413983360
Neural Networks,Elsevier,2025,2025-09-04,Large-margin Softmax loss using synthetic virtual class,Jiuzhou Chen; Xiangyang Huang; Shudong Zhang,193,,10.1016/j.neunet.2025.108068,https://doi.org/10.1016/j.neunet.2025.108068,article,Neural Networks,https://openalex.org/W4414001638
Neural Networks,Elsevier,2025,2025-09-04,WPDA: frequency-based backdoor attack with wavelet packet decomposition,Zhengyao Song; Yongqiang Li; Danni Yuan; Li Liu; Shaokui Wei; Baoyuan Wu,194,,10.1016/j.neunet.2025.108074,https://doi.org/10.1016/j.neunet.2025.108074,article,Neural Networks,https://openalex.org/W4413984522
Neural Networks,Elsevier,2025,2025-09-05,Dual-driven optimization of collaborative multi-agent via case learning and curiosity,Ruizhu Chen; Rong Fei; Junhuai Li; Aimin Li; Yalin Miao; Lili Wu; Zhiming Chen,194,,10.1016/j.neunet.2025.108083,https://doi.org/10.1016/j.neunet.2025.108083,article,Neural Networks,https://openalex.org/W4414037628
Neural Networks,Elsevier,2025,2025-09-05,Dynamic network compression via probabilistic channel pruning,Kwanhee Lee; Hyang-Won Lee,193,,10.1016/j.neunet.2025.108080,https://doi.org/10.1016/j.neunet.2025.108080,article,Neural Networks,https://openalex.org/W4414030875
Neural Networks,Elsevier,2025,2025-09-05,From external to internal: Step-wise feature enhancement network for image-text retrieval,Jingyao Wang; Zheng Liu; Shanshan Gao; Junhao Xu; Changhao Li,193,,10.1016/j.neunet.2025.108072,https://doi.org/10.1016/j.neunet.2025.108072,article,Neural Networks,https://openalex.org/W4414006165
Neural Networks,Elsevier,2025,2025-09-05,GoFormer: A GoLPP inspired transformer for functional brain graph learning and classification,Mengxue Pang; Lina Zhou; Xueying Yao; Jun Yang; Jinshan Zhang; Yining Zhang; Limei Zhang; Lishan Qiao,193,,10.1016/j.neunet.2025.108081,https://doi.org/10.1016/j.neunet.2025.108081,article,Neural Networks,https://openalex.org/W4414011501
Neural Networks,Elsevier,2025,2025-09-05,Lightweight local and global granularity selection optimization network for single image super-resolution,Zhihao Peng; Mang Hu; Xinyuan Qi; Sheng Wu; Qianqian Xia; Jianga Shang; Linquan Yang,193,,10.1016/j.neunet.2025.108085,https://doi.org/10.1016/j.neunet.2025.108085,article,Neural Networks,https://openalex.org/W4414161497
Neural Networks,Elsevier,2025,2025-09-06,Adaptive behavior with stable synapses,Cristiano Capone; Luca Falorsi,194,,10.1016/j.neunet.2025.108082,https://doi.org/10.1016/j.neunet.2025.108082,article,Neural Networks,https://openalex.org/W4414158758
Neural Networks,Elsevier,2025,2025-09-06,Graph convolutional network with adaptive grouping aggregation strategy,Ruixiang Wang; Chunxia Zhang; Chunhong Pan,194,,10.1016/j.neunet.2025.108086,https://doi.org/10.1016/j.neunet.2025.108086,article,Neural Networks,https://openalex.org/W4414082991
Neural Networks,Elsevier,2025,2025-09-06,Quantity versus diversity: Influence of data on detecting EEG pathology with advanced ML models,Martyna Poziomska; Marian Dovgialo; Przemysław Olbratowski; Paweł Niedbalski; Paweł Ogniewski; Joanna Zych; Jacek Rogala; Jarosław Żygierewicz,193,,10.1016/j.neunet.2025.108073,https://doi.org/10.1016/j.neunet.2025.108073,article,Neural Networks,https://openalex.org/W4414032756
Neural Networks,Elsevier,2025,2025-09-06,Revisiting DIRE: towards universal AI-generated image detection,Huanqi Lin; Jinghui Qin; Xiaoqi Wu; Tianshui Chen; Zhijing Yang,193,,10.1016/j.neunet.2025.108084,https://doi.org/10.1016/j.neunet.2025.108084,article,Neural Networks,https://openalex.org/W4414149069
Neural Networks,Elsevier,2025,2025-09-08,Disentangled self-supervised video camouflaged object detection and salient object detection,Haoke Xiao; Lv Tang; Bo Li; Zhiming Luo; Shaozi Li,194,,10.1016/j.neunet.2025.108077,https://doi.org/10.1016/j.neunet.2025.108077,article,Neural Networks,https://openalex.org/W4414057556
Neural Networks,Elsevier,2025,2025-09-08,Dynamic scale position embedding for cross-modal representation learning,Jungkyoo Shin; Seong-Min Kang; Yoon-Sik Cho; Eunwoo Kim,193,,10.1016/j.neunet.2025.108087,https://doi.org/10.1016/j.neunet.2025.108087,article,Neural Networks,https://openalex.org/W4414056941
Neural Networks,Elsevier,2025,2025-09-08,HMT-DTI: Hierarchical meta-path learning with transformer for drug–target interaction prediction,Dongyue GAO; Fei Zhu,194,,10.1016/j.neunet.2025.108093,https://doi.org/10.1016/j.neunet.2025.108093,article,Neural Networks,https://openalex.org/W4414062513
Neural Networks,Elsevier,2025,2025-09-08,Multi-modal orthogonal fusion network via cross-layer guidance for Alzheimer’s disease diagnosis,Yumiao Zhao; Bo Jiang; Yuan Chen; Ye Luo; Jin Tang,194,,10.1016/j.neunet.2025.108091,https://doi.org/10.1016/j.neunet.2025.108091,article,Neural Networks,https://openalex.org/W4414168888
Neural Networks,Elsevier,2025,2025-09-09,Multi-view learning meets state-space model: A dynamical system perspective,Weibin Chen; Ying Zou; Zhiyong Xu; Li Jun Xu; Shiping Wang,194,,10.1016/j.neunet.2025.108088,https://doi.org/10.1016/j.neunet.2025.108088,article,Neural Networks,https://openalex.org/W4414216601
Neural Networks,Elsevier,2025,2025-09-10,ClickAttention: Click region similarity guided interactive segmentation,Long Xu; Yongquan Chen; Shanghong Li; Junkang Chen; Ziyuan Tang,194,,10.1016/j.neunet.2025.108090,https://doi.org/10.1016/j.neunet.2025.108090,article,Neural Networks,https://openalex.org/W4414095889
Neural Networks,Elsevier,2025,2025-09-10,"Design, analysis and verification of noise-tolerant and overshoot-free recurrent neural network",Lei Jia; Tiandong Zheng; Yujie Wu; Yiwei Li,194,,10.1016/j.neunet.2025.108075,https://doi.org/10.1016/j.neunet.2025.108075,article,Neural Networks,https://openalex.org/W4414095934
Neural Networks,Elsevier,2025,2025-09-10,Dual-level dynamic heterogeneous graph network for video question answering,Zefan Zhang; Yanhui Li; Weiqi Zhang; Tian Bai,194,,10.1016/j.neunet.2025.108094,https://doi.org/10.1016/j.neunet.2025.108094,article,Neural Networks,https://openalex.org/W4414095858
Neural Networks,Elsevier,2025,2025-09-10,Hybrid aggregation strategy with double inverted residual blocks for lightweight salient object detection,Jianhua Ma; Mingfeng Jiang; Xian Fang; Jiatong Chen; Yaming Wang; Guang Zhong Yang,194,,10.1016/j.neunet.2025.108097,https://doi.org/10.1016/j.neunet.2025.108097,article,Neural Networks,https://openalex.org/W4414095922
Neural Networks,Elsevier,2025,2025-09-10,La-LoRA: Parameter-efficient fine-tuning with layer-wise adaptive low-rank adaptation,Jiancheng Gu; Jiabin Yuan; Jiyuan Cai; Xianfa Zhou; Lili Fan,194,,10.1016/j.neunet.2025.108095,https://doi.org/10.1016/j.neunet.2025.108095,article,Neural Networks,https://openalex.org/W4414095994
Neural Networks,Elsevier,2025,2025-09-11,Enhancing image restoration through learning context-rich and detail-accurate features,Hu Gao; Xiaoning Lei; Depeng Dang,194,,10.1016/j.neunet.2025.108096,https://doi.org/10.1016/j.neunet.2025.108096,article,Neural Networks,https://openalex.org/W4414121056
Neural Networks,Elsevier,2025,2025-09-11,Fixed/prescribed-time synchronization of state-dependent switching neural networks with stochastic disturbance and impulsive effects,Guici Chen; Hehong Zhang; Shiping Wen; Junhao Hu; Leimin Wang,194,,10.1016/j.neunet.2025.108100,https://doi.org/10.1016/j.neunet.2025.108100,article,Neural Networks,https://openalex.org/W4414122182
Neural Networks,Elsevier,2025,2025-09-11,Weakly supervised multi-modal imitation learning from incompletely labeled demonstrations,Sijia Gu; Fei Zhu,194,,10.1016/j.neunet.2025.108098,https://doi.org/10.1016/j.neunet.2025.108098,article,Neural Networks,https://openalex.org/W4414105074
Neural Networks,Elsevier,2025,2025-09-12,A unified gradient regularization method for heterogeneous graph neural networks,Yang Xiao; Xuejiao Zhao; Zhiqi Shen,194,,10.1016/j.neunet.2025.108104,https://doi.org/10.1016/j.neunet.2025.108104,article,Neural Networks,https://openalex.org/W4414153227
Neural Networks,Elsevier,2025,2025-09-12,A vision-language model for multitask classification of memes,Md. Mithun Hossain; Mohammed Jahangir Hossain; M. F. Mridha; Nilanjan Dey,194,,10.1016/j.neunet.2025.108089,https://doi.org/10.1016/j.neunet.2025.108089,article,Neural Networks,https://openalex.org/W4414149782
Neural Networks,Elsevier,2025,2025-09-12,Cross-level graph contrastive learning for community value prediction,Wenjie Yang; Shengzhong Zhang; Zengfeng Huang,194,,10.1016/j.neunet.2025.108103,https://doi.org/10.1016/j.neunet.2025.108103,article,Neural Networks,https://openalex.org/W4414144428
Neural Networks,Elsevier,2025,2025-09-12,Radiology report generation via visual-semantic ambivalence-aware network and focal self-critical sequence training,Xiulong Yi; You Fu; Enxu Bi; Jianguo Liang; Hao Zhang; Jianzhi Yu; Qianqian Li; Rong Hua; Rui Wang,194,,10.1016/j.neunet.2025.108102,https://doi.org/10.1016/j.neunet.2025.108102,article,Neural Networks,https://openalex.org/W4414153286
Neural Networks,Elsevier,2025,2025-09-12,SPC: Self-supervised point cloud completion,Jie Song; Xing Wu; Junfeng Yao; Qi Zhang; Chenhao Shang; Quan Qian; Jun Song,194,,10.1016/j.neunet.2025.108107,https://doi.org/10.1016/j.neunet.2025.108107,article,Neural Networks,https://openalex.org/W4414160939
Neural Networks,Elsevier,2025,2025-09-12,Stability of large-scale probabilistic Boolean networks via network aggregation,Wen Liu; Shihua Fu; Jianjun Wang; Renato De Leone; Jianwei Xia,194,,10.1016/j.neunet.2025.108108,https://doi.org/10.1016/j.neunet.2025.108108,article,Neural Networks,https://openalex.org/W4414153323
Neural Networks,Elsevier,2025,2025-09-13,Discriminative representation learning via attention-enhanced contrastive learning for short text clustering,Zhihao Yao; Bo Li; Yufei Liao,194,,10.1016/j.neunet.2025.108101,https://doi.org/10.1016/j.neunet.2025.108101,article,Neural Networks,https://openalex.org/W4414305708
Neural Networks,Elsevier,2025,2025-09-13,MINIGE-MNER: A multi-stage interaction network inspired by gene editing for multimodal named entity recognition,Bo Kong; Shengquan Liu; Liruizhi Jia; Yi Liang; Dongfang Han; Xu Zhang,194,,10.1016/j.neunet.2025.108106,https://doi.org/10.1016/j.neunet.2025.108106,article,Neural Networks,https://openalex.org/W4414371898
Neural Networks,Elsevier,2025,2025-09-14,DGSSA: Domain generalization with structural and stylistic augmentation for retinal vessel segmentation,Bo Hong Liu; Yudong Zhang; Shuihua Wang; Siyue Li; Jin Hong,194,,10.1016/j.neunet.2025.108118,https://doi.org/10.1016/j.neunet.2025.108118,article,Neural Networks,https://openalex.org/W4414371908
Neural Networks,Elsevier,2025,2025-09-14,Deceiving question-answering models: A hybrid word-level adversarial approach,Jiyao Li; Mingze Ni; Yongshun Gong; Wei Liu,194,,10.1016/j.neunet.2025.108105,https://doi.org/10.1016/j.neunet.2025.108105,article,Neural Networks,https://openalex.org/W4414491358
Neural Networks,Elsevier,2025,2025-09-14,EKDSC: Long-tailed recognition based on expert knowledge distillation for specific categories,Yaping Bai; Jinghua Li; Dehui Kong; Suqiao Yang; Baocai Yin,194,,10.1016/j.neunet.2025.108099,https://doi.org/10.1016/j.neunet.2025.108099,article,Neural Networks,https://openalex.org/W4414380381
Neural Networks,Elsevier,2025,2025-09-14,Inference of hidden common driver dynamics by anisotropic self-organizing neural networks,Zsigmond Benkő; Marcell Stippinger; Attila Bencze; Fülöp Bazsó; András Telcs; Zoltán Somogyvári,194,,10.1016/j.neunet.2025.108113,https://doi.org/10.1016/j.neunet.2025.108113,article,Neural Networks,https://openalex.org/W4414532847
Neural Networks,Elsevier,2025,2025-09-14,LCA-Med: A lightweight cross-modal adaptive feature processing module for detecting imbalanced medical image distribution,Xiang Li; Long Lan; Husam Lahza; Shaowu Yang; Shaowu Yang; Shuihua Wang; Yong Liang; Hudan Pan; Wenjing Yang; Hengzhu Liu; Yudong Zhang,194,,10.1016/j.neunet.2025.108116,https://doi.org/10.1016/j.neunet.2025.108116,article,Neural Networks,https://openalex.org/W4414380515
Neural Networks,Elsevier,2025,2025-09-16,A biologically plausible model of astrocyte-neuron networks in random and hub-driven connectivity,Giulia Salzano; Paolo Paradisi; Enrico Cataldo,194,,10.1016/j.neunet.2025.108111,https://doi.org/10.1016/j.neunet.2025.108111,article,Neural Networks,https://openalex.org/W4414223585
Neural Networks,Elsevier,2025,2025-09-16,A domain-specific cross-lingual semantic alignment learning model for low-resource languages,Yurong Wang; Min Lin; Q. P. Hu; Shuangcheng Bai; Yanling Li; Longjie Bao,194,,10.1016/j.neunet.2025.108114,https://doi.org/10.1016/j.neunet.2025.108114,article,Neural Networks,https://openalex.org/W4414223464
Neural Networks,Elsevier,2025,2025-09-16,AutoSGRL: Automated framework construction for self-supervised graph representation learning,Yu Xie; Chang Yu; Ming Li; Anyong Qin; Xialei Zhang,194,,10.1016/j.neunet.2025.108119,https://doi.org/10.1016/j.neunet.2025.108119,article,Neural Networks,https://openalex.org/W4414223306
Neural Networks,Elsevier,2025,2025-09-16,Counterfactual causal inference for robust visual question answering,Wei Li; Wei Li; Zhixin Li; Kun Zeng; Kun Zeng; Canlong Zhang,194,,10.1016/j.neunet.2025.108115,https://doi.org/10.1016/j.neunet.2025.108115,article,Neural Networks,https://openalex.org/W4414223304
Neural Networks,Elsevier,2025,2025-09-16,MAN-GNN: An interpretable biomarker architecture for neurodevelopmental disorders,Qiulei Han; Hua Ye; Miaoshui Bai; Lili Wang; Yan Sun; Ze Song; Jian Ming Zhao; Lijuan Shi; Zhejun Kuang,194,,10.1016/j.neunet.2025.108110,https://doi.org/10.1016/j.neunet.2025.108110,article,Neural Networks,https://openalex.org/W4414223572
Neural Networks,Elsevier,2025,2025-09-16,On training networks of monostable multivibrator timer neurons,Lars Keuninckx; M.-A. Hartmann; Paul Detterer; Ali Safa; Wout Mommen; Ilja Ocket,194,,10.1016/j.neunet.2025.108092,https://doi.org/10.1016/j.neunet.2025.108092,article,Neural Networks,https://openalex.org/W4414223295
Neural Networks,Elsevier,2025,2025-09-16,State-flipped control design for the stabilization of probabilistic Boolean control networks,Xinrong Yang; Haitao Li,194,,10.1016/j.neunet.2025.108109,https://doi.org/10.1016/j.neunet.2025.108109,article,Neural Networks,https://openalex.org/W4414223039
Neural Networks,Elsevier,2025,2025-09-16,ToBaFu: Topology-based fusion model for classification of two-dimensional cancer images,Yuqing Xing; Haodong Chen; Quan Zheng,194,,10.1016/j.neunet.2025.108117,https://doi.org/10.1016/j.neunet.2025.108117,article,Neural Networks,https://openalex.org/W4414223297
Neural Networks,Elsevier,2025,2025-09-17,Contrastive learning unlocks geometric insights for dataset pruning,Hongjia Xu; Sheng Zhou; Zhuonan Zheng; Ning Ma; Jiawei Chen; Jiajun Bu,194,,10.1016/j.neunet.2025.108122,https://doi.org/10.1016/j.neunet.2025.108122,article,Neural Networks,https://openalex.org/W4414286474
Neural Networks,Elsevier,2025,2025-09-17,Offline-to-online reinforcement learning with efficient unconstrained fine-tuning,Zheng Jun; Runda Jia; Shaoning Liu; Ranmeng Lin; Dakuo He; Fuli Wang,194,,10.1016/j.neunet.2025.108120,https://doi.org/10.1016/j.neunet.2025.108120,article,Neural Networks,https://openalex.org/W4414286127
Neural Networks,Elsevier,2025,2025-09-17,On the theoretical expressive power of graph transformers for solving graph problems,Giannis Nikolentzos; Dimitrios Kelesis; Michalis Vazirgiannis,194,,10.1016/j.neunet.2025.108112,https://doi.org/10.1016/j.neunet.2025.108112,article,Neural Networks,https://openalex.org/W4414299920
Neural Networks,Elsevier,2025,2025-09-17,Tacit mechanism: Bridging pre-training of individuality to multi-agent adversarial coordination,Shiqing Yao; Jiajun Chai; Haixin Yu; Yongzhe Chang; Tiantian Zhang; Yuanheng Zhu; Xueqian Wang,194,,10.1016/j.neunet.2025.108121,https://doi.org/10.1016/j.neunet.2025.108121,article,Neural Networks,https://openalex.org/W4414299894
Neural Networks,Elsevier,2025,2025-09-22,AAC-GS: Attention-aware adaptive codebook for Gaussian splatting compression,Fang Hao Wan; Jianhang Zhang; Tianyu Li; Guangbo Lei; Li Xu; Zhiwei Ye,194,,10.1016/j.neunet.2025.108134,https://doi.org/10.1016/j.neunet.2025.108134,article,Neural Networks,https://openalex.org/W4414579245
Neural Networks,Elsevier,2025,2025-09-22,CSTSINR: improving temporal continuity via convolutional structured implicit neural representations for time series anomaly detection,Ke Liu; Mengxuan Li; Jiajun Bu; Hongwei Wang; Haishuai Wang; Haishuai Wang; Haishuai Wang,194,,10.1016/j.neunet.2025.108129,https://doi.org/10.1016/j.neunet.2025.108129,article,Neural Networks,https://openalex.org/W4414780545
Neural Networks,Elsevier,2025,2025-09-22,DePoint: Improving rotation robustness of 3D point cloud analysis via decreasing entropy,Lu Shi; Gaoyun An; Yigang Cen; Yansen Huang; Fei Gan,194,,10.1016/j.neunet.2025.108135,https://doi.org/10.1016/j.neunet.2025.108135,article,Neural Networks,https://openalex.org/W4414686943
Neural Networks,Elsevier,2025,2025-09-22,Energy-based diffusion generator for efficient sampling of Boltzmann distributions,Yan Wang; Lingfei Guo; Hao Wu; Tao Zhou,194,,10.1016/j.neunet.2025.108126,https://doi.org/10.1016/j.neunet.2025.108126,article,Neural Networks,https://openalex.org/W4414687064
Neural Networks,Elsevier,2025,2025-09-22,Fixed-time learning-based optimal tracking control for robotic systems with prescribed performance constraints,Zhinan Peng; Xingyu Zhang; Zhuo Xia; Hao Lin; Linpu He; Hong Ming Cheng,194,,10.1016/j.neunet.2025.108130,https://doi.org/10.1016/j.neunet.2025.108130,article,Neural Networks,https://openalex.org/W4414533421
Neural Networks,Elsevier,2025,2025-09-22,Improving few-shot relation classification with multi-scale hierarchical prototype learning,Haijia Bi; Lu Liu; Hai Ning Cui; Shijie Liu; Ridong Han; Jiayu Han; Tao Peng,194,,10.1016/j.neunet.2025.108124,https://doi.org/10.1016/j.neunet.2025.108124,article,Neural Networks,https://openalex.org/W4414568134
Neural Networks,Elsevier,2025,2025-09-22,LLM-augmented entity alignment: an unsupervised and training-free framework,Meixiu Long; Jiahai Wang; Jin Ma; Jianpeng Zhou; Siyuan Chen,194,,10.1016/j.neunet.2025.108139,https://doi.org/10.1016/j.neunet.2025.108139,article,Neural Networks,https://openalex.org/W4414780592
Neural Networks,Elsevier,2025,2025-09-22,MDSFD-Net: Alzheimer’s disease diagnosis with missing modality via disentanglement learning and feature distillation,Nana Jia; Zhiao Zhang; Tong Jia,194,,10.1016/j.neunet.2025.108128,https://doi.org/10.1016/j.neunet.2025.108128,article,Neural Networks,https://openalex.org/W4414578732
Neural Networks,Elsevier,2025,2025-09-22,Metacognition for Unknown Situations and Environments (MUSE),Rodolfo Valiente; Praveen K. Pilly,194,,10.1016/j.neunet.2025.108131,https://doi.org/10.1016/j.neunet.2025.108131,article,Neural Networks,https://openalex.org/W4414889678
Neural Networks,Elsevier,2025,2025-09-22,Planning forward: Deep incremental hashing by gradually defrosting bits,Qinghang Su; Dayan Wu; Chenming Wu; Bo Li; Weiping Wang,194,,10.1016/j.neunet.2025.108123,https://doi.org/10.1016/j.neunet.2025.108123,article,Neural Networks,https://openalex.org/W4414579398
Neural Networks,Elsevier,2025,2025-09-22,Spiking neural networks for EEG signal analysis: From theory to practice,Siqi Cai; Zheyuan Lin; Xiaoli Liu; Wenjie Wei; Shuai Wang; Malu Zhang; Tanja Schultz; Haizhou Li,194,,10.1016/j.neunet.2025.108127,https://doi.org/10.1016/j.neunet.2025.108127,article,Neural Networks,https://openalex.org/W4414578882
Neural Networks,Elsevier,2025,2025-09-22,TGSL: Trade-off graph structure learning via multifaceted graph information bottleneck,Shuangjie Li; Baoming Zhang; Jianqing Song; Gaoli Ruan; Chongjun Wang; Junyuan Xie,194,,10.1016/j.neunet.2025.108125,https://doi.org/10.1016/j.neunet.2025.108125,article,Neural Networks,https://openalex.org/W4414564123
Neural Networks,Elsevier,2025,2025-09-22,WideTopo: Improving foresight neural network pruning through training dynamics preservation and wide topologies exploration,Changjian Deng; Jian Cheng; Yanzhou Su; Zeyu An; Zhiguo Yang; Ziying Xia; Yijie Zhang; Shiguang Wang,194,,10.1016/j.neunet.2025.108136,https://doi.org/10.1016/j.neunet.2025.108136,article,Neural Networks,https://openalex.org/W4414811976
Neural Networks,Elsevier,2025,2025-09-24,"Adaptive knowledge selection in dialogue systems: Accommodating diverse knowledge types, requirements, and generation models",Yao Zhang; Lang Qin; Zhongtian Bao; Hongru Liang; Jun Wang; Zhenglu Yang; Zhe Sun; Andrzej S Cichocki,194,,10.1016/j.neunet.2025.108133,https://doi.org/10.1016/j.neunet.2025.108133,article,Neural Networks,https://openalex.org/W4414481496
Neural Networks,Elsevier,2025,2025-09-24,Deep adaptive fusion network with multimodal neuroimaging information for MDD diagnosis: an open data study,Tongtong Li; Kai Li; Ziyang Zhao; Qi Sun; Xinyan Zhang; Zhijun Yao; Jiansong Zhou; Bin Hu,194,,10.1016/j.neunet.2025.108151,https://doi.org/10.1016/j.neunet.2025.108151,article,Neural Networks,https://openalex.org/W4414481283
Neural Networks,Elsevier,2025,2025-09-24,Hölder network for improved adversarial robustness,Dazhi Zhao; Haiyan Li; Qin Luo; Wenguang Hu,194,,10.1016/j.neunet.2025.108145,https://doi.org/10.1016/j.neunet.2025.108145,article,Neural Networks,https://openalex.org/W4414481493
Neural Networks,Elsevier,2025,2025-09-24,Image restoration driven by dual-scale prior,Weimin Yuan; Meng Cai; Xiangzhi Bai,194,,10.1016/j.neunet.2025.108138,https://doi.org/10.1016/j.neunet.2025.108138,article,Neural Networks,https://openalex.org/W4414481297
Neural Networks,Elsevier,2025,2025-09-24,Implicit graph neural networks with flexible propagation operators,Yueyang Pi; Yang Qi Huang; Yongquan Shi; Fuhai Chen; Shiping Wang,194,,10.1016/j.neunet.2025.108143,https://doi.org/10.1016/j.neunet.2025.108143,article,Neural Networks,https://openalex.org/W4414481014
Neural Networks,Elsevier,2025,2025-09-24,MSA-LR: Enhancing multi-scale temporal dynamics in multivariate time series forecasting with low-rank self-attention,Jie Sun; Zhilin Sun; Zhongshan Chen; Mengyang Dong; Xiaozheng Wang; Changwei Chen; Hao Zheng; Xiangjun Zhao,194,,10.1016/j.neunet.2025.108150,https://doi.org/10.1016/j.neunet.2025.108150,article,Neural Networks,https://openalex.org/W4414481199
Neural Networks,Elsevier,2025,2025-09-24,PepHarmony: a multi-view contrastive learning framework for integrated sequence and structure-based peptide representation,Ruochi Zhang; Haoran Wu; Chang Liu; Huaping Li; Yuqian Wu; Kewei Li; Yifan Wang; Yifan Deng; Jiahui Chen; Fengfeng Zhou; Xin D. Gao,194,,10.1016/j.neunet.2025.108148,https://doi.org/10.1016/j.neunet.2025.108148,article,Neural Networks,https://openalex.org/W4414481173
Neural Networks,Elsevier,2025,2025-09-25,Cascading size-dependent deep propagation (CADP): Addressing over-smoothing in graph few-shot dermatology classification,Abdulrahman Noman; Zou Beiji; Chengzhang Zhu; Mohammed I. Al‐Habib; Ahmed Alasri,194,,10.1016/j.neunet.2025.108154,https://doi.org/10.1016/j.neunet.2025.108154,article,Neural Networks,https://openalex.org/W4414811748
Neural Networks,Elsevier,2025,2025-09-25,Graph neural networks for fMRI functional brain networks: A survey,Jingye Tang; Tianqing Zhu; Wanlei Zhou; Wei Zhao,194,,10.1016/j.neunet.2025.108137,https://doi.org/10.1016/j.neunet.2025.108137,article,Neural Networks,https://openalex.org/W4415063444
Neural Networks,Elsevier,2025,2025-09-25,LLM-led vision-spectral fusion: A zero-shot approach to temporal fruit image classification,Huyu Wu; Bowen Jia; Xiaoming Yuan,194,,10.1016/j.neunet.2025.108155,https://doi.org/10.1016/j.neunet.2025.108155,article,Neural Networks,https://openalex.org/W4414982625
Neural Networks,Elsevier,2025,2025-09-25,Reinforcement learning with formation energy feedback for material diffusion models,Jiao Huang; Qianli Xing; Jinglong Ji; Bo Xiong Yang,194,,10.1016/j.neunet.2025.108146,https://doi.org/10.1016/j.neunet.2025.108146,article,Neural Networks,https://openalex.org/W4414811782
Neural Networks,Elsevier,2025,2025-09-25,Spatial-spectral multi-order gated aggregation network with bidirectional interactive fusion for hyperspectral image classification,Ming-Yi Tai; Zhenqiu Shu; Songze Tang; Zhengtao Yu,194,,10.1016/j.neunet.2025.108152,https://doi.org/10.1016/j.neunet.2025.108152,article,Neural Networks,https://openalex.org/W4414830144
Neural Networks,Elsevier,2025,2025-09-25,Towards out-of-distribution detection using gradient vectors,Thiago Medeiros Carvalho; Marley M. B. R. Vellasco; José Franco Amaral,194,,10.1016/j.neunet.2025.108142,https://doi.org/10.1016/j.neunet.2025.108142,article,Neural Networks,https://openalex.org/W4414889684
Neural Networks,Elsevier,2025,2025-09-27,A one-layer recurrent neural network for robust linear programming subject to l∞ norm uncertainty,Jin Hu; Keying Zhou; Jun Wang,194,,10.1016/j.neunet.2025.108144,https://doi.org/10.1016/j.neunet.2025.108144,article,Neural Networks,https://openalex.org/W4414573599
Neural Networks,Elsevier,2025,2025-09-27,A unified dual-view knowledge-guided sentiment interaction networks for aspect-based sentiment analysis,Xuejian Gao; Liu Fang-ai; Xuqiang Zhuang; Yujuan Zhang; Xiaohui Tian; Yuyu Dong; Hongda Yang,194,,10.1016/j.neunet.2025.108159,https://doi.org/10.1016/j.neunet.2025.108159,article,Neural Networks,https://openalex.org/W4414568701
Neural Networks,Elsevier,2025,2025-09-27,Consistency-regularized graph neural networks for molecular property prediction,Jongmin Han; Seokho Kang,194,,10.1016/j.neunet.2025.108157,https://doi.org/10.1016/j.neunet.2025.108157,article,Neural Networks,https://openalex.org/W4414982821
Neural Networks,Elsevier,2025,2025-09-27,Graph-patchformer: Patch interaction transformer with adaptive graph learning for multivariate time series forecasting,Chunyi Hou; Yongchuan Yu; Jinquan Ji; Siyao Zhang; Xumeng Shen; Jianzhuo Yan,194,,10.1016/j.neunet.2025.108140,https://doi.org/10.1016/j.neunet.2025.108140,article,Neural Networks,https://openalex.org/W4414573467
Neural Networks,Elsevier,2025,2025-09-27,Progressive multi-branch video style transfer network via confidence reweighted projection,Kunbo Han; Hongyan Yin; Junpeng Tan; Chong-zhi Gao; Chunmei Qing,194,,10.1016/j.neunet.2025.108153,https://doi.org/10.1016/j.neunet.2025.108153,article,Neural Networks,https://openalex.org/W4414570384
Neural Networks,Elsevier,2025,2025-09-30,A multi-level teacher assistant-based knowledge distillation framework with dynamic feedback for motor imagery EEG decoding,Jinzhou Wu; Baoping Tang; Yi Wang; Cheng Li; Qichao Yang,194,,10.1016/j.neunet.2025.108180,https://doi.org/10.1016/j.neunet.2025.108180,article,Neural Networks,https://openalex.org/W4414676992
Neural Networks,Elsevier,2025,2025-09-30,Dual-head prediction and reconstruction with coarse-to-fine masks for visual reinforcement learning,Yun Zhou; Yuqiang Wu; Qiaoyun Wu; Chunyu Tan; Zhan Shu; Richang Hong,194,,10.1016/j.neunet.2025.108149,https://doi.org/10.1016/j.neunet.2025.108149,article,Neural Networks,https://openalex.org/W4414677227
Neural Networks,Elsevier,2025,2025-10-01,Counterfactual generation with joint causal representation for generative adversarial networks,Dianlong You; Chuan Lü; Zhi‐Juan Wu; Xiaoyi Ge; Di Wu,194,,10.1016/j.neunet.2025.108156,https://doi.org/10.1016/j.neunet.2025.108156,article,Neural Networks,https://openalex.org/W4414714117
Neural Networks,Elsevier,2025,2025-10-01,Fine-tuning large language models in federated learning with fairness-aware prompt selection,Yalan Jiang; Zhongliang Li; Bin Song,194,,10.1016/j.neunet.2025.108160,https://doi.org/10.1016/j.neunet.2025.108160,article,Neural Networks,https://openalex.org/W4414724404
Neural Networks,Elsevier,2025,2025-10-01,Lena-TRNN: Exploring energy flow for time series prediction,Penglei Gao; Rui Zhang; Xi Yang; Zhuang Qian; Kaizhu Huang,194,,10.1016/j.neunet.2025.108147,https://doi.org/10.1016/j.neunet.2025.108147,article,Neural Networks,https://openalex.org/W4414724392
Neural Networks,Elsevier,2025,2025-10-01,NaturalL2S: End-to-end high-quality multispeaker lip-to-speech synthesis with differential digital signal processing,Yifan Liang; Fangkun Liu; Andong Li; Xiaodong Li; Chengyou Lei; Chengshi Zheng,194,,10.1016/j.neunet.2025.108163,https://doi.org/10.1016/j.neunet.2025.108163,article,Neural Networks,https://openalex.org/W4414724406
Neural Networks,Elsevier,2025,2025-10-01,Necessary and sufficient knowledge enhanced collaborative logical reasoning in LLMs,Peng Wang; Xiao Ding; Kai Xiong; Bing Qin; Ting Liu,194,,10.1016/j.neunet.2025.108164,https://doi.org/10.1016/j.neunet.2025.108164,article,Neural Networks,https://openalex.org/W4414724377
Neural Networks,Elsevier,2025,2025-10-01,Small sphere and large margin support tensor machines for imbalanced tensor data classification,Hexuan Liu; Xiaoli Li; Yitian Xu,194,,10.1016/j.neunet.2025.108158,https://doi.org/10.1016/j.neunet.2025.108158,article,Neural Networks,https://openalex.org/W4414724505
Neural Networks,Elsevier,2025,2025-10-04,A continual test-time domain adaptation method for online machinery fault diagnosis under dynamic operating conditions,Jinghui Tian; Yue Yu; Hamid Reza Karimi; Fei Gao; Jing Lin,194,,10.1016/j.neunet.2025.108192,https://doi.org/10.1016/j.neunet.2025.108192,article,Neural Networks,https://openalex.org/W4414822686
Neural Networks,Elsevier,2025,2025-10-04,Anchor point segmentation based multi-view clustering,Wenhua Dong; Xiao‐Jun Wu; Bo Fan,194,,10.1016/j.neunet.2025.108175,https://doi.org/10.1016/j.neunet.2025.108175,article,Neural Networks,https://openalex.org/W4414825529
Neural Networks,Elsevier,2025,2025-10-04,Autoencoder-based contrastive learning for next basket recommendation,Ling Huang; Zhe-Yuan Li; Xiao-Dong Huang; Yuefang Gao; Chang‐Dong Wang; Philip S. Yu,194,,10.1016/j.neunet.2025.108166,https://doi.org/10.1016/j.neunet.2025.108166,article,Neural Networks,https://openalex.org/W4414825506
Neural Networks,Elsevier,2025,2025-10-04,CEVG-RTNet: A real-time architecture for robust forest fire smoke detection in complex environments,Jun Wang; Chunman Yan,194,,10.1016/j.neunet.2025.108187,https://doi.org/10.1016/j.neunet.2025.108187,article,Neural Networks,https://openalex.org/W4414825333
Neural Networks,Elsevier,2025,2025-10-04,Elevating adversarial robustness by contrastive multitasking defence in medical image segmentation,Sneha Shukla; Puneet Gupta,194,,10.1016/j.neunet.2025.108182,https://doi.org/10.1016/j.neunet.2025.108182,article,Neural Networks,https://openalex.org/W4414825345
Neural Networks,Elsevier,2025,2025-10-04,FTA2C: Achieving superior trade-off between accuracy and robustness in adversarial training,Zhenghan Gao; Chengming Liu; Yucheng Shi; Yucheng Shi; Xin Guo; Jing Xu; Hong Ri Zhang; Lei Shi,194,,10.1016/j.neunet.2025.108176,https://doi.org/10.1016/j.neunet.2025.108176,article,Neural Networks,https://openalex.org/W4414825294
Neural Networks,Elsevier,2025,2025-10-04,Joint generative and alignment adversarial learning for robust incomplete multi-view clustering,Yueyao Li; Bin Wu,194,,10.1016/j.neunet.2025.108141,https://doi.org/10.1016/j.neunet.2025.108141,article,Neural Networks,https://openalex.org/W4414825415
Neural Networks,Elsevier,2025,2025-10-04,Linear convergence of proximal gradient method for linear sparse SVM,Xiaoqi Jiao; Heng Lian; Jiamin Liu; Yingying Zhang,194,,10.1016/j.neunet.2025.108162,https://doi.org/10.1016/j.neunet.2025.108162,article,Neural Networks,https://openalex.org/W4414825395
Neural Networks,Elsevier,2025,2025-10-04,Multi-view spectral clustering algorithm based on bipartite graph and multi-feature similarity fusion,Shunyong Li; Kun Liu; Mengjiao Zheng; Liang Bai,194,,10.1016/j.neunet.2025.108177,https://doi.org/10.1016/j.neunet.2025.108177,article,Neural Networks,https://openalex.org/W4414824832
Neural Networks,Elsevier,2025,2025-10-04,Output-based sampled-data control of signed networks via parametric Lyapunov equations approach,Wenbing Zhang; Abuzar Hussein Mohammed Atitalla; Luyang Yu; Tingwen Huang,194,,10.1016/j.neunet.2025.108169,https://doi.org/10.1016/j.neunet.2025.108169,article,Neural Networks,https://openalex.org/W4414825865
Neural Networks,Elsevier,2025,2025-10-04,Pattern-based learning and control for a class of sampled-data nonlinear systems,Qinchen Yang; Fukai Zhang; Cong Wang,194,,10.1016/j.neunet.2025.108165,https://doi.org/10.1016/j.neunet.2025.108165,article,Neural Networks,https://openalex.org/W4414825566
Neural Networks,Elsevier,2025,2025-10-04,SSCLMix: A self-supervised contrastive learning-based data mixing augmentation method,Juntao Hou; Yingyue Zhou; Jiamin Qin; Juan Zhang; Xiaoxia Li; Shaobing Gao; Li Ming Wen; Li Wang; Junfei Guo,192,,10.1016/j.neunet.2025.108171,https://doi.org/10.1016/j.neunet.2025.108171,article,Neural Networks,https://openalex.org/W4414825547
Neural Networks,Elsevier,2025,2025-10-04,Uncertainty propagation in feed-forward neural network models,Jeremy Diamzon; Daniele Venturi,194,,10.1016/j.neunet.2025.108178,https://doi.org/10.1016/j.neunet.2025.108178,article,Neural Networks,https://openalex.org/W4414825138
Neural Networks,Elsevier,2025,2025-10-04,WaveNet-SF: A hybrid network for retinal disease detection based on wavelet transform in spatial-frequency domain,Jilan Cheng; Guoli Long; Z. L. Zhang; Qi Dong Zhao; Hanyu Wang; Libin Lu; Shuihua Wang‎; Yudong Zhang; Jin Hong,194,,10.1016/j.neunet.2025.108189,https://doi.org/10.1016/j.neunet.2025.108189,article,Neural Networks,https://openalex.org/W4414825477
Neural Networks,Elsevier,2025,2025-10-05,Domain adaptive underwater object detection via complementary style-aware learning,Xinmiao Gao; Miao Yang; Zhuoran Xie,194,,10.1016/j.neunet.2025.108174,https://doi.org/10.1016/j.neunet.2025.108174,article,Neural Networks,https://openalex.org/W4414825651
Neural Networks,Elsevier,2025,2025-10-05,EEG-CLIP: A transformer-based framework for EEG-guided image generation,Xuhao Cao; Peiliang Gong; Liying Zhang; Daoqiang Zhang,194,,10.1016/j.neunet.2025.108167,https://doi.org/10.1016/j.neunet.2025.108167,article,Neural Networks,https://openalex.org/W4414825659
Neural Networks,Elsevier,2025,2025-10-05,High-speed olfactory perception with adaptive load balancing based on a laser array reservoir computing architecture,Guizheng Guan; Bin Liu,194,,10.1016/j.neunet.2025.108173,https://doi.org/10.1016/j.neunet.2025.108173,article,Neural Networks,https://openalex.org/W4414825632
Neural Networks,Elsevier,2025,2025-10-05,LMcast: A pretrained language model guided long-term memory transformer for precipitation nowcasting,Feifan Gao; Chuyao Luo; Guangbo Deng; Xutao Li; Baoquan Zhang; Demin Yu; Yunming Ye,195,,10.1016/j.neunet.2025.108168,https://doi.org/10.1016/j.neunet.2025.108168,article,Neural Networks,https://openalex.org/W4414825653
Neural Networks,Elsevier,2025,2025-10-05,Self identity mapping,Xiuding Cai; Yaoyao Zhu; Linjie Fu; Miao Dong; Yu Yao,194,,10.1016/j.neunet.2025.108132,https://doi.org/10.1016/j.neunet.2025.108132,article,Neural Networks,https://openalex.org/W4414825654
Neural Networks,Elsevier,2025,2025-10-05,Synchronization of reaction-diffusion delayed inertial memristive neural networks via adaptive pinning control,Jiemei Zhao; Fenglin Wang,194,,10.1016/j.neunet.2025.108183,https://doi.org/10.1016/j.neunet.2025.108183,article,Neural Networks,https://openalex.org/W4414825606
Neural Networks,Elsevier,2025,2025-10-06,Autonomous spiking neural P systems with coupled neurons,Dongyi Li; Xiyu Liu; Yuzhen Zhao,194,,10.1016/j.neunet.2025.108186,https://doi.org/10.1016/j.neunet.2025.108186,article,Neural Networks,https://openalex.org/W4414867417
Neural Networks,Elsevier,2025,2025-10-07,Improved latent diffusion-based IC-DGAN framework for high-resolution multi-feature and expression manipulation,Fakhar Abbas; Araz Taeihagh,194,,10.1016/j.neunet.2025.108199,https://doi.org/10.1016/j.neunet.2025.108199,article,Neural Networks,https://openalex.org/W4414899253
Neural Networks,Elsevier,2025,2025-10-09,Adaptive dendritic plasticity in brain-inspired dynamic neural networks for enhanced multi-timescale feature extraction,Jiayi Mao; Hanle Zheng; Huifeng Yin; Hanxiao Fan; Lingrui Mei; Hao Guo; Yao Li; Jibin Wu; Jing Pei; Lei Deng,194,,10.1016/j.neunet.2025.108191,https://doi.org/10.1016/j.neunet.2025.108191,article,Neural Networks,https://openalex.org/W4414973916
Neural Networks,Elsevier,2025,2025-10-09,Networks of Hebbian networks: more is different,Elena Agliari; Andrea Alessandrelli; Adriano Barra; M. S. Centonze; Federico Ricci‐Tersenghi,194,,10.1016/j.neunet.2025.108181,https://doi.org/10.1016/j.neunet.2025.108181,article,Neural Networks,https://openalex.org/W4414973642
Neural Networks,Elsevier,2025,2025-10-10,A survey on neuro-mimetic deep learning via predictive coding,Tommaso Salvatori; Ankur Mali; Christopher L. Buckley; Thomas Lukasiewicz; Rajesh P. N. Rao; Karl John Friston; Alexander G. Ororbia,195,,10.1016/j.neunet.2025.108161,https://doi.org/10.1016/j.neunet.2025.108161,article,Neural Networks,https://openalex.org/W4415019933
Neural Networks,Elsevier,2025,2025-10-10,Autonomous collision-avoiding for multi-UAVs in complex dynamic environments: An event-triggered PPO approach with LSTM-attention integration,Chengqing Liang; Lei Liu; Jinde Cao; Xiaodi Li,194,,10.1016/j.neunet.2025.108196,https://doi.org/10.1016/j.neunet.2025.108196,article,Neural Networks,https://openalex.org/W4415101032
Neural Networks,Elsevier,2025,2025-10-10,DiffMixer: A prediction model based on mixing different frequency features,Shengcai Zhang; Huiju Yi; Fanchang Zeng; Xuan Zhang; Zhiying Fu; Dezhi An,194,,10.1016/j.neunet.2025.108188,https://doi.org/10.1016/j.neunet.2025.108188,article,Neural Networks,https://openalex.org/W4415019970
Neural Networks,Elsevier,2025,2025-10-10,Exploiting Gaussian agnostic representation learning with diffusion priors for enhanced infrared small target detection,Junyao Li; Yahao Lu; Xiaoyun Guo; Xiaoyu Xian; Tiantian Wang; Yukai Shi,194,,10.1016/j.neunet.2025.108185,https://doi.org/10.1016/j.neunet.2025.108185,article,Neural Networks,https://openalex.org/W4415012210
Neural Networks,Elsevier,2025,2025-10-10,Interpretable facial landmark detection by multi-expert collaborative uncertainty-aware deep networks,Jun Wan; Hui Xi; Yuanzhi Yao; Hang Sun; Zhihui Lai; Jie Zhou,194,,10.1016/j.neunet.2025.108195,https://doi.org/10.1016/j.neunet.2025.108195,article,Neural Networks,https://openalex.org/W4415100819
Neural Networks,Elsevier,2025,2025-10-10,Neuro-oscillatory models of cortical speech processing,Olesia Dogonasheva; Anne‐Lise Giraud; Denis Zakharov; Boris S Gutkin,195,,10.1016/j.neunet.2025.108194,https://doi.org/10.1016/j.neunet.2025.108194,article,Neural Networks,https://openalex.org/W4415100789
Neural Networks,Elsevier,2025,2025-10-10,Newton–Puiseux analysis for interpretability and calibration of complex-valued neural networks,Piotr Migus,195,,10.1016/j.neunet.2025.108172,https://doi.org/10.1016/j.neunet.2025.108172,article,Neural Networks,https://openalex.org/W4415100751
Neural Networks,Elsevier,2025,2025-10-10,Toward fair graph neural networks via dual-teacher knowledge distillation,Chengyu Li; Debo Cheng; Guixian Zhang; Yi Li; Shichao Zhang,194,,10.1016/j.neunet.2025.108184,https://doi.org/10.1016/j.neunet.2025.108184,article,Neural Networks,https://openalex.org/W4415012153
Neural Networks,Elsevier,2025,2025-10-10,UVENet: A novel end-to-end model for temporal consistency in underwater video enhancement,Huijie Guo; Dazhao Du; Hongwei Dong; Shouyou Huang; Changwen Zheng; Lingyu Si,195,,10.1016/j.neunet.2025.108170,https://doi.org/10.1016/j.neunet.2025.108170,article,Neural Networks,https://openalex.org/W4415105296
Neural Networks,Elsevier,2025,2025-10-11,Causality guided co-attention network for visual question answering,Jiali Miao; Kui Yu; Baofu Fang; Wu Le; Richang Hong,192,,10.1016/j.neunet.2025.108200,https://doi.org/10.1016/j.neunet.2025.108200,article,Neural Networks,https://openalex.org/W4415082883
Neural Networks,Elsevier,2025,2025-10-11,FAST: Foreground-aware active self-training for domain adaptive object detection,Dan Zhang; Hongmin Deng; Hailin Wang; Zhekai Du; Guisong Liu; Jingjing Li; Mao Ye,195,,10.1016/j.neunet.2025.108201,https://doi.org/10.1016/j.neunet.2025.108201,article,Neural Networks,https://openalex.org/W4415082480
Neural Networks,Elsevier,2025,2025-10-11,Visual tracking with unified relation modeling and masked appearance learning,Xiaomei Gong; Yi Zhang; Yanli Liu,195,,10.1016/j.neunet.2025.108197,https://doi.org/10.1016/j.neunet.2025.108197,article,Neural Networks,https://openalex.org/W4415076177
Neural Networks,Elsevier,2025,2025-10-13,Randomized deep Hopfield network with multiple output layers for volatility time series forecasting,Aryan Bhambu; Selvaraju Natarajan; Ponnuthurai Nagaratnam Suganthan,195,,10.1016/j.neunet.2025.108207,https://doi.org/10.1016/j.neunet.2025.108207,article,Neural Networks,https://openalex.org/W4415121251
Neural Networks,Elsevier,2025,2025-10-13,VLExpan: A visual-enhanced LLM framework with inductive and deductive policies for entity set expansion,Yinan Wu; Qianyi Dong; Jinping Liu; Tong Ruan,195,,10.1016/j.neunet.2025.108203,https://doi.org/10.1016/j.neunet.2025.108203,article,Neural Networks,https://openalex.org/W4415121430
Neural Networks,Elsevier,2025,2025-10-14,A full-function memristive associative memory neural network circuit based on multi-frequency SRDP rule,Le Yang; Yi Zhang; Yanyang Xu; Yang Zhang; Zhigang Zeng,195,,10.1016/j.neunet.2025.108209,https://doi.org/10.1016/j.neunet.2025.108209,article,Neural Networks,https://openalex.org/W4415170251
Neural Networks,Elsevier,2025,2025-10-14,Corrigendum to “MultiverseAD: Enhancing Spatial-Temporal Synchronous Attention Networks with Causal Knowledge for Multivariate Time Series Anomaly Detection” [Neural Networks 192 (2025) 107903],Xudong Jia; Niangxi Zhuang; Wei Peng; Baokang Zhao; Xun Peng; Haojie Li; Chiran Shen,194,,10.1016/j.neunet.2025.108193,https://doi.org/10.1016/j.neunet.2025.108193,erratum,Neural Networks,https://openalex.org/W4415137091
Neural Networks,Elsevier,2025,2025-10-14,Remote sensing object detection through hierarchical feature mining and multivariate head collaboration with knowledge distillation,Yan-Tong Chen; Zhi Yong Gao; Jingyu Yan; Yifan Liu,195,,10.1016/j.neunet.2025.108205,https://doi.org/10.1016/j.neunet.2025.108205,article,Neural Networks,https://openalex.org/W4415178151
Neural Networks,Elsevier,2025,2025-10-14,Spatially-enhanced Spiking neural network for efficient point cloud analysis,Yijie Lu; Zhiyi Pan; Renrui Zhang; Yanhao Jia; Kaiwei Che; Zhaokun Zhou,195,,10.1016/j.neunet.2025.108190,https://doi.org/10.1016/j.neunet.2025.108190,article,Neural Networks,https://openalex.org/W4415734621
Neural Networks,Elsevier,2025,2025-10-15,A fixed- time neurodynamic approach for fused lasso problems,Kang-yuan Zhou; Bing Zheng,195,,10.1016/j.neunet.2025.108215,https://doi.org/10.1016/j.neunet.2025.108215,article,Neural Networks,https://openalex.org/W4415214459
Neural Networks,Elsevier,2025,2025-10-15,Chaos-based reinforcement learning with TD3,Toshitaka Matsuki; Yusuke Sakemi; Kazuyuki Aihara,195,,10.1016/j.neunet.2025.108202,https://doi.org/10.1016/j.neunet.2025.108202,article,Neural Networks,https://openalex.org/W4415196822
Neural Networks,Elsevier,2025,2025-10-15,Cross-view discrepancy-driven dynamic weighting for missing view completion in incomplete multi-view clustering,Hang Gao; Zuosong Cai; Tao Liang; Cheng Liu; Ying Li; You Zhou; Wei Du,195,,10.1016/j.neunet.2025.108211,https://doi.org/10.1016/j.neunet.2025.108211,article,Neural Networks,https://openalex.org/W4415214299
Neural Networks,Elsevier,2025,2025-10-15,Spatiotemporal patterns in FitzHugh–Nagumo network and its application in image encryption,Zhao Yao; Kehui Sun; Huihai Wang,195,,10.1016/j.neunet.2025.108204,https://doi.org/10.1016/j.neunet.2025.108204,article,Neural Networks,https://openalex.org/W4415196826
Neural Networks,Elsevier,2025,2025-10-15,Stochastic style perturbation modelling for visible-Infrared person re-Identification with severely modality imbalance,Haojie Liu; Zhiyong Li; Jianyang Gu; Mingyu Wang; Q. M. Jonathan Wu; Wei Jiang,195,,10.1016/j.neunet.2025.108206,https://doi.org/10.1016/j.neunet.2025.108206,article,Neural Networks,https://openalex.org/W4415214196
Neural Networks,Elsevier,2025,2025-10-17,Adaptive frequency collaboration for remote sensing change detection,Feng Zhou; Xinyu Zhang; Hui Shuai; Qingshan Liu; Renlong Hang,195,,10.1016/j.neunet.2025.108234,https://doi.org/10.1016/j.neunet.2025.108234,article,Neural Networks,https://openalex.org/W4415302843
Neural Networks,Elsevier,2025,2025-10-17,An adaptive decoupling learning system informed by the brain functional structure for EEG decoding,Pengrui Li; Maoqin Peng; Haokai Zhang; Shihong Liu; Shihong Liu; Dongrui Gao; Yun Qin; Dingming Wu; Tiejun Liu,195,,10.1016/j.neunet.2025.108228,https://doi.org/10.1016/j.neunet.2025.108228,article,Neural Networks,https://openalex.org/W4415302619
Neural Networks,Elsevier,2025,2025-10-17,Dual-focus memory contrastive learning for active domain adaptation,Qing Tian; Junjie Pan; Yun Yang; Weihua Ou,195,,10.1016/j.neunet.2025.108224,https://doi.org/10.1016/j.neunet.2025.108224,article,Neural Networks,https://openalex.org/W4415302829
Neural Networks,Elsevier,2025,2025-10-17,Dynamic routing towards few-shot point cloud semantic segmentation,Guangqi Jiang; Zhengyao Li; Gengshen Wu; Yi Liu; Shoukun Xu,195,,10.1016/j.neunet.2025.108231,https://doi.org/10.1016/j.neunet.2025.108231,article,Neural Networks,https://openalex.org/W4415302838
Neural Networks,Elsevier,2025,2025-10-17,Enhanced anchor contrastive multi-view representations learning network for clustering,Beihua Yang; Peng Song,195,,10.1016/j.neunet.2025.108233,https://doi.org/10.1016/j.neunet.2025.108233,article,Neural Networks,https://openalex.org/W4415696020
Neural Networks,Elsevier,2025,2025-10-17,Explicit semantic guided bi-incomplete multi-modal hashing with label co-occurrence and label graph constraints,Haoran Zhu; Xu Lu; Liang Zhang; Li Liu; Huaxiang Zhang,195,,10.1016/j.neunet.2025.108198,https://doi.org/10.1016/j.neunet.2025.108198,article,Neural Networks,https://openalex.org/W4415300454
Neural Networks,Elsevier,2025,2025-10-17,Fourier-based adaptive counterfactual intervention for object re-identification,Haijun Xiong; Bin Feng; Bang Wang; Xinggang Wang; Wenyu Liu,195,,10.1016/j.neunet.2025.108213,https://doi.org/10.1016/j.neunet.2025.108213,article,Neural Networks,https://openalex.org/W4415299774
Neural Networks,Elsevier,2025,2025-10-17,GA-ConvE: An APT attack prediction method based on combination of graph attention network and 2D convolution,Yazhou Du; Weiwu Ren; Wenjuan Li; Minyue Wang; Wanxiang Wang; Hewen Zhang; Mingqi Xia,195,,10.1016/j.neunet.2025.108216,https://doi.org/10.1016/j.neunet.2025.108216,article,Neural Networks,https://openalex.org/W4415299755
Neural Networks,Elsevier,2025,2025-10-17,GeoScatt-GNN: A geometric scattering transform-based graph neural network model for Ames mutagenicity prediction,Abdeljalil Zoubir; Badr Missaoui,195,,10.1016/j.neunet.2025.108214,https://doi.org/10.1016/j.neunet.2025.108214,article,Neural Networks,https://openalex.org/W4415299724
Neural Networks,Elsevier,2025,2025-10-17,Gradient-aware knowledge distillation: Tackling gradient insensitivity through teacher guided gradient scaling,Nianwen Si; Hao Zhang; Wenlin Zhang; Wenlin Zhang; Wei-Qiang Zhang; Wei-Qiang Zhang; Heyu Chang; Heyu Chang; Dan Qu,195,,10.1016/j.neunet.2025.108229,https://doi.org/10.1016/j.neunet.2025.108229,article,Neural Networks,https://openalex.org/W4415302798
Neural Networks,Elsevier,2025,2025-10-17,Investigating fine- and coarse-grained structural correspondences between deep neural networks and human object image similarity judgments using unsupervised alignment,Soh Takahashi; Masaru Sasaki; Ken Takeda; Masafumi Oizumi,195,,10.1016/j.neunet.2025.108222,https://doi.org/10.1016/j.neunet.2025.108222,article,Neural Networks,https://openalex.org/W4415291046
Neural Networks,Elsevier,2025,2025-10-17,Prescribed-rate target tracking for time-delayed systems using output measurements,Chengye Zhang; Ci Chen; Frank L. Lewis; Kan Xie; Kan Xie; Shengli Xie,195,,10.1016/j.neunet.2025.108223,https://doi.org/10.1016/j.neunet.2025.108223,article,Neural Networks,https://openalex.org/W4416235239
Neural Networks,Elsevier,2025,2025-10-17,Privacy-preserving personalized federated prompt learning for vision-language models,Yinan Wu; Yanli Ren; Zheng Guo; Mu Huang,195,,10.1016/j.neunet.2025.108220,https://doi.org/10.1016/j.neunet.2025.108220,article,Neural Networks,https://openalex.org/W4415300346
Neural Networks,Elsevier,2025,2025-10-17,Uncertainty-constrained fusion of single-view and multi-view depth estimation for AR virtual-real occlusion,Jia Liu; Shuai Ding; Yongze Li; Bin Wang; Lina Wei; Dapeng Chen,195,,10.1016/j.neunet.2025.108219,https://doi.org/10.1016/j.neunet.2025.108219,article,Neural Networks,https://openalex.org/W4415269326
Neural Networks,Elsevier,2025,2025-10-18,Multi-stage dual-domain progressive network with synergistic training for sparse-view CT reconstruction,Jingyuan Shao; Huabao Chen; Qiankun Li; Xiang Huang; J. W. Shu; Lingling Liu; Shaobin Dou; Hongzhi Wang,195,,10.1016/j.neunet.2025.108221,https://doi.org/10.1016/j.neunet.2025.108221,article,Neural Networks,https://openalex.org/W4415321812
Neural Networks,Elsevier,2025,2025-10-19,An identifiable cost-aware causal decision-making framework using counterfactual reasoning,Ruichu Cai; Xi Chen; Jie Qiao; Zijian Li; Yuequn Liu; Wei Chen; Keli Zhang; Jiale Zheng,195,,10.1016/j.neunet.2025.108237,https://doi.org/10.1016/j.neunet.2025.108237,article,Neural Networks,https://openalex.org/W4415330434
Neural Networks,Elsevier,2025,2025-10-19,"Corrigendum to “Multi-view Spectral Clustering Algorithm Based on Bipartite Graph and Multi-feature Similarity Fusion” [Neural Networks, 194 (2026), 108177]",Shunyong Li; Kun Liu; Mengjiao Zheng; Liang Bai,195,,10.1016/j.neunet.2025.108236,https://doi.org/10.1016/j.neunet.2025.108236,erratum,Neural Networks,https://openalex.org/W4415339204
Neural Networks,Elsevier,2025,2025-10-19,Disturbed Euler–Lagrange-based neurodynamic approach for nonsmooth noncooperative game with communication delay,Jianing Chen; Shuangyu Liu; Yuhan Xue; Sitian Qin,195,,10.1016/j.neunet.2025.108225,https://doi.org/10.1016/j.neunet.2025.108225,article,Neural Networks,https://openalex.org/W4415340836
Neural Networks,Elsevier,2025,2025-10-19,GNNRL-smoothing: A prior-free reinforcement learning model for mesh optimization,Zhichao Wang; Xinhai Chen; Chunye Gong; Bo Yang; Liang Deng; Yufei Sun; Yufei Pang; Xiang Zhang; Jie Liu,195,,10.1016/j.neunet.2025.108235,https://doi.org/10.1016/j.neunet.2025.108235,article,Neural Networks,https://openalex.org/W4415330460
Neural Networks,Elsevier,2025,2025-10-19,Gradient flow-based iterative pruning for efficient and high-quality lightweight diffusion models,Ben Wan; Tianyi Zheng; Yuxiao Wang; Jia Wang; Jia Wang,195,,10.1016/j.neunet.2025.108227,https://doi.org/10.1016/j.neunet.2025.108227,article,Neural Networks,https://openalex.org/W4415330435
Neural Networks,Elsevier,2025,2025-10-19,Reinforcement learning-based funnel control and privacy preservation for multi-agent systems with input dead-zone,Jiaxin Huang; Xiaoyang Liu; Sikai Shen; Wenwu Yu,195,,10.1016/j.neunet.2025.108238,https://doi.org/10.1016/j.neunet.2025.108238,article,Neural Networks,https://openalex.org/W4415340831
Neural Networks,Elsevier,2025,2025-10-20,Continual learning: A systematic literature review,Qinwen Yang; Liyuan Wang; Joerg Wicker; Gillian Dobbie,195,,10.1016/j.neunet.2025.108226,https://doi.org/10.1016/j.neunet.2025.108226,review,Neural Networks,https://openalex.org/W4415916266
Neural Networks,Elsevier,2025,2025-10-20,LAMSNN: Learnable adaptive modulation for artifact suppression in spiking underwater image enhancement networks,Jinxin Shao; Haosu Zhang; Jianming Miao,195,,10.1016/j.neunet.2025.108210,https://doi.org/10.1016/j.neunet.2025.108210,article,Neural Networks,https://openalex.org/W4415354656
Neural Networks,Elsevier,2025,2025-10-21,Fourier feature-enhanced multi-layer residual stacking network: A novel multiscale modeling approach for physics-informed neural networks,Bo-Ya Hou; Yulong Bai; Xia-Ting Jing; Chunlin Huang,195,,10.1016/j.neunet.2025.108247,https://doi.org/10.1016/j.neunet.2025.108247,article,Neural Networks,https://openalex.org/W4415395051
Neural Networks,Elsevier,2025,2025-10-21,Shallow and ensemble deep randomized neural network for anomaly detection,Anuradha Kumari; A. K. Malik; M. Tanveer; Ponnuthurai Nagaratnam Suganthan,195,,10.1016/j.neunet.2025.108240,https://doi.org/10.1016/j.neunet.2025.108240,article,Neural Networks,https://openalex.org/W4415400822
Neural Networks,Elsevier,2025,2025-10-22,WiMTI: A multitask learning model for WiFi-based identity and posture recognition,Zhiyi Zhou; Xinxin Lu; Bingxian Lu; Yuan Chen; Haoran Wen; Lei Wang,195,,10.1016/j.neunet.2025.108242,https://doi.org/10.1016/j.neunet.2025.108242,article,Neural Networks,https://openalex.org/W4415425855
Neural Networks,Elsevier,2025,2025-10-23,DNUNet: A lightweight adaptive medical image segmentation network based on dual-path multilevel interactive convolution and norm sparse fusion module,Shijie Li; Rong Tang; Xiaoqian Zhang; Shukai Yang; Yufeng Chen; Zejun Huang; Ying Zhou,195,,10.1016/j.neunet.2025.108230,https://doi.org/10.1016/j.neunet.2025.108230,article,Neural Networks,https://openalex.org/W4415459656
Neural Networks,Elsevier,2025,2025-10-23,Federated graph-level clustering network with adaptive knowledge compensation,Renda Han; Xinyuan Li; Xinyuan Li; Guangzhen Yao; Mengfei Li; Wenxin Zhang; Ronghao Fu; Zeyu Zhang; Junlong Wu,195,,10.1016/j.neunet.2025.108212,https://doi.org/10.1016/j.neunet.2025.108212,article,Neural Networks,https://openalex.org/W4415446104
Neural Networks,Elsevier,2025,2025-10-23,SemiDDM-weather: A semi-supervised learning framework for all-in-one adverse weather removal,Fang Long; Wenkang Su; Zixuan Li; Lei Cai; Mingjie Li; Yuan‐Gen Wang; Xiaochun Cao,195,,10.1016/j.neunet.2025.108241,https://doi.org/10.1016/j.neunet.2025.108241,article,Neural Networks,https://openalex.org/W4415445489
Neural Networks,Elsevier,2025,2025-10-24,Alzheimer’s disease classification based on multimodal consistent distribution and trusted fusion,Xiaoyan Kui; Yulan Dai; Beiji Zou; Chengzhang Zhu; Yang Li; Zexin Ji; Liming Chen; Miguel Bordallo López,195,,10.1016/j.neunet.2025.108245,https://doi.org/10.1016/j.neunet.2025.108245,article,Neural Networks,https://openalex.org/W4415496254
Neural Networks,Elsevier,2025,2025-10-24,Incremental transfer learning based on temporal-frequency convolution interaction for multi-task prediction of wind speed and wind power,Ke Chang Fu; Bowen Yuan; Baihui An; Zhengru Ren,195,,10.1016/j.neunet.2025.108244,https://doi.org/10.1016/j.neunet.2025.108244,article,Neural Networks,https://openalex.org/W4415496152
Neural Networks,Elsevier,2025,2025-10-24,Internal-external boundary attention fusion for glass surface segmentation,Dongshen Han; Heechan Yoon; Hyukmin Kwon; Hyun-Cheol Kim; Hyon‐Gon Choo; Seungkyu Lee; Chaoning Zhang,195,,10.1016/j.neunet.2025.108232,https://doi.org/10.1016/j.neunet.2025.108232,article,Neural Networks,https://openalex.org/W4415530757
Neural Networks,Elsevier,2025,2025-10-25,Efficient speech command recognition leveraging spiking neural networks and progressive time-scaled curriculum distillation,Jiaqi Wang; Liutao Yu; Liwei Huang; Chenlin Zhou; Han Zhang; Han Zhang; Zhenxi Song; Honghai Liu; Min Zhang; Min Zhang; Zhengyu Ma; Zhiguo Zhang,195,,10.1016/j.neunet.2025.108253,https://doi.org/10.1016/j.neunet.2025.108253,article,Neural Networks,https://openalex.org/W4415541890
Neural Networks,Elsevier,2025,2025-10-25,Hessian-Riemannian second-order neurodynamic approach for constrained optimization: Theory and applications,Jia-Li Wei; Xiaofeng Liao; Jianxi Yang,195,,10.1016/j.neunet.2025.108251,https://doi.org/10.1016/j.neunet.2025.108251,article,Neural Networks,https://openalex.org/W4415531588
Neural Networks,Elsevier,2025,2025-10-26,CNNCaps-DBP: Leveraging protein language models with attention-augmented convolution for DNA-binding protein prediction,Ziyuan Yan; Aoyun Geng; Y. Li; Jiajing Wang; Junlin Xu; yu  xin Meng; Leyi Wei; Quan Zou; Zilong Zhang; Feifei Cui,195,,10.1016/j.neunet.2025.108261,https://doi.org/10.1016/j.neunet.2025.108261,article,Neural Networks,https://openalex.org/W4415551861
Neural Networks,Elsevier,2025,2025-10-26,ST-FlowNet: A lightweight framework for long-term spatio-temporal flow field prediction,Qisong Xiao; Xinhai Chen; Haijian Yang; Chunye Gong; Jie Liu,195,,10.1016/j.neunet.2025.108243,https://doi.org/10.1016/j.neunet.2025.108243,article,Neural Networks,https://openalex.org/W4415551863
Neural Networks,Elsevier,2025,2025-10-27,A selection perturbative hyper-heuristic for neural architecture search,Johannes De Clercq; Nelishia Pillay,195,,10.1016/j.neunet.2025.108259,https://doi.org/10.1016/j.neunet.2025.108259,article,Neural Networks,https://openalex.org/W4415569483
Neural Networks,Elsevier,2025,2025-10-28,BioMotion-SNN: Spiking neural network modeling for visual motion processing,Ying Liu; Jiajun Mei; Tingting Feng; Tao Zhang; Hong Qu; Yi Zhang,195,,10.1016/j.neunet.2025.108239,https://doi.org/10.1016/j.neunet.2025.108239,article,Neural Networks,https://openalex.org/W4415623292
Neural Networks,Elsevier,2025,2025-10-28,Consistent and comprehensive scale aggregation network for drone-view small object detection,Fan Zhang; Hongbing Ji; Yongquan Zhang; Zhenzhen Su,195,,10.1016/j.neunet.2025.108250,https://doi.org/10.1016/j.neunet.2025.108250,article,Neural Networks,https://openalex.org/W4415606316
Neural Networks,Elsevier,2025,2025-10-28,Hierarchical reinforcement learning with kill chain-informed multi-objective optimization to enhance resilience in autonomous unmanned swarm,Yingdong Gou; Siwen Wei; Kai Xu; Jiancheng Liu; Ke Li; Bo Li; Zaikun Han; Xin Lai; Yuqing Lin; Dingrui Xue; Kexin Wang,195,,10.1016/j.neunet.2025.108255,https://doi.org/10.1016/j.neunet.2025.108255,article,Neural Networks,https://openalex.org/W4416140456
Neural Networks,Elsevier,2025,2025-10-28,LCMF-Net: A lightweight collaborative multimodal fusion network for brain tumor segmentation,Guogang Cao; Zhaojun Yang; Wanying Liang; Sai Zhang; Tao Zhong; Hongdong Mao; Dong Wang; Ming Li Zong,195,,10.1016/j.neunet.2025.108257,https://doi.org/10.1016/j.neunet.2025.108257,article,Neural Networks,https://openalex.org/W4415623269
Neural Networks,Elsevier,2025,2025-10-28,Probabilistic Bayesian learning with long-tail awareness for trajectory-user linking,Haolun Ding; Zhengwen Fu; Rong Zhang; Li Huang; Xuan Luo; Qiang Gao,195,,10.1016/j.neunet.2025.108258,https://doi.org/10.1016/j.neunet.2025.108258,article,Neural Networks,https://openalex.org/W4415606347
Neural Networks,Elsevier,2025,2025-10-28,Proxy-AN loss for deep metric learning,Wenjie Peng; Qiuping Ke; Jinglin Liang; Shuangping Huang; Tianshui Chen,195,,10.1016/j.neunet.2025.108254,https://doi.org/10.1016/j.neunet.2025.108254,article,Neural Networks,https://openalex.org/W4416106062
Neural Networks,Elsevier,2025,2025-10-29,RL-I2IT: Image-to-image translation with deep reinforcement learning,Jing Hu; Ziwei Luo; Chengming Feng; Shu Hu; Bin Benjamin Zhu; Xi Wu; Xin Li; Hongtu Zhu; Siwei Lyu; Xin Wang,195,,10.1016/j.neunet.2025.108264,https://doi.org/10.1016/j.neunet.2025.108264,article,Neural Networks,https://openalex.org/W4415653833
Neural Networks,Elsevier,2025,2025-10-30,A unified and efficient training framework for open-ended non-transitive games,Shaokang Dong; Chao Li; Shangdong Yang; Shangdong Yang; H. Henry Cao; Wanqi Yang; Yang Gao,195,,10.1016/j.neunet.2025.108248,https://doi.org/10.1016/j.neunet.2025.108248,article,Neural Networks,https://openalex.org/W4415706374
Neural Networks,Elsevier,2025,2025-10-30,AdaptiveWordBug: Generating adversarial texts with an adaptive scoring strategy against deep learning classifiers,Yunting Zhang; Ye Lin; Baisong Li; Hongli Zhang,195,,10.1016/j.neunet.2025.108262,https://doi.org/10.1016/j.neunet.2025.108262,article,Neural Networks,https://openalex.org/W4416069063
Neural Networks,Elsevier,2025,2025-10-30,An approach to inferring gene regulatory networks via boolean modeling and feature selection,Xuyi Xu; Yuanyuan Li; Dingyuan Zhong; Jianquan Lu,195,,10.1016/j.neunet.2025.108246,https://doi.org/10.1016/j.neunet.2025.108246,article,Neural Networks,https://openalex.org/W4415681227
Neural Networks,Elsevier,2025,2025-10-30,Bidirectional transition consistency between multi-domain observations for visual reinforcement learning generalization,Xiaobo Hu; Youfang Lin; Jinwen Wang; Yue Liu; Shuo Wang; Hehe Fan; Kai Lv,195,,10.1016/j.neunet.2025.108265,https://doi.org/10.1016/j.neunet.2025.108265,article,Neural Networks,https://openalex.org/W4415681323
Neural Networks,Elsevier,2025,2025-10-30,Few-shot image classification based on class-irrelevant feature decoupling graph neural network,Jiaqi Li; Shuhuan Wen; Luigi Manfredi; Hamid Reza Karimi,195,,10.1016/j.neunet.2025.108270,https://doi.org/10.1016/j.neunet.2025.108270,article,Neural Networks,https://openalex.org/W4415687448
Neural Networks,Elsevier,2025,2025-10-30,MEGE: A mixed emotion graph model for empathetic dialogue generation,Deji Zhao; Donghong Han; Ye Yuan; Bo Ning; Yongxiang Li; Zhongjiang He; Chao Wang; Shuangyong Song,195,,10.1016/j.neunet.2025.108252,https://doi.org/10.1016/j.neunet.2025.108252,article,Neural Networks,https://openalex.org/W4415679390
Neural Networks,Elsevier,2025,2025-10-30,MIEF-Net: multimodal image-enhanced fusion network for intelligent fall risk prediction,Qizheng Zhao; Qizheng Zhao; Ruiyuan Wu; Manting Chen; Kwok‐Leung Tsui; Yang Zhao,195,,10.1016/j.neunet.2025.108260,https://doi.org/10.1016/j.neunet.2025.108260,article,Neural Networks,https://openalex.org/W4415687697
Neural Networks,Elsevier,2025,2025-10-30,Multi-teacher knowledge distillation framework for lightweight anomaly detection,Behnam Yousefimehr; Mehdi Ghatee; Roozbeh Razavi‐Far,195,,10.1016/j.neunet.2025.108267,https://doi.org/10.1016/j.neunet.2025.108267,article,Neural Networks,https://openalex.org/W4415680882
Neural Networks,Elsevier,2025,2025-10-30,Nyström-aware approximations for matrix-based Rényi’s entropy,Tieliang Gong; Wen Wen; Yuxin Dong; Zeyu Gao; Weizhan Zhang,195,,10.1016/j.neunet.2025.108268,https://doi.org/10.1016/j.neunet.2025.108268,article,Neural Networks,https://openalex.org/W4415706409
Neural Networks,Elsevier,2025,2025-10-30,Progressive fusion networks with adaptive graph structure learning for cancer subtype classification,W. Y. Sun; Ping Zhang; Li Li,195,,10.1016/j.neunet.2025.108284,https://doi.org/10.1016/j.neunet.2025.108284,article,Neural Networks,https://openalex.org/W4415704432
Neural Networks,Elsevier,2025,2025-10-30,Scalable mobile swarm network for reservoir computing using gaussian kernel density estimation,Yanjun Zhou; Fan Ye; Kai-Fung Chu; Fumiya Iida,195,,10.1016/j.neunet.2025.108263,https://doi.org/10.1016/j.neunet.2025.108263,article,Neural Networks,https://openalex.org/W4415681340
Neural Networks,Elsevier,2025,2025-10-30,Unified analysis of stability and dissipativity for inertial memristive multidimensional-valued neural networks with time-varying delays via non-reduced order method,Weizhe Xu; Song Zhu,195,,10.1016/j.neunet.2025.108266,https://doi.org/10.1016/j.neunet.2025.108266,article,Neural Networks,https://openalex.org/W4415681222
Neural Networks,Elsevier,2025,2025-10-31,Expertfuse: A huffman tree-based gradual expert integration framework for MoE models,Yi-Zeng Fang; Juinn-Dar Huang,195,,10.1016/j.neunet.2025.108274,https://doi.org/10.1016/j.neunet.2025.108274,article,Neural Networks,https://openalex.org/W4415717913
Neural Networks,Elsevier,2025,2025-10-31,Hypergraph neural diffusion networks,Fengcheng Lu; Michael K. Ng; Andy Yip,195,,10.1016/j.neunet.2025.108271,https://doi.org/10.1016/j.neunet.2025.108271,article,Neural Networks,https://openalex.org/W4415746773
Neural Networks,Elsevier,2025,2025-10-31,Multi-scale target-aware representation learning for fundus image enhancement,Haofan Wu; Yin Huang; Yonghui Wu; Qiuyu Yang; Bingfang Wang; Li Zhang; Muhammad Fahadullah Khan; Ali Zia; M. Saleh Memon; Syed Sohail Bukhari; Abdul Fattah Memon; Daizong Ji; Ya Zhang; Ghulam Mustafa; Yin Fang,195,,10.1016/j.neunet.2025.108273,https://doi.org/10.1016/j.neunet.2025.108273,article,Neural Networks,https://openalex.org/W4415717100
Neural Networks,Elsevier,2025,2025-11-02,D3HRL: A distributed hierarchical reinforcement learning approach based on causal discovery and spurious correlation detection,Chenran Zhao; Dianxi Shi; Mengzhu Wang; Jianqiang Xia; Huanhuan Yang; Songchang Jin; S. W. Yang; Chunping Qiu,195,,10.1016/j.neunet.2025.108275,https://doi.org/10.1016/j.neunet.2025.108275,article,Neural Networks,https://openalex.org/W4415772111
Neural Networks,Elsevier,2025,2025-11-03,A general approach to multistability analysis for fuzzy multidimensional-valued NNs with memristor,Yiming Zhao; Song Zhu; Junwei Sun; Shiping Wen,195,,10.1016/j.neunet.2025.108285,https://doi.org/10.1016/j.neunet.2025.108285,article,Neural Networks,https://openalex.org/W4415826721
Neural Networks,Elsevier,2025,2025-11-03,A lightweight model for perceptual image compression via implicit priors,Wei Hao; Yanhui Zhou; Yiwen Jia; Chenyang Ge; Saeed Anwar; Ajmal Saeed Mian,195,,10.1016/j.neunet.2025.108279,https://doi.org/10.1016/j.neunet.2025.108279,article,Neural Networks,https://openalex.org/W4415824462
Neural Networks,Elsevier,2025,2025-11-03,A systematic literature review of spatio-temporal graph neural network models for time series forecasting and classification,Flavio Corradini; Flavio Gerosa; Marco Gori; Carlo Lucheroni; Marco Piangerelli; Martina Zannotti,195,,10.1016/j.neunet.2025.108269,https://doi.org/10.1016/j.neunet.2025.108269,review,Neural Networks,https://openalex.org/W4415824512
Neural Networks,Elsevier,2025,2025-11-03,Abstractive summarization through the prism of decoding strategies,Giacomo Frisoni; Luca Ragazzi; David H. Cohen; Gianluca Moro; Antonella Carbonaro; Claudio Sartori,196,,10.1016/j.neunet.2025.108249,https://doi.org/10.1016/j.neunet.2025.108249,conference-abstract,Neural Networks,https://openalex.org/W4415824546
Neural Networks,Elsevier,2025,2025-11-03,Achieving faithful explainability in feedforward neural networks through accurately computed feature attribution,Jose L. Carles-Bou; Enrique J. Carmona,195,,10.1016/j.neunet.2025.108277,https://doi.org/10.1016/j.neunet.2025.108277,article,Neural Networks,https://openalex.org/W4415824117
Neural Networks,Elsevier,2025,2025-11-03,Open-world surgical video generation via dual-visual diffusion and dual-annealed generation,Ning Ma; Shu Min Yang; Y. N. Zhou; Chaoyang Zhang; Jian Chen; Xiaoman He,195,,10.1016/j.neunet.2025.108281,https://doi.org/10.1016/j.neunet.2025.108281,article,Neural Networks,https://openalex.org/W4415824600
Neural Networks,Elsevier,2025,2025-11-03,SSR1M: A stochastic SR1 method with momentum acceleration for non-Convex optimization,Jinlan Liu; Hanger Liu; Xin Deng; Dongpo Xu,195,,10.1016/j.neunet.2025.108283,https://doi.org/10.1016/j.neunet.2025.108283,article,Neural Networks,https://openalex.org/W4415826689
Neural Networks,Elsevier,2025,2025-11-03,asKAN: Active subspace embedded Kolmogorov-Arnold network,Zhiteng Zhou; Zhaoyue Xu; Yi Liu; Shizhao Wang,195,,10.1016/j.neunet.2025.108280,https://doi.org/10.1016/j.neunet.2025.108280,article,Neural Networks,https://openalex.org/W4415828112
Neural Networks,Elsevier,2025,2025-11-04,An accurate pixel-Level explainable approach for CNNs and its application,Haitao Zhang; Jing Wang; Ziyue Wang; Guoqiang Li; Zhuo Cheng,195,,10.1016/j.neunet.2025.108289,https://doi.org/10.1016/j.neunet.2025.108289,article,Neural Networks,https://openalex.org/W4416239624
Neural Networks,Elsevier,2025,2025-11-04,Enhancing node influence prediction in large networks via multi-Level knowledge distillation,Amir Sheikhahmadi; Parham Moradi; Laleh Tafakori; Mahdi Jalili,195,,10.1016/j.neunet.2025.108286,https://doi.org/10.1016/j.neunet.2025.108286,article,Neural Networks,https://openalex.org/W4415891965
Neural Networks,Elsevier,2025,2025-11-04,Multi-spectral attention and graph smoothness enhancement for generalized node classification,Xinghai Wang; Jinglei Liu,195,,10.1016/j.neunet.2025.108287,https://doi.org/10.1016/j.neunet.2025.108287,article,Neural Networks,https://openalex.org/W4415880052
Neural Networks,Elsevier,2025,2025-11-05,AMPL: An adaptive meta-prompt learner for few-shot image classification,Zhiping Wu; Lian Huai; Tong Liu; Zeyu Shangguan; Lei Wang; Jing Huo; Wenbin Li; Yang Gao; Xingqun Jiang,195,,10.1016/j.neunet.2025.108288,https://doi.org/10.1016/j.neunet.2025.108288,article,Neural Networks,https://openalex.org/W4415930293
Neural Networks,Elsevier,2025,2025-11-05,Improving large models with small models: Lower costs and better performance,Dong Chen; Fei Gao; Shuo Zhang; Yueting Zhuang; Siliang Tang; Qidong Liu; Hua Wang; Xin Yang; Mingliang Xu,195,,10.1016/j.neunet.2025.108276,https://doi.org/10.1016/j.neunet.2025.108276,article,Neural Networks,https://openalex.org/W4415895929
Neural Networks,Elsevier,2025,2025-11-05,Large interest network for click-through rate prediction,Nan Li; Huiyu Zhou; Chang‐Dong Wang; Pei-Yuan Lai,195,,10.1016/j.neunet.2025.108293,https://doi.org/10.1016/j.neunet.2025.108293,article,Neural Networks,https://openalex.org/W4415908341
Neural Networks,Elsevier,2025,2025-11-05,Observer-based consensus tracking of stochastic multi-agent systems via control Lyapunov function,Zheng Yan; Boqian Li; Ping Qi; Shiping Wen; Tingwen Huang,195,,10.1016/j.neunet.2025.108294,https://doi.org/10.1016/j.neunet.2025.108294,article,Neural Networks,https://openalex.org/W4415931554
Neural Networks,Elsevier,2025,2025-11-05,Repetitive contrastive learning enhances Mamba’s selectivity in time series prediction,Wenbo Yan; Wenbo Yan; Hanzhong Cao; H. Henry Cao; Ying Tan; Ying Tan,196,,10.1016/j.neunet.2025.108290,https://doi.org/10.1016/j.neunet.2025.108290,article,Neural Networks,https://openalex.org/W4415906818
Neural Networks,Elsevier,2025,2025-11-05,Unsupervised person re-identification via camera-aware multi-level label refinement,Ning Tang; Zheyi Fan; Yixuan Zhu; Tingting Zhang,195,,10.1016/j.neunet.2025.108292,https://doi.org/10.1016/j.neunet.2025.108292,article,Neural Networks,https://openalex.org/W4416202749
Neural Networks,Elsevier,2025,2025-11-07,A novel memristor-based bionic neural network circuit with crossmodal integration and forgetting effects,Fan Shi; Kaihua Wang; Yinghong Cao; Jun Mou,195,,10.1016/j.neunet.2025.108291,https://doi.org/10.1016/j.neunet.2025.108291,article,Neural Networks,https://openalex.org/W4415980134
Neural Networks,Elsevier,2025,2025-11-08,A functional system-informed graph neural network framework to quantify interpretable brain dysfunction in ASD,Yong Jiao; Xinxu Wei; Lifang He; Yu Zhang,195,,10.1016/j.neunet.2025.108295,https://doi.org/10.1016/j.neunet.2025.108295,article,Neural Networks,https://openalex.org/W4416018437
Neural Networks,Elsevier,2025,2025-11-08,"Advancing oral leukoplakia progression recognition: A benchmark with dataset, method, and application",Linfei Feng; Qiankun Li; Hao Wang; Xuanyu Li; Fei Xie; Feng He; Xin Ning; Prayag Tiwari; Jun Hou,195,,10.1016/j.neunet.2025.108256,https://doi.org/10.1016/j.neunet.2025.108256,article,Neural Networks,https://openalex.org/W4416029064
Neural Networks,Elsevier,2025,2025-11-08,Moment stability of McKean-Vlasov stochastic recurrent neural networks with mixed delays,Hongyan Tian; Quanxin Zhu,196,,10.1016/j.neunet.2025.108310,https://doi.org/10.1016/j.neunet.2025.108310,article,Neural Networks,https://openalex.org/W4416040469
Neural Networks,Elsevier,2025,2025-11-08,Neurovista: A bidirectional masked cross-Modal fusion network for robust EEG-to-Image decoding,Haopei Xu; Lin Ni,195,,10.1016/j.neunet.2025.108297,https://doi.org/10.1016/j.neunet.2025.108297,article,Neural Networks,https://openalex.org/W4416046467
Neural Networks,Elsevier,2025,2025-11-08,Polyp image segmentation based on parallel dilated convolution and dual attention mechanisms,Shuhong Chen; Kairen Chen; Chenchen Wang; Zhili Zhou; Sheng Wen; Tianqing Zhu; Menglong Wu,195,,10.1016/j.neunet.2025.108282,https://doi.org/10.1016/j.neunet.2025.108282,article,Neural Networks,https://openalex.org/W4416029047
Neural Networks,Elsevier,2025,2025-11-08,Synaptic pruning facilitates online Bayesian model selection,Ukyo T. Tazawa; Takuya Isomura,195,,10.1016/j.neunet.2025.108311,https://doi.org/10.1016/j.neunet.2025.108311,article,Neural Networks,https://openalex.org/W4416041540
Neural Networks,Elsevier,2025,2025-11-09,Pure node selection for imbalanced graph node classification,Fanlong Zeng; Wensheng Gan; Jiayang Wu; Philip S. Yu,196,,10.1016/j.neunet.2025.108315,https://doi.org/10.1016/j.neunet.2025.108315,article,Neural Networks,https://openalex.org/W4416055905
Neural Networks,Elsevier,2025,2025-11-13,Curvature-aware selective feature interaction network for skin lesion segmentation,Shudi Zhang; Junchang Xin; Qi Shen; Na Su; Zhihong Huang; Zhiqiong Wang,196,,10.1016/j.neunet.2025.108314,https://doi.org/10.1016/j.neunet.2025.108314,article,Neural Networks,https://openalex.org/W4416167839
Neural Networks,Elsevier,2025,2025-11-13,Dual-balancing for multi-task learning,Baijiong Lin; Weisen Jiang; Feiyang Ye; Yu Zhang; Pengguang Chen; Ying-Cong Chen; Ying-Cong Chen; Shu Liu; Ivor Wai-Hung Tsang; James Tin-Yau Kwok,195,,10.1016/j.neunet.2025.108317,https://doi.org/10.1016/j.neunet.2025.108317,article,Neural Networks,https://openalex.org/W4416191276
Neural Networks,Elsevier,2025,2025-11-13,Multi-graph learning with adaptive graph-bag mapping,Donglai Fu; Tiantian Lu; Junyang Wang,195,,10.1016/j.neunet.2025.108316,https://doi.org/10.1016/j.neunet.2025.108316,article,Neural Networks,https://openalex.org/W4416195131
Neural Networks,Elsevier,2025,2025-11-13,RepAttn3D: Re-parameterizing 3D attention with spatiotemporal augmentation for video understanding,Xiusheng Lu; Lechao Cheng; Sicheng Zhao; Ying Zheng; Yongheng Wang; Guiguang Ding; Mingli Song,195,,10.1016/j.neunet.2025.108313,https://doi.org/10.1016/j.neunet.2025.108313,article,Neural Networks,https://openalex.org/W4416167299
Neural Networks,Elsevier,2025,2025-11-14,Cross-subject emotion recognition with loop adaptive adversarial transfer network,Feifan Yan; Bo Zhang; Ziliang Cai; Minghao Du; Xiaoya Liu; Xiaoya Liu; Zhinan Yu; Sitong Chen; Shuang Liu; Dong Ming,196,,10.1016/j.neunet.2025.108324,https://doi.org/10.1016/j.neunet.2025.108324,article,Neural Networks,https://openalex.org/W4416197779
Neural Networks,Elsevier,2025,2025-11-14,Fuzzy symbolic convergent cross mapping: A causal coupling measure for EEG signals in disorders of consciousness patients,Tingting Li; Xingwei An; Yang Di; Honglin Wang; Yujia Yan; Shuang Liu; Yueqing Dong; Dong Ming,195,,10.1016/j.neunet.2025.108318,https://doi.org/10.1016/j.neunet.2025.108318,article,Neural Networks,https://openalex.org/W4416197603
Neural Networks,Elsevier,2025,2025-11-14,Graph causal representation learning for out-of-distribution generalization,Xianglin Zuo; Baohang Wei; Hao Yuan; Ying Wang,195,,10.1016/j.neunet.2025.108208,https://doi.org/10.1016/j.neunet.2025.108208,article,Neural Networks,https://openalex.org/W4416439132
Neural Networks,Elsevier,2025,2025-11-14,"The more, the merrier: Detecting categorical emotions from texts with cross-modal insights",Changrong Min; Aimin Wang; Ximing Li,196,,10.1016/j.neunet.2025.108298,https://doi.org/10.1016/j.neunet.2025.108298,article,Neural Networks,https://openalex.org/W4416197843
Neural Networks,Elsevier,2025,2025-11-15,DiffMLP: A diffusion-based multi-hop link prediction framework in knowledge graphs,Hao Liu; Dong Li; Bing Zeng; Yang Xu,195,,10.1016/j.neunet.2025.108296,https://doi.org/10.1016/j.neunet.2025.108296,article,Neural Networks,https://openalex.org/W4416672593
Neural Networks,Elsevier,2025,2025-11-15,Extended dissipativity analysis for delayed markovian jump neural networks via delay-function-based Lyapunov functional,Guo‐Qiang Kong; Liangdong Guo,196,,10.1016/j.neunet.2025.108321,https://doi.org/10.1016/j.neunet.2025.108321,article,Neural Networks,https://openalex.org/W4416229916
Neural Networks,Elsevier,2025,2025-11-16,CSCL: Bridging the plasticity-stability gap in continuous supervised contrastive learning,Yi Xiong; Liqi Xiang; Qianyue Cao; Zongwei Zhu; Zirui Lian; Jing Cao; Xuehai Zhou,196,,10.1016/j.neunet.2025.108179,https://doi.org/10.1016/j.neunet.2025.108179,article,Neural Networks,https://openalex.org/W4416261185
Neural Networks,Elsevier,2025,2025-11-17,Depth-consistent 3D Gaussian Splatting via physical defocus modeling and multi-view geometric supervision,Yu Deng; Baozhu Zhao; Junyan Su; Xiaohan Zhang; Qi Liu,195,,10.1016/j.neunet.2025.108320,https://doi.org/10.1016/j.neunet.2025.108320,article,Neural Networks,https://openalex.org/W4416538510
Neural Networks,Elsevier,2025,2025-11-17,Optimizing boundary dynamics for nested named entity recognition via semantic refinement and trimming,Yanglei Gan; Yao Liu; Yuxiang Cai; Run Lin; Song Yang; Qiao Liu; Yashen Wang; Xiaojun Shi,196,,10.1016/j.neunet.2025.108218,https://doi.org/10.1016/j.neunet.2025.108218,article,Neural Networks,https://openalex.org/W4416266029
Neural Networks,Elsevier,2025,2025-11-19,Bitscaling: Streamlining neural network compression via predictive multi-scale growth of mixed-precision networks,Yuehao Li; Haifang Jian; Hongchang Wang; Linghe Zhang; Yuhao Liu; Wu Liu,196,,10.1016/j.neunet.2025.108327,https://doi.org/10.1016/j.neunet.2025.108327,article,Neural Networks,https://openalex.org/W4416373490
Neural Networks,Elsevier,2025,2025-11-19,LBMS-SAM: Segment anything model guided SEM image segmentation for lithium battery materials,Yu Qi; Jun Zhang; Jian Kuang; Tingting Ren; Dong Wang; Zhuanti Wu; Hao Zheng; Qiaqia Zhang,196,,10.1016/j.neunet.2025.108325,https://doi.org/10.1016/j.neunet.2025.108325,article,Neural Networks,https://openalex.org/W4416345350
Neural Networks,Elsevier,2025,2025-11-20,CURRENT EVENTS,,192,,10.1016/s0893-6080(25)01188-8,https://doi.org/10.1016/s0893-6080(25)01188-8,article,Neural Networks,https://openalex.org/W4416435649
Neural Networks,Elsevier,2025,2025-11-20,Chain-of-Detection enables robust and efficient jailbreak defense,Tingting Wu; Hao Zhang,196,,10.1016/j.neunet.2025.108217,https://doi.org/10.1016/j.neunet.2025.108217,article,Neural Networks,https://openalex.org/W4416400707
Neural Networks,Elsevier,2025,2025-11-20,Conjunctive query embedding-based few-shot item recommendation,Jeonghoon Kim; Dongwon Jung; Hogun Park,196,,10.1016/j.neunet.2025.108342,https://doi.org/10.1016/j.neunet.2025.108342,article,Neural Networks,https://openalex.org/W4416427990
Neural Networks,Elsevier,2025,2025-11-20,DDGC: A diffusion-based approach for dynamic graph clustering,Shengtao Shen; Xulun Ye; Jieyu Zhao,196,,10.1016/j.neunet.2025.108335,https://doi.org/10.1016/j.neunet.2025.108335,article,Neural Networks,https://openalex.org/W4416414122
Neural Networks,Elsevier,2025,2025-11-20,Discrete Memristive Hopfield Neural Network with Grid-Polyhedral Hyperchaos for FPGA-Based Pseudorandom Number Generator,Han Bao; Han Bao; Ruimin Wang; Ning Wang; Mo Chen; Bocheng Bao,196,,10.1016/j.neunet.2025.108340,https://doi.org/10.1016/j.neunet.2025.108340,article,Neural Networks,https://openalex.org/W4416421973
Neural Networks,Elsevier,2025,2025-11-20,Double actor-critic with TD error-driven regularization in reinforcement learning,Haohui Chen; Zhiyong Chen; Aoxiang Liu; W. Fang,196,,10.1016/j.neunet.2025.108323,https://doi.org/10.1016/j.neunet.2025.108323,article,Neural Networks,https://openalex.org/W4416423297
Neural Networks,Elsevier,2025,2025-11-20,ERANet: Edge replacement augmentation for semi-supervised meniscus segmentation with prototype consistency alignment and conditional self-training,Siyue Li; Yongcheng Yao; Junru Zhong; Shutian Zhao; Fan Xiao; Tim-Yun Michael Ong; Kevin Ki‐Wai Ho; James Francis Griffith; Yudong Zhang; Shuihua Wang‎; Jin Hong; Weitian Chen,196,,10.1016/j.neunet.2025.108337,https://doi.org/10.1016/j.neunet.2025.108337,article,Neural Networks,https://openalex.org/W4416397076
Neural Networks,Elsevier,2025,2025-11-20,Editorial Board,,192,,10.1016/s0893-6080(25)01184-0,https://doi.org/10.1016/s0893-6080(25)01184-0,paratext,Neural Networks,https://openalex.org/W7106333495
Neural Networks,Elsevier,2025,2025-11-20,GuidedDE: Targeted black-box adversarial attacks via confidence-guided mutation on automatic speech recognition systems,Jing Li; Lipeng Song; Yanru Feng,196,,10.1016/j.neunet.2025.108338,https://doi.org/10.1016/j.neunet.2025.108338,article,Neural Networks,https://openalex.org/W4416418883
Neural Networks,Elsevier,2025,2025-11-20,Hit the spot: Reachability guided subgoal generation for hierarchical reinforcement learning in stochastic environments,Bo Chen; Quan Sheng Yuan; Guiyang Luo; Yilin Liu; Rui Pan; Jinglin Li,196,,10.1016/j.neunet.2025.108299,https://doi.org/10.1016/j.neunet.2025.108299,article,Neural Networks,https://openalex.org/W4416400728
Neural Networks,Elsevier,2025,2025-11-20,Hopfield neural networks with diverse activation functions: impact of variable action gradients and electromagnetic radiation effects,Bertrand Frederick Boui A Boya; Lyudmila Klimentyevna Babenko; Jose Rangel‐Magdaleno; Jacques Ndé Kengne; Jeferson Andres Garzon-Gonzalez; Gennady Evgenievich Veselov,196,,10.1016/j.neunet.2025.108333,https://doi.org/10.1016/j.neunet.2025.108333,article,Neural Networks,https://openalex.org/W4416409109
Neural Networks,Elsevier,2025,2025-11-20,INN/ENNS/JNNS - Membership Applic. Form,,192,,10.1016/s0893-6080(25)01189-x,https://doi.org/10.1016/s0893-6080(25)01189-x,article,Neural Networks,https://openalex.org/W7106245772
Neural Networks,Elsevier,2025,2025-11-20,MonoKAN: Certified monotonic Kolmogorov-Arnold network,Alejandro Polo-Molina; David Alfaya; José Portela,196,,10.1016/j.neunet.2025.108278,https://doi.org/10.1016/j.neunet.2025.108278,article,Neural Networks,https://openalex.org/W4416410340
Neural Networks,Elsevier,2025,2025-11-20,Multi-scale spatial diffusion under frequency information-guidance For low-light image enhancement,Jinhan Guan; Bo Wang; Zhao Zhang; Yang Zhao; Haijun Zhang; Yun Yang; Xianming Ye; Meng Wang,196,,10.1016/j.neunet.2025.108272,https://doi.org/10.1016/j.neunet.2025.108272,article,Neural Networks,https://openalex.org/W4416425033
Neural Networks,Elsevier,2025,2025-11-20,Optical flow prompts distractor-aware siamese network for tracking autonomous underwater vehicle with sonar and camera videos,Wenyu Cai; Jifeng Zhu; Meiyan Zhang; Mingming Liu,196,,10.1016/j.neunet.2025.108328,https://doi.org/10.1016/j.neunet.2025.108328,article,Neural Networks,https://openalex.org/W4416425005
Neural Networks,Elsevier,2025,2025-11-20,PSL: Prototype swapping learning for modality imbalance,Zan Chen; Shunye Zhao; Meng Xu; Bo Wang; Shiding Sun; Yiwei You,196,,10.1016/j.neunet.2025.108322,https://doi.org/10.1016/j.neunet.2025.108322,article,Neural Networks,https://openalex.org/W4416380499
Neural Networks,Elsevier,2025,2025-11-20,Proactive and privacy-Preserving defense for DNS over HTTPS via federated AI attestation (PAFA-DoH),B.M. Ali; Guihai Chen,196,,10.1016/j.neunet.2025.108343,https://doi.org/10.1016/j.neunet.2025.108343,article,Neural Networks,https://openalex.org/W4416422013
Neural Networks,Elsevier,2025,2025-11-20,Regression-based multisource conditional domain adaptation for policy outcome prediction,Chang Qi; Caijia Zhu; Liang Wu; Wei Lan; Desheng Zheng; Fengmao Lv,196,,10.1016/j.neunet.2025.108341,https://doi.org/10.1016/j.neunet.2025.108341,article,Neural Networks,https://openalex.org/W4416419646
Neural Networks,Elsevier,2025,2025-11-20,SADST: Style-aware dynamic style transfer for domain generalized semantic segmentation,Jingxian Shen; Jinlong Shi; Jian Jun Gu; Qiang Qian; Xin Shu; Linbin Pang; Zhongbin Zhang,196,,10.1016/j.neunet.2025.108336,https://doi.org/10.1016/j.neunet.2025.108336,article,Neural Networks,https://openalex.org/W4416414135
Neural Networks,Elsevier,2025,2025-11-20,SVE-Former: A fast fourier transformer via singular vector embedding,Xiang‐Jun Shen; Wenxiu Tian; Wenxiu Tian; Yang Yang; Conghua Zhou; Heping Song; Ming Yang; Yong Li; Sirui Tian; Zheng-Jun Zha,196,,10.1016/j.neunet.2025.108331,https://doi.org/10.1016/j.neunet.2025.108331,article,Neural Networks,https://openalex.org/W4416425000
Neural Networks,Elsevier,2025,2025-11-20,State estimation for stochastic delayed neural networks with diffusion terms: A two-step estimation method,Yu Gao; Zhi-Yun Zhang; Xiaozhen Liu; Kai‐Ning Wu,196,,10.1016/j.neunet.2025.108339,https://doi.org/10.1016/j.neunet.2025.108339,article,Neural Networks,https://openalex.org/W4416425023
Neural Networks,Elsevier,2025,2025-11-20,TEP-BS: Public opinion evolution prediction based on stochastic competitive learning–taking the hot case of platform X in september 2024 as an example,Wenzheng Li; Yijun Gu; Jianwei Hou; Shunshun Fu,196,,10.1016/j.neunet.2025.108319,https://doi.org/10.1016/j.neunet.2025.108319,article,Neural Networks,https://openalex.org/W4416400662
Neural Networks,Elsevier,2025,2025-11-20,TimeCNN: Refining inscross-variable interaction on time point for time series forecasting,Ao Hu; Liangjian Wen; Yong Dai; Shiyi Qi; Jun Wang; Zhi Chen; Xun S. Zhou; Dongkai Wang; Zenglin Xu; Jiang Duan,196,,10.1016/j.neunet.2025.108312,https://doi.org/10.1016/j.neunet.2025.108312,article,Neural Networks,https://openalex.org/W4416400718
Neural Networks,Elsevier,2025,2025-11-21,Consensus-guided individual graph learning via enhanced tensor low-rank for robust multi-view clustering,Gang Zhu; Lixin Han; Jun Zhu,196,,10.1016/j.neunet.2025.108330,https://doi.org/10.1016/j.neunet.2025.108330,article,Neural Networks,https://openalex.org/W4416910453
Neural Networks,Elsevier,2025,2025-11-21,Deep data consistency: A fast and robust diffusion model-based solver for inverse problems,Hanyu Chen; Zhixiu Hao; Liying Xiao,196,,10.1016/j.neunet.2025.108334,https://doi.org/10.1016/j.neunet.2025.108334,article,Neural Networks,https://openalex.org/W4416815465
Neural Networks,Elsevier,2025,2025-11-21,Explainable machine learning algorithm for classifying resting-state functional MRI in amyotrophic lateral sclerosis,Kaoru Shimano; Takaaki Hattori; Eiji Yasuda; Takeshi Hase; Satoko Kina; Toru Miyake; Takanori Yokota,196,,10.1016/j.neunet.2025.108359,https://doi.org/10.1016/j.neunet.2025.108359,article,Neural Networks,https://openalex.org/W4416815657
Neural Networks,Elsevier,2025,2025-11-21,Metamon-GS: Enhancing representability with variance-guided densification and light encoding,Junyan Su; Baozhu Zhao; Xiaohan Zhang; Qi Liu,196,,10.1016/j.neunet.2025.108349,https://doi.org/10.1016/j.neunet.2025.108349,article,Neural Networks,https://openalex.org/W4416987229
Neural Networks,Elsevier,2025,2025-11-21,PMTE-LLM:An LLM-based time series forecasting method using professional mechanism and training experience,Chengze Du; Faming Gong; Yuhao Zhou; Yi Yu; Xiaolin Lü; Jingcheng Gao,196,,10.1016/j.neunet.2025.108362,https://doi.org/10.1016/j.neunet.2025.108362,article,Neural Networks,https://openalex.org/W4416853808
Neural Networks,Elsevier,2025,2025-11-22,Adaptive differential privacy mechanism for enhanced deep learning model utility and privacy,Xiangfei Zhang; Qingchen Zhang,196,,10.1016/j.neunet.2025.108345,https://doi.org/10.1016/j.neunet.2025.108345,article,Neural Networks,https://openalex.org/W4416528521
Neural Networks,Elsevier,2025,2025-11-22,Addressing common misinterpretations of KART and UAT in neural network literature,Vugar E. Ismailov,196,,10.1016/j.neunet.2025.108361,https://doi.org/10.1016/j.neunet.2025.108361,article,Neural Networks,https://openalex.org/W4416549089
Neural Networks,Elsevier,2025,2025-11-22,Agm-Net: Attention-guided masking denoising anomaly location network,Jinke Liu; Jian Wang; Zhiyan Han,196,,10.1016/j.neunet.2025.108347,https://doi.org/10.1016/j.neunet.2025.108347,article,Neural Networks,https://openalex.org/W4416543159
Neural Networks,Elsevier,2025,2025-11-22,Enhancing concept alignment with explanatory interactive disentangled representation learning,Xiyu Meng; Yilong Lin; Yuhan Wu; Ying Lü,196,,10.1016/j.neunet.2025.108346,https://doi.org/10.1016/j.neunet.2025.108346,article,Neural Networks,https://openalex.org/W4416535334
Neural Networks,Elsevier,2025,2025-11-22,Multi-view subspace tensorization with attentive clustering embedding,Yanghang Zheng; Haonan Huang; Yihao Luo; Yuning Qiu; Andong Wang; Guoxu Zhou; Qibin Zhao,196,,10.1016/j.neunet.2025.108344,https://doi.org/10.1016/j.neunet.2025.108344,article,Neural Networks,https://openalex.org/W4416535330
Neural Networks,Elsevier,2025,2025-11-22,QWNet: A quaternion wavelet network for spatial-frequency aware multi-modal image fusion,Jietao Yang; Miaoshan Lin; Guoheng Huang; Xuhang Chen; Xiaofeng Zhang; Xiaochen Yuan; Chi‐Man Pun; Bingo Wing‐Kuen Ling,196,,10.1016/j.neunet.2025.108364,https://doi.org/10.1016/j.neunet.2025.108364,article,Neural Networks,https://openalex.org/W4416543129
Neural Networks,Elsevier,2025,2025-11-22,Result constraint behavior cloning for offline reinforcement learning,Daolong An; Chun Shen; Songlin Li; Wei Xiao; Shuai Lü; Wenbo Zhou,196,,10.1016/j.neunet.2025.108355,https://doi.org/10.1016/j.neunet.2025.108355,article,Neural Networks,https://openalex.org/W4416535340
Neural Networks,Elsevier,2025,2025-11-22,Towards efficient and accurate spiking neural networks via adaptive bit allocation,Xingting Yao; Hu Qinghao; Zhou Fei; Liu Tielong; Li Gang; Peisong Wang; Jian Cheng,196,,10.1016/j.neunet.2025.108350,https://doi.org/10.1016/j.neunet.2025.108350,article,Neural Networks,https://openalex.org/W4416549094
Neural Networks,Elsevier,2025,2025-11-22,Unsupervised SAM-guided mixture-of-multimodal-experts fusion network for medical image diagnosis,Jing Li; Yixuan Wu; Xiaorou Zheng; Shoubin Dong,196,,10.1016/j.neunet.2025.108348,https://doi.org/10.1016/j.neunet.2025.108348,article,Neural Networks,https://openalex.org/W4416543101
Neural Networks,Elsevier,2025,2025-11-23,Weakly semi-supervised cardiac MRI segmentation with frequency-domain pseudo label dynamic mixed supervision and partial-dice constraints,Wenzong Li; Hui Liu; J. J. Qin; Hongdang Zheng; Lin Zhang,196,,10.1016/j.neunet.2025.108329,https://doi.org/10.1016/j.neunet.2025.108329,article,Neural Networks,https://openalex.org/W4416714223
Neural Networks,Elsevier,2025,2025-11-24,Curriculum-guided graph self-augmentation: A progressive deepening framework for GNNs,Li Yu; Qirong Zhang; Jin Li; Xinlong Chen; Yang-Geng Fu,196,,10.1016/j.neunet.2025.108360,https://doi.org/10.1016/j.neunet.2025.108360,article,Neural Networks,https://openalex.org/W4416580904
Neural Networks,Elsevier,2025,2025-11-24,KnowFlow: Empowering decision-making on networks with knowledge-streamlined agent,Xiaohan Zheng; Lanning Wei; Huan Zhao; Quanming Yao,196,,10.1016/j.neunet.2025.108363,https://doi.org/10.1016/j.neunet.2025.108363,article,Neural Networks,https://openalex.org/W4416566476
Neural Networks,Elsevier,2025,2025-11-24,MC-HSTA: A multi-source cross-domain hybrid spatio-temporal attention network for traffic flow prediction,Zhirong Zhang; Qixiu Cheng; Zhanyi Li; Zhanyi Li; Yong Fang; Ying Li,196,,10.1016/j.neunet.2025.108358,https://doi.org/10.1016/j.neunet.2025.108358,article,Neural Networks,https://openalex.org/W4416579317
Neural Networks,Elsevier,2025,2025-11-24,Multi-level encoder architectures for event causality identification,Hao Liang; Qifeng Zhou; Wanyuan Gong; Xiang Li,196,,10.1016/j.neunet.2025.108356,https://doi.org/10.1016/j.neunet.2025.108356,article,Neural Networks,https://openalex.org/W4416566892
Neural Networks,Elsevier,2025,2025-11-24,Towards the theory for mitigating gradient issues and dead neurons in deep learning through a modified Gaussian activation function,Linu Pinto; Savitha K․N․; Tinu John; Judy M․V․,196,,10.1016/j.neunet.2025.108353,https://doi.org/10.1016/j.neunet.2025.108353,article,Neural Networks,https://openalex.org/W4416566578
Neural Networks,Elsevier,2025,2025-11-25,Hermite-type neural network operators: derivative-informed frameworks for functional neuroimaging and signal processing,Uğur Kadak,196,,10.1016/j.neunet.2025.108368,https://doi.org/10.1016/j.neunet.2025.108368,article,Neural Networks,https://openalex.org/W4416612327
Neural Networks,Elsevier,2025,2025-11-25,Interactive image-to-video transfer learning,Cong Wu; Cong Wu; Tianyang Xu; Zhenhua Feng; Xiao‐Jun Wu; Josef Kittler,196,,10.1016/j.neunet.2025.108354,https://doi.org/10.1016/j.neunet.2025.108354,article,Neural Networks,https://openalex.org/W4416641063
Neural Networks,Elsevier,2025,2025-11-25,Novel deep learning solutions with layered recurrent neural networks for nonlinear stiff Dahl hysteresis model in piezoelectric actuator,Aneela Kausar; Chuan-Yu Chang; Sidra Naz; Sidra Naz; Rooh Ullah Khan; Chung-Chian Hsu; M.I.M. Safiullah; Saeeda Naz; Saeeda Naz; Muhammad Asif Zahoor Raja,196,,10.1016/j.neunet.2025.108378,https://doi.org/10.1016/j.neunet.2025.108378,article,Neural Networks,https://openalex.org/W4416642635
Neural Networks,Elsevier,2025,2025-11-25,OOPS: Outlier-aware and quadratic programming based structured pruning for large language models,Jiateng Wei; Siqi Li; Jingyang Xiang; Jiandang Yang; Jun Chen; Xiaobin Wei; Yunliang Jiang; Yong Liu,196,,10.1016/j.neunet.2025.108332,https://doi.org/10.1016/j.neunet.2025.108332,article,Neural Networks,https://openalex.org/W4416642615
Neural Networks,Elsevier,2025,2025-11-25,RCVQA: Visual question answering model based on reading comprehension,Deguang Chen; Deguang Chen; Jianrui Chen; Zhongshi Shao; Maoguo Gong,196,,10.1016/j.neunet.2025.108365,https://doi.org/10.1016/j.neunet.2025.108365,article,Neural Networks,https://openalex.org/W4416642804
Neural Networks,Elsevier,2025,2025-11-26,A coupled spiking neural P system integrated with two-level neighborhood search for solving flexible job shop scheduling problems,Xiang Ke Tian; Yang Kong; Feng Zhang; Xiyu Liu,196,,10.1016/j.neunet.2025.108366,https://doi.org/10.1016/j.neunet.2025.108366,article,Neural Networks,https://openalex.org/W4416703078
Neural Networks,Elsevier,2025,2025-11-26,Central similarity joint-learning for cross-domain retrieval,Tianle Hu; Yu Chen; Yue Huang; Xiaozhao Fang; Jie Wen; Guoxu Zhou; Shengli Xie,196,,10.1016/j.neunet.2025.108372,https://doi.org/10.1016/j.neunet.2025.108372,article,Neural Networks,https://openalex.org/W4416682964
Neural Networks,Elsevier,2025,2025-11-26,Predictive coding with spiking neural networks: A survey,Antony W. N’dri; William Gebhardt; Céline Teulière; Fleur Zeldenrust; Rajesh P. N. Rao; Jochen Triesch; Alexander G. Ororbia,196,,10.1016/j.neunet.2025.108371,https://doi.org/10.1016/j.neunet.2025.108371,article,Neural Networks,https://openalex.org/W4416682903
Neural Networks,Elsevier,2025,2025-11-26,Secure event-triggered control of discrete-time markovian jump systems under deception attacks: a case study on DC motor devices,M. Mubeen Tajudeen; K. Asmiya Banu; Kumar Manoj; Wing‐Keung Wong; Grienggrai Rajchakit; Mohamed Abdalla; Chee Peng Lim; Tingwen Huang,196,,10.1016/j.neunet.2025.108367,https://doi.org/10.1016/j.neunet.2025.108367,article,Neural Networks,https://openalex.org/W4416662390
Neural Networks,Elsevier,2025,2025-11-27,Adversarial rain attack and defensive deraining for DNN perception,Liming Zhai; Qing Guo; Felix Juefei-Xu; Xiaofei Xie; Lei Ma; Wei Feng; Shengchao Qin; Yang Liu,196,,10.1016/j.neunet.2025.108376,https://doi.org/10.1016/j.neunet.2025.108376,article,Neural Networks,https://openalex.org/W4416746073
Neural Networks,Elsevier,2025,2025-11-27,FedPCL-CDR: A federated prototype-based contrastive learning framework for privacy-preserving cross-domain recommendation,Li Wang; Qiang Wu; Min Gang Xu,196,,10.1016/j.neunet.2025.108380,https://doi.org/10.1016/j.neunet.2025.108380,article,Neural Networks,https://openalex.org/W4416746218
Neural Networks,Elsevier,2025,2025-11-27,Graph-level contrastive learning with self-aware and cross-sample topology augmentation for brain disorder diagnosis using rs-fMRI,Hao Zhang; Hao Zhang; Xiaoyun Liu; Shuo Huang; Yue Ma; Yonggui Yuan; Li Zhang; Li Zhang,196,,10.1016/j.neunet.2025.108379,https://doi.org/10.1016/j.neunet.2025.108379,article,Neural Networks,https://openalex.org/W4416746113
Neural Networks,Elsevier,2025,2025-11-27,Iterative feedback-based time-series anomaly detection with adaptive diffusion models,Chunjing Xiao; Xinyi Du; Xueru Song; Yuxia Xue; Minghao Wu; Kevin Chetty,196,,10.1016/j.neunet.2025.108370,https://doi.org/10.1016/j.neunet.2025.108370,article,Neural Networks,https://openalex.org/W4416713512
Neural Networks,Elsevier,2025,2025-11-27,Mean teacher based on class prototype contrast for domain adaptive object detection,Fukang Zhang; Shanshan Gao; Zheng Liu; Xiao Pan; Honghao Dai; Yuanfeng Zhou,196,,10.1016/j.neunet.2025.108377,https://doi.org/10.1016/j.neunet.2025.108377,article,Neural Networks,https://openalex.org/W4417273737
Neural Networks,Elsevier,2025,2025-11-29,A Causal Validation augmented Temporal Convolutional Framework for Brain Effective Connectivity Networks Estimation,Aoxiang Dong; Jun Hong Cao; Ptolemaios Georgios Sarrigiannis; Daniel J. Blackburn; Andrew G. Starr; Yifan Zhao,196,,10.1016/j.neunet.2025.108405,https://doi.org/10.1016/j.neunet.2025.108405,article,Neural Networks,https://openalex.org/W4416822378
Neural Networks,Elsevier,2025,2025-11-29,AGNER: Agile governance-oriented unified named entity recognition for continual learning with diffusion adaptation,Shuxiang Hou; Yurong Qian; Jiaying Chen; Jigui Zhao; Huiyong Lv; Hongyong Leng,196,,10.1016/j.neunet.2025.108385,https://doi.org/10.1016/j.neunet.2025.108385,article,Neural Networks,https://openalex.org/W4416818861
Neural Networks,Elsevier,2025,2025-11-29,Attack and defense techniques in large language models: A survey and new perspectives,Zhiyu Liao; Kang Chen; Yuanguo Lin; Kangkang Li; Yunxuan Liu; Hefeng Chen; Xingwang Huang; Yuanhui Yu,196,,10.1016/j.neunet.2025.108388,https://doi.org/10.1016/j.neunet.2025.108388,article,Neural Networks,https://openalex.org/W4416822368
Neural Networks,Elsevier,2025,2025-11-29,Correctformer: A transformer architecture for correcting periodic drift in time-series forecasting,Min Wang; Hua Wang; Fan Zhang,196,,10.1016/j.neunet.2025.108375,https://doi.org/10.1016/j.neunet.2025.108375,article,Neural Networks,https://openalex.org/W4416818859
Neural Networks,Elsevier,2025,2025-11-29,Label noise learning based SAR target classification method,Hongqiang Wang; Yuqing Lan; Fuzhan Yue; Zhenghuan Xia; Tao Zhang; Yue Pang,196,,10.1016/j.neunet.2025.108373,https://doi.org/10.1016/j.neunet.2025.108373,article,Neural Networks,https://openalex.org/W4416822383
Neural Networks,Elsevier,2025,2025-11-29,Learning-based minimum cost strategies for set reachability of Boolean control networks under data injection attacks,Yong Wang; Chi Huang; Jianquan Lu; Daniel W. C. Ho,196,,10.1016/j.neunet.2025.108382,https://doi.org/10.1016/j.neunet.2025.108382,article,Neural Networks,https://openalex.org/W4416822366
Neural Networks,Elsevier,2025,2025-11-29,Rethinking progressive low-light image enhancement: A frequency-aware tripartite multi-scale network,Yingjian Li; Kaibing Zhang; Xuan Zhou; Zhouqiang Zhang; Sheng Hu,196,,10.1016/j.neunet.2025.108351,https://doi.org/10.1016/j.neunet.2025.108351,article,Neural Networks,https://openalex.org/W4416818865
Neural Networks,Elsevier,2025,2025-11-30,Batch self-organizing memory neural network for continual supervised learning,Jiahui Niu; Xin Ma,196,,10.1016/j.neunet.2025.108390,https://doi.org/10.1016/j.neunet.2025.108390,article,Neural Networks,https://openalex.org/W4416892307
Neural Networks,Elsevier,2025,2025-11-30,"ColorSketchNet: Unifying color, sketch and texture for modality-agnostic multi-modal person re-identification",Manman Liu; Xu Cheng; Yan Li Jiang; Baowei Wang,196,,10.1016/j.neunet.2025.108374,https://doi.org/10.1016/j.neunet.2025.108374,article,Neural Networks,https://openalex.org/W4416828624
Neural Networks,Elsevier,2025,2025-11-30,Dual prototypes for adaptive pre-trained model in class-incremental learning,Zhiming Xu; Zhiming Xu; Suorong Yang; Baile Xu; Furao Shen; Jian Ying Zhao,196,,10.1016/j.neunet.2025.108389,https://doi.org/10.1016/j.neunet.2025.108389,article,Neural Networks,https://openalex.org/W4416828608
Neural Networks,Elsevier,2025,2025-12-01,Improving the robustness of graph contrastive learning against adversarial attacks via hierarchical medoid-based contrasting,Yawen Shen; Hui Yang; Ping Li,196,,10.1016/j.neunet.2025.108357,https://doi.org/10.1016/j.neunet.2025.108357,article,Neural Networks,https://openalex.org/W4417305223
Neural Networks,Elsevier,2025,2025-12-02,Balanced multi-modality knowledge mining for RGB-infrared object detection,You Ma; Yucheng Zhang; Shihan Mao; Lin Chai; Qingling Wang,196,,10.1016/j.neunet.2025.108421,https://doi.org/10.1016/j.neunet.2025.108421,article,Neural Networks,https://openalex.org/W4416898336
Neural Networks,Elsevier,2025,2025-12-02,Full-spectrum prompt tuning with sparse MoE for open-set recognition,Yifei Xie; Chuanxing Geng; Yahao Hu; Man Chen; Jun Chen; Zhisong Pan,196,,10.1016/j.neunet.2025.108369,https://doi.org/10.1016/j.neunet.2025.108369,article,Neural Networks,https://openalex.org/W4416919392
Neural Networks,Elsevier,2025,2025-12-02,PDE-GANet: Partial differential equation discovery powered by adversarial learning,Bin Wang; Yuxuan Gao; Shenglin Guo,196,,10.1016/j.neunet.2025.108387,https://doi.org/10.1016/j.neunet.2025.108387,article,Neural Networks,https://openalex.org/W4416918373
Neural Networks,Elsevier,2025,2025-12-05,ELAI-SGCN: An explainable lightweight adaptive information-perceiving spiking graph convolutional network for EEG-based emotion recognition,Jingxin Liu; Zikai Song; Xihang Qiu; Ran Cai; Jian Zhang; Lixian Zhu; Fuze Tian; Bin Hu,197,,10.1016/j.neunet.2025.108413,https://doi.org/10.1016/j.neunet.2025.108413,article,Neural Networks,https://openalex.org/W4417014750
Neural Networks,Elsevier,2025,2025-12-05,Graph transformer with high-degree nodes anchoring for graph partitioning,Zhengxi Yang; Lingfeng Niu; Minglong Lei,196,,10.1016/j.neunet.2025.108411,https://doi.org/10.1016/j.neunet.2025.108411,article,Neural Networks,https://openalex.org/W4417014733
Neural Networks,Elsevier,2025,2025-12-05,MuDiS-GDA: Multiscale discriminative graph domain adaptation,Can Zhang; Minglong Lei,196,,10.1016/j.neunet.2025.108412,https://doi.org/10.1016/j.neunet.2025.108412,article,Neural Networks,https://openalex.org/W4417046523
Neural Networks,Elsevier,2025,2025-12-05,RaLo: Rank-aware low-rank adaptation for pre-trained foundation models,Yunsong Deng; Guoxu Zhou; Qibin Zhao,196,,10.1016/j.neunet.2025.108423,https://doi.org/10.1016/j.neunet.2025.108423,article,Neural Networks,https://openalex.org/W4417027641
Neural Networks,Elsevier,2025,2025-12-05,Semi-supervised classification and projection with adaptive flexible structure optimal graph,Hong Chen; Feiping Nie; Shenfei Pei; Yingcang Ma,197,,10.1016/j.neunet.2025.108418,https://doi.org/10.1016/j.neunet.2025.108418,article,Neural Networks,https://openalex.org/W4417046542
Neural Networks,Elsevier,2025,2025-12-06,An event-based filtering and weighted enhanced deep learning epileptic seizure prediction method,Juntao Ren; Nan Jiang; Lurong Jiang; Fang Dong; Duanpo Wu; Xunyi Wu; Shimin Xu; Junbiao Liu; Tianao Cao; Amira M. El Gohary,196,,10.1016/j.neunet.2025.108424,https://doi.org/10.1016/j.neunet.2025.108424,article,Neural Networks,https://openalex.org/W4417073592
Neural Networks,Elsevier,2025,2025-12-06,CNER-Omni: A unified dynamic modality learning framework for Chinese named entity recognition across text and speech,Jinzhong Ning; Wenxuan Mu; S. P. Li; Yijia Zhang; Ling Luo; Yuanyuan Sun; Mingyu Lu; Hongfei Lin,196,,10.1016/j.neunet.2025.108410,https://doi.org/10.1016/j.neunet.2025.108410,article,Neural Networks,https://openalex.org/W4417081021
Neural Networks,Elsevier,2025,2025-12-06,Deep belief Markov models for POMDP inference,Giacomo Arcieri; Konstantinos G. Papakonstantinou; Dániel Straub; Eleni Chatzi,196,,10.1016/j.neunet.2025.108386,https://doi.org/10.1016/j.neunet.2025.108386,article,Neural Networks,https://openalex.org/W4417066286
Neural Networks,Elsevier,2025,2025-12-06,Enhancing end-to-end speech translation via multi-stage knowledge distillation,Yue Zhou; Yuxuan Yuan; Yanyan Feng; Xiaodong Shi,197,,10.1016/j.neunet.2025.108444,https://doi.org/10.1016/j.neunet.2025.108444,article,Neural Networks,https://openalex.org/W4417086222
Neural Networks,Elsevier,2025,2025-12-06,Granger-TSllm: Granger causality enhanced LLMs with residual-quantized tokenizer for multivariate time series forecasting,Jiaqi Chu; Chengbao Liu; Xiwei Bai; Yuan Li; Jie Tan,196,,10.1016/j.neunet.2025.108420,https://doi.org/10.1016/j.neunet.2025.108420,article,Neural Networks,https://openalex.org/W4417080383
Neural Networks,Elsevier,2025,2025-12-06,Heterogeneous Feature Knowledge Distillation based on Enhanced Feature Projector Correlation,Hong Ping Zhao; Kangping Chen; Qiaoying Jin; Dailin Huang; Zhaobin Chang,196,,10.1016/j.neunet.2025.108409,https://doi.org/10.1016/j.neunet.2025.108409,article,Neural Networks,https://openalex.org/W4417081435
Neural Networks,Elsevier,2025,2025-12-06,Reference-aware image harmonization,Han Guo; Hongling Gu; Bolun Zheng; Qianyu Zhang; Canjin Wang; Yayun Wang; Zongpeng Li,196,,10.1016/j.neunet.2025.108439,https://doi.org/10.1016/j.neunet.2025.108439,article,Neural Networks,https://openalex.org/W4417073811
Neural Networks,Elsevier,2025,2025-12-06,SODAS: Second-order optimization differential architecture search for diabetic retinopathy prediction,Jing Wang; Liming Xu; Jie Shao; Jiancheng Lv; Xianhua Zeng; Weisheng Li,196,,10.1016/j.neunet.2025.108419,https://doi.org/10.1016/j.neunet.2025.108419,article,Neural Networks,https://openalex.org/W4417066284
Neural Networks,Elsevier,2025,2025-12-06,Stability control of metastable states as a unified mechanism for flexible temporal modulation in cognitive processing,Tomoki Kurikawa; Kunihiko Kaneko,196,,10.1016/j.neunet.2025.108381,https://doi.org/10.1016/j.neunet.2025.108381,article,Neural Networks,https://openalex.org/W4417072582
Neural Networks,Elsevier,2025,2025-12-06,The recurrent Hopfield mass model: Scalability and optimization,Martina Ferrazza; Giorgio Gosti; Edoardo Milanetti; Sara Spadone; Giancarlo Ruocco; Stefania Della Penna,196,,10.1016/j.neunet.2025.108406,https://doi.org/10.1016/j.neunet.2025.108406,article,Neural Networks,https://openalex.org/W4417066271
Neural Networks,Elsevier,2025,2025-12-06,The unambiguous structure representation of tabular data for recognition,Fan Yang; Junwen Tan; Tianshui Chen; Shuangping Huang; Yunqing Hu,196,,10.1016/j.neunet.2025.108352,https://doi.org/10.1016/j.neunet.2025.108352,article,Neural Networks,https://openalex.org/W4417080627
Neural Networks,Elsevier,2025,2025-12-07,Graph based multi-agent reinforcement learning with evolutionary population for cooperation,Kexing Peng; Hanwen Qi; Tinghuai Ma,196,,10.1016/j.neunet.2025.108437,https://doi.org/10.1016/j.neunet.2025.108437,article,Neural Networks,https://openalex.org/W4417305198
Neural Networks,Elsevier,2025,2025-12-07,Graph vector function architecture,Sachin Kahawala; Daswin De Silva; Evgeny Osipov; Dmitri A. Rachkovskij; Ross W. Gayler,197,,10.1016/j.neunet.2025.108416,https://doi.org/10.1016/j.neunet.2025.108416,article,Neural Networks,https://openalex.org/W4417093380
Neural Networks,Elsevier,2025,2025-12-07,Stochastic modeling of microcavity laser-based photonic reservoir computing: An information processing capacity perspective,Juncheng Huang; Tao Wang; Kathy Lüdge; Yanan Han; Shuiying Xiang; Yue Hao,197,,10.1016/j.neunet.2025.108383,https://doi.org/10.1016/j.neunet.2025.108383,article,Neural Networks,https://openalex.org/W4417094980
Neural Networks,Elsevier,2025,2025-12-08,Bipartite synchronization of delayed competitive-cooperative inertial neural networks: A sign-compensation plus event-triggered controller,Ruixue Fu; Yu Xue; Xian Zhang,196,,10.1016/j.neunet.2025.108447,https://doi.org/10.1016/j.neunet.2025.108447,article,Neural Networks,https://openalex.org/W4417124693
Neural Networks,Elsevier,2025,2025-12-08,Robust heterogeneous network representation learning by multifaceted curriculum training,Zhen Hao Wong; Hansi Yang; Quanming Yao; Yaqing Wang,196,,10.1016/j.neunet.2025.108438,https://doi.org/10.1016/j.neunet.2025.108438,article,Neural Networks,https://openalex.org/W4417113060
Neural Networks,Elsevier,2025,2025-12-09,2D Time-varying functional modeling framework for multi-scale solar irradiance forecasting,Chengdong Shi; Wei Zhao; Xiao‐Jun Zeng; Ching-Hsun Tseng; Yue Chang,196,,10.1016/j.neunet.2025.108443,https://doi.org/10.1016/j.neunet.2025.108443,article,Neural Networks,https://openalex.org/W4417147904
Neural Networks,Elsevier,2025,2025-12-09,ASRL: Correlation-robust pedestrian attribute recognition via fixed orthogonal classifier,Xiaokang Zhang; Hai‐Miao Hu,196,,10.1016/j.neunet.2025.108408,https://doi.org/10.1016/j.neunet.2025.108408,article,Neural Networks,https://openalex.org/W4417148833
Neural Networks,Elsevier,2025,2025-12-09,Brain-inspired behavioral decision-making of mobile robots based on the motivated developmental network,Xudong Lv; Qi Liu; Dongshu Wang,196,,10.1016/j.neunet.2025.108455,https://doi.org/10.1016/j.neunet.2025.108455,article,Neural Networks,https://openalex.org/W4417164015
Neural Networks,Elsevier,2025,2025-12-09,CMMDL: Cross-modal multi-domain learning method for image fusion,Di Yuan; Huayi Zhu; Rui Chen; Sida Zhou; Jianing Tang; Xiu Shu; Qiao Liu,196,,10.1016/j.neunet.2025.108450,https://doi.org/10.1016/j.neunet.2025.108450,article,Neural Networks,https://openalex.org/W4417138102
Neural Networks,Elsevier,2025,2025-12-09,Dual-modality adaptation in vision-language models for continual learning,Jiahao Zeng; Wentao Zhang; Kanghao Chen; Jiantao Tan; Tong Yu; Wei‐Shi Zheng; Ruixuan Wang,196,,10.1016/j.neunet.2025.108422,https://doi.org/10.1016/j.neunet.2025.108422,article,Neural Networks,https://openalex.org/W4417164008
Neural Networks,Elsevier,2025,2025-12-09,FFTNet: fNIRS-based frequency-enhanced patch network for driving fatigue detection,Yu Li; Xudong Jia; Yu Sun; Yan Cui; Junhua Li; Zhen Yuan; Feng Wan; Hui Zheng; Hongtao Wang,196,,10.1016/j.neunet.2025.108466,https://doi.org/10.1016/j.neunet.2025.108466,article,Neural Networks,https://openalex.org/W4417362186
Neural Networks,Elsevier,2025,2025-12-09,PointCore: An efficient framework for unsupervised point cloud anomaly detection using joint local-global features,Baozhu Zhao; Xiaohan Zhang; Jingfeng Guo; Qi Liu,197,,10.1016/j.neunet.2025.108446,https://doi.org/10.1016/j.neunet.2025.108446,article,Neural Networks,https://openalex.org/W4417165864
Neural Networks,Elsevier,2025,2025-12-09,Twisted convolutional networks (TCNs): Enhancing feature interactions for non-spatial data classification,Junbo Jacob Lian; Haoran Chen; Kaichen Ouyang; Yujun Zhang; Rui Zhong; Huiling Chen,197,,10.1016/j.neunet.2025.108451,https://doi.org/10.1016/j.neunet.2025.108451,article,Neural Networks,https://openalex.org/W4417165857
Neural Networks,Elsevier,2025,2025-12-10,A vision-language model for enhanced MCI identification in Alzheimer’s disease through neuropsychological and neuroimaging data integration,Yuanbi Nie; Qiushi Cui; Wenyuan Li; Yang Lü; Weihua Yu,197,,10.1016/j.neunet.2025.108415,https://doi.org/10.1016/j.neunet.2025.108415,article,Neural Networks,https://openalex.org/W7113899131
Neural Networks,Elsevier,2025,2025-12-10,Dilated memory in hierarchical reinforcement learning for long-horizontal task,Zhenyu Zhang; Shaorong Xie; Xiangfeng Luo; Han Zhang,197,,10.1016/j.neunet.2025.108442,https://doi.org/10.1016/j.neunet.2025.108442,article,Neural Networks,https://openalex.org/W4417209674
Neural Networks,Elsevier,2025,2025-12-10,Evidence of scaling regimes in the hopfield dynamics of whole brain model,Giorgio Gosti; Sauro Succi; Giancarlo Ruocco,196,,10.1016/j.neunet.2025.108457,https://doi.org/10.1016/j.neunet.2025.108457,article,Neural Networks,https://openalex.org/W4417498707
Neural Networks,Elsevier,2025,2025-12-10,Towards unified frameworks for fair and privacy-preserving graph neural networks,Xuemin Wang; Yunhui Li; Tianlong Gu; Xuguang Bao; Liang Chang; Guoyong Cai; Tieyuan Liu,196,,10.1016/j.neunet.2025.108448,https://doi.org/10.1016/j.neunet.2025.108448,article,Neural Networks,https://openalex.org/W4417202950
Neural Networks,Elsevier,2025,2025-12-11,A physics-embedded dual-learning imaging framework for electrical impedance tomography,Xuanxuan Yang; Yangming Zhang; Haofeng Chen; Gang Ma; Xiaojie Wang,197,,10.1016/j.neunet.2025.108464,https://doi.org/10.1016/j.neunet.2025.108464,article,Neural Networks,https://openalex.org/W4417246403
Neural Networks,Elsevier,2025,2025-12-11,CURRENT EVENTS,,194,,10.1016/s0893-6080(25)01311-5,https://doi.org/10.1016/s0893-6080(25)01311-5,article,Neural Networks,https://openalex.org/W4417222927
Neural Networks,Elsevier,2025,2025-12-11,Edge feature enhancement: Generating adversarial edge perturbations for preterm infant movement recognition,Xianfu Bao; Peng Lin; Huafei Huang; Jiuwen Cao,197,,10.1016/j.neunet.2025.108445,https://doi.org/10.1016/j.neunet.2025.108445,article,Neural Networks,https://openalex.org/W4417524939
Neural Networks,Elsevier,2025,2025-12-11,Editorial Board,,194,,10.1016/s0893-6080(25)01309-7,https://doi.org/10.1016/s0893-6080(25)01309-7,paratext,Neural Networks,https://openalex.org/W4417222880
Neural Networks,Elsevier,2025,2025-12-11,INN/ENNS/JNNS - Membership Applic. Form,,194,,10.1016/s0893-6080(25)01312-7,https://doi.org/10.1016/s0893-6080(25)01312-7,article,Neural Networks,https://openalex.org/W4417223048
Neural Networks,Elsevier,2025,2025-12-11,Incremental multi-subreservoirs echo state network control for uncertain aeration process,Cuili Yang; Qingrun Zhang; Jiujun Zhang; Jian Tang,196,,10.1016/j.neunet.2025.108454,https://doi.org/10.1016/j.neunet.2025.108454,article,Neural Networks,https://openalex.org/W4417214509
Neural Networks,Elsevier,2025,2025-12-11,NSPDI-SNN: An efficient lightweight SNN based on nonlinear synaptic pruning and dendritic integration,Wuque Cai; Hongze Sun; Jiayi He; Qianqian Liao; Yunliang Zang; Duo Chen; Dezhong Yao; Daqing Guo,197,,10.1016/j.neunet.2025.108417,https://doi.org/10.1016/j.neunet.2025.108417,article,Neural Networks,https://openalex.org/W4417224061
Neural Networks,Elsevier,2025,2025-12-11,Neural Networks Referees in 2025,,194,,10.1016/s0893-6080(25)01316-4,https://doi.org/10.1016/s0893-6080(25)01316-4,article,Neural Networks,https://openalex.org/W7114803469
Neural Networks,Elsevier,2025,2025-12-11,Noiseless Diffusion-GAN: Scaling-based data augmentation for generative models,Yoshitaka Koike; Tomoaki Nakagawa; Hiroki Waida; Takafumi Kanamori,197,,10.1016/j.neunet.2025.108458,https://doi.org/10.1016/j.neunet.2025.108458,article,Neural Networks,https://openalex.org/W4417247054
Neural Networks,Elsevier,2025,2025-12-11,TRKM: Twin restricted kernel machines for classification and regression,Abdul Quadir Md; M. Tanveer,197,,10.1016/j.neunet.2025.108449,https://doi.org/10.1016/j.neunet.2025.108449,article,Neural Networks,https://openalex.org/W4417247067
Neural Networks,Elsevier,2025,2025-12-11,Towards more effective skill discovery in reinforcement learning by incorporating state reachability,Yang Liu; Jingchen Li; Huarui Wu; Ying Zhou; Chunjiang Zhao,197,,10.1016/j.neunet.2025.108453,https://doi.org/10.1016/j.neunet.2025.108453,article,Neural Networks,https://openalex.org/W4417214537
Neural Networks,Elsevier,2025,2025-12-11,Vidsketch: Hand-drawn sketch-driven video generation with diffusion control,Lifan Jiang; Shuang Chen; Boxi Wu; Deng Cai; Jiahui Zhang,196,,10.1016/j.neunet.2025.108465,https://doi.org/10.1016/j.neunet.2025.108465,article,Neural Networks,https://openalex.org/W4417213167
Neural Networks,Elsevier,2025,2025-12-11,fastiSSM: Fast inference of state space model with online model approximation in frequency-domain,Jiaxuan Chen; Yancheng Xie; Hai Wang,197,,10.1016/j.neunet.2025.108459,https://doi.org/10.1016/j.neunet.2025.108459,article,Neural Networks,https://openalex.org/W4417224015
Neural Networks,Elsevier,2025,2025-12-12,Document-level relation extraction with entity type constraints,Ridong Han; Tao Peng; Beibei Zhu; Haijia Bi; Jiayu Han; Xinzheng Xu; Lu Liu,197,,10.1016/j.neunet.2025.108469,https://doi.org/10.1016/j.neunet.2025.108469,article,Neural Networks,https://openalex.org/W4417498184
Neural Networks,Elsevier,2025,2025-12-12,Multi-parametric bifurcations of a fractional neural network with multiple delays and inertial terms,Chengdai Huang; Huanan Wang; Jinde Cao; Heng Liu,197,,10.1016/j.neunet.2025.108456,https://doi.org/10.1016/j.neunet.2025.108456,article,Neural Networks,https://openalex.org/W4417266128
Neural Networks,Elsevier,2025,2025-12-13,Align then clip: Refining graph for face clustering,Yanlun Tu; Guoliang Cao; Jialiang Shen; Yuyang Huang; Min Wang; Wentao Liu; Chen Qian; Yang Yang,197,,10.1016/j.neunet.2025.108474,https://doi.org/10.1016/j.neunet.2025.108474,article,Neural Networks,https://openalex.org/W4417302576
Neural Networks,Elsevier,2025,2025-12-13,An EiC Transition and Continual Excellence,,193,,10.1016/s0893-6080(25)01280-8,https://doi.org/10.1016/s0893-6080(25)01280-8,article,Neural Networks,https://openalex.org/W4417302228
Neural Networks,Elsevier,2025,2025-12-13,BestPaperAwardAnn25,,193,,10.1016/s0893-6080(25)01281-x,https://doi.org/10.1016/s0893-6080(25)01281-x,article,Neural Networks,https://openalex.org/W7114994925
Neural Networks,Elsevier,2025,2025-12-13,CURRENT EVENTS,,193,,10.1016/j.neunet.2025.108462,https://doi.org/10.1016/j.neunet.2025.108462,article,Neural Networks,https://openalex.org/W7114986877
Neural Networks,Elsevier,2025,2025-12-13,Causality-driven dual-domain network enhanced by Gaussian splatting for magnetic resonance image reconstruction,Tong Hou; Hongqing Zhu; Zhong Zheng; Kai Chen; Ying Wang; Bingcang Huang,197,,10.1016/j.neunet.2025.108472,https://doi.org/10.1016/j.neunet.2025.108472,article,Neural Networks,https://openalex.org/W7114984721
Neural Networks,Elsevier,2025,2025-12-13,Coherent optical neural network chip with novel computing model for large-scale matrix-vector multiplication,Ye Zhang; Ye Zhang; Lei Yu; Meng Guo; Aleksandr Raikov; Jingshan Pan; Jinyu Zhang; Yejin Zhang; Yejin Zhang; Jiaoqing Pan,197,,10.1016/j.neunet.2025.108473,https://doi.org/10.1016/j.neunet.2025.108473,article,Neural Networks,https://openalex.org/W4417535493
Neural Networks,Elsevier,2025,2025-12-13,Editorial Board,,193,,10.1016/s0893-6080(25)01275-4,https://doi.org/10.1016/s0893-6080(25)01275-4,paratext,Neural Networks,https://openalex.org/W4417302231
Neural Networks,Elsevier,2025,2025-12-13,Facial expression recognition based on multi-domain norm-referenced encoding,Michael Stettler; Alexander Lappe; Martin A. Giese,197,,10.1016/j.neunet.2025.108384,https://doi.org/10.1016/j.neunet.2025.108384,article,Neural Networks,https://openalex.org/W4417299530
Neural Networks,Elsevier,2025,2025-12-13,INN/ENNS/JNNS - Membership Applic. Form,,193,,10.1016/j.neunet.2025.108463,https://doi.org/10.1016/j.neunet.2025.108463,article,Neural Networks,https://openalex.org/W7114998605
Neural Networks,Elsevier,2025,2025-12-13,List of Editorial Board Members,,193,,10.1016/s0893-6080(25)01279-1,https://doi.org/10.1016/s0893-6080(25)01279-1,paratext,Neural Networks,https://openalex.org/W7115018204
Neural Networks,Elsevier,2025,2025-12-13,MMC-CS: Multi-branch multi-stage contrastive learning for self-supervised compressed sensing,Yiteng Zhang; Hui Wang; Yuankun Xia,197,,10.1016/j.neunet.2025.108475,https://doi.org/10.1016/j.neunet.2025.108475,article,Neural Networks,https://openalex.org/W7114991251
Neural Networks,Elsevier,2025,2025-12-14,An approach based on neural networks for solving time fractional diffusion-wave equation,Z. Soori; Hadis Azin; Ali Habibirad; Omid Baghani,197,,10.1016/j.neunet.2025.108471,https://doi.org/10.1016/j.neunet.2025.108471,article,Neural Networks,https://openalex.org/W4417351426
Neural Networks,Elsevier,2025,2025-12-14,Enabling efficient low-bit quantization based on matrix product operators for KV cache compression,Jia-Qi Wang; Xiao-Qi Han; Peng-Jie Guo; Rong-Qiang He; Ze-Feng Gao; Zhong-Yi Lu,197,,10.1016/j.neunet.2025.108467,https://doi.org/10.1016/j.neunet.2025.108467,article,Neural Networks,https://openalex.org/W7115067176
Neural Networks,Elsevier,2025,2025-12-14,Invisible watermarking framework for unlearned diffusion model in online service,Linlin Wang; Tianqing Zhu; Longxiang Gao; Wanlei Zhou,197,,10.1016/j.neunet.2025.108477,https://doi.org/10.1016/j.neunet.2025.108477,article,Neural Networks,https://openalex.org/W4417303403
Neural Networks,Elsevier,2025,2025-12-14,Learning representations via dynamics-based behavioral similarity for deep reinforcement learning,Dayang Liang; Yunlong Liu,197,,10.1016/j.neunet.2025.108468,https://doi.org/10.1016/j.neunet.2025.108468,article,Neural Networks,https://openalex.org/W7115071543
Neural Networks,Elsevier,2025,2025-12-14,Robust structure-preservation tensorized representation for multi-view unsupervised feature selection,Chen Wang; Peng Song; Changjia Wang; Beihua Yang; Zhaowei Liu,197,,10.1016/j.neunet.2025.108478,https://doi.org/10.1016/j.neunet.2025.108478,article,Neural Networks,https://openalex.org/W4417351281
Neural Networks,Elsevier,2025,2025-12-15,Decoupling time and space: An adaptive shared graph convolutional network for dynamic market price forecasting,Yalin Wang; Guodong Li; Chenliang Liu; Jiang Luo; Yishun Liu; Weihua Gui,197,,10.1016/j.neunet.2025.108489,https://doi.org/10.1016/j.neunet.2025.108489,article,Neural Networks,https://openalex.org/W4417335027
Neural Networks,Elsevier,2025,2025-12-15,Object-centric proto-symbolic behavioural reasoning from pixels,Ruben S. van Bergen; Justus Hübotter; Alma Vivas-Lago; Pablo Lanillos,197,,10.1016/j.neunet.2025.108407,https://doi.org/10.1016/j.neunet.2025.108407,article,Neural Networks,https://openalex.org/W4417313023
Neural Networks,Elsevier,2025,2025-12-16,Warped density ratio estimation,Zi-En Fan; Feng Lian; Xin-Ran Li,197,,10.1016/j.neunet.2025.108479,https://doi.org/10.1016/j.neunet.2025.108479,article,Neural Networks,https://openalex.org/W4417356274
Neural Networks,Elsevier,2025,2025-12-17,Adversarial incomplete multi-view clustering with adaptive contrastive learning,Siyuan Peng; Shuzhao Xu; Zhijing Yang; Xiaojun Yang; Feiping Nie,197,,10.1016/j.neunet.2025.108484,https://doi.org/10.1016/j.neunet.2025.108484,article,Neural Networks,https://openalex.org/W4417410417
Neural Networks,Elsevier,2025,2025-12-17,Beyond hard constraint: unified knowledge-embedding physics informed neural networks for multi-domain system,Jiarui Hao; Dengji Zhou; Qinchao Li; Dawen Huang,197,,10.1016/j.neunet.2025.108499,https://doi.org/10.1016/j.neunet.2025.108499,article,Neural Networks,https://openalex.org/W4417410425
Neural Networks,Elsevier,2025,2025-12-17,LU-mamba: LiDAR upsampling via bidirectional state space modeling on range images,Sheng Liu; Ting Cao; Lang Du; Yi Zhu,197,,10.1016/j.neunet.2025.108480,https://doi.org/10.1016/j.neunet.2025.108480,article,Neural Networks,https://openalex.org/W4417419317
Neural Networks,Elsevier,2025,2025-12-17,Robust self-organizing fuzzy neural network with data immunity evaluation for industrial process modeling,Zheng Liu; Guoqing Cai; Hong-Gui Han,197,,10.1016/j.neunet.2025.108504,https://doi.org/10.1016/j.neunet.2025.108504,article,Neural Networks,https://openalex.org/W4417435655
Neural Networks,Elsevier,2025,2025-12-18,BDM-YOLOv8n: A high-performance model for accurate fire detection in aerial imagery,Laohu Yuan; Peng Zhou; Zhiyuan Wang; Jiafu Liu,197,,10.1016/j.neunet.2025.108414,https://doi.org/10.1016/j.neunet.2025.108414,article,Neural Networks,https://openalex.org/W4417467178
Neural Networks,Elsevier,2025,2025-12-18,CANet: ChronoAdaptive network for enhanced long-term time series forecasting under non-stationarity,Mert Sonmezer; Şeyda Ertekin,197,,10.1016/j.neunet.2025.108495,https://doi.org/10.1016/j.neunet.2025.108495,article,Neural Networks,https://openalex.org/W4417465590
Neural Networks,Elsevier,2025,2025-12-18,Dual-decoder neural architecture with uncertainty-based task weighting for named entity recognition in injection molding defect diagnosis,Shuxian Li; Yalin Wang; Jingyu Guo; Zhiwen Chen,197,,10.1016/j.neunet.2025.108493,https://doi.org/10.1016/j.neunet.2025.108493,article,Neural Networks,https://openalex.org/W4417465604
Neural Networks,Elsevier,2025,2025-12-18,PyPIMalDet: A malicious PyPI package detection method combining code features and metadata features,Jiale Yan; Bo Zhao,197,,10.1016/j.neunet.2025.108487,https://doi.org/10.1016/j.neunet.2025.108487,article,Neural Networks,https://openalex.org/W4417444008
Neural Networks,Elsevier,2025,2025-12-18,Tensorized multi-dimensional multi-view clustering based on nonnegative matrix factorization,Yuanzhuo Zhang; Gui-Fu Lu,197,,10.1016/j.neunet.2025.108507,https://doi.org/10.1016/j.neunet.2025.108507,article,Neural Networks,https://openalex.org/W4417467191
Neural Networks,Elsevier,2025,2025-12-18,Time-frequency contrastive learning with context modeling for time series anomaly prediction,Yushi Li; Ziwen Chen; Zhenyu Wen; Xiao Xiao; Ming Zhu,197,,10.1016/j.neunet.2025.108494,https://doi.org/10.1016/j.neunet.2025.108494,article,Neural Networks,https://openalex.org/W4417465612
Neural Networks,Elsevier,2025,2025-12-19,A physics informed neural network architecture for moving boundary problems in science and engineering,Sanchita Malla; Dietmar Oelz; Sitikantha Roy,197,,10.1016/j.neunet.2025.108500,https://doi.org/10.1016/j.neunet.2025.108500,article,Neural Networks,https://openalex.org/W7116053993
Neural Networks,Elsevier,2025,2025-12-19,FedHyperGraph: A layer-wise personalized federated learning with correlation graphs in hyperbolic space,Haizhou Du; Chongyi Qiu; Huan Huo,197,,10.1016/j.neunet.2025.108481,https://doi.org/10.1016/j.neunet.2025.108481,article,Neural Networks,https://openalex.org/W7116106940
Neural Networks,Elsevier,2025,2025-12-19,Few-shot object detection via semantic prompts and classifier decoupling,Baifan Chen; Ruyi Zhu; Yilan Li,197,,10.1016/j.neunet.2025.108488,https://doi.org/10.1016/j.neunet.2025.108488,article,Neural Networks,https://openalex.org/W7116082332
Neural Networks,Elsevier,2025,2025-12-19,Hunting for the unknown: Open world object detection from a class-agnostic perspective,Jing Wang; Yonghua Cao; Zhanqiang Huo; Yingxu Qiao,197,,10.1016/j.neunet.2025.108501,https://doi.org/10.1016/j.neunet.2025.108501,article,Neural Networks,https://openalex.org/W7116073321
Neural Networks,Elsevier,2025,2025-12-19,MoGL: A mixture of heterogeneous experts for collaborative graph learning,Gonghai Zhou; Zhiwei Xu; Kaixuan Yang; Jiatai Wang; Zhengxian Lu; Tao Li,197,,10.1016/j.neunet.2025.108503,https://doi.org/10.1016/j.neunet.2025.108503,article,Neural Networks,https://openalex.org/W7116069576
Neural Networks,Elsevier,2025,2025-12-19,SDEIT: Semantic-Driven Electrical Impedance Tomography,Dong Liu; Yuanchao Wu; Bowen Tong; Jiansong Deng,197,,10.1016/j.neunet.2025.108492,https://doi.org/10.1016/j.neunet.2025.108492,article,Neural Networks,https://openalex.org/W4417505512
Neural Networks,Elsevier,2025,2025-12-19,State-space models are accurate and efficient neural operators for dynamical systems,Zheyuan Hu; Nazanin Ahmadi Daryakenari; Qianli Shen; Kenji Kawaguchi; George Em Karniadakis,197,,10.1016/j.neunet.2025.108496,https://doi.org/10.1016/j.neunet.2025.108496,article,Neural Networks,https://openalex.org/W4417507001
Neural Networks,Elsevier,2025,2025-12-20,Bridging geometry-coherent text-to-3D generation with multiview diffusion priors and Gaussian Splatting,Feng Hua Yang; Wenliang Qian; Wangmeng Zuo; Hui Li,197,,10.1016/j.neunet.2025.108511,https://doi.org/10.1016/j.neunet.2025.108511,article,Neural Networks,https://openalex.org/W4417520479
Neural Networks,Elsevier,2025,2025-12-20,DeepONet for solving nonlinear partial differential equations with physics-informed training,Yahong Yang,197,,10.1016/j.neunet.2025.108490,https://doi.org/10.1016/j.neunet.2025.108490,article,Neural Networks,https://openalex.org/W4417526978
Neural Networks,Elsevier,2025,2025-12-20,Enhancing graph neural networks through universal self-knowledge distillation,Zheng ZhongZhu; Pei Zhou; Renyuan Liu; Jiangping Zhu,197,,10.1016/j.neunet.2025.108505,https://doi.org/10.1016/j.neunet.2025.108505,article,Neural Networks,https://openalex.org/W7116428973
Neural Networks,Elsevier,2025,2025-12-20,Research on low-dimensional multivariate information fusion prediction based on space battlefield situation information,Bo Wang; ZHOU Wen-ya; Jun Liu,197,,10.1016/j.neunet.2025.108513,https://doi.org/10.1016/j.neunet.2025.108513,article,Neural Networks,https://openalex.org/W4417520466
Neural Networks,Elsevier,2025,2025-12-20,Zero-shot temporal resolution domain adaptation for spiking neural networks,Sanja Karilanova; Maxime Fabre; Emre Neftci; Ayça Özçelikkale,199,,10.1016/j.neunet.2025.108483,https://doi.org/10.1016/j.neunet.2025.108483,article,Neural Networks,https://openalex.org/W4417526973
Neural Networks,Elsevier,2025,2025-12-21,ASR-GCN: Adaptive spatial information reconstruction GCN for skeleton-based action recognition,Ying Wu; Zixuan Xu; Yuchen Huang; Jinzhuo Liu; Yong Yu,197,,10.1016/j.neunet.2025.108508,https://doi.org/10.1016/j.neunet.2025.108508,article,Neural Networks,https://openalex.org/W4417537412
Neural Networks,Elsevier,2025,2025-12-21,SpikeBERT: A language spikformer learned from BERT with knowledge distillation,Changze Lv; Tianlong Li; Weiming Qiao; Xiaohua Wang; Muling Wu; Wenhao Liu; Shihan Dou; Xiaoqing Zheng; Xuanjing Huang,197,,10.1016/j.neunet.2025.108482,https://doi.org/10.1016/j.neunet.2025.108482,article,Neural Networks,https://openalex.org/W4417530628
Neural Networks,Elsevier,2025,2025-12-22,Color-resolved light field shaping via diffractive-electronic U-shape network with wavelength-aware virtual branching,Yuheng Zong; Huaiping Jin; Hao Fang; Chai Hu; Jiashuo Shi,197,,10.1016/j.neunet.2025.108502,https://doi.org/10.1016/j.neunet.2025.108502,article,Neural Networks,https://openalex.org/W7116677428
Neural Networks,Elsevier,2025,2025-12-22,Frequency-domain physics-informed neural network for accurate reconstruction of 3D acoustic fields under sparse and multi-frequency measurements,Fangchao Chen; Youhong Xiao; Liang Yu; Laixu Jiang,197,,10.1016/j.neunet.2025.108476,https://doi.org/10.1016/j.neunet.2025.108476,article,Neural Networks,https://openalex.org/W7116793649
Neural Networks,Elsevier,2025,2025-12-23,LIIA -Net: A lightweight illumination iterative adjustment network for low-light image enhancement,Chengwan You; Wenxu Shi; Guibin Hu; Bochuan Zheng,197,,10.1016/j.neunet.2025.108510,https://doi.org/10.1016/j.neunet.2025.108510,article,Neural Networks,https://openalex.org/W7116964454
Neural Networks,Elsevier,2025,2025-12-23,Neural network-based practical prescribed time adaptive tracking control for nonlinear networked control systems under deception attacks,Ruonan Liu; Guangdeng Zong; Xudong Zhao; Wencheng Wang,197,,10.1016/j.neunet.2025.108491,https://doi.org/10.1016/j.neunet.2025.108491,article,Neural Networks,https://openalex.org/W7116935757
Neural Networks,Elsevier,2025,2025-12-23,Two-phase collaborative model compression training for joint pruning and quantization,Chunxiao Fan; Jintao Li; Jintao Li; Zhongqian Zhang; Fu Li; Bo Wang,197,,10.1016/j.neunet.2025.108506,https://doi.org/10.1016/j.neunet.2025.108506,article,Neural Networks,https://openalex.org/W7116908526
Neural Networks,Elsevier,2025,2025-12-24,An enhancing framework with an emphasis on decision balance in ensemble regression,Xiaoning Li; Min Guo; Qiancheng Yu; Kaiguang Wang; Cai Yan Dai; Zhiqiang Li,197,,10.1016/j.neunet.2025.108498,https://doi.org/10.1016/j.neunet.2025.108498,article,Neural Networks,https://openalex.org/W7117113662
Neural Networks,Elsevier,2025,2025-12-24,FDAU-Net: An efficient optic disc segmentation network with flexible wavelet convolution block and selective dual-attention fusion gate,Yichen Xiao; Zhi X. Chen; Xuan Ding; Ting Jin Zhang; Ruyi Zhang; Ziwei Xiang; Teruko Fukuyama; Yong Ma; Yanze Yu; Shengtao Liu; Yu Zhao; Wuzhida Bao; Shiping Wen; Jing Zhao; Xingtao Zhou,197,,10.1016/j.neunet.2025.108509,https://doi.org/10.1016/j.neunet.2025.108509,article,Neural Networks,https://openalex.org/W7117106842
Neural Networks,Elsevier,2025,2025-12-24,LIMA: Towards building a non-invasive and stealthy real-world adversarial attack model for traffic sign recognition systems,Junbin Fang; Yixuan Shen; Yujing Sun; Canjian Jiang; You Jiang; You Hua Jiang; You Jiang; Hezhong Pan; Siu Ming Yiu; Zoe L. Jiang,197,,10.1016/j.neunet.2025.108497,https://doi.org/10.1016/j.neunet.2025.108497,article,Neural Networks,https://openalex.org/W7117141106
Neural Networks,Elsevier,2025,2025-12-24,Multiscale corrections by continuous super-resolution,Zhi-Song Liu; Roland Maier; Andreas Rupp,197,,10.1016/j.neunet.2025.108516,https://doi.org/10.1016/j.neunet.2025.108516,article,Neural Networks,https://openalex.org/W7117149727
Neural Networks,Elsevier,2025,2025-12-25,Alleviating noise memorization for adversarially robust few-shot learning,Yiman Hu; Yixiong Zou; Xiaosen Wang; Yuhua Li; Yuhua Li; Kun He; Ruixuan Li,197,,10.1016/j.neunet.2025.108515,https://doi.org/10.1016/j.neunet.2025.108515,article,Neural Networks,https://openalex.org/W7117238897
Neural Networks,Elsevier,2025,2025-12-25,CSA-Kansformer : Cross-scale aggregation and Kansformer network for hyperspectral image classification,Xiaoqing Wan; Feng Chen; Dongtao Mo; Ziqi Sun; Kun Hu; Yupneg He,197,,10.1016/j.neunet.2025.108512,https://doi.org/10.1016/j.neunet.2025.108512,article,Neural Networks,https://openalex.org/W7117236128
Neural Networks,Elsevier,2025,2025-12-25,Compositional feature augmentation for improving multi-class classification,Jie Gu; Shan Lu,197,,10.1016/j.neunet.2025.108519,https://doi.org/10.1016/j.neunet.2025.108519,article,Neural Networks,https://openalex.org/W7117246932
Neural Networks,Elsevier,2025,2025-12-25,Continual low-rank scaled dot-product attention,Ginés Carreto Picón; Illia Oleksiienko; Lukas Hedegaard; Arian Bakhtiarnia; Alexandros Iosifidis,197,,10.1016/j.neunet.2025.108517,https://doi.org/10.1016/j.neunet.2025.108517,article,Neural Networks,https://openalex.org/W7117243071
Neural Networks,Elsevier,2025,2025-12-25,Dynamic comprehensive difficulty knowledge cells based on KAN network and stable learning for knowledge tracing,Qintai Hu; Qingpeng Wen; Pengfei Wei; Bi Zeng; Guang Feng; Liangda Fang,197,,10.1016/j.neunet.2025.108514,https://doi.org/10.1016/j.neunet.2025.108514,article,Neural Networks,https://openalex.org/W7117246458
Neural Networks,Elsevier,2025,2025-12-25,MGML: A plug-and-play meta-guided multi-modal learning framework for incomplete multimodal brain tumor segmentation,Yulong Zou; Bo Liu; Cun-Jing Zheng; Yuan-ming Geng; Siyue Li; Qiankun Zuo; Shuihua Wang; Yudong Zhang; Jin B. Hong,197,,10.1016/j.neunet.2025.108525,https://doi.org/10.1016/j.neunet.2025.108525,article,Neural Networks,https://openalex.org/W7117236435
Neural Networks,Elsevier,2025,2025-12-25,Visual dialog with semantic consistency: An external knowledge-driven approach,Shanshan Du; Hanli Wang,197,,10.1016/j.neunet.2025.108523,https://doi.org/10.1016/j.neunet.2025.108523,article,Neural Networks,https://openalex.org/W7117241615
Neural Networks,Elsevier,2025,2025-12-26,Image steganalysis based on space-frequency domain interaction and collaborative enhancement,Zhenxiang He; Rulin Wu; Xinyuan Wang,197,,10.1016/j.neunet.2025.108486,https://doi.org/10.1016/j.neunet.2025.108486,article,Neural Networks,https://openalex.org/W7117300841
Neural Networks,Elsevier,2025,2025-12-26,Towards understanding memory buffer based continual learning,Guodong Zheng; Peng Wang; Tao Sun; Li Shen,197,,10.1016/j.neunet.2025.108522,https://doi.org/10.1016/j.neunet.2025.108522,article,Neural Networks,https://openalex.org/W7117309079
Neural Networks,Elsevier,2025,2025-12-27,CILF-CIAE: CLIP-driven image-language fusion for correcting inverse age estimation,Yuntao Shou; Tao Meng; Wei Ai; Nan Yin; Keqin Li,197,,10.1016/j.neunet.2025.108518,https://doi.org/10.1016/j.neunet.2025.108518,article,Neural Networks,https://openalex.org/W7117356078
Neural Networks,Elsevier,2025,2025-12-27,Multi-step first: A lightweight deep reinforcement learning strategy for robust continuous control with partial observability,Lingheng Meng; Rob Gorbet; Michael Burke; Dana Kulić,199,,10.1016/j.neunet.2025.108521,https://doi.org/10.1016/j.neunet.2025.108521,article,Neural Networks,https://openalex.org/W7117365127
Neural Networks,Elsevier,2025,2025-12-27,Shadow-DETR: Alleviating matching conflicts through shadow queries,Yunfei Ma; Jie Li; Lingfeng Yang; Lingfeng Yang; Yifei Su; Yingpeng Li; Wankou Yang,197,,10.1016/j.neunet.2025.108524,https://doi.org/10.1016/j.neunet.2025.108524,article,Neural Networks,https://openalex.org/W7117418106
Neural Networks,Elsevier,2025,2025-12-29,A brain-to-population graph learning framework for diagnosing brain disorders,Qianqian Liao; Wuque Cai; Hongze Sun; Dongze Liu; Duo Chen; Dezhong Yao; Daqing Guo,197,,10.1016/j.neunet.2025.108526,https://doi.org/10.1016/j.neunet.2025.108526,article,Neural Networks,https://openalex.org/W7117465201
Neural Networks,Elsevier,2025,2025-12-29,Classwise-CRF: Category-specific fusion for enhanced semantic segmentation of remote sensing imagery,Qinfeng Zhu; Yunxi Jiang; Lei Fan,197,,10.1016/j.neunet.2025.108485,https://doi.org/10.1016/j.neunet.2025.108485,article,Neural Networks,https://openalex.org/W4417523680
Neural Networks,Elsevier,2025,2025-12-30,BrainGraphDiff: A framework for enhanced brain network analysis via adaptive subgraph generation,Jingye Tang; Tianqing Zhu; WANLEI ZHOU; Wei Zhao,197,,10.1016/j.neunet.2025.108326,https://doi.org/10.1016/j.neunet.2025.108326,article,Neural Networks,https://openalex.org/W7117584723
Neural Networks,Elsevier,2025,2025-12-30,Early Alzheimer’s disease classification via structure and feature-based graph attention network from multi-center data,Nina Cheng; Gai Li; Yu Liang; Yali Qiu; Xuegang Song; Huoyou Hu; Ee-Leng Tan; Tianfu Wang; Shuqiang Wang; Xiaohua Xiao; Shijie Zhao; Baiying Lei,198,,10.1016/j.neunet.2025.108530,https://doi.org/10.1016/j.neunet.2025.108530,article,Neural Networks,https://openalex.org/W7117586172
Neural Networks,Elsevier,2025,2025-12-31,A DINO-based progressive semantic enhanced infrared and visible image fusion network,Shihan Yao; Zhonghui Pei; Huiqin Zhang; Haiyang Jiang; Huabing Zhou,197,,10.1016/j.neunet.2025.108527,https://doi.org/10.1016/j.neunet.2025.108527,article,Neural Networks,https://openalex.org/W7117835187
Neural Networks,Elsevier,2025,2025-12-31,ClinReadNet: A clinical reading-inspired network for low-dose abdominal CT image quality assessment,Xianye Xiao; Yulong Zou; Yujie Luo; Taihui Yu; Cun-Jing Zheng; Yuan-ming Geng; Shuihua Wang‎; Yudong Zhang; Jin Hong,197,,10.1016/j.neunet.2025.108535,https://doi.org/10.1016/j.neunet.2025.108535,article,Neural Networks,https://openalex.org/W7117726628
Neural Networks,Elsevier,2025,2025-12-31,Multispectral remote sensing object detection via selective cross-modal interaction and aggregation,Minghao Cui; Jing Nie; Hanqing Sun; Jin Xie; Jiale Cao; Yanwei Pang; Xuelong Li,197,,10.1016/j.neunet.2025.108533,https://doi.org/10.1016/j.neunet.2025.108533,article,Neural Networks,https://openalex.org/W7117669267
Neural Networks,Elsevier,2026,2026-01-01,CocoAdapter: Efficient end-to-end temporal action detection via self-constrained multi-cognitive adapters,Lizao Zhang; Qiuhong Tian; Junxiao Ning; Yihan Yuan; Ziyu Yang; Yang Yu,198,,10.1016/j.neunet.2025.108531,https://doi.org/10.1016/j.neunet.2025.108531,article,Neural Networks,https://openalex.org/W7117884150
Neural Networks,Elsevier,2026,2026-01-01,Zero-shot Temporal Resolution Domain Adaptation for Spiking Neural Networks,Sanja Karilanova; Maxime Fabre; Emre Neftci; Ayça Özçelikkale,,,10.34734/fzj-2026-00398,https://doi.org/10.34734/fzj-2026-00398,article,Neural Networks,https://openalex.org/W7133195238
Neural Networks,Elsevier,2026,2026-01-01,Zero-shot temporal resolution domain adaptation for spiking neural networks,Sanja Karilanova; Maxime Fabre; Emre Neftci; Ayça Özçelikkale,,,10.18154/rwth-2026-03250,https://doi.org/10.18154/rwth-2026-03250,article,Neural Networks,https://openalex.org/W7139042791
Neural Networks,Elsevier,2026,2026-01-02,Angel or devil: Discriminating hard samples and anomaly contaminations for unsupervised time series anomaly detection,Ruyi Zhang; Hongzuo Xu; Songlei Jian; Yusong Tan; Haifang Zhou; Rulin Xu,197,,10.1016/j.neunet.2025.108532,https://doi.org/10.1016/j.neunet.2025.108532,article,Neural Networks,https://openalex.org/W7118030214
Neural Networks,Elsevier,2026,2026-01-02,Nonnegative spectral embedding learning with adaptive neighbors for multi-view clustering,Mingyu Zhao; Feiping Nie; Cong Wang; Xuelong Li; Zehan Tan; Huaqiang Hu,197,,10.1016/j.neunet.2025.108537,https://doi.org/10.1016/j.neunet.2025.108537,article,Neural Networks,https://openalex.org/W7117977913
Neural Networks,Elsevier,2026,2026-01-03,Free-VTON: Cost-free acceleration and quality enhancement for diffusion-based virtual try-on,Dan Song; Yuhang Pan; Shuangyan Yue; Yao Jin; An-An Liu,197,,10.1016/j.neunet.2025.108536,https://doi.org/10.1016/j.neunet.2025.108536,article,Neural Networks,https://openalex.org/W7118133337
Neural Networks,Elsevier,2026,2026-01-04,Adaptive dynamic spatial-temporal graph convolutional neural network for traffic flow prediction,Yu Jiang; Mingmao Hu; Aihong Gong; Yanfei Lan; Qingshan Gong; Shuaiyu Li; Xu Wang; Zhenghao Yao,198,,10.1016/j.neunet.2025.108529,https://doi.org/10.1016/j.neunet.2025.108529,article,Neural Networks,https://openalex.org/W7118139680
Neural Networks,Elsevier,2026,2026-01-04,Leveraging hemispheric asymmetry in structural MRI with an attention-guided 3D CNN for early prediction of Alzheimer’s conversion,Yi Liu; Lizhong Yao; J. B. Liu; Haoyu Li; Ying Zeng; Yashu Xu,197,,10.1016/j.neunet.2025.108534,https://doi.org/10.1016/j.neunet.2025.108534,article,Neural Networks,https://openalex.org/W7118131054
Neural Networks,Elsevier,2026,2026-01-06,AMSA-YOLO: Real-time object detection with adaptive multi-scale attention mechanism,Canjin Wang; Peng Sun; Chunhui Yang; Xianglong Teng; Rijun Wang,197,,10.1016/j.neunet.2026.108545,https://doi.org/10.1016/j.neunet.2026.108545,article,Neural Networks,https://openalex.org/W7118822399
Neural Networks,Elsevier,2026,2026-01-07,A unified framework for EEG seizure detection using universum-integrated generalized eigenvalues proximal support vector machine,Y. Kumar; Vrushank Ahire; M. A. Ganaie,198,,10.1016/j.neunet.2025.108520,https://doi.org/10.1016/j.neunet.2025.108520,article,Neural Networks,https://openalex.org/W7118658232
Neural Networks,Elsevier,2026,2026-01-07,Kernelized linear principal component discriminant analysis,Lingxiao Qu; Yan Pei,198,,10.1016/j.neunet.2026.108539,https://doi.org/10.1016/j.neunet.2026.108539,article,Neural Networks,https://openalex.org/W7118506386
Neural Networks,Elsevier,2026,2026-01-07,NeuroAdaptive multi-resolution integration network for decoding cognitive complexity levels in EEG-based pronoun resolution tasks,Wenlong Wu; Mengyuan Zhao; Zhong Yin,197,,10.1016/j.neunet.2026.108562,https://doi.org/10.1016/j.neunet.2026.108562,article,Neural Networks,https://openalex.org/W7118531479
Neural Networks,Elsevier,2026,2026-01-08,A memristive fuzzy neural network with applications to classification task: A programmable circuit system,Ningye Jiang; Mingxuan Jiang; Jupeng Xie; Haoen Huang; D. Li; Zhigang Zeng,197,,10.1016/j.neunet.2026.108547,https://doi.org/10.1016/j.neunet.2026.108547,article,Neural Networks,https://openalex.org/W7118814567
Neural Networks,Elsevier,2026,2026-01-08,A novel cross-domain fault diagnosis method for multi-condition industrial processes based on meta-domain adaptation with progressive meta-learning,Xin Qin; Xuan Guo; Jie Dong; Kaixiang Peng,198,,10.1016/j.neunet.2026.108561,https://doi.org/10.1016/j.neunet.2026.108561,article,Neural Networks,https://openalex.org/W7119517449
Neural Networks,Elsevier,2026,2026-01-08,Anatomical connectivity reconstruction of biological neuronal networks using Granger causality,Bo Wang; Kai Chen; Shouwei Luo; Yanyang Xiao; Songting Li; Douglas Zhou,198,,10.1016/j.neunet.2025.108528,https://doi.org/10.1016/j.neunet.2025.108528,article,Neural Networks,https://openalex.org/W7119464929
Neural Networks,Elsevier,2026,2026-01-08,Attentional dual-stream interactive perception network for efficient infrared small aerial target detection,Lihao Zhou; Huawei Wang,198,,10.1016/j.neunet.2026.108563,https://doi.org/10.1016/j.neunet.2026.108563,article,Neural Networks,https://openalex.org/W7119533372
Neural Networks,Elsevier,2026,2026-01-08,Hippocampus-centered structural covariance network reorganization in Alzheimer’s disease: An individualized graph-based biomarker validated by machine learning,Weiye Lu; Qian Gong; Yuna Chen; Shijun Qiu; Jie An,198,,10.1016/j.neunet.2026.108542,https://doi.org/10.1016/j.neunet.2026.108542,article,Neural Networks,https://openalex.org/W7118591443
Neural Networks,Elsevier,2026,2026-01-08,Temporal knowledge graphs forecasting based on explainable temporal relation tree-graph,Quan Wu; Ruizhe Msa; Yuan Cheng; 李岩 Li Yan; Zongmin Ma,198,,10.1016/j.neunet.2026.108582,https://doi.org/10.1016/j.neunet.2026.108582,article,Neural Networks,https://openalex.org/W7119227754
Neural Networks,Elsevier,2026,2026-01-08,Temporal local attention with adaptive decoding: Enhancing spiking neural networks for temporal computing applications,Hanxiao Fan; Hanle Zheng; Zikai Wang; Jiayi Mao; Huifeng Yin; Hao Guo; Lei Deng,198,,10.1016/j.neunet.2026.108558,https://doi.org/10.1016/j.neunet.2026.108558,article,Neural Networks,https://openalex.org/W7119486962
Neural Networks,Elsevier,2026,2026-01-08,Two-hidden-layer ReLU neural networks and finite elements,Pengzhan Jin,198,,10.1016/j.neunet.2026.108559,https://doi.org/10.1016/j.neunet.2026.108559,article,Neural Networks,https://openalex.org/W7119535170
Neural Networks,Elsevier,2026,2026-01-08,Uncovering various neuronal responses in a fractional-order generalized HR system,Krishnendu Bera; Chinmay Chakraborty; Éva Kaslik; Urszula Foryś; Sanjeev Kumar Sharma; Argha Mondal,198,,10.1016/j.neunet.2026.108548,https://doi.org/10.1016/j.neunet.2026.108548,article,Neural Networks,https://openalex.org/W7119538218
Neural Networks,Elsevier,2026,2026-01-09,"A novel backpropagation algorithm based on negated kurtosis loss for training shallow, convolutional, and deep neural networks",Engin Cemal Mengüç; Alper Emlek; Danilo P. Mandic,198,,10.1016/j.neunet.2026.108570,https://doi.org/10.1016/j.neunet.2026.108570,article,Neural Networks,https://openalex.org/W7119472040
Neural Networks,Elsevier,2026,2026-01-09,AttCo: Attention-based co-Learning fusion of deep feature representation for medical image segmentation using multimodality,Duy-Phuong Dao; Hyung-Jeong Yang; Soo-hyung Kim; Sae‐Ryung Kang,198,,10.1016/j.neunet.2026.108572,https://doi.org/10.1016/j.neunet.2026.108572,article,Neural Networks,https://openalex.org/W7119483463
Neural Networks,Elsevier,2026,2026-01-09,Curriculum-guided divergence scheduling improves single-cell clustering robustness,Meihua Zhou; Tianlong Zheng; Baihua Wang; Xinyu Tong; Wai kin Fung; Li Yang,198,,10.1016/j.neunet.2026.108592,https://doi.org/10.1016/j.neunet.2026.108592,article,Neural Networks,https://openalex.org/W7120052740
Neural Networks,Elsevier,2026,2026-01-09,Deep multi-view clustering based on instance-level adaptive structural contrastive learning,Zengbiao Yang; Yihua Tan,198,,10.1016/j.neunet.2026.108581,https://doi.org/10.1016/j.neunet.2026.108581,article,Neural Networks,https://openalex.org/W7119964446
Neural Networks,Elsevier,2026,2026-01-09,Efficient multi-agent communication via entity-aware causal network,Yifan Bo; Bowen Huang; Jinghan Feng; S. J. Zhang; Biao Leng,198,,10.1016/j.neunet.2026.108538,https://doi.org/10.1016/j.neunet.2026.108538,article,Neural Networks,https://openalex.org/W7119947391
Neural Networks,Elsevier,2026,2026-01-09,HDFLStyler: Hierarchical domain-invariant feature learning for source-free domain generalization,Deqian Mao; Linwei Fan; Faqiang Huang; Caiming Zhang; Yuanfeng Zhou,198,,10.1016/j.neunet.2026.108546,https://doi.org/10.1016/j.neunet.2026.108546,article,Neural Networks,https://openalex.org/W7119531040
Neural Networks,Elsevier,2026,2026-01-09,Lifelong person re-identification via dynamically knowledge adaptation and retention,Zhiyu Chen; Bingliang Jiao; Wenxuan Wang; Peng Wang,198,,10.1016/j.neunet.2026.108566,https://doi.org/10.1016/j.neunet.2026.108566,article,Neural Networks,https://openalex.org/W7119779410
Neural Networks,Elsevier,2026,2026-01-09,MLGO: Multi-Layer graph neural ODEs for traffic forecasting,Mengzhou Gao; Huangqian Yu; Pengfei Jiao,198,,10.1016/j.neunet.2026.108540,https://doi.org/10.1016/j.neunet.2026.108540,article,Neural Networks,https://openalex.org/W7120125921
Neural Networks,Elsevier,2026,2026-01-09,MT-IDS: A multi-task information decoupling strategy for identifying lymph node metastasis in the mediastinal region,Wei Zhou; yining xie; Fengjiao Wang; Jing Zhao; Jiayi Ma,198,,10.1016/j.neunet.2026.108541,https://doi.org/10.1016/j.neunet.2026.108541,article,Neural Networks,https://openalex.org/W7120008963
Neural Networks,Elsevier,2026,2026-01-09,ReTri: Progressive domain bridging via representation disentanglement and triple-level consistency-driven feature alignment for unsupervised domain adaptive medical image segmentation,Xiaoru Gao; Guoyan Zheng,198,,10.1016/j.neunet.2026.108564,https://doi.org/10.1016/j.neunet.2026.108564,article,Neural Networks,https://openalex.org/W7119476669
Neural Networks,Elsevier,2026,2026-01-09,Taming polarized fitting: BLINEX-Pcomp with asymmetric risk penalty for robust Pcomp classification,Long Tang; Xin Si; Yingjie Tian; Panos M Pardalos,198,,10.1016/j.neunet.2026.108580,https://doi.org/10.1016/j.neunet.2026.108580,article,Neural Networks,https://openalex.org/W7119934827
Neural Networks,Elsevier,2026,2026-01-10,A causal bidirectional selective state space model for imaging genetics in neurodegenerative diseases,Hongrui Liu; Hongrui Liu; Yuanyuan Gui; Binglei Zhao; Manhua Liu; Manhua Liu,198,,10.1016/j.neunet.2026.108587,https://doi.org/10.1016/j.neunet.2026.108587,article,Neural Networks,https://openalex.org/W7121159927
Neural Networks,Elsevier,2026,2026-01-10,A two-stage active cleaning strategy for long-tail label noise,Xiao Lin; Zeyu Rong; Yan Li; Qizhe Yang; Ping Li; Wei Huang,198,,10.1016/j.neunet.2026.108585,https://doi.org/10.1016/j.neunet.2026.108585,article,Neural Networks,https://openalex.org/W7120113570
Neural Networks,Elsevier,2026,2026-01-10,AdaAlign: A unified solution for traditional and modern zero-shot sketch-based image retrieval,Mingrui Zhu; Fangzhou Wang; Fangzhou Wang; Xin Wei; Nannan Wang; Xinbo 鑫博 GAO 高,198,,10.1016/j.neunet.2026.108586,https://doi.org/10.1016/j.neunet.2026.108586,article,Neural Networks,https://openalex.org/W7121589029
Neural Networks,Elsevier,2026,2026-01-10,An online forecasting-based fine-tuning pipeline for time-series anomaly prediction,Zhou Zhou; Văn Hoan Trịnh; Yuet Ming Joyce Yue; Dit‐Yan Yeung; Kam W. Wong; Wai Kin Wong,198,,10.1016/j.neunet.2026.108568,https://doi.org/10.1016/j.neunet.2026.108568,article,Neural Networks,https://openalex.org/W7119979218
Neural Networks,Elsevier,2026,2026-01-10,DH-MSVM: A hybrid algorithm for seeking quality support vectors in distributed learning,Jiawen Gong; Beihao Xia; Qinmu Peng; Bin Zou; Xinge You,198,,10.1016/j.neunet.2026.108569,https://doi.org/10.1016/j.neunet.2026.108569,article,Neural Networks,https://openalex.org/W7120085000
Neural Networks,Elsevier,2026,2026-01-10,Exploring cognitive workload recognition using CogRepLKNet with EEG-fMRI,Yang Shao; Yueying Zhou; Xuyun Wen; Peiliang Gong; Qun Dai; Daoqiang Zhang,198,,10.1016/j.neunet.2026.108575,https://doi.org/10.1016/j.neunet.2026.108575,article,Neural Networks,https://openalex.org/W7121003975
Neural Networks,Elsevier,2026,2026-01-10,Implicit neural network-based coal SEM super-resolution for enhancing micro-pores measurement tasks,Xiaowei An; Shenghua Teng; Zhuopeng Wang; Quanquan Liang,198,,10.1016/j.neunet.2026.108578,https://doi.org/10.1016/j.neunet.2026.108578,article,Neural Networks,https://openalex.org/W7121138834
Neural Networks,Elsevier,2026,2026-01-10,Key-value pair-free continual learner via task-specific prompt-prototype,Haihua Luo; Xuming Ran; Zhengji Li; Huiyan Xue; Tingting Jiang; Jiangrong Shen; Tommi Kärkkäinen; Qi Xu; Fengyu Cong,198,,10.1016/j.neunet.2026.108576,https://doi.org/10.1016/j.neunet.2026.108576,article,Neural Networks,https://openalex.org/W7121047580
Neural Networks,Elsevier,2026,2026-01-10,MambaFPN: A SSM-based feature pyramid network for object detection,Le Liang; Cheng Wang; Lefei Zhang,198,,10.1016/j.neunet.2026.108544,https://doi.org/10.1016/j.neunet.2026.108544,article,Neural Networks,https://openalex.org/W7120259806
Neural Networks,Elsevier,2026,2026-01-10,Point-Deeponet: Predicting nonlinear fields on non-Parametric geometries under variable load conditions,Jangseop Park; Namwoo Kang,198,,10.1016/j.neunet.2026.108560,https://doi.org/10.1016/j.neunet.2026.108560,article,Neural Networks,https://openalex.org/W7119799115
Neural Networks,Elsevier,2026,2026-01-10,Self-supervised exceptional prototypical network for few-shot grading of gastric intestinal metaplasia,Xuanchi Chen; Yonghui Xu; Zhen Li; Mingzhe Zhang; Han Yu; Lizhen Cui; Xiangwei Zheng,198,,10.1016/j.neunet.2026.108584,https://doi.org/10.1016/j.neunet.2026.108584,article,Neural Networks,https://openalex.org/W7119620500
Neural Networks,Elsevier,2026,2026-01-10,The answer lies within: Detecting Trojans from DNNs’ inherent characteristics,Xuchao Liu; Qi Cao; Kaike Zhang; Du Su; Huawei Shen,198,,10.1016/j.neunet.2026.108573,https://doi.org/10.1016/j.neunet.2026.108573,article,Neural Networks,https://openalex.org/W7121050414
Neural Networks,Elsevier,2026,2026-01-10,YOFOR : You only focus on object regions for tiny object detection in aerial images,Heng Hu; Hao-Zhe Wang; Si-Bao Chen; Jin Tang,198,,10.1016/j.neunet.2026.108571,https://doi.org/10.1016/j.neunet.2026.108571,article,Neural Networks,https://openalex.org/W7119743433
Neural Networks,Elsevier,2026,2026-01-11,A modern look at simplicity bias in image classification tasks,Xiaoguang Chang; Teng Wang; Changyin Sun,198,,10.1016/j.neunet.2026.108583,https://doi.org/10.1016/j.neunet.2026.108583,article,Neural Networks,https://openalex.org/W7121513566
Neural Networks,Elsevier,2026,2026-01-11,DMDNet: Dual-branch multi-modal deep fusion network for V-D-T salient object detection,Yaoqi Sun; Bin Wan; Haibing Yin; Yahong Chen,198,,10.1016/j.neunet.2026.108579,https://doi.org/10.1016/j.neunet.2026.108579,article,Neural Networks,https://openalex.org/W7121273968
Neural Networks,Elsevier,2026,2026-01-11,"On scientific foundation models: Rigorous definitions, key applications, and a comprehensive survey",Sidharth S. Menon; Trishit Mondal; Shuvayan Brahmachary; Aniruddha Panda; Subodh M. Joshi; Kaushic Kalyanaraman; Ameya D. Jagtap,198,,10.1016/j.neunet.2026.108567,https://doi.org/10.1016/j.neunet.2026.108567,article,Neural Networks,https://openalex.org/W7121385775
Neural Networks,Elsevier,2026,2026-01-11,RoGAtten: Rotary gated linear attention for multivariate time series forecasting,Aobo Liang; Yan Sun; Xiaohou Shi; Ke Li,198,,10.1016/j.neunet.2026.108591,https://doi.org/10.1016/j.neunet.2026.108591,article,Neural Networks,https://openalex.org/W7122366095
Neural Networks,Elsevier,2026,2026-01-11,Sequential viseme-driven visual speech recognition through dual-stream interactive neural architecture,Hao Yuan; Yakun Zhang; Xingyu Zhang; Changyan Zheng; Liang Xie; Erwei Yin,198,,10.1016/j.neunet.2026.108565,https://doi.org/10.1016/j.neunet.2026.108565,article,Neural Networks,https://openalex.org/W7121605002
Neural Networks,Elsevier,2026,2026-01-11,"VENI, VINDy, VICI: A generative reduced-order modeling framework with uncertainty quantification",Paolo Conti; Jonas Kneifl; Andrea Manzoni; Attilio Frangi; Jörg Fehr; Steven L. Brunton; J. Nathan Kutz,198,,10.1016/j.neunet.2026.108543,https://doi.org/10.1016/j.neunet.2026.108543,article,Neural Networks,https://openalex.org/W7121052292
Neural Networks,Elsevier,2026,2026-01-14,A novel movie scene detection method based on clue relationship and constrained shot description,Kai Jiang; Shangkun Liu; Qingtian Zeng; Guiyuan Yuan; Hua Duan; WeiJian Ni,198,,10.1016/j.neunet.2026.108597,https://doi.org/10.1016/j.neunet.2026.108597,article,Neural Networks,https://openalex.org/W7124180526
Neural Networks,Elsevier,2026,2026-01-14,PMNO: A novel physics guided multi-step neural operator predictor for partial differential equations,Jin Song; Kenji Kawaguchi; Zhenya Yan,198,,10.1016/j.neunet.2026.108593,https://doi.org/10.1016/j.neunet.2026.108593,article,Neural Networks,https://openalex.org/W7123747203
Neural Networks,Elsevier,2026,2026-01-14,SAGCN: A syntactic aware multi-branch graph attention network with structural bias for aspect sentiment triplet extraction,Xin Xiao; Bin Gao; Zelong Su; Linlin Li; Shutian Liu; Zhengjun Liu,198,,10.1016/j.neunet.2026.108596,https://doi.org/10.1016/j.neunet.2026.108596,article,Neural Networks,https://openalex.org/W7123670784
Neural Networks,Elsevier,2026,2026-01-15,Adaptive performance control of switched nonlinear systems under false data injection attacks and input saturation constraints,Wenjing He; Youqing Wang; Yukun Shi,198,,10.1016/j.neunet.2026.108602,https://doi.org/10.1016/j.neunet.2026.108602,article,Neural Networks,https://openalex.org/W7124240206
Neural Networks,Elsevier,2026,2026-01-15,CoT defender: Preemptive chain-of-thought occupation for jailbreak attack mitigation,Xiaokang Li; Jin Liu; Yongqiang Tang; Zhiwen Xie; Yihe Wang; Xiao Yu; Long Zhao; Bo Huang,198,,10.1016/j.neunet.2026.108574,https://doi.org/10.1016/j.neunet.2026.108574,article,Neural Networks,https://openalex.org/W7124288109
Neural Networks,Elsevier,2026,2026-01-15,Deep fine-grained clustering with model reusing,Jie Hong; Xulun Ye; Jieyu Zhao,198,,10.1016/j.neunet.2026.108604,https://doi.org/10.1016/j.neunet.2026.108604,article,Neural Networks,https://openalex.org/W7124266866
Neural Networks,Elsevier,2026,2026-01-15,NAR Broad Learning System for dynamical systems prediction,Shuran Wang; Hua Chen; Heng Xiong; Kai Wang; Xiaogang Zhang,198,,10.1016/j.neunet.2026.108617,https://doi.org/10.1016/j.neunet.2026.108617,article,Neural Networks,https://openalex.org/W7124600401
Neural Networks,Elsevier,2026,2026-01-16,Adversarial contrastive with leveraging negative knowledge for point of interest sequence learning,Jinhui Zhu; Xiangfeng Luo; Xiao Wei; Xin Yao,198,,10.1016/j.neunet.2026.108599,https://doi.org/10.1016/j.neunet.2026.108599,article,Neural Networks,https://openalex.org/W7124449493
Neural Networks,Elsevier,2026,2026-01-16,CoCoFR: Collaborative codebooks learning with soft matching strategy for blind face restoration,Teng Feng; Junwei Xu; Tianqiang Huang; Zhenyu Wang; Fangfang Wu; Weisheng Dong; Xin Li; Guangming Shi,198,,10.1016/j.neunet.2026.108607,https://doi.org/10.1016/j.neunet.2026.108607,article,Neural Networks,https://openalex.org/W7124421682
Neural Networks,Elsevier,2026,2026-01-16,ID-Guided Multimodal experts with contrastive diffusion for sequential recommendation,Lu Yin; Wu-Dong Xi; Xing-Xing Xing; Wei Wan; Chang-Dong Wang,198,,10.1016/j.neunet.2026.108612,https://doi.org/10.1016/j.neunet.2026.108612,article,Neural Networks,https://openalex.org/W7124435206
Neural Networks,Elsevier,2026,2026-01-17,DSA-Diff: Dynamic schedule alignment for training-Inference consistent modality translation in x-prediction diffusion model,Xianhua Zeng; Yixin Xiang; Jian Zhang; Bowen Lu,198,,10.1016/j.neunet.2026.108611,https://doi.org/10.1016/j.neunet.2026.108611,article,Neural Networks,https://openalex.org/W7124448801
Neural Networks,Elsevier,2026,2026-01-17,EEG-to-gait decoding via phase-aware representation learning,Xi Fu; Weibang Jiang; Rui Liu; Gernot R Muller-Putz; Cuntai Guan,198,,10.1016/j.neunet.2026.108608,https://doi.org/10.1016/j.neunet.2026.108608,article,Neural Networks,https://openalex.org/W7124440666
Neural Networks,Elsevier,2026,2026-01-17,FRM-PTQ: Feature relationship matching enhanced low-bit post-training quantization for large language models,Chao Zeng; Jiaqi Zhao; Miao Zhang; Li Wang; Weili Guan; Liqiang Nie,198,,10.1016/j.neunet.2026.108619,https://doi.org/10.1016/j.neunet.2026.108619,article,Neural Networks,https://openalex.org/W7124546225
Neural Networks,Elsevier,2026,2026-01-17,G2CL: Gradient-guided graph contrastive learning for eliminating the message contrastive conflict,Shuai Zhang; Shan Yang; Shan Yang; Wenyu Zhang; Jiahao Nie; Shan Ji,198,,10.1016/j.neunet.2026.108605,https://doi.org/10.1016/j.neunet.2026.108605,article,Neural Networks,https://openalex.org/W7124452029
Neural Networks,Elsevier,2026,2026-01-17,Graph-Agnostic Linear Transformers,Zhiyu Guo; Yang Liu; Xiang Ao; Yateng Tang; Xinhuan Chen; Xuehao Zheng; Qing He,198,,10.1016/j.neunet.2026.108595,https://doi.org/10.1016/j.neunet.2026.108595,article,Neural Networks,https://openalex.org/W7124448464
Neural Networks,Elsevier,2026,2026-01-17,Hyperspectral remote sensing image classification based on domain-level complementarity of spatial-spectral component,Huayue Chen; Yuanyuan Li; Bochuan Zheng; Tao Chen,198,,10.1016/j.neunet.2026.108610,https://doi.org/10.1016/j.neunet.2026.108610,article,Neural Networks,https://openalex.org/W7124417727
Neural Networks,Elsevier,2026,2026-01-18,GIN-transformer based pairwise graph contrastive learning framework,Shufeng Zhou; Lina Zhou; Yueying Zhou; Hongyan Han; Hongxia Zheng; Lishan Qiao,198,,10.1016/j.neunet.2026.108621,https://doi.org/10.1016/j.neunet.2026.108621,article,Neural Networks,https://openalex.org/W7124726866
Neural Networks,Elsevier,2026,2026-01-18,Graph-enhanced dual low-rank correlation embedding for spatio-temporal EEG fusion in depression recognition,Lu Zhang; Jisheng Dang; Shu Zhang; Wencheng Gan; Juan Wang; Bin Hu; Gang Feng; Hong Peng,198,,10.1016/j.neunet.2026.108609,https://doi.org/10.1016/j.neunet.2026.108609,article,Neural Networks,https://openalex.org/W7124750844
Neural Networks,Elsevier,2026,2026-01-18,Learning frequency-aware graph fraud detection,Wei Zhao; Hao Chen,198,,10.1016/j.neunet.2026.108600,https://doi.org/10.1016/j.neunet.2026.108600,article,Neural Networks,https://openalex.org/W7124686274
Neural Networks,Elsevier,2026,2026-01-18,Multi-Source Temporal-Depth fusion for robust end-to-End visual odometry,Sihang Zhang; Congqi Cao; Qiang Gao; Ganchao Liu,198,,10.1016/j.neunet.2026.108598,https://doi.org/10.1016/j.neunet.2026.108598,article,Neural Networks,https://openalex.org/W7124735944
Neural Networks,Elsevier,2026,2026-01-18,Regression augmentation with data-driven segmentation,Shayan Alahyari; Shiva Mehdipour Ghobadlou; Mike Domaratzki,198,,10.1016/j.neunet.2026.108603,https://doi.org/10.1016/j.neunet.2026.108603,article,Neural Networks,https://openalex.org/W7124752126
Neural Networks,Elsevier,2026,2026-01-19,MCDNet: Morphological-conditional dual-view fusion for 3D tubular structure segmentation,Zhiyan Wang; Changjian Wang; Kele Xu; Zhongshun Tang; Yan Zhuang; Jiani Zou; Fangyi Liu,199,,10.1016/j.neunet.2026.108614,https://doi.org/10.1016/j.neunet.2026.108614,article,Neural Networks,https://openalex.org/W7124827650
Neural Networks,Elsevier,2026,2026-01-20,CBAM-ST-GCN: An enhanced DRL-based end-to-end visual navigation framework for mobile robot,Mingyang Xie; Wei Yu; Huanyu Jin; Wei Li; Xin Chen,198,,10.1016/j.neunet.2026.108622,https://doi.org/10.1016/j.neunet.2026.108622,article,Neural Networks,https://openalex.org/W7124851332
Neural Networks,Elsevier,2026,2026-01-20,CURRENT EVENTS,,195,,10.1016/s0893-6080(26)00019-5,https://doi.org/10.1016/s0893-6080(26)00019-5,article,Neural Networks,https://openalex.org/W7124962099
Neural Networks,Elsevier,2026,2026-01-20,Editorial Board,,195,,10.1016/s0893-6080(26)00015-8,https://doi.org/10.1016/s0893-6080(26)00015-8,paratext,Neural Networks,https://openalex.org/W7124886366
Neural Networks,Elsevier,2026,2026-01-20,INN/ENNS/JNNS - Membership Applic. Form,,195,,10.1016/s0893-6080(26)00020-1,https://doi.org/10.1016/s0893-6080(26)00020-1,article,Neural Networks,https://openalex.org/W7124953121
Neural Networks,Elsevier,2026,2026-01-20,Multi-modal feature alignment networks for multi-label image classification,Wenlan Kuang; Zhixin Li,198,,10.1016/j.neunet.2026.108629,https://doi.org/10.1016/j.neunet.2026.108629,article,Neural Networks,https://openalex.org/W7125005926
Neural Networks,Elsevier,2026,2026-01-20,Robust orthogonal NMF with label propagation for image clustering,Jingjing Liu; Nian Wu; Xianchao Xiu; Jianhua Zhang,198,,10.1016/j.neunet.2026.108613,https://doi.org/10.1016/j.neunet.2026.108613,article,Neural Networks,https://openalex.org/W7124941562
Neural Networks,Elsevier,2026,2026-01-20,Rotation equivariant quantum graph neural networks with trainable compression encoder and entanglement-enhanced aggregation,Wenjie Liu; Wenjie Liu; Bohan Du; Weiwei Liu; Weiwei Liu; Yifan Zhu,198,,10.1016/j.neunet.2026.108625,https://doi.org/10.1016/j.neunet.2026.108625,article,Neural Networks,https://openalex.org/W7125032282
Neural Networks,Elsevier,2026,2026-01-20,SCAD: A self-constrained solution to automate context-guided zero-shot image anomaly detection,Siqi Wang; Guangpu Wang; Xinwang Liu; Jie Liu; Jiyuan Liu; Siwei Wang,199,,10.1016/j.neunet.2026.108577,https://doi.org/10.1016/j.neunet.2026.108577,article,Neural Networks,https://openalex.org/W7124835193
Neural Networks,Elsevier,2026,2026-01-20,UniTrain: A universal iterative semi-supervised training framework for graph representation learning,Xinlong Chen; Jin Li; Yisong Huang; Jianzhi Zhuang; Chenjunhao Shi; Zuhao Xu; Yang-Geng Fu,198,,10.1016/j.neunet.2026.108623,https://doi.org/10.1016/j.neunet.2026.108623,article,Neural Networks,https://openalex.org/W7125001028
Neural Networks,Elsevier,2026,2026-01-21,Adversarially robust neural network decision boundaries via tropical geometry,Kurt Pasque; Christopher Teska; Ruriko Yoshida; Keiji Miura; Jefferson Huang,199,,10.1016/j.neunet.2026.108624,https://doi.org/10.1016/j.neunet.2026.108624,article,Neural Networks,https://openalex.org/W7125241049
Neural Networks,Elsevier,2026,2026-01-21,Cross-category spatiotemporal consensus and discriminative networks for weakly-supervised temporal action localization,Kunlun Wu; Donghai Zhai,198,,10.1016/j.neunet.2026.108627,https://doi.org/10.1016/j.neunet.2026.108627,article,Neural Networks,https://openalex.org/W7125431718
Neural Networks,Elsevier,2026,2026-01-21,FluidFormer : Transformer with continuous convolution for particle-based fluid simulation,Nianyi Wang; Shuai Zheng; Yu Chen; Hai Zhao; Zhou Fang,198,,10.1016/j.neunet.2026.108631,https://doi.org/10.1016/j.neunet.2026.108631,article,Neural Networks,https://openalex.org/W7125113208
Neural Networks,Elsevier,2026,2026-01-21,Lifelong knowledge graph embedding via diffusion model,Deyu Chen; Caicai Guo; Qiyuan Li; Jinguang Gu Jinguang Gu; Meiyi Xie; Hong Zhu,199,,10.1016/j.neunet.2026.108630,https://doi.org/10.1016/j.neunet.2026.108630,article,Neural Networks,https://openalex.org/W7125367736
Neural Networks,Elsevier,2026,2026-01-21,MMFormer: Multi-Modality semi-Supervised vision transformer in remote sensing imagery classification,Daixun Li; Weiying Xie; Leyuan Fang; Yunke Wang; Zirui Li; Mingxiang Cao; Jitao Ma; Yunsong Li; Chang Xu,198,,10.1016/j.neunet.2026.108628,https://doi.org/10.1016/j.neunet.2026.108628,article,Neural Networks,https://openalex.org/W7125119053
Neural Networks,Elsevier,2026,2026-01-21,RWP: a robust watermarking plugin for attribution and protection in stable diffusion models,Zongxin Liu; Jinhong Zhang; Yunyun Dong; Bingbing Song; Wei Zhou,198,,10.1016/j.neunet.2026.108626,https://doi.org/10.1016/j.neunet.2026.108626,article,Neural Networks,https://openalex.org/W7125184757
Neural Networks,Elsevier,2026,2026-01-22,Exploring financial sentiment analysis via fine-tuning large language model and attributed graph neural network,Zongshen Mu; Yujie Wan; Yueting Zhuang; Jie Tan; Hong Cheng; Yueyang Wang,199,,10.1016/j.neunet.2026.108620,https://doi.org/10.1016/j.neunet.2026.108620,article,Neural Networks,https://openalex.org/W7125379456
Neural Networks,Elsevier,2026,2026-01-22,Mitigating sensitive information leakage in LLMs4Code through machine unlearning,Shanzhi Gu; Zhaoyang Qu; Ruotong Geng; Mingyang Geng; Shangwen Wang; Chuanfu Xu; Haotian Wang; Zhipeng Lin; Dezun Dong,198,,10.1016/j.neunet.2026.108606,https://doi.org/10.1016/j.neunet.2026.108606,article,Neural Networks,https://openalex.org/W7125417516
Neural Networks,Elsevier,2026,2026-01-22,PHoM: Effective pan-sharpening via higher-order state-space model,Penglian Gao; Hongwei Ge; Shuzhi SU,198,,10.1016/j.neunet.2026.108616,https://doi.org/10.1016/j.neunet.2026.108616,article,Neural Networks,https://openalex.org/W7125388206
Neural Networks,Elsevier,2026,2026-01-22,Relation-aware pre-trained network with hierarchical aggregation mechanism for cold-start drug recommendation,Xiaobo Li; Xiaodi Hou; Shilong Wang; Hongfei Lin; Yijia Zhang,198,,10.1016/j.neunet.2026.108618,https://doi.org/10.1016/j.neunet.2026.108618,article,Neural Networks,https://openalex.org/W7125408689
Neural Networks,Elsevier,2026,2026-01-22,UniSymNet: A Unified Symbolic Network with Sparse Encoding and Bi-level Optimization,Xinxin Li; Juan Zhang; Da Li; Xingyu Liu; Jin Xu; Junping Yin,199,,10.1016/j.neunet.2026.108615,https://doi.org/10.1016/j.neunet.2026.108615,article,Neural Networks,https://openalex.org/W7125448862
Neural Networks,Elsevier,2026,2026-01-24,Benchmarking autoregressive conditional diffusion models for turbulent flow simulation,Georg Kohl; Li-Wei Chen; Nils Thuerey,199,,10.1016/j.neunet.2026.108641,https://doi.org/10.1016/j.neunet.2026.108641,article,Neural Networks,https://openalex.org/W7125608365
Neural Networks,Elsevier,2026,2026-01-25,Matrix-Transformation based Low-Rank Adaptation (MTLoRA): A brain-inspired method for parameter-efficient fine-tuning,Yao Liang; Yantong Wang; Yang Li; Yi Zeng,199,,10.1016/j.neunet.2026.108642,https://doi.org/10.1016/j.neunet.2026.108642,article,Neural Networks,https://openalex.org/W7125628310
Neural Networks,Elsevier,2026,2026-01-27,Distilling structural knowledge from CNNs to vision transformers for data-efficient visual recognition,Dingyao Chen; Xiao Teng; Xingyu Shen; Xun Yang; Long Lan,199,,10.1016/j.neunet.2026.108601,https://doi.org/10.1016/j.neunet.2026.108601,article,Neural Networks,https://openalex.org/W7125799634
Neural Networks,Elsevier,2026,2026-01-27,Improved exponential stability of time delay neural networks via separated-matrix-based integral inequalities,Yuanyuan Zhang; Xinzuo Ma; Seakweng Vong,199,,10.1016/j.neunet.2026.108643,https://doi.org/10.1016/j.neunet.2026.108643,article,Neural Networks,https://openalex.org/W7125814560
Neural Networks,Elsevier,2026,2026-01-27,Reinforcement learning via conservative agent for environments with random delays,Jongsoo Lee; Jangwon Kim; Jiseok Jeong; Soohee Han,199,,10.1016/j.neunet.2026.108645,https://doi.org/10.1016/j.neunet.2026.108645,article,Neural Networks,https://openalex.org/W7125828709
Neural Networks,Elsevier,2026,2026-01-28,A cortico-cerebellar neural model for task control under incomplete instructions,Lanyun Cui; Ying Yu; Qingyun Wang; Guanrong Chen,199,,10.1016/j.neunet.2026.108648,https://doi.org/10.1016/j.neunet.2026.108648,article,Neural Networks,https://openalex.org/W7125799731
Neural Networks,Elsevier,2026,2026-01-28,CURRENT EVENTS,,196,,10.1016/s0893-6080(26)00100-0,https://doi.org/10.1016/s0893-6080(26)00100-0,article,Neural Networks,https://openalex.org/W7125964119
Neural Networks,Elsevier,2026,2026-01-28,DMPFDet: An end-to-end deformable mutual-promotion learning network for multispectral visible–infrared fusion detection,Shangpo Zheng; Junfeng Liu; Jun Zeng,199,,10.1016/j.neunet.2026.108654,https://doi.org/10.1016/j.neunet.2026.108654,article,Neural Networks,https://openalex.org/W7125997446
Neural Networks,Elsevier,2026,2026-01-28,Editorial Board,,196,,10.1016/s0893-6080(26)00097-3,https://doi.org/10.1016/s0893-6080(26)00097-3,paratext,Neural Networks,https://openalex.org/W7125927625
Neural Networks,Elsevier,2026,2026-01-28,HpMiX: A Disease ceRNA biomarker prediction framework driven by graph topology-constrained Mixup and hypergraph residual enhancement,Xinfei Wang; Xin-Fei Wang; Lan Huang; Yan Wang; Renchu Guan; Zhuhong You; Fengfeng Zhou; Yuqing Li; Yuan Fu,199,,10.1016/j.neunet.2026.108662,https://doi.org/10.1016/j.neunet.2026.108662,article,Neural Networks,https://openalex.org/W7125836891
Neural Networks,Elsevier,2026,2026-01-28,INN/ENNS/JNNS - Membership Applic. Form,,196,,10.1016/s0893-6080(26)00101-2,https://doi.org/10.1016/s0893-6080(26)00101-2,article,Neural Networks,https://openalex.org/W7125916987
Neural Networks,Elsevier,2026,2026-01-29,An interactive axial feature selection network for medical image classification,Shuai Pang; Chunhua Hu; Juan Zhao; Haifang Yu,199,,10.1016/j.neunet.2026.108661,https://doi.org/10.1016/j.neunet.2026.108661,article,Neural Networks,https://openalex.org/W7126065633
Neural Networks,Elsevier,2026,2026-01-29,Autorep: Automatic network search with structured reparameterized based linear operation expansion and gradient proxy guided reduction,Guhao Qiu; Ruoxin Chen; Zhihua Chen; Zhihua Chen; Lei Dai; Ping Li; Bin Sheng,199,,10.1016/j.neunet.2026.108657,https://doi.org/10.1016/j.neunet.2026.108657,article,Neural Networks,https://openalex.org/W7126041925
Neural Networks,Elsevier,2026,2026-01-29,Differentially private data augmentation via LLM generation with discriminative and distribution-aligned filtering,Yiping Song; Juhua Zhang; Zhiliang Tian; Taishu Sheng; Yuxin Yang; Minlie Huang; Xinwang Liu; Dongsheng Li,199,,10.1016/j.neunet.2026.108668,https://doi.org/10.1016/j.neunet.2026.108668,article,Neural Networks,https://openalex.org/W7126045123
Neural Networks,Elsevier,2026,2026-01-29,Dynamic bidirectional data recomposition for efficient road garbage segmentation in semi-supervised learning,Suheng Peng; Jiacai Liao; Libo Cao,199,,10.1016/j.neunet.2026.108655,https://doi.org/10.1016/j.neunet.2026.108655,article,Neural Networks,https://openalex.org/W7126025583
Neural Networks,Elsevier,2026,2026-01-29,Enhancing adversarial transferability via curvature-aware penalization,Cheng Peng; Cheng Peng; Zeze Tao; Junyu Liu; Jinjia Peng,199,,10.1016/j.neunet.2026.108665,https://doi.org/10.1016/j.neunet.2026.108665,article,Neural Networks,https://openalex.org/W7126093983
Neural Networks,Elsevier,2026,2026-01-29,HP-GAN: Harnessing pretrained networks for GAN improvement with FakeTwins and discriminator consistency,Geonhui Son; Jeongryong Lee; Doisk Hwang,199,,10.1016/j.neunet.2026.108666,https://doi.org/10.1016/j.neunet.2026.108666,article,Neural Networks,https://openalex.org/W7126121250
Neural Networks,Elsevier,2026,2026-01-29,Hierarchical ranking in hyperbolic space: A novel approach to metric learning,Shuda Zhang; Huiying Li,199,,10.1016/j.neunet.2026.108658,https://doi.org/10.1016/j.neunet.2026.108658,article,Neural Networks,https://openalex.org/W7126033822
Neural Networks,Elsevier,2026,2026-01-29,LADA: A label-aware framework for cross-domain sentiment classification,Yu Ping Tong; Ying Chen; Xupeng Mai; Lisheng Wen; Sentao Chen,199,,10.1016/j.neunet.2026.108659,https://doi.org/10.1016/j.neunet.2026.108659,article,Neural Networks,https://openalex.org/W7126039782
Neural Networks,Elsevier,2026,2026-01-29,Learnable dendrite neural P systems and applications in survival prediction of glioblastoma patients,Xiu Yin; Xiyu Liu; Shulei Chang; Bosheng Song; Guanzhong Gong; Jiaxing Yin; Dengwang Li; Jie Xue,199,,10.1016/j.neunet.2026.108660,https://doi.org/10.1016/j.neunet.2026.108660,article,Neural Networks,https://openalex.org/W7126044279
Neural Networks,Elsevier,2026,2026-01-29,Learning discriminative prototypes: Adaptive relation-aware refinement and patch-level contextual feature reweighting for few-shot classification,Mengjuan Jiang; Fanzhang Li,199,,10.1016/j.neunet.2026.108649,https://doi.org/10.1016/j.neunet.2026.108649,article,Neural Networks,https://openalex.org/W7126034194
Neural Networks,Elsevier,2026,2026-01-29,NG-SNN: A neurogenesis-inspired dynamic adaptive framework for efficient spike classification,Jing Tang; D. Li; Zhenyu Zhang; Zhigang Zeng,199,,10.1016/j.neunet.2026.108656,https://doi.org/10.1016/j.neunet.2026.108656,article,Neural Networks,https://openalex.org/W7126120703
Neural Networks,Elsevier,2026,2026-01-29,Resolving ambiguity in code refinement via conidfine: A conversationally-Aware framework with disambiguation and targeted retrieval,A. W. Song; Afizan Azman; Shanzhi Gu; Fangjian Jiang; Jianchi Du; Tailong Wu; Mingyang Geng; Jia Li,199,,10.1016/j.neunet.2026.108650,https://doi.org/10.1016/j.neunet.2026.108650,article,Neural Networks,https://openalex.org/W7126093154
Neural Networks,Elsevier,2026,2026-01-29,Sonar-neus:voxel-based efficient neural implicit surface reconstruction for forward-looking sonar,Shiji Qiu; Zuoqi Hu; Tiange Zhang; Zhi Liu; Junyu Dong; Qing Cai,199,,10.1016/j.neunet.2026.108664,https://doi.org/10.1016/j.neunet.2026.108664,article,Neural Networks,https://openalex.org/W7126059093
Neural Networks,Elsevier,2026,2026-01-29,Warm-start or cold-start? A comparison of generalizability in gradient-based hyperparameter tuning,Yubo Zhou; Jun Shu; Chengli Tan; Haishan Ye; Quanziang Wang; Junmin Liu; Deyu Meng; Ivor Tsang; Guang Hua Dai,199,,10.1016/j.neunet.2026.108647,https://doi.org/10.1016/j.neunet.2026.108647,article,Neural Networks,https://openalex.org/W7126054788
Neural Networks,Elsevier,2026,2026-01-30,Cross-view contrastive representation learning on meta-path induced graphs with node features for bundle recommendation,Peng Zhang; Peng Zhang; Zhendong Niu; Ru Ma; Shunpan Liang; Fuzhi Zhang,199,,10.1016/j.neunet.2026.108669,https://doi.org/10.1016/j.neunet.2026.108669,article,Neural Networks,https://openalex.org/W7126178782
Neural Networks,Elsevier,2026,2026-01-30,Efficient semantic segmentation via logit-guided feature distillation,Xuyi Yu; Shang Lou; Yinghai Zhao; Huipeng Zhang; Kuizhi Mei,199,,10.1016/j.neunet.2026.108663,https://doi.org/10.1016/j.neunet.2026.108663,article,Neural Networks,https://openalex.org/W7126056539
Neural Networks,Elsevier,2026,2026-01-30,Multi-timescale representation with adaptive routing for deep tabular learning under temporal shift,Tianyu Wang; Maite Zhang; Mingxuan Lu; Mian Li,199,,10.1016/j.neunet.2026.108670,https://doi.org/10.1016/j.neunet.2026.108670,article,Neural Networks,https://openalex.org/W7126194132
Neural Networks,Elsevier,2026,2026-01-31,Adaptive sample repulsion against class-specific counterfactuals for explainable imbalanced classification,Yu Hao; Xin Gao; Xinping Diao; Yuan Li; Yukun Lin; Tianyang Chen; Qiangwei Li; Jiawen Lu,199,,10.1016/j.neunet.2026.108652,https://doi.org/10.1016/j.neunet.2026.108652,article,Neural Networks,https://openalex.org/W7126212224
Neural Networks,Elsevier,2026,2026-01-31,Emotion-Aware multimodal deepfake detection,Teng Zhang; Gen Li; Yanhui Xiao; Huawei Tian; Yun Cao,199,,10.1016/j.neunet.2026.108675,https://doi.org/10.1016/j.neunet.2026.108675,article,Neural Networks,https://openalex.org/W7126425908
Neural Networks,Elsevier,2026,2026-01-31,Event-triggered decentralized adaptive critic learning control for interconnected systems with nonlinear inequality state constraints,Wenqian Du; Mingduo Lin; Guoling Yuan; Bo Zhao,199,,10.1016/j.neunet.2026.108646,https://doi.org/10.1016/j.neunet.2026.108646,article,Neural Networks,https://openalex.org/W7126377334
Neural Networks,Elsevier,2026,2026-02-01,Observer-based prescribed-time optimal neural consensus control for six-rotor UAVs: A novel actor-critic reinforcement learning strategy,Yue Zhou; Liang Cao; Yan Lei; Hongru Ren,199,,10.1016/j.neunet.2026.108644,https://doi.org/10.1016/j.neunet.2026.108644,article,Neural Networks,https://openalex.org/W7127044739
Neural Networks,Elsevier,2026,2026-02-02,A knowledge-driven self-supervised learning method for enhancing EEG-based emotion recognition,Hanqi Wang; Jingyu Zhang; Peng Ye; Kun Yang; Jichuan Xiong; Xuefeng Liu; Tao Chen; Liang Song,199,,10.1016/j.neunet.2026.108676,https://doi.org/10.1016/j.neunet.2026.108676,article,Neural Networks,https://openalex.org/W7127196808
Neural Networks,Elsevier,2026,2026-02-02,Improving policy exploitation in online reinforcement learning with instant retrospect action,Gong Gao; Weidong Zhao; Xianhui Liu; Ning Jia,199,,10.1016/j.neunet.2026.108667,https://doi.org/10.1016/j.neunet.2026.108667,article,Neural Networks,https://openalex.org/W7127082682
Neural Networks,Elsevier,2026,2026-02-03,A dimensional structure based knowledge distillation method for cross-modal learning,Lingyu Si; Hongwei Dong; Fan Yang; ShouYou HUANG; Junzhi Yu; Fuchun Sun,199,,10.1016/j.neunet.2026.108672,https://doi.org/10.1016/j.neunet.2026.108672,article,Neural Networks,https://openalex.org/W7127321204
Neural Networks,Elsevier,2026,2026-02-03,C3Net: A cross-modal collaborative calibration of features for object detection using frames and events,Yunhua Chen; Yunhua Chen; Jinyu Zhong; Yihao Guo; Zequan Xie; Jinsheng Xiao; Pinghua Chen,199,,10.1016/j.neunet.2026.108651,https://doi.org/10.1016/j.neunet.2026.108651,article,Neural Networks,https://openalex.org/W7127162944
Neural Networks,Elsevier,2026,2026-02-03,Decomposition and transfer of individual Q-values for decision-making of multi-agent reinforcement learning with communication,Xiaopeng Xu; Yadong Zhao; Dong Wang,199,,10.1016/j.neunet.2026.108678,https://doi.org/10.1016/j.neunet.2026.108678,article,Neural Networks,https://openalex.org/W7127315777
Neural Networks,Elsevier,2026,2026-02-03,Gradient-informed neural networks: Embedding prior beliefs for learning in low-data scenarios,Filippo Aglietti; Francesco Della Santa; Andrea Piano; Virginia Aglietti,199,,10.1016/j.neunet.2026.108681,https://doi.org/10.1016/j.neunet.2026.108681,article,Neural Networks,https://openalex.org/W7127106396
Neural Networks,Elsevier,2026,2026-02-03,Loyalty-SMOTE: Data synthesis algorithm for effective imbalanced data classification,Shengquan Hu; Junfei Li; Zefeng Li; Zihao Zhang; Yan Feng; K. L Eddie Law,199,,10.1016/j.neunet.2026.108677,https://doi.org/10.1016/j.neunet.2026.108677,article,Neural Networks,https://openalex.org/W7127314557
Neural Networks,Elsevier,2026,2026-02-03,Multi-Scale pattern-Aware task-Gating network for aerial small object detection,Ben Liang; Yuan Liu; Chao Sui; Chao Sui; Yihong Wang; Lin Xiao; Xiubao Sui; Qian Chen,199,,10.1016/j.neunet.2026.108680,https://doi.org/10.1016/j.neunet.2026.108680,article,Neural Networks,https://openalex.org/W7127415158
Neural Networks,Elsevier,2026,2026-02-03,Multiple interpretation ensemble distillation for graph neural networks,Kang Liu; Yuqi Zhang; Shunzhi Yang; Chang-Dong Wang; Yunwen Chen; Xiaowen Ma; Zhenhua Huang,199,,10.1016/j.neunet.2026.108674,https://doi.org/10.1016/j.neunet.2026.108674,article,Neural Networks,https://openalex.org/W7127294798
Neural Networks,Elsevier,2026,2026-02-03,SPD-Net: A semantic partitioned transformer with dynamic graph network for improved skeleton-based gait recognition,Priyanka D; T. Mala,199,,10.1016/j.neunet.2026.108679,https://doi.org/10.1016/j.neunet.2026.108679,article,Neural Networks,https://openalex.org/W7127435433
Neural Networks,Elsevier,2026,2026-02-03,Structure-missing graph-level clustering network,Tianyu Hu; Renda Han; Liu Mao; Jing Chen; Xia Xie,199,,10.1016/j.neunet.2026.108682,https://doi.org/10.1016/j.neunet.2026.108682,article,Neural Networks,https://openalex.org/W7127078890
Neural Networks,Elsevier,2026,2026-02-04,A punishment neural network-based acceleration-level joint drift-free scheme for solving constrained motion planning problem of redundant robotic manipulators,Zhijun Zhang; Xitong Gao; Jinjia Guo,199,,10.1016/j.neunet.2026.108684,https://doi.org/10.1016/j.neunet.2026.108684,article,Neural Networks,https://openalex.org/W7127639830
Neural Networks,Elsevier,2026,2026-02-04,BAED: A new paradigm for few-shot graph learning with explanation in the loop,Chao Chen; Xujia Li; Dongsheng Hong; Shanshan Lin; Xiangwen Liao; Chuanyi Liu; Lei Chen,199,,10.1016/j.neunet.2026.108673,https://doi.org/10.1016/j.neunet.2026.108673,article,Neural Networks,https://openalex.org/W7127342845
Neural Networks,Elsevier,2026,2026-02-04,On the inherent robustness of one-stage object detection against out-of-distribution data,Aitor Martínez-Seras; Javier Del ser; Aitzol Olivares-Rad; Alain Andrés; Pablo Garcia-Bringas,199,,10.1016/j.neunet.2026.108683,https://doi.org/10.1016/j.neunet.2026.108683,article,Neural Networks,https://openalex.org/W7127608338
Neural Networks,Elsevier,2026,2026-02-05,A two-level neurodynamic approach for heterogeneous networked game under event-triggered quantized mechanism,Yiyao Xu; Mengxin Wang; Ruoyu Yuan; Sitian Qin,199,,10.1016/j.neunet.2026.108671,https://doi.org/10.1016/j.neunet.2026.108671,article,Neural Networks,https://openalex.org/W7127969138
Neural Networks,Elsevier,2026,2026-02-05,DiffMCG: A diffusion model with mask-conditioned guiding module for medical image classification,Chen Guan; Haihong Ai; Weiwei Wang; Ravi P. Singh; Shiya Song,199,,10.1016/j.neunet.2026.108690,https://doi.org/10.1016/j.neunet.2026.108690,article,Neural Networks,https://openalex.org/W7127973507
Neural Networks,Elsevier,2026,2026-02-06,A graph-based safe reinforcement learning method for multi-agent cooperation,Fandi Gou; Haikuo Du; Yunze Cai,199,,10.1016/j.neunet.2026.108693,https://doi.org/10.1016/j.neunet.2026.108693,article,Neural Networks,https://openalex.org/W7128066690
Neural Networks,Elsevier,2026,2026-02-06,Graph adiabatic diffusion neural networks for distribution-shift breast tumor image classification,Haoquan Lu; Zhihui Lai; Heng Kong,199,,10.1016/j.neunet.2026.108686,https://doi.org/10.1016/j.neunet.2026.108686,article,Neural Networks,https://openalex.org/W7128160443
Neural Networks,Elsevier,2026,2026-02-07,CGLK-GNN : A connectome generation network with large kernels for GNN based Alzheimer’s disease analysis,Wenqi Zhu; Zhong Yin; Yinghua Fu,199,,10.1016/j.neunet.2026.108689,https://doi.org/10.1016/j.neunet.2026.108689,article,Neural Networks,https://openalex.org/W7128393163
Neural Networks,Elsevier,2026,2026-02-07,Gender-independent kinship verification network via fuzzy disentangling and multi-metric inference,Lei Li; Quan Zhou; Shanshan Gao; Chaoran Cui; Zhaoqiang Xia Zhaoqiang Xia,199,,10.1016/j.neunet.2026.108691,https://doi.org/10.1016/j.neunet.2026.108691,article,Neural Networks,https://openalex.org/W7128294224
Neural Networks,Elsevier,2026,2026-02-09,AW-EL-PINNs: A multi-task learning physics-informed neural network for Euler-Lagrange systems in optimal control problems,Chuandong Li; Runtian Zeng,199,,10.1016/j.neunet.2026.108694,https://doi.org/10.1016/j.neunet.2026.108694,article,Neural Networks,https://openalex.org/W7128432492
Neural Networks,Elsevier,2026,2026-02-09,Learning fair representation for fine-tuning pre-trained language models,Ke Wang; Yinghao Zhang; Hong-Yu Zhang; Lin Liu; Jiuyong Li; Zaiwen Feng; Debo Cheng,198,,10.1016/j.neunet.2026.108701,https://doi.org/10.1016/j.neunet.2026.108701,article,Neural Networks,https://openalex.org/W7128427846
Neural Networks,Elsevier,2026,2026-02-09,MS-STFNN: A multi-scale spatio-temporal fusion neural network for fMRI-based depression diagnosis,Mengni Zhou; Miaofeng Wang; Rongkun Mi; Yan Niu; Xiaohong Cui; Ran Gao; Yuxi Li; Xin Wen; Jie Xiang,199,,10.1016/j.neunet.2026.108685,https://doi.org/10.1016/j.neunet.2026.108685,article,Neural Networks,https://openalex.org/W7128426922
Neural Networks,Elsevier,2026,2026-02-09,RIT-HetGE: A residue interaction type-aware heterogeneous graph-embedding model for predicting protein thermal stability,Lingzhi Liu; Yingying Jiang; Yanbin Gu; Shiming Zhao; Yanrui Ding,199,,10.1016/j.neunet.2026.108707,https://doi.org/10.1016/j.neunet.2026.108707,article,Neural Networks,https://openalex.org/W7128423843
Neural Networks,Elsevier,2026,2026-02-09,TF-LLM: Enhanced time series analysis with time-frequency large language models,Yuhang Zhang; Zitong Yu; Mingtong Dai; Yue Sun; Tao Tan,199,,10.1016/j.neunet.2026.108687,https://doi.org/10.1016/j.neunet.2026.108687,article,Neural Networks,https://openalex.org/W7128423614
Neural Networks,Elsevier,2026,2026-02-10,A noise robust and distribution-adaptive framework for multivariate time series anomaly detection,Yanling Du; Ziliang Yang; Baozeng Chang; Jingxia Gao; Xiaojia Bao; Wei Song,199,,10.1016/j.neunet.2026.108695,https://doi.org/10.1016/j.neunet.2026.108695,article,Neural Networks,https://openalex.org/W7128542450
Neural Networks,Elsevier,2026,2026-02-10,CGE-GAN: Contrastive-guided evolutionary generative adversarial networks with dynamic adaptive weight sharing,Kashif Iqbal; Xue Yu; Atifa Rafique; Muhammad Hamid; Khursheed Aurangzeb,199,,10.1016/j.neunet.2026.108702,https://doi.org/10.1016/j.neunet.2026.108702,article,Neural Networks,https://openalex.org/W7128488104
Neural Networks,Elsevier,2026,2026-02-10,Focus-guided feature fusion network for lightweight image super-resolution,Haoran Jia; Xin Wang; Tongtai Cao; Shuangxin Yang; Yue Liu,198,,10.1016/j.neunet.2026.108697,https://doi.org/10.1016/j.neunet.2026.108697,article,Neural Networks,https://openalex.org/W7128471060
Neural Networks,Elsevier,2026,2026-02-10,L2G-Net: Local-to-global feature enhancement via cluster tokens for 3D place recognition,Ming Liao; Xiaoguang Di; Shaoxun Ye; Maozhen Liu,199,,10.1016/j.neunet.2026.108700,https://doi.org/10.1016/j.neunet.2026.108700,article,Neural Networks,https://openalex.org/W7128531261
Neural Networks,Elsevier,2026,2026-02-10,Master-slave synchronization of heterogeneous dimensional proportional delay neural networks for image encryption,Kuo Yan; Liqun Zhou,199,,10.1016/j.neunet.2026.108703,https://doi.org/10.1016/j.neunet.2026.108703,article,Neural Networks,https://openalex.org/W7128543498
Neural Networks,Elsevier,2026,2026-02-10,Matrix-weighted consensus of fractional-order networked systems via sampled-data control,Yanyan Ye; Weiling Wang; Wenfeng Jin; Cheng Zhou; Yuanqing Wu; Zhixia Ding,199,,10.1016/j.neunet.2026.108696,https://doi.org/10.1016/j.neunet.2026.108696,article,Neural Networks,https://openalex.org/W7128528730
Neural Networks,Elsevier,2026,2026-02-10,Multi-view graph clustering via dual attention fusion and collaborative optimization,Zuowei Wang; Sen Xu; Naixuan Guo; Xuesheng Bian; Xiufang Xu; Shanliang Yao; Xianye Ben; Tian Zhou,199,,10.1016/j.neunet.2026.108704,https://doi.org/10.1016/j.neunet.2026.108704,article,Neural Networks,https://openalex.org/W7128543645
Neural Networks,Elsevier,2026,2026-02-10,Rethinking multivariate modeling in long-term forecasting: an efficient univariate framework with power decomposition and post-Calibration,Hongchi Chen; Jifei Tang; Lanhua Xia; Yuanjin Bao,198,,10.1016/j.neunet.2026.108710,https://doi.org/10.1016/j.neunet.2026.108710,article,Neural Networks,https://openalex.org/W7128488227
Neural Networks,Elsevier,2026,2026-02-10,Select then fusion: An effective multi-atlas brain network analysis method with sparse and uncertain mechanism,Jiashuang Huang; Zhan Su; Shu Jiang; Tao Hou; Mingliang Wang; Weiping Ding,198,,10.1016/j.neunet.2026.108698,https://doi.org/10.1016/j.neunet.2026.108698,article,Neural Networks,https://openalex.org/W7128480769
Neural Networks,Elsevier,2026,2026-02-10,State-wise linear modulation (SLim): A novel approach for steering large language models,Basavaraj hiremath; Marco Polignano; Marco Levantesi; Giovanni Maria Semeraro; Ernesto William De Luca; Amos Poznanski,199,,10.1016/j.neunet.2026.108708,https://doi.org/10.1016/j.neunet.2026.108708,article,Neural Networks,https://openalex.org/W7128550924
Neural Networks,Elsevier,2026,2026-02-10,Trainable-parameter-free structural-diversity message passing for graph neural networks,Mingyue Kong; Yinglong Zhang; Chengda Xu; Xuewen Xia; Xing Xu,199,,10.1016/j.neunet.2026.108711,https://doi.org/10.1016/j.neunet.2026.108711,article,Neural Networks,https://openalex.org/W7128498349
Neural Networks,Elsevier,2026,2026-02-10,TransUTD: Underwater cross-domain collaborative spatial-temporal transformer detector,Bingxun Zhao; Xiao Han; Ruihao Sui; Yuan Chen,198,,10.1016/j.neunet.2026.108705,https://doi.org/10.1016/j.neunet.2026.108705,article,Neural Networks,https://openalex.org/W7128491506
Neural Networks,Elsevier,2026,2026-02-10,Transforming tabular data into images for deep learning models,Abdullah Elen; Emre Avuçlu,199,,10.1016/j.neunet.2026.108715,https://doi.org/10.1016/j.neunet.2026.108715,article,Neural Networks,https://openalex.org/W7128526546
Neural Networks,Elsevier,2026,2026-02-10,TriFTM-Net: Tri-Path Fourier-Temporal Modulation Network for macular edema pathology segmentation and reconstruction in high-precision intraoperative navigation,Xingru Huang; Shuaibin Chen; Huawei Wang; Tangsen Huang; Gaopeng Huang; Zhaoyang Xu; Wenbin Zhang; Jian Huang; Yihao Guo; Jin Liu; Zhiwen Zheng; Xiaoshuai Zhang; Shaowei Jiang; Huiyu Zhou; Yaoqi Sun,198,,10.1016/j.neunet.2026.108692,https://doi.org/10.1016/j.neunet.2026.108692,article,Neural Networks,https://openalex.org/W7128521708
Neural Networks,Elsevier,2026,2026-02-11,A unified framework for sequential recommendation with gated differential amplified attention and repetition–exploration intent modeling,Jinzhao Su; Shiyu Liu; Shunzhi Yang; Chang-Dong Wang; Shengli Sun; Zhenhua Huang,198,,10.1016/j.neunet.2026.108721,https://doi.org/10.1016/j.neunet.2026.108721,article,Neural Networks,https://openalex.org/W7128593445
Neural Networks,Elsevier,2026,2026-02-11,Deep Softtriple hashing for Multi-Label cross-modal retrieval,Shuo Han; Qibing Qin; Jinkui Hou; Wenfeng Zhang; Lei Huang,198,,10.1016/j.neunet.2026.108713,https://doi.org/10.1016/j.neunet.2026.108713,article,Neural Networks,https://openalex.org/W7128480441
Neural Networks,Elsevier,2026,2026-02-11,MARINE-Transformer: A General-purpose framework for multivariate ocean time series analysis,Hao Wang; Xiang Li; Xi Fu; Meihong Yang; Zhigang Zhao; Xiaoming Wu; Yinglong Wang; Prayag Tiwari,199,,10.1016/j.neunet.2026.108706,https://doi.org/10.1016/j.neunet.2026.108706,article,Neural Networks,https://openalex.org/W7128528813
Neural Networks,Elsevier,2026,2026-02-12,Adversarial discriminant attack on text-to-image diffusion models,Hanxiao Wu; Shengwu Xiong; Dong Yi; Lingxiang Wu; Jianqing Zhu; Guibo Zhu; Jinqiao Wang,198,,10.1016/j.neunet.2026.108716,https://doi.org/10.1016/j.neunet.2026.108716,article,Neural Networks,https://openalex.org/W7128614499
Neural Networks,Elsevier,2026,2026-02-12,Beyond local aggregation: Global graph contrastive learning for multi-view fusion,Xueyang Min; Jiali Yu; Zihan Fang; Weihong Lin; Shiping Wang,198,,10.1016/j.neunet.2026.108714,https://doi.org/10.1016/j.neunet.2026.108714,article,Neural Networks,https://openalex.org/W7128698960
Neural Networks,Elsevier,2026,2026-02-12,Deep BSVIEs parametrization and learning-based applications,Nacira Agram; Giulia Pucci,198,,10.1016/j.neunet.2026.108712,https://doi.org/10.1016/j.neunet.2026.108712,article,Neural Networks,https://openalex.org/W7128727579
Neural Networks,Elsevier,2026,2026-02-12,Enhancing out-of-distribution detection with bilateral distribution score,Bolun Zheng; Yuhao Lin; Yao Tai Zhu; Quan Chen; Canjin Wang,198,,10.1016/j.neunet.2026.108718,https://doi.org/10.1016/j.neunet.2026.108718,article,Neural Networks,https://openalex.org/W7128682814
Neural Networks,Elsevier,2026,2026-02-12,FeatureTrojan: Boosting stealthy and steady backdoor attacks with feature poisoning and fine-tuning injection,Rui Yang; Qindong Sun; Han Cao; Kai Lin; Chao Shen,198,,10.1016/j.neunet.2026.108717,https://doi.org/10.1016/j.neunet.2026.108717,article,Neural Networks,https://openalex.org/W7128690826
Neural Networks,Elsevier,2026,2026-02-12,SD2-ReID: A semantic-stylistic decoupled distillation framework for robust multi-modal object re-identification,Yonghao Yan; Meijing Gao; Yang Bai; Xu Chen; Bing Sun; Huanyu Sun; Sibo Chen,198,,10.1016/j.neunet.2026.108719,https://doi.org/10.1016/j.neunet.2026.108719,article,Neural Networks,https://openalex.org/W7128640308
Neural Networks,Elsevier,2026,2026-02-12,SmooNet: Smooth operator neural network and functional differential equation,R. Luo; Xin Qi,199,,10.1016/j.neunet.2026.108688,https://doi.org/10.1016/j.neunet.2026.108688,article,Neural Networks,https://openalex.org/W7128699818
Neural Networks,Elsevier,2026,2026-02-13,Generalized and group spherical linear interpolation for token-level context compression,Jinhao Tian; Zuchao Li; Meng-Jia Shen; Lefei Zhang,198,,10.1016/j.neunet.2026.108720,https://doi.org/10.1016/j.neunet.2026.108720,article,Neural Networks,https://openalex.org/W7128677653
Neural Networks,Elsevier,2026,2026-02-14,Fixed time synchronization of delayed fractional memristive Hopfield neural networks and its fractal dimension analysis,TMC Priyanka; A. Gowrisankar; Li Tingyi,199,,10.1016/j.neunet.2026.108722,https://doi.org/10.1016/j.neunet.2026.108722,article,Neural Networks,https://openalex.org/W7128907756
Neural Networks,Elsevier,2026,2026-02-14,FreqMLNet: Non-transformer network with frequency domain reconstruction and multi-scale representation for time series forecasting,Yulin He; Qiongbin Chen; Ruili Wang; Prof. Philippe Fournier-Viger; Joshua Zhexue Huang,199,,10.1016/j.neunet.2026.108723,https://doi.org/10.1016/j.neunet.2026.108723,article,Neural Networks,https://openalex.org/W7128812812
Neural Networks,Elsevier,2026,2026-02-14,Multimodal hybrid mamba classification model for tumor pathological grade prediction using magnetic resonance images,Langtao Zhou; Tianyu Fu; XIAOXIA QU; Jiaoyang Wu; Yangrui Huang; Hong Song; Jingfan Fan; Danni Ai; Deqiang Xiao; Junfang Xian; Jian Yang,198,,10.1016/j.neunet.2026.108726,https://doi.org/10.1016/j.neunet.2026.108726,article,Neural Networks,https://openalex.org/W7128922752
Neural Networks,Elsevier,2026,2026-02-15,Edge-updating graph neural networks for modeling feature interactions in tabular data,Pimwipa Charuthamrong; Colin R. Simpson; Binh Phu Nguyen,199,,10.1016/j.neunet.2026.108724,https://doi.org/10.1016/j.neunet.2026.108724,article,Neural Networks,https://openalex.org/W7128946998
Neural Networks,Elsevier,2026,2026-02-15,MACTrack: Spatiotemporal context propagation with motion compensation for anti-UAV tracking,Wanying Xu; Haijiang Sun; Shuai Wang; Xiaowen Zhang; Yong Ji,199,,10.1016/j.neunet.2026.108725,https://doi.org/10.1016/j.neunet.2026.108725,article,Neural Networks,https://openalex.org/W7128952274
Neural Networks,Elsevier,2026,2026-02-17,Implicit hierarchical temporal-spatial residual model for long-term video prediction,Wang Gui-qin; Peng Zhao; Haoran Guo; Yun Zheng; Cong Zhao; Qinghai Guo; Shusen Yang,199,,10.1016/j.neunet.2026.108732,https://doi.org/10.1016/j.neunet.2026.108732,article,Neural Networks,https://openalex.org/W7129600060
Neural Networks,Elsevier,2026,2026-02-17,Multiplex graph prompt learning and attentive fusion for event graph completion,Chao Liang; Bang Wang; Chuanhong Zhan; Wei Xiang,199,,10.1016/j.neunet.2026.108730,https://doi.org/10.1016/j.neunet.2026.108730,article,Neural Networks,https://openalex.org/W7129014341
Neural Networks,Elsevier,2026,2026-02-18,Adaptive exploration strategy in reinforcement learning based on Q-values and environmental cognition,Tenglong Yang; Jingbao Hou; Peiyi Zhang; Jiawen Hu; Yixi Zhang,199,,10.1016/j.neunet.2026.108735,https://doi.org/10.1016/j.neunet.2026.108735,article,Neural Networks,https://openalex.org/W7130458192
Neural Networks,Elsevier,2026,2026-02-18,An efficient and low-latency attention model for event denoising,Yu Zhang; Gang Chen,199,,10.1016/j.neunet.2026.108729,https://doi.org/10.1016/j.neunet.2026.108729,article,Neural Networks,https://openalex.org/W7129352973
Neural Networks,Elsevier,2026,2026-02-18,Decorr: Environment partitioning for invariant learning and OOD generalization,Yufan Liao; Qi Wu; Yunjin Wu; Xing Yan,199,,10.1016/j.neunet.2026.108727,https://doi.org/10.1016/j.neunet.2026.108727,article,Neural Networks,https://openalex.org/W7130393000
Neural Networks,Elsevier,2026,2026-02-18,Enhancing progressive ensemble learning via normalized extra-Gradient initialization,Zheshun Wu; Yu Rong Pan; Dun Zeng; Qifan Wang; Zenglin Xu; Jie Liu,199,,10.1016/j.neunet.2026.108733,https://doi.org/10.1016/j.neunet.2026.108733,article,Neural Networks,https://openalex.org/W7130316729
Neural Networks,Elsevier,2026,2026-02-19,Similarity-aware contrastive learning for face anti-spoofing via frequency enhancement and reconstruction,Yakun Niu; Xuelin Lin,199,,10.1016/j.neunet.2026.108734,https://doi.org/10.1016/j.neunet.2026.108734,article,Neural Networks,https://openalex.org/W7130548506
Neural Networks,Elsevier,2026,2026-02-20,Contrastive knowledge embedding with discriminative self-weighted sampling,Sheng Wan; Yibing Zhan; Shirui Pan; Jian Yang; Chen Gong,199,,10.1016/j.neunet.2026.108749,https://doi.org/10.1016/j.neunet.2026.108749,article,Neural Networks,https://openalex.org/W7130541638
Neural Networks,Elsevier,2026,2026-02-20,Decoupling geometry and appearance in Gaussian splatting for reflective surface reconstruction: A glossy image prior-guided approach,Yuwen Ge; Guoliang Wei; Junke Wu,200,,10.1016/j.neunet.2026.108653,https://doi.org/10.1016/j.neunet.2026.108653,article,Neural Networks,https://openalex.org/W7130650102
Neural Networks,Elsevier,2026,2026-02-20,GAFD-CC: Global-aware feature decoupling with confidence calibration for out-of-distribution detection,Kun Zou; YongHeng Xu; Jianxing Yu; Yan Pan; Jian Yin; Hanjiang Lai,199,,10.1016/j.neunet.2026.108728,https://doi.org/10.1016/j.neunet.2026.108728,article,Neural Networks,https://openalex.org/W7130686085
Neural Networks,Elsevier,2026,2026-02-20,GSASN: a graph self-learning attention scores network for spatial modeling of network traffic matrix prediction,Juan Wu; Chensheng Tong; Jinsong Hu; Hong Tang,199,,10.1016/j.neunet.2026.108699,https://doi.org/10.1016/j.neunet.2026.108699,article,Neural Networks,https://openalex.org/W7130552743
Neural Networks,Elsevier,2026,2026-02-20,Knowledge graph-based cognitive learning with multi-fact reasoning,Chengfeng Liu; Jianrui Chen; Zhihui Wang; Longjiang Guo,199,,10.1016/j.neunet.2026.108747,https://doi.org/10.1016/j.neunet.2026.108747,article,Neural Networks,https://openalex.org/W7130687080
Neural Networks,Elsevier,2026,2026-02-20,Memory-guided mask reconstruction with central contrastive learning for robust multivariate time series anomaly detection,Le He; Xin Gao; Xinping Diao; Yuan Li; Chengming Tian; Yukun Lin; Bing Xue; Taizhi Wang,199,,10.1016/j.neunet.2026.108731,https://doi.org/10.1016/j.neunet.2026.108731,article,Neural Networks,https://openalex.org/W7130640818
Neural Networks,Elsevier,2026,2026-02-20,MeshONet: A generalizable and efficient operator learning method for structured mesh generation,Jing Xiao; Xinhai Chen; Jiaming Peng; Qinglin Wang; Jie Liu,199,,10.1016/j.neunet.2026.108746,https://doi.org/10.1016/j.neunet.2026.108746,article,Neural Networks,https://openalex.org/W7130542036
Neural Networks,Elsevier,2026,2026-02-20,Multimodal graph fusion-based GCN for Alzheimer’s disease diagnosis using fMRI and T1-weighted MRI,Guowei Wang; Tongtong Li; Qi Sun; Hong Peng; Taowen Ren; Yu Fu; Zhijun Yao; Bin Hu,200,,10.1016/j.neunet.2026.108748,https://doi.org/10.1016/j.neunet.2026.108748,article,Neural Networks,https://openalex.org/W7130616556
Neural Networks,Elsevier,2026,2026-02-21,Efficient multi-agent policy adaptation with Bayesian policy reuse and view-invariant contrastive awareness,Ke Fu; Hao Chen; Yu Wang; Quan Liu; Jian Huang,199,,10.1016/j.neunet.2026.108755,https://doi.org/10.1016/j.neunet.2026.108755,article,Neural Networks,https://openalex.org/W7130822945
Neural Networks,Elsevier,2026,2026-02-21,InfoCAM: An information-weighted class activation mapping for explaining visual neural networks,Yulong Shi; Mingwei Sun; Zengqiang Chen,199,,10.1016/j.neunet.2026.108757,https://doi.org/10.1016/j.neunet.2026.108757,article,Neural Networks,https://openalex.org/W7130854356
Neural Networks,Elsevier,2026,2026-02-22,A hybrid adaptive preconditioned gradient method with momentum for deep learning,Zhiyang Zhou; Huisheng Zhang; Zhaoyang Chen,199,,10.1016/j.neunet.2026.108758,https://doi.org/10.1016/j.neunet.2026.108758,article,Neural Networks,https://openalex.org/W7130946312
Neural Networks,Elsevier,2026,2026-02-22,From sparse semantics to rich instances: Empowering label-efficient LiDAR panoptic segmentation via geometric priors,Weijian Zhang; Haichuan Song; Zhang Zhi-zhong; Xin Tan; Lizhuang Ma; Yuan Xie,200,,10.1016/j.neunet.2026.108767,https://doi.org/10.1016/j.neunet.2026.108767,article,Neural Networks,https://openalex.org/W7130946978
Neural Networks,Elsevier,2026,2026-02-22,Multi-granularity preference enhancement with hierarchical feature extraction for session-based recommendations,Yongjian Zhou; Wei Zhou; Luwen Huangfu; Jun Zeng; Tingyue He; Junhao Wen,200,,10.1016/j.neunet.2026.108766,https://doi.org/10.1016/j.neunet.2026.108766,article,Neural Networks,https://openalex.org/W7130936950
Neural Networks,Elsevier,2026,2026-02-23,CURRENT EVENTS,,197,,10.1016/s0893-6080(26)00205-4,https://doi.org/10.1016/s0893-6080(26)00205-4,article,Neural Networks,https://openalex.org/W7131087575
Neural Networks,Elsevier,2026,2026-02-23,Editorial Board,,197,,10.1016/s0893-6080(26)00201-7,https://doi.org/10.1016/s0893-6080(26)00201-7,paratext,Neural Networks,https://openalex.org/W7131091388
Neural Networks,Elsevier,2026,2026-02-23,INN/ENNS/JNNS - Membership Applic. Form,,197,,10.1016/s0893-6080(26)00206-6,https://doi.org/10.1016/s0893-6080(26)00206-6,article,Neural Networks,https://openalex.org/W7131074741
Neural Networks,Elsevier,2026,2026-02-23,Mitigating OOD overoptimism via in-sample value function in offline reinforcement learning,Wenhui Liu; Kangyang Luo; Zhijian Wu; Shanfeng Hao; Dingjiang Huang,200,,10.1016/j.neunet.2026.108763,https://doi.org/10.1016/j.neunet.2026.108763,article,Neural Networks,https://openalex.org/W7131070606
Neural Networks,Elsevier,2026,2026-02-24,Framework for hierarchical deep reinforcement learning with conceptual embedding,Yinglong Dai; Zhi Yi; Qiangfu Zhao; Ming Chen; Guojun Wang,199,,10.1016/j.neunet.2026.108769,https://doi.org/10.1016/j.neunet.2026.108769,article,Neural Networks,https://openalex.org/W7131301790
Neural Networks,Elsevier,2026,2026-02-24,Minimizing command timing variability is a key factor in skilled actions,Atsushi Takagi; Sho Ito; Hiroaki Gomi,200,,10.1016/j.neunet.2026.108759,https://doi.org/10.1016/j.neunet.2026.108759,article,Neural Networks,https://openalex.org/W7131245357
Neural Networks,Elsevier,2026,2026-02-24,Scalable physics-informed deep generative model for solving forward and inverse stochastic differential equations,Shaoqian Zhou; Wen You; Ling Guo; Xuhui Meng,200,,10.1016/j.neunet.2026.108770,https://doi.org/10.1016/j.neunet.2026.108770,article,Neural Networks,https://openalex.org/W7131223199
Neural Networks,Elsevier,2026,2026-02-24,Self-Supervised joint flow and depth estimation via Multi-Cue uncertainty modeling,Rokia Abdein; Wei Li; Yidan Chen; Cheng Hao Li; Sumi Helal; Moustafa Youssef,199,,10.1016/j.neunet.2026.108771,https://doi.org/10.1016/j.neunet.2026.108771,article,Neural Networks,https://openalex.org/W7131254169
Neural Networks,Elsevier,2026,2026-02-25,A continual learning framework with long-term and multiple short-term memory networks,Shangge Liu; Lei Wang; Rui Yan; Jing Huo; Wenbin Li; Yang Gao,200,,10.1016/j.neunet.2026.108774,https://doi.org/10.1016/j.neunet.2026.108774,article,Neural Networks,https://openalex.org/W7131388569
Neural Networks,Elsevier,2026,2026-02-25,Advancing the forward-forward algorithm towards high-performance deep local learning,Siyuan Xu; Yujie Wu; Jibin Wu; Lei Deng; Mingkun Xu; Qinghao Wen; Guoqi Li,200,,10.1016/j.neunet.2026.108765,https://doi.org/10.1016/j.neunet.2026.108765,article,Neural Networks,https://openalex.org/W7131270485
Neural Networks,Elsevier,2026,2026-02-25,C/R-PMGAN: A dual-path self-supervised and patch-masked generative adversarial network for transferable black-box attack,Zihan Peng; Yang Xu; Sicong Zhang; Yuanlei Yang,200,,10.1016/j.neunet.2026.108709,https://doi.org/10.1016/j.neunet.2026.108709,article,Neural Networks,https://openalex.org/W7131420978
Neural Networks,Elsevier,2026,2026-02-25,Deep reinforcement learning for carrier-based aircraft flight deck operations scheduling problem,Changjiu Li; Wei Han; Haixu Li; Jie Liu; Xinwei Wang; Yong Zhang; Xichao Su,200,,10.1016/j.neunet.2026.108776,https://doi.org/10.1016/j.neunet.2026.108776,article,Neural Networks,https://openalex.org/W7131213751
Neural Networks,Elsevier,2026,2026-02-25,Inferring gene regulatory networks via adversarially regularized directed graph autoencoder,Kaifu Long; Junchang Xin; Luxuan Qu; Mingcan Wang; Jiani Li; Zhiqiong Wang,200,,10.1016/j.neunet.2026.108762,https://doi.org/10.1016/j.neunet.2026.108762,article,Neural Networks,https://openalex.org/W7131313667
Neural Networks,Elsevier,2026,2026-02-25,KE-VUM: Knowledge-enhanced video understanding model for fine-grained movie description,Xiaojing Gu; Gen Xu; Xiaolu Zhang; Yijie Wang; Jiangjian Xiao,199,,10.1016/j.neunet.2026.108773,https://doi.org/10.1016/j.neunet.2026.108773,article,Neural Networks,https://openalex.org/W7131294631
Neural Networks,Elsevier,2026,2026-02-26,A survey of recent advances in adversarial attack and defense on vision-language models,Md. Iqbal Hossain; Neeresh Kumar Perla; Afia Sajeeda; Siyu Xia; Ming Shao,200,,10.1016/j.neunet.2026.108764,https://doi.org/10.1016/j.neunet.2026.108764,article,Neural Networks,https://openalex.org/W7131662149
Neural Networks,Elsevier,2026,2026-02-26,Single-qubit graph classifier with classical feature aggregation,Shaochun Li; Junzhi Cui; Jingli Ren,200,,10.1016/j.neunet.2026.108775,https://doi.org/10.1016/j.neunet.2026.108775,article,Neural Networks,https://openalex.org/W7131662334
Neural Networks,Elsevier,2026,2026-02-27,A Multi-Agent Continual reinforcement learning framework with multi-Timescale replay and dynamic task classification,Yang Liu; Xiang Feng; Huiqun Yu,200,,10.1016/j.neunet.2026.108752,https://doi.org/10.1016/j.neunet.2026.108752,article,Neural Networks,https://openalex.org/W7131616197
Neural Networks,Elsevier,2026,2026-02-27,DADiffNet: Delay-aware diffusion networks with adaptive subgraphs for large scale traffic forecasting,Yujie Fan; Jing M. Chen; Wenqiang Xu; Weimin Peng,200,,10.1016/j.neunet.2026.108756,https://doi.org/10.1016/j.neunet.2026.108756,article,Neural Networks,https://openalex.org/W7131896488
Neural Networks,Elsevier,2026,2026-02-27,"GMN-Zoomer: Learning graph similarity via hierarchical parsing, pooling and matching",Kejia Chen; Yusheng Chen; Ziyue Wang; Linfeng Liu,200,,10.1016/j.neunet.2026.108778,https://doi.org/10.1016/j.neunet.2026.108778,article,Neural Networks,https://openalex.org/W7131826153
Neural Networks,Elsevier,2026,2026-02-28,Continual few-shot named entity recognition against catastrophic forgetting and overfitting,Yuanyuan Zhao; S.L. Zhao; S.L. Zhao; Minghu Wang,200,,10.1016/j.neunet.2026.108793,https://doi.org/10.1016/j.neunet.2026.108793,article,Neural Networks,https://openalex.org/W7132834182
Neural Networks,Elsevier,2026,2026-02-28,Locally adaptive compensation for analytic class-incremental learning,Haoyuan Chen; Nuobei Shi; Ling Chen; Raymond S.T. Lee,200,,10.1016/j.neunet.2026.108761,https://doi.org/10.1016/j.neunet.2026.108761,article,Neural Networks,https://openalex.org/W7132847868
Neural Networks,Elsevier,2026,2026-02-28,Physics-informed neural networks for constitutive modeling and multiphysics coupling in viscoelastic materials: Applications to asphalt pavement mechanics,Xue Luo; Jiale Huang; Lian Shen; Hang Wang; Ziqiang Shi,200,,10.1016/j.neunet.2026.108803,https://doi.org/10.1016/j.neunet.2026.108803,article,Neural Networks,https://openalex.org/W7132815573
Neural Networks,Elsevier,2026,2026-02-28,RAC : Few-shot fruit recognition through CLIP-based ambiguity reduction,Dat Tran-Anh; Thang Vu Ba; Ngan Hoang Dao; Bao Bui Quoc; Nam Hoai Vu; Tao Ngo Quoc; Quynh Nguyen Huu,200,,10.1016/j.neunet.2026.108760,https://doi.org/10.1016/j.neunet.2026.108760,article,Neural Networks,https://openalex.org/W7132818532
Neural Networks,Elsevier,2026,2026-02-28,SGAFuse: Semantic-guided adaptive fusion for RGB-thermal images via dynamic gating,Chao Yang; Deshui Miao; Chao Tian; Guoqing Zhu; Zhenyu He,200,,10.1016/j.neunet.2026.108779,https://doi.org/10.1016/j.neunet.2026.108779,article,Neural Networks,https://openalex.org/W7132853291
Neural Networks,Elsevier,2026,2026-02-28,Temporal and spatial context aware voxel transformer for semantic scene completion,Yiqi Wu; Changliang Li; Jiale He; Feng Cao; Cuilian Lei; Yilin Chen; Dejun Zhang,200,,10.1016/j.neunet.2026.108754,https://doi.org/10.1016/j.neunet.2026.108754,article,Neural Networks,https://openalex.org/W7132843982
Neural Networks,Elsevier,2026,2026-03-01,A representational framework for learning and encoding structurally enriched trajectories in complex agent environments,Corina Cătărău-Cotuțiu; Esther Mondragón; Eduardo Alonso,,,10.1016/j.neunet.2026.108868,https://doi.org/10.1016/j.neunet.2026.108868,article,Neural Networks,https://openalex.org/W7138978191
Neural Networks,Elsevier,2026,2026-03-01,Freezing pre-trained parameters of encoders for denoisers: Expanding pixel involvement and filtering out high-frequency noise,Jie Zhang; Junda Li; Liang Feng; Beini Zhang; Xiao Luo; Weijia Wen,200,,10.1016/j.neunet.2026.108794,https://doi.org/10.1016/j.neunet.2026.108794,article,Neural Networks,https://openalex.org/W7133118304
Neural Networks,Elsevier,2026,2026-03-01,Image segmentation algorithm based on the Allen-Cahn energy function,Haixiao Wang; Haixiao Wang; Jian Wang,200,,10.1016/j.neunet.2026.108753,https://doi.org/10.1016/j.neunet.2026.108753,article,Neural Networks,https://openalex.org/W7133131562
Neural Networks,Elsevier,2026,2026-03-01,"Kolmogorov-Arnold networks for data-driven, physics-informed, and deep-operator learning: a review, synthesis, and new analysis",Salah A. Faroughi; Salah Aldin Faroughi; Farinaz Mostajeran; Amin Hamed Mashhadzadeh; Shirko Faroughi; Shirko Faroughi,200,,10.1016/j.neunet.2026.108791,https://doi.org/10.1016/j.neunet.2026.108791,article,Neural Networks,https://openalex.org/W7133133453
Neural Networks,Elsevier,2026,2026-03-01,Neural topic modeling on hyperspheres: Spherical representation learning with von Mises-Fisher mixtures,Dayu Guo; Zhiwen Luo; Nizar Bouguila; Wentao Fan,200,,10.1016/j.neunet.2026.108792,https://doi.org/10.1016/j.neunet.2026.108792,article,Neural Networks,https://openalex.org/W7133129655
Neural Networks,Elsevier,2026,2026-03-01,Stabilizing iterative pruning with local adjustments and global scaling learning rate,Lian Duan; Jiawen Zhang; Chongxin Li; Hanzhang Wang,200,,10.1016/j.neunet.2026.108799,https://doi.org/10.1016/j.neunet.2026.108799,article,Neural Networks,https://openalex.org/W7133121721
Neural Networks,Elsevier,2026,2026-03-01,WEViT: weight-entangled vision transformers with class-specific attention for weakly supervised semantic segmentation,Narges Saeedizadeh; Seyed Mohammad Jafar Jalali; Burhan Khan; Shady M. Korany Mohamed,200,,10.1016/j.neunet.2026.108768,https://doi.org/10.1016/j.neunet.2026.108768,article,Neural Networks,https://openalex.org/W7133130392
Neural Networks,Elsevier,2026,2026-03-02,Dual generative adversarial graph networks: Unsupervised and semi-supervised learning with spherical graph embeddings,Wenchuan Zhang; Wentao Fan; Yewang Chen,200,,10.1016/j.neunet.2026.108801,https://doi.org/10.1016/j.neunet.2026.108801,article,Neural Networks,https://openalex.org/W7133208867
Neural Networks,Elsevier,2026,2026-03-02,High-order correlation and consistency-aware multi-view clustering via anchor graph learning,Cheng Liang; Wenchao Zang; Daoyuan Wang; Fei Guo,200,,10.1016/j.neunet.2026.108795,https://doi.org/10.1016/j.neunet.2026.108795,article,Neural Networks,https://openalex.org/W7133213641
Neural Networks,Elsevier,2026,2026-03-03,CURRENT EVENTS,,198,,10.1016/s0893-6080(26)00249-2,https://doi.org/10.1016/s0893-6080(26)00249-2,article,Neural Networks,https://openalex.org/W7133338092
Neural Networks,Elsevier,2026,2026-03-03,Editorial Board,,198,,10.1016/s0893-6080(26)00245-5,https://doi.org/10.1016/s0893-6080(26)00245-5,paratext,Neural Networks,https://openalex.org/W7133358065
Neural Networks,Elsevier,2026,2026-03-03,INN/ENNS/JNNS - Membership Applic. Form,,198,,10.1016/s0893-6080(26)00250-9,https://doi.org/10.1016/s0893-6080(26)00250-9,article,Neural Networks,https://openalex.org/W7133361870
Neural Networks,Elsevier,2026,2026-03-03,Predefined-time consensus control for multiagent systems with input and output quantization,Junyi shi; Huidong Cheng; fang Wang,200,,10.1016/j.neunet.2026.108777,https://doi.org/10.1016/j.neunet.2026.108777,article,Neural Networks,https://openalex.org/W7133323357
Neural Networks,Elsevier,2026,2026-03-03,Sensor movement drives emergent attention and scalability in active neural cellular automata,Mia-Katrin Kvalsund; Kai Olav Ellefsen; Kyrre Glette; Sidney Pontes-Filho; Mikkel Elle Lepperød,200,,10.1016/j.neunet.2026.108798,https://doi.org/10.1016/j.neunet.2026.108798,article,Neural Networks,https://openalex.org/W7133294590
Neural Networks,Elsevier,2026,2026-03-04,Decomposition based curriculum-style self-training for source-free universal domain adaptation in computational pathology,Wentao Liu; Zhiwei Ni; Xuhui Zhu; Qian Chen; Liping Ni; Pingfan Xia,200,,10.1016/j.neunet.2026.108805,https://doi.org/10.1016/j.neunet.2026.108805,article,Neural Networks,https://openalex.org/W7133501639
Neural Networks,Elsevier,2026,2026-03-04,Projection-based tokenization with Pseudo feature learning for ovarian lesion segmentation in ultrasound images,Yanlin Chen; Yuhan Zhang; Ruobing Huang; Ao Chang; Jian Wang; J. Q. Zhou; Dong Ni,200,,10.1016/j.neunet.2026.108806,https://doi.org/10.1016/j.neunet.2026.108806,article,Neural Networks,https://openalex.org/W7133491403
Neural Networks,Elsevier,2026,2026-03-05,Approximation rates in Besov norms and sample-complexity of Kolmogorov-Arnold networks with residual connections,Anastasis Kratsios; Bum Jun Kim; Takashi Furuya,200,,10.1016/j.neunet.2026.108797,https://doi.org/10.1016/j.neunet.2026.108797,article,Neural Networks,https://openalex.org/W7133664853
Neural Networks,Elsevier,2026,2026-03-05,Bridging graph structure and knowledge-guided editing for interpretable temporal knowledge graph reasoning,Shiqi Fan; Quanming Yao; Hongyi Nie; Wentao Ma; Zhen Wang; Wen Hua,200,,10.1016/j.neunet.2026.108811,https://doi.org/10.1016/j.neunet.2026.108811,article,Neural Networks,https://openalex.org/W7133833464
Neural Networks,Elsevier,2026,2026-03-05,Dual-mechanism adaptive control for finite/fixed-time synchronization of fuzzy inertial neural networks under parameter uncertainty,Junshuang Zhou; Guici Chen; Song Zhu; Yin Sheng; Leimin Wang; Mouquan Shen,200,,10.1016/j.neunet.2026.108802,https://doi.org/10.1016/j.neunet.2026.108802,article,Neural Networks,https://openalex.org/W7133548237
Neural Networks,Elsevier,2026,2026-03-05,HKAN: Hierarchical Kolmogorov-Arnold network without backpropagation,Grzegorz Dudek; Tomasz Rodak,200,,10.1016/j.neunet.2026.108796,https://doi.org/10.1016/j.neunet.2026.108796,article,Neural Networks,https://openalex.org/W7133762212
Neural Networks,Elsevier,2026,2026-03-05,Heterogeneity-aware multi-modal physiological signal fusion strategy based on combined contrastive learning for emotion recognition,Yuan Tian; Jing Li; Jing Li; Ning Chen; Guangqiang Li; Guangqiang Li; Zhangyong Xu; Hongqing Zhu; Yu Li; Zhiying Zhu,200,,10.1016/j.neunet.2026.108818,https://doi.org/10.1016/j.neunet.2026.108818,article,Neural Networks,https://openalex.org/W7133834086
Neural Networks,Elsevier,2026,2026-03-05,Integrating large language models into Peer-to-Peer energy management for multi-tenant buildings: A guardrail approach to ensuring resilience,Vangipuram Srinivasa Raghavan; Giridhar Archakam Vijayaraghavulu,200,,10.1016/j.neunet.2026.108814,https://doi.org/10.1016/j.neunet.2026.108814,article,Neural Networks,https://openalex.org/W7133826629
Neural Networks,Elsevier,2026,2026-03-05,LLM-SDaT: A knowledge-informed LLM framework for syndrome differentiation in TCM,Bingtao Guan; Shangde Gao; Dawei Zheng; Haoxiang Xia; Zhiyuan Wu; Jian Wu; Jian Wu; Hongxia Xu,200,,10.1016/j.neunet.2026.108812,https://doi.org/10.1016/j.neunet.2026.108812,article,Neural Networks,https://openalex.org/W7133538613
Neural Networks,Elsevier,2026,2026-03-05,Learning convex set boundaries via primal-dual neural approximation with application to reachable set computation,Guopeng Chen; Lizhen Shao; Fangyuan Zhao,200,,10.1016/j.neunet.2026.108810,https://doi.org/10.1016/j.neunet.2026.108810,article,Neural Networks,https://openalex.org/W7133827196
Neural Networks,Elsevier,2026,2026-03-05,RIFoL: A robust image forgery localization network for noisy images,Wuyang Shan; Xiaoyu Lu; Yan Wang; Y. G. Xie; Xiaoqin Yu,200,,10.1016/j.neunet.2026.108813,https://doi.org/10.1016/j.neunet.2026.108813,article,Neural Networks,https://openalex.org/W7133956421
Neural Networks,Elsevier,2026,2026-03-06,CSM-Net: Relation embedding for few shot learning optimized by cross memory attention,Wenqiang Xu; Junwen Liu; Xutao Sun; Yonggong Ren,200,,10.1016/j.neunet.2026.108816,https://doi.org/10.1016/j.neunet.2026.108816,article,Neural Networks,https://openalex.org/W7134049111
Neural Networks,Elsevier,2026,2026-03-06,EmbBERT: Attention under 2 MB memory,Riccardo Bravin; Massimo Pavan; Hazem Hesham Yousef Shalby; Fabrizio Pittorino; Manuel Roveri,200,,10.1016/j.neunet.2026.108800,https://doi.org/10.1016/j.neunet.2026.108800,article,Neural Networks,https://openalex.org/W7134118118
Neural Networks,Elsevier,2026,2026-03-06,Federated open intent classification via granular-ball knowledge representation,Jie Zhang; Yanhua Li; Xiaocao Ouyang; Linbo Xiong; Xiangkun Wang; Jingkai Wang; Xin Yang; Tianrui Li,200,,10.1016/j.neunet.2026.108817,https://doi.org/10.1016/j.neunet.2026.108817,article,Neural Networks,https://openalex.org/W7134053270
Neural Networks,Elsevier,2026,2026-03-07,Few-shot video object segmentation in X-ray angiography using local matching and spatio-temporal consistency loss,Xi Lin; YingLiang Ma; Xiahai Zhuang,200,,10.1016/j.neunet.2026.108808,https://doi.org/10.1016/j.neunet.2026.108808,article,Neural Networks,https://openalex.org/W7134187648
Neural Networks,Elsevier,2026,2026-03-07,FreeMD: Training-free multi-domain text-to-image generation with any control,Mingwen Shao; C. Liu; Xiang Lv; Lingzhuang Meng; Yecong Wan; Z. R. Gong,200,,10.1016/j.neunet.2026.108823,https://doi.org/10.1016/j.neunet.2026.108823,article,Neural Networks,https://openalex.org/W7134199733
Neural Networks,Elsevier,2026,2026-03-07,Last-layer committee machines for uncertainty estimations of benthic imagery,H. Martin Gillis; Isaac Xu; Benjamin Misiuk; Craig J. Brown; Thomas Trappenberg,200,,10.1016/j.neunet.2026.108819,https://doi.org/10.1016/j.neunet.2026.108819,article,Neural Networks,https://openalex.org/W7134115387
Neural Networks,Elsevier,2026,2026-03-07,MFBD : Model-free backdoor defense based on vision-language pre-trained models,Rui Huang; Mengjia Hao; Hechuan Wang; Yan Xing; Yuxiang Zhang,200,,10.1016/j.neunet.2026.108772,https://doi.org/10.1016/j.neunet.2026.108772,article,Neural Networks,https://openalex.org/W7134140383
Neural Networks,Elsevier,2026,2026-03-07,VISTA-3D : Training-free unfolding for vision-based 3D object detection,Xiaoyu Dong; Fang Xu; Ying Lyu; Rui Zhao; Yajing Zheng,200,,10.1016/j.neunet.2026.108790,https://doi.org/10.1016/j.neunet.2026.108790,article,Neural Networks,https://openalex.org/W7134114145
Neural Networks,Elsevier,2026,2026-03-08,Black-box physical adversarial stripes for hiding from infrared detectors at multiple views,Zhaolu Zheng; Gang Liu; Min Dang; Jinpeng Luo,200,,10.1016/j.neunet.2026.108821,https://doi.org/10.1016/j.neunet.2026.108821,article,Neural Networks,https://openalex.org/W7134197220
Neural Networks,Elsevier,2026,2026-03-09,DisNet : Learning interpretable depression representations in speech,Wenju Yang; Peng Cao; Yang Wang; Yang Wang; Jie Yang; Fei Wang,200,,10.1016/j.neunet.2026.108820,https://doi.org/10.1016/j.neunet.2026.108820,article,Neural Networks,https://openalex.org/W7134233294
Neural Networks,Elsevier,2026,2026-03-09,LoongTrack: Exploring long-sequence modeling for visual tracking,Wenkang Zhang; Tianyang Xu; Fei Xie; Mu Nie; Wankou Yang,200,,10.1016/j.neunet.2026.108824,https://doi.org/10.1016/j.neunet.2026.108824,article,Neural Networks,https://openalex.org/W7134268977
Neural Networks,Elsevier,2026,2026-03-10,A bio-inspired spiking neural network with adaptive spatiotemporal filtering and depth-modulated synaptic plasticity for robust collision detection,Yumeng Ren; Ye Zhao; Long Chen; Qihang Jiang; Yue Xu; Jiali Wang; Xun Huang; Ziang Wang; Hang Ran; Yumei Zhou; Shushan Qiao,200,,10.1016/j.neunet.2026.108829,https://doi.org/10.1016/j.neunet.2026.108829,article,Neural Networks,https://openalex.org/W7134986014
Neural Networks,Elsevier,2026,2026-03-10,Bio-inspired small target detecting visual neural network with motion direction decoding compensation in large scene,Tianshun You; Ming Liu; Liquan Dong; Peng Yang,200,,10.1016/j.neunet.2026.108815,https://doi.org/10.1016/j.neunet.2026.108815,article,Neural Networks,https://openalex.org/W7134958637
Neural Networks,Elsevier,2026,2026-03-10,Diffusion-Guided graph generation for multi-view semi-Supervised classification,Yilin Wu; Weihong Lin; Hongyang Dong; Jinbo Li; Shiping Wang,200,,10.1016/j.neunet.2026.108822,https://doi.org/10.1016/j.neunet.2026.108822,article,Neural Networks,https://openalex.org/W7134911467
Neural Networks,Elsevier,2026,2026-03-10,Fast agreement-driven device-calibrated local learning paradigms for spiking neural networks,Saptarshi Bej; Muhammed Sahad E; Gouri Lakshmi S; Harshit Kumar; Pritam Kar; Bikas C. Das,200,,10.1016/j.neunet.2026.108809,https://doi.org/10.1016/j.neunet.2026.108809,article,Neural Networks,https://openalex.org/W7134922522
Neural Networks,Elsevier,2026,2026-03-11,A complex-valued widening spiking neural network,Fang Liu; Witold Pedrycz; Qi Xu; Lijun Liu; Jialin Xu; Jie Yang; Wei Wu,200,,10.1016/j.neunet.2026.108834,https://doi.org/10.1016/j.neunet.2026.108834,article,Neural Networks,https://openalex.org/W7135063747
Neural Networks,Elsevier,2026,2026-03-11,Deep learning algorithms for license plate recognition: A review,Laixiang Xu; Zihan Shang; Xiangjun Chen; Tiwei Zeng; Wenhao Dai; Junmin Zhao,200,,10.1016/j.neunet.2026.108842,https://doi.org/10.1016/j.neunet.2026.108842,article,Neural Networks,https://openalex.org/W7135040196
Neural Networks,Elsevier,2026,2026-03-11,Geometric perspectives on multi-input reservoir computing,Alfio Borzı̀,200,,10.1016/j.neunet.2026.108838,https://doi.org/10.1016/j.neunet.2026.108838,article,Neural Networks,https://openalex.org/W7135056829
Neural Networks,Elsevier,2026,2026-03-11,MD-LSM: an enabling tool for real-time monitoring linear separability of hidden-layer outputs of deep networks,Chao Zhang; Xinyu Chen; Wensheng Li; Naizhe Wang; Xingwu Liu; Dacheng Tao,200,,10.1016/j.neunet.2026.108827,https://doi.org/10.1016/j.neunet.2026.108827,article,Neural Networks,https://openalex.org/W7135064220
Neural Networks,Elsevier,2026,2026-03-11,PDCFMO: Probabilistic dense correspondence of human body via fusion meta-optimization,Yifan Lu; Bailing Zhang; HaoLan Zhang; Xin Yu; Chaoyi Pang; Lang Wang; Min Tang,200,,10.1016/j.neunet.2026.108835,https://doi.org/10.1016/j.neunet.2026.108835,article,Neural Networks,https://openalex.org/W7135041456
Neural Networks,Elsevier,2026,2026-03-11,Recurrent spiking neural networks with bimodal neuronal time scales for learning performance enhancement,Xiang Wei; Xiaohan Zhou; Xinjun Liu; Y Zang; Qiang Yu,200,,10.1016/j.neunet.2026.108830,https://doi.org/10.1016/j.neunet.2026.108830,article,Neural Networks,https://openalex.org/W7135072020
Neural Networks,Elsevier,2026,2026-03-11,SCADA: Sparse cross attention for domain adaptive semantic segmentation,Qizhe Fan; Xiaoqin Shen; Yuanbo Chen; Shihui Ying; Jue Jiang; Juan Wang; Shaoyi Du,200,,10.1016/j.neunet.2026.108826,https://doi.org/10.1016/j.neunet.2026.108826,article,Neural Networks,https://openalex.org/W7134915479
Neural Networks,Elsevier,2026,2026-03-11,Shapley value optimized differentiable architecture search for lightweight neural networks in resource-constrained environments,Haibing Li; Yaoliang Ye; Zongye Ding; Quanbin Lu; Haibing Li; Zhongbo Zhang; Chao Dong,200,,10.1016/j.neunet.2026.108848,https://doi.org/10.1016/j.neunet.2026.108848,article,Neural Networks,https://openalex.org/W7135088699
Neural Networks,Elsevier,2026,2026-03-11,Structure from rank: Rank-order coding as a bridge from sequence to structure,Xiaodan Chen; Alexandre Pitti; Mathias Quoy; Nancy F. Chen,200,,10.1016/j.neunet.2026.108828,https://doi.org/10.1016/j.neunet.2026.108828,article,Neural Networks,https://openalex.org/W7134896432
Neural Networks,Elsevier,2026,2026-03-12,A user trajectory simulation framework for next POI recommendation with uncertain check-ins,Chen Li; Guoyan Huang; Shanshan Feng; Zhu Sun,200,,10.1016/j.neunet.2026.108831,https://doi.org/10.1016/j.neunet.2026.108831,article,Neural Networks,https://openalex.org/W7135100130
Neural Networks,Elsevier,2026,2026-03-12,Memristor-based neural network for dual-channel and temporal order memory with application in fault detection,Junwei Sun; Yujie Wu; Linhao Zhao; Yanfeng Wang; Zicheng Wang; Zicheng Wang,200,,10.1016/j.neunet.2026.108837,https://doi.org/10.1016/j.neunet.2026.108837,article,Neural Networks,https://openalex.org/W7135080466
Neural Networks,Elsevier,2026,2026-03-12,SEEK: A simple defense to model hijacking attack,Yi Zhong; Zhenzhu Chen; Rui Zhang; Lei Zhou; Anmin Fu,200,,10.1016/j.neunet.2026.108833,https://doi.org/10.1016/j.neunet.2026.108833,article,Neural Networks,https://openalex.org/W7135055613
Neural Networks,Elsevier,2026,2026-03-12,Spiking neural networks for video analysis: An in-depth review of models and architectures,S.K. Sudha; S. Aji,200,,10.1016/j.neunet.2026.108844,https://doi.org/10.1016/j.neunet.2026.108844,article,Neural Networks,https://openalex.org/W7135073706
Neural Networks,Elsevier,2026,2026-03-12,Training sparse convolutional deep predictive coding networks with attention,Hongming Li; Chi Ding; J. C. Principe,200,,10.1016/j.neunet.2026.108836,https://doi.org/10.1016/j.neunet.2026.108836,article,Neural Networks,https://openalex.org/W7135051099
Neural Networks,Elsevier,2026,2026-03-13,A delay-Adaptive neural network for querying TOP-k critical vertices on time-Dependent shortest paths,Zhilei Xu; Wenwen Zhang; Wei Huang; Jiaqian Bi,200,,10.1016/j.neunet.2026.108807,https://doi.org/10.1016/j.neunet.2026.108807,article,Neural Networks,https://openalex.org/W7135236092
Neural Networks,Elsevier,2026,2026-03-13,An approximation theory perspective on machine learning,Hrushikesh  N. Mhaskar; Efstratios Tsoukanis; Ameya D. Jagtap,200,,10.1016/j.neunet.2026.108841,https://doi.org/10.1016/j.neunet.2026.108841,article,Neural Networks,https://openalex.org/W7135177656
Neural Networks,Elsevier,2026,2026-03-13,DBML-Font :Double-branch multi-level feature fusion based on diffusion model for few-shot font generation,Yueyue Fang; Haipeng Xiao; Wenyi Zhou; Lixin Guan; Mengshan Li; Fanyang Meng; Jihong Zhu,200,,10.1016/j.neunet.2026.108825,https://doi.org/10.1016/j.neunet.2026.108825,article,Neural Networks,https://openalex.org/W7135027058
Neural Networks,Elsevier,2026,2026-03-13,M-Net: Multiscale hierarchical fusion with dual natural patch attention for spatial-Temporal time series forecasting,Bin Yang; Tinghuai Ma; Jialong Sun; Xuejian Huang; Yuan Tian; Li Jia; Xin Yu; Qiaoqiao Yan; Jiahao Cui,200,,10.1016/j.neunet.2026.108847,https://doi.org/10.1016/j.neunet.2026.108847,article,Neural Networks,https://openalex.org/W7135196074
Neural Networks,Elsevier,2026,2026-03-13,Relation-Centric knowledge graph generation for recommendation based on conditional diffusion model,Lei Tian; Nan Li; Zhong Zhang; Wenqing Hou; Haiyan Liu; Xin Song; Kai Chen; Bin Zhou; Liqun Gao,201,,10.1016/j.neunet.2026.108849,https://doi.org/10.1016/j.neunet.2026.108849,article,Neural Networks,https://openalex.org/W7135175740
Neural Networks,Elsevier,2026,2026-03-13,Stability of stochastic impulsive coupled systems with impulse-disturbed links and Markov switching via dynamic event-triggered control,Haoming Han; Shuai Zhang; Yan Liu,200,,10.1016/j.neunet.2026.108839,https://doi.org/10.1016/j.neunet.2026.108839,article,Neural Networks,https://openalex.org/W7135238914
Neural Networks,Elsevier,2026,2026-03-14,An efficient brain-heart coupling learning system for emotion recognition,Dongrui Gao; Liu Deng; Zongyao Peng; Qinghua Wang; H Zhang; Shihong Liu; Dingming Wu; Pengrui Li,200,,10.1016/j.neunet.2026.108856,https://doi.org/10.1016/j.neunet.2026.108856,article,Neural Networks,https://openalex.org/W7135382427
Neural Networks,Elsevier,2026,2026-03-14,EfficientLoRA: Rethinking the efficiency of low-rank adaptation in pre-trained language models,Shitong Cao; Yao Zhang; Xuejie Zhang; Jin Wang; Xiaobing Zhou,200,,10.1016/j.neunet.2026.108853,https://doi.org/10.1016/j.neunet.2026.108853,article,Neural Networks,https://openalex.org/W7135396591
Neural Networks,Elsevier,2026,2026-03-14,Hierarchical game interaction augmenter: Enhancing multi-agent trajectory prediction in competitive and cooperative sports,Shijia Wang; Bowen Zhou; Tianyi Liu; Siyuan Yang; Hamid Reza Karimi,200,,10.1016/j.neunet.2026.108832,https://doi.org/10.1016/j.neunet.2026.108832,article,Neural Networks,https://openalex.org/W7135417597
Neural Networks,Elsevier,2026,2026-03-14,Improving anomaly detection with foundation-model synthesis and wavelet-domain attention,Wensheng Wu; Zheming Lu; Ziqian Lu; Zewei He; Xuecheng Sun; Zhao Wang; Jungong Han; Yunlong Yu,200,,10.1016/j.neunet.2026.108859,https://doi.org/10.1016/j.neunet.2026.108859,article,Neural Networks,https://openalex.org/W7135386199
Neural Networks,Elsevier,2026,2026-03-14,Self-weighted low-rank representation for multivariate compositional data,Zhengyan Liu; Huiwen Wang; Qing Zhao; Lihong Wang,200,,10.1016/j.neunet.2026.108851,https://doi.org/10.1016/j.neunet.2026.108851,article,Neural Networks,https://openalex.org/W7135400401
Neural Networks,Elsevier,2026,2026-03-15,Coefficient pairing with centralized regularization for structured sparsity,Siwei Xia; Yuehan Yang,200,,10.1016/j.neunet.2026.108858,https://doi.org/10.1016/j.neunet.2026.108858,article,Neural Networks,https://openalex.org/W7136064698
Neural Networks,Elsevier,2026,2026-03-15,DesInsert: Strategic descriptive term insertion fools text-to-image generation,Fanyu Bu; Kai Ye; Jianan Ma; Tianyi Chen; Zhen Wang,200,,10.1016/j.neunet.2026.108857,https://doi.org/10.1016/j.neunet.2026.108857,article,Neural Networks,https://openalex.org/W7136078069
Neural Networks,Elsevier,2026,2026-03-15,Handling distribution shifts on dynamic graphs via causal invariance principles,Chao Li; Yafei Zhang; Runshuo Liu; Qianyu Song; Zhongying Zhao; Qingtian Zeng,200,,10.1016/j.neunet.2026.108854,https://doi.org/10.1016/j.neunet.2026.108854,article,Neural Networks,https://openalex.org/W7136057218
Neural Networks,Elsevier,2026,2026-03-15,Mining user features with hyperbolic representations for diffusion prediction,Pengfei Jiao; Peng Cheng Yan; Jilin Zhang; Jilin Zhang; Zhidong Zhao; Fangfang Su; Wang Zhang,200,,10.1016/j.neunet.2026.108855,https://doi.org/10.1016/j.neunet.2026.108855,article,Neural Networks,https://openalex.org/W7136086392
Neural Networks,Elsevier,2026,2026-03-15,WLR: Well-conditioned linear reconstruction for retraining-free pruning of LLMs,Siqi Li; Jingyang Xiang; Jiateng Wei; Chengrui Zhu; Jiandang Yang; Jun Chen; Jian Yang; Xiaobin Wei; Yunliang Jiang; Yong Liu,200,,10.1016/j.neunet.2026.108840,https://doi.org/10.1016/j.neunet.2026.108840,article,Neural Networks,https://openalex.org/W7136032485
Neural Networks,Elsevier,2026,2026-03-16,SSA-KD: Self-structure-aware knowledge distillation for convolutional neural networks,Yiheng Lu; Zhihui Zhang; Ziyu Guan; Wei Zhao; Yaming Yang; Cai Xu; Maoguo Gong,200,,10.1016/j.neunet.2026.108804,https://doi.org/10.1016/j.neunet.2026.108804,article,Neural Networks,https://openalex.org/W7136173868
Neural Networks,Elsevier,2026,2026-03-17,An efficient wavelet-based physics-informed neural network for multiscale problems,Himanshu Pandey; Anshima Singh; Ratikanta Behera,200,,10.1016/j.neunet.2026.108860,https://doi.org/10.1016/j.neunet.2026.108860,article,Neural Networks,https://openalex.org/W7138208182
Neural Networks,Elsevier,2026,2026-03-17,Leveraging contextual confidence for smarter retrieval in large language models,Hanna Zubkova; Ji-Hoon Park; Seong–Whan Lee,200,,10.1016/j.neunet.2026.108862,https://doi.org/10.1016/j.neunet.2026.108862,article,Neural Networks,https://openalex.org/W7138289122
Neural Networks,Elsevier,2026,2026-03-17,Permutation-Invariant graph partitioning: How graph neural networks capture structural interactions?,Asela Hevapathige; Qing Wang,200,,10.1016/j.neunet.2026.108869,https://doi.org/10.1016/j.neunet.2026.108869,article,Neural Networks,https://openalex.org/W7138140126
Neural Networks,Elsevier,2026,2026-03-17,Task-adaptive sparse graph structure learning with error-edge pruning and anti-smoothing mechanism,Yuanliang Kan; Yao Hu; Li Zhang,200,,10.1016/j.neunet.2026.108864,https://doi.org/10.1016/j.neunet.2026.108864,article,Neural Networks,https://openalex.org/W7138445468
Neural Networks,Elsevier,2026,2026-03-17,WARGM-PDPG: A dual-phase policy gradient graph mamba neural network for device placement algorithms,Hao Shu; Wangli Hao; Meng Han; Fuzhong Li,200,,10.1016/j.neunet.2026.108867,https://doi.org/10.1016/j.neunet.2026.108867,article,Neural Networks,https://openalex.org/W7138440779
Neural Networks,Elsevier,2026,2026-03-18,A heterogeneous encoding disentangled representation network for financial time series forecasting,Wuzhida Bao; Guangyang Tian; Yuting Cao; Yin Yang; Shiping Wen,200,,10.1016/j.neunet.2026.108870,https://doi.org/10.1016/j.neunet.2026.108870,article,Neural Networks,https://openalex.org/W7138870687
Neural Networks,Elsevier,2026,2026-03-18,A novel stock investment strategy based on distributed k-WTA dynamic neural network,Xinwei Cao; Yingguo Yang; Shuai Li; Vasilios N. Katsikis,200,,10.1016/j.neunet.2026.108866,https://doi.org/10.1016/j.neunet.2026.108866,article,Neural Networks,https://openalex.org/W7139008435
Neural Networks,Elsevier,2026,2026-03-18,Fast sparse supervised learning framework with BLinex loss function,Tiantian Jiang; Guolin Yu; Jun Ma,201,,10.1016/j.neunet.2026.108843,https://doi.org/10.1016/j.neunet.2026.108843,article,Neural Networks,https://openalex.org/W7139118129
Neural Networks,Elsevier,2026,2026-03-18,Position-Sensitive painterly image harmonization,Han Guo; Bolun Zheng; Qianyu Zhang; Canjin Wang; Yayun Wang; Heng Jin; Qiankun Li; Jun Yin; Guodao Zhang; Zongpeng Li,201,,10.1016/j.neunet.2026.108872,https://doi.org/10.1016/j.neunet.2026.108872,article,Neural Networks,https://openalex.org/W7138832778
Neural Networks,Elsevier,2026,2026-03-19,Multi-scale chunked residual encoding and temporal stochastic interpolation padding in SNNs for enhanced speech classification,Qi Zhang; Huamin Wang; Hangchi Shen,200,,10.1016/j.neunet.2026.108873,https://doi.org/10.1016/j.neunet.2026.108873,article,Neural Networks,https://openalex.org/W7139119413
Neural Networks,Elsevier,2026,2026-03-19,Object-guided multi-granularity unsupervised hashing for image retrieval,Zifan Liu; Yuan Cao; Xue Xu; Peng Luan; Yanwei Yu,200,,10.1016/j.neunet.2026.108846,https://doi.org/10.1016/j.neunet.2026.108846,article,Neural Networks,https://openalex.org/W7138863114
Neural Networks,Elsevier,2026,2026-03-20,AnomalyTCN: Efficient contrastive-based time series anomaly detection with pure convolution structure,Donghao Luo; Xue Wang,200,,10.1016/j.neunet.2026.108879,https://doi.org/10.1016/j.neunet.2026.108879,article,Neural Networks,https://openalex.org/W7139961140
Neural Networks,Elsevier,2026,2026-03-20,Passivity and synchronization of fractional-order coupled neural networks with multiple weights: A PD approach,Yu Li; Xiulan Zhang; Jiancheng Zhang; Jianwei Er; Jinde Cao; Heng Liu,201,,10.1016/j.neunet.2026.108861,https://doi.org/10.1016/j.neunet.2026.108861,article,Neural Networks,https://openalex.org/W7139922092
Neural Networks,Elsevier,2026,2026-03-21,AstroHSP: A hybrid supervision framework for robust monocular astronaut pose estimation,Huimin Jian; Yuhao Xiao; Xiongwu Xiao; Jianguo Yan; Zhigang Tu,200,,10.1016/j.neunet.2026.108875,https://doi.org/10.1016/j.neunet.2026.108875,article,Neural Networks,https://openalex.org/W7139984235
Neural Networks,Elsevier,2026,2026-03-21,Generative binary memory: Pseudo-Replay class-Incremental learning on binarized embeddings,Yanis Basso-Bert; William Guicquéro; Anca M. Molnos; R. Lemaire; Antoine Dupret,201,,10.1016/j.neunet.2026.108884,https://doi.org/10.1016/j.neunet.2026.108884,article,Neural Networks,https://openalex.org/W7139984476
Neural Networks,Elsevier,2026,2026-03-21,Medium-term prediction of atmospheric PM2.5 concentration based on the VG-TCABI hybrid architecture,Boqun Li; Boyu Dong; Jihan Li; Ganlu Fan; Feng Yu; Jin Zhang,200,,10.1016/j.neunet.2026.108881,https://doi.org/10.1016/j.neunet.2026.108881,article,Neural Networks,https://openalex.org/W7139973619
Neural Networks,Elsevier,2026,2026-03-21,PGMNO: A physics-Guided mamba neural operator framework for partial differential equations,Yanan Guo; Junqiang Song; Xiaoqun Cao; Chuanfeng Zhao; Fukang Yin; Hongze Leng,201,,10.1016/j.neunet.2026.108845,https://doi.org/10.1016/j.neunet.2026.108845,article,Neural Networks,https://openalex.org/W7139986324
Neural Networks,Elsevier,2026,2026-03-21,TFMPHGNN: Two-Fold multi-perspective heterogeneous graph neural network for sentiment analysis,Victor Kwaku Agbesi; Wenyu Chen; Chukwuebuka Joseph Ejiyi; Gertrude Selase Gosu; Chiagoziem C. Ukwuoma; Olusola Bamisile,201,,10.1016/j.neunet.2026.108885,https://doi.org/10.1016/j.neunet.2026.108885,article,Neural Networks,https://openalex.org/W7139970235
Neural Networks,Elsevier,2026,2026-03-22,A hierarchical and privacy-preserving intrusion detection framework for SAGIN-enabled IIot using graph neural networks and deep Q-learning,Mueen Uddin; Sonia Khan; Fuhid Alanazi; Maha M. Althobaiti; Meshari Huwaytim Alanazi; Mohammad N. Alanazi,201,,10.1016/j.neunet.2026.108876,https://doi.org/10.1016/j.neunet.2026.108876,article,Neural Networks,https://openalex.org/W7140027783
Neural Networks,Elsevier,2026,2026-03-22,BCMDA: Bidirectional correlation maps domain adaptation for mixed domain semi-supervised medical image segmentation,Bentao Song; Jun Huang; Qingfeng Wang,201,,10.1016/j.neunet.2026.108877,https://doi.org/10.1016/j.neunet.2026.108877,article,Neural Networks,https://openalex.org/W7140025607
Neural Networks,Elsevier,2026,2026-03-22,Bipartite and H∞ bipartite synchronization for multiweighted coupled fractional-order delayed reaction-diffusion neural networks,Ya-Nan Li; Jin-Liang Wang; Shun‐Yan Ren; Tingwen Huang,201,,10.1016/j.neunet.2026.108863,https://doi.org/10.1016/j.neunet.2026.108863,article,Neural Networks,https://openalex.org/W7140035188
Neural Networks,Elsevier,2026,2026-03-22,Federated learning with noisy labels: A comprehensive and concise review of current methodologies and future directions,Jia Dong; Rui Zhu; Xinyi Shang; Jing‐Hao Xue,201,,10.1016/j.neunet.2026.108889,https://doi.org/10.1016/j.neunet.2026.108889,article,Neural Networks,https://openalex.org/W7140032142
Neural Networks,Elsevier,2026,2026-03-22,Fractional-order gradient descent learning for Elman neural networks,He Li; Shanze Wang; YangQuan Chen; Yanmei Liu,201,,10.1016/j.neunet.2026.108880,https://doi.org/10.1016/j.neunet.2026.108880,article,Neural Networks,https://openalex.org/W7140041274
Neural Networks,Elsevier,2026,2026-03-22,Quantification via gaussian latent space representations,Olaya Pérez-Mon; Juan José del Coz; Pablo González,201,,10.1016/j.neunet.2026.108886,https://doi.org/10.1016/j.neunet.2026.108886,article,Neural Networks,https://openalex.org/W7140058447
Neural Networks,Elsevier,2026,2026-03-23,M3SPCL: Multi-stage multi-grained multi-view supervised prototypical contrastive learning,Jingjing Tang; Yan Li; Saiji Fu; Yingjie Tian; Yu Bao,201,,10.1016/j.neunet.2026.108878,https://doi.org/10.1016/j.neunet.2026.108878,article,Neural Networks,https://openalex.org/W7140108425
Neural Networks,Elsevier,2026,2026-03-23,Training instabilities favor flatter solutions in gradient descent,Lawrence Wang; Stephen J. Roberts,201,,10.1016/j.neunet.2026.108874,https://doi.org/10.1016/j.neunet.2026.108874,article,Neural Networks,https://openalex.org/W7140104044
Neural Networks,Elsevier,2026,2026-03-24,A novel dynamic signal Lemma for predefined-time stabilization of high-order nonlinear systems with dynamic uncertainties,Jiawei Ma; Huaguang Zhang; Juan Zhang; Le Wang,201,,10.1016/j.neunet.2026.108891,https://doi.org/10.1016/j.neunet.2026.108891,article,Neural Networks,https://openalex.org/W7140219247
Neural Networks,Elsevier,2026,2026-03-24,D3CNet: Long-term time series prediction based on dual decomposition and dual-channel hybrid network,Bo He; Yunya Bo; Longbing Li,201,,10.1016/j.neunet.2026.108893,https://doi.org/10.1016/j.neunet.2026.108893,article,Neural Networks,https://openalex.org/W7140209644
Neural Networks,Elsevier,2026,2026-03-24,Discrete bidirectional memristive neural network-based hyperchaotic system and its FPGA implementation,Chunhua Wang; Zhibo Gong; Quanli Deng,201,,10.1016/j.neunet.2026.108887,https://doi.org/10.1016/j.neunet.2026.108887,article,Neural Networks,https://openalex.org/W7140216027
Neural Networks,Elsevier,2026,2026-03-24,Dual contrastive learning with graph masking: A self-supervised framework for multi-view clustering,Jian-Sheng Wu; Wen-Ting Li; Junyun Wu; Weidong Min,201,,10.1016/j.neunet.2026.108894,https://doi.org/10.1016/j.neunet.2026.108894,article,Neural Networks,https://openalex.org/W7140114973
Neural Networks,Elsevier,2026,2026-03-24,VGM-UNet: A hybrid visual graph deformable mamba with fourier neural operator U-Net for medical image segmentation,Hang Li; Jianan Fan; Weidong Cai,201,,10.1016/j.neunet.2026.108890,https://doi.org/10.1016/j.neunet.2026.108890,article,Neural Networks,https://openalex.org/W7140199357
Neural Networks,Elsevier,2026,2026-03-25,Multi-modal contrastive learning based on molecular and textual data for drug response prediction,Meiyu Duan; Xiaobo Li; Xiaodi Hou; Yanchen Qu; Hai Cui; Yijia Zhang,201,,10.1016/j.neunet.2026.108882,https://doi.org/10.1016/j.neunet.2026.108882,article,Neural Networks,https://openalex.org/W7140292233
Neural Networks,Elsevier,2026,2026-03-25,VLDUS: Vision-language distillated unseen synthesizer for zero-shot object detection,Caixia Yan; Muyan Jiao; Nuohan Xue; Weizhan Zhang; Jiahao Wang; Xiaojun Chang; Feng Tian,201,,10.1016/j.neunet.2026.108899,https://doi.org/10.1016/j.neunet.2026.108899,article,Neural Networks,https://openalex.org/W7140293146
Neural Networks,Elsevier,2026,2026-03-25,rKAN: Rational Kolmogorov-Arnold networks,Alireza Afzal Aghaei; Mehdi Hosseinzadeh; Kourosh Parand,201,,10.1016/j.neunet.2026.108888,https://doi.org/10.1016/j.neunet.2026.108888,article,Neural Networks,https://openalex.org/W7140309870
Neural Networks,Elsevier,2026,2026-03-26,Meta-path and context-aware learning for attribute completion in heterogeneous graphs,Geng Chen; Yuan Feng; Lijun Zhang; Xiaoyu Bai; Qingyue Wang; Peng Wang; Peng Wang,201,,10.1016/j.neunet.2026.108895,https://doi.org/10.1016/j.neunet.2026.108895,article,Neural Networks,https://openalex.org/W7140312342
Neural Networks,Elsevier,2026,2026-03-26,PRUNE: A patching based repair framework for certifiable and privacy-robust unlearning of neural networks,Xuran Li; Jingyi Wang; Xiaohan Yuan; Peixin Zhang,201,,10.1016/j.neunet.2026.108897,https://doi.org/10.1016/j.neunet.2026.108897,article,Neural Networks,https://openalex.org/W7140933052
Neural Networks,Elsevier,2026,2026-03-26,PSMEKL: Positional and structural multiple empirical kernel learning for node embedding,Zonghai Zhu; Xinshuai Wei; Huanlai Xing; Li Feng; De Chen; Yuge Xu,201,,10.1016/j.neunet.2026.108898,https://doi.org/10.1016/j.neunet.2026.108898,article,Neural Networks,https://openalex.org/W7140301361
Neural Networks,Elsevier,2026,2026-03-27,Bellman error centering,Xingguo Chen; Yu Gong; Jinguo Ye; Chao Li; Shangdong Yang; Wenhao Wang,201,,10.1016/j.neunet.2026.108896,https://doi.org/10.1016/j.neunet.2026.108896,article,Neural Networks,https://openalex.org/W7141045693
Neural Networks,Elsevier,2026,2026-03-27,KSNet: Advancing autism prediction via KAN-based graph convolution and multi-source data fusion,Chuang Wang; Dongyan Li; Sixiang Sun; junli liu; Yuanyuan Li,201,,10.1016/j.neunet.2026.108892,https://doi.org/10.1016/j.neunet.2026.108892,article,Neural Networks,https://openalex.org/W7141572856
Neural Networks,Elsevier,2026,2026-03-27,MBDA: A modality-balanced framework with data augmentation and alignment for multimodal emotion recognition,Cheng Cheng; Ruisi Shang; Zixu Wang; Huazhi Li; Ziyu Jia,201,,10.1016/j.neunet.2026.108852,https://doi.org/10.1016/j.neunet.2026.108852,article,Neural Networks,https://openalex.org/W7141267599
Neural Networks,Elsevier,2026,2026-03-28,CEMTNet: a cognitive emotion modulated network for multimodal depression detection,Yujie Huo; Hongyu Gao; Weng Howe Chan; Ahmad Najmi Bin Amerhaider Nuar,201,,10.1016/j.neunet.2026.108907,https://doi.org/10.1016/j.neunet.2026.108907,article,Neural Networks,https://openalex.org/W7140978641
Neural Networks,Elsevier,2026,2026-03-28,Contrast sensitivity in multimodal large language models: A psychophysics-inspired evaluation,Pablo Hernández-Cámara; Alexandra Gomez-Villa; José Manuel Jaén-Lorites; Jorge Vila-Tomás; Valero Laparra; Jesús Malo,201,,10.1016/j.neunet.2026.108903,https://doi.org/10.1016/j.neunet.2026.108903,article,Neural Networks,https://openalex.org/W7141600064
Neural Networks,Elsevier,2026,2026-03-28,Fuzzy-driven broad learning system with class probability and density awareness for multi-view data,M. Tanveer; M. Pathak; M. Sajid; A. Quadir; Priyamvada,201,,10.1016/j.neunet.2026.108914,https://doi.org/10.1016/j.neunet.2026.108914,article,Neural Networks,https://openalex.org/W7141927648
Neural Networks,Elsevier,2026,2026-03-28,ST-Align: A time series and text alignment framework for cross-subject multivariate time series classification,Zhenghuang Wu; Tao Zhang; Ke Li; Yuangan Li,201,,10.1016/j.neunet.2026.108913,https://doi.org/10.1016/j.neunet.2026.108913,article,Neural Networks,https://openalex.org/W7142055667
Neural Networks,Elsevier,2026,2026-03-28,Towards efficient language giants: A comprehensive survey on structural optimizations and compression techniques for large language models,Gilhyeon Lee; Seonggeun Kim; Seonggeun Kim; Dongjun Lee; Kyungmin Goh; Hyun Kim,201,,10.1016/j.neunet.2026.108900,https://doi.org/10.1016/j.neunet.2026.108900,article,Neural Networks,https://openalex.org/W7142545571
Neural Networks,Elsevier,2026,2026-03-28,Twin contrastive interventional-cause hashing for unsupervised cross-modal retrieval,Bo Li; Zhixin Li; Zhixin Li; Shuni Jiang; Canlong Zhang; Huifang Ma,201,,10.1016/j.neunet.2026.108902,https://doi.org/10.1016/j.neunet.2026.108902,article,Neural Networks,https://openalex.org/W7141506506
Neural Networks,Elsevier,2026,2026-03-28,Using a single actor to output personalized policy for different intersections,Kailing Zhou; Chengwei Zhang; Furui Zhan; Wanting Liu; Yuan Li,201,,10.1016/j.neunet.2026.108909,https://doi.org/10.1016/j.neunet.2026.108909,article,Neural Networks,https://openalex.org/W7141796391
Neural Networks,Elsevier,2026,2026-03-29,Dimension- adaptive latent representation learning with normalized hyperbolic tensor rank for multi-view clustering,Gang Zhu; Lixin Han; Hong Yan; Jun Zhu,201,,10.1016/j.neunet.2026.108905,https://doi.org/10.1016/j.neunet.2026.108905,article,Neural Networks,https://openalex.org/W7142968968
Neural Networks,Elsevier,2026,2026-03-29,Dynamic-Aware video distillation: Adaptive temporal partitioning based on video semantics for edge device,Yinjie Zhao; Heng Zhao; Yew-Soon Ong; Bihan Wen; Joey Tianyi Zhou,201,,10.1016/j.neunet.2026.108871,https://doi.org/10.1016/j.neunet.2026.108871,article,Neural Networks,https://openalex.org/W7142628310
Neural Networks,Elsevier,2026,2026-03-29,Learning from heterogeneous structural MRI via collaborative domain adaptation for late-Life depression assessment,Yuzhen Gao; Qi Wang; Yongheng Sun; Cui Wang; Yongquan Liang; Mingxia Liu,201,,10.1016/j.neunet.2026.108911,https://doi.org/10.1016/j.neunet.2026.108911,article,Neural Networks,https://openalex.org/W7142931279
Neural Networks,Elsevier,2026,2026-03-29,Offline constrained policy optimization with safe anchoring,Diyuan Hou; Longyang Huang; Pu Feng; Wenjun Wu,201,,10.1016/j.neunet.2026.108865,https://doi.org/10.1016/j.neunet.2026.108865,article,Neural Networks,https://openalex.org/W7142823861
Neural Networks,Elsevier,2026,2026-03-30,Beyond pairwise dependence: A multi-filter fusion network for graph representation learning,Hui Yan; Ling Guo; Guoguo Ai; Xin Li,201,,10.1016/j.neunet.2026.108906,https://doi.org/10.1016/j.neunet.2026.108906,article,Neural Networks,https://openalex.org/W7143345914
Neural Networks,Elsevier,2026,2026-03-30,Neural feature alignment between large language models and brain activities: A knowledge-based framework for cross-modal analysis,Zhejun Zhang; W H Zhou; Shuo Zhang; Xinhang Li; Xinhang Li; Lin Zhang; Lei Li,201,,10.1016/j.neunet.2026.108916,https://doi.org/10.1016/j.neunet.2026.108916,article,Neural Networks,https://openalex.org/W7143335915
Neural Networks,Elsevier,2026,2026-03-31,Complex-valued proximal neural network method for solving complex-valued mixed variational inequalities,Yuanhua Wang; Siru Yin; Jin Li,201,,10.1016/j.neunet.2026.108919,https://doi.org/10.1016/j.neunet.2026.108919,article,Neural Networks,https://openalex.org/W7143885041
Neural Networks,Elsevier,2026,2026-03-31,Improving human motion generation based on a head-mounted display and its controllers via noise-augmented motion data and the recurrent inference model,Zihao Guo; Jingbo Zhao,201,,10.1016/j.neunet.2026.108918,https://doi.org/10.1016/j.neunet.2026.108918,article,Neural Networks,https://openalex.org/W7147027174
Neural Networks,Elsevier,2026,2026-03-31,Maximum total correntropy-based broad learning system with robust M-estimator,Tao Chen; Xi Chen; Wei Li,201,,10.1016/j.neunet.2026.108917,https://doi.org/10.1016/j.neunet.2026.108917,article,Neural Networks,https://openalex.org/W7144154518
Neural Networks,Elsevier,2026,2026-04-01,A spatiotemporal wind power forecasting method based on dual-view graph fusion and dual-granularity residual learning,Zhiyong Fan; Zhi-Hai Jiang; Maoxin Xia; Shuai Zhang; Ying Yan,201,,10.1016/j.neunet.2026.108923,https://doi.org/10.1016/j.neunet.2026.108923,article,Neural Networks,https://openalex.org/W7147035273
Neural Networks,Elsevier,2026,2026-04-01,Attack-resilient adaptive distributed neurodynamic approach for solving noncooperative games,Zhijie Chen; Jianing Chen; Xinwen Bu; Sitian Qin,201,,10.1016/j.neunet.2026.108920,https://doi.org/10.1016/j.neunet.2026.108920,article,Neural Networks,https://openalex.org/W7147124773
Neural Networks,Elsevier,2026,2026-04-01,Biologically-inspired semi-supervised semantic segmentation for biomedical imaging,Luca Ciampi; Gabriele Lagani; Giuseppe M. Amato; Fabrizio Falchi,201,,10.1016/j.neunet.2026.108925,https://doi.org/10.1016/j.neunet.2026.108925,article,Neural Networks,https://openalex.org/W7147565596
Neural Networks,Elsevier,2026,2026-04-01,Comorbidity-Aware Transfer Learning for Neuro-developmental Disorder Diagnosis,Xin Wen; Shijie Guo; Li Dong; Wenbo Ning; Yanrong Hao; Songhua Liu; Haojie Lian; Xia Liu; Rui Cao,,,10.1016/j.neunet.2026.108980,https://doi.org/10.1016/j.neunet.2026.108980,article,Neural Networks,https://openalex.org/W7153896678
Neural Networks,Elsevier,2026,2026-04-01,Multimodal-guided prototype calibration and temporal coherence-aware hybrid matching for few-shot action recognition,yiyuan An; Yingmin Yi; Yiwei Yuan; Rui Yu; Qiming Xue,201,,10.1016/j.neunet.2026.108930,https://doi.org/10.1016/j.neunet.2026.108930,article,Neural Networks,https://openalex.org/W7147486161
Neural Networks,Elsevier,2026,2026-04-01,"Privacy emotion recognition in artificial intelligence: Research frontiers, key challenges, and prospects",Pan Jun Sun; Hao Yu; Wenjie Su; Yule Wu,201,,10.1016/j.neunet.2026.108927,https://doi.org/10.1016/j.neunet.2026.108927,article,Neural Networks,https://openalex.org/W7147166673
Neural Networks,Elsevier,2026,2026-04-02,Beyond semantics: Exploiting propagation structures with dual-adapter LLMs for fake news detection,Aojie Si; Shizhan Chen; Xiaobao Wang; Yueheng Sun; Jiaai Guo,201,,10.1016/j.neunet.2026.108904,https://doi.org/10.1016/j.neunet.2026.108904,article,Neural Networks,https://openalex.org/W7148527696
Neural Networks,Elsevier,2026,2026-04-02,Dual CNN and ViT experts fusion for open set recognition,Kai Ding; Yu Mao; Hui Chen; Yaojin Lin,201,,10.1016/j.neunet.2026.108910,https://doi.org/10.1016/j.neunet.2026.108910,article,Neural Networks,https://openalex.org/W7148542470
Neural Networks,Elsevier,2026,2026-04-02,FUGEA: Fused unified gradient ensemble for cross-architecture transferable attacks,Guangliang Huang; Feng Ye; Tianqiang Huang; Chenhao Lu; Runze Chen; Q. G. Liu,201,,10.1016/j.neunet.2026.108926,https://doi.org/10.1016/j.neunet.2026.108926,article,Neural Networks,https://openalex.org/W7148234520
Neural Networks,Elsevier,2026,2026-04-02,Hierarchical cross-attention guided deformable registration with multi-level feature fusion for medical images,Dongdong Wan; Jiaxuan Jiang; yuee li; Wenyan Li; Zhong Wang,201,,10.1016/j.neunet.2026.108908,https://doi.org/10.1016/j.neunet.2026.108908,article,Neural Networks,https://openalex.org/W7147184220
Neural Networks,Elsevier,2026,2026-04-02,MARSNet: A convolutional attention residual shrinkage network for RNA-protein binding site prediction,Wei Wang; Chengyu Xing; Zhenxi Sun; Xianfang Wang; Guangsheng Wu; Yun Zhou,201,,10.1016/j.neunet.2026.108922,https://doi.org/10.1016/j.neunet.2026.108922,article,Neural Networks,https://openalex.org/W7148450307
Neural Networks,Elsevier,2026,2026-04-02,Neural-network-based robust critic learning control with advanced value iteration for continuous-time dynamical systems,Ao Liu; Ding Wang,201,,10.1016/j.neunet.2026.108928,https://doi.org/10.1016/j.neunet.2026.108928,article,Neural Networks,https://openalex.org/W7148529193
Neural Networks,Elsevier,2026,2026-04-02,Towards robust deep reinforcement learning-based quantitative trading with neuro-symbolic trend analysis,Junzhe Jiang; Zhiming Li; Aixin Cui; Xiao Zhou; Bo Li; Dongning Sun,201,,10.1016/j.neunet.2026.108924,https://doi.org/10.1016/j.neunet.2026.108924,article,Neural Networks,https://openalex.org/W7147635321
Neural Networks,Elsevier,2026,2026-04-03,A noise-resilient distributed recurrent neural network for multi-agent consensus control and acoustic source localization,Lei Jia; Weibao Xiong; Li-Ye Xiao; Yiwei Li,201,,10.1016/j.neunet.2026.108938,https://doi.org/10.1016/j.neunet.2026.108938,article,Neural Networks,https://openalex.org/W7148900937
Neural Networks,Elsevier,2026,2026-04-03,CAPTR-GTP: Class-aware prompting and token refinement with graph token propagation for few-shot ViTs,Mohammed Yossef Al-Habib; Zuping Zhang; Abdulrahman Noman,201,,10.1016/j.neunet.2026.108934,https://doi.org/10.1016/j.neunet.2026.108934,article,Neural Networks,https://openalex.org/W7148681960
Neural Networks,Elsevier,2026,2026-04-03,DAG-NAS : An explainable neural architecture search framework for reinforcement learning,Taegun An; Changhee Joo,201,,10.1016/j.neunet.2026.108901,https://doi.org/10.1016/j.neunet.2026.108901,article,Neural Networks,https://openalex.org/W7148964906
Neural Networks,Elsevier,2026,2026-04-03,Dilated multi-Layer perceptron mixer for faster neural networks,Van-Dung Hoang; Xuan-Thuy Vo; Kang-Hyun Jo,201,,10.1016/j.neunet.2026.108939,https://doi.org/10.1016/j.neunet.2026.108939,article,Neural Networks,https://openalex.org/W7148636062
Neural Networks,Elsevier,2026,2026-04-03,FA-Mamba: frequency attention driven Mamba for multimodal remote sensing classification,Danian Yang; Daixun Li; Jitao Ma; Yibing Lu; Yunsong Li; Leyuan Fang; Weiying Xie,201,,10.1016/j.neunet.2026.108931,https://doi.org/10.1016/j.neunet.2026.108931,article,Neural Networks,https://openalex.org/W7148991067
Neural Networks,Elsevier,2026,2026-04-03,High-resolution image deraining via dual-branch features interaction and fusion,Weilong Huang; Jiaxue Mei; Tao Yan; Yinghui Wang; Xiaojun Chang,201,,10.1016/j.neunet.2026.108936,https://doi.org/10.1016/j.neunet.2026.108936,article,Neural Networks,https://openalex.org/W7148902388
Neural Networks,Elsevier,2026,2026-04-03,Integrating perceptual cues with mixture-of-experts for low-light image restoration,Yuezhou Li; Yuzhen Niu; Huangbiao Xu; Rui Xu; Yuqi Hu; Hui Da; Wenxi Liu; Lifang Wei,201,,10.1016/j.neunet.2026.108915,https://doi.org/10.1016/j.neunet.2026.108915,article,Neural Networks,https://openalex.org/W7148756787
Neural Networks,Elsevier,2026,2026-04-03,On the approximation capability of shallow and deep neural networks having smooth activations with respect to the Sobolev norm,Hyeokjoo Park,201,,10.1016/j.neunet.2026.108935,https://doi.org/10.1016/j.neunet.2026.108935,article,Neural Networks,https://openalex.org/W7148707543
Neural Networks,Elsevier,2026,2026-04-03,Predefined-time cluster lag synchronization of inertial neural networks: A dynamic event-triggered control,Peng Liu; Yiwei Shao; Yin Sheng; Qiang Xiao; Jian Yong,201,,10.1016/j.neunet.2026.108940,https://doi.org/10.1016/j.neunet.2026.108940,article,Neural Networks,https://openalex.org/W7148640777
Neural Networks,Elsevier,2026,2026-04-03,SEA: Hierarchically searching efficient adapters for pre-trained models,Shun Lu; Fangyuan Mao; Junkun Chen; Jilin Mei; Chen Min; Yan Xing; Yu Hu,201,,10.1016/j.neunet.2026.108912,https://doi.org/10.1016/j.neunet.2026.108912,article,Neural Networks,https://openalex.org/W7148779555
Neural Networks,Elsevier,2026,2026-04-04,A robust multi-view support vector machine with the RoBoSS loss function,Yash Kumar Arora; Sakshi Gupta; M. Tanveer,201,,10.1016/j.neunet.2026.108937,https://doi.org/10.1016/j.neunet.2026.108937,article,Neural Networks,https://openalex.org/W7149514702
Neural Networks,Elsevier,2026,2026-04-05,Hierarchical fusion and local-aware transformer for occluded person re-identification,Haishun Du; Chuaner Huang; Linbing Cao; Jieru Li; Wenzhe Zhang,201,,10.1016/j.neunet.2026.108883,https://doi.org/10.1016/j.neunet.2026.108883,article,Neural Networks,https://openalex.org/W7150235065
Neural Networks,Elsevier,2026,2026-04-06,A discrete memristive cyclic Hopfield neural network with multi-cavity-like attractors and application in secure communication,Gang Yang; Chunhua Wang; Quanli Deng,201,,10.1016/j.neunet.2026.108953,https://doi.org/10.1016/j.neunet.2026.108953,article,Neural Networks,https://openalex.org/W7149961640
Neural Networks,Elsevier,2026,2026-04-06,Boosting self-supervised multi-frame depth estimation with hybrid geometric-semantic constraints,Jiaojiao Fang,201,,10.1016/j.neunet.2026.108943,https://doi.org/10.1016/j.neunet.2026.108943,article,Neural Networks,https://openalex.org/W7150134022
Neural Networks,Elsevier,2026,2026-04-06,Dual object graph and bisimulation metric for object-goal navigation in unfamiliar environment,Yiyue Meng; Chi Guo; Aolin Li; Kang Zhou,201,,10.1016/j.neunet.2026.108921,https://doi.org/10.1016/j.neunet.2026.108921,article,Neural Networks,https://openalex.org/W7150908048
Neural Networks,Elsevier,2026,2026-04-06,Dynamic expandable framework for incremental anomaly detection,Yuxuan Tan; Hongxia Gao; Tongtong Liu; Xiaoqin Wen,201,,10.1016/j.neunet.2026.108949,https://doi.org/10.1016/j.neunet.2026.108949,article,Neural Networks,https://openalex.org/W7150003559
Neural Networks,Elsevier,2026,2026-04-06,EMM: Plug-and-play memory-bank sampling for contrastive recommendation,Zhisheng Meng; Jian Wang; Lei Li; Wenxia Chen; Ziang He,201,,10.1016/j.neunet.2026.108948,https://doi.org/10.1016/j.neunet.2026.108948,article,Neural Networks,https://openalex.org/W7150712115
Neural Networks,Elsevier,2026,2026-04-06,Multi-agent contrastive exploration via value decomposition discrepancy,Siying Wang; Hongfei Du; Chiyu Cai; Yang Zhou; Wenyu Chen; Jinliang Shao; Yuhua Cheng,201,,10.1016/j.neunet.2026.108929,https://doi.org/10.1016/j.neunet.2026.108929,article,Neural Networks,https://openalex.org/W7150848532
Neural Networks,Elsevier,2026,2026-04-06,Towards continual low-light image enhancement through causal inference,Fan Ji; Hao Li; Jiangmeng Li; Jiangmeng Li; Xiongxin Tang; Fanjiang Xu,201,,10.1016/j.neunet.2026.108947,https://doi.org/10.1016/j.neunet.2026.108947,article,Neural Networks,https://openalex.org/W7150039879
Neural Networks,Elsevier,2026,2026-04-07,BIVIP: a competitive neural network for bilateral visuo-haptic processing,Eleonore Federica Di Rosa; Sheth Aaisha; Jeffrey M. Yau; Astolfi Laura; Cristiano Cuppini,201,,10.1016/j.neunet.2026.108960,https://doi.org/10.1016/j.neunet.2026.108960,article,Neural Networks,https://openalex.org/W7151480560
Neural Networks,Elsevier,2026,2026-04-07,Retrieval-augmented and feedback-optimized large language model for recommendation,Zhisheng Yang; Li Li,201,,10.1016/j.neunet.2026.108954,https://doi.org/10.1016/j.neunet.2026.108954,article,Neural Networks,https://openalex.org/W7151417633
Neural Networks,Elsevier,2026,2026-04-07,SALSA-RL: stability analysis in the latent space of actions for reinforcement learning,Xuyang Li; Romit Maulik,201,,10.1016/j.neunet.2026.108957,https://doi.org/10.1016/j.neunet.2026.108957,article,Neural Networks,https://openalex.org/W7151409788
Neural Networks,Elsevier,2026,2026-04-08,Acoustic-optical joint underwater object detection with multi-modality correlation features matching network,Meiyan Zhang; Yuxin Lin; Jifeng Zhu; Mai Wang; Wenyu Cai,201,,10.1016/j.neunet.2026.108975,https://doi.org/10.1016/j.neunet.2026.108975,article,Neural Networks,https://openalex.org/W7151777307
Neural Networks,Elsevier,2026,2026-04-08,Box-enhanced context fusion for citation intent classification,Jinwen Yang; Zhijuan Du,201,,10.1016/j.neunet.2026.108962,https://doi.org/10.1016/j.neunet.2026.108962,article,Neural Networks,https://openalex.org/W7151750386
Neural Networks,Elsevier,2026,2026-04-08,Energy-preserving shifted bipartite graph learning for unpaired large-scale multi-view clustering,Xingfeng Li; Jiawei Peng; Zhongwen Wang; Yuan Sun; Yuying Zhu; Fei Zhou; Zhenwen Ren,201,,10.1016/j.neunet.2026.108952,https://doi.org/10.1016/j.neunet.2026.108952,article,Neural Networks,https://openalex.org/W7152111375
Neural Networks,Elsevier,2026,2026-04-08,TrCLIP-VAD : Weak supervised video anomaly detection by improving CLIP training with text rewriting,Shengjie Shen; Ziteng Guo; Yahui Li; Liejun Wang; Zhiqing Guo,201,,10.1016/j.neunet.2026.108951,https://doi.org/10.1016/j.neunet.2026.108951,article,Neural Networks,https://openalex.org/W4410143260
Neural Networks,Elsevier,2026,2026-04-09,Bi-directional attention network with drop aggregation for microRNA-disease association prediction,Yan-Fang Yang; Yue Gao; Yue Gao; Mingli Cui; Ying-Lian Gao; Ying-Lian Gao; Yan-Li Wang; Jin-Xing Liu,201,,10.1016/j.neunet.2026.108942,https://doi.org/10.1016/j.neunet.2026.108942,article,Neural Networks,https://openalex.org/W7152883826
Neural Networks,Elsevier,2026,2026-04-09,Quantum-enhanced learning: Leveraging von Neumann entropy for enhanced graph neural network performance,Muhammad Awais; Octavian Adrian Postolache; Sancho Moura Oliveira,201,,10.1016/j.neunet.2026.108958,https://doi.org/10.1016/j.neunet.2026.108958,article,Neural Networks,https://openalex.org/W7152678263
Neural Networks,Elsevier,2026,2026-04-10,CC-Net: A cross-hierarchical context-aware network for medical image segmentation,Xiaoyan Zhang; Zheng Zhao; Weiqiang Sun; Yongqin Zhang; Chunlin Yu; Xiangfu Meng,201,,10.1016/j.neunet.2026.108950,https://doi.org/10.1016/j.neunet.2026.108950,article,Neural Networks,https://openalex.org/W7153118513
Neural Networks,Elsevier,2026,2026-04-10,"Dual-center RAPID-LSSVM: Radius-adaptive, probability and imbalance driven weighting for Alzheimer’s diagnosis",Mushir Akhtar; Abdul Quadir Md; M. Tanveer; Mohd Anuar Arshad,202,,10.1016/j.neunet.2026.108956,https://doi.org/10.1016/j.neunet.2026.108956,article,Neural Networks,https://openalex.org/W7153213156
Neural Networks,Elsevier,2026,2026-04-10,Dynamic event-triggered optimized control for nonlinear multi-agent systems via reinforcement learning,Xiaoli Ruan; Shaowei Liang; Tao Peng; Ailong Wu; Ze Tang; Jianwen Feng,201,,10.1016/j.neunet.2026.108976,https://doi.org/10.1016/j.neunet.2026.108976,article,Neural Networks,https://openalex.org/W7153272453
Neural Networks,Elsevier,2026,2026-04-10,JSPR-Net: A Jacobian-stabilized physics-informed residual neural network for breast cancer detection and fractional-order disease progression modeling,Vetrivel Muthupandi; Arul Joseph Gnanaprakasam; Pandit Vivek Kumar Pandey,201,,10.1016/j.neunet.2026.108944,https://doi.org/10.1016/j.neunet.2026.108944,article,Neural Networks,https://openalex.org/W7153224221
Neural Networks,Elsevier,2026,2026-04-10,Multi-scale pyramid fusion with overlap density attention module for crowd counting,Avinash Rohra; Baoqun Yin; Aakash Kumar; Ajeet Kumar Bhatia; Hazrat Bilal; Yanzhe Wang; Munawar Ali,201,,10.1016/j.neunet.2026.108983,https://doi.org/10.1016/j.neunet.2026.108983,article,Neural Networks,https://openalex.org/W7153025154
Neural Networks,Elsevier,2026,2026-04-10,Randomized forward mode gradient for spiking neural networks in scientific machine learning,Ruyin Wan; Qian Zhang; George Em Karniadakis,201,,10.1016/j.neunet.2026.108978,https://doi.org/10.1016/j.neunet.2026.108978,article,Neural Networks,https://openalex.org/W4404402294
Neural Networks,Elsevier,2026,2026-04-11,Causal discovery by continuous optimization with weighted superstructure,Mingjie Chen; Yewei Xia; Hao Zhang; Ruxin Wang; Yuzhong Peng; Jihong Guan; Shubo Zhou,201,,10.1016/j.neunet.2026.108974,https://doi.org/10.1016/j.neunet.2026.108974,article,Neural Networks,https://openalex.org/W7153470292
Neural Networks,Elsevier,2026,2026-04-11,Consistency guided multiple plane image construction for novel view synthesis,Yichang Lv; Shuo Zhang; Jiajun Chen; Chen Gao; Youfang Lin,201,,10.1016/j.neunet.2026.108955,https://doi.org/10.1016/j.neunet.2026.108955,article,Neural Networks,https://openalex.org/W4415219691
Neural Networks,Elsevier,2026,2026-04-11,Multi-source domain open-set deep transfer adversarial network for operating performance assessment,Yan Liu; Lulu Fu; Yulu Xiong; Siqi Wang; Fei Chu; Chenhui Bao; Fuli Wang,201,,10.1016/j.neunet.2026.108981,https://doi.org/10.1016/j.neunet.2026.108981,article,Neural Networks,https://openalex.org/W7153433408
Neural Networks,Elsevier,2026,2026-04-11,SDCA: Towards semantic-guided dual camouflage for deceiving human eyes and object detectors,Haoqin Yuan; Xianyi Chen; Qi Cui; Fazhan Liu; Zhangjie Fu,201,,10.1016/j.neunet.2026.108946,https://doi.org/10.1016/j.neunet.2026.108946,article,Neural Networks,https://openalex.org/W4411274616
Neural Networks,Elsevier,2026,2026-04-12,UDD: Unsupervised denoising diffusion for noisy multi-focus image fusion,Pudu Liu; Wei‐Yang Lu; Jiajun Su; Simin Zhan; Jianqing Zhu; Huanqiang Zeng,202,,10.1016/j.neunet.2026.108933,https://doi.org/10.1016/j.neunet.2026.108933,article,Neural Networks,https://openalex.org/W4410734211
Neural Networks,Elsevier,2026,2026-04-12,V-Sparse: From temporal-spatial visual semantic compression to coarse-to-fine interaction for text-video retrieval,Xin Liu; Shibai Yin; Jun Wang; Wei Li; Xingyang Wang; Jiaxin Zhu; Yubing Shen; Yee-Hong Yang,201,,10.1016/j.neunet.2026.108982,https://doi.org/10.1016/j.neunet.2026.108982,article,Neural Networks,https://openalex.org/W7153866319
Neural Networks,Elsevier,2026,2026-04-13,Generalized robust loss function driven learning framework for pattern recognition,Jun Ma; Fa Wang,201,,10.1016/j.neunet.2026.108945,https://doi.org/10.1016/j.neunet.2026.108945,article,Neural Networks,https://openalex.org/W7154069613
Neural Networks,Elsevier,2026,2026-04-13,MEDiT: A mask-enhanced diffusion transformer model for fetal heart rate signal generation,Yefei Zhang; Junhao Hu; Pengfei Jiao; Yanjun Deng; Yuehua Chen; Zhidong Zhao,201,,10.1016/j.neunet.2026.108961,https://doi.org/10.1016/j.neunet.2026.108961,article,Neural Networks,https://openalex.org/W7154019807
Neural Networks,Elsevier,2026,2026-04-13,Neural network pruning and simultaneous feature and structure selection,Xinyue Zhang; Hong Gu; Toby Kenney,201,,10.1016/j.neunet.2026.108977,https://doi.org/10.1016/j.neunet.2026.108977,article,Neural Networks,https://openalex.org/W4412402644
Neural Networks,Elsevier,2026,2026-04-14,Effectiveness of static text adversarial methods on continuously updating models,Zihao Yu; Jun Sun; Qidong Chen; Vasile Palade,201,,10.1016/j.neunet.2026.108959,https://doi.org/10.1016/j.neunet.2026.108959,article,Neural Networks,https://openalex.org/W7154235370
Neural Networks,Elsevier,2026,2026-04-15,Aligning large language models across the lifecycle: A survey on safety-usability trade-offs from pre-training to post-training,Zhiqiang Hao; Hongming Fei; Chang Liu; Xiao Fu; Bin Luo,202,,10.1016/j.neunet.2026.108996,https://doi.org/10.1016/j.neunet.2026.108996,article,Neural Networks,https://openalex.org/W7154466410
Neural Networks,Elsevier,2026,2026-04-15,Attribute affinity coordination debiasing for generalized zero-shot learning,Cheng Qin; Zhiquan He,202,,10.1016/j.neunet.2026.108999,https://doi.org/10.1016/j.neunet.2026.108999,article,Neural Networks,https://openalex.org/W4414408403
Neural Networks,Elsevier,2026,2026-04-15,DSTFGCN: A dynamic spatial-temporal fusion graph convolution network for traffic flow forecasting,Tianyi Pan; Xinyuan Zhou; Shiyong Lan; Wenwu Wang; Hongyu Yang; Zheng Li; Zhiang Hou; Yao Ren,201,,10.1016/j.neunet.2026.108989,https://doi.org/10.1016/j.neunet.2026.108989,article,Neural Networks,https://openalex.org/W7154487057
Neural Networks,Elsevier,2026,2026-04-15,Deep generative framework for modeling single-cell drug perturbation response,Yongqing Zhang; Chenpeng Wu; Tianhao Li; Zhigan Zhou; Zongmei Huang; Aochen Zhang; Zixuan Wang,202,,10.1016/j.neunet.2026.109005,https://doi.org/10.1016/j.neunet.2026.109005,article,Neural Networks,https://openalex.org/W7154474908
Neural Networks,Elsevier,2026,2026-04-15,FDPMambaFuse: A frequency-domain and parallel Mamba-based model for multimodal medical image fusion,Baiya Li; Boheng Zhang; Liu Yang; Haorui Huang; Cailing Lin; Rui Li Fan; Mingjian Sun,202,,10.1016/j.neunet.2026.108994,https://doi.org/10.1016/j.neunet.2026.108994,article,Neural Networks,https://openalex.org/W4413317703
Neural Networks,Elsevier,2026,2026-04-15,Hierarchical memory-based deep reinforcement learning in simulated survival environments,Yuhu Cheng; Y Q Zhang; C. L. Philip Chen; Xuesong Wang,201,,10.1016/j.neunet.2026.108987,https://doi.org/10.1016/j.neunet.2026.108987,article,Neural Networks,https://openalex.org/W7154532879
Neural Networks,Elsevier,2026,2026-04-15,IRAW: Novel invisible and robust adversarial watermark perturbations for digital image protection,Jinchao Liang; Yangcheng Chen; Shuwu Chen; Xiaolong Liu,201,,10.1016/j.neunet.2026.109011,https://doi.org/10.1016/j.neunet.2026.109011,article,Neural Networks,https://openalex.org/W7154470139
Neural Networks,Elsevier,2026,2026-04-15,Multi-neurotransmitter synergistically regulated basal ganglia reinforcement learning model,Si-Ping Zhang; Wei-Guo Jiang; Xu Deng; Yi-Hao Gu; Nan Yao; Xiao-Long Liang; Zi-Gang Huang,202,,10.1016/j.neunet.2026.108941,https://doi.org/10.1016/j.neunet.2026.108941,article,Neural Networks,https://openalex.org/W7154484995
Neural Networks,Elsevier,2026,2026-04-15,MultiTabPFN: Codebook-based extensions of TabPFN for high-class-count tabular classification,Kyungeun Lee,202,,10.1016/j.neunet.2026.108932,https://doi.org/10.1016/j.neunet.2026.108932,article,Neural Networks,https://openalex.org/W7154455752
Neural Networks,Elsevier,2026,2026-04-15,NEU: Continuous-time memory evolution for temporal interaction graph networks,Yang Meng; Ying Liu,201,,10.1016/j.neunet.2026.108998,https://doi.org/10.1016/j.neunet.2026.108998,article,Neural Networks,https://openalex.org/W7154513150
Neural Networks,Elsevier,2026,2026-04-16,A text-guided cross-hierarchical fusion and multi-task learning framework for multimodal sentiment analysis,Minghui Zhu; Yushan Pan; Nan Xiang; Zuhe Li; Di Wu; Zhiyang Zhao; Yuanping Xu; Zhijie Xu,202,,10.1016/j.neunet.2026.108995,https://doi.org/10.1016/j.neunet.2026.108995,article,Neural Networks,https://openalex.org/W7154591973
Neural Networks,Elsevier,2026,2026-04-16,Cognitive prototype learning: Towards self-supervised and semantic-aware few-shot open-set sound recognition,Yanmei Jiang; Xiong Li; Chaohong Yang,202,,10.1016/j.neunet.2026.109008,https://doi.org/10.1016/j.neunet.2026.109008,article,Neural Networks,https://openalex.org/W7154619968
Neural Networks,Elsevier,2026,2026-04-16,Graph contrastive learning with virtual nodes for few-shot semi-supervised classification,Yang-Geng Fu; Pan Liu; Zuhao Xu; Yuxi Lin; Li Tang,202,,10.1016/j.neunet.2026.109012,https://doi.org/10.1016/j.neunet.2026.109012,article,Neural Networks,https://openalex.org/W7154590857
Neural Networks,Elsevier,2026,2026-04-16,HC-GLAD: Dual hyperbolic contrastive learning for unsupervised graph-level anomaly detection,Yali Fu; Jindong Li; Jiahong Liu; Qianli Xing; Yanyan Wang; Irwin King,202,,10.1016/j.neunet.2026.109009,https://doi.org/10.1016/j.neunet.2026.109009,article,Neural Networks,https://openalex.org/W4400374198
Neural Networks,Elsevier,2026,2026-04-16,PeriodPatch: A frequency-aware modular framework with patch-based embedding and periodic bias for multivariate time series forecasting,Hongxing Peng; Shuxia Jiang; Jianji Ren; Haiqing Liu; Yongliang Yuan; Yun Xin; Yunfeng Chen,202,,10.1016/j.neunet.2026.108979,https://doi.org/10.1016/j.neunet.2026.108979,article,Neural Networks,https://openalex.org/W7154586414
Neural Networks,Elsevier,2026,2026-04-16,Revisiting deep information propagation: Fractal frontier and finite-size effects,Giuseppe Alessio D’Inverno; Zhiyuan Hu; Leo Davy; Michael Unser; Gianluigi Rozza; J. Dong,202,,10.1016/j.neunet.2026.109013,https://doi.org/10.1016/j.neunet.2026.109013,article,Neural Networks,https://openalex.org/W7154608503
Neural Networks,Elsevier,2026,2026-04-16,Task-driven infrared and visible image fusion via detail and semantic dual injection,Kai Zhang; Peng Zhang; Ludan Sun; Feng Zhang; Wenbo Wan; Jiande Sun,202,,10.1016/j.neunet.2026.109003,https://doi.org/10.1016/j.neunet.2026.109003,article,Neural Networks,https://openalex.org/W7154564752
Neural Networks,Elsevier,2026,2026-04-17,A predefined-time neurodynamic model for solving absolute value equation,Xin-Mei Lv; Shu-Xin Miao,202,,10.1016/j.neunet.2026.109010,https://doi.org/10.1016/j.neunet.2026.109010,article,Neural Networks,https://openalex.org/W7154747907
Neural Networks,Elsevier,2026,2026-04-17,CURRENT EVENTS,,199,,10.1016/s0893-6080(26)00431-4,https://doi.org/10.1016/s0893-6080(26)00431-4,article,Neural Networks,https://openalex.org/W7154734695
Neural Networks,Elsevier,2026,2026-04-17,Editorial Board,,199,,10.1016/s0893-6080(26)00427-2,https://doi.org/10.1016/s0893-6080(26)00427-2,paratext,Neural Networks,https://openalex.org/W7154710505
Neural Networks,Elsevier,2026,2026-04-17,INN/ENNS/JNNS - Membership Applic. Form,,199,,10.1016/s0893-6080(26)00432-6,https://doi.org/10.1016/s0893-6080(26)00432-6,article,Neural Networks,https://openalex.org/W7154704374
Neural Networks,Elsevier,2026,2026-04-17,MDM: Modality decoupling for visible and infrared Mamba-based object detection,Y Zhang; Lin Chai,202,,10.1016/j.neunet.2026.108988,https://doi.org/10.1016/j.neunet.2026.108988,article,Neural Networks,https://openalex.org/W7154730232
Neural Networks,Elsevier,2026,2026-04-17,PDGCN: A progressive dual-branch graph convolution network for EEG emotion recognition,Lina Qiu; Minjin Wu; You Hu; Baiqiang Long; Tianjian Chen; Jiahui Pan,202,,10.1016/j.neunet.2026.109016,https://doi.org/10.1016/j.neunet.2026.109016,article,Neural Networks,https://openalex.org/W7154716982
Neural Networks,Elsevier,2026,2026-04-17,Self-supervised semantic graph propagation for multi-view clustering,Jiongzhi Qiu; Y Ye; Liang Peng; Dan Yang; Jiajun Xian; Man-Fai Leung; Hangjun Che; Cheng Liu,202,,10.1016/j.neunet.2026.108973,https://doi.org/10.1016/j.neunet.2026.108973,article,Neural Networks,https://openalex.org/W7154694161
Neural Networks,Elsevier,2026,2026-04-17,Topology structure optimization of reservoirs using GLMY homology,Yu Chen; Sheng‐Wei Wang; Hongwei Lin,202,,10.1016/j.neunet.2026.109004,https://doi.org/10.1016/j.neunet.2026.109004,article,Neural Networks,https://openalex.org/W4415088652
Neural Networks,Elsevier,2026,2026-04-18,Cross-modal transformer fusion via local sampling for drone RGB-infrared object detection,He Qi; Xuanyu Xiang; Hui Qin; Yuan Tai; Yihua Tan,202,,10.1016/j.neunet.2026.108997,https://doi.org/10.1016/j.neunet.2026.108997,article,Neural Networks,https://openalex.org/W7154843868
Neural Networks,Elsevier,2026,2026-04-18,Discriminative region learning for point cloud-based place recognition,Hang Yang; Le Hui; Yun Zhu; Jianjun Qian; Yigong Zhang; Jin Xie,202,,10.1016/j.neunet.2026.109001,https://doi.org/10.1016/j.neunet.2026.109001,article,Neural Networks,https://openalex.org/W7154834092
Neural Networks,Elsevier,2026,2026-04-18,FIT: Enhancing multimodal knowledge graph completion via fine-grained interaction and TriConvTransformer,Jingbin Wang; Zhibo Zheng; Yuhong Deng; Zeyuan Lin; Jinsong Lai; Jinfan Yuan; Kun Guo,202,,10.1016/j.neunet.2026.109000,https://doi.org/10.1016/j.neunet.2026.109000,article,Neural Networks,https://openalex.org/W7154831395
Neural Networks,Elsevier,2026,2026-04-18,GeoMAE : Masking representation learning for spatio-temporal graph forecasting with missing values,Songyu Ke; Chenyu Wu; Yuxuan Liang; Huiling Qin; Junbo Zhang; Yu Zheng,202,,10.1016/j.neunet.2026.108986,https://doi.org/10.1016/j.neunet.2026.108986,article,Neural Networks,https://openalex.org/W4415238233
Neural Networks,Elsevier,2026,2026-04-18,SACI framework-based fixed-time learning control for nonlinear systems with asymmetric constraints,Jinshan Bian; Hongbing Xia; Chaoxu Mu; Chenyi Si,202,,10.1016/j.neunet.2026.109015,https://doi.org/10.1016/j.neunet.2026.109015,article,Neural Networks,https://openalex.org/W7154834279
Neural Networks,Elsevier,2026,2026-04-19,KG -augmented executable CoT for mathematical coding,Xingyu Chen; Junxiu An; Jun Guo; Li Wang; Jingcai Guo,202,,10.1016/j.neunet.2026.109006,https://doi.org/10.1016/j.neunet.2026.109006,article,Neural Networks,https://openalex.org/W7154909736
Neural Networks,Elsevier,2026,2026-04-19,Toward theoretical insights into diffusion trajectory distillation via operator merging,Weiguo Gao; Ming Li,202,,10.1016/j.neunet.2026.109023,https://doi.org/10.1016/j.neunet.2026.109023,article,Neural Networks,https://openalex.org/W4416446064
Neural Networks,Elsevier,2026,2026-04-21,DeCAF: Decentralized consensus-and-factorization for low-rank adaptation of foundation models,Nastaran Saadati; Zhanhong Jiang; Joshua R. Waite; Shreyan Ganguly; Aditya Balu; Chinmay D Hegde; Soumik Sarkar,202,,10.1016/j.neunet.2026.108992,https://doi.org/10.1016/j.neunet.2026.108992,article,Neural Networks,https://openalex.org/W4415037507
Neural Networks,Elsevier,2026,2026-04-21,Spike-hammer: An efficient spike-driven hybrid architecture for multi-modal emotion recognition with physiological signals,Siyu Zhu; Haisheng Fu; Yuchen Zou; Guohe Zhang; Jie Liang,202,,10.1016/j.neunet.2026.109022,https://doi.org/10.1016/j.neunet.2026.109022,article,Neural Networks,https://openalex.org/W7155075218
Neural Networks,Elsevier,2026,2026-04-21,ViSymRe: Vision multimodal symbolic regression,Da Li; Junping Yin; Jin Wu Xu; Xinxin Li; Juan Zhang,202,,10.1016/j.neunet.2026.109017,https://doi.org/10.1016/j.neunet.2026.109017,article,Neural Networks,https://openalex.org/W4405469617
Neural Networks,Elsevier,2026,2026-04-22,A multi-scale patch transformer for cross-sequence forecasting: Application to EMG-respiration prediction,Zilin Chen; Lei Zhang; Jiaqiang Chen; Linfeng Li; Jianwei Zhang,202,,10.1016/j.neunet.2026.109029,https://doi.org/10.1016/j.neunet.2026.109029,article,Neural Networks,https://openalex.org/W7155215565
Neural Networks,Elsevier,2026,2026-04-22,Curriculum reinforcement learning with measurable task representation learning,Yongyan Wen; Siyuan Li; Mingjian Fu; Yiqin Yang; Xun Wang; Peng Liu,202,,10.1016/j.neunet.2026.109019,https://doi.org/10.1016/j.neunet.2026.109019,article,Neural Networks,https://openalex.org/W7155159209
Neural Networks,Elsevier,2026,2026-04-22,Discriminative and noise-robust embedding for zero-shot learning,Yu Lei; Cheng Deng; Yu Duan; Quanxue Gao; Junping Wang,202,,10.1016/j.neunet.2026.109007,https://doi.org/10.1016/j.neunet.2026.109007,article,Neural Networks,https://openalex.org/W7155186317
Neural Networks,Elsevier,2026,2026-04-22,Handling uncertainty in portfolio optimization: A neutrosophic logic adaptive neural network solver for quadratic programming,Rubayyi T. Alqahtani; Theodore E. Simos; Spyridon D. Mourtas; Vasilios N. Katsikis,202,,10.1016/j.neunet.2026.109026,https://doi.org/10.1016/j.neunet.2026.109026,article,Neural Networks,https://openalex.org/W7155193900
Neural Networks,Elsevier,2026,2026-04-22,Knowledge-enhanced multi-task learning via prompt LLM for financial news recommendation,Xiaoming Pan; Shaobo Sun; Shuang Qi; Jun Gao,202,,10.1016/j.neunet.2026.109030,https://doi.org/10.1016/j.neunet.2026.109030,article,Neural Networks,https://openalex.org/W7155185124
Neural Networks,Elsevier,2026,2026-04-22,Quaternion-based CNN for heart rate prediction from PPG,Junghwan Lee; Youngshin Kang; 남유상; Hyuntae Lee; Danilo P. Mandic; Cheolsoo Park,202,,10.1016/j.neunet.2026.108993,https://doi.org/10.1016/j.neunet.2026.108993,article,Neural Networks,https://openalex.org/W7155175391
Neural Networks,Elsevier,2026,2026-04-22,Urban scene reconstruction using Geometry-aware Gaussian primitives,Xuepu Zeng; Jinlong Fan; Zhekang Dong; Jing Zhang; Yuxiang Yang,202,,10.1016/j.neunet.2026.108990,https://doi.org/10.1016/j.neunet.2026.108990,article,Neural Networks,https://openalex.org/W7155166205
Neural Networks,Elsevier,2026,2026-04-23,Closed-loop correction reprogramming for fine-grained visual prompting,Xi Zhang; Yuan Liao; Siqi Cai; Mingrui Lao; Haizhou Li,202,,10.1016/j.neunet.2026.108991,https://doi.org/10.1016/j.neunet.2026.108991,article,Neural Networks,https://openalex.org/W7155392835
Neural Networks,Elsevier,2026,2026-04-23,Differential feature guidance and compressed cost volume for large disparity stereo network,Xiaoyang Zhao; Zhuo Wang; Zhongchao Deng; Hongde Qin; Zhongben Zhu,202,,10.1016/j.neunet.2026.109028,https://doi.org/10.1016/j.neunet.2026.109028,article,Neural Networks,https://openalex.org/W7155373934
Neural Networks,Elsevier,2026,2026-04-23,Hybrid graph attention learning with pseudo-label guided adaptive evolution,Jinlu Wang; Yanfeng Sun; Junbin Gao; Shaofan Wang; Q Zhang; Yi Yang; Baocai Yin; Jipeng Guo,202,,10.1016/j.neunet.2026.109025,https://doi.org/10.1016/j.neunet.2026.109025,article,Neural Networks,https://openalex.org/W7155422277
Neural Networks,Elsevier,2026,2026-04-23,Self-supervised multi-scale cloud workload prediction with time series data augmentation,Chunmao Jiang; Wei Wu; Zhong Qiaoping,202,,10.1016/j.neunet.2026.109034,https://doi.org/10.1016/j.neunet.2026.109034,article,Neural Networks,https://openalex.org/W7155412974
Neural Networks,Elsevier,2026,2026-04-23,SynerNet: Broad-to-precise CAM synergy for weakly supervised semantic segmentation,Zhonggai Wang; Guangyu Gao; Zhuoshu Li; A. K. Qin,202,,10.1016/j.neunet.2026.109024,https://doi.org/10.1016/j.neunet.2026.109024,article,Neural Networks,https://openalex.org/W7155428190
Neural Networks,Elsevier,2026,2026-04-23,Tool retrieval bridge: Aligning vague instructions with retriever preferences via bridge model,Kunfeng Chen; Luyao Zhuang; Fei Liao; Juhua Liu; Jian Wang; Bo Du,202,,10.1016/j.neunet.2026.109037,https://doi.org/10.1016/j.neunet.2026.109037,article,Neural Networks,https://openalex.org/W7155407534
Neural Networks,Elsevier,2026,2026-04-23,Towards few-shot deepfake detection with an enhanced CLIP model,Yumin Yang; Xueyi Zhang; Bo Yan; Yanming Guo,202,,10.1016/j.neunet.2026.109027,https://doi.org/10.1016/j.neunet.2026.109027,article,Neural Networks,https://openalex.org/W7155367166
Neural Networks,Elsevier,2026,2026-04-24,Finite/fixed-time synchronization of complex-valued switched coupled neural networks via unified control strategy,Fanghai Zhang; Y Zhou; Hao Tang; Tingwen Huang; Zhigang Zeng,202,,10.1016/j.neunet.2026.109038,https://doi.org/10.1016/j.neunet.2026.109038,article,Neural Networks,https://openalex.org/W7155531981
Neural Networks,Elsevier,2026,2026-04-24,Sinc Kolmogorov-Arnold network and its application for solving PDEs with singularities,Tianchi Yu; Jingwei Qiu; Yang Jiang; Ivan Valer'evich Oseledets,202,,10.1016/j.neunet.2026.109033,https://doi.org/10.1016/j.neunet.2026.109033,article,Neural Networks,https://openalex.org/W4403936409
Neural Networks,Elsevier,2026,2026-04-25,Multi-particle neural operator transformer for solving partial differential equations,Shengjun Liu; Yu Yu; Chenxiang Fan; Ting Zhang; Hanchao Liu; Xinru Liu,202,,10.1016/j.neunet.2026.109040,https://doi.org/10.1016/j.neunet.2026.109040,article,Neural Networks,https://openalex.org/W7155599753
Neural Networks,Elsevier,2026,2026-04-25,Optimizing speculative decoding via dynamic multi-path and dual-stream networks,Yong Yang; Ting Yang; Shao Shuai Gao; Jia Hong Ning; Ling Zheng Kong,202,,10.1016/j.neunet.2026.109014,https://doi.org/10.1016/j.neunet.2026.109014,article,Neural Networks,https://openalex.org/W7155607794
Neural Networks,Elsevier,2026,2026-04-25,TWT: Textual white-box transformer for natural language understanding,Shu-Xun Yang; Yanzhe Zhou,202,,10.1016/j.neunet.2026.109035,https://doi.org/10.1016/j.neunet.2026.109035,article,Neural Networks,https://openalex.org/W7155627533
Neural Networks,Elsevier,2026,2026-04-26,A quantifier-reversal approximation paradigm for recurrent neural networks,Clemens Hutter; Valentin Abadie; Helmut Bölcskei,202,,10.1016/j.neunet.2026.109018,https://doi.org/10.1016/j.neunet.2026.109018,article,Neural Networks,https://openalex.org/W7155722102
Neural Networks,Elsevier,2026,2026-04-26,Integrating orthogonal supervision for sparse semi-supervised 3D medical image segmentation,Suruchi Kumari; Pravendra Pratap Singh,202,,10.1016/j.neunet.2026.109039,https://doi.org/10.1016/j.neunet.2026.109039,article,Neural Networks,https://openalex.org/W7155685332
Neural Networks,Elsevier,2026,2026-04-27,AIIT: An adjustable integration adversarial attack based on image transformation,郭雨浓; Yang Wu; Jing Liu,202,,10.1016/j.neunet.2026.109032,https://doi.org/10.1016/j.neunet.2026.109032,article,Neural Networks,https://openalex.org/W7155939157
Neural Networks,Elsevier,2026,2026-04-27,Contrastive diffusion model for exploring mathematical expressions from data,Canmiao Zhou; Huang Han; Xueming Yan; Zhifeng Hao; Chunguo Wu,202,,10.1016/j.neunet.2026.109041,https://doi.org/10.1016/j.neunet.2026.109041,article,Neural Networks,https://openalex.org/W7155926267
Neural Networks,Elsevier,2026,2026-04-27,Coupled gradient-evolutionary learning in sparse memristive neuromorphic networks for robust edge intelligence,Yangboyu Liu; Zilu Wang; Zibo Chen; Kai Lin; Hongyu Xu; Sen Zhang; Xiaoping Wang; Zhigang Zeng,202,,10.1016/j.neunet.2026.109043,https://doi.org/10.1016/j.neunet.2026.109043,article,Neural Networks,https://openalex.org/W7156254799
Neural Networks,Elsevier,2026,2026-04-30,Biologically inspired spiking diffusion model with adaptive lateral selection mechanism,Linghao Feng; Dongcheng Zhao; Sicheng Shen; Yi Zeng,202,,10.1016/j.neunet.2026.109045,https://doi.org/10.1016/j.neunet.2026.109045,article,Neural Networks,https://openalex.org/W4416413469
Neural Networks,Elsevier,2026,2026-04-30,Contrastive graph clustering with Structure-Robust learning and stable prototype guidance,丁元富; Xiufang Xu; Sen Xu; Xuesheng Bian; Shanliang Yao; Naixuan Guo; Wei Wang; Tian Zhou; Yuyang Shen,202,,10.1016/j.neunet.2026.109056,https://doi.org/10.1016/j.neunet.2026.109056,article,Neural Networks,https://openalex.org/W7160111968
Neural Networks,Elsevier,2026,2026-04-30,Delving into the adversarial robustness of semantic segmentation with decision-based black-box attacks,zhaoyu Chen; Zhengyang Shan; Jingwen Chang; Kaixun Jiang; Dingkang Yang; Yiting Cheng; Jinglun Li; Wenqiang Zhang,202,,10.1016/j.neunet.2026.109020,https://doi.org/10.1016/j.neunet.2026.109020,article,Neural Networks,https://openalex.org/W7160176004
Neural Networks,Elsevier,2026,2026-04-30,FRE-GAN : Full-resolution efficient convolutional generative adversarial network for retinal vessel segmentation,Yu‐Feng Yu; Hong Yi; Jianjun Xu; Weiping Ding; Chuanbin Zhang,202,,10.1016/j.neunet.2026.109044,https://doi.org/10.1016/j.neunet.2026.109044,article,Neural Networks,https://openalex.org/W7160030867
Neural Networks,Elsevier,2026,2026-04-30,Hypergraph multi-modal learning for EEG-based emotion recognition in conversation,Zijian Kang; Yueyang Li; Shengyu Gong; Weiming Zeng; Hongjie Yan; Lingbin Bian; Zhiguo Zhang; Wai Ting Siok; Nizhuan Wang,202,,10.1016/j.neunet.2026.109057,https://doi.org/10.1016/j.neunet.2026.109057,article,Neural Networks,https://openalex.org/W7160206463
Neural Networks,Elsevier,2026,2026-04-30,LLM-driven human-AI collaborative decision support system for complex industrial processes: A case study in metallurgy,Youcheng Zong; Runda Jia; Kang Li; Dazhan Xue; Liqiang Zhang; Dakuo He,202,,10.1016/j.neunet.2026.109055,https://doi.org/10.1016/j.neunet.2026.109055,article,Neural Networks,https://openalex.org/W7160045245
Neural Networks,Elsevier,2026,2026-04-30,Non-target divergence hypothesis: Toward understanding modality differences in cross-modal knowledge distillation,Yilong Chen; Zongyi Xu; Xiaoshui Huang; Shanshan Zhao; Xinbo Gao,202,,10.1016/j.neunet.2026.109050,https://doi.org/10.1016/j.neunet.2026.109050,article,Neural Networks,https://openalex.org/W7160055044
Neural Networks,Elsevier,2026,2026-04-30,Not all regions are equal: Spatially adaptive representation learning for efficient visual object tracking,Zicheng Zhang; Shan Lin; Hongke Xu; Zhanwen Liu; Dejun Li; Longguang Wang,202,,10.1016/j.neunet.2026.109052,https://doi.org/10.1016/j.neunet.2026.109052,article,Neural Networks,https://openalex.org/W4411713905
Neural Networks,Elsevier,2026,2026-04-30,ProMA-Net: MR–TRUS prostate registration via a dual-stream Swin Transformer-based network with mixed attention,JunXi Kang; Bowen Zheng; Yang Guo; Xinyan Li; Jie Tao; Yujia Zhou; Qiang Wei; Qianjin Feng; Renquan Lu,202,,10.1016/j.neunet.2026.109042,https://doi.org/10.1016/j.neunet.2026.109042,article,Neural Networks,https://openalex.org/W7160056645
Neural Networks,Elsevier,2026,2026-04-30,Probingformer: Modeling cross-dimension dependencies via pretraining–probing for long-term time series forecasting,Beijin Zhou; Jiang-Wen Xiao; Yan‐Wu Wang; Tianhao Lu,202,,10.1016/j.neunet.2026.109059,https://doi.org/10.1016/j.neunet.2026.109059,article,Neural Networks,https://openalex.org/W7160188095
Neural Networks,Elsevier,2026,2026-04-30,Quantum-inspired interpretable deep learning architecture for text sentiment analysis,Bingyu Li; Da Zhang; Zhiyuan Zhao; Yuan Yuan; Junyu Gao; Xuelong Li,202,,10.1016/j.neunet.2026.109053,https://doi.org/10.1016/j.neunet.2026.109053,article,Neural Networks,https://openalex.org/W4402576568
Neural Networks,Elsevier,2026,2026-04-30,Real-time soybean pest detection system integrating UAV and Jetson based on improved YOLO,Weixing Zhang; Minlan Jiang; Shupeng Gao; Weifeng Gao; Mohammed A.A. Al-qaness,202,,10.1016/j.neunet.2026.109051,https://doi.org/10.1016/j.neunet.2026.109051,article,Neural Networks,https://openalex.org/W7160162775
Neural Networks,Elsevier,2026,2026-04-30,Semantic clustering under resource constraints via Bayesian low-rank adaptation,虞敏达; Xulun Ye,202,,10.1016/j.neunet.2026.109021,https://doi.org/10.1016/j.neunet.2026.109021,article,Neural Networks,https://openalex.org/W7160094677
Neural Networks,Elsevier,2026,2026-04-30,TDP-DETR: Temporal dynamics perception framework for video moment retrieval and highlight detection,Huilin An; Zefan Zhang; Shijie Jiang; Kehua Zhu; Tian Bai,202,,10.1016/j.neunet.2026.109063,https://doi.org/10.1016/j.neunet.2026.109063,article,Neural Networks,https://openalex.org/W7160140871
Neural Networks,Elsevier,2026,2026-04-30,Weighted neural network and weighted least square estimators under censorship,Houda Bourezaz; Ilhem Laroussi; Ghania Idiou,202,,10.1016/j.neunet.2026.109036,https://doi.org/10.1016/j.neunet.2026.109036,article,Neural Networks,https://openalex.org/W7160147244
Neural Networks,Elsevier,2026,2026-05-01,Diffusion Models for Hyperspectral Image Analysis: A Comprehensive Review,Xing Hu; Xiangcheng Liu; Qianqian Duan; L X Zhang; Huiliang Shang; Li Jun Jiang; Haima Yang; D Zhang,,,10.1016/j.neunet.2026.109109,https://doi.org/10.1016/j.neunet.2026.109109,article,Neural Networks,https://openalex.org/W7162034230
Neural Networks,Elsevier,2026,2026-05-01,Evolving classifiers with background suppression transformer for open-set long-tailed class-incremental remote sensing scene classification,Yu Jin Song; Sichao Fu; Hongquan Xin; Wuli Wang; Peng Ren; Baodi Liu; Weihua Ou; Dapeng Tao,202,,10.1016/j.neunet.2026.109064,https://doi.org/10.1016/j.neunet.2026.109064,article,Neural Networks,https://openalex.org/W4415397797
Neural Networks,Elsevier,2026,2026-05-01,SecReEvalBench: A real-world scenario-based security resilience benchmark for large language models,Huining Cui; Wei Liu,202,,10.1016/j.neunet.2026.109065,https://doi.org/10.1016/j.neunet.2026.109065,article,Neural Networks,https://openalex.org/W7160149524
Neural Networks,Elsevier,2026,2026-05-01,The role of hyperedge overlap in reshaping dynamics of neural networks with higher-order interactions,Yue Qiu; Min Xiao; Yang Liu; Jun Ma; Zheng Gao; Jinling Liang; Haijun Jiang; Tingwen Huang,202,,10.1016/j.neunet.2026.109062,https://doi.org/10.1016/j.neunet.2026.109062,article,Neural Networks,https://openalex.org/W7160172643
Neural Networks,Elsevier,2026,2026-05-02,"Coverage-constrained multi-objective evolutionary recommendation algorithm for balancing accuracy, diversity, and novelty",Guoxiang Tong; Hao Shen; Shixin Liu,202,,10.1016/j.neunet.2026.109047,https://doi.org/10.1016/j.neunet.2026.109047,article,Neural Networks,https://openalex.org/W7160279214
Neural Networks,Elsevier,2026,2026-05-02,MB-GLOM: An attentive GLOM with multi-head projection and bottleneck residual,Hui Yang; Dazhong Mu; Ru Zeng; Yan Song,202,,10.1016/j.neunet.2026.109054,https://doi.org/10.1016/j.neunet.2026.109054,article,Neural Networks,https://openalex.org/W7160441638
Neural Networks,Elsevier,2026,2026-05-04,Learning forward-compatible and domain-invariant representations for cross-domain few-shot class-incremental learning,Weidong Shi; Xudong Yan; Jiazheng Yuan; Hong Lu; Songhe Feng,202,,10.1016/j.neunet.2026.109070,https://doi.org/10.1016/j.neunet.2026.109070,article,Neural Networks,https://openalex.org/W7160334892
Neural Networks,Elsevier,2026,2026-05-05,Global-local uncertainty-contrastive physics-guided inversion network for unsupervised cloud removal,Shiwen Gong; Guanbo Feng; Qiong Liu; Runzhou Li; Hang Sun,202,,10.1016/j.neunet.2026.109046,https://doi.org/10.1016/j.neunet.2026.109046,article,Neural Networks,https://openalex.org/W7160049092
Neural Networks,Elsevier,2026,2026-05-05,Real-time emotion recognition based on EEG signals using a hybrid batch-stream architecture,Mohammad Hosein Houshmand; Boshra Pishgoo,202,,10.1016/j.neunet.2026.109072,https://doi.org/10.1016/j.neunet.2026.109072,article,Neural Networks,https://openalex.org/W7160161009
Neural Networks,Elsevier,2026,2026-05-05,Stability analysis of impulsive systems with impulse-dependent varying delay: A MDI-based looped functional approach,Xujun Yang; Lu Wang; Ju H. Park,202,,10.1016/j.neunet.2026.109068,https://doi.org/10.1016/j.neunet.2026.109068,article,Neural Networks,https://openalex.org/W7160288559
Neural Networks,Elsevier,2026,2026-05-05,Transfer learning strategies for vulnerability detection in software binaries,Abdelkarim Smaili; Meryem Hamidaoui; Weiqiang Kong; Mohamed Zakariya Talhaoui,202,,10.1016/j.neunet.2026.109069,https://doi.org/10.1016/j.neunet.2026.109069,article,Neural Networks,https://openalex.org/W7160343604
Neural Networks,Elsevier,2026,2026-05-07,Object-centric image editing via position-structure guided diffusion,Qi Si; Xiangrui Cheng; Bo Wang; Z Zhang; Mingbo Zhao; Y P Yang; H ZHANG,202,,10.1016/j.neunet.2026.109058,https://doi.org/10.1016/j.neunet.2026.109058,article,Neural Networks,https://openalex.org/W7160542348
Neural Networks,Elsevier,2026,2026-05-08,"A comprehensive review of use cases, misuses, and potential mitigation techniques in generative artificial intelligence",Kalp Patel; Rishi Ajith; Surendrabikram Thapa; Surabhi Adhikari; M. Tanveer; Usman Naseem,202,,10.1016/j.neunet.2026.109073,https://doi.org/10.1016/j.neunet.2026.109073,article,Neural Networks,https://openalex.org/W7160615153
Neural Networks,Elsevier,2026,2026-05-08,GTGCN: A gated temporal-graph coupling network model based on contrastive learning for traffic prediction,Shangcheng Yang; Chong Huang; Kedong Yin; Hongshuo Zhang,202,,10.1016/j.neunet.2026.109060,https://doi.org/10.1016/j.neunet.2026.109060,article,Neural Networks,https://openalex.org/W7160655723
Neural Networks,Elsevier,2026,2026-05-08,VGLD: Visually-guided language disambiguation for monocular depth scale recovery,Bojin Wu; Jing Chen,202,,10.1016/j.neunet.2026.109049,https://doi.org/10.1016/j.neunet.2026.109049,article,Neural Networks,https://openalex.org/W7160600084
Neural Networks,Elsevier,2026,2026-05-09,Are LLMs qualified evaluators and generators of one-liner jokes,Minghua Tang,202,,10.1016/j.neunet.2026.109077,https://doi.org/10.1016/j.neunet.2026.109077,article,Neural Networks,https://openalex.org/W7160701340
Neural Networks,Elsevier,2026,2026-05-09,"CogniSNN: Enabling neuron-expandability, pathway-reusability, and dynamic-configurability in spiking neural networks",Yongsheng Huang; Peibo Duan; Yujie Wu; Kai Sun; Zhipeng Liu; Changsheng Zhang; Bin Zhang; Mingkun Xu,202,,10.1016/j.neunet.2026.109071,https://doi.org/10.1016/j.neunet.2026.109071,article,Neural Networks,https://openalex.org/W7160711351
Neural Networks,Elsevier,2026,2026-05-09,MedSAM-guided geometry-aware 2D-3D feature fusion for medical image registration,Fan Gao; Yuanbo He; Han Jiang; Peng Yu; Siyuan Du; Chenglin Liu; Shuai Li; Aimin Hao,202,,10.1016/j.neunet.2026.109066,https://doi.org/10.1016/j.neunet.2026.109066,article,Neural Networks,https://openalex.org/W7160699656
Neural Networks,Elsevier,2026,2026-05-09,Quadratic effects of linear interpolation between permutation-aligned neural networks,Beatrix Benkő,203,,10.1016/j.neunet.2026.109074,https://doi.org/10.1016/j.neunet.2026.109074,article,Neural Networks,https://openalex.org/W7160709863
Neural Networks,Elsevier,2026,2026-05-09,Reservoir computing for system identification and model predictive control,Jan P. Williams; J. Nathan Kutz; Krithika Manohar,202,,10.1016/j.neunet.2026.109031,https://doi.org/10.1016/j.neunet.2026.109031,article,Neural Networks,https://openalex.org/W7160720491
Neural Networks,Elsevier,2026,2026-05-10,A simultaneous dual watermarking scheme for deep learning models,Dehui Wang; Yingqian Zhang; Shuang Zhou; Yumei Xue,202,,10.1016/j.neunet.2026.109089,https://doi.org/10.1016/j.neunet.2026.109089,article,Neural Networks,https://openalex.org/W7160771889
Neural Networks,Elsevier,2026,2026-05-10,C2F-LGNet: A coarse-to-fine framework with local-global differential modeling for traffic prediction,Wenzheng Liu; Hui Li; Haina Zhang; Shaolong Sun; Wuzhi Xie; Xiaoyan Jia,202,,10.1016/j.neunet.2026.109086,https://doi.org/10.1016/j.neunet.2026.109086,article,Neural Networks,https://openalex.org/W7160776246
Neural Networks,Elsevier,2026,2026-05-10,Dynamic adaptive multi-view contrastive learning for unsupervised person re-identification,Zhi-Hua Li; Xueyan Wang; Si-Bao Chen; Chris H. Q. Ding; Bin Luo,203,,10.1016/j.neunet.2026.109083,https://doi.org/10.1016/j.neunet.2026.109083,article,Neural Networks,https://openalex.org/W7160784781
Neural Networks,Elsevier,2026,2026-05-10,KAB: A knowledge-aligned benchmark for reproducible evaluation of distantly supervised relation extraction,Bowen Liu; Junhang Hu; Yucong Lin; Hong Song; Yaqing Nie; Hongmin Xiao; Zichao Lin; Jingtao Li; Xutao Weng; Zhaoli Su; J. W. Li; Jie Yang,203,,10.1016/j.neunet.2026.109081,https://doi.org/10.1016/j.neunet.2026.109081,article,Neural Networks,https://openalex.org/W7160762712
Neural Networks,Elsevier,2026,2026-05-11,Curiosity-driven cooperation for long-tailed multi-label learning,Canran Xiao; Chuangxin Zhao; Zong Ke; Fei Shen; Fei Shen; Li Shen,202,,10.1016/j.neunet.2026.109075,https://doi.org/10.1016/j.neunet.2026.109075,article,Neural Networks,https://openalex.org/W4416346425
Neural Networks,Elsevier,2026,2026-05-11,MIRA: Multi-scale invertible dual-attention redundancy-aware network for high-capacity video steganography,Qianhui XU; Ke Niu; J Q Li; Shunzhe Zhu; Yihang Lu,202,,10.1016/j.neunet.2026.109090,https://doi.org/10.1016/j.neunet.2026.109090,article,Neural Networks,https://openalex.org/W7160864365
Neural Networks,Elsevier,2026,2026-05-11,Memory-efficient divide-and-conquer attention for lightweight image super-resolution,Rui He; Zhenyang Zhu; Xiaoyang Mao,203,,10.1016/j.neunet.2026.109085,https://doi.org/10.1016/j.neunet.2026.109085,article,Neural Networks,https://openalex.org/W7160875569
Neural Networks,Elsevier,2026,2026-05-11,ProPy : Building interactive and efficient prompt pyramids upon CLIP for partially relevant video retrieval,Yi Pan; Yujia Zhang; Michael Kampffmeyer; Xiaoguang Zhao,202,,10.1016/j.neunet.2026.109092,https://doi.org/10.1016/j.neunet.2026.109092,article,Neural Networks,https://openalex.org/W7160866070
Neural Networks,Elsevier,2026,2026-05-11,STMamba-GC: Spatiotemporal Mamba with graph contrastive learning for next POI recommendation,Yifei Ma; Ze Wang; Xianjie Qiu; Wenlong Liu; Ji Zhang,202,,10.1016/j.neunet.2026.109087,https://doi.org/10.1016/j.neunet.2026.109087,article,Neural Networks,https://openalex.org/W7160859378
Neural Networks,Elsevier,2026,2026-05-11,Unsupervised fine-tuning of vision-language models by fusing classifier tuning and visual prompt tuning,Wenyang Chen; Zhanxuan Hu; Yonghang Tai; Feiping Nie,203,,10.1016/j.neunet.2026.109082,https://doi.org/10.1016/j.neunet.2026.109082,article,Neural Networks,https://openalex.org/W7160854655
Neural Networks,Elsevier,2026,2026-05-11,WA-SAND: Wavelet attention diffusion with spatially adaptive noising for multi-view face generation,Weibo Zhong; Hu Shichao; Wei Lin; Haimei Zhao,202,,10.1016/j.neunet.2026.109048,https://doi.org/10.1016/j.neunet.2026.109048,article,Neural Networks,https://openalex.org/W7160836780
Neural Networks,Elsevier,2026,2026-05-12,A bio-inspired neuromorphic system for fusing visual features and autonomous learning,Mei Guo; Yaoyao Zi; Lixin Liu; Jikang Liu; Qiye Yang; Jingzhi Xu; Gang Dou; Lihua Wang; Da Chen,203,,10.1016/j.neunet.2026.109097,https://doi.org/10.1016/j.neunet.2026.109097,article,Neural Networks,https://openalex.org/W7160827471
Neural Networks,Elsevier,2026,2026-05-12,Adaptive critic designs for event-based multi-agent systems with asymmetric constraints,Wenting Yan; Ding Wang; Xinrui Ma; Junfei Qiao,203,,10.1016/j.neunet.2026.109100,https://doi.org/10.1016/j.neunet.2026.109100,article,Neural Networks,https://openalex.org/W7160832584
Neural Networks,Elsevier,2026,2026-05-12,DDFL: dual defense against poisoning attacks in privacy-preserving federated learning,Cheng Guo; Moyan Tian; Xueguang Li; Hui Sun; Yingmo Jie,203,,10.1016/j.neunet.2026.109095,https://doi.org/10.1016/j.neunet.2026.109095,article,Neural Networks,https://openalex.org/W7160964527
Neural Networks,Elsevier,2026,2026-05-12,Dual-view diffusion for pedestrian trajectory imputation,Pranav Singh Chib; Pravendra Singh,202,,10.1016/j.neunet.2026.109084,https://doi.org/10.1016/j.neunet.2026.109084,article,Neural Networks,https://openalex.org/W7160887111
Neural Networks,Elsevier,2026,2026-05-12,Fed-DiTTab: Diffusion transformer for tabular data generation in federated learning,Yajun Pi; Ming Zheng; Fei Ma,202,,10.1016/j.neunet.2026.109080,https://doi.org/10.1016/j.neunet.2026.109080,article,Neural Networks,https://openalex.org/W4416542377
Neural Networks,Elsevier,2026,2026-05-12,Multi-μ-stability and fixed-time multistability of switched fuzzy neural networks with discontinuous activation functions,Zhenxue Lu; Shiqin Ou; Zhenyuan Guo; Xiaobing Nie; Shiping Wen,203,,10.1016/j.neunet.2026.109101,https://doi.org/10.1016/j.neunet.2026.109101,article,Neural Networks,https://openalex.org/W7160940263
Neural Networks,Elsevier,2026,2026-05-12,Negative prompt-guided optimization: Enhancing soft prompt generalization in vision-language models,Suneung Kim; Seong–Whan Lee,203,,10.1016/j.neunet.2026.109093,https://doi.org/10.1016/j.neunet.2026.109093,article,Neural Networks,https://openalex.org/W4410880644
Neural Networks,Elsevier,2026,2026-05-12,SPD-DANN: An SPD manifold unsupervised domain adaptation method for cross subject motor imagery EEG decoding,Junshi Cheng; Ruisheng Ran; Bin Fang,202,,10.1016/j.neunet.2026.109076,https://doi.org/10.1016/j.neunet.2026.109076,article,Neural Networks,https://openalex.org/W7160909763
Neural Networks,Elsevier,2026,2026-05-12,Scattering center guided mono-static radar cross section prediction,Zehao Tang; Yuxuan Luo; Shuo Zhang; Biao Leng,203,,10.1016/j.neunet.2026.109061,https://doi.org/10.1016/j.neunet.2026.109061,article,Neural Networks,https://openalex.org/W7160912050
Neural Networks,Elsevier,2026,2026-05-12,Unsupervised utility evaluation of text anonymization methods via neural language models,Benet Manzanares-Salor; David Sánchez; Pierre Lison,202,,10.1016/j.neunet.2026.109079,https://doi.org/10.1016/j.neunet.2026.109079,article,Neural Networks,https://openalex.org/W7160872340
Neural Networks,Elsevier,2026,2026-05-12,WEANet: Bridging wavelet inductive bias with network parameter initialization for time series modeling,Chao Yang; Xinwen Zhang; Zihao Li; Yakun Chen; Zhongwen Guo,202,,10.1016/j.neunet.2026.109088,https://doi.org/10.1016/j.neunet.2026.109088,article,Neural Networks,https://openalex.org/W7160873169
Neural Networks,Elsevier,2026,2026-05-12,fastSeizureNet: Accurate and efficient knowledge-data fusion for semi-supervised seizure detection,Jiayu An; Ruimin Peng; Xinyao Yang; Dongrui Wu,202,,10.1016/j.neunet.2026.109078,https://doi.org/10.1016/j.neunet.2026.109078,article,Neural Networks,https://openalex.org/W7160908777
Neural Networks,Elsevier,2026,2026-05-13,VPAF-FSCIL: Virtual prototype calibration and parameter-adaptive freezing for few-shot class-incremental learning,Ye Yao; Junxi Li; Chen Xiong,203,,10.1016/j.neunet.2026.109094,https://doi.org/10.1016/j.neunet.2026.109094,article,Neural Networks,https://openalex.org/W7161004069
Neural Networks,Elsevier,2026,2026-05-14,Cross attention-based prior deformation for category-level 6D pose estimation,Shuai Guo; Yongchao Yang; Lifeng Zhang; Chunge Cao; Yazhou Hu,203,,10.1016/j.neunet.2026.109096,https://doi.org/10.1016/j.neunet.2026.109096,article,Neural Networks,https://openalex.org/W7161191102
Neural Networks,Elsevier,2026,2026-05-14,HIVE: A hypergraph-based game-theoretic interactive value decomposition engine for multi-lateral agents collaboration,Changdong Zhou; Ruofan Hu; Naiyao Wang; Ke Song; Hongbo Liu,203,,10.1016/j.neunet.2026.109103,https://doi.org/10.1016/j.neunet.2026.109103,article,Neural Networks,https://openalex.org/W7161140383
Neural Networks,Elsevier,2026,2026-05-14,MUP-SAM: Multi-scale vision mamba UNet prompt generation for SAM in multi-organ medical image segmentation,Lyuyang Tong; Jingwen Jiang; Bo Du,204,,10.1016/j.neunet.2026.109106,https://doi.org/10.1016/j.neunet.2026.109106,article,Neural Networks,https://openalex.org/W7161137047
Neural Networks,Elsevier,2026,2026-05-14,MaskCtrl: Training mask networks as self-explainable and performant controllers via deep reinforcement learning,Peng Shi; Si Liu; Dapeng Zhi; Peixin Wang; Min Zhang,203,,10.1016/j.neunet.2026.109107,https://doi.org/10.1016/j.neunet.2026.109107,article,Neural Networks,https://openalex.org/W7161176879
Neural Networks,Elsevier,2026,2026-05-14,Unsupervised feature selection via anomaly-aware fuzzy graph fusion and diffusion multi-centroid learning,Zhouqing Yan; Ziping Ma; Jinlin Ma; Huirong Li,203,,10.1016/j.neunet.2026.109108,https://doi.org/10.1016/j.neunet.2026.109108,article,Neural Networks,https://openalex.org/W7161138157
Neural Networks,Elsevier,2026,2026-05-14,Window-to-window BEV representation learning for limited FoV cross-view geo-localization,Lei Cheng; Daikun Liu; Lingquan Meng; Teng Wang; Changyin Sun,203,,10.1016/j.neunet.2026.109099,https://doi.org/10.1016/j.neunet.2026.109099,article,Neural Networks,https://openalex.org/W4400518934
Neural Networks,Elsevier,2026,2026-05-15,Collective reflection-based multi-agent reinforcement learning framework for task-oriented dialogue policy learning,Kai Xu; Zhenyu Wang; Yangyang Zhao; Bopeng Fang,203,,10.1016/j.neunet.2026.109110,https://doi.org/10.1016/j.neunet.2026.109110,article,Neural Networks,https://openalex.org/W7161248187
Neural Networks,Elsevier,2026,2026-05-15,DGVAC: Disentangled Gaussian-vMF alignment for deep clustering,Tangjun Ruan; Nanjun Yu; Shangshang Zhao; Feiyu Chen; Yi Huang,203,,10.1016/j.neunet.2026.109114,https://doi.org/10.1016/j.neunet.2026.109114,article,Neural Networks,https://openalex.org/W7161273342
Neural Networks,Elsevier,2026,2026-05-15,Global-focal adaptation with information separation for noise-robust transfer fault diagnosis,Junyu Ren; Wensheng Gan; Guangyu Zhang; Wei Zhong; Philip S. Yu,203,,10.1016/j.neunet.2026.109112,https://doi.org/10.1016/j.neunet.2026.109112,article,Neural Networks,https://openalex.org/W4415948636
Neural Networks,Elsevier,2026,2026-05-15,Memristor-based reconfigurable architecture for binarized neural networks: Implementation and robustness analysis,X Y Liu; Xu Xie; Banghu Yin; Rusheng Ju,203,,10.1016/j.neunet.2026.109104,https://doi.org/10.1016/j.neunet.2026.109104,article,Neural Networks,https://openalex.org/W7161239024
Neural Networks,Elsevier,2026,2026-05-15,Subgraph-Mamba: Subgraph Mamba model with positional encoding,Denggao Qin; Xianghong Tang; Jianguang Lu; Jie Yang; Philip S. Yu,203,,10.1016/j.neunet.2026.109113,https://doi.org/10.1016/j.neunet.2026.109113,article,Neural Networks,https://openalex.org/W7161271462
Neural Networks,Elsevier,2026,2026-05-15,TextEconomizer: Enhancing lossy text compression with denoising transformers and entropy coding,Mahbub E. Sobhani; Anika Tasnim Rodela; Chowdhury Mofizur Rahman; Dewan Md. Farid; Swakkhar Shatabda,203,,10.1016/j.neunet.2026.109111,https://doi.org/10.1016/j.neunet.2026.109111,article,Neural Networks,https://openalex.org/W7161265111
Neural Networks,Elsevier,2026,2026-05-16,An end-to-end dual backbone framework for UAV fish disease detection using optimized GateHCO feature fusion mechanism,Jiaji Pan; Zehui Liu; Xuanzhi Li; Xianwu Luo; Xianwu Luo; Fengming Huang; Miaolei He; Wei Qin; Yaoyi Cai; Jun Xiao; Yu Li; Hao Feng,203,,10.1016/j.neunet.2026.109140,https://doi.org/10.1016/j.neunet.2026.109140,article,Neural Networks,https://openalex.org/W7161410658
Neural Networks,Elsevier,2026,2026-05-16,Asymmetric drug-drug interaction prediction based on diffusion-augmented graph attention network,Lei Zhang; Fan; id_orcid 0000-0003-2654-6864 Yang; Jie Xia; Kaibiao Lin; Zhaori Guo,203,,10.1016/j.neunet.2026.109134,https://doi.org/10.1016/j.neunet.2026.109134,article,Neural Networks,https://openalex.org/W7161388732
Neural Networks,Elsevier,2026,2026-05-16,Better utilization of illumination prior via KANs for nighttime flare removal,Aoxiang Ning; Minglong Xue; Senming Zhong; Palaiahnakote Shivakumara; Mingliang Zhou,203,,10.1016/j.neunet.2026.109138,https://doi.org/10.1016/j.neunet.2026.109138,article,Neural Networks,https://openalex.org/W7161402453
Neural Networks,Elsevier,2026,2026-05-16,Cross-modal recipe retrieval via multi-granularity alignment,Runqi Zan; Tao Yao; Yuxin Yu; Guorui Sheng; Zongchao Huang,203,,10.1016/j.neunet.2026.109102,https://doi.org/10.1016/j.neunet.2026.109102,article,Neural Networks,https://openalex.org/W7161416548
Neural Networks,Elsevier,2026,2026-05-16,MGCFI-Net: Multi-scale globally aware feature learning with cross-view feature interaction for multi-view stereo,Ming Han; Hui Yin; Aixin Chong; Hua Huang,203,,10.1016/j.neunet.2026.109137,https://doi.org/10.1016/j.neunet.2026.109137,article,Neural Networks,https://openalex.org/W7161411078
Neural Networks,Elsevier,2026,2026-05-16,Mapp: A model-agnostic privacy-preserving framework for two-party graph neural network inference,Juxiang Zeng; Pinghui Wang; Yangchao Qian; Tingqin Liu; Jing Tao; Xiaohong Guan,203,,10.1016/j.neunet.2026.109133,https://doi.org/10.1016/j.neunet.2026.109133,article,Neural Networks,https://openalex.org/W7161443700
Neural Networks,Elsevier,2026,2026-05-16,OACodec: Audio attribute disentanglement via orthogonal disentanglement and mutual information minimization,Yukun Qian; Wenjie Zhang; Zehua Zhang; Lianyu Zhou; Xuyi Zhuang; Mingjiang Wang,203,,10.1016/j.neunet.2026.109128,https://doi.org/10.1016/j.neunet.2026.109128,article,Neural Networks,https://openalex.org/W7161390790
Neural Networks,Elsevier,2026,2026-05-16,QMSANet: A quaternion multi-scale attention network for robust color image denoising,Yi Liu; Qi Xie; Yu Guo; Guoqing Chen; Boying Wu; Deyu Meng; Jean-Michel Morel; Qiyu Jin; Michael Kwok-Po Ng,203,,10.1016/j.neunet.2026.109091,https://doi.org/10.1016/j.neunet.2026.109091,article,Neural Networks,https://openalex.org/W7161292381
Neural Networks,Elsevier,2026,2026-05-16,Randomized neural network with adaptive forward regularization for online task-free class incremental learning,Junda Wang; Minghui Hu; Ning Li; Abdulaziz Al-Ali; Ponnuthurai Nagaratnam Suganthan,203,,10.1016/j.neunet.2026.109115,https://doi.org/10.1016/j.neunet.2026.109115,article,Neural Networks,https://openalex.org/W7161392820
Neural Networks,Elsevier,2026,2026-05-16,Stochastic approximation to contrastive learning,Erland Brandser Olsson; Zhirong Yang,203,,10.1016/j.neunet.2026.109098,https://doi.org/10.1016/j.neunet.2026.109098,article,Neural Networks,https://openalex.org/W7161430484
Neural Networks,Elsevier,2026,2026-05-17,Pose-guided YOLO-CED: A two-stage framework for robust SMD-PCB defect detection in mobile manipulators,Mingxiao Sun; Qiang Zhao; Qiuyu Zhang; Tiantian Luan,203,,10.1016/j.neunet.2026.109136,https://doi.org/10.1016/j.neunet.2026.109136,article,Neural Networks,https://openalex.org/W7161473106
Neural Networks,Elsevier,2026,2026-05-17,Solver-in-the-loop joint operator learning: Fractional Laplace-Beltrami features for interface reconstruction,Yangyang Zheng; Huayi Wei; Shuhao Cao; Ruchi Guo,203,,10.1016/j.neunet.2026.109067,https://doi.org/10.1016/j.neunet.2026.109067,article,Neural Networks,https://openalex.org/W7161494459
Neural Networks,Elsevier,2026,2026-05-17,URSMamba: Universal remote sensing image steganography using state space model,Chao Yang; Shiyuan Wang; Ying Huang; Mingqiang Guo,203,,10.1016/j.neunet.2026.109132,https://doi.org/10.1016/j.neunet.2026.109132,article,Neural Networks,https://openalex.org/W7161511170
Neural Networks,Elsevier,2026,2026-05-18,SGNet: Spectral-geometric neural network for structured representation learning,Idowu Paul Okuwobi; Jingyuan Liu; Olayinka Susan Raji; Olusola Funsho Abiodun,203,,10.1016/j.neunet.2026.109135,https://doi.org/10.1016/j.neunet.2026.109135,article,Neural Networks,https://openalex.org/W7161556018
Neural Networks,Elsevier,2026,2026-05-19,ConMGIN: Interpretable multilayer GIN-Bayesian framework for spatial domain analysis,Jie Li; Farong Liu; Haoyang Lv; Sheng Ren; Xin Gao; Bin Yu,203,,10.1016/j.neunet.2026.109155,https://doi.org/10.1016/j.neunet.2026.109155,article,Neural Networks,https://openalex.org/W7161722021
Neural Networks,Elsevier,2026,2026-05-19,Heterogeneous neural blind deconvolution: A signal processing-empowered foundation feature extractor for bearing fault diagnosis,Jing-Xiao Liao; Chao He; Jipu Li; Xiao-Cong Zhong; Jinwei Sun; Yiu-ming Cheung; Fenglei Fan; Shiping Zhang; Xiaoge Zhang,203,,10.1016/j.neunet.2026.109143,https://doi.org/10.1016/j.neunet.2026.109143,article,Neural Networks,https://openalex.org/W7161703571
Neural Networks,Elsevier,2026,2026-05-19,HyperNATE: Scaling tensor-based hypergraph neural networks through attention,Nicolás Bello; Fuli Wang; Daniel L. Lau; Gonzalo R. Arce,203,,10.1016/j.neunet.2026.109139,https://doi.org/10.1016/j.neunet.2026.109139,article,Neural Networks,https://openalex.org/W4409639320
Neural Networks,Elsevier,2026,2026-05-19,Identifying the seizure onset zone with phase-amplitude coupling,Junfeng Lu; Denghai Wang; Dandan Kong; Kunying Meng; Rui Zhang; Hong Wan; Mingming Chen,203,,10.1016/j.neunet.2026.109151,https://doi.org/10.1016/j.neunet.2026.109151,article,Neural Networks,https://openalex.org/W7161695624
Neural Networks,Elsevier,2026,2026-05-19,MFF-M3AD: A unified reconstruction method with multi-scale feature fusion for multi-category 3D anomaly detection,Hanzhe Liang; Chenxi Hu; Yejin Tang; Linlin Shen; Jinbao Wang; Can Gao,203,,10.1016/j.neunet.2026.109131,https://doi.org/10.1016/j.neunet.2026.109131,article,Neural Networks,https://openalex.org/W7161624718
Neural Networks,Elsevier,2026,2026-05-19,MoST: A monotone set transformer for scalable and verifiable neuro-fuzzy aggregation,Jih‐Jeng Huang; Chin‐Yi Chen,203,,10.1016/j.neunet.2026.109153,https://doi.org/10.1016/j.neunet.2026.109153,article,Neural Networks,https://openalex.org/W7161738941
Neural Networks,Elsevier,2026,2026-05-19,NSFF: Noise and semantic features fusion for AI-generated image detection,Haoran Yang; Ruiqiang Ma; Gang Wang; Jien Kato,203,,10.1016/j.neunet.2026.109130,https://doi.org/10.1016/j.neunet.2026.109130,article,Neural Networks,https://openalex.org/W7161630969
Neural Networks,Elsevier,2026,2026-05-19,Omni-domain energy-efficient decision-making for large-scale heterogeneous platoons with dual-level graph reinforcement learning,Xin Gao; Changjian Zhao; Xueyuan Li; Ao Li; Zhaoyang Ma; Zirui Li,203,,10.1016/j.neunet.2026.109148,https://doi.org/10.1016/j.neunet.2026.109148,article,Neural Networks,https://openalex.org/W7161624793
Neural Networks,Elsevier,2026,2026-05-19,Robust network pruning for enhanced accuracy under perturbations via structural and distributional consistency,Wenhui Shi; Jiangang Yang; Yangbin Xu; Xiaoran Xu; Wenyue Chong; Jian Liu,203,,10.1016/j.neunet.2026.109152,https://doi.org/10.1016/j.neunet.2026.109152,article,Neural Networks,https://openalex.org/W7161719267
Neural Networks,Elsevier,2026,2026-05-19,Robust zero-shot learning with ambiguous labels via visual-semantic alignment and dynamic disambiguation,Jiangnan Li; Xiaowen Yan; Linqing Huang; Jinfu Fan,203,,10.1016/j.neunet.2026.109142,https://doi.org/10.1016/j.neunet.2026.109142,article,Neural Networks,https://openalex.org/W7161636718
Neural Networks,Elsevier,2026,2026-05-20,AnyDesign: Versatile area fashion editing via mask-free diffusion,Yunfang Niu; Yi Dong; Lingxiang Wu; Jie Peng; Yi-Xiang Wang,203,,10.1016/j.neunet.2026.109129,https://doi.org/10.1016/j.neunet.2026.109129,article,Neural Networks,https://openalex.org/W4402696893
Neural Networks,Elsevier,2026,2026-05-20,Focus on the essentials: Learning to attend to the most critical information for visual question answering,Kun Zeng; Zhixin Li,203,,10.1016/j.neunet.2026.109154,https://doi.org/10.1016/j.neunet.2026.109154,article,Neural Networks,https://openalex.org/W7161847540
Neural Networks,Elsevier,2026,2026-05-20,JointRel: Joint semantic embedding with relational message passing for knowledge graph completion,Yunong Zhang; Jiashuang Huang; Weiping Ding; Min Xu,203,,10.1016/j.neunet.2026.109156,https://doi.org/10.1016/j.neunet.2026.109156,article,Neural Networks,https://openalex.org/W7161815941
Neural Networks,Elsevier,2026,2026-05-20,Pareto-optimal estimation and policy learning for balancing short-term and long-term outcomes,Yingrong Wang; Anpeng Wu; Haoxuan Li; Weiming Liu; Baohong Li; Qiaowei Miao; Ruoxuan Xiong; Fei Wu; Kun Kuang,203,,10.1016/j.neunet.2026.109144,https://doi.org/10.1016/j.neunet.2026.109144,article,Neural Networks,https://openalex.org/W7161830192
Neural Networks,Elsevier,2026,2026-05-20,Projection with mixed-size anchor graphs,Qianyao Qiang; Bin Zhang; Jason Chen Zhang; Chaodie Liu; Feiping Nie,203,,10.1016/j.neunet.2026.109149,https://doi.org/10.1016/j.neunet.2026.109149,article,Neural Networks,https://openalex.org/W7161835960
Neural Networks,Elsevier,2026,2026-05-21,AADFNet: An adaptive asymmetric dual-branch fusion network for background-robust grasping,Tao Fan; Chenyang Liu; Qiuyang Dai; Fang Fang,203,,10.1016/j.neunet.2026.109150,https://doi.org/10.1016/j.neunet.2026.109150,article,Neural Networks,https://openalex.org/W4414601972
Neural Networks,Elsevier,2026,2026-05-21,EndoUFM: Utilizing foundation models for monocular depth estimation of endoscopic images,Xinning Yao; Bo Liu; Bojian Li; Jingjing Wang; Jinghua Yue; Fugen Zhou,203,,10.1016/j.neunet.2026.109141,https://doi.org/10.1016/j.neunet.2026.109141,article,Neural Networks,https://openalex.org/W7161943583
Neural Networks,Elsevier,2026,2026-05-22,Cross-domain sequential recommendation via interest-guided knowledge migration,Xueting Li; S Q Wang; Yue Wang; Haoran Yang; Fuzhen Sun,203,,10.1016/j.neunet.2026.109158,https://doi.org/10.1016/j.neunet.2026.109158,article,Neural Networks,https://openalex.org/W7162091786
Neural Networks,Elsevier,2026,2026-05-22,Diffusion model with Rician–Gaussian priors for robust MR image synthesis,Hyoyoung Jang; Sangmin LEE,203,,10.1016/j.neunet.2026.109163,https://doi.org/10.1016/j.neunet.2026.109163,article,Neural Networks,https://openalex.org/W7162077684
Neural Networks,Elsevier,2026,2026-05-22,Lightweight spiking transformer towards neurodynamic integration framework,Miao Miao; Haoyan Liu; Shurui Fan; Kewen Xia,203,,10.1016/j.neunet.2026.109127,https://doi.org/10.1016/j.neunet.2026.109127,article,Neural Networks,https://openalex.org/W7162066529
Neural Networks,Elsevier,2026,2026-05-22,XAI-DTBD: Explainable dynamic threshold-based backdoor detection in graph neural networks,Adil Ahmad; Anwar Shah; Muhammad Adnan; Chau Yuen,203,,10.1016/j.neunet.2026.109157,https://doi.org/10.1016/j.neunet.2026.109157,article,Neural Networks,https://openalex.org/W7162117186
Neural Networks,Elsevier,2026,2026-05-23,"Corrigendum to “BAED: a New Paradigm for Few-shot Graph Learning with Explanation in the Loop” [Neural Networks, 199 (2026), 108673]",Chao Chen; Xujia Li; Dongsheng Hong; Shanshan Lin; Xiangwen Liao; Chuanyi Liu; Lei Chen,201,,10.1016/j.neunet.2026.109116,https://doi.org/10.1016/j.neunet.2026.109116,erratum,Neural Networks,https://openalex.org/W7162185705
Neural Networks,Elsevier,2026,2026-05-23,Image restoration model compression via mamba-oriented heterogeneous knowledge distillation,Sai Yang; Bin Hu; Xiaoxin Wu; Fan Liu; Wanzhi Wen,203,,10.1016/j.neunet.2026.109159,https://doi.org/10.1016/j.neunet.2026.109159,article,Neural Networks,https://openalex.org/W4413776565
Neural Networks,Elsevier,2026,2026-05-24,ESIMCE: Efficient and simple incomplete multi-view clustering via ensembles,Haiyan Cheng; Hao Huang; Haiyan Wang; Jinrong Cui,203,,10.1016/j.neunet.2026.109167,https://doi.org/10.1016/j.neunet.2026.109167,article,Neural Networks,https://openalex.org/W7162242455
Neural Networks,Elsevier,2026,2026-05-24,Enhance graph alignment for large language models,Haitong Luo; Xuying Meng; Suhang Wang; Tianxiang Zhao; Fali Wang; Yujun Zhang,203,,10.1016/j.neunet.2026.109162,https://doi.org/10.1016/j.neunet.2026.109162,article,Neural Networks,https://openalex.org/W4403573944
Neural Networks,Elsevier,2026,2026-05-24,Hybrid Mamba-CNN network for forward-looking sonar image segmentation with acoustic background suppression mechanism,Hu Xu; Ju He; Haoran Hu; Guoqing Xie; Yu Chul Yang,203,,10.1016/j.neunet.2026.109165,https://doi.org/10.1016/j.neunet.2026.109165,article,Neural Networks,https://openalex.org/W7162211345
Neural Networks,Elsevier,2026,2026-05-24,In-vehicle low-light face image enhancement with physical-semantic constrained diffusion and gated selective state-space scanning,Pancheng Zhang; Zhe Chen; Yihui Hu,203,,10.1016/j.neunet.2026.109161,https://doi.org/10.1016/j.neunet.2026.109161,article,Neural Networks,https://openalex.org/W7162195051
Neural Networks,Elsevier,2026,2026-05-25,CURRENT EVENTS,,200,,10.1016/s0893-6080(26)00583-6,https://doi.org/10.1016/s0893-6080(26)00583-6,article,Neural Networks,https://openalex.org/W7162332211
Neural Networks,Elsevier,2026,2026-05-25,CollDTI: Dual-encoder collaborative learning for drug-target interaction prediction,Wanchen Li; J H Xu; Yajie Meng; Xunkun Cheng; Y Li; Yinhui Jiang; Shuting Jin,203,,10.1016/j.neunet.2026.109175,https://doi.org/10.1016/j.neunet.2026.109175,article,Neural Networks,https://openalex.org/W7162313163
Neural Networks,Elsevier,2026,2026-05-25,Debiased medication recommendation through fusing frequent pattern and temporal medical records,Xiaobo Li; Xiaodi Hou; Simiao Wang; Shilong Wang; Xiaokun Zhang; Yijia Zhang,203,,10.1016/j.neunet.2026.109168,https://doi.org/10.1016/j.neunet.2026.109168,article,Neural Networks,https://openalex.org/W7162302992
Neural Networks,Elsevier,2026,2026-05-25,Editorial Board,,200,,10.1016/s0893-6080(26)00581-2,https://doi.org/10.1016/s0893-6080(26)00581-2,paratext,Neural Networks,https://openalex.org/W7162332553
Neural Networks,Elsevier,2026,2026-05-25,Fuzzy reinforcement learning synchronization of stochastic dynamic networks: An adaptive event-triggered strategy,Jiayi Cai; Jianwen Feng; Jingyi Wang; Chengbo Yi; Guanrong Chen,203,,10.1016/j.neunet.2026.109180,https://doi.org/10.1016/j.neunet.2026.109180,article,Neural Networks,https://openalex.org/W7162329731
Neural Networks,Elsevier,2026,2026-05-25,INN/ENNS/JNNS - Membership Applic. Form,,200,,10.1016/s0893-6080(26)00584-8,https://doi.org/10.1016/s0893-6080(26)00584-8,article,Neural Networks,https://openalex.org/W7162290395
Neural Networks,Elsevier,2026,2026-05-25,Large language model augmented framework with domain-specific knowledge integration for medical named entity recognition,Haochen Zou; Yue Wang,203,,10.1016/j.neunet.2026.109178,https://doi.org/10.1016/j.neunet.2026.109178,article,Neural Networks,https://openalex.org/W7162306306
Neural Networks,Elsevier,2026,2026-05-25,Projective and functional projective synchronizations in quaternion-valued inertial neural networks with interaction term through novel generalized time-varying delay lemma and one-norm method: Application in secure communication,Vaibhav Agrawal; Ahindra Sarkar; Subir Das; Vineet Kumar Singh,203,,10.1016/j.neunet.2026.109164,https://doi.org/10.1016/j.neunet.2026.109164,article,Neural Networks,https://openalex.org/W7162328669
Neural Networks,Elsevier,2026,2026-05-26,Auto-labeling for single-photon LiDAR semantic understanding under varying acquisition conditions,Ziting Wen; Zili Zhang; Kemi Ding; Xiaoqiang Ren,203,,10.1016/j.neunet.2026.109188,https://doi.org/10.1016/j.neunet.2026.109188,article,Neural Networks,https://openalex.org/W7162461092
Neural Networks,Elsevier,2026,2026-05-26,ED-SAM: Sharpness-aware minimization with energy-adjusted perturbations and direction-corrected updates,Hailiang Ye; Xinyi Fang; Ming Li; Feilong Cao,203,,10.1016/j.neunet.2026.109185,https://doi.org/10.1016/j.neunet.2026.109185,article,Neural Networks,https://openalex.org/W7162430421
Neural Networks,Elsevier,2026,2026-05-26,EDA-OCBLS: An error-distribution aware one-class broad learning system for anomaly detection,M. Tanveer; A. Mishra; A. Quadir; M. Sajid,203,,10.1016/j.neunet.2026.109177,https://doi.org/10.1016/j.neunet.2026.109177,article,Neural Networks,https://openalex.org/W7162405496
Neural Networks,Elsevier,2026,2026-05-26,Graph knowledge distillation with high frequency in homophily and heterophily graphs,Donghai Guan; Junqiong Nie; Weiwei Yuan,203,,10.1016/j.neunet.2026.109171,https://doi.org/10.1016/j.neunet.2026.109171,article,Neural Networks,https://openalex.org/W4413211056
Neural Networks,Elsevier,2026,2026-05-26,SAGE: Semantic-guided framework with decoupled optimization for open-vocabulary video visual relationship detection,Shiqi Wang; Weiying Xue; Shuyi Hu; Haowen Li; Qi Liu,203,,10.1016/j.neunet.2026.109183,https://doi.org/10.1016/j.neunet.2026.109183,article,Neural Networks,https://openalex.org/W7162461267
Neural Networks,Elsevier,2026,2026-05-27,A unified multi-stream diffusion framework for robust video camouflaged object detection,克宇 姚; Rui Yao; Kunyang Sun; Hancheng Zhu; Xixi Li; Jiaqi Zhao; Bing Liu,203,,10.1016/j.neunet.2026.109169,https://doi.org/10.1016/j.neunet.2026.109169,article,Neural Networks,https://openalex.org/W7162579258
Neural Networks,Elsevier,2026,2026-05-27,CWITrack: Transformer tracking via local-global cross-window interaction,Yuanyun Wang; Pengcheng Sha; Shenmiao Jin; Yichao Li; Jun Wang,203,,10.1016/j.neunet.2026.109181,https://doi.org/10.1016/j.neunet.2026.109181,article,Neural Networks,https://openalex.org/W7162505660
Neural Networks,Elsevier,2026,2026-05-27,ESTGFormer: A spatio-temporal graph transformer with embedding and structure-aware loss for traffic forecasting,Famiao Mou; Zhineng Lv; Xuesong Jin; Lijun Yun; Zaiqing Chen,203,,10.1016/j.neunet.2026.109182,https://doi.org/10.1016/j.neunet.2026.109182,article,Neural Networks,https://openalex.org/W7162576847
Neural Networks,Elsevier,2026,2026-05-27,FNE-RTDETR: A lightweight end-to-end model for small-area tomato leaf disease detection and fine-grained classification,Abudukelimu Abulizi; Junxiang Ye; Mayilamu Musideke; Gengrong Zhang; Youli Su; Yajun Zhang; Halidanmu Abudukelimu,203,,10.1016/j.neunet.2026.109179,https://doi.org/10.1016/j.neunet.2026.109179,article,Neural Networks,https://openalex.org/W7162508434
Neural Networks,Elsevier,2026,2026-05-27,GAFGCN: A graph augmented fusion network for enhanced deep clustering in attributed graphs,Yuncheng Jiang; Haiyan Guo,203,,10.1016/j.neunet.2026.109173,https://doi.org/10.1016/j.neunet.2026.109173,article,Neural Networks,https://openalex.org/W4416258902
Neural Networks,Elsevier,2026,2026-05-27,GRLT: Learning more from teachers by rethinking knowledge distillation from GNNs to MLPs,Yaogang Geng; Hong Yu; Guoyin Wang; Yongfang Xie,203,,10.1016/j.neunet.2026.109170,https://doi.org/10.1016/j.neunet.2026.109170,article,Neural Networks,https://openalex.org/W7162554338
Neural Networks,Elsevier,2026,2026-05-27,Point-wise conditional diffusion models for physical systems with shape variations: Applications to spatio-temporal and large-scale systems,Jiyong Kim; Sunwoong Yang; Namwoo Kang,203,,10.1016/j.neunet.2026.109186,https://doi.org/10.1016/j.neunet.2026.109186,article,Neural Networks,https://openalex.org/W7162581796
Neural Networks,Elsevier,2026,2026-05-27,S2E: Spatio-temporal filtering of spike streams for motion-selective event generation,Lingxiao Zheng; Yajing Zheng; Rui Zhao; Tiejun Huang,203,,10.1016/j.neunet.2026.109191,https://doi.org/10.1016/j.neunet.2026.109191,article,Neural Networks,https://openalex.org/W7162555853
Neural Networks,Elsevier,2026,2026-05-27,Self-training framework based on multi-granularity local cores for class-imbalanced semi-supervised classification in business applications,Junnan Li; Xiaosheng Su; Leo Wang; Jicheng Ma; Yingjun Xia; Yuqing Gu; Shun Fu; Wenli Xu; Ziqiang He,203,,10.1016/j.neunet.2026.109145,https://doi.org/10.1016/j.neunet.2026.109145,article,Neural Networks,https://openalex.org/W7162517215
Neural Networks,Elsevier,2026,2026-05-28,Hypergraph mixer WaveNet: A lightweight spatio-temporal framework utilizing hypergraphs for high-order spatial modeling in traffic forecasting,Nguyen-Huu An; Dung-Cam Quang; Van-Vang Le,203,,10.1016/j.neunet.2026.109176,https://doi.org/10.1016/j.neunet.2026.109176,article,Neural Networks,https://openalex.org/W7162678954
Neural Networks,Elsevier,2026,2026-05-28,Learning fair graph representation through graph information disentanglement,Qingfeng Chen; Wujie Wei; Debo Cheng; Chuxun Liu; Jinyi Jie; Jiangzhang Gan; Shichao Zhang,203,,10.1016/j.neunet.2026.109184,https://doi.org/10.1016/j.neunet.2026.109184,article,Neural Networks,https://openalex.org/W7162636482
Neural Networks,Elsevier,2026,2026-05-28,Semantic consistency-aware pseudo-temporal framework for multimodal remote sensing image segmentation,Yujia Sun; Yuejiang Li; Weisheng Dong; Le Dong; WU Peng; Lichao Mou; Xin Li,204,,10.1016/j.neunet.2026.109187,https://doi.org/10.1016/j.neunet.2026.109187,article,Neural Networks,https://openalex.org/W7162625403
Neural Networks,Elsevier,2026,2026-05-29,Attentive pre-training question embeddings for knowledge tracing with semantically-enhanced knowledge structure and concept label-guided heterogeneous graph representation,Jinjie Zhou; Senlin Luo; Songling Wu; Xiaonan Yang; Limin Pan; Deshan Yang,203,,10.1016/j.neunet.2026.109194,https://doi.org/10.1016/j.neunet.2026.109194,article,Neural Networks,https://openalex.org/W7162647382
Neural Networks,Elsevier,2026,2026-05-29,DPC: Dynamic purification chain for adaptive adversarial defense,Zeshan Pang; Yuyuan Sun; Rongtao Liao; Xuehu Yan; Shasha Guo; Yuliang Lu,203,,10.1016/j.neunet.2026.109189,https://doi.org/10.1016/j.neunet.2026.109189,article,Neural Networks,https://openalex.org/W7162787292
Neural Networks,Elsevier,2026,2026-05-29,FedEBM: Robust graph federated learning via energy-based model,Jiayu Wang; Jinyan Wang; Zeming Gan; Xianxian Li; De Li,203,,10.1016/j.neunet.2026.109193,https://doi.org/10.1016/j.neunet.2026.109193,article,Neural Networks,https://openalex.org/W7162695238
Neural Networks,Elsevier,2026,2026-05-29,When task performance deceives: Task-geometry decoupling in learnable-curvature hyperbolic GNNs,Li‐Xian Chen; Jingchao Wang; Zhaorong Dai; Hanqian Liu; Daniel K. Ai; Yang Shi,203,,10.1016/j.neunet.2026.109172,https://doi.org/10.1016/j.neunet.2026.109172,article,Neural Networks,https://openalex.org/W4416258907
Neural Networks,Elsevier,2026,2026-05-30,EDSF-Net : An enhanced dynamic spatiotemporal-frequency attention network for robust EEG decoding in motor imagery,Weijie Chen; Ian P. Daly; Yixin Chen; Junxian Li; Xiao Wu; Ruiyu Zhao; Xingyu Wang; Andrzej S Cichocki; Jing Jin,204,,10.1016/j.neunet.2026.109197,https://doi.org/10.1016/j.neunet.2026.109197,article,Neural Networks,https://openalex.org/W7162878188
Neural Networks,Elsevier,2026,2026-05-30,Fine-grained hierarchical multi-round iterative semantic optimization attack method for RAG systems,Qidong Chen; Vasile Palade; Zihao Yu; Ruixiang Deng; Jun Sun; Hao Wu,203,,10.1016/j.neunet.2026.109192,https://doi.org/10.1016/j.neunet.2026.109192,article,Neural Networks,https://openalex.org/W7162881908
Neural Networks,Elsevier,2026,2026-05-30,HFC-UAVDet: Lightweight small object detection network for UAV with high-frequency perception and cross-layer semantic fusion,Wencheng Cui; Yuezhan Cui; Hong Shao,203,,10.1016/j.neunet.2026.109166,https://doi.org/10.1016/j.neunet.2026.109166,article,Neural Networks,https://openalex.org/W7162858648
Neural Networks,Elsevier,2026,2026-05-30,R&amp;B - rhythm and brain: Cross-subject decoding of music from human brain activity,Matteo Ciferri; Matteo Ferrante; Nicola Toschi,203,,10.1016/j.neunet.2026.109195,https://doi.org/10.1016/j.neunet.2026.109195,article,Neural Networks,https://openalex.org/W7162855607
Neural Networks,Elsevier,2026,2026-05-30,Revisiting weakly supervised tabular anomaly detection from a cell-level perspective,Jiahui Wang; Zhen Peng; Xujing Jia; Qika Lin; Lan Ma; Bin Shi,203,,10.1016/j.neunet.2026.109202,https://doi.org/10.1016/j.neunet.2026.109202,article,Neural Networks,https://openalex.org/W7162879608
Neural Networks,Elsevier,2026,2026-05-30,Robust and efficient learning with granular ball support vector regression,Reshma Rastogi; Ankush Bisht; Sanjay Kumar; Suresh Chandra,203,,10.1016/j.neunet.2026.109174,https://doi.org/10.1016/j.neunet.2026.109174,article,Neural Networks,https://openalex.org/W7162874779
Neural Networks,Elsevier,2026,2026-05-30,SAS-bench: A fine-grained benchmark for evaluating short answer scoring with large language models,Peichao Lai; Kexuan Zhang; Yi Lin; Linyihan Zhang; Feiyang Ye; Jun Yan; Yanwei Xu; Cong He; Wentao Zhang; Yilei Wang; Bin Cui,203,,10.1016/j.neunet.2026.109199,https://doi.org/10.1016/j.neunet.2026.109199,article,Neural Networks,https://openalex.org/W4417515802
Neural Networks,Elsevier,2026,2026-05-30,Subaquatic neural view synthesis with depth-guided refinement and multi-scale information fusion,Huilin Ge; Zheng Wang; Bingying Hu; X J Chen; Zhiyu Zhu,204,,10.1016/j.neunet.2026.109198,https://doi.org/10.1016/j.neunet.2026.109198,article,Neural Networks,https://openalex.org/W7162875007
Neural Networks,Elsevier,2026,2026-05-30,Ultralightweight progressive feature disentanglement and recomposition network for hyperspectral image classification,Delong Kong; Shichao Zhang; Xiang Yu; Yanshuang Lu; Shanshan Yang; Jiahua Zhang,203,,10.1016/j.neunet.2026.109200,https://doi.org/10.1016/j.neunet.2026.109200,article,Neural Networks,https://openalex.org/W7162876905
Neural Networks,Elsevier,2026,2026-06-01,BigOrthoATD.Net: A scalable and adaptable distributed deep learning framework for multi-class orthopedic classification across imaging modalities in low-resourced settings,Haider A. Alwzwazy; Laith H. Alzubaidi; Zehui Zhao; Ross Crawford; Omar Alnaseri; Raja Jurdak; Yuantong Gu,203,,10.1016/j.neunet.2026.109190,https://doi.org/10.1016/j.neunet.2026.109190,article,Neural Networks,https://openalex.org/W7163010283
Neural Networks,Elsevier,2026,2026-06-01,Different direction adversarial sample for diffusion model,Shan He; Hu Da; Jun Hai Jiang; Jiayang Li; FuGui Chen,203,,10.1016/j.neunet.2026.109196,https://doi.org/10.1016/j.neunet.2026.109196,article,Neural Networks,https://openalex.org/W4413267570
Neural Networks,Elsevier,2026,2026-06-01,HetDualCL: Dual-encoder contrastive learning for heterogeneous graphs,Yangding Li; Jiawei Chai; Wenjie Zhang; C L Li; Xiangchao Zhao; Bingbing Xu; Shichao Zhang,203,,10.1016/j.neunet.2026.109205,https://doi.org/10.1016/j.neunet.2026.109205,article,Neural Networks,https://openalex.org/W7163039764
Neural Networks,Elsevier,2026,2026-06-02,Efficient FPGA accelerator for low-power high-speed BCI motor imagery classification using novel deep learning,Chandrasekaran Saravanakumar; Chandrasekaran Saravanakumar; Immaculate Joy S; Cidambi Srinivasan; Immaculate Joy S,203,,10.1016/j.neunet.2026.109105,https://doi.org/10.1016/j.neunet.2026.109105,article,Neural Networks,https://openalex.org/W7163202701
Neural Networks,Elsevier,2026,2026-06-03,Symplectic convolutional neural networks,Süleyman Yıldız; Konrad Janik; Peter Benner,203,,10.1016/j.neunet.2026.109208,https://doi.org/10.1016/j.neunet.2026.109208,article,Neural Networks,https://openalex.org/W7163401249
Neural Networks,Elsevier,2026,2026-06-04,Batch kernel neuro-fuzzy system ensemble framework with residual learning and selection mechanism,Jie Li; Degang Wang; Wei Zhou; Guoliang Zhao,204,,10.1016/j.neunet.2026.109219,https://doi.org/10.1016/j.neunet.2026.109219,article,Neural Networks,https://openalex.org/W7163534719
Neural Networks,Elsevier,2026,2026-06-04,Deep kernel learning enhanced fusion for multimodal classification,Duoyi Zhang; Md Abul Bashar; Richi Nayak,204,,10.1016/j.neunet.2026.109223,https://doi.org/10.1016/j.neunet.2026.109223,article,Neural Networks,https://openalex.org/W7163526665
Neural Networks,Elsevier,2026,2026-06-04,Logits -with-correlation-based distillation for class incremental learning with limited initial classes,Jie Du; Jing Wang (6206297); Wenbing Chen; Peng Liu (120506); Tianfu Wang,204,,10.1016/j.neunet.2026.109207,https://doi.org/10.1016/j.neunet.2026.109207,article,Neural Networks,https://openalex.org/W7163559421
Neural Networks,Elsevier,2026,2026-06-04,SA-RAG: Structured and adaptive retrieval-augmented generation for multi-hop question answering,Mingcong Dang; Shengling Geng; Yonghui Xu; Fubo Wang; Lizhen Cui,204,,10.1016/j.neunet.2026.109201,https://doi.org/10.1016/j.neunet.2026.109201,article,Neural Networks,https://openalex.org/W7163551182
Neural Networks,Elsevier,2026,2026-06-04,Temperature-free loss function for contrastive learning,Bum Jun Kim; Sang‐Woo Kim,204,,10.1016/j.neunet.2026.109222,https://doi.org/10.1016/j.neunet.2026.109222,article,Neural Networks,https://openalex.org/W4406975642
Neural Networks,Elsevier,2026,2026-06-04,Two-shot learning of multiple strange attractors,Daniel Köglmayr; Miralem Spahic; Andrew Flynn; Christoph Räth,204,,10.1016/j.neunet.2026.109209,https://doi.org/10.1016/j.neunet.2026.109209,article,Neural Networks,https://openalex.org/W7163532100
Neural Networks,Elsevier,2026,2026-06-05,Cross-model diffusion: Mitigating hallucination in large language models for rumor detection,Chunling Wu; Kai Yang; Yu Hui; Peng Xiong; Zhibin Shi; Zhenghong Lin; Yiling Zhang; Shiping Wang,204,,10.1016/j.neunet.2026.109226,https://doi.org/10.1016/j.neunet.2026.109226,article,Neural Networks,https://openalex.org/W7163666059
Neural Networks,Elsevier,2026,2026-06-05,Depth-induced bipolar neural collapse for privacy-preserving face verification,Yen-Lung Lai; Wun‐She Yap; Bok‐Min Goi; Zhe Jin; Mássimo Tistarelli,204,,10.1016/j.neunet.2026.109224,https://doi.org/10.1016/j.neunet.2026.109224,article,Neural Networks,https://openalex.org/W7163706542
Neural Networks,Elsevier,2026,2026-06-05,Real-time sparse signal reconstruction via KKT-conditions-driven analog circuit solver,Hong Liu (50694); You Zhao; Xing He; Meng Zhang; Tingwen Huang; Junhui Chen; Yu Wang; Ruoxi Yu,204,,10.1016/j.neunet.2026.109204,https://doi.org/10.1016/j.neunet.2026.109204,article,Neural Networks,https://openalex.org/W7163669376
Neural Networks,Elsevier,2026,2026-06-06,A framework for evaluating factual consistency in automated text summarization with large language models and prompting strategies,Md. Moinul Islam; Mourad Oussalah,204,,10.1016/j.neunet.2026.109160,https://doi.org/10.1016/j.neunet.2026.109160,article,Neural Networks,https://openalex.org/W4416346443
Neural Networks,Elsevier,2026,2026-06-06,ASMem: Anchor sparse memory for multi-domain knowledge editing of large language models,Guanyu Zheng; Zhenyu Wang; Yang Zhao; Tingting He; Xv Wang; Haochang Wang; Tiejun Zhao; Chengqing Zong,204,,10.1016/j.neunet.2026.109230,https://doi.org/10.1016/j.neunet.2026.109230,article,Neural Networks,https://openalex.org/W4414341953
Neural Networks,Elsevier,2026,2026-06-06,Margin-aware prototype learning for client withdrawal in federated unlearning,Yixuan Qiu; Shaofei Shen; C ZHANG; Yue Lin; Weitong Chen; Miao Xu,204,,10.1016/j.neunet.2026.109231,https://doi.org/10.1016/j.neunet.2026.109231,article,Neural Networks,https://openalex.org/W7163747071
Neural Networks,Elsevier,2026,2026-06-06,Mask-PINNs: Mitigating internal covariate shift in physics-informed neural networks,Feilong Jiang; Xiaonan Hou; Jianqiao Ye; Min Xia,204,,10.1016/j.neunet.2026.109236,https://doi.org/10.1016/j.neunet.2026.109236,article,Neural Networks,https://openalex.org/W4415397854
Neural Networks,Elsevier,2026,2026-06-06,Multimetric brain functional-structural connectivity mutual coupling for mild cognitive impairment identification,Jingtao Chen; Guangming Li; Keyan Yu; Guanxun Cheng; Xiang Fan; Kai Wang (21246),204,,10.1016/j.neunet.2026.109232,https://doi.org/10.1016/j.neunet.2026.109232,article,Neural Networks,https://openalex.org/W7163739867
Neural Networks,Elsevier,2026,2026-06-06,The effect of attention in cooperative MARL environments with shared rewards,Aidin Kazempour; Marek Grześ,204,,10.1016/j.neunet.2026.109206,https://doi.org/10.1016/j.neunet.2026.109206,article,Neural Networks,https://openalex.org/W4417175700
Neural Networks,Elsevier,2026,2026-06-06,Unsupervised feature selection via row-sparse local preserving projection,Zhengguo Yang; Xiran Li; Ruiting Zhou; Jihai Yi; Jikui Wang; Feiping Nie,204,,10.1016/j.neunet.2026.109235,https://doi.org/10.1016/j.neunet.2026.109235,article,Neural Networks,https://openalex.org/W7163740334
Neural Networks,Elsevier,2026,2026-06-07,FracNeXt: Enhancing visual representation learning in sequence models with fractal wavelets,Pengfeng Lu; Sei‐ichiro Kamata; Mengyunqiu Zhang,204,,10.1016/j.neunet.2026.109234,https://doi.org/10.1016/j.neunet.2026.109234,article,Neural Networks,https://openalex.org/W7163828496
Neural Networks,Elsevier,2026,2026-06-07,MS-STGAN: A dual-branch multi-scale spatio-temporal generative adversarial framework for incomplete EEG-based emotion recognition,Cheng Cheng; J Zhang; Yikang Cheng; Ziyu Jia; Weiqi He,204,,10.1016/j.neunet.2026.109203,https://doi.org/10.1016/j.neunet.2026.109203,article,Neural Networks,https://openalex.org/W7163804949
Neural Networks,Elsevier,2026,2026-06-07,NEURAL-VOX: NEURal auditory language decoding for voice and text reconstruction,Zhishuo Jin; Dongdong Li; Qin Zhou; Zhe Wang,204,,10.1016/j.neunet.2026.109221,https://doi.org/10.1016/j.neunet.2026.109221,article,Neural Networks,https://openalex.org/W7163828361
Neural Networks,Elsevier,2026,2026-06-08,ConNR: A continual N-ary knowledge reasoner for growing N-ary knowledge graphs,Jiyao Wei; Saiping Guan; Xiaolong Jin; Jiafeng Guo; Xueqi Cheng,204,,10.1016/j.neunet.2026.109244,https://doi.org/10.1016/j.neunet.2026.109244,article,Neural Networks,https://openalex.org/W7163870663
Neural Networks,Elsevier,2026,2026-06-08,Fixed-time synchronization of delayed inertial memristive neural networks under denial-of-service attacks,Fang Yu; Jinpeng Yang; Guanghui Jiang; Leimin Wang; Xiongbo Wan,204,,10.1016/j.neunet.2026.109243,https://doi.org/10.1016/j.neunet.2026.109243,article,Neural Networks,https://openalex.org/W7163953646
Neural Networks,Elsevier,2026,2026-06-08,Multi-granularity dynamic hierarchical graphs for video-based person re-identification,wei zhao; Bingyi Zhou; Yongquan Wang; Yuanpeng Fan; Guoyou Wang,204,,10.1016/j.neunet.2026.109238,https://doi.org/10.1016/j.neunet.2026.109238,article,Neural Networks,https://openalex.org/W7163911913
Neural Networks,Elsevier,2026,2026-06-08,SD2-SNN: Self-distillation and structural decomposition framework for SNNs in continual learning,Zhenhao Xie; Xia Xiao; Hongsheng Zhang; Yanwei Pang; Zhong Ji,204,,10.1016/j.neunet.2026.109241,https://doi.org/10.1016/j.neunet.2026.109241,article,Neural Networks,https://openalex.org/W7163924077
Neural Networks,Elsevier,2026,2026-06-08,TQR : Modelling user temporal preference for effective question routing,Jia Xu; Zhengkai Li; Pin Lv; Hengyu Liu; Zulong Chen; Ning Wang; Tiancheng Zhang,204,,10.1016/j.neunet.2026.109239,https://doi.org/10.1016/j.neunet.2026.109239,article,Neural Networks,https://openalex.org/W7163869212
Neural Networks,Elsevier,2026,2026-06-08,WaveMixerNet: A dual-stream wavelet-based MLP-mixer and CNN architecture for long-term time series forecasting,Bo Wang; Junfen Chen; MingYan Yao,204,,10.1016/j.neunet.2026.109225,https://doi.org/10.1016/j.neunet.2026.109225,article,Neural Networks,https://openalex.org/W7163881016
Neural Networks,Elsevier,2026,2026-06-09,DEDSAC: Centralized microgrid dispatch via dual exploration mechanism enhanced diffusion soft actor-critic,Chaoqun Xiang; Zhenyu Zhang; Manqiu Huang; Zhigang Zeng,204,,10.1016/j.neunet.2026.109252,https://doi.org/10.1016/j.neunet.2026.109252,article,Neural Networks,https://openalex.org/W4415821275
Neural Networks,Elsevier,2026,2026-06-09,HLSP-LSM: Enhancing image recognition performance of liquid state machines via brain-inspired hybrid long short-term plasticity,Chao Luo; Chiawei Chu; Jianfang Wu; Muhammad Tahir Rasheed; Junsong Wang,204,,10.1016/j.neunet.2026.109245,https://doi.org/10.1016/j.neunet.2026.109245,article,Neural Networks,https://openalex.org/W7164042113
Neural Networks,Elsevier,2026,2026-06-09,Mechanism-preserved adaptive daubechies wavelet neural operator,Yifei Peng; Shuqing Liang; Ze Tao; Chunwei Miao; Jian Zhang,204,,10.1016/j.neunet.2026.109247,https://doi.org/10.1016/j.neunet.2026.109247,article,Neural Networks,https://openalex.org/W4416437730
Neural Networks,Elsevier,2026,2026-06-09,Relaxed conditions and PSO-based optimization for the problem of Mittag-Leffler synchronization and its application in image restoration for fractional-order octonion-valued two-layer neural networks,Jianying Xiao; Benkun Huang; Shiping Wen,204,,10.1016/j.neunet.2026.109246,https://doi.org/10.1016/j.neunet.2026.109246,article,Neural Networks,https://openalex.org/W7164008846
Neural Networks,Elsevier,2026,2026-06-09,Robust jointly sparse semi-supervised fuzzy C-means clustering with asymmetric deviation constraints,Chengmao Wu; Jun Hou,204,,10.1016/j.neunet.2026.109251,https://doi.org/10.1016/j.neunet.2026.109251,article,Neural Networks,https://openalex.org/W7164005660
Neural Networks,Elsevier,2026,2026-06-09,Routing distilled knowledge via mixture of LoRA experts for large language model based bundle generation,Kaidong Feng; Zhu Sun; Hui Fang; Jie Chi Yang; Wenyuan Liu,204,,10.1016/j.neunet.2026.109250,https://doi.org/10.1016/j.neunet.2026.109250,article,Neural Networks,https://openalex.org/W7164018338
Neural Networks,Elsevier,2026,2026-06-11,CURRENT EVENTS,,201,,10.1016/s0893-6080(26)00677-5,https://doi.org/10.1016/s0893-6080(26)00677-5,article,Neural Networks,https://openalex.org/W7164140294
Neural Networks,Elsevier,2026,2026-06-11,Context-aware reliability exploration for unsupervised domain adaptive person re-identification,Jialu Liu; Xing Tan; Meng Yang,204,,10.1016/j.neunet.2026.109229,https://doi.org/10.1016/j.neunet.2026.109229,article,Neural Networks,https://openalex.org/W7164321870
Neural Networks,Elsevier,2026,2026-06-11,Editorial Board,,201,,10.1016/s0893-6080(26)00674-x,https://doi.org/10.1016/s0893-6080(26)00674-x,paratext,Neural Networks,https://openalex.org/W7164164881
Neural Networks,Elsevier,2026,2026-06-11,H-FEX: A symbolic learning method for Hamiltonian systems,Jasen Lai; Senwei Liang; Chunmei Wang,204,,10.1016/j.neunet.2026.109248,https://doi.org/10.1016/j.neunet.2026.109248,article,Neural Networks,https://openalex.org/W4414989926
Neural Networks,Elsevier,2026,2026-06-11,INN/ENNS/JNNS - Membership Applic. Form,,201,,10.1016/s0893-6080(26)00678-7,https://doi.org/10.1016/s0893-6080(26)00678-7,article,Neural Networks,https://openalex.org/W7164208701
Neural Networks,Elsevier,2026,2026-06-11,Leveraging VLMs for MUDA: Category-specific prompt with multi-modal interactive LoRA,Jianing Yang; Xihuai He; Xueqiong Li; Wanrong Huang; Hengzhu Liu; Huibin Tan,204,,10.1016/j.neunet.2026.109249,https://doi.org/10.1016/j.neunet.2026.109249,article,Neural Networks,https://openalex.org/W7164331457
Neural Networks,Elsevier,2026,2026-06-11,TopoDDPM: Diffusion probabilistic model using persistent homology for 3D point cloud generation,Shuai Du; Zechao Guan; Qingshan Liu,204,,10.1016/j.neunet.2026.109240,https://doi.org/10.1016/j.neunet.2026.109240,article,Neural Networks,https://openalex.org/W7164427293
Neural Networks,Elsevier,2026,2026-06-12,DFIR-DETR: Frequency-domain iterative refinement and dynamic feature aggregation for small object detection,Bo Gao; Jingcheng Tong; Xingsheng Chen; Han Yu; Zichen Li,204,,10.1016/j.neunet.2026.109256,https://doi.org/10.1016/j.neunet.2026.109256,article,Neural Networks,https://openalex.org/W7164571709
Neural Networks,Elsevier,2026,2026-06-12,Enhancing GNN learning with node augmentation,Maria Marrium; Arif Mahmood; Muhammad Haris Khan; Muhammad Saad Shakeel; Wenxiong Kang,204,,10.1016/j.neunet.2026.109228,https://doi.org/10.1016/j.neunet.2026.109228,article,Neural Networks,https://openalex.org/W7164513257
Neural Networks,Elsevier,2026,2026-06-12,Fractional analysis of a coupled dual-capacitance neuronal model with state-wise surrogate neural networks,Peiluan Li; Qi Wang; Changjin Xu; Dian Tian; Peiyu Li,204,,10.1016/j.neunet.2026.109257,https://doi.org/10.1016/j.neunet.2026.109257,article,Neural Networks,https://openalex.org/W7164555561
Neural Networks,Elsevier,2026,2026-06-12,Neural network-based practical prescribed-time bearing-constrained secure formation control for second-order nonlinear multi-mobile robot systems,Chuanjun Peng; Chuanhai Yang; Qingshan Liu,204,,10.1016/j.neunet.2026.109255,https://doi.org/10.1016/j.neunet.2026.109255,article,Neural Networks,https://openalex.org/W7164354049
Neural Networks,Elsevier,2026,2026-06-13,ES-C51: Expected sarsa based C51 distributional reinforcement learning algorithm,Rijul Tandon; Peter W. Vamplew; Cameron Foale,204,,10.1016/j.neunet.2026.109258,https://doi.org/10.1016/j.neunet.2026.109258,article,Neural Networks,https://openalex.org/W4415861731
Neural Networks,Elsevier,2026,2026-06-13,TDAN: Triplet depth-aware network with multi-domain fusion for unknown attack detection in autonomous vehicles,Zhitao He; Yongyi Chen; Dan Zhang,204,,10.1016/j.neunet.2026.109259,https://doi.org/10.1016/j.neunet.2026.109259,article,Neural Networks,https://openalex.org/W7164687377
Neural Networks,Elsevier,2026,2026-06-14,"Corrigendum to “Collaborate Large and Small Language Models for Multi-Modal Emergency Rumor Detection” [Neural Networks 190, 2025, 107625]",Youcheng Yan; Jinshuo Liu; Juan Deng; Junyan Li; Lina Wang; Jeff Z. Pan,204,,10.1016/j.neunet.2026.109233,https://doi.org/10.1016/j.neunet.2026.109233,erratum,Neural Networks,https://openalex.org/W7164749629
Neural Networks,Elsevier,2026,2026-06-14,MPLIF: Multi-parametric leaky integrate-and-fire neuron for spiking neural networks,LuoChao Wang; Qiugang Zhan; Shilong Li; Xiurui Xie; Zhiguang Qin; Guisong Liu,204,,10.1016/j.neunet.2026.109253,https://doi.org/10.1016/j.neunet.2026.109253,article,Neural Networks,https://openalex.org/W7164756430
Neural Networks,Elsevier,2026,2026-06-15,Dynamic-based representation inconsistency and implicit constraints for offline reinforcement learning,Yesen Chen; Teng Zhang; Li T; JiangCheng Chen; Dongyun Wang,204,,10.1016/j.neunet.2026.109220,https://doi.org/10.1016/j.neunet.2026.109220,article,Neural Networks,https://openalex.org/W7164863523
Neural Networks,Elsevier,2026,2026-06-15,FedLASE: Performance-balanced system-heterogeneous FL via layer-adaptive submodel extraction,Qing He Hu; Tianchi Liao; Shuyi Wu; Zibin Zheng; Chuan Chen,204,,10.1016/j.neunet.2026.109261,https://doi.org/10.1016/j.neunet.2026.109261,article,Neural Networks,https://openalex.org/W7164848889
Neural Networks,Elsevier,2026,2026-06-15,MM-TransUNet: Multi-modal and multi-graph feature learning for neurodevelopmental disorder diagnosis,Weilun Wu; Huan Wang; Shen Wu; Xueliang Jiang; Zhuqing Jiao,204,,10.1016/j.neunet.2026.109237,https://doi.org/10.1016/j.neunet.2026.109237,article,Neural Networks,https://openalex.org/W7164813695
Neural Networks,Elsevier,2026,2026-06-16,Semi-supervised multi-label feature selection with consistent sparse graph learning,Yan Zhong; Xingyu Wu; Xinping Zhao; Li Zhang; Xinyuan Song; Lei Shi; Bingbing Jiang,204,,10.1016/j.neunet.2026.109265,https://doi.org/10.1016/j.neunet.2026.109265,article,Neural Networks,https://openalex.org/W4413151205
Neural Networks,Elsevier,2026,2026-06-17,Directly training on quantized model via gradient scale correction for edge device,Dewang Zhang; Jingling Yuan; Yu Zhou; Chuang Hu; Xiaohan Yu; Heping Gou,204,,10.1016/j.neunet.2026.109266,https://doi.org/10.1016/j.neunet.2026.109266,article,Neural Networks,https://openalex.org/W7165011867
Neural Networks,Elsevier,2026,2026-06-17,Exponential synchronization of T-S fuzzy complex-valued BAM neural networks with mixed time-varying delays via event-triggered control engineering and applications,M. Suresh; Samidurai R.; K. Asmiya Banu; M. Mubeen Tajudeen; Shah Muhammad; Tingwen Huang,204,,10.1016/j.neunet.2026.109254,https://doi.org/10.1016/j.neunet.2026.109254,article,Neural Networks,https://openalex.org/W7165060340
Neural Networks,Elsevier,2026,2026-06-17,Heterogeneous oblique double random forest,M. A. Ganaie; M. Tanveer; I. Beheshti; M.A. Hussain; Nurul Athirah Ahmad; Ponnuthurai Nagaratnam Suganthan,205,Pt A,10.1016/j.neunet.2026.109262,https://doi.org/10.1016/j.neunet.2026.109262,article,Neural Networks,https://openalex.org/W4366197094
Neural Networks,Elsevier,2026,2026-06-17,Hindsight-based state space exploration via counterfactual intrinsic reward assignment,Yuchen Liang; Qinchen Yang; Fukai Zhang; Cong Wang; Ying Liu,204,,10.1016/j.neunet.2026.109260,https://doi.org/10.1016/j.neunet.2026.109260,article,Neural Networks,https://openalex.org/W7165038281
Neural Networks,Elsevier,2026,2026-06-17,Unsupervised visible-infrared person re-identification via locally reliable matching and global distribution alignment,Yun Song; Chao Gao; Ke Nai; Guiji Li,204,,10.1016/j.neunet.2026.109263,https://doi.org/10.1016/j.neunet.2026.109263,article,Neural Networks,https://openalex.org/W7165039635
Neural Networks,Elsevier,2026,2026-06-18,Topologically informed echo state networks via poincaré return maps for chaotic time-series,Pradeep Singh; Ashutosh Kumar; Sutirtha Ghosh; Balasubramanian Raman,204,,10.1016/j.neunet.2026.109264,https://doi.org/10.1016/j.neunet.2026.109264,article,Neural Networks,https://openalex.org/W4411257764
Neural Networks,Elsevier,2026,2026-06-19,CMTNet: A hybrid CNN-Mamba-Transformer network for point cloud salient object detection,Langtao Gan; Hongfa Wen; Jia Hou; Haicheng Tu; Zunjie Zhu,204,,10.1016/j.neunet.2026.109279,https://doi.org/10.1016/j.neunet.2026.109279,article,Neural Networks,https://openalex.org/W7165367571
Neural Networks,Elsevier,2026,2026-06-19,"DNA: Improving text-based person search through distillation learning, negated relation-aware learning, and augmented representation learning",Anh D. Nguyen; Anh Duc Nguyen; Tam T. Ngo; Hoa Ngoc Nguyen,204,,10.1016/j.neunet.2026.109275,https://doi.org/10.1016/j.neunet.2026.109275,article,Neural Networks,https://openalex.org/W7165383451
Neural Networks,Elsevier,2026,2026-06-19,Dual-channel hard negative sample generation for graph contrastive learning,Jianghui Cai; Mengyu Li; Haifeng Yang; Wang Jie; Yating Li; Guojiao An; Yaling Xun; Xujun Zhao,204,,10.1016/j.neunet.2026.109277,https://doi.org/10.1016/j.neunet.2026.109277,article,Neural Networks,https://openalex.org/W7165387376
Neural Networks,Elsevier,2026,2026-06-19,Fixed/preassigned-time stabilization and time-energy tradeoff analysis of delayed memristive reaction diffusion neural networks,Jing Han; Leimin Wang; Chaouki Aouiti; Guodong Zhang,204,,10.1016/j.neunet.2026.109282,https://doi.org/10.1016/j.neunet.2026.109282,article,Neural Networks,https://openalex.org/W7165357472
Neural Networks,Elsevier,2026,2026-06-19,LLM-Driven Regime-Adaptive strategy synthesis for Polymorphic Network routing,Shuhan Guo; Yudong Bai; Wei Huangfu; Quan Zheng; Quanming Yao,204,,10.1016/j.neunet.2026.109269,https://doi.org/10.1016/j.neunet.2026.109269,article,Neural Networks,https://openalex.org/W7165179431
Neural Networks,Elsevier,2026,2026-06-19,MCFusion-DDI: Multimodal cross-attention fusion of local-global features and latent drug associations for explainable DDI prediction,Yongqing Zhang; Yugui Xu; Zhigan Zhou; Hao Yuan; Jin Wu; Quan Zou; Lei Xu,204,,10.1016/j.neunet.2026.109278,https://doi.org/10.1016/j.neunet.2026.109278,article,Neural Networks,https://openalex.org/W7165394788
Neural Networks,Elsevier,2026,2026-06-19,MDFAT: Interactive mask decoupling and frequency-adaptive transformer for multi-focus image fusion,Zhendong Xu; Hao Zhai; Zhi Zeng; Bo Lin; Minyu Deng,204,,10.1016/j.neunet.2026.109270,https://doi.org/10.1016/j.neunet.2026.109270,article,Neural Networks,https://openalex.org/W7165138248
Neural Networks,Elsevier,2026,2026-06-19,Multiple-Strategies dung beetle optimizer and its applications in engineering optimization and bankruptcy prediction,Dedai Wei; Kaichen Ouyang; Zimo Wang; Xinye Sha; Yiran Xie; Minyu Qiu; Zongfan Yi; Huiling Chen; Guoxi Liang,204,,10.1016/j.neunet.2026.109274,https://doi.org/10.1016/j.neunet.2026.109274,article,Neural Networks,https://openalex.org/W7165398666
Neural Networks,Elsevier,2026,2026-06-20,DAFF-Net: A detection and search method for small-scale low surface brightness galaxies,Hua Chen; Jinfu Chen,204,,10.1016/j.neunet.2026.109285,https://doi.org/10.1016/j.neunet.2026.109285,article,Neural Networks,https://openalex.org/W7165378778
Neural Networks,Elsevier,2026,2026-06-20,ES-DETR: Real-time detection transformer with encover and soft-dropout,Yiqing He; Zefeng Zheng; Zhuowei Wang; Xi Zhang; Li T; Lianglun Cheng,204,,10.1016/j.neunet.2026.109281,https://doi.org/10.1016/j.neunet.2026.109281,article,Neural Networks,https://openalex.org/W7165360414
Neural Networks,Elsevier,2026,2026-06-20,Fourier multi-component and multi-layer neural networks: Unlocking high-frequency potential,Shijun Zhang; Hongkai Zhao; Yimin Zhong; Haomin Zhou,204,,10.1016/j.neunet.2026.109268,https://doi.org/10.1016/j.neunet.2026.109268,article,Neural Networks,https://openalex.org/W4416043559
Neural Networks,Elsevier,2026,2026-06-20,IGFD-Net: Illumination-guided frequency decoupling for polarization image fusion,Mengxin Gong; J Q Li; Mengqian Chen,204,,10.1016/j.neunet.2026.109283,https://doi.org/10.1016/j.neunet.2026.109283,article,Neural Networks,https://openalex.org/W7165364962
Neural Networks,Elsevier,2026,2026-06-21,An integrated framework for surface reconstruction from incomplete point clouds based on constraint feedforward migration,Yuxiang Leng; Yue Wang; Yaqi Nie; J. H. Zou; Yanfang Zhang,204,,10.1016/j.neunet.2026.109286,https://doi.org/10.1016/j.neunet.2026.109286,article,Neural Networks,https://openalex.org/W7165489373
Neural Networks,Elsevier,2026,2026-06-21,Corrigendum to “Solver-in-the-loop joint operator learning: Fractional Laplace-Beltrami features for interface reconstruction” [Neural Networks 203 (2026) 109067],Yangyang Zheng; Huayi Wei; Shuhao Cao; Ruchi Guo,204,,10.1016/j.neunet.2026.109227,https://doi.org/10.1016/j.neunet.2026.109227,erratum,Neural Networks,https://openalex.org/W7165467024
Neural Networks,Elsevier,2026,2026-06-21,The landscape of pruning for large language models: A systematic review and unified taxonomy,Yiyi Chen; Yuchuan Mu; Q.K. Tong; X C Liu,204,,10.1016/j.neunet.2026.109267,https://doi.org/10.1016/j.neunet.2026.109267,review,Neural Networks,https://openalex.org/W7165479247
Neural Networks,Elsevier,2026,2026-06-22,Concept mask-aware pruning and augmentation for few sample model compression,Yafeng Sun; Xingwang Wang; Junhong Huang; Shilin Chen,204,,10.1016/j.neunet.2026.109288,https://doi.org/10.1016/j.neunet.2026.109288,article,Neural Networks,https://openalex.org/W7165598908
Neural Networks,Elsevier,2026,2026-06-22,DMWFuse: A degradation-adaptive unified framework for RGB-IR image fusion,Keming Bai; Linyuan He; Shiping Ma; Jing Dang; Jiacheng Ni; Kun Liu; Mingzhao Han; Xiaoyu Cai,204,,10.1016/j.neunet.2026.109276,https://doi.org/10.1016/j.neunet.2026.109276,article,Neural Networks,https://openalex.org/W7165543870
Neural Networks,Elsevier,2026,2026-06-22,Multiscale EEG feature fusion for recognizing 3D object shapes through active touch,Jiahui Jiang; Zhiling Ren; Jixuan Wang; Xinmeng Guo; Guosheng Yi; Bin Deng; Yi-Xiang Wang; Zhenxi Song; Tianshi Gao,204,,10.1016/j.neunet.2026.109289,https://doi.org/10.1016/j.neunet.2026.109289,article,Neural Networks,https://openalex.org/W7165569623
Neural Networks,Elsevier,2026,2026-06-22,Observer-based ADP for secure resource allocation in high-order nonlinear multi-agent systems under FDI attacks,Qingxiang Ao; Sen Chen; Xiaole Yang; Jiaxin Yuan,204,,10.1016/j.neunet.2026.109284,https://doi.org/10.1016/j.neunet.2026.109284,article,Neural Networks,https://openalex.org/W7165570337
Neural Networks,Elsevier,2026,2026-06-23,Boosting deep detector efficiency and robustness through detection discriminant reorganization and compression,Jung Im Choi; Qizhen Lan; Qing Tian,204,,10.1016/j.neunet.2026.109271,https://doi.org/10.1016/j.neunet.2026.109271,article,Neural Networks,https://openalex.org/W7165677769
Neural Networks,Elsevier,2026,2026-06-24,Aggregating global-scale pixel-wise forgery cues within a graph,Hengrun Zhao; Yifan Wang; Yunzhi Zhuge; Lijun Wang; Huchuan Lu,204,,10.1016/j.neunet.2026.109272,https://doi.org/10.1016/j.neunet.2026.109272,article,Neural Networks,https://openalex.org/W7165805784
Neural Networks,Elsevier,2026,2026-06-24,Finite-Time intermittent control for secure synchronization of Neutral-Type stochastic delayed neural networks under aperiodic DoS attacks,Jie Mi; 龚日朝; Quanxin Zhu,204,,10.1016/j.neunet.2026.109291,https://doi.org/10.1016/j.neunet.2026.109291,article,Neural Networks,https://openalex.org/W7165746348
Neural Networks,Elsevier,2026,2026-06-25,Brain network construction and analysis for epilepsy: A methodology review,Yuge Yang; Duanpo Wu; Yuhan Gao; Tiejia Jiang; Chenggang Yan; Yixuan Yuan; Lian Zhang; Samaneh Kashi; Peiwu Qin,204,,10.1016/j.neunet.2026.109294,https://doi.org/10.1016/j.neunet.2026.109294,article,Neural Networks,https://openalex.org/W7165866681
Neural Networks,Elsevier,2026,2026-06-25,Dynamic analysis and reliable mechanical optimization application of ring HNN effected with a memristive neuron,Wei Yao; Sijia Peng; Jia Fang; Yichuang Sun; Jianhua Xiao; Fei Yu,204,,10.1016/j.neunet.2026.109297,https://doi.org/10.1016/j.neunet.2026.109297,article,Neural Networks,https://openalex.org/W7165925005
Neural Networks,Elsevier,2026,2026-06-25,Integrating visual and language cues via state space models for medical image segmentation,Mingyang Hou; Zhiyong Huang; Daidi Zhong; Zhi Yu; Xiaoyu Li; Jiahong Wang; Yan Yan; Ying Liu; M R Yang,204,,10.1016/j.neunet.2026.109293,https://doi.org/10.1016/j.neunet.2026.109293,article,Neural Networks,https://openalex.org/W7165856444
Neural Networks,Elsevier,2026,2026-06-25,Memristive neuromorphic circuit design inspired by the neural mechanisms of conditioned fear,Xi Zhang; Jichen Shi; Le Yang; Zhigang Zeng,204,,10.1016/j.neunet.2026.109295,https://doi.org/10.1016/j.neunet.2026.109295,article,Neural Networks,https://openalex.org/W7165909789
Neural Networks,Elsevier,2026,2026-06-25,Partial-encryption-decryption-based secure state estimation of singularly perturbed complex networks: A Paillier encryption approach,Yuehua Chen; Zidong Wang; Yurong Liu; Weihao Song,204,,10.1016/j.neunet.2026.109292,https://doi.org/10.1016/j.neunet.2026.109292,article,Neural Networks,https://openalex.org/W7165958345
Neural Networks,Elsevier,2026,2026-06-25,ResVaRe: Parameter-efficient fine-tuning for large language models via cross-layer residual vector adaptation and representation editing,Yue Wang; YingJie Li; Yue Wang,204,,10.1016/j.neunet.2026.109273,https://doi.org/10.1016/j.neunet.2026.109273,article,Neural Networks,https://openalex.org/W7165852013
Neural Networks,Elsevier,2026,2026-06-26,Exploiting audio-visual modalities in videos: Object detection via multi-stage bilateral coupling network,Qifeng Liu; Zujun Yu; Liqiang Zhu; Baoqing Guo; Yue Wang,204,,10.1016/j.neunet.2026.109290,https://doi.org/10.1016/j.neunet.2026.109290,article,Neural Networks,https://openalex.org/W7166112123
Neural Networks,Elsevier,2026,2026-06-26,FedCAD: Cross-modal semantic alignment and distillation for cross-domain heterogeneous federated learning,Qian Zhang; Huijun Yuan; Mingwen Shao; Hong Liang; Hu Liu; Xi Zhang,204,,10.1016/j.neunet.2026.109298,https://doi.org/10.1016/j.neunet.2026.109298,article,Neural Networks,https://openalex.org/W7166057728
Neural Networks,Elsevier,2026,2026-06-27,Quasi-synchronization for complex networks with hybrid pinning intermittent control,Zhao Li-wei; Zenghong Huang; Hui Peng; Hongxia Rao; Yong Xu; Tingwen Huang,204,,10.1016/j.neunet.2026.109301,https://doi.org/10.1016/j.neunet.2026.109301,article,Neural Networks,https://openalex.org/W7166300275
Neural Networks,Elsevier,2026,2026-06-27,Reliability-aware modality completion with cross-modal distillation for federated learning with missing modalities,Mengmeng Li; Xin He; Jinhua Chen,204,,10.1016/j.neunet.2026.109302,https://doi.org/10.1016/j.neunet.2026.109302,article,Neural Networks,https://openalex.org/W7166296829
Neural Networks,Elsevier,2026,2026-06-28,MT2-CSD and LLM-CRAN: A new dataset and an LLM-based multi-semantic knowledge fusion model for conversational stance detection,Fuqiang Niu; Genan Dai; Yisha Lu; Jiayu Liao; Xiang Li; Jingyan Jiang; Hu Huang; Bowen Zhang,204,,10.1016/j.neunet.2026.109304,https://doi.org/10.1016/j.neunet.2026.109304,article,Neural Networks,https://openalex.org/W7166442849
Neural Networks,Elsevier,2026,2026-06-28,WaveletMamba: Harnessing learnable multi-scale state space dynamics for time series forecasting,Abhishek Sharma; Sachin Maurya; Achyut Mani Tripathi; Kedar Khandeparkar,204,,10.1016/j.neunet.2026.109296,https://doi.org/10.1016/j.neunet.2026.109296,article,Neural Networks,https://openalex.org/W7166448301
Neural Networks,Elsevier,2026,2026-06-29,AdapHBNA: Adaptive hierarchical spatio-temporal brain network analysis for brain disease detection,Junze Wang; Guangyu Wang; Dequan Meng; Yong Li; Xiaoming Xi; Lishan Qiao; Lina Xu; Lanning Zhang,205,Pt A,10.1016/j.neunet.2026.109305,https://doi.org/10.1016/j.neunet.2026.109305,article,Neural Networks,https://openalex.org/W4414543136
Neural Networks,Elsevier,2026,2026-06-29,DSN : Energy-efficient EMG signal classification method enabling real-time monitoring for edge healthcare,Zhenyu Zhang; Xianzhe Meng; Jianglan Wei; Mingjie Zeng; Zhigang Zeng,205,Pt A,10.1016/j.neunet.2026.109306,https://doi.org/10.1016/j.neunet.2026.109306,article,Neural Networks,https://openalex.org/W7166506828
Neural Networks,Elsevier,2026,2026-06-29,Physics-encoded convolutional neural operators for parametric PDEs: A convergence-guaranteed framework via pre-computed kernel fields,Yu Liu; Y Chen; Ruihao Liu; Rui Li; Xin Wang; Zengli Peng; Keyang Tan; Q Chen,204,,10.1016/j.neunet.2026.109309,https://doi.org/10.1016/j.neunet.2026.109309,article,Neural Networks,https://openalex.org/W7166566226
Neural Networks,Elsevier,2026,2026-06-29,Q-learning based asynchronous Boolean control networks stabilization with data loss,J Q Li; Hao Zhang; Chengye Zou; Chuan Zhang,204,,10.1016/j.neunet.2026.109310,https://doi.org/10.1016/j.neunet.2026.109310,article,Neural Networks,https://openalex.org/W7166536026
Neural Networks,Elsevier,2026,2026-06-29,UMind: A unified multitask network for zero-shot M/EEG visual decoding,Chengjian Xu; Yonghao Song; Zichen Liao; Haochuan Zhang; Qiong Wang; Qingqing Zheng,205,Pt A,10.1016/j.neunet.2026.109314,https://doi.org/10.1016/j.neunet.2026.109314,article,Neural Networks,https://openalex.org/W4417082067
Neural Networks,Elsevier,2026,2026-06-30,Decentralized ADMM for factorization-based Low-rank matrix estimation,Zihao Song; Weihua Zhao; Rui Li; Heng Lian,204,,10.1016/j.neunet.2026.109319,https://doi.org/10.1016/j.neunet.2026.109319,article,Neural Networks,https://openalex.org/W7166736070
Neural Networks,Elsevier,2026,2026-06-30,Variance-constrained multi-view ensemble broad network for imbalanced data,Ziyang Dong; Wuxing Chen; Zhiwen Yu; Kaixiang Yang; C. L. Philip Chen,204,,10.1016/j.neunet.2026.109317,https://doi.org/10.1016/j.neunet.2026.109317,article,Neural Networks,https://openalex.org/W7166678949
Neural Networks,Elsevier,2026,2026-07-01,Anchor-based disentanglement framework for incremental multi-view clustering,Bo Zhong; Pengyuan Li; Zisen Kong; Dongxia Chang; Yue Wang; Yao Zhao,204,,10.1016/j.neunet.2026.109327,https://doi.org/10.1016/j.neunet.2026.109327,article,Neural Networks,https://openalex.org/W7166833802
Neural Networks,Elsevier,2026,2026-07-01,CIMatcher: Cross-scale interaction matcher for accurate local feature matching,Xuan Fan; Fuyuan Qiu; Hao Wei; Hongbo Gao; Tao Xie; Chuqing Cao; Ruifeng LI; Lijun Zhao; Ke Wang,205,Pt A,10.1016/j.neunet.2026.109299,https://doi.org/10.1016/j.neunet.2026.109299,article,Neural Networks,https://openalex.org/W4411978832
Neural Networks,Elsevier,2026,2026-07-01,Collaborative-adversarial jailbreaking: A propagation-aware attack framework for multi-agent code generation systems,Zhaoyang Qu; Mingyang Geng; Yunxin Mao; Shanzhi Gu; Chuanfu Xu; Haotian Wang,205,Pt A,10.1016/j.neunet.2026.109280,https://doi.org/10.1016/j.neunet.2026.109280,article,Neural Networks,https://openalex.org/W7166875865
Neural Networks,Elsevier,2026,2026-07-01,Frequency-based cross-attention fusion network for RGB-D salient object detection,"Xin Zhou; Yongchao  Yu, zhang; Ji Wang",204,,10.1016/j.neunet.2026.109322,https://doi.org/10.1016/j.neunet.2026.109322,article,Neural Networks,https://openalex.org/W4413351549
Neural Networks,Elsevier,2026,2026-07-01,Joint color-spatial iterative interaction and metric-based motion filtering for unsupervised polyp segmentation in endoscopic videos,Wenlong Song; Yiwen Jia; Jie Chen; Chenchu Xu; Zhifan Gao; Dingwen Zhang,205,Pt A,10.1016/j.neunet.2026.109300,https://doi.org/10.1016/j.neunet.2026.109300,article,Neural Networks,https://openalex.org/W7166868126
Neural Networks,Elsevier,2026,2026-07-01,New results on prescribed-time synchronization of complex networks via intermittent control,Yi-Xiang Wang; Zhiming Qiao; J Zhang; Mingjie Li,204,,10.1016/j.neunet.2026.109329,https://doi.org/10.1016/j.neunet.2026.109329,article,Neural Networks,https://openalex.org/W7166798311
Neural Networks,Elsevier,2026,2026-07-01,Robust and interpretable tabular data classification via multi-channel image conversion and channel-wise gating,Zengshuai Wang; Minhua Zheng; Peter Xiaoping Liu,205,Pt A,10.1016/j.neunet.2026.109316,https://doi.org/10.1016/j.neunet.2026.109316,article,Neural Networks,https://openalex.org/W7166855515
Neural Networks,Elsevier,2026,2026-07-01,TraNce: Type-aware hypergraph neural network with biological mediators for drug repositioning,Hai Ning Cui; Haijia Bi; Ren Fu; Xingang Wang; Meiyu Duan; Yijia Zhang,204,,10.1016/j.neunet.2026.109324,https://doi.org/10.1016/j.neunet.2026.109324,article,Neural Networks,https://openalex.org/W7166842240
Neural Networks,Elsevier,2026,2026-07-01,TriAlignNet: A triple-path cross-modality alignment framework for multimodal time series forecasting,Junjie Ye; Chunna Zhao; Yaqun Huang,204,,10.1016/j.neunet.2026.109321,https://doi.org/10.1016/j.neunet.2026.109321,article,Neural Networks,https://openalex.org/W7166891208
Neural Networks,Elsevier,2026,2026-07-02,A boundary-regularization-enhanced video anomaly detection network based on context-adaptive spatio-temporal conditional diffusion,Huilin Liu; Guanghan Sun; Xiaolong Hu; Tian Liu; Wanqi Ma,204,,10.1016/j.neunet.2026.109330,https://doi.org/10.1016/j.neunet.2026.109330,article,Neural Networks,https://openalex.org/W7167093654
Neural Networks,Elsevier,2026,2026-07-02,An efficient stacked recurrent broad learning scheme for PV cluster power forecasting,Huixiang Yang; Jingang Lai; Zhigang Zeng,205,Pt A,10.1016/j.neunet.2026.109312,https://doi.org/10.1016/j.neunet.2026.109312,article,Neural Networks,https://openalex.org/W7167062456
Neural Networks,Elsevier,2026,2026-07-02,CANav: Cognition-aligned object-goal navigation based on a hierarchical scene graph with personalized knowledge-guided reasoning,C L Li; Xiaoying Zhou; Zunhao Hu; Jun Sun,205,Pt A,10.1016/j.neunet.2026.109332,https://doi.org/10.1016/j.neunet.2026.109332,article,Neural Networks,https://openalex.org/W7167123515
Neural Networks,Elsevier,2026,2026-07-02,Complex-valued amplitude–phase interference modeling for adversarially robust classification,Yi Li; Yan Zhang; C ZHANG,204,,10.1016/j.neunet.2026.109331,https://doi.org/10.1016/j.neunet.2026.109331,article,Neural Networks,https://openalex.org/W7167041353
Neural Networks,Elsevier,2026,2026-07-02,D3I-COMCF: Dissimilarity-driven dual-interaction via co-occurrence motifs and complementary fragments for drug-drug interaction prediction,Wentao Xie; Min Jin; M R Yang; Yulu Zhou; Xinhua Liu; Li Meng; Jagath Chandana Rajapakse,204,,10.1016/j.neunet.2026.109328,https://doi.org/10.1016/j.neunet.2026.109328,article,Neural Networks,https://openalex.org/W7167051031
Neural Networks,Elsevier,2026,2026-07-02,Theoretical analysis of the denoising autoencoder using Tweedie’s formula,Yuta Aishima; Kazushi Ikeda,204,,10.1016/j.neunet.2026.109287,https://doi.org/10.1016/j.neunet.2026.109287,article,Neural Networks,https://openalex.org/W4410951725
Neural Networks,Elsevier,2026,2026-07-02,Towards robust remote sensing visual question answering with spectral expert adaptation and group-relative optimization,Junjiang Yuan; Zhe Li; Tingbin Zhang,205,Pt A,10.1016/j.neunet.2026.109308,https://doi.org/10.1016/j.neunet.2026.109308,article,Neural Networks,https://openalex.org/W7167077688
Neural Networks,Elsevier,2026,2026-07-03,EEG fine-grained visual semantic decoding via a multimodal framework,Wenjie Cheng; Dongguan Qian; L Y Wang; Xiaolong Chen; Pengji Jing; Hong Zeng,205,Pt A,10.1016/j.neunet.2026.109318,https://doi.org/10.1016/j.neunet.2026.109318,article,Neural Networks,https://openalex.org/W7167274348
Neural Networks,Elsevier,2026,2026-07-03,HTNet: A self-supervised heterogeneous triple network for multi-modal data,Tianjian Zhou; Yishan Li; Lixin Zhan; Jie Jiang,204,,10.1016/j.neunet.2026.109313,https://doi.org/10.1016/j.neunet.2026.109313,article,Neural Networks,https://openalex.org/W7167255067
Neural Networks,Elsevier,2026,2026-07-03,Modeling multiple classical conditioning mechanisms in a Memristor-Based learning circuit,Yueqi Song; Suo Gao; Herbert Ho‐Ching Iu; Santo Banerjee; Yinghong Cao; Junxin Chen; Yushu Zhang; Jun Mou,205,Pt A,10.1016/j.neunet.2026.109325,https://doi.org/10.1016/j.neunet.2026.109325,article,Neural Networks,https://openalex.org/W7167236610
Neural Networks,Elsevier,2026,2026-07-04,A practical design of backdoor trigger under frequency-based orthogonality constraints,Hao Luo; Zhi Qin; Min Yang,205,Pt A,10.1016/j.neunet.2026.109307,https://doi.org/10.1016/j.neunet.2026.109307,article,Neural Networks,https://openalex.org/W7167349521
Neural Networks,Elsevier,2026,2026-07-04,Cluster-guided adversarial graph contrastive learning,Dong Huang; Jia Wan; Z Zhang; Huiling Zhang; Changdong Wang,205,Pt A,10.1016/j.neunet.2026.109315,https://doi.org/10.1016/j.neunet.2026.109315,article,Neural Networks,https://openalex.org/W7167365822
Neural Networks,Elsevier,2026,2026-07-04,Convergence of stochastic gradient methods for wide two-layer physics-informed neural networks for the Poisson equation,Bangti Jin; Longjun Wu,205,,10.1016/j.neunet.2026.109335,https://doi.org/10.1016/j.neunet.2026.109335,article,Neural Networks,https://openalex.org/W7167367821
Neural Networks,Elsevier,2026,2026-07-05,Predefined-time synchronization of memristor-based competitive neural networks with time-varying delays and application in image encryption,Yan Chen; Shahnorbanun Sahran; Ravie Chandren Muniyandi; Zuowei Cai,205,Pt A,10.1016/j.neunet.2026.109337,https://doi.org/10.1016/j.neunet.2026.109337,article,Neural Networks,https://openalex.org/W7167430768
Neural Networks,Elsevier,2026,2026-07-06,A survey of modern neural network based methods for the graph coloring problem,Jiin Yih Tan; Kai An Sim; Hui Na Chua,205,Pt A,10.1016/j.neunet.2026.109320,https://doi.org/10.1016/j.neunet.2026.109320,article,Neural Networks,https://openalex.org/W7167485956
Neural Networks,Elsevier,2026,2026-07-06,Dynamical behavior and applications of fractional-order bicyclic crossed memristive neural networks with Neimark-Sacker bifurcation: Synchronization and image encryption,Binshuai Feng; Zeyu Liu; Jingxuan Feng; Guohua Chen,205,Pt A,10.1016/j.neunet.2026.109326,https://doi.org/10.1016/j.neunet.2026.109326,article,Neural Networks,https://openalex.org/W7167457820
Neural Networks,Elsevier,2026,2026-07-06,MCFRNet: Multi-path contextual feature refinement network for hyperspectral image classification,Xiaoqing Wan; Ziqi Sun; Yupeng He; Feng Chen,205,Pt A,10.1016/j.neunet.2026.109341,https://doi.org/10.1016/j.neunet.2026.109341,article,Neural Networks,https://openalex.org/W7167480198
Neural Networks,Elsevier,2026,2026-07-07,A survey of the integration between machine learning and artificial intelligence techniques in software-defined networking,Ariel Łukowski; Grzegorz Papier; Robert Wójcik; Jerzy Domżał,205,Pt A,10.1016/j.neunet.2026.109339,https://doi.org/10.1016/j.neunet.2026.109339,article,Neural Networks,https://openalex.org/W7167613033
Neural Networks,Elsevier,2026,2026-07-07,Any-step dynamics model improves future predictions for offline reinforcement learning via hierarchical roll-out,Haoxin Lin; Yihao Sun; Yi-Chen Li; Z Zhang; Chengxing Jia; Yang Yu,205,Pt A,10.1016/j.neunet.2026.109343,https://doi.org/10.1016/j.neunet.2026.109343,article,Neural Networks,https://openalex.org/W7167595266
Neural Networks,Elsevier,2026,2026-07-07,GSsplat: Generalizable semantic Gaussian splatting for novel-view synthesis in 3D scenes,Feng Xiao; Hongbin Xu; Wanlin Liang; Wenxiong Kang,205,Pt A,10.1016/j.neunet.2026.109344,https://doi.org/10.1016/j.neunet.2026.109344,article,Neural Networks,https://openalex.org/W4416095498
Neural Networks,Elsevier,2026,2026-07-07,Knowledge tracing framework based on the cognitive state of quantum focal element uncertainty,Haoyu Wang; Weidong Ji,205,Pt A,10.1016/j.neunet.2026.109303,https://doi.org/10.1016/j.neunet.2026.109303,article,Neural Networks,https://openalex.org/W7167609164
Neural Networks,Elsevier,2026,2026-07-07,Learning general representation of 12-lead ECG with a joint-embedding predictive architecture,Sehun Kim,205,Pt A,10.1016/j.neunet.2026.109334,https://doi.org/10.1016/j.neunet.2026.109334,article,Neural Networks,https://openalex.org/W7167616211
Neural Networks,Elsevier,2026,2026-07-07,"Unified knowledge distillation: Integrating offline, online, and self-distillation paradigms for image classification",S Q Wang; Zhenye Chen; Fuli Wu; Jianan Chen; Pengyi Hao,205,Pt A,10.1016/j.neunet.2026.109336,https://doi.org/10.1016/j.neunet.2026.109336,article,Neural Networks,https://openalex.org/W7167628172
Neural Networks,Elsevier,2026,2026-07-08,Interactive 3D scene graph alignment for zero-shot object navigation,Yu He; Kang Zhou; Lifang Tian,205,Pt A,10.1016/j.neunet.2026.109323,https://doi.org/10.1016/j.neunet.2026.109323,article,Neural Networks,https://openalex.org/W7167738165
Neural Networks,Elsevier,2026,2026-07-09,A Multi-Task Learning Framework with Physics Embedded for Signal Reconstruction and State Prediction in Underground Multi-Robot Systems,X J Chen; Lin Zhang; Haonian Wu; Xin Han; Biao He; Feng Hu; Tao Fu; Yihui Pang; Rulin Zhou,205,Pt A,10.1016/j.neunet.2026.109358,https://doi.org/10.1016/j.neunet.2026.109358,article,Neural Networks,https://openalex.org/W7167809564
Neural Networks,Elsevier,2026,2026-07-09,A Non-equilibrium thermodynamic framework for neural networks: A principled correspondence and parameter dynamics,Maimaitiniyazi Maimaitiabudula; Mingjun Shi; J. Pu; Daniel Addo,205,Pt A,10.1016/j.neunet.2026.109366,https://doi.org/10.1016/j.neunet.2026.109366,article,Neural Networks,https://openalex.org/W7167795275
Neural Networks,Elsevier,2026,2026-07-09,Blind object detectors via transferable background adversarial attack,Jiawei Lian; Shaohui Mei; Xiaofei Wang; Yi Wang; L Y Wang; Yingjie Lu; Mingyang Ma; Lap‐Pui Chau,205,Pt A,10.1016/j.neunet.2026.109356,https://doi.org/10.1016/j.neunet.2026.109356,article,Neural Networks,https://openalex.org/W7167783437
Neural Networks,Elsevier,2026,2026-07-09,C2LNet: Fusing infrared and visible image via a cross-modality complementarity learning network,Xingyu Sun; Xiaobin Liu; Jing Yuan; J Q Li; Nan Hu; Pingyu Wang,205,Pt A,10.1016/j.neunet.2026.109365,https://doi.org/10.1016/j.neunet.2026.109365,article,Neural Networks,https://openalex.org/W7167809423
Neural Networks,Elsevier,2026,2026-07-09,D2former: Dual-branch differential transformer for infrared image denoising,Xiyu Cao; Feiwei Qin; Changmiao Wang; Kai Zhang; Jin Fan; Ahmed Elazab; Juan M. Górriz; David López-García; Jing Bai; Xiaojiang Peng,205,Pt A,10.1016/j.neunet.2026.109363,https://doi.org/10.1016/j.neunet.2026.109363,article,Neural Networks,https://openalex.org/W7167839116
Neural Networks,Elsevier,2026,2026-07-09,Discriminative transfer feature learning for unsupervised domain adaptation,Mengyao Li; Zhengming Li; Jinghua Jiang,205,Pt A,10.1016/j.neunet.2026.109359,https://doi.org/10.1016/j.neunet.2026.109359,article,Neural Networks,https://openalex.org/W7167830270
Neural Networks,Elsevier,2026,2026-07-09,Enhancing spiking transformers with temporal feedback coding and global-local dynamic neurons,Zeqi Zheng; Zizheng Zhu; Yingchao Yu; Changze Lv; Yanchen Huang; Junfeng Tang; Zhaofei Yu; Luziwei Leng; Yaochu Jin,205,Pt A,10.1016/j.neunet.2026.109338,https://doi.org/10.1016/j.neunet.2026.109338,article,Neural Networks,https://openalex.org/W7167851781
Neural Networks,Elsevier,2026,2026-07-09,HVPNet: A bio-inspired network for general salient and camouflaged object detection,Jiawei Xu; Qiangqiang Zhou; Zhouping Li; Yanjiao Shi; Yugen Yi; Jiacong Yu,205,Pt A,10.1016/j.neunet.2026.109340,https://doi.org/10.1016/j.neunet.2026.109340,article,Neural Networks,https://openalex.org/W7167831480
Neural Networks,Elsevier,2026,2026-07-09,Hierarchical feature based dual contrastive multiview clustering,Siyuan Peng; Yufei Yuan; Xiaojun Yang; Zhijing Yang; Feiping Nie,205,Pt A,10.1016/j.neunet.2026.109372,https://doi.org/10.1016/j.neunet.2026.109372,article,Neural Networks,https://openalex.org/W7167789472
Neural Networks,Elsevier,2026,2026-07-09,Hyperspectral image classification via adaptive jump scanning Mamba and dynamic perturbation fusion,Cheng Shi; Pupu Chen; Zhiyong Lv; Minghua Zhao; Qiguang Miao,205,Pt A,10.1016/j.neunet.2026.109311,https://doi.org/10.1016/j.neunet.2026.109311,article,Neural Networks,https://openalex.org/W7167798284
Neural Networks,Elsevier,2026,2026-07-09,Injecting reasoning into vision-language models via weight-decomposed merging,Yuchen Zou; L Y Wang; Qinghong Zhao; Yipan Wei; Yapeng Li; Bo Du,205,Pt A,10.1016/j.neunet.2026.109364,https://doi.org/10.1016/j.neunet.2026.109364,article,Neural Networks,https://openalex.org/W7167839887
Neural Networks,Elsevier,2026,2026-07-09,LMSNet: Variable-aware multi-scale framework for multivariate time series forecasting,Wuqing Yu; Jian Zhou; Weichen Guo; J Zhang; Yi-Xiang Wang; Shuyu Luo,205,Pt A,10.1016/j.neunet.2026.109333,https://doi.org/10.1016/j.neunet.2026.109333,article,Neural Networks,https://openalex.org/W7167828690
Neural Networks,Elsevier,2026,2026-07-09,MSESTA: Multi-scale evolving spatial-temporal attention for long-term traffic prediction,Huaijin Ran; Haoyi Zhang,205,Pt A,10.1016/j.neunet.2026.109361,https://doi.org/10.1016/j.neunet.2026.109361,article,Neural Networks,https://openalex.org/W7167790224
Neural Networks,Elsevier,2026,2026-07-09,MT-RevSNN: Memory and time efficient reversible framework for hierarchical spiking transformer,Sirui Li; Zeyang Song; Xueyi Zhang; Shaochen Zhang; Zheyuan Lin; Siqi Cai; Haizhou Li,205,Pt A,10.1016/j.neunet.2026.109370,https://doi.org/10.1016/j.neunet.2026.109370,article,Neural Networks,https://openalex.org/W7167797227
Neural Networks,Elsevier,2026,2026-07-09,Multi-scale Fourier network for all-in-one adverse weather removal of power line aerial image,Bin Hu; Sai Yang; Xuejun Li; Xianglong Dai; Xiaopeng Wang; Yong Jiang; Wanzhi Wen; Hairong Zhu,205,Pt A,10.1016/j.neunet.2026.109367,https://doi.org/10.1016/j.neunet.2026.109367,article,Neural Networks,https://openalex.org/W7167812290
Neural Networks,Elsevier,2026,2026-07-09,PiGIE: Proximal policy optimization guided diffusion for fine-grained image editing,Tiancheng Li; Jinxiu Liu; Weijian Luo; Huajun Chen; Qi Liu,205,Pt A,10.1016/j.neunet.2026.109346,https://doi.org/10.1016/j.neunet.2026.109346,article,Neural Networks,https://openalex.org/W7167799290
Neural Networks,Elsevier,2026,2026-07-09,Upper bounds for local learning coefficients of three-layer neural networks,Yuki Kurumadani,205,Pt A,10.1016/j.neunet.2026.109374,https://doi.org/10.1016/j.neunet.2026.109374,article,Neural Networks,https://openalex.org/W7167837242
Neural Networks,Elsevier,2026,2026-07-10,ARetinex-Net: Low-light image enhancement with adaptive retinex model and global illumination representation,Yunlong Liu; Weisheng Dong; Yufan Zhu; Le Dong; Fangfang Wu; Xin Li; Guangming Shi,205,Pt A,10.1016/j.neunet.2026.109345,https://doi.org/10.1016/j.neunet.2026.109345,article,Neural Networks,https://openalex.org/W7167931601
Neural Networks,Elsevier,2026,2026-07-10,Anchor-based fast balanced multi-view clustering,Yunjia Hua; Bin Zhang; Qianyao Qiang,205,Pt A,10.1016/j.neunet.2026.109357,https://doi.org/10.1016/j.neunet.2026.109357,article,Neural Networks,https://openalex.org/W7167888984
Neural Networks,Elsevier,2026,2026-07-10,HEGait: Optimizing heatmaps with an end-to-end framework for higher-accuracy gait recognition,Baojun Han; Jinyan Chen; Yucheng Jin; Letian Zhao; Furan An; Ziyue He,205,Pt A,10.1016/j.neunet.2026.109377,https://doi.org/10.1016/j.neunet.2026.109377,article,Neural Networks,https://openalex.org/W7167944867
Neural Networks,Elsevier,2026,2026-07-11,"A unified basis decomposition framework for addressing the federated learning trilemma: Communication-efficiency, personalization, and privacy",Zhaoyang Ma; Zhihao Wu; Yi-Xiang Wang; Yao Tai Zhu; Xin Gao; Youfang Lin; Jing Wang; Lu Wang,205,Pt A,10.1016/j.neunet.2026.109378,https://doi.org/10.1016/j.neunet.2026.109378,article,Neural Networks,https://openalex.org/W7168038065
Neural Networks,Elsevier,2026,2026-07-13,B2-PFR: Deep bidirectional learning of user-item body features for fashion compatibility modeling,Wenxin Ding; XJ Huang; Shufang Zhang,205,Pt A,10.1016/j.neunet.2026.109360,https://doi.org/10.1016/j.neunet.2026.109360,article,Neural Networks,https://openalex.org/W7168136339
Neural Networks,Elsevier,2026,2026-07-13,Continual multi-view clustering with pseudo-label guided consistency anchor learning,Maoyuan Wang; Gui-Fu Lu,205,Pt A,10.1016/j.neunet.2026.109385,https://doi.org/10.1016/j.neunet.2026.109385,article,Neural Networks,https://openalex.org/W7168209911
Neural Networks,Elsevier,2026,2026-07-13,Covariance-driven consistency and MMD complementarity with hybrid graph for multi-view clustering,Hongwei Jiang; Wenming Ma; Yixuan Luo; Xin Duan; Jinghui Zhang,205,Pt A,10.1016/j.neunet.2026.109382,https://doi.org/10.1016/j.neunet.2026.109382,article,Neural Networks,https://openalex.org/W7168180259
Neural Networks,Elsevier,2026,2026-07-13,"Deep learning for image inpainting: A taxonomy, review, and future directions",Jixiang Cheng; Yuan Wu; Liang Ge; Zhidan Li; Xiaoting Xiao,205,Pt A,10.1016/j.neunet.2026.109373,https://doi.org/10.1016/j.neunet.2026.109373,article,Neural Networks,https://openalex.org/W7168134637
Neural Networks,Elsevier,2026,2026-07-13,Discrete-time neural dynamics-based online quadratic programming for discrete-time trajectory tracking of cable-driven planar robot,Weicheng Xu; Yuhui Bao; Yifan Zhang; Jianfeng Lv,205,Pt A,10.1016/j.neunet.2026.109368,https://doi.org/10.1016/j.neunet.2026.109368,article,Neural Networks,https://openalex.org/W7168169167
Neural Networks,Elsevier,2026,2026-07-13,Dual-pathway mask ranking guided selective fine-tuning for backdoor purification,Rong Hwa Huang; Xinming Cheng; Isao Echizen,205,Pt A,10.1016/j.neunet.2026.109383,https://doi.org/10.1016/j.neunet.2026.109383,article,Neural Networks,https://openalex.org/W7168160990
Neural Networks,Elsevier,2026,2026-07-13,FreeScene: Generative-enhanced visual modeling for generalized zero-shot image retrieval with scene sketches,Ran Zuo; Z Zhang; Chenxu Ji; Zitan Chen; Fang Liu; Xingzhe Su; Wenwen Qiang,205,Pt A,10.1016/j.neunet.2026.109384,https://doi.org/10.1016/j.neunet.2026.109384,article,Neural Networks,https://openalex.org/W7168178249
Neural Networks,Elsevier,2026,2026-07-13,Graph data augmentation with contrastive learning on covariate distribution shift,Fanlong Zeng; Wensheng Gan,205,Pt A,10.1016/j.neunet.2026.109388,https://doi.org/10.1016/j.neunet.2026.109388,article,Neural Networks,https://openalex.org/W4416953400
Neural Networks,Elsevier,2026,2026-07-13,NeuCoReClass AD: Redefining self-supervised time series anomaly detection,Aitor Sánchez-Ferrera; Usue Mori; Borja Calvo; Jose Antonio Lozano,205,Pt A,10.1016/j.neunet.2026.109375,https://doi.org/10.1016/j.neunet.2026.109375,article,Neural Networks,https://openalex.org/W4417162413
Neural Networks,Elsevier,2026,2026-07-13,PDA-AR: Progressive low-light facial expression recognition via multi-level alignment,Zhaokun Wang; Guo J; Xunlei Chen; Jie Ou; Hongli Pu; Xin Chen; Wenhong Tian,205,Pt A,10.1016/j.neunet.2026.109371,https://doi.org/10.1016/j.neunet.2026.109371,article,Neural Networks,https://openalex.org/W7168120860
Neural Networks,Elsevier,2026,2026-07-13,Reconstruction from a distilled encoder with edge-based pseudo-anomaly for industrial anomaly detection,Jielin Jiang; Jinkai Sun; Yan Cui; Yingnan Zhao; Xiying Liu,205,Pt A,10.1016/j.neunet.2026.109390,https://doi.org/10.1016/j.neunet.2026.109390,article,Neural Networks,https://openalex.org/W4411508982
Neural Networks,Elsevier,2026,2026-07-13,Semi-supervised semantic segmentation by self-training with ambiguity-driven online refinement,Sien Li; Tao Wang; Xiaodong Han; Lingyu Liang; Wenxi Liu,205,Pt A,10.1016/j.neunet.2026.109387,https://doi.org/10.1016/j.neunet.2026.109387,article,Neural Networks,https://openalex.org/W7168204287
Neural Networks,Elsevier,2026,2026-07-13,Towards multi-order homophily-aware propagation in multi-view learning,Yi-Xiang Wang; Jie Lian; Yongquan Shi; Jielong Lu; Shiping Wang,205,Pt A,10.1016/j.neunet.2026.109381,https://doi.org/10.1016/j.neunet.2026.109381,article,Neural Networks,https://openalex.org/W7168166465
Neural Networks,Elsevier,2026,2026-07-15,WNet: A study of a class-waveform attention-enabled deep learning method and its application to medical image segmentation,Wenzhe Meng; Xiaoliang Zhu; Pengwei Hu; Yanxiang Li; Siping Xu; Dehua Ma,205,Pt A,10.1016/j.neunet.2026.109386,https://doi.org/10.1016/j.neunet.2026.109386,article,Neural Networks,https://openalex.org/W7168369017
Neural Networks,Elsevier,2026,2026-07-16,An intelligent sparse approximate inverse selection method based on convolutional neural networks,Xinghe Gao; Ru Han; Yige Zhang; Yue Wang,205,Pt A,10.1016/j.neunet.2026.109394,https://doi.org/10.1016/j.neunet.2026.109394,article,Neural Networks,https://openalex.org/W7168966386
Neural Networks,Elsevier,2026,2026-07-16,CURRENT EVENTS,,202,,10.1016/s0893-6080(26)00812-9,https://doi.org/10.1016/s0893-6080(26)00812-9,article,Neural Networks,https://openalex.org/W7169024839
Neural Networks,Elsevier,2026,2026-07-16,Dendritic functional heterogeneity with feedback control facilitates stable spatiotemporal representation in spiking neural networks,Qiulin Li; Junsong Wang; Jianfang Wu,205,Pt A,10.1016/j.neunet.2026.109395,https://doi.org/10.1016/j.neunet.2026.109395,article,Neural Networks,https://openalex.org/W7168706407
Neural Networks,Elsevier,2026,2026-07-16,Distributed predefined-time optimal allocation for multi-target tracking using constrained kWTA networks,Xiaoxuan Wang; Shaofu Yang; Zhenyuan Guo; Quanbo Ge; Tingwen Huang,205,Pt A,10.1016/j.neunet.2026.109389,https://doi.org/10.1016/j.neunet.2026.109389,article,Neural Networks,https://openalex.org/W7168733602
Neural Networks,Elsevier,2026,2026-07-16,Editorial Board,,202,,10.1016/s0893-6080(26)00809-9,https://doi.org/10.1016/s0893-6080(26)00809-9,paratext,Neural Networks,https://openalex.org/W7169010066
Neural Networks,Elsevier,2026,2026-07-16,INN/ENNS/JNNS - Membership Applic. Form,,202,,10.1016/s0893-6080(26)00813-0,https://doi.org/10.1016/s0893-6080(26)00813-0,article,Neural Networks,https://openalex.org/W7168954703
Neural Networks,Elsevier,2026,2026-07-16,Physics-constrained machine learning for impedance-based measurement and sound absorption prediction of composite acoustic materials,Bo Wang; Zhanbo Cui; Congmin Miao; Haiyu Guo; Shijiang Li; Liang Hou; Xiangjian Bu,205,Pt A,10.1016/j.neunet.2026.109369,https://doi.org/10.1016/j.neunet.2026.109369,article,Neural Networks,https://openalex.org/W7169049921
Neural Networks,Elsevier,2026,2026-07-16,"Precise integration, derivation and prediction of experimentally obtained functional maps via the computation of self-organization model",Anli Jin; Jiaheng Liang; Weiao Lu; Fan Zhang; Hongbo Yu,205,Pt A,10.1016/j.neunet.2026.109392,https://doi.org/10.1016/j.neunet.2026.109392,article,Neural Networks,https://openalex.org/W7168520638
Neural Networks,Elsevier,2026,2026-07-16,RADS-PDD: Reproducibility-aware dynamic similarity-based pre-training data detection against LLMs,Xin Fan; Miyamoto Ryoto; Fan Mo; Chongxian Chen; Tsuneo Matsumoto; Fuyuko Kido; Hayato Yamana,205,Pt A,10.1016/j.neunet.2026.109393,https://doi.org/10.1016/j.neunet.2026.109393,article,Neural Networks,https://openalex.org/W7169075503
Neural Networks,Elsevier,2026,2026-07-17,Adaptive nonlinear learning framework with dynamic representations for scalar-on-function regression,Jiayu Shang; Xiao‐Jun Zeng,205,Pt A,10.1016/j.neunet.2026.109397,https://doi.org/10.1016/j.neunet.2026.109397,article,Neural Networks,https://openalex.org/W7169549810
Neural Networks,Elsevier,2026,2026-07-17,BERT4NID: An intra and inter packet representation with pre-training transformers for IoT network intrusion detection,Zeyu Li; Wenbin Yao,205,Pt A,10.1016/j.neunet.2026.109398,https://doi.org/10.1016/j.neunet.2026.109398,article,Neural Networks,https://openalex.org/W7169525315
Neural Networks,Elsevier,2026,2026-07-17,Backspin: A backdoor attack framework for split learning based on smashed data,Zhanyi Hu; Xuhong Wang; Cen Chen; Yanhao Wang,205,Pt A,10.1016/j.neunet.2026.109402,https://doi.org/10.1016/j.neunet.2026.109402,article,Neural Networks,https://openalex.org/W7169531515
Neural Networks,Elsevier,2026,2026-07-17,CLAMP: Contrastive learning with adaptive multi-loss and progressive fusion for multimodal aspect-based sentiment analysis,Xiaoqiang He; Qiumei Pu; Xin Luo; Qian Li; Jieyao Wei,205,Pt A,10.1016/j.neunet.2026.109403,https://doi.org/10.1016/j.neunet.2026.109403,article,Neural Networks,https://openalex.org/W4414876997
Neural Networks,Elsevier,2026,2026-07-17,Learning to ground multi-agent reinforcement learning with masked multi-agent AutoEncoding,Mingxiao Feng; Lin Liu; Wengang Zhou; Houqiang Li,205,Pt A,10.1016/j.neunet.2026.109408,https://doi.org/10.1016/j.neunet.2026.109408,article,Neural Networks,https://openalex.org/W7169589273
Neural Networks,Elsevier,2026,2026-07-17,MambaMVC: Learning state space model enhanced representation for contrastive multi-view clustering,Yunpeng Zeng; Peng Song,205,Pt A,10.1016/j.neunet.2026.109400,https://doi.org/10.1016/j.neunet.2026.109400,article,Neural Networks,https://openalex.org/W7169622610
Neural Networks,Elsevier,2026,2026-07-17,Mathematical modeling of cancer–bacterial therapy: Analysis and numerical simulation via physics-informed neural networks,Ayoub Farkane; David Lassounon,205,Pt A,10.1016/j.neunet.2026.109399,https://doi.org/10.1016/j.neunet.2026.109399,article,Neural Networks,https://openalex.org/W7169611796
Neural Networks,Elsevier,2026,2026-07-18,Cross-modality fusion with local and global semantic feature correlation for weakly distinguishable object detection in aerial visible and infrared images,Maozhen Liu; Xiaoguang Di; Ximing Li; Zihao Wang,205,Pt A,10.1016/j.neunet.2026.109404,https://doi.org/10.1016/j.neunet.2026.109404,article,Neural Networks,https://openalex.org/W7169658321
Neural Networks,Elsevier,2026,2026-07-18,DCL-SE: Dynamic curriculum learning for spatiotemporal encoding of brain imaging,Meihua Zhou; Xinyu Tong; Jiarui Zhao; Min Cheng; Li Yang; Lei Tian; Nan Wan,205,Pt A,10.1016/j.neunet.2026.109409,https://doi.org/10.1016/j.neunet.2026.109409,article,Neural Networks,https://openalex.org/W7169683098
Neural Networks,Elsevier,2026,2026-07-18,Region-adaptive representation learning for geographic knowledge graph,Hong Liang Yao; Li Gao; Renyao Chen; Zi Xie; X Li; Haijun Song; Shengwen Li,205,Pt A,10.1016/j.neunet.2026.109414,https://doi.org/10.1016/j.neunet.2026.109414,article,Neural Networks,https://openalex.org/W7169673755
Neural Networks,Elsevier,2026,2026-07-18,S2ANet: Semantic-spatial driven alignment salient object detection network in UAV-based unregistered RGB-T image,Yaoqi Sun; Bin Wan; Wu Jian; Wenyao Zhu; Liaoliang Tao,205,Pt A,10.1016/j.neunet.2026.109410,https://doi.org/10.1016/j.neunet.2026.109410,article,Neural Networks,https://openalex.org/W7169660201
Neural Networks,Elsevier,2026,2026-07-18,Synchronization of multiplex and directed reaction-diffusion neural networks with hybrid coupling,Shanrong Lin; Xiwei Liu,205,Pt A,10.1016/j.neunet.2026.109407,https://doi.org/10.1016/j.neunet.2026.109407,article,Neural Networks,https://openalex.org/W7169654700
Neural Networks,Elsevier,2026,2026-07-18,Zero-shot cross-domain image composition via self attention injection,X J Chen; Qi Si; Bo Wang; Z Zhang; Xianming Ye; Yun Yang; Haijun Zhang,205,Pt A,10.1016/j.neunet.2026.109412,https://doi.org/10.1016/j.neunet.2026.109412,article,Neural Networks,https://openalex.org/W7169680086
Neural Networks,Elsevier,2026,2026-07-20,A diffusion-perception co-learning framework for deep graph neural networks,Zhifeng Lin; Chun-Yang Zhang; Jian-Chang Chen; Hong-Yu Yao; Hai-Chun Cai; C. L. Philip Chen,205,Pt A,10.1016/j.neunet.2026.109396,https://doi.org/10.1016/j.neunet.2026.109396,article,Neural Networks,https://openalex.org/W7169759465
Neural Networks,Elsevier,2026,2026-07-20,An information-theoretic and economic game framework for adversarial robustness evaluation,Ruixin Song; Youliang Tian; Mengqian Li; Die Zhou; Ze Yang,205,Pt A,10.1016/j.neunet.2026.109411,https://doi.org/10.1016/j.neunet.2026.109411,article,Neural Networks,https://openalex.org/W7169777639
Neural Networks,Elsevier,2026,2026-07-20,Brain-VQA: Human brain visual pathway inspired visual question answering for enhanced multi-modal cognition and reasoning,Yongqi Zhou; Huan Rong; Zhenyu Lu; Zhongfeng Chen; Yingjie Cui,205,Pt A,10.1016/j.neunet.2026.109391,https://doi.org/10.1016/j.neunet.2026.109391,article,Neural Networks,https://openalex.org/W7169780409
Neural Networks,Elsevier,2026,2026-07-20,Intuitionistic proximity-consensus fuzzy geometric twin support vector machine with best subset selection,Kai Qi; Yuanmei Zhang; Hongchun Wang,205,Pt A,10.1016/j.neunet.2026.109417,https://doi.org/10.1016/j.neunet.2026.109417,article,Neural Networks,https://openalex.org/W7169798795
Neural Networks,Elsevier,2026,2026-07-20,Large language model with retrieval semantics for cold-start recommendations,Zelong Wu; Dongsheng Wang; Yue Wang; Rui Zhang; Lisi Chen; Peng Han,205,Pt A,10.1016/j.neunet.2026.109401,https://doi.org/10.1016/j.neunet.2026.109401,article,Neural Networks,https://openalex.org/W7169812564
Neural Networks,Elsevier,2026,2026-07-20,MIP-Net: Multi-scale inverted pyramid network with local adaptive contrast for underwater object detection,Peixin Qu; Yiteng Guo; Guohou Li; Peixian Zhuang; Deguang Li; Wenyi Zhao; Zheng Liang; Weidong Zhang,205,Pt A,10.1016/j.neunet.2026.109413,https://doi.org/10.1016/j.neunet.2026.109413,article,Neural Networks,https://openalex.org/W7169794912
Neural Networks,Elsevier,2026,2026-07-20,Multi-condition guided diffusion model for face sketch-to-photo synthesis,Yue Que; Xuegui Cheng; Shuqian Shi; Weiguo Wan; Nan Jiang,205,Pt A,10.1016/j.neunet.2026.109406,https://doi.org/10.1016/j.neunet.2026.109406,article,Neural Networks,https://openalex.org/W7169802196
Neural Networks,Elsevier,2026,2026-07-20,Physics-informed neural networks with relaxed alternating learning for image inpainting,Mohamed Nacereddine Toros; Mourad Nachaoui; Amine Laghrib; Mustapha Johri,205,Pt A,10.1016/j.neunet.2026.109415,https://doi.org/10.1016/j.neunet.2026.109415,article,Neural Networks,https://openalex.org/W7169810872
Neural Networks,Elsevier,2026,2026-07-21,Correlation-aware label-guided consistent network for partial multi-view incomplete multi-label classification,Linqian Yang; Yishan Jiang; Xing Jin; Tao Zhuang; Xiyin Wu,205,Pt A,10.1016/j.neunet.2026.109420,https://doi.org/10.1016/j.neunet.2026.109420,article,Neural Networks,https://openalex.org/W4415765569
Neural Networks,Elsevier,2026,2026-07-21,Multi-granularity cross-image semantic modeling for medical ultrasound image segmentation,Xiaoyan Lu; Wenhao Yuan; Xun Gong; Chong Ma,205,Pt A,10.1016/j.neunet.2026.109405,https://doi.org/10.1016/j.neunet.2026.109405,article,Neural Networks,https://openalex.org/W7169859520
Neural Networks,Elsevier,2026,2026-07-21,SSL-LODDA: Self-supervised learning for low-light object detection with domain adaptation,Muhammad Saeed; Qing Tian; Naeem Ahmed,205,Pt A,10.1016/j.neunet.2026.109422,https://doi.org/10.1016/j.neunet.2026.109422,article,Neural Networks,https://openalex.org/W7169829543
Neural Networks,Elsevier,2026,2026-07-21,Toward global interpretability of neural networks via Boolean transformation,Yiping Tang; Rui Shao; Ruifen Dai; Fang Wang,205,Pt A,10.1016/j.neunet.2026.109419,https://doi.org/10.1016/j.neunet.2026.109419,article,Neural Networks,https://openalex.org/W7169872748
Neural Networks,Elsevier,2026,2026-07-22,Anisotropic permeability tensor prediction from porous media microstructure: A physics-informed MaxViT CNN-Transformer framework,Mohammad Nooraiepour,205,Pt A,10.1016/j.neunet.2026.109421,https://doi.org/10.1016/j.neunet.2026.109421,article,Neural Networks,https://openalex.org/W7170095135
Neural Networks,Elsevier,2026,2026-07-22,Driver behavior recognition under multiple illumination conditions based on attention mechanisms,Mingxuan Chang; Xinying Tao; Yuanming Zhang; Xiangwei Dong,205,Pt A,10.1016/j.neunet.2026.109418,https://doi.org/10.1016/j.neunet.2026.109418,article,Neural Networks,https://openalex.org/W7170035339
Neural Networks,Elsevier,2026,2026-07-24,An intelligent calibrator integrating advanced social memory optimization algorithm and improved radial basis function neural network,Peiyang Wei; Zhibin Li; Linlin Chen; Hongping Shu; Xun Deng; Tinghui Chen; Jianhong Gan; Guodong Li; Shuai Li,205,Pt A,10.1016/j.neunet.2026.109425,https://doi.org/10.1016/j.neunet.2026.109425,article,Neural Networks,https://openalex.org/W7170187990
Neural Networks,Elsevier,2026,2026-07-24,Causal discovery from time-series discrete data in the presence of latent confounders,Zhengming Chen; G. X. Sun; Fuhong Wang; Yewei Xia; Ruichu Cai; Zhifeng Hao,205,Pt B,10.1016/j.neunet.2026.109426,https://doi.org/10.1016/j.neunet.2026.109426,article,Neural Networks,https://openalex.org/W7170132955
Neural Networks,Elsevier,2026,2026-07-24,HSE-Net: Cognitively inspired asymmetric co-evolution of thematic structure and emotional dynamics in dialogue,Zhenting Zhou; Feng Xu; Albert Chen; Jianwen Chen,205,Pt A,10.1016/j.neunet.2026.109423,https://doi.org/10.1016/j.neunet.2026.109423,article,Neural Networks,https://openalex.org/W7170167004
Neural Networks,Elsevier,2026,2026-07-24,Residual bidirectional gated recurrent unit with spatiotemporal shortcuts and dual-path attention for robust interpretable runoff forecasting,Ziyu Sheng; Yuting Cao; Yin  David Yang; Shiping Wen,205,Pt A,10.1016/j.neunet.2026.109416,https://doi.org/10.1016/j.neunet.2026.109416,article,Neural Networks,https://openalex.org/W7170196731
Neural Networks,Elsevier,2026,2026-07-27,Deep survival analysis for competing risk modeling with functional covariates and missing data imputation,Peng Dong Gao; Yan Zou; Abhijit Duggal; Shuaiqi Huang; Faming Liang; Xiaofeng Wang,205,Pt B,10.1016/j.neunet.2026.109429,https://doi.org/10.1016/j.neunet.2026.109429,article,Neural Networks,https://openalex.org/W4415338069
Neural Networks,Elsevier,2026,2026-07-27,Enhancing knowledge base question answering with AMR-driven subgraph retrieval,Xi Zhang; Zhenyun Deng; Wentao Deng; Lin Liu; Jiuyong Li; Hongyu Zhang; Xiaoxia Li; Debo Cheng; Zaiwen Feng,205,Pt B,10.1016/j.neunet.2026.109427,https://doi.org/10.1016/j.neunet.2026.109427,article,Neural Networks,https://openalex.org/W7171466409
Neural Networks,Elsevier,2026,2026-07-29,Extended variational mode decomposition method and its serialization on collective mixture,Wei Chen,205,Pt B,10.1016/j.neunet.2026.109430,https://doi.org/10.1016/j.neunet.2026.109430,article,Neural Networks,https://openalex.org/W7171681080
Neural Networks,Elsevier,2026,2026-07-30,Bilevel manifold fitting,Xuelin Zhang; Hong Chen; Li Shen; Bin Gu; Heng Huang,205,Pt B,10.1016/j.neunet.2026.109424,https://doi.org/10.1016/j.neunet.2026.109424,article,Neural Networks,https://openalex.org/W7171860500
Neural Networks,Elsevier,2026,2026-07-30,ReBo-SNN: Boosted spiking neural network with retina mechanism for efficient haze removal,Ya Zhang; Zhitong Zhao; Qian Sun; Ying Liu; Malu Zhang; Hong Qu,205,Pt B,10.1016/j.neunet.2026.109428,https://doi.org/10.1016/j.neunet.2026.109428,article,Neural Networks,https://openalex.org/W7171831338
Neural Networks,Elsevier,2026,2026-07-31,A 4D radar and LiDAR fusion framework for weather-robust 3D object detection,Huaijin Liu; Ji‐Xiang Du; Hongbo Zhang; Guoguang Hua; Jiandian Zeng,205,Pt B,10.1016/j.neunet.2026.109439,https://doi.org/10.1016/j.neunet.2026.109439,article,Neural Networks,https://openalex.org/W7171943976
Neural Networks,Elsevier,2026,2026-07-31,DAVLMF-Seg: Vision-language model guided latent frequency-aware diffusion for semi-supervised medical image segmentation,Jiu Chun Jiang; Qi Zhou; Nuo Chen; Haoying He; Junjian Zhang; Chu He,205,Pt B,10.1016/j.neunet.2026.109438,https://doi.org/10.1016/j.neunet.2026.109438,article,Neural Networks,https://openalex.org/W4413185872
Neural Networks,Elsevier,2026,2026-07-31,Dimensional balance improves large scale spatiotemporal prediction performance,Jing Chen; Shixiang Pan; Yujie Fan; Haocheng Ye; Haitao Xu; Wenqiang Xu,205,Pt B,10.1016/j.neunet.2026.109434,https://doi.org/10.1016/j.neunet.2026.109434,article,Neural Networks,https://openalex.org/W7171998433
Neural Networks,Elsevier,2026,2026-07-31,Distilling large language models for code generation via ranking supervision,Zhe Ding; Hui Ji; Su Pan; Miao Chi,205,Pt B,10.1016/j.neunet.2026.109437,https://doi.org/10.1016/j.neunet.2026.109437,article,Neural Networks,https://openalex.org/W7172015358
Neural Networks,Elsevier,2026,2026-07-31,Dual-boosted capsule networks: Attention-enhanced routing and feedback learning for leaf disease classification on heterogeneous datasets,Madhavi; Thipendra P. Singh; Shailendra Pratap Singh; Dileep Kumar Yadav,205,Pt B,10.1016/j.neunet.2026.109433,https://doi.org/10.1016/j.neunet.2026.109433,article,Neural Networks,https://openalex.org/W7171945414
Neural Networks,Elsevier,2026,2026-07-31,Graph-based fraud detection with dual-path graph filtering,Wei He; Wensheng Gan; Philip S. Yu,205,Pt B,10.1016/j.neunet.2026.109432,https://doi.org/10.1016/j.neunet.2026.109432,article,Neural Networks,https://openalex.org/W7172010228
Neural Networks,Elsevier,2026,2026-07-31,HAM-MSTF: A hybrid attention-based model for multi-task spatio-temporal forecasting,Yu Lu; Xiaoning Zhang; Xiaojun Liang; Chunhua Yang; Weihua Gui; Weichao Luo; Yiqi Liu,205,Pt B,10.1016/j.neunet.2026.109440,https://doi.org/10.1016/j.neunet.2026.109440,article,Neural Networks,https://openalex.org/W7171975780
Neural Networks,Elsevier,2026,2026-07-31,Robust formation tracking of multi-agent systems via reinforcement learning-based hybrid impulsive control,Zhanlue Liang; Yanlin Gu; Yiwen Tao; Renjie Xu,205,Pt B,10.1016/j.neunet.2026.109442,https://doi.org/10.1016/j.neunet.2026.109442,article,Neural Networks,https://openalex.org/W7172005719
Neural Networks,Elsevier,2026,2026-08-01,Exploring specialization and sensitivity of convolutional neural networks in the context of simultaneous image augmentations,Pavel Kharyuk; Sergey Alexandrovich Matveev; Ivan Valer'evich Oseledets,,,10.1016/j.neunet.2026.109502,https://doi.org/10.1016/j.neunet.2026.109502,article,Neural Networks,https://openalex.org/W4416084074
Neural Networks,Elsevier,2026,2026-08-02,Cauchy-MMA: Multi-Metric autoencoder ensemble with adaptive cauchy loss for High-Dimensional incomplete data collaborative filtering,Shuai Zuo; Xianghong Tang; Jianguang Lu,205,Pt B,10.1016/j.neunet.2026.109441,https://doi.org/10.1016/j.neunet.2026.109441,article,Neural Networks,https://openalex.org/W7172214116
Neural Networks,Elsevier,2026,2026-08-02,DSF-Net: Dual-strategy fusion for efficient audio-visual sound event localization and detection,Rendong Pi; Yingchao Zhang; Wei Rao; E. Wei Chng; Xiang Yu,205,Pt B,10.1016/j.neunet.2026.109431,https://doi.org/10.1016/j.neunet.2026.109431,article,Neural Networks,https://openalex.org/W7172204360
Neural Networks,Elsevier,2026,2026-08-02,Entropy-aware filtering and hierarchical attention: A hybrid neural framework for fine-grained user satisfaction modeling,Huiran Liu; Zheng Wang; Zhiming Fang,205,Pt B,10.1016/j.neunet.2026.109435,https://doi.org/10.1016/j.neunet.2026.109435,article,Neural Networks,https://openalex.org/W7172218853
Neural Networks,Elsevier,2026,2026-08-02,Global-regional anti-noise network for cross-subject EEG emotion recognition,Yilin Wang; Li Zhang; Yan Zhang,205,Pt B,10.1016/j.neunet.2026.109444,https://doi.org/10.1016/j.neunet.2026.109444,article,Neural Networks,https://openalex.org/W7172217905
Neural Networks,Elsevier,2026,2026-08-02,Temporal compensation physics-informed neural network modeling repetitive small-range rotation inverse dynamics,Fangyu Li; Man Li; Honggui Han,205,Pt B,10.1016/j.neunet.2026.109443,https://doi.org/10.1016/j.neunet.2026.109443,article,Neural Networks,https://openalex.org/W7172224095
Neural Networks,Elsevier,2026,2026-08-02,TriP: A triple-prompt framework aligning pre-training and class-incremental objectives in continual graph learning,Can-Ming Cui; Hui-yu Zhou; Pei-Yuan Lai; Chang‐Dong Wang,205,Pt B,10.1016/j.neunet.2026.109447,https://doi.org/10.1016/j.neunet.2026.109447,article,Neural Networks,https://openalex.org/W7172217243
Neural Networks,Elsevier,2026,2026-08-03,CBS-PINN: Coordinated training to address nonlocality and spectral stiffness in the Calogero-Bogoyavlenskii-Schiff-type equation,Ting-Ting Jia; Yajuan Li; Jun Long; Gao-Fu Deng,205,Pt B,10.1016/j.neunet.2026.109460,https://doi.org/10.1016/j.neunet.2026.109460,article,Neural Networks,https://openalex.org/W7172284652
Neural Networks,Elsevier,2026,2026-08-03,Controlling representation evolution in deep graph neural networks,Jiajun Lin; Yuxin Tian; Li Feng; Shanglian Peng; Wen Zhang,205,Pt B,10.1016/j.neunet.2026.109464,https://doi.org/10.1016/j.neunet.2026.109464,article,Neural Networks,https://openalex.org/W7172345797
Neural Networks,Elsevier,2026,2026-08-03,Fisher-Rao guided channel pruning with progressive re-estimation,Xinjian Xiang; Mingjun Lin; Yongping Zheng; Lee Huang; Xiaozhou Xu,205,Pt B,10.1016/j.neunet.2026.109455,https://doi.org/10.1016/j.neunet.2026.109455,article,Neural Networks,https://openalex.org/W7172266778
Neural Networks,Elsevier,2026,2026-08-03,Graph-driven contextual synergy network for robust 3D object detection,Miaohui Zhang; Chengyi Zhang; Linxian Zhu; Shengjie Ren; Ming Xin,205,Pt B,10.1016/j.neunet.2026.109451,https://doi.org/10.1016/j.neunet.2026.109451,article,Neural Networks,https://openalex.org/W7172329959
Neural Networks,Elsevier,2026,2026-08-03,JointConn-v2: Learning a joint vector field with diffusion transformers for cross-modal connectivity and dual-timestep modeling,Honggang Zhao; Yi-jun Yang; Wei Zeng,205,Pt B,10.1016/j.neunet.2026.109461,https://doi.org/10.1016/j.neunet.2026.109461,article,Neural Networks,https://openalex.org/W7172349181
Neural Networks,Elsevier,2026,2026-08-03,LiteSwitchCodec: Neural speech coding with token space quantization and causal U-Net for personalized real-time communications,Xusheng Yang; Wei Xiao; Zixiang Wan; Meng Ge; Shidong Shang; Yuexian Zou,205,Pt B,10.1016/j.neunet.2026.109445,https://doi.org/10.1016/j.neunet.2026.109445,article,Neural Networks,https://openalex.org/W7172284148
Neural Networks,Elsevier,2026,2026-08-03,Mask2Keep: Mask-guided information transfer for backdoors resilient to compression-oriented pruning,Jing Shang; Jian Wang; Kailun Wang; Xu Liu; Nan Jiang; Jiqiang Liu,205,Pt B,10.1016/j.neunet.2026.109463,https://doi.org/10.1016/j.neunet.2026.109463,article,Neural Networks,https://openalex.org/W7172267998
Neural Networks,Elsevier,2026,2026-08-03,Operational planning of data-center cooling systems via collaborative neurodynamic optimization,Chengshuo Zhang; Meng Xu; Shaofu Yang; Fei Liu; Zhongying Chen,205,Pt B,10.1016/j.neunet.2026.109452,https://doi.org/10.1016/j.neunet.2026.109452,article,Neural Networks,https://openalex.org/W7172280486
Neural Networks,Elsevier,2026,2026-08-03,Robust finite-time and asymptotic stability of Markovian jump Boolean networks under functional perturbations,Jiahao Wu; Wenbo Qi; Qianyi Li; Jie Zhong; Yanling Zheng,205,Pt B,10.1016/j.neunet.2026.109465,https://doi.org/10.1016/j.neunet.2026.109465,article,Neural Networks,https://openalex.org/W7172315074
Neural Networks,Elsevier,2026,2026-08-03,Spectral analysis of hard-constraint PINNs: The spatial modulation mechanism of boundary functions,Yuchen Xie; Honghang Chi; Haopeng Quan; Yahui WANG; Wei WANG; Yu MA,205,Pt B,10.1016/j.neunet.2026.109459,https://doi.org/10.1016/j.neunet.2026.109459,article,Neural Networks,https://openalex.org/W7172312560
Neural Networks,Elsevier,2026,2026-08-04,An efficient algorithm for learning-based visual localization,Jindi Zhong; Ziyuan Guo; Hongxia Wang; Huanshui Zhang,205,,10.1016/j.neunet.2026.109456,https://doi.org/10.1016/j.neunet.2026.109456,article,Neural Networks,https://openalex.org/W4416024879
Neural Networks,Elsevier,2026,2026-08-04,Brain-inspired navigation based on the entorhinal cortex- hippocampal neural circuit: Bridging spatial cognitive mechanisms and robotic applications,He Zhang; Xiaochen Liu; Chenguang Wang; Jun Tang; Chong Shen; Jun Liu,205,Pt B,10.1016/j.neunet.2026.109468,https://doi.org/10.1016/j.neunet.2026.109468,article,Neural Networks,https://openalex.org/W7172400245
Neural Networks,Elsevier,2026,2026-08-04,Extending the scale generalization of the Vision Transformer without fine-tuning,Kai Jiang; Peng Peng; Youzao Lian; Weihui Shao; Weisheng Xu,205,Pt B,10.1016/j.neunet.2026.109446,https://doi.org/10.1016/j.neunet.2026.109446,article,Neural Networks,https://openalex.org/W7172380060
Neural Networks,Elsevier,2026,2026-08-04,Joint optimization transposed projection envelope linear discriminant analysis mode,Yongming Li; Wenqiang Zhao; Fan Li; Xiaoheng Zhang; Pin Wang,205,Pt B,10.1016/j.neunet.2026.109475,https://doi.org/10.1016/j.neunet.2026.109475,article,Neural Networks,https://openalex.org/W7172399788
Neural Networks,Elsevier,2026,2026-08-04,Lattice representations suggest novel organizing principles for odorant and neural spaces,Emma Reyner-Fuentes; Carmen Peláez-Moreno; Francisco J. Valverde-Albacete,205,Pt B,10.1016/j.neunet.2026.109471,https://doi.org/10.1016/j.neunet.2026.109471,article,Neural Networks,https://openalex.org/W7172438819
Neural Networks,Elsevier,2026,2026-08-04,MoFedAGR: Mitigating client drift with adaptive gradient regularization and global momentum in federated learning,Xiang Wang; Lei Tian; Jiahao Gan; Chen Yang; Feilong Lin; Minglu Li,205,Pt B,10.1016/j.neunet.2026.109470,https://doi.org/10.1016/j.neunet.2026.109470,article,Neural Networks,https://openalex.org/W7172391448
Neural Networks,Elsevier,2026,2026-08-04,Refining Bayesian neural networks via Stein variational gradient descent for uncertainty-aware cardiac registration,Zefeng He; Yong Hua; Xuan Yang; Yang Zhao,205,Pt B,10.1016/j.neunet.2026.109450,https://doi.org/10.1016/j.neunet.2026.109450,article,Neural Networks,https://openalex.org/W7172446961
Neural Networks,Elsevier,2026,2026-08-04,SADRec: Semantic-aligned adversarial diffusion model for multi-behavior recommendation,Xian Mo; Zhiqi Wang; Rui Tang; Yijun Hu,205,Pt B,10.1016/j.neunet.2026.109453,https://doi.org/10.1016/j.neunet.2026.109453,article,Neural Networks,https://openalex.org/W7172443405
Neural Networks,Elsevier,2026,2026-08-04,TRiP-Net: Risk-driven adaptive patching for financial time series forecasting,Wuzhida Bao; Guangyang Tian; Yuting Cao; Yin Yang; Shiping Wen,205,Pt B,10.1016/j.neunet.2026.109449,https://doi.org/10.1016/j.neunet.2026.109449,article,Neural Networks,https://openalex.org/W7172384800
Neural Networks,Elsevier,2026,2026-08-05,Cost-effective and scalable traffic forecasting: A graph-free multi-view MLP architecture,Guangyin Jin; Sicong Lai; Xiaoshuai Hao; Mingdao Zhang; Teng Zhou; Jinlei Zhang,205,Pt B,10.1016/j.neunet.2026.109454,https://doi.org/10.1016/j.neunet.2026.109454,article,Neural Networks,https://openalex.org/W7172532608
Neural Networks,Elsevier,2026,2026-08-05,DAQSyn: A decentralized adaptive quantization-aware synchronous framework in heterogeneous on-device AI networks,Misbah Bibi; Qazi Waqas Khan; Syed Ali Yazdan; Rashid Ahmad; Do-Hyeun Kim,205,Pt B,10.1016/j.neunet.2026.109474,https://doi.org/10.1016/j.neunet.2026.109474,article,Neural Networks,https://openalex.org/W7172495279
Neural Networks,Elsevier,2026,2026-08-05,F2Mamba: Fine-grained forgery-aware Mamba for image manipulation localization,Zi-Ying Zhao; Nanrun Zhou; Ya-Yuan Luo; An Wei Luo,205,Pt B,10.1016/j.neunet.2026.109473,https://doi.org/10.1016/j.neunet.2026.109473,article,Neural Networks,https://openalex.org/W7172509248
Neural Networks,Elsevier,2026,2026-08-05,Proactive structural stabilization for robust learning on heterogeneous graphs,Jian Cao; Zeming Gan; Linlin Su; Qiyu Li; Ziyang Zhou; Jinyan Wang,205,Pt B,10.1016/j.neunet.2026.109462,https://doi.org/10.1016/j.neunet.2026.109462,article,Neural Networks,https://openalex.org/W7172528833
Neural Networks,Elsevier,2026,2026-08-06,APO: Anchored policy optimization by leveraging unsampled actions in continuous spaces,Weijun Luo; Yingzhuo Liu; Hongsong Tang; Bo Chen; Chaowen Yang; Liuyu Xiang; Zhaofeng He,205,Pt B,10.1016/j.neunet.2026.109476,https://doi.org/10.1016/j.neunet.2026.109476,article,Neural Networks,https://openalex.org/W7196968621
Neural Networks,Elsevier,2026,2026-08-06,DR-EFT: Exploring and reloading domain-representative experts for the memory-constrained fine-tuning of MoE large models,Zhaomeng Cheng; Zhong Ji; Yan Zhang; Jungong Han; Chen Tang; Yue Wu,205,Pt B,10.1016/j.neunet.2026.109469,https://doi.org/10.1016/j.neunet.2026.109469,article,Neural Networks,https://openalex.org/W7196964190
Neural Networks,Elsevier,2026,2026-08-06,Mixture of warped Gaussian process functional regressions and its classification EM algorithm,Yurong Xie; Di Wu; Zhe Qiang,205,Pt B,10.1016/j.neunet.2026.109467,https://doi.org/10.1016/j.neunet.2026.109467,article,Neural Networks,https://openalex.org/W7196939748
Neural Networks,Elsevier,2026,2026-08-06,Synergistic optimization of camera-aware disentanglement and consistency learning for unsupervised person re-identification,Qing Tian; Long Chen; Binghui Zhang; Jiashuo Shen; Keyang Cheng; Yuhui Zheng; Zhen Lei,205,Pt B,10.1016/j.neunet.2026.109448,https://doi.org/10.1016/j.neunet.2026.109448,article,Neural Networks,https://openalex.org/W7196998164
Neural Networks,Elsevier,2026,2026-08-06,TD-CAG: Enhancing adversarial transferability via curvature awareness and spatial dislocation,邝海玲; Chen Wan; Xiaohai Lu; Wenni Chen; Lifeng Huang,205,Pt B,10.1016/j.neunet.2026.109488,https://doi.org/10.1016/j.neunet.2026.109488,article,Neural Networks,https://openalex.org/W7196949186
Neural Networks,Elsevier,2026,2026-08-07,Deep image restoration in adverse weather: A survey,Zhenbo Song; Ruixin Li; Zhenyuan Zhang; Tao Wang; Jianfeng Lu; Xin Yu; Kaihao Zhang,205,Pt B,10.1016/j.neunet.2026.109472,https://doi.org/10.1016/j.neunet.2026.109472,article,Neural Networks,https://openalex.org/W7197026440
Neural Networks,Elsevier,2026,2026-08-07,Exact capacity of the wide hidden layer treelike neural networks with generic activations,Mihailo Stojnic,205,Pt B,10.1016/j.neunet.2026.109458,https://doi.org/10.1016/j.neunet.2026.109458,article,Neural Networks,https://openalex.org/W7201835367
Neural Networks,Elsevier,2026,2026-08-08,Bayesian adaptive tensor ring decomposition with automatic model selection,Zhenhao Huang; Guoxu Zhou; Yuning Qiu; Xinqi Chen; Qibin Zhao,205,Pt B,10.1016/j.neunet.2026.109489,https://doi.org/10.1016/j.neunet.2026.109489,article,Neural Networks,https://openalex.org/W7201952172
Neural Networks,Elsevier,2026,2026-08-08,SumPrompt: Summary-guided prompt tuning for few-shot relation extraction,Shuting Liu; Desheng Li; Tingting Hang; Jun Feng,205,Pt B,10.1016/j.neunet.2026.109457,https://doi.org/10.1016/j.neunet.2026.109457,article,Neural Networks,https://openalex.org/W7201994458
Neural Networks,Elsevier,2026,2026-08-09,CURRENT EVENTS,,203,,10.1016/s0893-6080(26)00940-8,https://doi.org/10.1016/s0893-6080(26)00940-8,article,Neural Networks,https://openalex.org/W7202024258
Neural Networks,Elsevier,2026,2026-08-09,Editorial Board,,203,,10.1016/s0893-6080(26)00938-x,https://doi.org/10.1016/s0893-6080(26)00938-x,paratext,Neural Networks,https://openalex.org/W7202047773
Neural Networks,Elsevier,2026,2026-08-09,INN/ENNS/JNNS - Membership Applic. Form,,203,,10.1016/s0893-6080(26)00941-x,https://doi.org/10.1016/s0893-6080(26)00941-x,article,Neural Networks,https://openalex.org/W7202033545
Neural Networks,Elsevier,2026,2026-08-10,A cross-graph tuning-free GNN prompting framework,Yaqi Chen; Shixun Huang; Lei Wang; Ryan Twemlow; John D. Le; Sheng Wang; Willy Susilo; Jun Hua Yan; Jun Shen,205,Pt B,10.1016/j.neunet.2026.109466,https://doi.org/10.1016/j.neunet.2026.109466,article,Neural Networks,https://openalex.org/W7202120948
Neural Networks,Elsevier,2026,2026-08-10,CITP: Cross-instance targeted perturbations,Jinyan Cai; Weihao Zhao; Hongliang Liang; Qiuping Yi,205,Pt B,10.1016/j.neunet.2026.109499,https://doi.org/10.1016/j.neunet.2026.109499,article,Neural Networks,https://openalex.org/W7202141975
Neural Networks,Elsevier,2026,2026-08-10,CRFormer: Multi-scale contrastive regularization transformer for visible watermark removal,Yun Hao; Jiaju Wu; Ruizhou Sun; Xinyi Li; Qingyao Wu,205,Pt B,10.1016/j.neunet.2026.109504,https://doi.org/10.1016/j.neunet.2026.109504,article,Neural Networks,https://openalex.org/W7202111297
Neural Networks,Elsevier,2026,2026-08-10,Edge-cloud collaboration-driven predictive modeling for high-performance computing centers,Shuaiyin Ma; Yeye Cao; Yang Liu; Xiufeng Liu; Bufan Liu; Yan Zhuang; Luoke Hu,205,Pt C,10.1016/j.neunet.2026.109508,https://doi.org/10.1016/j.neunet.2026.109508,article,Neural Networks,https://openalex.org/W7202110644
Neural Networks,Elsevier,2026,2026-08-10,FAFA: A frequency-aware adversarial robust fairness algorithm,Jiachun Li; Cheng Yan; Suixin Zheng,205,Pt B,10.1016/j.neunet.2026.109496,https://doi.org/10.1016/j.neunet.2026.109496,article,Neural Networks,https://openalex.org/W7202094252
Neural Networks,Elsevier,2026,2026-08-11,A unified decision-driven framework: Long-term tracking via visual-language models with motion estimation,Liqiang Liu; Lingling Yang; Feng Huang; Yanfang Fu; Tiantian Feng; Shu Wang; Anyuan Xie; Zijian Cao,205,Pt B,10.1016/j.neunet.2026.109506,https://doi.org/10.1016/j.neunet.2026.109506,article,Neural Networks,https://openalex.org/W7202160976
Neural Networks,Elsevier,2026,2026-08-11,DECHRL: Empowerment-driven delay-aware causal hierarchical reinforcement learning,Chenran Zhao; Dianxi Shi; Haotian Wang; Mengzhu Wang; Yaowen Zhang; Chunping Qiu; Shaowu Yang,205,Pt B,10.1016/j.neunet.2026.109507,https://doi.org/10.1016/j.neunet.2026.109507,article,Neural Networks,https://openalex.org/W7202195402
Neural Networks,Elsevier,2026,2026-08-11,Enhanced multi-agent interaction modeling with differential transformers for trajectory prediction,Minghui Wei; Haimin Zhang; Stuart William Perry; Min Xu,205,Pt B,10.1016/j.neunet.2026.109491,https://doi.org/10.1016/j.neunet.2026.109491,article,Neural Networks,https://openalex.org/W7202209013
Neural Networks,Elsevier,2026,2026-08-11,GTPF: Modality-specific graph transformer with prompt-aware fusion for multimodal sentiment analysis,Haolong Zheng; Yan Leng; Jianing Wu; Enze Zhang; Qianqian Tao; Qi Yuan; Tianping Li; Chengli Sun,205,Pt B,10.1016/j.neunet.2026.109498,https://doi.org/10.1016/j.neunet.2026.109498,article,Neural Networks,https://openalex.org/W7202166554
Neural Networks,Elsevier,2026,2026-08-11,Repetitive history-driven fuzzy Markov networks for long-term human motion prediction,JiaCheng Luo; Jianqi Zhong; Jianhua Ji; Wenming Cao,205,Pt B,10.1016/j.neunet.2026.109505,https://doi.org/10.1016/j.neunet.2026.109505,article,Neural Networks,https://openalex.org/W7202177399
Neural Networks,Elsevier,2026,2026-08-11,Sparse mixture of experts-driven multimodal degraded image fusion,Yibing Yin; Nuo Chen; Sixiang Li; Yaoyue Gao; Yongjun Li,205,Pt B,10.1016/j.neunet.2026.109497,https://doi.org/10.1016/j.neunet.2026.109497,article,Neural Networks,https://openalex.org/W7202177865
Neural Networks,Elsevier,2026,2026-08-12,Adversarial face camouflage based on multi-parameter enhancement,DaPeng Men; JingYu Wang; XiaoLin Zhang; Lixin Liu; YongPing Wang,205,Pt B,10.1016/j.neunet.2026.109487,https://doi.org/10.1016/j.neunet.2026.109487,article,Neural Networks,https://openalex.org/W7202268834
Neural Networks,Elsevier,2026,2026-08-12,Aperiodic strict intermittent control for fixed-/preassigned-time synchronization of delayed memristive neural networks,Leimin Wang; Jinpeng Yang; Guanghui Jiang; Tao Wu; Xiongbo Wan,205,Pt B,10.1016/j.neunet.2026.109509,https://doi.org/10.1016/j.neunet.2026.109509,article,Neural Networks,https://openalex.org/W7202286835
Neural Networks,Elsevier,2026,2026-08-12,CSW-AL: A category-scaling weight schema for imbalanced multi-domain active learning,Yanchao Li; Guanxiao Li; Xiaoli Wang; La Duo; Guangwei Gao; Chia‐Wen Lin,205,Pt B,10.1016/j.neunet.2026.109503,https://doi.org/10.1016/j.neunet.2026.109503,article,Neural Networks,https://openalex.org/W7202248685
Neural Networks,Elsevier,2026,2026-08-12,Cautious implicit value learning,Ke Jin; Yuhu Cheng; Yi Kong; C.L. Philip Chen; Xuesong Wang,205,Pt B,10.1016/j.neunet.2026.109511,https://doi.org/10.1016/j.neunet.2026.109511,article,Neural Networks,https://openalex.org/W7202252879
Neural Networks,Elsevier,2026,2026-08-12,GSLoRa: Gradient spectral alignment for low-rank adaptation,Qingyun Lin; Lilan Peng; Zhendong Wu; Yiding Fan; Ke Zhao; Pengfei Zhang,205,Pt B,10.1016/j.neunet.2026.109436,https://doi.org/10.1016/j.neunet.2026.109436,article,Neural Networks,https://openalex.org/W4414342998
Neural Networks,Elsevier,2026,2026-08-12,Neuronal attention circuit (NAC) for representation learning,Waleed Razzaq; Yun-Bo Zhao,205,Pt B,10.1016/j.neunet.2026.109495,https://doi.org/10.1016/j.neunet.2026.109495,article,Neural Networks,https://openalex.org/W4417295023
Neural Networks,Elsevier,2026,2026-08-13,Distribution aware soft alignment with boundary pseudo label correction for unsupervised visible-infrared person re-identification,Hongyang Fu; Jin Wang; Xiaoshuai Niu; Liyun Dou,205,Pt B,10.1016/j.neunet.2026.109512,https://doi.org/10.1016/j.neunet.2026.109512,article,Neural Networks,https://openalex.org/W7202364363
Neural Networks,Elsevier,2026,2026-08-13,FARCLUSS: fuzzy adaptive rebalancing and contrastive uncertainty learning for semi-supervised semantic segmentation,Ebenezer Tarubinga; Jenifer Kalafatovich; Seong–Whan Lee,205,Pt B,10.1016/j.neunet.2026.109494,https://doi.org/10.1016/j.neunet.2026.109494,article,Neural Networks,https://openalex.org/W4415068118
Neural Networks,Elsevier,2026,2026-08-13,FASFF: Frequency domain information-aided spatial domain feature fusion for RGBT tracking,Jianming Zhang; Jun Long; Yonghang Liu; Lunfu Yu; Lei Wang,205,Pt B,10.1016/j.neunet.2026.109500,https://doi.org/10.1016/j.neunet.2026.109500,article,Neural Networks,https://openalex.org/W7202376957
Neural Networks,Elsevier,2026,2026-08-13,GraphMinNet: Learning dependencies in graphs with light complexity minimal architecture,Md Atik Ahamed; Andrew Cheng; Qiang Ye; Qiang Cheng,205,Pt B,10.1016/j.neunet.2026.109501,https://doi.org/10.1016/j.neunet.2026.109501,article,Neural Networks,https://openalex.org/W4407123392
Neural Networks,Elsevier,2026,2026-08-13,Identity-style preserving image composition with domain-adaptive diffusion,Qi Si; Zhao Zhang; Yang Zhao; Zhongqiu Zhao; Haijun Zhang; Yun Yang,205,Pt B,10.1016/j.neunet.2026.109493,https://doi.org/10.1016/j.neunet.2026.109493,article,Neural Networks,https://openalex.org/W7202353341
Neural Networks,Elsevier,2026,2026-08-13,TGPA: Transferable graph prompt attack with hierarchical subgraph augmentation,Ju Jia; Haonan Wang; Tian Wu; Cong Wu; Lina Wang,205,Pt B,10.1016/j.neunet.2026.109513,https://doi.org/10.1016/j.neunet.2026.109513,article,Neural Networks,https://openalex.org/W4415821451
Neural Networks,Elsevier,2026,2026-08-14,Multimodal sentiment analysis with multi-level representation learning and global tri-modality unified fusion,Zelong Li; Lu Shuhua; Fang Cui; Sheng Chunlei; Liu Chengkai,205,Pt B,10.1016/j.neunet.2026.109515,https://doi.org/10.1016/j.neunet.2026.109515,article,Neural Networks,https://openalex.org/W7203475328
Neural Networks,Elsevier,2026,2026-08-14,TAMTRL: Teacher-aligned reward reshaping for multi-turn reinforcement learning in long-context compression,Li Wang; Yandong Wang; Xin Yu; Kui Zhang; Tianhao Peng; Wenjun Wu,205,Pt B,10.1016/j.neunet.2026.109492,https://doi.org/10.1016/j.neunet.2026.109492,article,Neural Networks,https://openalex.org/W7140212476
Neural Networks,Elsevier,2026,2026-08-16,Fast and featureless node representation learning with partial pairwise supervision,Sujan Chakraborty; Saptarshi Bej,205,Pt B,10.1016/j.neunet.2026.109516,https://doi.org/10.1016/j.neunet.2026.109516,article,Neural Networks,https://openalex.org/W7161840680
Neural Networks,Elsevier,2026,2026-08-17,HFFNet: Hierarchical feature fusion network for lightweight RGB-T semantic segmentation,Xiaoling Wu; Xiaofei Zhou; Liuxin Bao; Ran Shi; Deyang Liu; Zhi Liu; Jiyong Zhang,205,Pt B,10.1016/j.neunet.2026.109510,https://doi.org/10.1016/j.neunet.2026.109510,article,Neural Networks,https://openalex.org/W7203655457
Neural Networks,Elsevier,2026,2026-08-17,MEMC: Masked modeling with efficient and minimal contrastive learning for self-supervised skeleton-based action recognition,Yingfei Wu; Wenming Cao; Xinpeng Yin,205,Pt B,10.1016/j.neunet.2026.109517,https://doi.org/10.1016/j.neunet.2026.109517,article,Neural Networks,https://openalex.org/W7203648949
Neural Networks,Elsevier,2026,2026-08-18,DPAC: A tri-dimensional coordinated framework for breaking the efficiency ceiling in parameter-efficient fine-tuning,Cheng Wang; Quan Wen; Yujian Huang; Yanmei Hu; Tongfei Zeng,205,Pt B,10.1016/j.neunet.2026.109524,https://doi.org/10.1016/j.neunet.2026.109524,article,Neural Networks,https://openalex.org/W7203720062
Neural Networks,Elsevier,2026,2026-08-18,GECL: Fine-grained granular envelope contrastive learning for unsupervised domain adaptation,Pufei Li; Pin Wang; Yongming Li; Yinghua Shen; Witold Pedrycz,205,Pt B,10.1016/j.neunet.2026.109523,https://doi.org/10.1016/j.neunet.2026.109523,article,Neural Networks,https://openalex.org/W7203699011
Neural Networks,Elsevier,2026,2026-08-18,Mitigating unreliable syntactic dependencies in aspect-based sentiment analysis via sentiment-aware graph anomaly detection and mix convolution,Jiawen Wang; Zhaojian Cui; Haokai Gao; Yubin Li; Yuncheng Jiang,205,Pt B,10.1016/j.neunet.2026.109490,https://doi.org/10.1016/j.neunet.2026.109490,article,Neural Networks,https://openalex.org/W7203724161
Neural Networks,Elsevier,2026,2026-08-19,A comprehensive review of underwater image enhancement methods,Ying Zheng; Yifan Feng; Ran Liu; Miao Yu; Songlin Jin; Zheng Liang; Deguang Li; Weidong Zhang,205,Pt B,10.1016/j.neunet.2026.109527,https://doi.org/10.1016/j.neunet.2026.109527,article,Neural Networks,https://openalex.org/W7203754444
Neural Networks,Elsevier,2026,2026-08-19,Interpretable and fair generalized additive neural networks via multi-objective learning,Ziming Wang; Changwu Huang; Ke Tang; Yew-Soon Ong; Xin Yao,205,Pt C,10.1016/j.neunet.2026.109520,https://doi.org/10.1016/j.neunet.2026.109520,article,Neural Networks,https://openalex.org/W7203774087
Neural Networks,Elsevier,2026,2026-08-19,PeNorm: Enhancing positional discriminability in transformers through normalization-based encoding optimization,Xilong Zhang; Ruochen Liu; Xuefeng Liang,205,Pt B,10.1016/j.neunet.2026.109522,https://doi.org/10.1016/j.neunet.2026.109522,article,Neural Networks,https://openalex.org/W7203759804
Neural Networks,Elsevier,2026,2026-08-19,Semantic representation learning framework for cold-start recommendation in intelligent decision systems,Dhayanidhi Rajasekaran; N. R. Rajalakshmi,205,Pt C,10.1016/j.neunet.2026.109536,https://doi.org/10.1016/j.neunet.2026.109536,article,Neural Networks,https://openalex.org/W7203779841
Neural Networks,Elsevier,2026,2026-08-19,SignMamba: Sparse spatial–temporal state-space modeling for continuous sign language recognition,Xu-Hua Yang; Gang Wang; Hong‐Xiang Hu; Dong Wei; Zhi-Wei Chen; Sheng Liu; Yuan Feng,205,Pt B,10.1016/j.neunet.2026.109530,https://doi.org/10.1016/j.neunet.2026.109530,article,Neural Networks,https://openalex.org/W7203791546
Neural Networks,Elsevier,2026,2026-08-19,Vision transformers need zoomer: Efficient ViT with categorical attention prior-guided zoom adapter,Ziwen Chen; Xiaoyuan Zhang; Yushi Li; Ming Zhu,205,Pt B,10.1016/j.neunet.2026.109514,https://doi.org/10.1016/j.neunet.2026.109514,article,Neural Networks,https://openalex.org/W7203794207
Neural Networks,Elsevier,2026,2026-08-20,Adaptive multimodal visual tracking via parameter-efficient vision transformers,Yixin Xu; Wenkang Zhang; Tianyang Xu; Jinhui Wu; Qiang Wang; Wankou Yang,205,Pt C,10.1016/j.neunet.2026.109531,https://doi.org/10.1016/j.neunet.2026.109531,article,Neural Networks,https://openalex.org/W7203901878
Neural Networks,Elsevier,2026,2026-08-20,Bidirectional uncertainty-aware region learning for semi-supervised medical image segmentation,Shiwei Zhou; Xin Liu; Haifeng Zhao; Bin Luo; Dengdi Sun,205,Pt B,10.1016/j.neunet.2026.109532,https://doi.org/10.1016/j.neunet.2026.109532,article,Neural Networks,https://openalex.org/W4407424873
Neural Networks,Elsevier,2026,2026-08-20,Fixed-time synchronization of clifford biquaternion neural networks with two-sided coefficients and application to multispectral image protection,Chenyang Li; Yanlin Zhang; Kit Ian Kou; Yang Liu,205,Pt B,10.1016/j.neunet.2026.109528,https://doi.org/10.1016/j.neunet.2026.109528,article,Neural Networks,https://openalex.org/W7203881382
Neural Networks,Elsevier,2026,2026-08-20,HiFiVe: High-fidelity vehicle generation leveraging auto-regressive 2D generative priors,Hongli Xiao; Youjian Zhang; Qi Zheng; Zhaohui Hu; Y Jin; Xiaoguang Ren; Wenjing Yang; Long Lan,205,Pt B,10.1016/j.neunet.2026.109534,https://doi.org/10.1016/j.neunet.2026.109534,article,Neural Networks,https://openalex.org/W7165864840
Neural Networks,Elsevier,2026,2026-08-20,Improving cross-architecture black-box adversarial transferability via hybrid structure-aware feature perturbations,Qirui Lu; Liansong Zong; Furan Liu; Mingwei Tang; Jie Hu,205,Pt B,10.1016/j.neunet.2026.109535,https://doi.org/10.1016/j.neunet.2026.109535,article,Neural Networks,https://openalex.org/W7203912613
Neural Networks,Elsevier,2026,2026-08-20,Learnable-order fractional recurrent networks: Structured identification of memory in non-stationary sequences,Grienggrai Rajchakit; M. Mubeen Tajudeen; K. Asmiya Banu; Chee Peng Lim; Nasser-eddine TATAR; Tingwen Huang,205,Pt C,10.1016/j.neunet.2026.109537,https://doi.org/10.1016/j.neunet.2026.109537,article,Neural Networks,https://openalex.org/W7203835545
Neural Networks,Elsevier,2026,2026-08-20,OpenDAR: Distribution-aware reweighting for long-tailed open-world semi-supervised learning,G.F. Zhang; Weiwei Xing; Fusong Sang; Xiang Wei,205,Pt C,10.1016/j.neunet.2026.109539,https://doi.org/10.1016/j.neunet.2026.109539,article,Neural Networks,https://openalex.org/W7203835212
Neural Networks,Elsevier,2026,2026-08-21,DFMamba: Difference-enhanced and adaptive frequency-aware Mamba for change detection,Panli Yuan; Xingbiao Zhao; Renlong Hang,205,Pt B,10.1016/j.neunet.2026.109518,https://doi.org/10.1016/j.neunet.2026.109518,article,Neural Networks,https://openalex.org/W7203910089
Neural Networks,Elsevier,2026,2026-08-21,RV-mixer: Random Fourier and variance-guided global feature learning for medical image segmentation,Xiao Feng Dong; Guangju Li; Qinghua Huang,205,Pt B,10.1016/j.neunet.2026.109540,https://doi.org/10.1016/j.neunet.2026.109540,article,Neural Networks,https://openalex.org/W7203897320
Neural Networks,Elsevier,2026,2026-08-21,Rethinking robust generalization with energy minimization,Zhuang Qian; Penglei Gao; Shufei Zhang; Xi Yang; Amir Hussain; Qiufeng Wang; Kaizhu Huang,205,Pt C,10.1016/j.neunet.2026.109521,https://doi.org/10.1016/j.neunet.2026.109521,article,Neural Networks,https://openalex.org/W7203872852
Neural Networks,Elsevier,2026,2026-08-22,A unified foundation model for heterogeneous EEG signal modeling via language-aligned semi-supervised learning,Ziman Ye; Muyun Jiang; Jiaqi Zhu; Hao Zheng; Mengchi Rong; Fang Yi Deng,205,Pt C,10.1016/j.neunet.2026.109544,https://doi.org/10.1016/j.neunet.2026.109544,article,Neural Networks,https://openalex.org/W7203997232
Neural Networks,Elsevier,2026,2026-08-22,EP-MAE: A resource-efficient masked autoencoding framework for 3D neural representation learning,Jian Zhu; Jiale Zhao; Chengxing Lin; Luan Lyu; Ruichu Cai; Xiaohua Ren; Enhua Wu,205,Pt B,10.1016/j.neunet.2026.109542,https://doi.org/10.1016/j.neunet.2026.109542,article,Neural Networks,https://openalex.org/W7204013234
Neural Networks,Elsevier,2026,2026-08-22,Efficient sparse low-rank adaptation for large language models,Junren Qiao; Shisong Wu; Wenqing Su,205,Pt C,10.1016/j.neunet.2026.109543,https://doi.org/10.1016/j.neunet.2026.109543,article,Neural Networks,https://openalex.org/W7203969715
Neural Networks,Elsevier,2026,2026-08-22,Intrinsic logit-based debiasing for class-imbalanced semi-supervised learning,Qianying Tang; Yue Cheng; Xiaoyu Guo; Xiang Wei; Shunli Zhang; Witold Pedrycz,205,Pt B,10.1016/j.neunet.2026.109533,https://doi.org/10.1016/j.neunet.2026.109533,article,Neural Networks,https://openalex.org/W7203999386
Neural Networks,Elsevier,2026,2026-08-22,Multi-FedLinks: Highly reliable decentralized multibiometric federated learning links,Jian Bao Guo; Hengyu Mu; Hengyi Ren; Chong Han; Lijuan Sun,205,Pt B,10.1016/j.neunet.2026.109519,https://doi.org/10.1016/j.neunet.2026.109519,article,Neural Networks,https://openalex.org/W7204001111
Neural Networks,Elsevier,2026,2026-08-22,SeGMA4Rec: Learning stable sequential representations through semantic graph propagation and hierarchical contrastive alignment,Wanna Cui; Hak-Keung Lam,205,Pt C,10.1016/j.neunet.2026.109526,https://doi.org/10.1016/j.neunet.2026.109526,article,Neural Networks,https://openalex.org/W7203982989
Neural Networks,Elsevier,2026,2026-08-22,Stochastic resonance in the impact of afferent sensory noise on grid-patterned firing and path integration in a continuous attractor network,H.S. Nagaraj; Rishikesh Narayanan,205,Pt C,10.1016/j.neunet.2026.109546,https://doi.org/10.1016/j.neunet.2026.109546,article,Neural Networks,https://openalex.org/W7203963765
Neural Networks,Elsevier,2026,2026-08-22,Towards class-incremental open-set scenarios for video-based action recognition,Yuanshuai Gou; Chengcen Zhong; Xun Gong,205,Pt B,10.1016/j.neunet.2026.109529,https://doi.org/10.1016/j.neunet.2026.109529,article,Neural Networks,https://openalex.org/W7204012537
Neural Networks,Elsevier,2026,2026-08-24,Semantic manifold-aware cross-modal similarity learning,Liqi Zhu; Dezhi Han; Chongqing Chen,205,Pt C,10.1016/j.neunet.2026.109541,https://doi.org/10.1016/j.neunet.2026.109541,article,Neural Networks,https://openalex.org/W7204131778
Neural Networks,Elsevier,2026,2026-08-25,GLA-LoRA: Parameter-efficient LLM fine-tuning with global-local knowledge alignment,Hao WU; Jianqi Gao; Xiangfeng Luo,205,Pt B,10.1016/j.neunet.2026.109545,https://doi.org/10.1016/j.neunet.2026.109545,article,Neural Networks,https://openalex.org/W7204178432
Neural Networks,Elsevier,2026,2026-08-25,Spatial-spectral attention-enhanced U-shaped blind spot network for hyperspectral anomaly detection,Zhe Zhao; Jiangluqi Song; Huixin Zhou; Tianfang Yang,205,Pt C,10.1016/j.neunet.2026.109548,https://doi.org/10.1016/j.neunet.2026.109548,article,Neural Networks,https://openalex.org/W7204212431
Neural Networks,Elsevier,2026,2026-08-26,CMAFNet: A cross-modal adaptive fusion network for operating condition identification in zinc oxide rotary kilns,Yan Liu; Chaobo Zhang; Zhenhong Lin; Chengzhen Ning; Xiaojun Liang; Weihua Gui,205,Pt C,10.1016/j.neunet.2026.109552,https://doi.org/10.1016/j.neunet.2026.109552,article,Neural Networks,https://openalex.org/W7204260944
Neural Networks,Elsevier,2026,2026-08-26,DHGNN-MVC: Dynamic heterogeneous graph neural network based on multi-view contrastive learning,Weiqing Sun; Xin Tong; Lixun XIE; Baojin Ma; Yuanxun Cheng; Xiaohu Zhao,205,Pt C,10.1016/j.neunet.2026.109549,https://doi.org/10.1016/j.neunet.2026.109549,article,Neural Networks,https://openalex.org/W7204266904
Neural Networks,Elsevier,2026,2026-08-26,Event-triggered impulsive control for switched delay systems and its application in image encryption of switched neural networks,Zhifeng Lu; Haiying Wang; Yujuan Tian,205,Pt B,10.1016/j.neunet.2026.109525,https://doi.org/10.1016/j.neunet.2026.109525,article,Neural Networks,https://openalex.org/W7204208333
Neural Networks,Elsevier,2026,2026-08-26,Modeling cross-scale consistency via dual-view learning for semi-supervised semantic segmentation,Chongdan Min; Tao Lei; Xingwu Wang; Yingbo Wang; Asoke Nandi,205,Pt C,10.1016/j.neunet.2026.109547,https://doi.org/10.1016/j.neunet.2026.109547,article,Neural Networks,https://openalex.org/W7204275477
Neural Networks,Elsevier,2026,2026-08-27,Cross-city few-shot spatiotemporal graph forecasting via masked pre-training and prompt tuning,Xianwei Guo; Zhiyong Yu; Jiangtao Wang; Fangwan Huang; Xing Chen; Dingqi Yang; Ke Xu,205,Pt C,10.1016/j.neunet.2026.109553,https://doi.org/10.1016/j.neunet.2026.109553,article,Neural Networks,https://openalex.org/W7204451259
Neural Networks,Elsevier,2026,2026-08-28,Modality as heterogeneity: Node splitting and graph rewiring for multimodal graph learning,Yihan Zhang; Erçan E. Kuruoğlu,205,Pt C,10.1016/j.neunet.2026.109557,https://doi.org/10.1016/j.neunet.2026.109557,article,Neural Networks,https://openalex.org/W7127367356
Neural Networks,Elsevier,2026,2026-08-28,Q-SA2: Enhanced low-bit quantization-aware fine-tuning via structure-aware adaptation,Yuning Yang; Guowei Peng; Xiurui Xie; Dongyang Zhang; Guangchun Luo; Guisong Liu,205,Pt C,10.1016/j.neunet.2026.109558,https://doi.org/10.1016/j.neunet.2026.109558,article,Neural Networks,https://openalex.org/W7204558719
Neural Networks,Elsevier,2026,2026-08-29,Depth map super resolution grounded in the multi-dimensional collaborative guidance,Xiaofei Zhou; Xiang Li; Qianyu Zhang; Yifan Zuo; Bolun Zheng; Qiang Lu,205,Pt C,10.1016/j.neunet.2026.109551,https://doi.org/10.1016/j.neunet.2026.109551,article,Neural Networks,https://openalex.org/W7204638576
Neural Networks,Elsevier,2026,2026-08-29,Typed signed-monotone dual Choquet–Stieltjes networks for semantically constrained grouped prediction,Jih‐Jeng Huang; Chin‐Yi Chen,205,Pt C,10.1016/j.neunet.2026.109550,https://doi.org/10.1016/j.neunet.2026.109550,article,Neural Networks,https://openalex.org/W7204649029
Neural Networks,Elsevier,2026,2026-08-30,ContaminationAD: Anomaly detection with contaminated data,Zuo Zuo; Jiahao Dong; Zongze Wu,205,Pt C,10.1016/j.neunet.2026.109567,https://doi.org/10.1016/j.neunet.2026.109567,article,Neural Networks,https://openalex.org/W7204714998
Neural Networks,Elsevier,2026,2026-08-30,Intermittent discrete adaptive event-triggered synchronization of state-dependent switching neural networks and its application,Xiaoman Liu; Lianglin Xiong; Xiaodi Li; Haiyang Zhang; Xiaobing Zhou,205,Pt C,10.1016/j.neunet.2026.109566,https://doi.org/10.1016/j.neunet.2026.109566,article,Neural Networks,https://openalex.org/W7204708293
Neural Networks,Elsevier,2026,2026-08-31,A semi-analytical fractional order neural network framework for two-dimensional time fractional reaction-diffusion problems,Arihant Patawari; Pratibhamoy Das; Subrata Rana,205,Pt C,10.1016/j.neunet.2026.109554,https://doi.org/10.1016/j.neunet.2026.109554,article,Neural Networks,https://openalex.org/W7204825150
Neural Networks,Elsevier,2026,2026-08-31,Backdooring rationalization plus,Lei Wu; Lingxiao Kong; Fan He; Bo Wang; Yaofeng Su; Xiaoshuang Wang; Xuping Jiang,205,Pt C,10.1016/j.neunet.2026.109556,https://doi.org/10.1016/j.neunet.2026.109556,article,Neural Networks,https://openalex.org/W7204814769
Neural Networks,Elsevier,2026,2026-08-31,Decoupled information-guided cross-modal alignment for visible-infrared person re-identification,Qingsong Deng; Guangqian Kong; Xun Duan; Huiyun Long,205,Pt C,10.1016/j.neunet.2026.109561,https://doi.org/10.1016/j.neunet.2026.109561,article,Neural Networks,https://openalex.org/W7204794012
Neural Networks,Elsevier,2026,2026-08-31,Heterogeneous graph neural networks via oversampling and attribute completion,Huibo Liu; De Hu; Yan Zhang; Anchen Li; Riting Xia,205,Pt C,10.1016/j.neunet.2026.109579,https://doi.org/10.1016/j.neunet.2026.109579,article,Neural Networks,https://openalex.org/W7204765296
Neural Networks,Elsevier,2026,2026-08-31,Lightweight attention-aware fusion network based on state-space model for V-D-T salient object detection,Anzhi Wang; Jintao Wu; Yun Liu,205,Pt C,10.1016/j.neunet.2026.109578,https://doi.org/10.1016/j.neunet.2026.109578,article,Neural Networks,https://openalex.org/W7204797920
Neural Networks,Elsevier,2026,2026-08-31,OpenEnhancer: An open-set learning network via multiple feature fusion,Shide Du; Zihan Fang; Yilin Wu; Shiping Wang; Manuel Günther,205,Pt C,10.1016/j.neunet.2026.109572,https://doi.org/10.1016/j.neunet.2026.109572,article,Neural Networks,https://openalex.org/W7204828069
Neural Networks,Elsevier,2026,2026-08-31,Orbit-based universal approximation via hypercyclicity on compact–open topology,Farzona Mukhamedova; Ivan Tyukin; Farrukh Maksutovich Mukhamedov,205,Pt C,10.1016/j.neunet.2026.109563,https://doi.org/10.1016/j.neunet.2026.109563,article,Neural Networks,https://openalex.org/W7204777572
Neural Networks,Elsevier,2026,2026-08-31,Patient-independent seizure onset zone localization with generalizable feature learning and multi-task supervision,Jinjie Guo; Tao Feng; Yiping Wang; Yanfeng Yang; Guixia Kang; Guoguang Zhao,205,Pt C,10.1016/j.neunet.2026.109538,https://doi.org/10.1016/j.neunet.2026.109538,article,Neural Networks,https://openalex.org/W7204768208
Neural Networks,Elsevier,2026,2026-08-31,Robust webly supervised fine-grained recognition via decoupled global-local fusion and geometric-semantic consensus,Xinyi Guo; Yiwei Lu; Tao Yan,205,Pt C,10.1016/j.neunet.2026.109571,https://doi.org/10.1016/j.neunet.2026.109571,article,Neural Networks,https://openalex.org/W7204842519
Neural Networks,Elsevier,2026,2026-08-31,SFMambaSR: A spatial-frequency enhanced Mamba network for wafer image super-resolution,Jinchang Xu; Xiangji Guo; Guifan Zhang; Fei Xie; Ming Ming,205,Pt C,10.1016/j.neunet.2026.109570,https://doi.org/10.1016/j.neunet.2026.109570,article,Neural Networks,https://openalex.org/W7204751896
Neural Networks,Elsevier,2026,2026-09-01,A Broad Learning Model with Dual-Path Feature Encoding for Robust and Expedient Incremental Fault Diagnosis,Shengjie Zhang; Baoyi Xu; Zeyun Yang; Fen Wang; Yuan Liu; Zheng Xiang,,,10.1016/j.neunet.2026.109677,https://doi.org/10.1016/j.neunet.2026.109677,article,Neural Networks,https://openalex.org/W7214043049
Neural Networks,Elsevier,2026,2026-09-01,ALSRFormer: An Adaptive Transformer with Dynamic Window Attention and Multi-Scale Deformable Feed-Forward Network for Remote Sensing Image Segmentation,Ziqi Jia; Jiawei Zhang; Dongen Guo; Penghua Yan; Junze Guo; Kaiyang Qu,,,10.1016/j.neunet.2026.109651,https://doi.org/10.1016/j.neunet.2026.109651,article,Neural Networks,https://openalex.org/W7213956365
Neural Networks,Elsevier,2026,2026-09-01,Adaptive Pinning Security Synchronization for Multi-Layer Networks Under Asynchronous Link Attacks,Yunxiao Cao; Chuan Zhang; Xiwei Liu; Hao Zhang,,,10.1016/j.neunet.2026.109688,https://doi.org/10.1016/j.neunet.2026.109688,article,Neural Networks,https://openalex.org/W7214243686
Neural Networks,Elsevier,2026,2026-09-01,Brain–Muscle Atlas: A novel framework for Motor Brain–Computer Interfaces,Ye Sun; Bowei Zhao; Dezhong Yao; Rui Zhang; Bohan Zhang; Xiaoyuan Li; Jing Wang; Mengtao Qu; Gang Liu,,,10.1016/j.neunet.2026.109665,https://doi.org/10.1016/j.neunet.2026.109665,article,Neural Networks,https://openalex.org/W7213667885
Neural Networks,Elsevier,2026,2026-09-01,Computational modeling of head direction cells in three-dimensional space: directional encoding and visual cue manipulation,Yihong Wang; Jianbiao Hu; Shuang Xu; Xuying Xu; Xiaochuan Pan; Rubin Wang,,,10.1016/j.neunet.2026.109666,https://doi.org/10.1016/j.neunet.2026.109666,article,Neural Networks,https://openalex.org/W7213547412
Neural Networks,Elsevier,2026,2026-09-01,Context-Aware Causal Reasoning for Explanatory Visual Question Answering,Jiali Miao; Xiaoling Huang; Kui Yu; Yecheng Shi; Xiang Wang; Fuyuan Cao,,,10.1016/j.neunet.2026.109673,https://doi.org/10.1016/j.neunet.2026.109673,article,Neural Networks,https://openalex.org/W7214124190
Neural Networks,Elsevier,2026,2026-09-01,Continual Learning Based State-Aware Estimation for Reliable Industrial Legged Robots,Xuekang Yang; Haoyang Li; Jialing Zhu; Heng Ye; Qiao Sun; Jiangwei Zhong; Yue Gao,,,10.1016/j.neunet.2026.109686,https://doi.org/10.1016/j.neunet.2026.109686,article,Neural Networks,https://openalex.org/W7214231334
Neural Networks,Elsevier,2026,2026-09-01,DRE: An effective dual-refined method for integrating small and large language models in open-domain dialogue evaluation,Kun Zhao; Bohao Yang; Chen Tang; Siyuan Dai; Haoteng Tang; Chenghua Lin; Liang Zhan,205,Pt C,10.1016/j.neunet.2026.109574,https://doi.org/10.1016/j.neunet.2026.109574,article,Neural Networks,https://openalex.org/W4412402670
Neural Networks,Elsevier,2026,2026-09-01,Enhancing Vector Autoregressive Transformer with Memory Convolutional Network for Explainable End-to-End Seizure Prediction,Jie Wang; Yingchao Wang; Yan Leng; Jianping Qiao; Weiwei Nie; Qi Yuan,,,10.1016/j.neunet.2026.109652,https://doi.org/10.1016/j.neunet.2026.109652,article,Neural Networks,https://openalex.org/W7214157428
Neural Networks,Elsevier,2026,2026-09-01,Enhancing knowledge tracing with multi-level individualized perception and teacher-student semantic distillation,Yuncheng Jiang; Luyao Huang; Xingbing Li; Yuncheng Jiang,205,Pt C,10.1016/j.neunet.2026.109576,https://doi.org/10.1016/j.neunet.2026.109576,article,Neural Networks,https://openalex.org/W7204910867
Neural Networks,Elsevier,2026,2026-09-01,FGPass: Feature-Guided targeted password guessing with gated fine-tuning strategy,Xinjie Tang; Wei Peng; Tao Zhao; Ziling Wei; Qihong Wu; Zhibin He,,,10.1016/j.neunet.2026.109646,https://doi.org/10.1016/j.neunet.2026.109646,article,Neural Networks,https://openalex.org/W7213666053
Neural Networks,Elsevier,2026,2026-09-01,FL-SEHGT: Federated Learning-Based Heterogeneous Graph Transformer with Squeeze-and-Excitation for ASD Identification,Yepeng Zhang; Yuzhong Chen; Hailin Sun; Jiadong Yan; Yuxuan Zheng; Guangchao Fu; Rong Zhang; Keith Maurice Kendrick; Xi Jiang,,,10.1016/j.neunet.2026.109663,https://doi.org/10.1016/j.neunet.2026.109663,article,Neural Networks,https://openalex.org/W7213631125
Neural Networks,Elsevier,2026,2026-09-01,Foreground Guided Dual Branch Learning for Sparse 4D Radar 3D Object Detection,Yuanhang Wang; Yonghua Zhou; Yongnan Zhang; Yiduo Mei,,,10.1016/j.neunet.2026.109687,https://doi.org/10.1016/j.neunet.2026.109687,article,Neural Networks,https://openalex.org/W7214116279
Neural Networks,Elsevier,2026,2026-09-01,Gaussian processes with prior-model-informed kernel for dynamical system modeling,Shengbing Tang; Chen Xiao; Bin He; Na Li,205,Pt C,10.1016/j.neunet.2026.109569,https://doi.org/10.1016/j.neunet.2026.109569,article,Neural Networks,https://openalex.org/W7204877367
Neural Networks,Elsevier,2026,2026-09-01,HieFormer: Leveraging Hyperbolic Geometry to Overcome the Hierarchical Expressiveness Limitation of Transformers,Xiaoyu Wei; Anton Konushin,,,10.1016/j.neunet.2026.109675,https://doi.org/10.1016/j.neunet.2026.109675,article,Neural Networks,https://openalex.org/W7214122757
Neural Networks,Elsevier,2026,2026-09-01,"Kaczmarz-Inspired Acceleration for Kernel Canonical Correlation Analysis: Theory, Algorithms, and Its Applications to Information Retrieval",Qian Zuo; Lu Zhang; Xin Liao; Hanyu Xuan,,,10.1016/j.neunet.2026.109680,https://doi.org/10.1016/j.neunet.2026.109680,article,Neural Networks,https://openalex.org/W7214231682
Neural Networks,Elsevier,2026,2026-09-01,L2AF: Graph-Attention Modulated Learning Automata for Efficient Multi-Agent Cooperation,Jun Wang; Wenjie Ke; Lu Liu; Que Dong; Jia Liu; Pan Lai; Xiao Zhang,,,10.1016/j.neunet.2026.109676,https://doi.org/10.1016/j.neunet.2026.109676,article,Neural Networks,https://openalex.org/W7214017638
Neural Networks,Elsevier,2026,2026-09-01,Learning Constraints-Based adaptive hypergraph neural networks for solving vehicle routing problems,Zhenwei Wang; Tiehua Zhang; Jing Liu; Heng Xi Yu; Kaizhu Huang; Ruibin Bai,205,Pt C,10.1016/j.neunet.2026.109565,https://doi.org/10.1016/j.neunet.2026.109565,article,Neural Networks,https://openalex.org/W7204874813
Neural Networks,Elsevier,2026,2026-09-01,Long-short-term decoupled residual learning for high-resolution spatio-temporal air quality inference,Hui Zheng; Jialing Huang; Huiming Chen; Zhenlong Xiao; Nengwang Chen; Xinghao Ding,205,Pt C,10.1016/j.neunet.2026.109575,https://doi.org/10.1016/j.neunet.2026.109575,article,Neural Networks,https://openalex.org/W7204965413
Neural Networks,Elsevier,2026,2026-09-01,MNet: A Mamba-Based Teacher-Student-Decoder Framework for Multimodal Remote Sensing Segmentation,Kang Liu; Ronghua Shang; Jingyu Zhong; Kang Liu; Yangyang Li; Jie Feng,,,10.1016/j.neunet.2026.109645,https://doi.org/10.1016/j.neunet.2026.109645,article,Neural Networks,https://openalex.org/W7213455307
Neural Networks,Elsevier,2026,2026-09-01,Multi-Source Geospatial Fusion for Enhanced Visual Geo-Localization of Unmanned Aerial Vehicles,Xiong Qiu; Shouyi Liao; Dongfang Yang; Ting Li; Shicheng Wang,,,10.1016/j.neunet.2026.109679,https://doi.org/10.1016/j.neunet.2026.109679,article,Neural Networks,https://openalex.org/W7214224210
Neural Networks,Elsevier,2026,2026-09-01,Nonlinear Dynamics of a Corticothalamic Coupled Neural Mass Model Reproduce the Mechanism of 40 Hz ASSR Generation,Mu Zhu; Xiaoya Liu; Xinmeng Guo; Yilin Zhang; Ziliang Cai; Shuang Liu; Dong Ming,,,10.1016/j.neunet.2026.109683,https://doi.org/10.1016/j.neunet.2026.109683,article,Neural Networks,https://openalex.org/W7214048672
Neural Networks,Elsevier,2026,2026-09-01,PINE: Physics-Regularized Neural Enhancement for Underwater Images and Frame-wise Video via Implicit Representation,Jinxin Shao; Jianming Miao; Haosu Zhang,,,10.1016/j.neunet.2026.109678,https://doi.org/10.1016/j.neunet.2026.109678,article,Neural Networks,https://openalex.org/W7214192761
Neural Networks,Elsevier,2026,2026-09-01,Parameter-efficient Prompt Tuning based on Adaptive Fused Pre-trained Models for 3D Scene Understanding,Xinyan Huang; Fang Liu; Licheng Jiao; Yaming Yang; Shuo Li; Puhua Chen; Lingling Li; Xu Liu; Wenping Ma,,,10.1016/j.neunet.2026.109662,https://doi.org/10.1016/j.neunet.2026.109662,article,Neural Networks,https://openalex.org/W7213923490
Neural Networks,Elsevier,2026,2026-09-01,Physics-Informed Adjoint Neural Network for Parametric PDE-Constrained Optimal Control Problems,Shaojie Zeng; Zhaoxing Han; Qinghui Zhang,,,10.1016/j.neunet.2026.109668,https://doi.org/10.1016/j.neunet.2026.109668,article,Neural Networks,https://openalex.org/W7213919521
Neural Networks,Elsevier,2026,2026-09-01,"Physics-Informed Neural Networks and Neural Operators for PDEs: A Review of Architectures, Training Pathologies, and Method Selection",Namhyeon Kim; Mukhiddin Toshpulatov; Suan Lee,,,10.1016/j.neunet.2026.109640,https://doi.org/10.1016/j.neunet.2026.109640,article,Neural Networks,https://openalex.org/W7213364774
Neural Networks,Elsevier,2026,2026-09-01,SMFormer: A Spatial-Motional Transformer for Two-View Correspondence Pruning,Shunxing Chen; Xiangyang Miao; Yunmei Zhao; Bin Yang; Guobao Xiao,,,10.1016/j.neunet.2026.109622,https://doi.org/10.1016/j.neunet.2026.109622,article,Neural Networks,https://openalex.org/W7212001661
Neural Networks,Elsevier,2026,2026-09-01,Similarity-guided state attention for visual reinforcement learning,Yinfeng Zeng; Xuesong Wang; Yuhu Cheng,205,Pt C,10.1016/j.neunet.2026.109560,https://doi.org/10.1016/j.neunet.2026.109560,article,Neural Networks,https://openalex.org/W7204915548
Neural Networks,Elsevier,2026,2026-09-01,Synthetic Dreaming for State-Conditioned Epistemic Exploration in Neural Networks,Menachem Lachiany,,,10.1016/j.neunet.2026.109664,https://doi.org/10.1016/j.neunet.2026.109664,article,Neural Networks,https://openalex.org/W7213673908
Neural Networks,Elsevier,2026,2026-09-01,The Role of Grammar in Transformer Encoders: Does It Really Matter for Language Understanding Process?,Fanyu Wang; Chetan Arora; Zhenping Xie,,,10.1016/j.neunet.2026.109682,https://doi.org/10.1016/j.neunet.2026.109682,article,Neural Networks,https://openalex.org/W7214189020
Neural Networks,Elsevier,2026,2026-09-02,ATFA: Topology-aware aggregation with Laplacian-based heat diffusion for federated learning,Xianqiu Meng; Gaochao Xu; Xu Xu; Long Li; Jiaqi Ge; Jianhua Jiang,205,Pt C,10.1016/j.neunet.2026.109555,https://doi.org/10.1016/j.neunet.2026.109555,article,Neural Networks,https://openalex.org/W7206162566
Neural Networks,Elsevier,2026,2026-09-02,DATCNN: A novel CNN network with all the advantages of KAN while offering greater flexibility,Ruikun Luo; Nan Su; Yixiang Dai; Guosheng Li; Guijin Wang,205,Pt C,10.1016/j.neunet.2026.109580,https://doi.org/10.1016/j.neunet.2026.109580,article,Neural Networks,https://openalex.org/W7205007351
Neural Networks,Elsevier,2026,2026-09-02,Generalized context in cross attention for transfer learning of disjoint tabular data,Kazi Akhter; Ibna Kowsar; Manar D. Samad,205,Pt C,10.1016/j.neunet.2026.109568,https://doi.org/10.1016/j.neunet.2026.109568,article,Neural Networks,https://openalex.org/W7204767744
Neural Networks,Elsevier,2026,2026-09-02,Multimodal-guided self-distillation for unified person search,Xi Yang; Hexun Zhou; Haiyang Zhu; Nannan Wang,205,Pt C,10.1016/j.neunet.2026.109581,https://doi.org/10.1016/j.neunet.2026.109581,article,Neural Networks,https://openalex.org/W7206162088
Neural Networks,Elsevier,2026,2026-09-02,Reservoir computing with neural activity inputs predicts behavior and neural dynamics in mouse decision-making,Yutaro Ueoka; H. Maeda; Shuo Wang; Akihiro Funamizu,205,Pt C,10.1016/j.neunet.2026.109584,https://doi.org/10.1016/j.neunet.2026.109584,article,Neural Networks,https://openalex.org/W7206197893
Neural Networks,Elsevier,2026,2026-09-02,Self-supervised multi-modal imitation learning under skewed trajectory demonstrations,Yawen Zhao; Yue Chen; Fei Zhu,205,Pt C,10.1016/j.neunet.2026.109582,https://doi.org/10.1016/j.neunet.2026.109582,article,Neural Networks,https://openalex.org/W7206156179
Neural Networks,Elsevier,2026,2026-09-02,SynNeura: Event-driven liquid-spiking dynamics for weakly supervised multimodal temporal alignment,Yuping Zhang; Yan Liu,205,Pt C,10.1016/j.neunet.2026.109583,https://doi.org/10.1016/j.neunet.2026.109583,article,Neural Networks,https://openalex.org/W7206212610
Neural Networks,Elsevier,2026,2026-09-03,Revealing and overcoming fairness confusion in out-of-distribution detection,Zhaohui Hu; Haotian Wang; Jialu Zhou; Chuan Li; Da Huang; Long Lan,205,Pt C,10.1016/j.neunet.2026.109564,https://doi.org/10.1016/j.neunet.2026.109564,article,Neural Networks,https://openalex.org/W7207866804
Neural Networks,Elsevier,2026,2026-09-04,Multi-modal interaction enhanced segment anything model (MIE-SAM) for RGB-T salient object detection,Ze Li; Ying Ying Zhang; Shuai Zhang; Zhi Peng Wang,205,Pt C,10.1016/j.neunet.2026.109586,https://doi.org/10.1016/j.neunet.2026.109586,article,Neural Networks,https://openalex.org/W7208708857
Neural Networks,Elsevier,2026,2026-09-04,The adversarial game between detection and evasion: A survey of anti-detection techniques for machine-generated texts,Deyu Meng; Tad Gonsalves,205,Pt C,10.1016/j.neunet.2026.109562,https://doi.org/10.1016/j.neunet.2026.109562,article,Neural Networks,https://openalex.org/W7208742609
Neural Networks,Elsevier,2026,2026-09-05,Deep learning for non-contact machinery fault diagnosis: A review,Dan Zhang; Yongyi Chen; Zhong Liu,205,Pt C,10.1016/j.neunet.2026.109591,https://doi.org/10.1016/j.neunet.2026.109591,article,Neural Networks,https://openalex.org/W7208832666
Neural Networks,Elsevier,2026,2026-09-05,Learning capacity allocation for stable sequential learning in recurrent spiking neural networks,Yingchao Yu; Yaochu Jin; Kuangrong Hao; Yuchen Xiao; Yuping Yan; Hengjie Yu; Zeqi Zheng; Wenxuan Pan,205,Pt C,10.1016/j.neunet.2026.109590,https://doi.org/10.1016/j.neunet.2026.109590,article,Neural Networks,https://openalex.org/W7208808438
Neural Networks,Elsevier,2026,2026-09-05,Position-aware attentional neural network for review-based recommendation,Yuanpeng Jiang; Teng Long; Zhangbing Zhou,205,Pt C,10.1016/j.neunet.2026.109585,https://doi.org/10.1016/j.neunet.2026.109585,article,Neural Networks,https://openalex.org/W7208835068
Neural Networks,Elsevier,2026,2026-09-05,Structural knowledge-guided complex-noise handling for open intent classification,Yanhua Li; Xiaocao Ouyang; Jie Zhang; C. Liqiang Pan; Lingfei Ren; Xin Yang,205,Pt C,10.1016/j.neunet.2026.109588,https://doi.org/10.1016/j.neunet.2026.109588,article,Neural Networks,https://openalex.org/W7208836490
Neural Networks,Elsevier,2026,2026-09-05,Unsupervised motion artifact purification guided by joint prior from pixel and k-space domains,Jiahua Xu; Dawei Zhou; Lei Hu; Jianfeng Guo; Feng Yang; Zaiyi Liu; Nannan Wang; Xinbo Gao,205,Pt C,10.1016/j.neunet.2026.109573,https://doi.org/10.1016/j.neunet.2026.109573,article,Neural Networks,https://openalex.org/W7208831511
Neural Networks,Elsevier,2026,2026-09-06,A modified artificial potential field approach for real-time robot path planning via adaptive gradient neural network,Zisheng Chen; Ting Li; Ying Liufu,205,Pt C,10.1016/j.neunet.2026.109605,https://doi.org/10.1016/j.neunet.2026.109605,article,Neural Networks,https://openalex.org/W7210289998
Neural Networks,Elsevier,2026,2026-09-06,ReLU integral probability metric and its applications,Yuha Park; Kunwoong Kim; Insung Kong; Yongdai Kim,205,Pt C,10.1016/j.neunet.2026.109589,https://doi.org/10.1016/j.neunet.2026.109589,article,Neural Networks,https://openalex.org/W4416889011
Neural Networks,Elsevier,2026,2026-09-07,An efficient and accurate YOLO-based framework for air-to-air UAV detection,Rijun Wang; Xianglong Teng; Chunhui Yang; Yesheng Chen; Guanghao Zhang; Xiangwei Mou; Canjin Wang,205,Pt C,10.1016/j.neunet.2026.109609,https://doi.org/10.1016/j.neunet.2026.109609,article,Neural Networks,https://openalex.org/W4413788269
Neural Networks,Elsevier,2026,2026-09-07,DeepJSCC for video semantic communication with general semantic preservation,Junting Li; Xuechen Chen; Xiaoheng Deng,205,Pt C,10.1016/j.neunet.2026.109602,https://doi.org/10.1016/j.neunet.2026.109602,article,Neural Networks,https://openalex.org/W7211876440
Neural Networks,Elsevier,2026,2026-09-07,FreqFLD: Towards all-in-one facial landmark detection via frequency modulation,Ren Shun; Kaijie Jin; Shengkai Hu; Beihang Song; Hang Sun; Wenwen Min; Youfa Liu; Jun Wan,205,Pt C,10.1016/j.neunet.2026.109604,https://doi.org/10.1016/j.neunet.2026.109604,article,Neural Networks,https://openalex.org/W7211870832
Neural Networks,Elsevier,2026,2026-09-07,KD-GAG: Knowledge-distilled graph-augmented generation via preference-aware subgraph pruning,Long Zhao; Yin Xu; Yanyan Wang; Fei Li,205,Pt C,10.1016/j.neunet.2026.109587,https://doi.org/10.1016/j.neunet.2026.109587,article,Neural Networks,https://openalex.org/W7211865872
Neural Networks,Elsevier,2026,2026-09-08,MFAFNet: Multiscale frequency-adaptive fusion network for domain generalized underwater object detection,Yongjie Yu; Hui Chen; Chunlei Ben; Shunxiang Zhang; Bin Ge,205,Pt C,10.1016/j.neunet.2026.109612,https://doi.org/10.1016/j.neunet.2026.109612,article,Neural Networks,https://openalex.org/W7211927848
Neural Networks,Elsevier,2026,2026-09-08,Online spatio-temporal forecasting with retrieval-augmented orthogonal landmark transformer and masked teacher–student learning,Jinhao Ding; Liang Xie,205,Pt C,10.1016/j.neunet.2026.109628,https://doi.org/10.1016/j.neunet.2026.109628,article,Neural Networks,https://openalex.org/W7211946660
Neural Networks,Elsevier,2026,2026-09-08,PDMark: Plausibly deniable watermarking for diffusion models,Zikai Xu; Bin Liu; Weihai Li; Lijunxian Zhang; Nenghai Yu,205,Pt C,10.1016/j.neunet.2026.109614,https://doi.org/10.1016/j.neunet.2026.109614,article,Neural Networks,https://openalex.org/W7211926025
Neural Networks,Elsevier,2026,2026-09-09,Background-aware decoupling and multi-granularity fusion-reconstruction approach for infrared small target detection,Xin Pan; Tao Chen; Huayue Chen,205,Pt C,10.1016/j.neunet.2026.109619,https://doi.org/10.1016/j.neunet.2026.109619,article,Neural Networks,https://openalex.org/W7212080456
Neural Networks,Elsevier,2026,2026-09-09,Event-triggered reinforcement learning-based safe control for stochastic systems subject to asymmetric input constraints and unknown dynamics,Yuling Liang; Qin Feng; Lei Liu; Yi Zhang; Zhongyang Ming,205,Pt C,10.1016/j.neunet.2026.109610,https://doi.org/10.1016/j.neunet.2026.109610,article,Neural Networks,https://openalex.org/W7211985641
Neural Networks,Elsevier,2026,2026-09-09,Neural computation as operator-theoretic learning on measures,Adriel Wáng,205,Pt C,10.1016/j.neunet.2026.109577,https://doi.org/10.1016/j.neunet.2026.109577,article,Neural Networks,https://openalex.org/W7212063965
Neural Networks,Elsevier,2026,2026-09-09,VLG-RMOT: Calibration-before-control for end-to-end referring multi-object tracking,Hongshen Zhao; Ming Jiang Dai; Fei Xie; Wenkang Zhang; Yuncong Yao; Wankou Yang,205,Pt C,10.1016/j.neunet.2026.109615,https://doi.org/10.1016/j.neunet.2026.109615,article,Neural Networks,https://openalex.org/W7212064152
Neural Networks,Elsevier,2026,2026-09-10,CURRENT EVENTS,,204,,10.1016/s0893-6080(26)01054-3,https://doi.org/10.1016/s0893-6080(26)01054-3,article,Neural Networks,https://openalex.org/W7212160706
Neural Networks,Elsevier,2026,2026-09-10,Carleman approximation based adaptive optimal control design of nonlinear systems: A three-phase policy iteration approach,Jianguo Zhao; Zhijiang Gao; Chunyu Yang; Pak Kin Wong,205,Pt C,10.1016/j.neunet.2026.109611,https://doi.org/10.1016/j.neunet.2026.109611,article,Neural Networks,https://openalex.org/W7212131726
Neural Networks,Elsevier,2026,2026-09-10,Causality-aware LLM-agent framework for document-level news event extraction with heterogeneous arguments,Bingtao Xu; Zongye Gu; Yanling Wang,205,Pt C,10.1016/j.neunet.2026.109629,https://doi.org/10.1016/j.neunet.2026.109629,article,Neural Networks,https://openalex.org/W7212120721
Neural Networks,Elsevier,2026,2026-09-10,Editorial Board,,204,,10.1016/s0893-6080(26)01052-x,https://doi.org/10.1016/s0893-6080(26)01052-x,paratext,Neural Networks,https://openalex.org/W7212125098
Neural Networks,Elsevier,2026,2026-09-10,INN/ENNS/JNNS - Membership Applic. Form,,204,,10.1016/s0893-6080(26)01055-5,https://doi.org/10.1016/s0893-6080(26)01055-5,article,Neural Networks,https://openalex.org/W7212119161
Neural Networks,Elsevier,2026,2026-09-10,Improvement of KLMS algorithm based on attention mechanism,Jinghao Li; Dongjie Bi; Mingwu Tu; Xifeng Li; Libiao Peng; Yongle Xie,205,Pt C,10.1016/j.neunet.2026.109625,https://doi.org/10.1016/j.neunet.2026.109625,article,Neural Networks,https://openalex.org/W7212162809
Neural Networks,Elsevier,2026,2026-09-10,LRSP-Fusion: A general image fusion network based on low-rank and sparse priors,Shuying Huang; Xia Xiao; Yong Yang; Weiguo Wan,205,Pt C,10.1016/j.neunet.2026.109613,https://doi.org/10.1016/j.neunet.2026.109613,article,Neural Networks,https://openalex.org/W7212112184
Neural Networks,Elsevier,2026,2026-09-10,"QiVC-Net: Quantum-inspired variational convolutional network, with application to biosignal classification",Amin Golnari; Jamileh Yousefi; Reza Moheimani; Saeid Sanei,205,Pt C,10.1016/j.neunet.2026.109627,https://doi.org/10.1016/j.neunet.2026.109627,article,Neural Networks,https://openalex.org/W7104982591
Neural Networks,Elsevier,2026,2026-09-10,Single-phase incomplete multi-view clustering via joint anchor refactoring and tensorial bipartite graph learning,Xuan Chen; Zhikui Chen; Enze Ji; Chuan Xiao; Liang Zhao; Xiaodi Huang,205,Pt C,10.1016/j.neunet.2026.109618,https://doi.org/10.1016/j.neunet.2026.109618,article,Neural Networks,https://openalex.org/W7212141942
Neural Networks,Elsevier,2026,2026-09-11,Adaptive distributed observer-based cooperative control for noncanonical nonlinear multi-agent systems modeled by RHONNs,Guanyu Lai; Tao Zhang; Xiaohang Su; Yuanqing Wu,205,Pt C,10.1016/j.neunet.2026.109606,https://doi.org/10.1016/j.neunet.2026.109606,article,Neural Networks,https://openalex.org/W7212276042
Neural Networks,Elsevier,2026,2026-09-11,Cross-group bidirectional fusion network for 3D model classification,Xueyao Gao; Yali Shao; Chunxiang Zhang; Yongzeng Xue,205,Pt C,10.1016/j.neunet.2026.109623,https://doi.org/10.1016/j.neunet.2026.109623,article,Neural Networks,https://openalex.org/W7212183894
Neural Networks,Elsevier,2026,2026-09-11,Dynamic graph representation learning based on multi-scale attention,Pingtao Duan; Yanqun Wu; Jiayi Wei; Jing Tian; Jiang Wu; Lin Lin; Huilai Miao; Jinchao Cui; Hui Wang; Dong Ouyang; Bo Jin,205,Pt C,10.1016/j.neunet.2026.109603,https://doi.org/10.1016/j.neunet.2026.109603,article,Neural Networks,https://openalex.org/W7212236701
Neural Networks,Elsevier,2026,2026-09-11,MoEP: Compact and efficient sparsity with modular expert paths,Joonas Tapaninaho; Mourad Oussalah,205,Pt C,10.1016/j.neunet.2026.109617,https://doi.org/10.1016/j.neunet.2026.109617,article,Neural Networks,https://openalex.org/W7212302897
Neural Networks,Elsevier,2026,2026-09-12,A novel approach to lossless convolutional neural network compression via progressive knowledge distillation-incorporated low-rank compression,Yaping He; Hao Wu; Weibo Liu; Xin Luo,205,Pt C,10.1016/j.neunet.2026.109631,https://doi.org/10.1016/j.neunet.2026.109631,article,Neural Networks,https://openalex.org/W7212402881
Neural Networks,Elsevier,2026,2026-09-12,DPGR-Net: A disentangled population-guided graph neural network for major depressive disorder identification,Xuan He; Ting Mei; Huanhuan Du; Xinting Zhou; Jingran Xiang; Zheng Liu,205,Pt C,10.1016/j.neunet.2026.109616,https://doi.org/10.1016/j.neunet.2026.109616,article,Neural Networks,https://openalex.org/W7212372452
Neural Networks,Elsevier,2026,2026-09-12,GCA-ODN: A global context-aware dropout network for joint facial landmark detection and emotion recognition under occlusion,Muhammad Sadiq,205,Pt C,10.1016/j.neunet.2026.109626,https://doi.org/10.1016/j.neunet.2026.109626,article,Neural Networks,https://openalex.org/W7212390031
Neural Networks,Elsevier,2026,2026-09-12,Self-action distribution system (SADS): From neural network stability analysis to memory networks with low storage space cost,Fanglue Liu; Ting Qian; Yanhong She,205,Pt C,10.1016/j.neunet.2026.109635,https://doi.org/10.1016/j.neunet.2026.109635,article,Neural Networks,https://openalex.org/W7212390128
Neural Networks,Elsevier,2026,2026-09-14,AFTI: High-generalized facial template inversion under attribute guidance,Zixuan Shen; Junheng Luo; Zhihua Xia; Xi Yang; Kaikai Gan; Peipeng Yu,205,Pt C,10.1016/j.neunet.2026.109620,https://doi.org/10.1016/j.neunet.2026.109620,article,Neural Networks,https://openalex.org/W7212505987
Neural Networks,Elsevier,2026,2026-09-14,Basis sharing and coefficient pruning for efficient neural network compression,Van Tien Pham,205,Pt C,10.1016/j.neunet.2026.109630,https://doi.org/10.1016/j.neunet.2026.109630,article,Neural Networks,https://openalex.org/W7212758381
Neural Networks,Elsevier,2026,2026-09-14,Boosting cross-architecture adversarial transferability by enhanced deformation attack,Jiachen Wang; Hegui Zhu; Yifan Zhang; Chengqing Li,205,Pt C,10.1016/j.neunet.2026.109637,https://doi.org/10.1016/j.neunet.2026.109637,article,Neural Networks,https://openalex.org/W7213004885
Neural Networks,Elsevier,2026,2026-09-14,CRFTrans: A recursive vision transformer reformulating the mean-field inference in conditional random field for medical image segmentation,Zhendi Gong; Guoping Qiu; Xin Chen,205,Pt C,10.1016/j.neunet.2026.109621,https://doi.org/10.1016/j.neunet.2026.109621,article,Neural Networks,https://openalex.org/W7213072651
Neural Networks,Elsevier,2026,2026-09-15,A real-time infrared small target detector based on an illumination-aware degradation filtering network,Shao-Qi Sun; Li‐Juan Liu; Hamid Reza Karimi,205,Pt C,10.1016/j.neunet.2026.109641,https://doi.org/10.1016/j.neunet.2026.109641,article,Neural Networks,https://openalex.org/W7213251302
Neural Networks,Elsevier,2026,2026-09-15,CALM: Fine-grained federated unlearning via CLIP-assisted LoRA-MoE memory editing,Mang Su; Yang Bai; Caiyun Liu; Qihao Dong; Hongsheng Hu; Yansong Gao; Anmin Fu,205,Pt C,10.1016/j.neunet.2026.109632,https://doi.org/10.1016/j.neunet.2026.109632,article,Neural Networks,https://openalex.org/W7213318027
Neural Networks,Elsevier,2026,2026-09-15,CoManTrack: Conflict-aware and manifold-adaptive RGBT tracking,Yujia Dong; Haiyan Li; Yajie Liu; Xun Lang; Pengfei Yu; Hao Zhou,205,Pt C,10.1016/j.neunet.2026.109639,https://doi.org/10.1016/j.neunet.2026.109639,article,Neural Networks,https://openalex.org/W7213253437
Neural Networks,Elsevier,2026,2026-09-15,D3-KD: Breast cancer segmentation via data diffusion–enhanced knowledge distillation under source-free domain conditions,Jiati Cai; Kun Wang; Meihui Zhong; Haohan Zhang; Yuxin Tong; Junren Wang; Fan Zhou; Jing Jing; Jin Yin,205,Pt C,10.1016/j.neunet.2026.109633,https://doi.org/10.1016/j.neunet.2026.109633,article,Neural Networks,https://openalex.org/W7213350146
Neural Networks,Elsevier,2026,2026-09-15,Learning-based local RBF neural network with adaptively supported domain for solving partial differential equations,Zhenzhou Fan; Min Lei; Ruiping Niu; Letian Wang; Hongen Jia; Peiyao Liu,205,Pt C,10.1016/j.neunet.2026.109643,https://doi.org/10.1016/j.neunet.2026.109643,article,Neural Networks,https://openalex.org/W7213245212
Neural Networks,Elsevier,2026,2026-09-15,Mass-preserving spatio-temporal adaptive PINN for Cahn-Hilliard equations with strong nonlinearities and singularities,Qiumei Huang; Jiaxuan Ma; Zhen Yuan Xu,205,Pt C,10.1016/j.neunet.2026.109634,https://doi.org/10.1016/j.neunet.2026.109634,article,Neural Networks,https://openalex.org/W7213293132
Neural Networks,Elsevier,2026,2026-09-15,Multistability of delayed recurrent neural networks with piecewise non-monotonic activation functions and its applications to associative memory,Rumeng Wang; Guici Chen; Shiping Wen; Song Zhu; Leimin Wang; Yin Sheng,205,Pt C,10.1016/j.neunet.2026.109644,https://doi.org/10.1016/j.neunet.2026.109644,article,Neural Networks,https://openalex.org/W7213270074
Neural Networks,Elsevier,2026,2026-09-16,Multimodal graph-based fusion via image descriptions for few-shot open-set recognition,Xilang Huang; Seon Han Choi,205,Pt C,10.1016/j.neunet.2026.109636,https://doi.org/10.1016/j.neunet.2026.109636,article,Neural Networks,https://openalex.org/W7213402662
Neural Networks,Elsevier,2026,2026-09-17,Context-aware diffusion models for solving partial differential equations,Bosi Guo; Chunyan Xu; Shuaizhen Yao; Yide Qiu; Yan Wang; Luying Wu; Zhen Cui,205,Pt C,10.1016/j.neunet.2026.109647,https://doi.org/10.1016/j.neunet.2026.109647,article,Neural Networks,https://openalex.org/W7213443112
Neural Networks,Elsevier,2026,2026-09-17,D-TICNN: A dual encoder network with simplified transformer-involution and U-Net-based decoder for enhanced polyp and skin cancer segmentation,Yassine Oukdach; Anass Garbaz; Zakaria Kerkaou; Mohamed El Ansari; Lahcen Koutti; Ahmed Fouad El Ouafdi; Mouna Salihoun,205,Pt C,10.1016/j.neunet.2026.109642,https://doi.org/10.1016/j.neunet.2026.109642,article,Neural Networks,https://openalex.org/W7213449691
Neural Networks,Elsevier,2026,2026-09-19,Bidirectional cross-frequency guided wavelet diffusion for detail-preserving low-light image enhancement,Pingping Liu; Jiahao Liu; Shihui Pei; Tongshun Zhang; Qingyi Xue; Kai Zhang; Qiuzhan Zhou,205,Pt C,10.1016/j.neunet.2026.109650,https://doi.org/10.1016/j.neunet.2026.109650,article,Neural Networks,https://openalex.org/W7213661265
Neural Networks,Elsevier,2026,2026-09-19,Scalable memory synthesis for exemplar-free lifelong person re-identification,Hancai Liu; Jican Tan; Haifeng Yang; Jinjia Peng; Huibing Wang,205,Pt C,10.1016/j.neunet.2026.109649,https://doi.org/10.1016/j.neunet.2026.109649,article,Neural Networks,https://openalex.org/W7213651067
Neural Networks,Elsevier,2026,2026-09-21,Hybrid feature-based collaborative disambiguation for multi-instance partial-label learning,Zhu Zhen; Yining Sun; Yuanbo Wang; Bingxin Zhou; Yiwen Hu; Yuxing Zhang,205,Pt C,10.1016/j.neunet.2026.109648,https://doi.org/10.1016/j.neunet.2026.109648,article,Neural Networks,https://openalex.org/W7213865375
Neural Networks,Elsevier,2026,2026-09-21,Scaled projection neural network for quasi-variational inequalities,Mohammed Alshahrani; Qamrul Hasan Ansari,205,Pt C,10.1016/j.neunet.2026.109667,https://doi.org/10.1016/j.neunet.2026.109667,article,Neural Networks,https://openalex.org/W7213914435
Neural Networks,Elsevier,2026,2026-09-22,CURRENT EVENTS,,205,,10.1016/s0893-6080(26)01112-3,https://doi.org/10.1016/s0893-6080(26)01112-3,article,Neural Networks,https://openalex.org/W7214025245
Neural Networks,Elsevier,2026,2026-09-22,Editorial Board,,205,,10.1016/s0893-6080(26)01111-1,https://doi.org/10.1016/s0893-6080(26)01111-1,paratext,Neural Networks,https://openalex.org/W7214007807
Neural Networks,Elsevier,2026,2026-09-22,INN/ENNS/JNNS - Membership Applic. Form,,205,,10.1016/s0893-6080(26)01113-5,https://doi.org/10.1016/s0893-6080(26)01113-5,article,Neural Networks,https://openalex.org/W7214023540
Neural Networks,Elsevier,2026,2026-09-23,HAD-MSF: Multi-domain neural fusion with state-space and graph modeling for hyperspectral anomaly detection,Jinzhuang Xu; Chenglong Zhang; Xiaoxue Wang; Xiaoli Yang; Yuping Han; Xiaopeng Ma,206,,10.1016/j.neunet.2026.109674,https://doi.org/10.1016/j.neunet.2026.109674,article,Neural Networks,https://openalex.org/W7214107373
