journal,publisher_family,year,publication_date,title,authors,volume,issue,doi,article_url,article_type,source_container_title,openalex_id
Information Sciences,Elsevier,2025,2025-01-02,A multi/many-objective evolutionary algorithm based on normal-boundary intersection direction,Qinghua Gu; Yu Chen; Dan Wang; Di Liu,701,,10.1016/j.ins.2024.121837,https://doi.org/10.1016/j.ins.2024.121837,article,Information Sciences,https://openalex.org/W4405982822
Information Sciences,Elsevier,2025,2025-01-02,A self-esteem driven feedback mechanism with diverse power structures to prevent strategic manipulation in social network group decision making,Qi Sun; Xiang Zhang; Francisco Chiclana; Feixia Ji; Qingqi Long; Jian Wu,700,,10.1016/j.ins.2024.121823,https://doi.org/10.1016/j.ins.2024.121823,article,Information Sciences,https://openalex.org/W4405985666
Information Sciences,Elsevier,2025,2025-01-02,Class-specific semi-supervised feature selection with fuzzy convex balling information granularity,Hengrong Ju; Jiarong Li; Weiping Ding; Xiaoxue Fan; Jiashuang Huang; Suping Xu; Xibei Yang,700,,10.1016/j.ins.2024.121821,https://doi.org/10.1016/j.ins.2024.121821,article,Information Sciences,https://openalex.org/W4406012028
Information Sciences,Elsevier,2025,2025-01-02,Editorial Board,,695,,10.1016/s0020-0255(24)01742-0,https://doi.org/10.1016/s0020-0255(24)01742-0,paratext,Information Sciences,https://openalex.org/W4406002108
Information Sciences,Elsevier,2025,2025-01-02,Efficient hypergraph collective influence maximization in cascading processes based on general threshold model,Xilong Qu; Qiang Zhang; Yinchao Yang; Xirong Xu; Wenbin Pei; Renquan Zhang,700,,10.1016/j.ins.2024.121816,https://doi.org/10.1016/j.ins.2024.121816,article,Information Sciences,https://openalex.org/W4405987958
Information Sciences,Elsevier,2025,2025-01-04,A domain-transformed surrogate-assisted differential evolutionary algorithm for hyperparameter optimisation of satellite handover strategy,Zhe Yang; Libao Deng; Chunlei Li; Yifan Qin; Lili Zhang,700,,10.1016/j.ins.2024.121835,https://doi.org/10.1016/j.ins.2024.121835,article,Information Sciences,https://openalex.org/W4406053624
Information Sciences,Elsevier,2025,2025-01-04,Improving preference disaggregation in multicriteria decision making: Incorporating time series analysis and a multi-objective approach,Betania Silva Carneiro Campello; Sarah Ben Amor; Leonardo Tomazeli Duarte; João Marcos Travassos Romano,700,,10.1016/j.ins.2024.121833,https://doi.org/10.1016/j.ins.2024.121833,article,Information Sciences,https://openalex.org/W4406053661
Information Sciences,Elsevier,2025,2025-01-04,Large-scale group decision making for simulation-guided disaster recovery center location selection,Han Wang; Jin-Long Lin; Zhen‐Song Chen; Zengqiang Wang,700,,10.1016/j.ins.2024.121854,https://doi.org/10.1016/j.ins.2024.121854,article,Information Sciences,https://openalex.org/W4406053613
Information Sciences,Elsevier,2025,2025-01-04,Spatio-temporal invariant descriptors for skeleton-based human action recognition,Aouaidjia Kamel; Chongsheng Zhang; Ioannis Pitas,700,,10.1016/j.ins.2024.121832,https://doi.org/10.1016/j.ins.2024.121832,article,Information Sciences,https://openalex.org/W4406053702
Information Sciences,Elsevier,2025,2025-01-04,Twigs classifiers based on the boundary vectors Machine (BVM): A novel approach for supervised learning,Kamel Mebarkia; Aicha Reffad,701,,10.1016/j.ins.2024.121853,https://doi.org/10.1016/j.ins.2024.121853,article,Information Sciences,https://openalex.org/W4406053577
Information Sciences,Elsevier,2025,2025-01-04,WL-GAN: Learning to sample in generative latent space,Zeyi Hou; Ning Lang; Xiuzhuang Zhou,700,,10.1016/j.ins.2024.121834,https://doi.org/10.1016/j.ins.2024.121834,article,Information Sciences,https://openalex.org/W4406053698
Information Sciences,Elsevier,2025,2025-01-06,APBAM: Adversarial perturbation-driven backdoor attack in multimodal learning,Shaobo Zhang; Wenli Chen; Xiong Li; Qin Liu; Guojun Wang,700,,10.1016/j.ins.2024.121847,https://doi.org/10.1016/j.ins.2024.121847,article,Information Sciences,https://openalex.org/W4406098816
Information Sciences,Elsevier,2025,2025-01-06,Adaptive niching differential evolution algorithm with landscape analysis for multimodal optimization,Xinyu Zhou; Ningzhi Li; Fan Long; Hongwei Li; B. Cheng; Mingwen Wang,700,,10.1016/j.ins.2024.121842,https://doi.org/10.1016/j.ins.2024.121842,article,Information Sciences,https://openalex.org/W4406098328
Information Sciences,Elsevier,2025,2025-01-06,Advanced fuzzy connectivity metrics for enhancing security in dynamic network environments,P. Sujithra; Sunil Mathew; John Nelson Mordeson,700,,10.1016/j.ins.2024.121857,https://doi.org/10.1016/j.ins.2024.121857,article,Information Sciences,https://openalex.org/W4406098265
Information Sciences,Elsevier,2025,2025-01-06,DBFL: Dynamic Byzantine-Robust Privacy Preserving Federated Learning in Heterogeneous Data Scenario,Xiaoli Chen; Youliang Tian; Shuai Wang; Kedi Yang; Wei Zhao; Jinbo Xiong,700,,10.1016/j.ins.2024.121849,https://doi.org/10.1016/j.ins.2024.121849,article,Information Sciences,https://openalex.org/W4406098601
Information Sciences,Elsevier,2025,2025-01-06,Data-driven control with event-triggered dynamic compensation for multi-agent systems under DoS attacks,Libang Yin; Yining Qian; An‐Yang Lu,701,,10.1016/j.ins.2024.121851,https://doi.org/10.1016/j.ins.2024.121851,article,Information Sciences,https://openalex.org/W4406098277
Information Sciences,Elsevier,2025,2025-01-06,Decay regularized stochastic configuration networks with multi-level data processing for UAV battery RUL prediction,Zihao Liao; Shaobo Li; Peng Zhou; Chenglong Zhang,701,,10.1016/j.ins.2024.121840,https://doi.org/10.1016/j.ins.2024.121840,article,Information Sciences,https://openalex.org/W4406098980
Information Sciences,Elsevier,2025,2025-01-06,Future-heuristic differential graph transformer for traffic flow forecasting,Dewei Bai; Dawen Xia; Xiaoping Wu; Dan Huang; Yang Hu; Youliang Tian; Weihua Ou; Yantao Li; Huaqing Li,701,,10.1016/j.ins.2024.121852,https://doi.org/10.1016/j.ins.2024.121852,article,Information Sciences,https://openalex.org/W4406098303
Information Sciences,Elsevier,2025,2025-01-06,Learning continuous spatial-temporal evolution via dynamic graph neural differential equations for traffic flow forecasting,Hongli Shi; Wensheng Zhang,700,,10.1016/j.ins.2024.121845,https://doi.org/10.1016/j.ins.2024.121845,article,Information Sciences,https://openalex.org/W4406098848
Information Sciences,Elsevier,2025,2025-01-06,Multi-phase constrained multi-objective optimization via heterogeneous transfer,Huiting Li; Yaochu Jin; Ran Cheng,700,,10.1016/j.ins.2024.121836,https://doi.org/10.1016/j.ins.2024.121836,article,Information Sciences,https://openalex.org/W4406098984
Information Sciences,Elsevier,2025,2025-01-06,Multi-view data representation via adaptive label propagation nonnegative matrix factorization,Hui Li; Chengcai Leng; Jinye Peng; Zhao Pei; Anup Basu,700,,10.1016/j.ins.2024.121859,https://doi.org/10.1016/j.ins.2024.121859,article,Information Sciences,https://openalex.org/W4406098331
Information Sciences,Elsevier,2025,2025-01-06,ReFNet: Rehearsal-based graph lifelong learning with multi-resolution framelet graph neural networks,Ming Li; Xiaoyi Yang; Yuting Chen; Siwei Zhou; Yongchun Gu; Qintai Hu,700,,10.1016/j.ins.2024.121856,https://doi.org/10.1016/j.ins.2024.121856,article,Information Sciences,https://openalex.org/W4406098321
Information Sciences,Elsevier,2025,2025-01-06,Resilient and privacy-preserving consensus for multi-agent systems,Mingde Huang; Yiming Wu; Qiuxia Huang,700,,10.1016/j.ins.2024.121843,https://doi.org/10.1016/j.ins.2024.121843,article,Information Sciences,https://openalex.org/W4406098763
Information Sciences,Elsevier,2025,2025-01-06,Three-way quantitative models and three-way issue reductions of conflict analysis,Xianyong Zhang; Jiang Chen,701,,10.1016/j.ins.2024.121846,https://doi.org/10.1016/j.ins.2024.121846,article,Information Sciences,https://openalex.org/W4406098283
Information Sciences,Elsevier,2025,2025-01-07,A deep contrastive multi-modal encoder for multi-omics data integration and analysis,Ma Yinghua; Ahmad Khan; Yang Heng; Fiaz Gul Khan; Farman Ali; Yasser D. Al‐Otaibi; Ali Kashif Bashir,700,,10.1016/j.ins.2024.121864,https://doi.org/10.1016/j.ins.2024.121864,article,Information Sciences,https://openalex.org/W4406143152
Information Sciences,Elsevier,2025,2025-01-07,A semantics of the basic modal language based on a generalized rough set model,Md. Aquil Khan; Ranjan Ranjan,701,,10.1016/j.ins.2024.121838,https://doi.org/10.1016/j.ins.2024.121838,article,Information Sciences,https://openalex.org/W4406142068
Information Sciences,Elsevier,2025,2025-01-07,Adaptive fault compensation for global performance tracking control of sensor faulty MIMO nonlinear systems with unmeasured states,Liuliu Zhang; Lingchen Zhu; Cheng Qian; Changchun Hua,700,,10.1016/j.ins.2024.121862,https://doi.org/10.1016/j.ins.2024.121862,article,Information Sciences,https://openalex.org/W4406143232
Information Sciences,Elsevier,2025,2025-01-07,Balancing convergence and diversity: Gaussian mixture models in adaptive weight vector strategies for multi-objective algorithms,Xuepeng Ren; Maocai Wang; Guangming Dai; L.J. Peng; Xiaoyu Chen; Zhiming Song,700,,10.1016/j.ins.2024.121858,https://doi.org/10.1016/j.ins.2024.121858,article,Information Sciences,https://openalex.org/W4406142093
Information Sciences,Elsevier,2025,2025-01-07,CPT4: Continual Prompted Transformer for Test Time Training,Mahmood Karimian; Hamid Beigy,700,,10.1016/j.ins.2024.121841,https://doi.org/10.1016/j.ins.2024.121841,article,Information Sciences,https://openalex.org/W4406142095
Information Sciences,Elsevier,2025,2025-01-07,Differential evolution with individual and correlation information utilization for constrained optimization problems,Libao Deng; Guanyu Yuan; Chunlei Li; Lili Zhang,700,,10.1016/j.ins.2024.121863,https://doi.org/10.1016/j.ins.2024.121863,article,Information Sciences,https://openalex.org/W4406142071
Information Sciences,Elsevier,2025,2025-01-07,Feature selection and information fusion based on preference ranking organization method in interval-valued multi-source decision-making information systems,Weihua Xu; Zhenyuan Tian,700,,10.1016/j.ins.2024.121860,https://doi.org/10.1016/j.ins.2024.121860,article,Information Sciences,https://openalex.org/W4406142124
Information Sciences,Elsevier,2025,2025-01-07,GEC: A novel and efficient classifier based on granular-ellipsoid model,Xu Sun; Jinjin Zhang; Bing S Huang; Xin Wang; Tianxing Wang; Huaxiong Li; Xiuyi Jia,700,,10.1016/j.ins.2024.121861,https://doi.org/10.1016/j.ins.2024.121861,article,Information Sciences,https://openalex.org/W4406142094
Information Sciences,Elsevier,2025,2025-01-07,H∞ control for interval type-2 Takagi–Sugeno fuzzy systems via the membership-quadratic framework,Kyung Soo Kim; PooGyeon Park,701,,10.1016/j.ins.2024.121839,https://doi.org/10.1016/j.ins.2024.121839,article,Information Sciences,https://openalex.org/W4406143165
Information Sciences,Elsevier,2025,2025-01-07,Improved stochastic configuration network for bridge damage and anomaly detection using long-term monitoring data,Jianxi Yang; Die Liu; Lu Zhao; Xiangli Yang; Ren Li; Shixin Jiang; Jianming Li,700,,10.1016/j.ins.2024.121831,https://doi.org/10.1016/j.ins.2024.121831,article,Information Sciences,https://openalex.org/W4406142061
Information Sciences,Elsevier,2025,2025-01-07,Real-time traffic object detection algorithm with deep stochastic configuration networks,Yongfu Wang; Yang Liu; Ran Yi; Yanchen Jiang,700,,10.1016/j.ins.2024.121848,https://doi.org/10.1016/j.ins.2024.121848,article,Information Sciences,https://openalex.org/W4406108357
Information Sciences,Elsevier,2025,2025-01-08,Boosting occluded person re-identification by leveraging occlusion attributes,Tengfei Ren; Qiusheng Lian; Jiale Chen,701,,10.1016/j.ins.2024.121866,https://doi.org/10.1016/j.ins.2024.121866,article,Information Sciences,https://openalex.org/W4406168662
Information Sciences,Elsevier,2025,2025-01-08,Inception MLP: A vision MLP backbone for multi-scale feature extraction,Li Jia; Rongchao Yang; Xinyan Cao; Xinyan Cao; Bo Zeng; Zhandong Shi; Wei Ren; Xixin Cao; Xixin Cao,701,,10.1016/j.ins.2024.121865,https://doi.org/10.1016/j.ins.2024.121865,article,Information Sciences,https://openalex.org/W4406160536
Information Sciences,Elsevier,2025,2025-01-08,Open-world multi-modal machine learning decision model based on uncertain data analysis for fetal heart diagnosis,Guosong Zhu; Zhen Qin; Hu Xiong; Saru Kumari; Mohammed J. F. Alenazi; Yingkun Guo; Chien‐Ming Chen,701,,10.1016/j.ins.2024.121868,https://doi.org/10.1016/j.ins.2024.121868,article,Information Sciences,https://openalex.org/W4406121639
Information Sciences,Elsevier,2025,2025-01-08,Overlap Number of Balls Model-Agnostic CounterFactuals (ONB-MACF): A data-morphology-based counterfactual generation method for trustworthy artificial intelligence,José Daniel Pascual-Triana; Alberto Fernández; Javier Del Ser; Francisco Herrera,701,,10.1016/j.ins.2024.121844,https://doi.org/10.1016/j.ins.2024.121844,article,Information Sciences,https://openalex.org/W4406160186
Information Sciences,Elsevier,2025,2025-01-08,Three-way concept lattice construction and association rule acquisition,Junping Xie; Jing Yang; Jinhai Li; Mingwei He; Huaxiang Song,701,,10.1016/j.ins.2024.121867,https://doi.org/10.1016/j.ins.2024.121867,article,Information Sciences,https://openalex.org/W4406169034
Information Sciences,Elsevier,2025,2025-01-09,Editorial Board,,696,,10.1016/s0020-0255(25)00004-0,https://doi.org/10.1016/s0020-0255(25)00004-0,paratext,Information Sciences,https://openalex.org/W4406195106
Information Sciences,Elsevier,2025,2025-01-10,Prescribed-time nonsingular sliding mode control based on neural network for trajectory tracking of nonlinear systems,Chao Jia; Xiaohua Liu; Fanlin Jia; Xiao He,701,,10.1016/j.ins.2024.121850,https://doi.org/10.1016/j.ins.2024.121850,article,Information Sciences,https://openalex.org/W4406255965
Information Sciences,Elsevier,2025,2025-01-13,Laws of large numbers for Sugeno integrals,Pedro Terán,701,,10.1016/j.ins.2024.121813,https://doi.org/10.1016/j.ins.2024.121813,article,Information Sciences,https://openalex.org/W4406310007
Information Sciences,Elsevier,2025,2025-01-17,Editorial Board,,697,,10.1016/s0020-0255(25)00013-1,https://doi.org/10.1016/s0020-0255(25)00013-1,paratext,Information Sciences,https://openalex.org/W4406599239
Information Sciences,Elsevier,2025,2025-01-25,Editorial Board,,698,,10.1016/j.ins.2025.121893,https://doi.org/10.1016/j.ins.2025.121893,paratext,Information Sciences,https://openalex.org/W4406818257
Information Sciences,Elsevier,2025,2025-01-27,A predefined-time matrix-value neural network for quaternion optimization with applications to color images,Banghua Huang; Yang Liu; Kit Ian Kou; Haijun Jiang,702,,10.1016/j.ins.2025.121899,https://doi.org/10.1016/j.ins.2025.121899,article,Information Sciences,https://openalex.org/W4406853313
Information Sciences,Elsevier,2025,2025-01-27,Adaptive knowledge transfer based on machine learning method for evolutionary multitasking optimization,Jiangtao Shen; Huachao Dong; Ye Tian; Xinjing Wang; Weixi Chen; Honglei Zhu,702,,10.1016/j.ins.2025.121908,https://doi.org/10.1016/j.ins.2025.121908,article,Information Sciences,https://openalex.org/W4406852867
Information Sciences,Elsevier,2025,2025-01-27,Channel difference transformer for face anti-spoofing,Pei-Kai Huang; Jun-Xiong Chong; Min Fu Hsu; F. C. Hsu; Chiou-Ting Hsu,702,,10.1016/j.ins.2025.121904,https://doi.org/10.1016/j.ins.2025.121904,article,Information Sciences,https://openalex.org/W4406866001
Information Sciences,Elsevier,2025,2025-01-27,Color by numbers: The implications of colormap selection in deep learning's perception,Damilola Oladepo; Christopher McCausland; Raymond B Bond; Dewar Finlay; Pardis Biglarbeigi,702,,10.1016/j.ins.2025.121889,https://doi.org/10.1016/j.ins.2025.121889,article,Information Sciences,https://openalex.org/W4406855381
Information Sciences,Elsevier,2025,2025-01-27,Enhanced decision-making for urban climate change transportation policies using q-rung orthopair fuzzy rough fairly information aggregation,Hafiz Muhammad Athar Farid; Muhammad Tahir Riaz; Patrick Siarry; Vladimir Šimić,702,,10.1016/j.ins.2025.121900,https://doi.org/10.1016/j.ins.2025.121900,article,Information Sciences,https://openalex.org/W4406864807
Information Sciences,Elsevier,2025,2025-01-27,Event-triggered UIO-based security control for discrete-time systems under deception attacks,Suhuan Zhang; Fanglai Zhu; Xufeng Ling,702,,10.1016/j.ins.2025.121902,https://doi.org/10.1016/j.ins.2025.121902,article,Information Sciences,https://openalex.org/W4406865917
Information Sciences,Elsevier,2025,2025-01-27,Exponential anti-synchronization in the mean squared sense for space-time discrete fuzzy stochastic complex networks with uncertainties,Zhouhong Li; Xiaofang Meng; Yu Fei; Jinde Cao; Mahmoud Abdel‐Aty,702,,10.1016/j.ins.2025.121898,https://doi.org/10.1016/j.ins.2025.121898,article,Information Sciences,https://openalex.org/W4406852925
Information Sciences,Elsevier,2025,2025-01-27,Fully-incremental public key encryption with adjustable timed-release keyword search,Tiancheng Zhu; Jiabei Wang; Yuting Xiao; Yiwen Gao; Yongbin Zhou; Jian Weng,702,,10.1016/j.ins.2025.121887,https://doi.org/10.1016/j.ins.2025.121887,article,Information Sciences,https://openalex.org/W4406864491
Information Sciences,Elsevier,2025,2025-01-27,Multi-level particle swarm optimizer for multimodal optimization problems,Hao Pan; Hui Yuan; Qiang Yue; Haibin Ouyang; Fangqing Gu; Fei Li,702,,10.1016/j.ins.2025.121909,https://doi.org/10.1016/j.ins.2025.121909,article,Information Sciences,https://openalex.org/W4406866063
Information Sciences,Elsevier,2025,2025-01-27,Solving industrial chain job scheduling problems through a deep reinforcement learning method with decay strategy,Limin Hua; Han Liu; Yinghui Pan,702,,10.1016/j.ins.2025.121906,https://doi.org/10.1016/j.ins.2025.121906,article,Information Sciences,https://openalex.org/W4406866150
Information Sciences,Elsevier,2025,2025-01-27,TPFL: Privacy-preserving personalized federated learning mitigates model poisoning attacks,Shaojun Zuo; Yong Xie; Hehua Yao; Zhijie Ke,702,,10.1016/j.ins.2025.121901,https://doi.org/10.1016/j.ins.2025.121901,article,Information Sciences,https://openalex.org/W4406852887
Information Sciences,Elsevier,2025,2025-01-27,Timer-based distributed coordination for achieving asymptotic consensus in directed communication networks,Shu Liu; Huaguang Zhang; Jiayue Sun,703,,10.1016/j.ins.2025.121886,https://doi.org/10.1016/j.ins.2025.121886,article,Information Sciences,https://openalex.org/W4406874322
Information Sciences,Elsevier,2025,2025-01-27,When feature encoder meets diffusion model for sequential recommendations,Shun Zheng; Shaoqing Wang; Keke Li; Xueting Li; Fuzhen Sun,702,,10.1016/j.ins.2025.121903,https://doi.org/10.1016/j.ins.2025.121903,article,Information Sciences,https://openalex.org/W4406863837
Information Sciences,Elsevier,2025,2025-01-28,Adaptive event-triggered obstacle avoidance control for unmanned vehicles via distance-velocity barrier functions,Longbin Fu; Liwei An,702,,10.1016/j.ins.2025.121910,https://doi.org/10.1016/j.ins.2025.121910,article,Information Sciences,https://openalex.org/W4406902515
Information Sciences,Elsevier,2025,2025-01-28,An innovative recommendation-driven friendship path selection strategy utilizing multi-agent collaborative edge caching for social IoT networks,Babak Farhadi; Parvaneh Asghari; Azadeh Zamanifar; Hamid Haj Seyyed Javadi,711,,10.1016/j.ins.2025.121914,https://doi.org/10.1016/j.ins.2025.121914,article,Information Sciences,https://openalex.org/W4406902983
Information Sciences,Elsevier,2025,2025-01-28,Multi-level information identification for civil aviation safety risks: A hierarchical multi-branch deep learning approach,Minglan Xiong; Huawei Wang; Zhaoguo Hou; Yiik Diew Wong,702,,10.1016/j.ins.2025.121888,https://doi.org/10.1016/j.ins.2025.121888,article,Information Sciences,https://openalex.org/W4406902041
Information Sciences,Elsevier,2025,2025-01-28,Multifactorial evolutionary deep reinforcement learning for multitask node combinatorial optimization in complex networks,Lijia Ma; Long Xu; Xiaoqing Fan; Lingjie Li; Qiuzhen Lin; Jianqiang Li; Maoguo Gong,702,,10.1016/j.ins.2025.121913,https://doi.org/10.1016/j.ins.2025.121913,article,Information Sciences,https://openalex.org/W4406902010
Information Sciences,Elsevier,2025,2025-01-28,NegGS: Negative Gaussian Splatting,Artur Kasymov; Bartosz Czekaj; Marcin Mazur; Jacek Tabor; Przemysław Spurek,702,,10.1016/j.ins.2025.121912,https://doi.org/10.1016/j.ins.2025.121912,article,Information Sciences,https://openalex.org/W4406900540
Information Sciences,Elsevier,2025,2025-01-28,Observer-based type-3 fuzzy control for gyroscopes: Experimental/theoretical study,Chunwei Zhang; Du Changdong; Rathinasamy Sakthivel; Ardashir Mohammadzadeh,702,,10.1016/j.ins.2025.121907,https://doi.org/10.1016/j.ins.2025.121907,article,Information Sciences,https://openalex.org/W4406900974
Information Sciences,Elsevier,2025,2025-01-28,Pinning impulsive control for quasi-projective synchronization of stochastic multi-layer networks,Lingna Shi; Jun-Guo Lu; Jiarong Li; Haijun Jiang; Jinling Wang; Yue Ren,702,,10.1016/j.ins.2025.121896,https://doi.org/10.1016/j.ins.2025.121896,article,Information Sciences,https://openalex.org/W4406900883
Information Sciences,Elsevier,2025,2025-01-28,Prescribed performance model-free sliding mode control using time-delay estimation and adaptive technique applied to industrial robot arms,Anh Tuan Vo; Thanh Nguyen Truong; Hee‐Jun Kang; Ngoc Hoai An Nguyen,702,,10.1016/j.ins.2025.121911,https://doi.org/10.1016/j.ins.2025.121911,article,Information Sciences,https://openalex.org/W4406900406
Information Sciences,Elsevier,2025,2025-01-28,Some novel fuzzy logic operators with applications in fuzzy neural networks,Mengyuan Li; Xiaohong Zhang; Haojie Jiang; Jun Liu,702,,10.1016/j.ins.2025.121897,https://doi.org/10.1016/j.ins.2025.121897,article,Information Sciences,https://openalex.org/W4406900392
Information Sciences,Elsevier,2025,2025-01-28,Uncertainty-aware evidential learning for legal case retrieval with noisy correspondence,Weicong Qin; Weijie Yu; Kepu Zhang; Haiyuan Zhao; Jun Xu; Ji-Rong Wen,702,,10.1016/j.ins.2025.121915,https://doi.org/10.1016/j.ins.2025.121915,article,Information Sciences,https://openalex.org/W4406897534
Information Sciences,Elsevier,2025,2025-01-30,Dynamic Data Distribution-based Curriculum Learning,Shonal Chaudhry; Anurag Sharma,702,,10.1016/j.ins.2025.121924,https://doi.org/10.1016/j.ins.2025.121924,article,Information Sciences,https://openalex.org/W4406974162
Information Sciences,Elsevier,2025,2025-01-30,Energy-latency attacks via sponge poisoning,Antonio Emanuele Ciná; Ambra Demontis; Battista Biggio; Fabio Roli; Marcello Pelillo,702,,10.1016/j.ins.2025.121905,https://doi.org/10.1016/j.ins.2025.121905,article,Information Sciences,https://openalex.org/W4406965434
Information Sciences,Elsevier,2025,2025-01-30,SDC-HSDD-NDSA: Structure detecting cluster by hierarchical secondary directed differential with normalized density and self-adaption,Hao Shu,702,,10.1016/j.ins.2025.121916,https://doi.org/10.1016/j.ins.2025.121916,article,Information Sciences,https://openalex.org/W4406978740
Information Sciences,Elsevier,2025,2025-01-31,"A novel sparsity-based deterministic method for Shapley value approximation, with applications",Victoria Erofeeva; Sergei E. Parsegov,704,,10.1016/j.ins.2025.121923,https://doi.org/10.1016/j.ins.2025.121923,article,Information Sciences,https://openalex.org/W4406979445
Information Sciences,Elsevier,2025,2025-01-31,Editorial Board,,699,,10.1016/s0020-0255(25)00052-0,https://doi.org/10.1016/s0020-0255(25)00052-0,paratext,Information Sciences,https://openalex.org/W4407021066
Information Sciences,Elsevier,2025,2025-01-31,Optimising RFID network planning problem using an improved automated approach inspired by artificial neural networks,Mustapha Maimouni; Badr Abou El Majd; Mohsine Bouya,703,,10.1016/j.ins.2025.121927,https://doi.org/10.1016/j.ins.2025.121927,article,Information Sciences,https://openalex.org/W4407025397
Information Sciences,Elsevier,2025,2025-02-03,Co-design of observer-based multiple weighting event-triggered and quadruple asynchronous control for fuzzy semi-Markov jump systems,Yiteng Zhang; Linchuang Zhang; Wei Wang; Zhechen Zhu,703,,10.1016/j.ins.2025.121935,https://doi.org/10.1016/j.ins.2025.121935,article,Information Sciences,https://openalex.org/W4407095735
Information Sciences,Elsevier,2025,2025-02-04,A novel robust semi-supervised stochastic configuration network for regression tasks with noise,Shifei Ding; Zi Meng Zhang; Li Xu; Chenglong Zhang; Lili Guo; Xuan Li,703,,10.1016/j.ins.2025.121933,https://doi.org/10.1016/j.ins.2025.121933,article,Information Sciences,https://openalex.org/W4407133687
Information Sciences,Elsevier,2025,2025-02-04,Influence contribution ratio estimation in social networks,Yingdan Shi; Jingya Zhou; Congcong Zhang; Zhenyu Hu,703,,10.1016/j.ins.2025.121934,https://doi.org/10.1016/j.ins.2025.121934,article,Information Sciences,https://openalex.org/W4407133312
Information Sciences,Elsevier,2025,2025-02-04,RDFS-TDC: Robust discriminant feature selection based on improved trace difference criterion,Libo Yang; Dawei Zhu; Xuemei Liu; Feiping Nie,705,,10.1016/j.ins.2025.121940,https://doi.org/10.1016/j.ins.2025.121940,article,Information Sciences,https://openalex.org/W4407134572
Information Sciences,Elsevier,2025,2025-02-04,Short video rumor detection based on causal graph,Donglin Cao; Xiong Tang; Yanghao Lin; Dazhen Lin,703,,10.1016/j.ins.2025.121941,https://doi.org/10.1016/j.ins.2025.121941,article,Information Sciences,https://openalex.org/W4407121562
Information Sciences,Elsevier,2025,2025-02-04,Three-way conflict analysis and resolution based on interval set information,Sheng Gao; Hai-Long Yang; Zhi-Lian Guo,703,,10.1016/j.ins.2025.121938,https://doi.org/10.1016/j.ins.2025.121938,article,Information Sciences,https://openalex.org/W4407133190
Information Sciences,Elsevier,2025,2025-02-05,A hybrid lightweight transformer architecture based on fuzzy attention prototypes for multivariate time series classification,Yan Gu; Jin Feng; Jun Zhao; Wei Wang,703,,10.1016/j.ins.2025.121942,https://doi.org/10.1016/j.ins.2025.121942,article,Information Sciences,https://openalex.org/W4407172565
Information Sciences,Elsevier,2025,2025-02-05,GMR-Rec: Graph mutual regularization learning for multi-domain recommendation,Yifan Wang; Yangzi Yang; Shuai Li; Yutao Xie; Zhiping Xiao; Ming Zhang; Wei Ju,703,,10.1016/j.ins.2025.121946,https://doi.org/10.1016/j.ins.2025.121946,article,Information Sciences,https://openalex.org/W4407172586
Information Sciences,Elsevier,2025,2025-02-05,Harnessing logic heterograph learning for financial operational risks: A perspective of cluster and thin-tailed distributions,Guanyuan Yu; Boyu Han; Qing Li; Jiwen Huang,704,,10.1016/j.ins.2025.121939,https://doi.org/10.1016/j.ins.2025.121939,article,Information Sciences,https://openalex.org/W4407172604
Information Sciences,Elsevier,2025,2025-02-05,Optimization-oriented multi-view representation learning in implicit bi-topological spaces,Shiyang Lan; Shide Du; Zihan Fang; Zhiling Cai; Wei Chieh Huang; Shiping Wang,704,,10.1016/j.ins.2025.121945,https://doi.org/10.1016/j.ins.2025.121945,article,Information Sciences,https://openalex.org/W4407172323
Information Sciences,Elsevier,2025,2025-02-06,An improved grey wolf optimizer with flexible crossover and mutation for cluster task scheduling,Hongbo Wang; Jinyu Zhang; Jingkun Fan; ChiYiDuo Zhang; Bo Deng; WenTao Zhao,704,,10.1016/j.ins.2025.121943,https://doi.org/10.1016/j.ins.2025.121943,article,Information Sciences,https://openalex.org/W4407220020
Information Sciences,Elsevier,2025,2025-02-06,Efficient fine-tuning of vision transformer via path-augmented parameter adaptation,Yao Ming Zhou; Yi Zhang; Gary G. Yen,703,,10.1016/j.ins.2025.121948,https://doi.org/10.1016/j.ins.2025.121948,article,Information Sciences,https://openalex.org/W4407220016
Information Sciences,Elsevier,2025,2025-02-06,Enhancing efficiency and data utility in longitudinal data anonymization,Fatemeh Amiri; David Sánchez; Josep Domingo‐Ferrer,704,,10.1016/j.ins.2025.121949,https://doi.org/10.1016/j.ins.2025.121949,article,Information Sciences,https://openalex.org/W4407218667
Information Sciences,Elsevier,2025,2025-02-06,GRVFL-MV: Graph random vector functional link based on multi-view learning,M. Tanveer; Richa Sharma; M. Sajid; A. Quadir,704,,10.1016/j.ins.2025.121947,https://doi.org/10.1016/j.ins.2025.121947,article,Information Sciences,https://openalex.org/W4403885085
Information Sciences,Elsevier,2025,2025-02-07,A2SHE: An anonymous authentication scheme for health emergencies in public venues,Xiaohan Yue; Peng Yang; Haoran Si; Haibo Yang; Fucai Zhou; Qiang Wang; Zhuo Yang; Shi Bai; Yuan He,703,,10.1016/j.ins.2025.121944,https://doi.org/10.1016/j.ins.2025.121944,article,Information Sciences,https://openalex.org/W4407241470
Information Sciences,Elsevier,2025,2025-02-07,Adaptive mutation based on multi-population evolution strategy for greybox fuzzing,Wei Jiao; Xilong Li; Qingbao Li; Fei Cao; Xiaonan Li; Shudan Yue,705,,10.1016/j.ins.2025.121959,https://doi.org/10.1016/j.ins.2025.121959,article,Information Sciences,https://openalex.org/W4407240712
Information Sciences,Elsevier,2025,2025-02-07,NEEP-ADF: Neuro-encoded expression programming with automatically defined functions,Jun Ma; Haoran Shan; Fengyang Sun; Lin Wang; Shuangrong Liu; Houguan Zhu; Fenghui Gao; Junteng Zheng; Bo Yang; Qinfei Li,704,,10.1016/j.ins.2025.121957,https://doi.org/10.1016/j.ins.2025.121957,article,Information Sciences,https://openalex.org/W4407240655
Information Sciences,Elsevier,2025,2025-02-07,Reinforcement learning applied to a situation awareness decision-making model,Renato Duarte Costa; Celso Massaki Hirata,704,,10.1016/j.ins.2025.121928,https://doi.org/10.1016/j.ins.2025.121928,article,Information Sciences,https://openalex.org/W4407250176
Information Sciences,Elsevier,2025,2025-02-08,Editorial Board,,700,,10.1016/s0020-0255(25)00085-4,https://doi.org/10.1016/s0020-0255(25)00085-4,paratext,Information Sciences,https://openalex.org/W4407274639
Information Sciences,Elsevier,2025,2025-02-08,Text classification of public online messages in civil aviation: A N-BM25 weighted word vectors method,Sheng‐Hua Xiong; Zhihong Wang; Zhen‐Song Chen; Gang Li; Hao Zhang,704,,10.1016/j.ins.2025.121956,https://doi.org/10.1016/j.ins.2025.121956,article,Information Sciences,https://openalex.org/W4407272479
Information Sciences,Elsevier,2025,2025-02-10,A new metric based on pattern cross permutation for capturing interactions in complex time series,Yujia Mi; Aijing Lin,704,,10.1016/j.ins.2025.121961,https://doi.org/10.1016/j.ins.2025.121961,article,Information Sciences,https://openalex.org/W4407301316
Information Sciences,Elsevier,2025,2025-02-10,LDP-PPA: Local differential privacy protection for principal component analysis,Shunshun Peng; H. Li; Wenhao Wang; Kai Dong; Mengmeng Yang; Taolin Guo,704,,10.1016/j.ins.2025.121962,https://doi.org/10.1016/j.ins.2025.121962,article,Information Sciences,https://openalex.org/W4407318223
Information Sciences,Elsevier,2025,2025-02-10,Multi-HGNN: Multi-modal hypergraph neural networks for predicting missing reactions in metabolic networks,Yamei Huang; Xudong Liang; Tao Lin; Jingping Liu,704,,10.1016/j.ins.2025.121960,https://doi.org/10.1016/j.ins.2025.121960,article,Information Sciences,https://openalex.org/W4407301353
Information Sciences,Elsevier,2025,2025-02-11,Automatic liver tumor segmentation of CT and MRI volumes using ensemble ResUNet-InceptionV4 model,Hameedur Rahman; Najib Ben Aoun; Tanvir Fatima Naik Bukht; Sadique Ahmad; Ryszard Tadeusiewicz; Paweł Pławiak; Mohamed Adel Hammad,704,,10.1016/j.ins.2025.121966,https://doi.org/10.1016/j.ins.2025.121966,article,Information Sciences,https://openalex.org/W4407365886
Information Sciences,Elsevier,2025,2025-02-11,Multi-label feature selection via nonlinear mapping and manifold regularization,Yan Wang; Changzhong Wang; Tingquan Deng; Wenqi Li,704,,10.1016/j.ins.2025.121965,https://doi.org/10.1016/j.ins.2025.121965,article,Information Sciences,https://openalex.org/W4407367942
Information Sciences,Elsevier,2025,2025-02-11,"Retraction Notice to “Multiattribute decision making based on nonlinear programming methodology, novel score function of interval-valued intuitionistic fuzzy values, and the standard deviations of the score values in the score matrix” [Inform. Sci. 646 (2023) 119381]",Shyi‐Ming Chen; An-Yuan Liu,702,,10.1016/j.ins.2025.121931,https://doi.org/10.1016/j.ins.2025.121931,retraction,Information Sciences,https://openalex.org/W4407422182
Information Sciences,Elsevier,2025,2025-02-11,Retraction notice to “Integrating confidence calibration and adversarial robustness via adversarial calibration entropy” [Inform. Sci. 668 (2024) 120532],Yong Chen; Peng Hu; Yuan Zhong; Dezhong Peng; Xu Wang,702,,10.1016/j.ins.2025.121936,https://doi.org/10.1016/j.ins.2025.121936,retraction,Information Sciences,https://openalex.org/W4407421891
Information Sciences,Elsevier,2025,2025-02-11,"Retraction notice to “Multiattribute decision making based on nonlinear programming methodology, the Euclidean distance between IVIFVs, and new score function of IVIFVs” [Inf. Sci. 646 (2023) 119403]",Shyi‐Ming Chen; Pei-Hsun Kao,702,,10.1016/j.ins.2025.121932,https://doi.org/10.1016/j.ins.2025.121932,retraction,Information Sciences,https://openalex.org/W4407422140
Information Sciences,Elsevier,2025,2025-02-11,"Retraction notice to “Multiattribute decision making based on nonlinear programming model, the Gini coefficient, and novel score function of interval-valued intuitionistic fuzzy values” [Inform. Sci. 647 (2023) 119317]",Shyi‐Ming Chen; Hao-Chen Ma,702,,10.1016/j.ins.2025.121937,https://doi.org/10.1016/j.ins.2025.121937,retraction,Information Sciences,https://openalex.org/W4407387002
Information Sciences,Elsevier,2025,2025-02-11,"Retraction notice to “Multiattribute decision making method based on nonlinear programming model, cosine similarity measure, and novel score function of interval-valued intuitionistic fuzzy values” [Inform. Sci. 645 (2023) 119370]",Shyi‐Ming Chen; Mei-Ren Ke,702,,10.1016/j.ins.2025.121930,https://doi.org/10.1016/j.ins.2025.121930,retraction,Information Sciences,https://openalex.org/W4407421861
Information Sciences,Elsevier,2025,2025-02-11,"Retraction notice to “Multiple attribute decision making based on novel nonlinear programming model, the distance between score values, and novel score function of interval-valued intuitionistic fuzzy values” [Inform. Sci. 645 (2023) 119369]",Shyi‐Ming Chen; Guan-Lin Lu,702,,10.1016/j.ins.2025.121929,https://doi.org/10.1016/j.ins.2025.121929,retraction,Information Sciences,https://openalex.org/W4407422057
Information Sciences,Elsevier,2025,2025-02-12,A hybrid fusion model for group-level emotion recognition in complex scenarios,Wenjuan Gong; Yifan Wang; Yikai Wu; Shuaipeng Gao; Athanasios V. Vasilakos; Peiying Zhang,704,,10.1016/j.ins.2025.121968,https://doi.org/10.1016/j.ins.2025.121968,article,Information Sciences,https://openalex.org/W4407392733
Information Sciences,Elsevier,2025,2025-02-12,Distilled fine-grained domain adversarial network prompted by normalization and regularization,Zhiqun Pan; Yongxiong Wang; Jiapeng Zhang; Yihan Shan; Zhe Wang; Peng Jin,704,,10.1016/j.ins.2025.121970,https://doi.org/10.1016/j.ins.2025.121970,article,Information Sciences,https://openalex.org/W4407392699
Information Sciences,Elsevier,2025,2025-02-12,Enhanced grey wolf optimizer with hybrid strategies for efficient feature selection in high-dimensional data,Jing Wei Huang; Xiaoyang Deng; Lin Hu,705,,10.1016/j.ins.2025.121958,https://doi.org/10.1016/j.ins.2025.121958,article,Information Sciences,https://openalex.org/W4407397846
Information Sciences,Elsevier,2025,2025-02-13,A Q-learning-driven genetic algorithm for the distributed hybrid flow shop group scheduling problem with delivery time windows,Qianhui Ji; Yuyan Han; Yuting Wang; Dunwei Gong; Kaizhou Gao,705,,10.1016/j.ins.2025.121971,https://doi.org/10.1016/j.ins.2025.121971,article,Information Sciences,https://openalex.org/W4407464710
Information Sciences,Elsevier,2025,2025-02-13,A multimodal embedding transfer approach for consistent and selective learning processes in cross-modal retrieval,Zhixiong Zeng; Shuyi He; Yuhao Zhang; Wenji Mao,704,,10.1016/j.ins.2025.121974,https://doi.org/10.1016/j.ins.2025.121974,article,Information Sciences,https://openalex.org/W4407513179
Information Sciences,Elsevier,2025,2025-02-13,Learning improvement representations to accelerate evolutionary large-scale multiobjective optimization,Songbai Liu; Zeyi Wang; Lijia Ma; Jianyong Chen; Xun Yu Zhou,705,,10.1016/j.ins.2025.121973,https://doi.org/10.1016/j.ins.2025.121973,article,Information Sciences,https://openalex.org/W4407465688
Information Sciences,Elsevier,2025,2025-02-13,Significance-based interpretable sequence clustering,Zengyou He; Lianyu Hu; Jinfeng He; Junjie Dong; Mudi Jiang; Xinying Liu,704,,10.1016/j.ins.2025.121972,https://doi.org/10.1016/j.ins.2025.121972,article,Information Sciences,https://openalex.org/W4407464433
Information Sciences,Elsevier,2025,2025-02-14,An intelligent medical recommendation model based on big data-driven estimation of physician ability,Yuchen Pan; Lu Xu; David L. Olson,705,,10.1016/j.ins.2025.121967,https://doi.org/10.1016/j.ins.2025.121967,article,Information Sciences,https://openalex.org/W4407565673
Information Sciences,Elsevier,2025,2025-02-14,Data-driven fault-tolerant consensus control for constrained nonlinear multiagent systems via adaptive dynamic programming,Lulu Zhang; Huaguang Zhang; Tianbiao Wang; Xiaohui Yue,705,,10.1016/j.ins.2025.121976,https://doi.org/10.1016/j.ins.2025.121976,article,Information Sciences,https://openalex.org/W4407573679
Information Sciences,Elsevier,2025,2025-02-17,A Pareto Front searching algorithm based on reinforcement learning for constrained multiobjective optimization,Yuhang Hu; Yuelin Qu; Wei Li; Ying Ping Huang,705,,10.1016/j.ins.2025.121985,https://doi.org/10.1016/j.ins.2025.121985,article,Information Sciences,https://openalex.org/W4407640847
Information Sciences,Elsevier,2025,2025-02-17,Learning chain for clause awareness: Triplex-contrastive learning for emotion recognition in conversations,Jiazhen Liang; Wai Li; Qingshan Zhong; Jun Jian Huang; Dazhi Jiang; Erik Cambria,705,,10.1016/j.ins.2025.121969,https://doi.org/10.1016/j.ins.2025.121969,article,Information Sciences,https://openalex.org/W4407671773
Information Sciences,Elsevier,2025,2025-02-18,Fractal spatio-temporal scale-free messaging: Amplitude modulation of self-executable carriers given by the Weierstrass function's components,Héctor Zenil; Luan Carlos de Sena Monteiro Ozelim,706,,10.1016/j.ins.2025.121988,https://doi.org/10.1016/j.ins.2025.121988,article,Information Sciences,https://openalex.org/W4407697398
Information Sciences,Elsevier,2025,2025-02-18,Predicting and interpreting healthcare trajectories from irregularly collected sequential patient data using AMITA,Mamadou Ben Hamidou Cissoko; Vincent Castelain; Nicolas Lachiche,705,,10.1016/j.ins.2025.121977,https://doi.org/10.1016/j.ins.2025.121977,article,Information Sciences,https://openalex.org/W4407631844
Information Sciences,Elsevier,2025,2025-02-18,Self-supervised temporal adaptive learning for weakly-supervised temporal action localization,Jinrong Sheng; Jiaruo Yu; Ziqiang Li; Ao Li; Yongxin Ge,705,,10.1016/j.ins.2025.121986,https://doi.org/10.1016/j.ins.2025.121986,article,Information Sciences,https://openalex.org/W4407688408
Information Sciences,Elsevier,2025,2025-02-19,Cluster output synchronization analysis of coupled fractional-order uncertain neural networks,Junhong Zhao; Yunliu Li; Ting Liu; Peng Liu; Junwei Sun,705,,10.1016/j.ins.2025.121993,https://doi.org/10.1016/j.ins.2025.121993,article,Information Sciences,https://openalex.org/W4407724766
Information Sciences,Elsevier,2025,2025-02-19,Editorial Board,,701,,10.1016/s0020-0255(25)00113-6,https://doi.org/10.1016/s0020-0255(25)00113-6,paratext,Information Sciences,https://openalex.org/W4407733013
Information Sciences,Elsevier,2025,2025-02-19,Joint discriminant projection with cosine weighted dynamic graph regularization for feature extraction,Weijia Tang; Hongmei Chen; Tengyu Yin; Zhong Yuan; Chuan Luo; Shi‐Jinn Horng; Tianrui Li,705,,10.1016/j.ins.2025.121987,https://doi.org/10.1016/j.ins.2025.121987,article,Information Sciences,https://openalex.org/W4407739540
Information Sciences,Elsevier,2025,2025-02-19,Out-of-distribution detection with non-semantic exploration,Zhen Fang; Jie Lü; Guangquan Zhang,705,,10.1016/j.ins.2025.121989,https://doi.org/10.1016/j.ins.2025.121989,article,Information Sciences,https://openalex.org/W4407722652
Information Sciences,Elsevier,2025,2025-02-19,Preserving knowledge from the source domain for cross-domain person re-identification,Yifeng Gou; Ziqiang Li; Junyin Zhang; Yongxin Ge,705,,10.1016/j.ins.2025.121994,https://doi.org/10.1016/j.ins.2025.121994,article,Information Sciences,https://openalex.org/W4407740242
Information Sciences,Elsevier,2025,2025-02-19,Sparse personalized federated class-incremental learning,Youchao Liu; Dingjiang Huang,706,,10.1016/j.ins.2025.121992,https://doi.org/10.1016/j.ins.2025.121992,article,Information Sciences,https://openalex.org/W4407739499
Information Sciences,Elsevier,2025,2025-02-19,The grouping weighted averaging operator via three-way conflict analysis,Xiaonan Li; Rong Liang; Huangjian Yi,705,,10.1016/j.ins.2025.121990,https://doi.org/10.1016/j.ins.2025.121990,article,Information Sciences,https://openalex.org/W4407740190
Information Sciences,Elsevier,2025,2025-02-19,Unlocking the power of knowledge for few-shot fault diagnosis: A review from a knowledge perspective,Pei Ling Lai; Fan Zhang; Tianrui Li; Jin Tao Guo; Fei Teng,706,,10.1016/j.ins.2025.121996,https://doi.org/10.1016/j.ins.2025.121996,article,Information Sciences,https://openalex.org/W4407740182
Information Sciences,Elsevier,2025,2025-02-20,CDTDNet: A neural network for capturing deep temporal dependencies in time series,Chuanjiang He; Zhenhong Jia; Jie Hu; Fei Shi; Xiaohui Huang,706,,10.1016/j.ins.2025.121995,https://doi.org/10.1016/j.ins.2025.121995,article,Information Sciences,https://openalex.org/W4407792230
Information Sciences,Elsevier,2025,2025-02-20,Polynomial-time verification of pattern diagnosability for timed discrete event systems,Ye Liang; Dimitri Lefebvre; Zhiwu Li,706,,10.1016/j.ins.2025.121997,https://doi.org/10.1016/j.ins.2025.121997,article,Information Sciences,https://openalex.org/W4407767803
Information Sciences,Elsevier,2025,2025-02-20,Practical searchable encryption scheme against response identity attacks,Shengming Li; Xuan Jing; Yunling Wang; Xin Xu; Zichen Zhang; Jianfeng Wang,706,,10.1016/j.ins.2025.121975,https://doi.org/10.1016/j.ins.2025.121975,article,Information Sciences,https://openalex.org/W4407764606
Information Sciences,Elsevier,2025,2025-02-20,Synchronization of quaternion-valued multi-layer coupled networks: An adaptive activation-time-based event-triggered scheme,Yue Ren; Haijun Jiang; Cheng Hu; Lin Hu; Jiarong Li,706,,10.1016/j.ins.2025.121999,https://doi.org/10.1016/j.ins.2025.121999,article,Information Sciences,https://openalex.org/W4407767446
Information Sciences,Elsevier,2025,2025-02-21,Resilient model predictive reset control for cyber-physical systems subject to hybrid attacks,Qing Jia Geng; Defu Wu; Fucai Liu; Changchun Hua,706,,10.1016/j.ins.2025.122002,https://doi.org/10.1016/j.ins.2025.122002,article,Information Sciences,https://openalex.org/W4407835262
Information Sciences,Elsevier,2025,2025-02-22,A method for determining maximin OWA operator weights,Byeong Seok Ahn,708,,10.1016/j.ins.2025.122010,https://doi.org/10.1016/j.ins.2025.122010,article,Information Sciences,https://openalex.org/W4407857894
Information Sciences,Elsevier,2025,2025-02-24,Co-location pattern mining using approximate Euclidean measure,Witold Andrzejewski; Paweł Boiński,706,,10.1016/j.ins.2025.122000,https://doi.org/10.1016/j.ins.2025.122000,article,Information Sciences,https://openalex.org/W4407901135
Information Sciences,Elsevier,2025,2025-02-24,EVA: Key values eclosion with space anchor used in hand pose estimation and shape reconstruction,Xuefeng Li; Xiangbo Lin,706,,10.1016/j.ins.2025.122003,https://doi.org/10.1016/j.ins.2025.122003,article,Information Sciences,https://openalex.org/W4407893793
Information Sciences,Elsevier,2025,2025-02-24,JLR-GCN: Joint label-aware and relation-aware graph convolution neural network for heterogeneous graph representations,Zhenquan Shi; Wengjian Zhang; Jiashuang Huang; Weiping Ding,706,,10.1016/j.ins.2025.122011,https://doi.org/10.1016/j.ins.2025.122011,article,Information Sciences,https://openalex.org/W4407901280
Information Sciences,Elsevier,2025,2025-02-24,Optimizing semiconductor process recipe settings using hybrid meta-learning and metaheuristic approaches,Zhen-Yin Annie Chen; Chun‐Cheng Lin; Ke-Wen Lu,706,,10.1016/j.ins.2025.121998,https://doi.org/10.1016/j.ins.2025.121998,article,Information Sciences,https://openalex.org/W4407892597
Information Sciences,Elsevier,2025,2025-02-24,Toward trustworthy identity tracing via multi-attribute synergistic identification,Wenbin Feng; Decheng Liu; Ruimin Hu; J. Yu,707,,10.1016/j.ins.2025.122012,https://doi.org/10.1016/j.ins.2025.122012,article,Information Sciences,https://openalex.org/W4407895375
Information Sciences,Elsevier,2025,2025-02-25,A rapid cross-validation computing for three-way decisions in imbalanced data,Jianfeng Xu; Xing Yi Liu; Zhenzhen Gu; Guohui Xiao,707,,10.1016/j.ins.2025.122016,https://doi.org/10.1016/j.ins.2025.122016,article,Information Sciences,https://openalex.org/W4407945948
Information Sciences,Elsevier,2025,2025-02-25,Compact agent neighborhood search for the SCSGA-MF-TS: SCSGA with multi-dimensional features prioritizing task satisfaction,Tuhin Kr. Biswas; Avisek Gupta; Narayan Changder; Swagatam Das; Redha Taguelmimt; Samir Aknine; Animesh Dutta,706,,10.1016/j.ins.2025.122021,https://doi.org/10.1016/j.ins.2025.122021,article,Information Sciences,https://openalex.org/W4407946361
Information Sciences,Elsevier,2025,2025-02-25,Editorial Board,,702,,10.1016/s0020-0255(25)00139-2,https://doi.org/10.1016/s0020-0255(25)00139-2,paratext,Information Sciences,https://openalex.org/W4407923145
Information Sciences,Elsevier,2025,2025-02-25,Ensuring privacy and correlation awareness in multi-dimensional service quality prediction and recommendation for IoT,Weiyi Zhong; Fang Wei; Yifan Zhao; Sifeng Wang; Chao Yan; Rong Jiang; Maqbool Khan; Xuan Yang; Wajid Rafique,706,,10.1016/j.ins.2025.122017,https://doi.org/10.1016/j.ins.2025.122017,article,Information Sciences,https://openalex.org/W4407946104
Information Sciences,Elsevier,2025,2025-02-25,GRANA: Graph convolutional network based network representation learning method for attributed network alignment,Yao Li; He Cai; Huilin Liu,706,,10.1016/j.ins.2025.122014,https://doi.org/10.1016/j.ins.2025.122014,article,Information Sciences,https://openalex.org/W4407943258
Information Sciences,Elsevier,2025,2025-02-25,Gaussian belief propagation for dynamic obstacle avoidance and formation control in second-order multi-agent systems,Zexin Huang; Zhi  Mou Liu; Meijian Tan; C.L. Philip Chen,707,,10.1016/j.ins.2025.122022,https://doi.org/10.1016/j.ins.2025.122022,article,Information Sciences,https://openalex.org/W4407929774
Information Sciences,Elsevier,2025,2025-02-25,Generalized weighted neighborhood rough sets,Nguyễn Ngọc Thủy; Trần Duy Anh; Le Manh Thanh,707,,10.1016/j.ins.2025.122020,https://doi.org/10.1016/j.ins.2025.122020,article,Information Sciences,https://openalex.org/W4407943265
Information Sciences,Elsevier,2025,2025-02-25,RIONIDA: A novel algorithm for imbalanced data combining instance-based learning and rule induction,Grzegorz Góra; Andrzej Skowron,708,,10.1016/j.ins.2025.122015,https://doi.org/10.1016/j.ins.2025.122015,article,Information Sciences,https://openalex.org/W4407943262
Information Sciences,Elsevier,2025,2025-02-25,Relaxed naïve Bayesian classifier based on maximum dependent attribute groups,Guiliang Ou; Yulin He; Yingchao Cheng; Joshua Zhexue Huang,707,,10.1016/j.ins.2025.122013,https://doi.org/10.1016/j.ins.2025.122013,article,Information Sciences,https://openalex.org/W4407943270
Information Sciences,Elsevier,2025,2025-02-25,Synchronization time and energy consumption for multiweighted complex networks,Linlong Xu; Xiwei Liu,706,,10.1016/j.ins.2025.122019,https://doi.org/10.1016/j.ins.2025.122019,article,Information Sciences,https://openalex.org/W4407909749
Information Sciences,Elsevier,2025,2025-02-26,RETRACTED: Edge-enabled personalized fitness recommendations and training guidance for athletes with privacy preservation,Yuncheng Li; Cong Li; Fan Wang,707,,10.1016/j.ins.2025.122032,https://doi.org/10.1016/j.ins.2025.122032,article,Information Sciences,https://openalex.org/W4407947325
Information Sciences,Elsevier,2025,2025-02-27,A novel similarity-based taste features-extracted emotions-aware music recommendation algorithm,Yu Gao; Shu‐Ping Wan; Jiu-Ying Dong,708,,10.1016/j.ins.2025.122001,https://doi.org/10.1016/j.ins.2025.122001,article,Information Sciences,https://openalex.org/W4408021498
Information Sciences,Elsevier,2025,2025-02-27,A similar environment transfer strategy for dynamic multiobjective optimization,Junzhong Ji; Xiaoyu Zhang; Cuicui Yang; Xiang Li; Guangyuan Sui,707,,10.1016/j.ins.2025.122018,https://doi.org/10.1016/j.ins.2025.122018,article,Information Sciences,https://openalex.org/W4408014701
Information Sciences,Elsevier,2025,2025-02-27,Computation of synchronous diagnosis bases of discrete-event systems,Lucas N.R. Reis; Marcos Vicente de Brito Moreira,707,,10.1016/j.ins.2025.122031,https://doi.org/10.1016/j.ins.2025.122031,article,Information Sciences,https://openalex.org/W4408017110
Information Sciences,Elsevier,2025,2025-02-27,Conjunction subspaces test for conformal and selective classification,Zengyou He; Zerun Li; Junjie Dong; Xinying Liu; Mudi Jiang; Lianyu Hu,707,,10.1016/j.ins.2025.122037,https://doi.org/10.1016/j.ins.2025.122037,article,Information Sciences,https://openalex.org/W4408019910
Information Sciences,Elsevier,2025,2025-02-27,Distributed conflict analysis across varying analysis levels based on fuzzy formal contexts,Zhenhao Qi; Huilai Zhi; Weiping Ding,707,,10.1016/j.ins.2025.122038,https://doi.org/10.1016/j.ins.2025.122038,article,Information Sciences,https://openalex.org/W4408014828
Information Sciences,Elsevier,2025,2025-02-27,Information diffusion prediction via meta-knowledge learners,Zhangtao Cheng; Jienan Zhang; Xovee Xu; Wenxin Tai; Fan Zhou; Goce Trajcevski; Ting Zhong,707,,10.1016/j.ins.2025.122034,https://doi.org/10.1016/j.ins.2025.122034,article,Information Sciences,https://openalex.org/W4408021493
Information Sciences,Elsevier,2025,2025-02-27,Temporal knowledge graph link predictions with query-guided temporal representation learning,Linhua Dong; Xiaofei Zhou; Bo Wang; Qiannan Zhu; Fan Jing Meng,708,,10.1016/j.ins.2025.122035,https://doi.org/10.1016/j.ins.2025.122035,article,Information Sciences,https://openalex.org/W4408021425
Information Sciences,Elsevier,2025,2025-02-28,Deep core node information embedding on networks with missing edges for community detection,Rong Fei; Yuxin Wan; Bo Hu; Aimin Li; Yingan Cui; Hailong Peng,707,,10.1016/j.ins.2025.122039,https://doi.org/10.1016/j.ins.2025.122039,article,Information Sciences,https://openalex.org/W4408029328
Information Sciences,Elsevier,2025,2025-02-28,Editorial Board,,703,,10.1016/s0020-0255(25)00159-8,https://doi.org/10.1016/s0020-0255(25)00159-8,paratext,Information Sciences,https://openalex.org/W4408032596
Information Sciences,Elsevier,2025,2025-02-28,Integrated heterogeneous graph and reinforcement learning enabled efficient scheduling for surface mount technology workshop,Biao Zhang; Hongyan Sang; Chao Lu; Leilei Meng; Yanan Song; Feng Jiang,708,,10.1016/j.ins.2025.122023,https://doi.org/10.1016/j.ins.2025.122023,article,Information Sciences,https://openalex.org/W4408029237
Information Sciences,Elsevier,2025,2025-02-28,Interval-valued fuzzy predicates from labeled data: An approach to data classification and knowledge discovery,Diego S. Comas; Gustavo J. Meschino; Virginia L. Ballarin,707,,10.1016/j.ins.2025.122033,https://doi.org/10.1016/j.ins.2025.122033,article,Information Sciences,https://openalex.org/W4408029267
Information Sciences,Elsevier,2025,2025-03-01,A quality-relevant deep rule-based system with complementary lifelong learning for adaptive quality prediction in industrial semi-supervised process data streams,Yu Gao; Huaiping Jin; Zhiqiang Wang; Bin Wang; Bin Qian; Biao Yang,708,,10.1016/j.ins.2025.122036,https://doi.org/10.1016/j.ins.2025.122036,article,Information Sciences,https://openalex.org/W4408080368
Information Sciences,Elsevier,2025,2025-03-03,Dynamic futures portfolio strategy: A multi-criteria nested sequential three-state three-way decision model based on herd behavior,Han Wang; Yanbing Ju; Yongxing Chang; Enrique Herrera‐Viedma,708,,10.1016/j.ins.2025.122043,https://doi.org/10.1016/j.ins.2025.122043,article,Information Sciences,https://openalex.org/W4408105164
Information Sciences,Elsevier,2025,2025-03-03,PCG-CAM: Enhanced class activation map using principal components of gradients and its applications in brain MRI,Lan Huang; Yangguang Shao; Wenju Hou; Hui Yang; Yan Wang; Nan Sheng; Yinglu Sun; Yao Wang,708,,10.1016/j.ins.2025.122046,https://doi.org/10.1016/j.ins.2025.122046,article,Information Sciences,https://openalex.org/W4408103865
Information Sciences,Elsevier,2025,2025-03-04,Enhancing urban mobility: A multi-modal travel plan recommendation framework integrating the influences of temporal characteristics and candidate sets,Yiran Yu; Dewei Li; Baoming Han; Qi Zhang; Yue Huang; Ruixia Yang,709,,10.1016/j.ins.2025.122042,https://doi.org/10.1016/j.ins.2025.122042,article,Information Sciences,https://openalex.org/W4408129346
Information Sciences,Elsevier,2025,2025-03-04,Innovative rough set approaches using novel initial-neighborhood systems: Applications in medical diagnosis of Covid-19 variants,Mostafa K. El-Bably; Rodyna A. Hosny; Mostafa A. El-Gayar,708,,10.1016/j.ins.2025.122044,https://doi.org/10.1016/j.ins.2025.122044,article,Information Sciences,https://openalex.org/W4408150161
Information Sciences,Elsevier,2025,2025-03-04,Investigation of consensus for nonlinear time-varying multiagent systems via data-driven techniques,Yuanshan Liu; Yude Xia,708,,10.1016/j.ins.2025.122052,https://doi.org/10.1016/j.ins.2025.122052,article,Information Sciences,https://openalex.org/W4408149498
Information Sciences,Elsevier,2025,2025-03-05,A multiple level competitive swarm optimizer based on dual evaluation criteria and global optimization for large-scale optimization problem,Chen Yuan Huang; Yingjie Song; Hongjiang Ma; Xiangbing Zhou; Wu Deng,708,,10.1016/j.ins.2025.122068,https://doi.org/10.1016/j.ins.2025.122068,article,Information Sciences,https://openalex.org/W4408251248
Information Sciences,Elsevier,2025,2025-03-05,Consensus control for multi-agent systems with unknown faded neighborhood information via iterative learning scheme,Wanzheng Qiu; JinRong Wang; Dong Shen,708,,10.1016/j.ins.2025.122050,https://doi.org/10.1016/j.ins.2025.122050,article,Information Sciences,https://openalex.org/W4408251973
Information Sciences,Elsevier,2025,2025-03-05,Fixed-time control of multi-motor nonlinear systems via adaptive neural network dual sliding mode,Wanjun Jing; Meng Li; Yong Chen; Zhangyong Chen,708,,10.1016/j.ins.2025.122061,https://doi.org/10.1016/j.ins.2025.122061,article,Information Sciences,https://openalex.org/W4408251971
Information Sciences,Elsevier,2025,2025-03-05,Granular ball-based partial label feature selection via fuzzy correlation and redundancy,Wenbin Qian; Junqi Li; Xinxin Cai; Jintao Huang; Weiping Ding,709,,10.1016/j.ins.2025.122047,https://doi.org/10.1016/j.ins.2025.122047,article,Information Sciences,https://openalex.org/W4408221884
Information Sciences,Elsevier,2025,2025-03-05,Multi-view ordinal regression with feature augmentation and privileged information learning,Yanshan Xiao; Linbin Chen; Bo Liu,708,,10.1016/j.ins.2025.122065,https://doi.org/10.1016/j.ins.2025.122065,article,Information Sciences,https://openalex.org/W4408251296
Information Sciences,Elsevier,2025,2025-03-05,"One-class graph autoencoder: A new end-to-end, low-dimensional, and interpretable approach for node classification",Marcos Paulo Silva Gôlo; Josimar Araújo de Medeiros; Diego Furtado Silva; Ricardo Marcondes Marcacini,708,,10.1016/j.ins.2025.122060,https://doi.org/10.1016/j.ins.2025.122060,article,Information Sciences,https://openalex.org/W4408251317
Information Sciences,Elsevier,2025,2025-03-05,Reliability-driven joint clustering based on hybrid attribute analysis for supporting social network large-scale decision-making,Sumin Yu; Jia Xiao; Zhijiao Du; Xuanhua Xu,709,,10.1016/j.ins.2025.122062,https://doi.org/10.1016/j.ins.2025.122062,article,Information Sciences,https://openalex.org/W4408212211
Information Sciences,Elsevier,2025,2025-03-05,Three-way decision-based reinforcement learning for container vertical scaling,Chunmao Jiang; Guojun Mao; Bin Xie,708,,10.1016/j.ins.2025.122045,https://doi.org/10.1016/j.ins.2025.122045,article,Information Sciences,https://openalex.org/W4408251300
Information Sciences,Elsevier,2025,2025-03-06,A general link prediction method based on path node information and source node information,Zhi Kong; Shudi Zhai; Shudi Zhai; Lifu Wang; Lifu Wang; Ge Guo; Ge Guo,709,,10.1016/j.ins.2025.122051,https://doi.org/10.1016/j.ins.2025.122051,article,Information Sciences,https://openalex.org/W4408176114
Information Sciences,Elsevier,2025,2025-03-06,Editorial Board,,704,,10.1016/s0020-0255(25)00188-4,https://doi.org/10.1016/s0020-0255(25)00188-4,paratext,Information Sciences,https://openalex.org/W4408202261
Information Sciences,Elsevier,2025,2025-03-06,Explainable service recommendation for interactive mashup development counteracting biases,Yueshen Xu; Shaoyuan Zhang; Honghao Gao; Yuyu Yin; Jingzhao Hu; Rui Li,708,,10.1016/j.ins.2025.122049,https://doi.org/10.1016/j.ins.2025.122049,article,Information Sciences,https://openalex.org/W4408185986
Information Sciences,Elsevier,2025,2025-03-06,Hierarchical three-way decision fusion for multigranularity GPU-CPU coscheduling in hybrid computing systems,Chunmao Jiang; Yongpeng Wang,708,,10.1016/j.ins.2025.122048,https://doi.org/10.1016/j.ins.2025.122048,article,Information Sciences,https://openalex.org/W4408184479
Information Sciences,Elsevier,2025,2025-03-07,A group recommendation method based on automatically integrating members' preferences via taking advantages of LLM,Shanshan Feng; Zeping Lang; Jing He; Huaxiang Zhang; Wenjuan Chen; Jian Cao,709,,10.1016/j.ins.2025.122067,https://doi.org/10.1016/j.ins.2025.122067,article,Information Sciences,https://openalex.org/W4408225310
Information Sciences,Elsevier,2025,2025-03-07,A learning-based anomaly detection framework for secure recommendation,Haolong Xiang; Wenhao Fei; Ruiyang Ni; Xuyun Zhang,708,,10.1016/j.ins.2025.122071,https://doi.org/10.1016/j.ins.2025.122071,article,Information Sciences,https://openalex.org/W4408225342
Information Sciences,Elsevier,2025,2025-03-07,Design of zero-determinant alliances in repeated multi-player games,Ying Wang; Ying Wang; Yuanhua Wang; Yuanhua Wang; Yonglin Guo; Wenke Zang; Guodong Zhao,708,,10.1016/j.ins.2025.122070,https://doi.org/10.1016/j.ins.2025.122070,article,Information Sciences,https://openalex.org/W4408225923
Information Sciences,Elsevier,2025,2025-03-07,Distributed dynamic event-triggered consensus control of multiagent systems subject to external disturbances,Juan Zhang; Bowen Zhou; Dongsheng Yang; Yanhong Luo; Guangdi Li,709,,10.1016/j.ins.2025.122072,https://doi.org/10.1016/j.ins.2025.122072,article,Information Sciences,https://openalex.org/W4408223925
Information Sciences,Elsevier,2025,2025-03-07,The optimal mode-classification stabilization of sampled stochastic jump systems via an improved hill-climbing algorithm based on Q-learning,Guoliang Wang; Dechao Kong,708,,10.1016/j.ins.2025.122066,https://doi.org/10.1016/j.ins.2025.122066,article,Information Sciences,https://openalex.org/W4408224742
Information Sciences,Elsevier,2025,2025-03-08,Learning using statistical invariants with privileged information,Xueqin Yan; Chun‐Na Li; Yuan‐Hai Shao; Yan-Hui Meng,709,,10.1016/j.ins.2025.122069,https://doi.org/10.1016/j.ins.2025.122069,article,Information Sciences,https://openalex.org/W4408250776
Information Sciences,Elsevier,2025,2025-03-08,Predefined-time collision avoidance adaptive leader–follower formation control for nonlinear multiagent systems,Dongyang Liu; Zhi  Mou Liu; Lei Yan; Ci Chen; Ci Chen,709,,10.1016/j.ins.2025.122073,https://doi.org/10.1016/j.ins.2025.122073,article,Information Sciences,https://openalex.org/W4408250730
Information Sciences,Elsevier,2025,2025-03-10,Anomaly detection based on fuzzy neighborhood rough sets,Yuan Yuan; Sihan Wang; Hongmei Chen; Chuan Luo; Zhong Yuan,709,,10.1016/j.ins.2025.122075,https://doi.org/10.1016/j.ins.2025.122075,article,Information Sciences,https://openalex.org/W4408288242
Information Sciences,Elsevier,2025,2025-03-10,Knowledge&Social-based collaborative method with contrastive graph structure learning for explainable recommendation,Shunmei Meng; Xuyun Zhang; Nan Liu; Longchuan Tu; Qianmu Li,709,,10.1016/j.ins.2025.122077,https://doi.org/10.1016/j.ins.2025.122077,article,Information Sciences,https://openalex.org/W4408284699
Information Sciences,Elsevier,2025,2025-03-11,An off-policy deep reinforcement learning-based active learning for crime scene investigation image classification,Zhang Yixin; Liu Yang; Jiang Guofan; Yao Yuchen; Zhang Jian; Jing Yang; Roohallah Alizadehsani; Ryszard Tadeusiewicz; Paweł Pławiak,710,,10.1016/j.ins.2025.122074,https://doi.org/10.1016/j.ins.2025.122074,article,Information Sciences,https://openalex.org/W4408330056
Information Sciences,Elsevier,2025,2025-03-12,Toward rough set based insightful reasoning in intelligent systems,Andrzej Skowron; Jarosław Stepaniuk,709,,10.1016/j.ins.2025.122078,https://doi.org/10.1016/j.ins.2025.122078,article,Information Sciences,https://openalex.org/W4408360808
Information Sciences,Elsevier,2025,2025-03-13,Approaches to attribute reduction of metric-fuzzy decision systems based on information theory,Guirong Peng; Li Fei; Wei Yao,709,,10.1016/j.ins.2025.122080,https://doi.org/10.1016/j.ins.2025.122080,article,Information Sciences,https://openalex.org/W4408389555
Information Sciences,Elsevier,2025,2025-03-13,Artificial intelligence in medical practice: The CRITIC-TOPSIS method based on λ(pq)-cubic quasi rung orthopair fuzzy robust aggregation operators and their applications,Peide Liu; Abbas Ali; Noor Rehman; Noor Rehman; Muqadas Parveen,710,,10.1016/j.ins.2025.122076,https://doi.org/10.1016/j.ins.2025.122076,article,Information Sciences,https://openalex.org/W4408389344
Information Sciences,Elsevier,2025,2025-03-13,Overcoming intermittent instability in reinforcement learning via gradient norm preservation,Jonghyeok Park; Jongsoo Lee; Jangwon Kim; Soohee Han,709,,10.1016/j.ins.2025.122081,https://doi.org/10.1016/j.ins.2025.122081,article,Information Sciences,https://openalex.org/W4408392284
Information Sciences,Elsevier,2025,2025-03-13,Random walk on point clouds for feature detection,Yuhe Zhang; Zhikun Tu; Zhiwei Li; Jian Gao; Bao Long Guo; Shunli Zhang,709,,10.1016/j.ins.2025.122082,https://doi.org/10.1016/j.ins.2025.122082,article,Information Sciences,https://openalex.org/W4408398287
Information Sciences,Elsevier,2025,2025-03-13,Similarity measures for interval type-3 fuzzy sets,Rafik Aziz Aliev; Rahib Hidayat Abiyev; Rafig Rashad Aliyev; Sanan Abizada,709,,10.1016/j.ins.2025.121991,https://doi.org/10.1016/j.ins.2025.121991,article,Information Sciences,https://openalex.org/W4408389301
Information Sciences,Elsevier,2025,2025-03-14,Distributed I&I adaptive output feedback control of uncertain second-order systems with output constraint and input saturation,Qi Long Han; Zhitao Liu; Hongye Su; Xiangbin Liu,710,,10.1016/j.ins.2025.122086,https://doi.org/10.1016/j.ins.2025.122086,article,Information Sciences,https://openalex.org/W4408422180
Information Sciences,Elsevier,2025,2025-03-14,Explainable physics-guided attention network for long-lead ENSO forecasts,Song Wu; Xiaoyong Li; Wei Quan Dong; Senliang Bao; Senzhang Wang; Junxing Zhu; Xiaoli Ren; Chengcheng Shao,709,,10.1016/j.ins.2025.122084,https://doi.org/10.1016/j.ins.2025.122084,article,Information Sciences,https://openalex.org/W4408422140
Information Sciences,Elsevier,2025,2025-03-14,Fuzzy knowledge inference-based dynamic task allocation method for multi-agent systems,Mengke Wang; Xiaoming Wang; Xiaoming Wang; Xinzhi Wang; Xinzhi Wang; Xiangfeng Luo; Shaorong Xie,709,,10.1016/j.ins.2025.122083,https://doi.org/10.1016/j.ins.2025.122083,article,Information Sciences,https://openalex.org/W4408392343
Information Sciences,Elsevier,2025,2025-03-17,Highly improve the accuracy of clustering algorithms based on shortest path distance,Zeng Xianjun; Shuliang Wang; Qi Li; Sijie Ruan; Qianyu Yang; Haoxiang Xu,710,,10.1016/j.ins.2025.122087,https://doi.org/10.1016/j.ins.2025.122087,article,Information Sciences,https://openalex.org/W4408508252
Information Sciences,Elsevier,2025,2025-03-17,Toward automated verification of timed business process models using timed-automata networks and temporal properties,Chanon Dechsupa; Wiwat Vatanawood; Arthit Thongtak,710,,10.1016/j.ins.2025.122088,https://doi.org/10.1016/j.ins.2025.122088,article,Information Sciences,https://openalex.org/W4408521618
Information Sciences,Elsevier,2025,2025-03-18,Adaptive path planning for wafer second probing via an attention-based hierarchical reinforcement learning framework with shared memory,Haobin Shi; Ziming He; Kao‐Shing Hwang,710,,10.1016/j.ins.2025.122089,https://doi.org/10.1016/j.ins.2025.122089,article,Information Sciences,https://openalex.org/W4408570016
Information Sciences,Elsevier,2025,2025-03-18,Dynamic event-triggered cooperative critic-only control for heterogeneous MASs with uniformly positive minimum inter-event times,Lina Xia; Yue Feng; Qing Li; Ruizhuo Song,710,,10.1016/j.ins.2025.122099,https://doi.org/10.1016/j.ins.2025.122099,article,Information Sciences,https://openalex.org/W4408555179
Information Sciences,Elsevier,2025,2025-03-18,Editorial Board,,705,,10.1016/s0020-0255(25)00225-7,https://doi.org/10.1016/s0020-0255(25)00225-7,paratext,Information Sciences,https://openalex.org/W4408562563
Information Sciences,Elsevier,2025,2025-03-18,Federated learning with adaptive local aggregation for privacy-aware recommender systems in Internet of Vehicles,Yong Mei Cheng; Yuhao Hu; Wei Liu; Muhammad Bilal,710,,10.1016/j.ins.2025.122100,https://doi.org/10.1016/j.ins.2025.122100,article,Information Sciences,https://openalex.org/W4408567748
Information Sciences,Elsevier,2025,2025-03-18,Protocol-based model predictive control for fuzzy systems with multi-segment DoS attacks,Qingfei Gao; Tong Wang; Hongjie Pang; Jun Cheng; Dan Zhang; Wenhai Qi,710,,10.1016/j.ins.2025.122098,https://doi.org/10.1016/j.ins.2025.122098,article,Information Sciences,https://openalex.org/W4408568578
Information Sciences,Elsevier,2025,2025-03-18,Signed graphs in data sciences via communicability geometry,Fernando Diaz-Diaz; Ernesto Estrada,710,,10.1016/j.ins.2025.122096,https://doi.org/10.1016/j.ins.2025.122096,article,Information Sciences,https://openalex.org/W4408567652
Information Sciences,Elsevier,2025,2025-03-19,A novel modelling method for rolling force prediction based on deep stochastic configuration networks fused with physical knowledge,LingMing Meng; Jingguo Ding; Zishuo Dong; Chuang Zhang; Wen Jie Peng; Dianhua Zhang,711,,10.1016/j.ins.2025.122097,https://doi.org/10.1016/j.ins.2025.122097,article,Information Sciences,https://openalex.org/W4408611891
Information Sciences,Elsevier,2025,2025-03-19,FedRL-Hybrid: A federated hybrid reinforcement learning approach,Yikang Li; Biao Jin; Xuan Li; Zhiqiang Yao; Jinbo Xiong; Jie Lin; Xing Wang; Ming‐Wei Lin,710,,10.1016/j.ins.2025.122102,https://doi.org/10.1016/j.ins.2025.122102,article,Information Sciences,https://openalex.org/W4408612060
Information Sciences,Elsevier,2025,2025-03-19,Partial multi-label learning with label and classifier correlations,Ke Wang; Yahu Guan; Yunyu Xie; Zhaohong Jia; Hong Ye; Zhangling Duan; Dong Liang,712,,10.1016/j.ins.2025.122101,https://doi.org/10.1016/j.ins.2025.122101,article,Information Sciences,https://openalex.org/W4408612790
Information Sciences,Elsevier,2025,2025-03-19,"Refined Kolmogorov complexity of analog, evolving and stochastic recurrent neural networks",Jérémie Cabessa; Yann Strozecki,711,,10.1016/j.ins.2025.122104,https://doi.org/10.1016/j.ins.2025.122104,article,Information Sciences,https://openalex.org/W4408612808
Information Sciences,Elsevier,2025,2025-03-19,The incremental SMOTE: A new approach based on the incremental k-means algorithm for solving imbalanced data set problem,Duygu Selin Turan; Burak Ordin,711,,10.1016/j.ins.2025.122103,https://doi.org/10.1016/j.ins.2025.122103,article,Information Sciences,https://openalex.org/W4408612048
Information Sciences,Elsevier,2025,2025-03-20,Traffic forecasting using spatio-temporal dynamics and attention with graph attention PDEs,Ghadah Almousa; Yugyung Lee,711,,10.1016/j.ins.2025.122108,https://doi.org/10.1016/j.ins.2025.122108,article,Information Sciences,https://openalex.org/W4408660752
Information Sciences,Elsevier,2025,2025-03-20,Using AIE-D algorithm to recognize the node importance of weighted urban rail transit network considering passenger flow,Wencheng Huang; Xingyu Chen; Hongbing Pu; Yanhui Yin,711,,10.1016/j.ins.2025.122106,https://doi.org/10.1016/j.ins.2025.122106,article,Information Sciences,https://openalex.org/W4408660795
Information Sciences,Elsevier,2025,2025-03-21,A forward k-means algorithm for regression clustering,Jun Lu; Tingjin Luo; Kai Li,711,,10.1016/j.ins.2025.122105,https://doi.org/10.1016/j.ins.2025.122105,article,Information Sciences,https://openalex.org/W4408688663
Information Sciences,Elsevier,2025,2025-03-21,Batch active learning for time-series classification with multi-mode exploration,Sangho Lee; Chihyeon Choi; Hyungrok Do; Youngdoo Son,711,,10.1016/j.ins.2025.122109,https://doi.org/10.1016/j.ins.2025.122109,article,Information Sciences,https://openalex.org/W4408688654
Information Sciences,Elsevier,2025,2025-03-22,A multi-modal unsupervised machine learning approach for biomedical signal processing during cardiopulmonary resuscitation,Saidul Islam; Jamal Bentahar; Robin A Cohen; Gaith Rjoub,712,,10.1016/j.ins.2025.122114,https://doi.org/10.1016/j.ins.2025.122114,article,Information Sciences,https://openalex.org/W4408740429
Information Sciences,Elsevier,2025,2025-03-22,Adaptive stochastic configuration network based on online active learning for evolving data streams,Yinan Guo; Jiayang Pu; Jiale He; Botao Jiao; Jianjiao Ji; Shengxiang Yang,711,,10.1016/j.ins.2025.122113,https://doi.org/10.1016/j.ins.2025.122113,article,Information Sciences,https://openalex.org/W4408740455
Information Sciences,Elsevier,2025,2025-03-22,Non-fragile fuzzy control of input-saturated systems with global prescribed performance via an error-triggered mechanism,Yu Xia; Jun He; Hak‐Keung Lam; Leszek Rutkowski; Radu‐Emil Precup,711,,10.1016/j.ins.2025.122111,https://doi.org/10.1016/j.ins.2025.122111,article,Information Sciences,https://openalex.org/W4408731908
Information Sciences,Elsevier,2025,2025-03-22,Semi-supervised manifold regularized multi-task learning with privileged information,Bo Liu; Baoqing Li; Yanshan Xiao; Zhitong Wang; Boxu Zhou; Song He; Chenlong Ye; Fan Cao,711,,10.1016/j.ins.2025.122112,https://doi.org/10.1016/j.ins.2025.122112,article,Information Sciences,https://openalex.org/W4408722990
Information Sciences,Elsevier,2025,2025-03-23,Design of control laws to guarantee mutual exclusion constraints in a network of linear Min-Plus systems with disturbance inputs,S. Bouazza; Saïd Amari; Hichem Hassine,712,,10.1016/j.ins.2025.122107,https://doi.org/10.1016/j.ins.2025.122107,article,Information Sciences,https://openalex.org/W4408765475
Information Sciences,Elsevier,2025,2025-03-24,Finite-time safe reinforcement learning control of multi-player nonzero-sum game for quadcopter systems,Junkai Tan; Shuangsi Xue; Qingshu Guan; Kai Qu; Hui Cao,712,,10.1016/j.ins.2025.122117,https://doi.org/10.1016/j.ins.2025.122117,article,Information Sciences,https://openalex.org/W4408782378
Information Sciences,Elsevier,2025,2025-03-24,Herbal ingredient-target interaction prediction via multi-modal learning,Xudong Liang; Guoqi Lai; Jintong Yu; Tao Lin; Chaochao Wang; Wei Wang,711,,10.1016/j.ins.2025.122115,https://doi.org/10.1016/j.ins.2025.122115,article,Information Sciences,https://openalex.org/W4408782369
Information Sciences,Elsevier,2025,2025-03-24,Variational graph autoencoder-driven balancing strategy for multimodal multi-objective optimization,Lei Yang; Erlei Zhang; Qianlong Dang,712,,10.1016/j.ins.2025.122116,https://doi.org/10.1016/j.ins.2025.122116,article,Information Sciences,https://openalex.org/W4408805187
Information Sciences,Elsevier,2025,2025-03-26,Corrigendum to “Advanced predictive control for GRU and LSTM networks” [Inf. Sci. 616 (2022) 229–254],Krzysztof Zarzycki; Maciej Ławryńczuk,707,,10.1016/j.ins.2025.122079,https://doi.org/10.1016/j.ins.2025.122079,erratum,Information Sciences,https://openalex.org/W4408875628
Information Sciences,Elsevier,2025,2025-03-26,DPSN-STHA: A dynamic perception model of similar nodes with spatial-temporal heterogeneity attention for traffic flow forecasting,Jinnan Yang; Wentian Cui; Qing Shen; Jungang Lou,712,,10.1016/j.ins.2025.122126,https://doi.org/10.1016/j.ins.2025.122126,article,Information Sciences,https://openalex.org/W4408848844
Information Sciences,Elsevier,2025,2025-03-26,DoS-resilient event-triggering control of connected vehicles: An attack-parameter-dependent functional method,Yihui Xu; Huiyan Zhang; Yongchao Liu; Ning Zhao; Imre J. Rudas,712,,10.1016/j.ins.2025.122118,https://doi.org/10.1016/j.ins.2025.122118,article,Information Sciences,https://openalex.org/W4408848827
Information Sciences,Elsevier,2025,2025-03-26,Editorial Board,,706,,10.1016/s0020-0255(25)00254-3,https://doi.org/10.1016/s0020-0255(25)00254-3,paratext,Information Sciences,https://openalex.org/W4408875908
Information Sciences,Elsevier,2025,2025-03-27,Knowledge-aware differential equation discovery with automated background knowledge extraction,Elizaveta Ivanchik; Alexander Hvatov,712,,10.1016/j.ins.2025.122131,https://doi.org/10.1016/j.ins.2025.122131,article,Information Sciences,https://openalex.org/W4408958921
Information Sciences,Elsevier,2025,2025-03-27,Regional express delivery network planning: A location-routing model and two-tier adaptive GA,Wenfei Li; Yue Xin; Guoqing Yang,712,,10.1016/j.ins.2025.122133,https://doi.org/10.1016/j.ins.2025.122133,article,Information Sciences,https://openalex.org/W4408898159
Information Sciences,Elsevier,2025,2025-03-27,Semantic enhanced bi-syntactic graph convolutional network for aspect-based sentiment analysis,Junyang Xiao; Yun Xue; Fenghuan Li,712,,10.1016/j.ins.2025.122130,https://doi.org/10.1016/j.ins.2025.122130,article,Information Sciences,https://openalex.org/W4408879758
Information Sciences,Elsevier,2025,2025-03-28,A stable framework-based modeling of the complex dynamical system using a double context layered with self-weighted output feedback loop Elman recurrent neural network,Rajesh Kumar,712,,10.1016/j.ins.2025.122132,https://doi.org/10.1016/j.ins.2025.122132,article,Information Sciences,https://openalex.org/W4408897850
Information Sciences,Elsevier,2025,2025-03-28,Adaptive fuzzy funnel control of nonlinear multi-agent systems via dual-channel event-triggered strategy,Xiaoyang Liu; Minghao Hui; Lu Fan; Wenwu Yu; Jinde Cao,712,,10.1016/j.ins.2025.122129,https://doi.org/10.1016/j.ins.2025.122129,article,Information Sciences,https://openalex.org/W4408897937
Information Sciences,Elsevier,2025,2025-03-29,Distributed neurodynamic optimization for optimal multicluster resource allocation with cardinality constraints,Meng Hsien Lin; Zicong Xia; Sam Zandong Sun; Yang Liu,712,,10.1016/j.ins.2025.122138,https://doi.org/10.1016/j.ins.2025.122138,article,Information Sciences,https://openalex.org/W4408965609
Information Sciences,Elsevier,2025,2025-03-29,General decay projection synchronization of proportional delay memristive competitive neural networks with uncertain parameters for image encryption,Yaru Wang; Liqun Zhou,712,,10.1016/j.ins.2025.122136,https://doi.org/10.1016/j.ins.2025.122136,article,Information Sciences,https://openalex.org/W4408967314
Information Sciences,Elsevier,2025,2025-03-29,Polytomous knowledge structures constructed by L-fuzzy approximation operators,Bochi Xu; Jinjin Li; Fu-Gui Shi,712,,10.1016/j.ins.2025.122137,https://doi.org/10.1016/j.ins.2025.122137,article,Information Sciences,https://openalex.org/W4408967292
Information Sciences,Elsevier,2025,2025-03-29,Uncertainty-aware discrete hashing for low-risk binary code learning,Cheng Chang; Jingyi Zhang; Benfu Lv,716,,10.1016/j.ins.2025.122135,https://doi.org/10.1016/j.ins.2025.122135,article,Information Sciences,https://openalex.org/W4408967280
Information Sciences,Elsevier,2025,2025-03-30,A large-scale group consensus decision-making method based on historical data in dynamic social networks,Juan‐juan Peng; Liming Pan; Shuwen Xue; Qingqi Long,713,,10.1016/j.ins.2025.122085,https://doi.org/10.1016/j.ins.2025.122085,article,Information Sciences,https://openalex.org/W4408987036
Information Sciences,Elsevier,2025,2025-03-30,A novel missing value imputation for multi-criteria recommender systems,Gökhan Göksel; Ahmet Aydın; Zeynep Batmaz; Cihan Kaleli,712,,10.1016/j.ins.2025.122139,https://doi.org/10.1016/j.ins.2025.122139,article,Information Sciences,https://openalex.org/W4408977677
Information Sciences,Elsevier,2025,2025-03-30,Optimizing time-dependent multi-agile Earth observation satellite scheduling problem using deep Q-learning and ensemble heuristics,Bohua Li; Ming Chen; Lining Xing; Yingguo Chen; Yingguo Chen; Yingwu Chen; Yingwu Chen,712,,10.1016/j.ins.2025.122140,https://doi.org/10.1016/j.ins.2025.122140,article,Information Sciences,https://openalex.org/W4408983245
Information Sciences,Elsevier,2025,2025-03-30,Zilean: A modularized framework for large-scale temporal concept drift type classification,Zhao Deng; Quanxi Feng; Bin Lin; Gary G. Yen,712,,10.1016/j.ins.2025.122134,https://doi.org/10.1016/j.ins.2025.122134,article,Information Sciences,https://openalex.org/W4408977646
Information Sciences,Elsevier,2025,2025-03-31,REAPP: A low-cost and accurate reputation evaluation based anonymous privacy preserving scheme in mobile crowdsourcing,Zeyuan Li; Yinghao Yao; Anfeng Liu; Naixue N. Xiong; Shaobo Zhang; Athanasios V. Vasilakos,712,,10.1016/j.ins.2025.122110,https://doi.org/10.1016/j.ins.2025.122110,article,Information Sciences,https://openalex.org/W4408980690
Information Sciences,Elsevier,2025,2025-04-02,Editorial Board,,707,,10.1016/s0020-0255(25)00280-4,https://doi.org/10.1016/s0020-0255(25)00280-4,paratext,Information Sciences,https://openalex.org/W4409098771
Information Sciences,Elsevier,2025,2025-04-02,Optimized consensus control of multi-manipulator system having actuator fault using reinforcement learning approximation strategy,Yu Cao; Guoxing Wen; Baoshuo Feng; Bin Li,712,,10.1016/j.ins.2025.122141,https://doi.org/10.1016/j.ins.2025.122141,article,Information Sciences,https://openalex.org/W4409107291
Information Sciences,Elsevier,2025,2025-04-03,A Bagging algorithm for imprecise classification in cost-sensitive scenarios,Serafín Moral‐García; Andrés R. Masegosa; Joaquín Abellán,712,,10.1016/j.ins.2025.122151,https://doi.org/10.1016/j.ins.2025.122151,article,Information Sciences,https://openalex.org/W4409143373
Information Sciences,Elsevier,2025,2025-04-03,A calibrated fully interpretable fuzzy classifier via Vapnik–Chervonenkis-dimension minimization learning,Yuchen Li; Fu-Lai Chung; Yusuke Nojima; Shitong Wang,713,,10.1016/j.ins.2025.122142,https://doi.org/10.1016/j.ins.2025.122142,article,Information Sciences,https://openalex.org/W4409126372
Information Sciences,Elsevier,2025,2025-04-03,A three-way efficacy evaluation approach with attribute reduction based on weighted temporal fuzzy rough sets,Jin Ye; Bingzhen Sun; Xixuan Zhao; Xiaoli Chu,712,,10.1016/j.ins.2025.122157,https://doi.org/10.1016/j.ins.2025.122157,article,Information Sciences,https://openalex.org/W4409126371
Information Sciences,Elsevier,2025,2025-04-03,A training-free framework for valid object counting by cascading spatial and semantic understanding of foundation models,Qiuyu Huang; Yifan Zhang; Wenbo Zhang; Jianfeng Lin; Binqiang Huang; Jinlu Zhang; Wenhao Yu,712,,10.1016/j.ins.2025.122161,https://doi.org/10.1016/j.ins.2025.122161,article,Information Sciences,https://openalex.org/W4409126419
Information Sciences,Elsevier,2025,2025-04-03,Balancing the trade-off between global and personalized performance in federated learning,Zibin Pan; Chi Li; Fangchen Yu; Shuyi Wang; Xiaoying Tang; Junhua Zhao,712,,10.1016/j.ins.2025.122154,https://doi.org/10.1016/j.ins.2025.122154,article,Information Sciences,https://openalex.org/W4409122765
Information Sciences,Elsevier,2025,2025-04-03,Irregular mobility: A dynamic alliance formation incentive mechanism under incomplete information,Zhilin Xu; Hao Sun; Panfei Sun,712,,10.1016/j.ins.2025.122155,https://doi.org/10.1016/j.ins.2025.122155,article,Information Sciences,https://openalex.org/W4409129099
Information Sciences,Elsevier,2025,2025-04-03,Iterative program synthesis with code knowledge,Jiaxin Liu; Yiwei Li; Jianhua Dai; Rongjia Xu; Yating Zhang; Wei Dong,712,,10.1016/j.ins.2025.122156,https://doi.org/10.1016/j.ins.2025.122156,article,Information Sciences,https://openalex.org/W4409126420
Information Sciences,Elsevier,2025,2025-04-04,Generative imputation of incomplete images: Leveraging multimodal information for missing pixel,Qian Ma; Yuan Guo; Jinlei Zhang; Haochen Zhang; Shikai Guo; Bo Ning; Yu Gu; Yu Ge,712,,10.1016/j.ins.2025.122159,https://doi.org/10.1016/j.ins.2025.122159,article,Information Sciences,https://openalex.org/W4409126390
Information Sciences,Elsevier,2025,2025-04-04,Metapath-free adversarial attacks against heterogeneous graph neural networks,Haoran Li; Jian Xu; Long Yin; Qiang Wang; Yongzhen Jiang; Jingyi Liu,713,,10.1016/j.ins.2025.122143,https://doi.org/10.1016/j.ins.2025.122143,article,Information Sciences,https://openalex.org/W4409126426
Information Sciences,Elsevier,2025,2025-04-04,Selection rules for new focal elements in the Dempster-Shafer evidence theory,Matteo Brunelli; Rajith Perera Jayasuriya Kuranage; Van‐Nam Huynh,712,,10.1016/j.ins.2025.122160,https://doi.org/10.1016/j.ins.2025.122160,article,Information Sciences,https://openalex.org/W4409126451
Information Sciences,Elsevier,2025,2025-04-06,A multi-channel curriculum learning framework for few labeled node classification,Yimeng Wang; Zhiyao Yang; Xiangjiu Che,713,,10.1016/j.ins.2025.122164,https://doi.org/10.1016/j.ins.2025.122164,article,Information Sciences,https://openalex.org/W4409199374
Information Sciences,Elsevier,2025,2025-04-06,An improved algorithm for deep convolutional neural network structures based on randomness,Xueheng Hu; Shuhuan Wen; Hamid Reza Karimi,713,,10.1016/j.ins.2025.122162,https://doi.org/10.1016/j.ins.2025.122162,article,Information Sciences,https://openalex.org/W4409199401
Information Sciences,Elsevier,2025,2025-04-06,Event-triggered resilient asynchronous estimation of stochastic Markovian jumping CVNs with missing measurements: A co-design control strategy,Hanqing Wei; Qiang Li; Song Zhu; Dongmei Fan; Yuanshi Zheng,712,,10.1016/j.ins.2025.122167,https://doi.org/10.1016/j.ins.2025.122167,article,Information Sciences,https://openalex.org/W4409198986
Information Sciences,Elsevier,2025,2025-04-06,Neighborhood rough sets induced three-way decisions for vulnerability modelling and analysis of complex network,Jiajia Zhou,713,,10.1016/j.ins.2025.122163,https://doi.org/10.1016/j.ins.2025.122163,article,Information Sciences,https://openalex.org/W4409199413
Information Sciences,Elsevier,2025,2025-04-08,A new fuzzy Lyapunov function approach to fault detection of fuzzy systems,Xiao‐Lei Wang; Dakui Wu; Yu‐Long Wang; Qing‐Long Han,713,,10.1016/j.ins.2025.122165,https://doi.org/10.1016/j.ins.2025.122165,article,Information Sciences,https://openalex.org/W4409244640
Information Sciences,Elsevier,2025,2025-04-08,"A priori-assisted, parallel heuristic attention-aided encoder–decoder: A data-driven model for autonomous vehicle behavior and trajectory predictions in intersections",Cheng Wei; Fei Hui; Asad Jan Khattak; Kenan Mu; Xiyao Liu,713,,10.1016/j.ins.2025.122179,https://doi.org/10.1016/j.ins.2025.122179,article,Information Sciences,https://openalex.org/W4409253592
Information Sciences,Elsevier,2025,2025-04-08,Active strategy learning-based consensus mechanism for group decision making with efficiency and fairness,Xia Liu; Yajing Shan; Ziyan Song; Yejun Xu; Xiulai Wang,715,,10.1016/j.ins.2025.122178,https://doi.org/10.1016/j.ins.2025.122178,article,Information Sciences,https://openalex.org/W4409259932
Information Sciences,Elsevier,2025,2025-04-08,GCKD: Graph contrastive for supervised knowledge distillation,Zan Chen; Shijie Li; Qiang Tong; Bo Wang; Shiding Sun,713,,10.1016/j.ins.2025.122181,https://doi.org/10.1016/j.ins.2025.122181,article,Information Sciences,https://openalex.org/W4409252987
Information Sciences,Elsevier,2025,2025-04-08,Graph neural networks adversarial attacks based on node gradient and importance score,Yifei Sun; Jiale Ju; Shi Cheng; Jie Chi Yang; Yifei Cao; Ao Zhang; Wenya Shi,713,,10.1016/j.ins.2025.122168,https://doi.org/10.1016/j.ins.2025.122168,article,Information Sciences,https://openalex.org/W4409276609
Information Sciences,Elsevier,2025,2025-04-08,Image deblurring method based on GAN with a channel attention mechanism,Yanbo Zhang; Hui Juan Zhu; Haiyang Wang; Rehan Jamil; Funa Zhou; Chunjing Xiao; Hamido Fujita; Hanan Aljuaid,713,,10.1016/j.ins.2025.122166,https://doi.org/10.1016/j.ins.2025.122166,article,Information Sciences,https://openalex.org/W4409276593
Information Sciences,Elsevier,2025,2025-04-08,Integrated distributed flexible job shop scheduling and vehicle routing problem via Q-learning-based evolutionary algorithms,Yaping Fu; Zhengpei Zhang; Kaizhou Gao; Quan-Ke Pan; Humyun Fuad Rahman,713,,10.1016/j.ins.2025.122169,https://doi.org/10.1016/j.ins.2025.122169,article,Information Sciences,https://openalex.org/W4409244711
Information Sciences,Elsevier,2025,2025-04-08,Reliability analysis of uncertain population density equation with a migration source,Lu Yang; Ting Jin; Kaili Lu,713,,10.1016/j.ins.2025.122176,https://doi.org/10.1016/j.ins.2025.122176,article,Information Sciences,https://openalex.org/W4409259924
Information Sciences,Elsevier,2025,2025-04-08,Robust multi-view unsupervised feature selection via latent consensus structure learning,Chenxi Wang; Peng Song,713,,10.1016/j.ins.2025.122177,https://doi.org/10.1016/j.ins.2025.122177,article,Information Sciences,https://openalex.org/W4409247055
Information Sciences,Elsevier,2025,2025-04-08,YOLO-DKR: Differentiable architecture search based on kernel reusing for object detection,Yu Xue; Cuili Yao; Mohamed Wahib; Moncef Gabbouj,713,,10.1016/j.ins.2025.122180,https://doi.org/10.1016/j.ins.2025.122180,article,Information Sciences,https://openalex.org/W4409252923
Information Sciences,Elsevier,2025,2025-04-09,A model-free multivariate non-recursive feature elimination for feature selection on high-dimensional complex multiple response data,Siwei Xia; Yuehan Yang,713,,10.1016/j.ins.2025.122186,https://doi.org/10.1016/j.ins.2025.122186,article,Information Sciences,https://openalex.org/W4409290951
Information Sciences,Elsevier,2025,2025-04-09,A novel generalization of the OWA and IOWA operators based on weighting vectors,Radomír Halaš; Radko Mesiar; Jozef Pócs; Andrea Stupňanová; LeSheng Jin,713,,10.1016/j.ins.2025.122182,https://doi.org/10.1016/j.ins.2025.122182,article,Information Sciences,https://openalex.org/W4409290460
Information Sciences,Elsevier,2025,2025-04-09,Constrained Hybrid Metaheuristic Algorithm for Probabilistic Neural Networks learning,Piotr Andrzej Kowalski; Szymon Kucharczyk; Jacek Mańdziuk,713,,10.1016/j.ins.2025.122185,https://doi.org/10.1016/j.ins.2025.122185,article,Information Sciences,https://openalex.org/W4409310094
Information Sciences,Elsevier,2025,2025-04-09,Editorial Board,,708,,10.1016/s0020-0255(25)00305-6,https://doi.org/10.1016/s0020-0255(25)00305-6,paratext,Information Sciences,https://openalex.org/W4409282176
Information Sciences,Elsevier,2025,2025-04-10,Design and development of event-triggered estimator-controller for networked control system with priori measurement compensation,K. Senthilkumar; Kannan Srinivasan,713,,10.1016/j.ins.2025.122187,https://doi.org/10.1016/j.ins.2025.122187,article,Information Sciences,https://openalex.org/W4409323715
Information Sciences,Elsevier,2025,2025-04-10,Multi-stage kernel method based identification of Wiener-Hammerstein system with cyclostationary input signal,Gabriel Maik; Grzegorz Mzyk,713,,10.1016/j.ins.2025.122190,https://doi.org/10.1016/j.ins.2025.122190,article,Information Sciences,https://openalex.org/W4409323711
Information Sciences,Elsevier,2025,2025-04-10,Multi-view trust based team recruitment for collaborative crowdsensing,Xiaoli Wu; Guijuan Zhang; Nianyun Song; Dianjie Lu,713,,10.1016/j.ins.2025.122183,https://doi.org/10.1016/j.ins.2025.122183,article,Information Sciences,https://openalex.org/W4409327128
Information Sciences,Elsevier,2025,2025-04-10,Probabilistic forecasting with VAR-VAE: Advancing time series forecasting under uncertainty,Radmir Mishelevich Leushuis,713,,10.1016/j.ins.2025.122184,https://doi.org/10.1016/j.ins.2025.122184,article,Information Sciences,https://openalex.org/W4409322933
Information Sciences,Elsevier,2025,2025-04-10,Robust local asymptotic stability of asynchronous stochastic Boolean networks,Xinrong Yang; Haitao Li,713,,10.1016/j.ins.2025.122188,https://doi.org/10.1016/j.ins.2025.122188,article,Information Sciences,https://openalex.org/W4409315925
Information Sciences,Elsevier,2025,2025-04-10,Self-attention based cloud top height retrieval for intelligent meteorological service recommendation,Xuhao Shi; Jie Zhang; Guoqiang Liu; Kun Yi; Muhammad Bilal,713,,10.1016/j.ins.2025.122192,https://doi.org/10.1016/j.ins.2025.122192,article,Information Sciences,https://openalex.org/W4409327855
Information Sciences,Elsevier,2025,2025-04-11,A probabilistic tournament learning swarm optimizer for large-scale optimization,Liting Xu; Qiang Yang; Jian-Yu Li; Peilan Xu; Xin Lin; Xudong Gao; Zhenyu Lu; Jun Zhang,714,,10.1016/j.ins.2025.122189,https://doi.org/10.1016/j.ins.2025.122189,article,Information Sciences,https://openalex.org/W4409352018
Information Sciences,Elsevier,2025,2025-04-11,An intelligent fusion recommendation model based on attention trees and graph convolutional networks in social Media,Liang Jiang; Xue Kai Sun; Lu Liu; Jingjing Yao; Leilei Shi; Zixuan Han; Hongyun Wang,714,,10.1016/j.ins.2025.122191,https://doi.org/10.1016/j.ins.2025.122191,article,Information Sciences,https://openalex.org/W4409351955
Information Sciences,Elsevier,2025,2025-04-14,A 3 × 3 approach to three-way conflict analysis in incomplete Pythagorean fuzzy situation tables,Langwangqing Suo; Hai-Long Yang; Zhi-Lian Guo,714,,10.1016/j.ins.2025.122195,https://doi.org/10.1016/j.ins.2025.122195,article,Information Sciences,https://openalex.org/W4409429766
Information Sciences,Elsevier,2025,2025-04-14,A large-scale consensus decision-making model for non-cooperative behavior based on incomplete probabilistic hesitant fuzzy information in social trust networks,Wei Yang; Cong Liang,714,,10.1016/j.ins.2025.122196,https://doi.org/10.1016/j.ins.2025.122196,article,Information Sciences,https://openalex.org/W4409429770
Information Sciences,Elsevier,2025,2025-04-14,Diverse and feasible retrosynthesis using GFlowNets,Piotr Gaiński; Michał Koziarski; Krzysztof Maziarz; Marwin Segler; Jacek Tabor; Marek Śmieja,714,,10.1016/j.ins.2025.122194,https://doi.org/10.1016/j.ins.2025.122194,article,Information Sciences,https://openalex.org/W4409430152
Information Sciences,Elsevier,2025,2025-04-15,Concept reduction via global relevance and redundancy viewpoints,Yidong Lin; Taoju Liang; Ling Wei; Guoping Lin; Jinjin Li,714,,10.1016/j.ins.2025.122205,https://doi.org/10.1016/j.ins.2025.122205,article,Information Sciences,https://openalex.org/W4409473321
Information Sciences,Elsevier,2025,2025-04-15,Coupling dynamics of epidemic and multi-source information: The roles of social reinforcement and risk perception,Xiao Hong; Yuexing Han; Bing Wang,714,,10.1016/j.ins.2025.122203,https://doi.org/10.1016/j.ins.2025.122203,article,Information Sciences,https://openalex.org/W4409473329
Information Sciences,Elsevier,2025,2025-04-15,One-class classification with node embedding type features,Amir Ahmad; Shehroz S. Khan,714,,10.1016/j.ins.2025.122204,https://doi.org/10.1016/j.ins.2025.122204,article,Information Sciences,https://openalex.org/W4409473308
Information Sciences,Elsevier,2025,2025-04-16,Matrix-based incremental methods for coalition block identification under dynamic conflict analysis with fuzzy attitudes,Jiajia Wang; Xiaonan Li; Huangjian Yi,714,,10.1016/j.ins.2025.122206,https://doi.org/10.1016/j.ins.2025.122206,article,Information Sciences,https://openalex.org/W4409500794
Information Sciences,Elsevier,2025,2025-04-16,Multi-granularity awareness via cross fusion for few-shot learning,Zhiping Wu; Dongqing Li; Linhua Zou; Hong Zhao,714,,10.1016/j.ins.2025.122209,https://doi.org/10.1016/j.ins.2025.122209,article,Information Sciences,https://openalex.org/W4409499335
Information Sciences,Elsevier,2025,2025-04-17,A preference analysis-based consensus model for multiple criteria linguistic group decision making considering personalized individual semantics,Shengli Li; Yuzheng Sang; Na Zhao; Пэйдэ Лю; Cuiping Wei,714,,10.1016/j.ins.2025.122210,https://doi.org/10.1016/j.ins.2025.122210,article,Information Sciences,https://openalex.org/W4409546420
Information Sciences,Elsevier,2025,2025-04-17,Editorial Board,,709,,10.1016/s0020-0255(25)00332-9,https://doi.org/10.1016/s0020-0255(25)00332-9,paratext,Information Sciences,https://openalex.org/W4409532536
Information Sciences,Elsevier,2025,2025-04-17,SplitAD: A lightweight and privacy-enhancing vertical federated anomaly detection framework based on hierarchical autoencoders,Jiaqi Zhao; Hui Zhu; Junpeng Zhang; Jiezhen Tang; Fengwei Wang; Hui Li,714,,10.1016/j.ins.2025.122211,https://doi.org/10.1016/j.ins.2025.122211,article,Information Sciences,https://openalex.org/W4409535340
Information Sciences,Elsevier,2025,2025-04-18,Foundational theories of hesitant fuzzy sets and hesitant fuzzy information systems and their applications for multi-strength intelligent classifiers,Shizhan Lu; Zeshui Xu; Zhu Fu; Longsheng Cheng; Tongbin Yang,714,,10.1016/j.ins.2025.122212,https://doi.org/10.1016/j.ins.2025.122212,article,Information Sciences,https://openalex.org/W4409583749
Information Sciences,Elsevier,2025,2025-04-18,Identifying influential nodes based on hybrid centrality of receivers in the second-order dissemination,Yu Wang; Wei Chen,714,,10.1016/j.ins.2025.122208,https://doi.org/10.1016/j.ins.2025.122208,article,Information Sciences,https://openalex.org/W4409583696
Information Sciences,Elsevier,2025,2025-04-18,Robust recommendation-oriented malicious attack detection method,Hui Liu; Ke Ji; Kun Ma; Zhenxiang Chen; Jin Peng Zhou; Jun Wu,715,,10.1016/j.ins.2025.122213,https://doi.org/10.1016/j.ins.2025.122213,article,Information Sciences,https://openalex.org/W4409583738
Information Sciences,Elsevier,2025,2025-04-20,Enhanced classification of motor imagery EEG signals using spatio-temporal representations,Renjie Lv; Wenwen Chang; Guanghui Yan; Muhammad Tariq Sadiq; Wenchao Nie; Lei Zheng,714,,10.1016/j.ins.2025.122221,https://doi.org/10.1016/j.ins.2025.122221,article,Information Sciences,https://openalex.org/W4409605233
Information Sciences,Elsevier,2025,2025-04-21,Hesitant multiplicative best and worst method for multi-criteria group decision making,Shu‐Ping Wan; Xi-Nuo Chen; Jiu-Ying Dong; Yu in Gao,715,,10.1016/j.ins.2025.122214,https://doi.org/10.1016/j.ins.2025.122214,article,Information Sciences,https://openalex.org/W4409638894
Information Sciences,Elsevier,2025,2025-04-22,Deep unsupervised clustering by information maximization on Gaussian mixture autoencoders,Peng Wu; Li Pan,714,,10.1016/j.ins.2025.122215,https://doi.org/10.1016/j.ins.2025.122215,article,Information Sciences,https://openalex.org/W4409663722
Information Sciences,Elsevier,2025,2025-04-22,Incorporating metadata: A novel variational neural topic model for bond default prediction,Lu Wang; Cuiqing Jiang; Zhao Wang; Yong Ding; Xiaoya Ni,715,,10.1016/j.ins.2025.122219,https://doi.org/10.1016/j.ins.2025.122219,article,Information Sciences,https://openalex.org/W4409671479
Information Sciences,Elsevier,2025,2025-04-22,Learning-boosted intelligent frequency control of multi-area Markov jumping power system via multiplayer Stackelberg-Nash game,Yuzhuo Zhang; Mengzhuo Luo; Jun Cheng; Huaicheng Yan; Kaibo Shi,715,,10.1016/j.ins.2025.122218,https://doi.org/10.1016/j.ins.2025.122218,article,Information Sciences,https://openalex.org/W4409671443
Information Sciences,Elsevier,2025,2025-04-23,A multiobjective edge-based learning algorithm for the vehicle routing problem with time windows,Ying Chang Zhou; Lingjing Kong; Hui Wang,715,,10.1016/j.ins.2025.122223,https://doi.org/10.1016/j.ins.2025.122223,article,Information Sciences,https://openalex.org/W4409723917
Information Sciences,Elsevier,2025,2025-04-23,"An analysis on the effects of evolving the Monte Carlo tree search upper confidence for trees selection policy on unimodal, multimodal and deceptive landscapes",Edgar Galván; Fred Valdez Ameneyro,715,,10.1016/j.ins.2025.122226,https://doi.org/10.1016/j.ins.2025.122226,article,Information Sciences,https://openalex.org/W4409729688
Information Sciences,Elsevier,2025,2025-04-23,"Automatic consensus models to balance consensus cost, consistency level and consensus degree with attitudinal trust mechanism",Yaya Liu; Yue Wang; Rosa M. Rodríguez; Zhen Zhang; Luis M. Martínez,716,,10.1016/j.ins.2025.122222,https://doi.org/10.1016/j.ins.2025.122222,article,Information Sciences,https://openalex.org/W4409722428
Information Sciences,Elsevier,2025,2025-04-23,FDS: Fractal decomposition based direct search approach for continuous dynamic optimization,Arcadi Llanza; Nadiya Shvai; Amir Nakib,715,,10.1016/j.ins.2025.122237,https://doi.org/10.1016/j.ins.2025.122237,article,Information Sciences,https://openalex.org/W4409717214
Information Sciences,Elsevier,2025,2025-04-23,Geodesic fuzzy rough sets based on overlap functions and its applications in feature extraction,Chengxi Jian; Junsheng Qiao; Shan He,715,,10.1016/j.ins.2025.122224,https://doi.org/10.1016/j.ins.2025.122224,article,Information Sciences,https://openalex.org/W4409725138
Information Sciences,Elsevier,2025,2025-04-23,Multi-label feature selection for imbalanced data via KNN-based multi-label rough set theory,Weihua Xu; Yuzhe Li,715,,10.1016/j.ins.2025.122220,https://doi.org/10.1016/j.ins.2025.122220,article,Information Sciences,https://openalex.org/W4409717184
Information Sciences,Elsevier,2025,2025-04-23,Towards undetectable adversarial attack on time series classification,Hoki Kim; Yunyoung Lee; Woojin Lee; Jaewook Lee,715,,10.1016/j.ins.2025.122216,https://doi.org/10.1016/j.ins.2025.122216,article,Information Sciences,https://openalex.org/W4409726407
Information Sciences,Elsevier,2025,2025-04-24,Biometric untargeted attacks: A case study on near-collisions,Axel Durbet; Paul-Marie Grollemund; Kevin Thiry-Atighehchi,716,,10.1016/j.ins.2025.122217,https://doi.org/10.1016/j.ins.2025.122217,article,Information Sciences,https://openalex.org/W4409761326
Information Sciences,Elsevier,2025,2025-04-24,Direction-aware convolutional autoencoder based on positional encoding for one-dimensional anomaly detection,Qien Yu; Qiong Chang; Tinghui Ouyang; Takio Kurita; Ran Dong,716,,10.1016/j.ins.2025.122227,https://doi.org/10.1016/j.ins.2025.122227,article,Information Sciences,https://openalex.org/W4409763408
Information Sciences,Elsevier,2025,2025-04-24,Diversity-induced fuzzy clustering with Laplacian regularization,Yunlong Gao; Qiang Wu; Zhenghong Xu; Jinyan Pan; Guifang Shao; Qingyuan Zhu; Feiping Nie,715,,10.1016/j.ins.2025.122225,https://doi.org/10.1016/j.ins.2025.122225,article,Information Sciences,https://openalex.org/W4409762017
Information Sciences,Elsevier,2025,2025-04-24,Editorial Board,,710,,10.1016/s0020-0255(25)00363-9,https://doi.org/10.1016/s0020-0255(25)00363-9,paratext,Information Sciences,https://openalex.org/W4409733146
Information Sciences,Elsevier,2025,2025-04-24,Reward shaping in DRL: A novel framework for adaptive resource management in dynamic environments,Mario Chahoud; Hani Sami; Rabeb Mizouni; Jamal Bentahar; Azzam Mourad; Hadi Otrok; Chamseddine Talhi,715,,10.1016/j.ins.2025.122238,https://doi.org/10.1016/j.ins.2025.122238,article,Information Sciences,https://openalex.org/W4409744558
Information Sciences,Elsevier,2025,2025-04-25,DGDO-BiLSTM: Dominance Guiding Defense Optimization-based Bidirectional Long Short-Term Memory for Sentiment Analysis using Multilingual text and emojis,Mohd Miskeen Ali; E. Syed Mohamed,716,,10.1016/j.ins.2025.122193,https://doi.org/10.1016/j.ins.2025.122193,article,Information Sciences,https://openalex.org/W4409744651
Information Sciences,Elsevier,2025,2025-04-25,Multimodal cross-domain contrastive learning: A self-supervised generative and geometric framework for visual perception,Syed Muhammad Ahmed Hassan Shah; Atif Rizwan; Muhammad Sardaraz; Muhammad Tahir; Nagwan Abdel Samee; Mona Mamdouh Jamjoom,715,,10.1016/j.ins.2025.122239,https://doi.org/10.1016/j.ins.2025.122239,article,Information Sciences,https://openalex.org/W4409800959
Information Sciences,Elsevier,2025,2025-04-25,Probability completion and consensus reaching based on kernel density estimation for incomplete probabilistic linguistic multi-attribute group decision making,Jinglin Xiao; Xinxin Wang; Ying Qian Gao; Zeshui Xu,715,,10.1016/j.ins.2025.122207,https://doi.org/10.1016/j.ins.2025.122207,article,Information Sciences,https://openalex.org/W4409787370
Information Sciences,Elsevier,2025,2025-04-25,Prompt-guided orthogonal multimodal fusion for cancer survival prediction,Lan Huang; Shuyu Guo; Tian Bai; Ruihong Zhao; Tao Ke,715,,10.1016/j.ins.2025.122242,https://doi.org/10.1016/j.ins.2025.122242,article,Information Sciences,https://openalex.org/W4409800207
Information Sciences,Elsevier,2025,2025-04-28,Editorial Board,,711,,10.1016/s0020-0255(25)00379-2,https://doi.org/10.1016/s0020-0255(25)00379-2,paratext,Information Sciences,https://openalex.org/W4409871049
Information Sciences,Elsevier,2025,2025-04-28,Filter differentiation: An effective approach to interpret convolutional neural networks,Yongkai Fan; Hongxue Bao; Lei Xia,716,,10.1016/j.ins.2025.122253,https://doi.org/10.1016/j.ins.2025.122253,article,Information Sciences,https://openalex.org/W4409887152
Information Sciences,Elsevier,2025,2025-04-28,Sliding window-based high utility occupancy pattern mining for data streams,Seungwan Park; Taewoong Ryu; Doyoon Kim; Doyoung Kim; Hanju Kim; Myungha Cho; Unil Yun,716,,10.1016/j.ins.2025.122243,https://doi.org/10.1016/j.ins.2025.122243,article,Information Sciences,https://openalex.org/W4409885682
Information Sciences,Elsevier,2025,2025-04-28,The stability and oscillation analysis of fractional neural networks under periodically intermittent control from its response property,Jianbing Hu; Zhangrui Zheng; Chu-Teng Ying; Shu-Guang Li; Ping Tan,716,,10.1016/j.ins.2025.122241,https://doi.org/10.1016/j.ins.2025.122241,article,Information Sciences,https://openalex.org/W4409883503
Information Sciences,Elsevier,2025,2025-04-29,Discovering optimal Markov blanket for high-dimensional streaming features,Waqar Ali Khan; Brekhna Brekhna; Yajun Xie; Muhammad Sadiq Hassan Zada; Rasool Shah; Yifan Zheng,716,,10.1016/j.ins.2025.122240,https://doi.org/10.1016/j.ins.2025.122240,article,Information Sciences,https://openalex.org/W4409921502
Information Sciences,Elsevier,2025,2025-04-30,Neural network compression using binarization and few full-precision weights,Franco Maria Nardini; Cosimo Rulli; Salvatore Trani; Rossano Venturini,716,,10.1016/j.ins.2025.122251,https://doi.org/10.1016/j.ins.2025.122251,article,Information Sciences,https://openalex.org/W4409979005
Information Sciences,Elsevier,2025,2025-05-02,CCRPS: Customized cross-domain routing with privacy preservation and stable quality-of-experience based on deep reinforcement learning,Jialei Zhang; Zheng Yan; Haiguang Wang; Tieyan Li,716,,10.1016/j.ins.2025.122255,https://doi.org/10.1016/j.ins.2025.122255,article,Information Sciences,https://openalex.org/W4410023059
Information Sciences,Elsevier,2025,2025-05-02,Improving confidence intervals and central value estimation in small datasets through hybrid parametric bootstrapping,V. V. Golovko,716,,10.1016/j.ins.2025.122254,https://doi.org/10.1016/j.ins.2025.122254,article,Information Sciences,https://openalex.org/W4410031989
Information Sciences,Elsevier,2025,2025-05-02,Resilient information and inference networks under mixed-trust sensing,Humberto E. Garcia; Dimitrios Pylorof; Wen-Chiao Lin,716,,10.1016/j.ins.2025.122256,https://doi.org/10.1016/j.ins.2025.122256,article,Information Sciences,https://openalex.org/W4410029762
Information Sciences,Elsevier,2025,2025-05-02,Towards self-interpretable review spammer group detection,Chenghang Huo; Fuzhi Zhang,716,,10.1016/j.ins.2025.122257,https://doi.org/10.1016/j.ins.2025.122257,article,Information Sciences,https://openalex.org/W4410022308
Information Sciences,Elsevier,2025,2025-05-04,A robust temporal multivariable fault detection method for blast furnace: Robust temporal convolution detection network,Xiongzhuo Zhu; Chunjie Yang; Siwei Lou; Yuelin Yang,716,,10.1016/j.ins.2025.122269,https://doi.org/10.1016/j.ins.2025.122269,article,Information Sciences,https://openalex.org/W4410065004
Information Sciences,Elsevier,2025,2025-05-05,Distributed state estimation for cyber-physical systems against sensor attacks based on Isolation Forest,Yongbao Xiao; Xiaojian Li,716,,10.1016/j.ins.2025.122258,https://doi.org/10.1016/j.ins.2025.122258,article,Information Sciences,https://openalex.org/W4410083894
Information Sciences,Elsevier,2025,2025-05-05,Observer-based event-triggered impulsive synchronization control of heterogeneous complex networks with bit-rate constraints,Jing Guo; Ling Huang; Peng Shi,717,,10.1016/j.ins.2025.122268,https://doi.org/10.1016/j.ins.2025.122268,article,Information Sciences,https://openalex.org/W4410089576
Information Sciences,Elsevier,2025,2025-05-06,A hybrid framework for spatio-temporal traffic flow prediction with multi-scale feature extraction,Ang Ji; Zhuo Liu; Lei Su; Zhe Dai,716,,10.1016/j.ins.2025.122259,https://doi.org/10.1016/j.ins.2025.122259,article,Information Sciences,https://openalex.org/W4410108861
Information Sciences,Elsevier,2025,2025-05-06,A mirrored echo state network with application to time series prediction,Xiufang Chen; Liangming Chen; Shuai Li; Long Mei Jin,716,,10.1016/j.ins.2025.122260,https://doi.org/10.1016/j.ins.2025.122260,article,Information Sciences,https://openalex.org/W4410108922
Information Sciences,Elsevier,2025,2025-05-08,Adversarial Infrared Catmull-Rom Spline: A black-box attack on infrared pedestrian detectors in the physical world,Zhe Jia; Chengyin Hu; Jiarui Zhang; Kalibinuer Tiliwalidi; Ling Tian; Xian Li; Xu Sheng Kang,717,,10.1016/j.ins.2025.122263,https://doi.org/10.1016/j.ins.2025.122263,article,Information Sciences,https://openalex.org/W4410205597
Information Sciences,Elsevier,2025,2025-05-08,AutoML-driven optimization of variational quantum circuit,Haozhen Situ; Zhengjiang Li; Zhimin He; Qin Li; Jinjing Shi,717,,10.1016/j.ins.2025.122272,https://doi.org/10.1016/j.ins.2025.122272,article,Information Sciences,https://openalex.org/W4410194739
Information Sciences,Elsevier,2025,2025-05-08,ECG-STAR: Spatio-temporal attention residual networks for multi-label ECG abnormality classification,Chien‐Liang Liu; Bin Xiao; Cheng-Feng Tsai,717,,10.1016/j.ins.2025.122273,https://doi.org/10.1016/j.ins.2025.122273,article,Information Sciences,https://openalex.org/W4410194857
Information Sciences,Elsevier,2025,2025-05-08,HINT: Hypernetwork approach to training weight interval regions in continual learning,Patryk Krukowski; Anna Bielawska; Kamil Książek; Paweł Wawrzyński; Paweł Batorski; Przemysław Spurek,717,,10.1016/j.ins.2025.122261,https://doi.org/10.1016/j.ins.2025.122261,article,Information Sciences,https://openalex.org/W4410205032
Information Sciences,Elsevier,2025,2025-05-08,Multi-stage research and development project appraisal under uncertain composite real options,Ting Jin; Zaiwu Gong; Bailin Zhang; Shijun Xiao; Yang Liu,716,,10.1016/j.ins.2025.122252,https://doi.org/10.1016/j.ins.2025.122252,article,Information Sciences,https://openalex.org/W4410196122
Information Sciences,Elsevier,2025,2025-05-08,Neighborhood rough decision tree,Changzhong Wang; Xinyu Cui; Shuang An,717,,10.1016/j.ins.2025.122266,https://doi.org/10.1016/j.ins.2025.122266,article,Information Sciences,https://openalex.org/W4410194786
Information Sciences,Elsevier,2025,2025-05-08,StegTransX: A lightweight deep steganography method for high-capacity hiding and JPEG compression resistance,Xintao Duan; Zhao Wang; Sen Li; Chuan Qin,716,,10.1016/j.ins.2025.122264,https://doi.org/10.1016/j.ins.2025.122264,article,Information Sciences,https://openalex.org/W4410194974
Information Sciences,Elsevier,2025,2025-05-09,A robust TDoA-based localization and tracking method designed for intelligent recommender systems,Mei Ying Hu; Zhi Zhou; Furao Shen; Jian Ying Zhao,717,,10.1016/j.ins.2025.122275,https://doi.org/10.1016/j.ins.2025.122275,article,Information Sciences,https://openalex.org/W4410230218
Information Sciences,Elsevier,2025,2025-05-09,Bayesian inference-based stochastic group priorities acceptability analysis for group decision making with triangular fuzzy preference relations,Jinpei Liu; Wenqian Wei; Longlong Shao; Shijuan Yang; Ligang Zhou; Feifei Jin,717,,10.1016/j.ins.2025.122287,https://doi.org/10.1016/j.ins.2025.122287,article,Information Sciences,https://openalex.org/W4410221185
Information Sciences,Elsevier,2025,2025-05-09,DXMODE: A dynamic explorative multi-operator differential evolution algorithm for engineering optimization problems,Mohamed Reda; Ahmed Onsy; Amira Y. Haikal; Ali Ghanbari,717,,10.1016/j.ins.2025.122271,https://doi.org/10.1016/j.ins.2025.122271,article,Information Sciences,https://openalex.org/W4410218298
Information Sciences,Elsevier,2025,2025-05-09,Data-driven enhanced belief rule base for complex system health state assessment,Qingxi Zhang; Zeyang Si; Jinting Shen; Hailong Zhu; Guohui Zhou; Wei He,717,,10.1016/j.ins.2025.122293,https://doi.org/10.1016/j.ins.2025.122293,article,Information Sciences,https://openalex.org/W4410218391
Information Sciences,Elsevier,2025,2025-05-09,Detecting changes and anomalies in nonstationary contextual bandits with an application to task categorisation,Edward Austin; Lucy E. Morgan,717,,10.1016/j.ins.2025.122270,https://doi.org/10.1016/j.ins.2025.122270,article,Information Sciences,https://openalex.org/W4410231150
Information Sciences,Elsevier,2025,2025-05-09,"General strict interval-valued overlap functions, strict interval-valued overlap indices, and their applications in interval type-2 fuzzy systems",Xiaoyu Peng; Xiaodong Pan; Yexing Dan; Juan Dai,717,,10.1016/j.ins.2025.122274,https://doi.org/10.1016/j.ins.2025.122274,article,Information Sciences,https://openalex.org/W4410230240
Information Sciences,Elsevier,2025,2025-05-09,Mitigating spurious correlations with causal logit perturbation,Xiaoling Zhou; Wei Ye; Rui Xie; Shikun Zhang,717,,10.1016/j.ins.2025.122276,https://doi.org/10.1016/j.ins.2025.122276,article,Information Sciences,https://openalex.org/W4410230539
Information Sciences,Elsevier,2025,2025-05-10,Editorial Board,,712,,10.1016/s0020-0255(25)00415-3,https://doi.org/10.1016/s0020-0255(25)00415-3,paratext,Information Sciences,https://openalex.org/W4410219444
Information Sciences,Elsevier,2025,2025-05-13,A high-order hesitancy fuzzy time series model based on improved cumulative probability distribution approach and weighted fuzzy logic relationship,Chuyi Zhang; Deshan Sun; Kuo Pang; Li Zou; Luis M. Martínez; Witold Pedrycz,717,,10.1016/j.ins.2025.122262,https://doi.org/10.1016/j.ins.2025.122262,article,Information Sciences,https://openalex.org/W4410315560
Information Sciences,Elsevier,2025,2025-05-13,Attaining the stabilizing solution of model unavailable modified algebraic Riccati equation using Q-learning algorithm,Jie Gao; Tao Feng; Fei Yan,717,,10.1016/j.ins.2025.122265,https://doi.org/10.1016/j.ins.2025.122265,article,Information Sciences,https://openalex.org/W4410346282
Information Sciences,Elsevier,2025,2025-05-13,CT-DDPM: Anomaly detection of multivariate time series with copula and transformer-based denoising diffusion probabilistic models,Pan Chunquan; Liyun Su; Lang Xiong; Yang Jialing; Fenglan Li,717,,10.1016/j.ins.2025.122279,https://doi.org/10.1016/j.ins.2025.122279,article,Information Sciences,https://openalex.org/W4410346371
Information Sciences,Elsevier,2025,2025-05-13,Modeling linguistic intuitionistic fuzzy preference into the consensus and dissent framework of graph model for conflict resolution and its application,Guolin Tang; Tangzhu Zhang; Yang‐Yang Lv; Пэйдэ Лю,717,,10.1016/j.ins.2025.122288,https://doi.org/10.1016/j.ins.2025.122288,article,Information Sciences,https://openalex.org/W4410346832
Information Sciences,Elsevier,2025,2025-05-13,Probability-guaranteed secure formation for heterogeneous multi-agent systems under bit rates constrained: A security and performance balanced allocation protocol,W.P. Liao; Jiaye Zhou; Chaojie Cheng; Ming Lin; Jie Tao,717,,10.1016/j.ins.2025.122289,https://doi.org/10.1016/j.ins.2025.122289,article,Information Sciences,https://openalex.org/W4410346528
Information Sciences,Elsevier,2025,2025-05-13,Robust support vector ordinal regression,Haorui Xiang; Zhichang Wu; Rong Wang; Feiping Nie; Xuelong Li,717,,10.1016/j.ins.2025.122277,https://doi.org/10.1016/j.ins.2025.122277,article,Information Sciences,https://openalex.org/W4410346862
Information Sciences,Elsevier,2025,2025-05-13,Secure finite-time event-triggered control for Markov jump systems under multiple cyber attacks,Jin Ok Baek; Ju H. Park; Yang Gu,717,,10.1016/j.ins.2025.122267,https://doi.org/10.1016/j.ins.2025.122267,article,Information Sciences,https://openalex.org/W4410315807
Information Sciences,Elsevier,2025,2025-05-13,TrueCome: Effective data truth discovery based on fuzzy clustering with prior constraints,Lijun Gao; Fei Wu; Jie Wang; Zheng Yan; Witold Pedrycz,717,,10.1016/j.ins.2025.122290,https://doi.org/10.1016/j.ins.2025.122290,article,Information Sciences,https://openalex.org/W4410335224
Information Sciences,Elsevier,2025,2025-05-14,A new lightweight convolutional neural network model for detecting drivable road regions,Gürkan Doğan; Hakan Uyanık; Burhan Ergen,717,,10.1016/j.ins.2025.122305,https://doi.org/10.1016/j.ins.2025.122305,article,Information Sciences,https://openalex.org/W4410347303
Information Sciences,Elsevier,2025,2025-05-14,Evaluating supply chain finance risks in a cross-border e-commerce context: An improved TOPSIS approach with loss penalty,Jinzhao Shi; Maolin Sun; Yang Xiao; Kewen Jing; Kin Keung Lai,717,,10.1016/j.ins.2025.122301,https://doi.org/10.1016/j.ins.2025.122301,article,Information Sciences,https://openalex.org/W4410351554
Information Sciences,Elsevier,2025,2025-05-14,GAL: A global aspect local extraction mechanism for aspect-based sentiment classification,Zhiqiang Zhang; Xiaoming Li; Hongpeng Bai; Meilian Zheng; Kun Huang,717,,10.1016/j.ins.2025.122299,https://doi.org/10.1016/j.ins.2025.122299,article,Information Sciences,https://openalex.org/W4410351098
Information Sciences,Elsevier,2025,2025-05-14,"Optimizing decentralized peer-to-peer energy trading with energy-backed tokens through integration of renewable energy, battery storage, and electric vehicles",Li Chang; Bingxiang Wu; Yiming He; Chao Zhou,717,,10.1016/j.ins.2025.122294,https://doi.org/10.1016/j.ins.2025.122294,article,Information Sciences,https://openalex.org/W4410351503
Information Sciences,Elsevier,2025,2025-05-14,RsDiff: Rational score based knowledge graph diffusion for recommendation,Mengmeng Cui; Siyu Wu; Hao Chen; Xiangnan Zhang,717,,10.1016/j.ins.2025.122292,https://doi.org/10.1016/j.ins.2025.122292,article,Information Sciences,https://openalex.org/W4410361838
Information Sciences,Elsevier,2025,2025-05-14,X-clustering beyond contextual representations,Tianyi Huang; Zhengjun Zhang; Xin Yuan; Stan Ziqing Li; Naixue N. Xiong; Shenghui Cheng,717,,10.1016/j.ins.2025.122291,https://doi.org/10.1016/j.ins.2025.122291,article,Information Sciences,https://openalex.org/W4410351068
Information Sciences,Elsevier,2025,2025-05-15,A granular-ball generation method based on local density for classification,Fan Liu; Qinghua Zhang; Shuyin Xia; Qin Xie; Wei Liao; Siyang Zhang,717,,10.1016/j.ins.2025.122295,https://doi.org/10.1016/j.ins.2025.122295,article,Information Sciences,https://openalex.org/W4410383130
Information Sciences,Elsevier,2025,2025-05-15,Adaptive fuzzy predefined performance control for nonlinear switched interconnected systems with full-state constraints and actuator faults,Qi Duan; Zhi  Mou Liu; Guanyu Lai; C. L. Philip Chen,717,,10.1016/j.ins.2025.122297,https://doi.org/10.1016/j.ins.2025.122297,article,Information Sciences,https://openalex.org/W4410384269
Information Sciences,Elsevier,2025,2025-05-15,Asynchronous output feedback security control for discrete-time singular Markovian jump systems under aperiodic DoS attacks,Yong Rui Zhao; Xin Li; Weihai Zhang; Xiangyun Lin,717,,10.1016/j.ins.2025.122302,https://doi.org/10.1016/j.ins.2025.122302,article,Information Sciences,https://openalex.org/W4410382988
Information Sciences,Elsevier,2025,2025-05-15,Predicting cranial lesion evolution with temporal attention,Riadh Bouslimi; Mariem Medini; Wahiba Ben Abdessalem Karâa; Hana Hedhli; Safia Othmani,717,,10.1016/j.ins.2025.122300,https://doi.org/10.1016/j.ins.2025.122300,article,Information Sciences,https://openalex.org/W4410398249
Information Sciences,Elsevier,2025,2025-05-15,Sequential recovery of cyber-physical power systems considering cyber-attacks,Jian Li; Yiqiang Li; Qingyu Su,717,,10.1016/j.ins.2025.122310,https://doi.org/10.1016/j.ins.2025.122310,article,Information Sciences,https://openalex.org/W4410382997
Information Sciences,Elsevier,2025,2025-05-16,A novel three-way decision-making with psychobehavioral theories under incomplete fuzzy linguistic environment,Anran Xiao; Shengnan Lv; Xinxin Wang; Yong Qin; Zeshui Xu,717,,10.1016/j.ins.2025.122278,https://doi.org/10.1016/j.ins.2025.122278,article,Information Sciences,https://openalex.org/W4410432890
Information Sciences,Elsevier,2025,2025-05-16,Dempster-Shafer theory for object matching under data imperfection constraints: Application to wastewater networks' line matching,Yassine Belghaddar; Ahlame Begdouri; Nanée Chahinian; Abderrahmane Seriai; Omar Et-targuy; Carole Delenne,717,,10.1016/j.ins.2025.122304,https://doi.org/10.1016/j.ins.2025.122304,article,Information Sciences,https://openalex.org/W4410422145
Information Sciences,Elsevier,2025,2025-05-16,Optimizing contract strategies in software outsourcing: Analyzing information asymmetry and client participation impacts,Guofeng Tang; Xinxing Liu; Meiyun Feng,717,,10.1016/j.ins.2025.122307,https://doi.org/10.1016/j.ins.2025.122307,article,Information Sciences,https://openalex.org/W4410421868
Information Sciences,Elsevier,2025,2025-05-16,Project-and-fuse: Improving RGB-D semantic segmentation via graph convolution networks,Xiaoyan Jiang; Bohan Wang; Xinlong Wan; Shanshan Chen; Hamido Fujita; Hanan Al Juaid,717,,10.1016/j.ins.2025.122303,https://doi.org/10.1016/j.ins.2025.122303,article,Information Sciences,https://openalex.org/W4410436066
Information Sciences,Elsevier,2025,2025-05-16,Sparse Gaussian process regression via compactly supported kernels: A trade-off between accuracy and computational efficiency,Mohsen Esmaeilbeigi; Omid Chatrabgoun; Roberto Cavoretto; Alessandra De Rossi; Maryam Shafa,717,,10.1016/j.ins.2025.122306,https://doi.org/10.1016/j.ins.2025.122306,article,Information Sciences,https://openalex.org/W4410435921
Information Sciences,Elsevier,2025,2025-05-17,A data-knowledge hybrid decision support system for wastewater treatment operations: the Acqua dei Corsari plant case study,Bartolomeo Cosenza; Alessandro Concas; Antonio Picone; Antonio Messineo; Vincenzo De Blasi; Benedetto Scalici; Maurizio Volpe,718,,10.1016/j.ins.2025.122321,https://doi.org/10.1016/j.ins.2025.122321,article,Information Sciences,https://openalex.org/W4410459489
Information Sciences,Elsevier,2025,2025-05-19,A new EGO-driven memetic algorithm for solving flexible job shop scheduling problem,Chanjuan Liu; Guojing Zhang; Bingcai Chen; Hisao Ishibuchi,717,,10.1016/j.ins.2025.122298,https://doi.org/10.1016/j.ins.2025.122298,article,Information Sciences,https://openalex.org/W4410484204
Information Sciences,Elsevier,2025,2025-05-19,Bi-directional supervised clustering via graph convolutional networks for very large categories of data,Yang Xiao; Zhengkui Wang; Qingchao Zhao; Wen Shan; Yan Chu,717,,10.1016/j.ins.2025.122296,https://doi.org/10.1016/j.ins.2025.122296,article,Information Sciences,https://openalex.org/W4410484121
Information Sciences,Elsevier,2025,2025-05-19,Editorial Board,,713,,10.1016/s0020-0255(25)00446-3,https://doi.org/10.1016/s0020-0255(25)00446-3,paratext,Information Sciences,https://openalex.org/W4410506029
Information Sciences,Elsevier,2025,2025-05-19,Intelligent decision framework for person-based signal control: A generalised signal scheme,Wang Guang; Chunhui Yu; Wanjing Ma,717,,10.1016/j.ins.2025.122309,https://doi.org/10.1016/j.ins.2025.122309,article,Information Sciences,https://openalex.org/W4410484217
Information Sciences,Elsevier,2025,2025-05-20,Few-shot learning-based human pose estimation model,Josh Jia-Ching Ying; Yu‐Hsuan Chen; Ji Zhang,717,,10.1016/j.ins.2025.122320,https://doi.org/10.1016/j.ins.2025.122320,article,Information Sciences,https://openalex.org/W4410540552
Information Sciences,Elsevier,2025,2025-05-20,Maximal η-clique maintenance over uncertain graph streams,Ziyi Ma; Liqing Wang; Jianye Yang; Xu Zhou; Kenli Li; Cuiyun Gao,717,,10.1016/j.ins.2025.122318,https://doi.org/10.1016/j.ins.2025.122318,article,Information Sciences,https://openalex.org/W4410530726
Information Sciences,Elsevier,2025,2025-05-20,Multi-level graph contrastive learning for cold-start recommendation in mashup development,Mengmeng Sun; Yueshen Xu; Zeyu Tan; Dianlong You; Zhen Chen,717,,10.1016/j.ins.2025.122319,https://doi.org/10.1016/j.ins.2025.122319,article,Information Sciences,https://openalex.org/W4410530475
Information Sciences,Elsevier,2025,2025-05-21,Data-driven strategic customer segmentation considering cart abandonment behavior: Insights from e-grocery delivery platforms,Rahul Chavhan; Pankaj Dutta; Nidhi Samant; Samarjit Kar,718,,10.1016/j.ins.2025.122327,https://doi.org/10.1016/j.ins.2025.122327,article,Information Sciences,https://openalex.org/W4410552720
Information Sciences,Elsevier,2025,2025-05-21,Detecting abrupt changes in missing time series data,Maximilian Toller; Bernhard Claus Geiger; Roman Kern,717,,10.1016/j.ins.2025.122322,https://doi.org/10.1016/j.ins.2025.122322,article,Information Sciences,https://openalex.org/W4410552521
Information Sciences,Elsevier,2025,2025-05-21,Semantic enrichment of decision rules: A framework for improving formal decision contexts,Yanling Wang; Liwei Sha; Li Zou; Hengfei Li; Luis M. Martínez; Chris Nugent; Jun Liu,717,,10.1016/j.ins.2025.122330,https://doi.org/10.1016/j.ins.2025.122330,article,Information Sciences,https://openalex.org/W4410554630
Information Sciences,Elsevier,2025,2025-05-22,A contrast based feature selection algorithm for high-dimensional datasets in machine learning,Chunxu Cao; Qiang Zhang; Yuhui Deng,717,,10.1016/j.ins.2025.122308,https://doi.org/10.1016/j.ins.2025.122308,article,Information Sciences,https://openalex.org/W4410596686
Information Sciences,Elsevier,2025,2025-05-22,GR Loss+: A unified perspective for weakly supervised multi-label learning,Yanxi Chen; Chunxiao Li; Xiaofei Zhou; Bo Wang,717,,10.1016/j.ins.2025.122326,https://doi.org/10.1016/j.ins.2025.122326,article,Information Sciences,https://openalex.org/W4410616511
Information Sciences,Elsevier,2025,2025-05-22,Handling unobserved confounding for continuous sequential data via extracting key sub-intervals,Jingjing Ren; Tiefeng Ma; Shuangzhe Liu,717,,10.1016/j.ins.2025.122325,https://doi.org/10.1016/j.ins.2025.122325,article,Information Sciences,https://openalex.org/W4410616507
Information Sciences,Elsevier,2025,2025-05-22,Kolmogorov-Arnold network-based enhanced fusion transformer for hyperspectral image classification,Xingyu Han; Feng Jiang; Shiping Wen; Tianhai Tian,717,,10.1016/j.ins.2025.122323,https://doi.org/10.1016/j.ins.2025.122323,article,Information Sciences,https://openalex.org/W4410596699
Information Sciences,Elsevier,2025,2025-05-22,Robustness and orthogonality: Time series forecasting via wavelets,Yingjie Tian; Siyu Zhao; Xingyu Zhang,717,,10.1016/j.ins.2025.122328,https://doi.org/10.1016/j.ins.2025.122328,article,Information Sciences,https://openalex.org/W4410596755
Information Sciences,Elsevier,2025,2025-05-22,VCFL: Verifiable and communication-efficient federated learning against collusion attack for secure aggregation,Huiyu Xie; Tanping Zhou; Shuo Chen; Yu Li; Xiaoyuan Yang,717,,10.1016/j.ins.2025.122324,https://doi.org/10.1016/j.ins.2025.122324,article,Information Sciences,https://openalex.org/W4410596769
Information Sciences,Elsevier,2025,2025-05-22,Vector-based rough sets,Hajime Okawa; Yasuo Kudo; Tetsuya Murai,717,,10.1016/j.ins.2025.122331,https://doi.org/10.1016/j.ins.2025.122331,article,Information Sciences,https://openalex.org/W4410616132
Information Sciences,Elsevier,2025,2025-05-23,Game-based consensus model considering individual effort,Dong Cheng; Jiali Qin; Zhé Hóu; Yong Wu,717,,10.1016/j.ins.2025.122332,https://doi.org/10.1016/j.ins.2025.122332,article,Information Sciences,https://openalex.org/W4410644135
Information Sciences,Elsevier,2025,2025-05-24,You only adapt once: An adaptive transformer for dynamic multivariate time series forecasting across time-varying topologies and multi-patterns,Shuai Zhang; Jiyuan Xu; Wenyu Zhang; Yixiang Zhang; Chengjie Ni,717,,10.1016/j.ins.2025.122350,https://doi.org/10.1016/j.ins.2025.122350,article,Information Sciences,https://openalex.org/W4410700998
Information Sciences,Elsevier,2025,2025-05-26,A novel virtual sample generation method based on dual correlation generative adversarial nets for soft sensing application,Qunxiong Zhu; Jie-Long Zhang; Xiao-Lu Song; Yan‐Lin He; Yuan Xu,717,,10.1016/j.ins.2025.122334,https://doi.org/10.1016/j.ins.2025.122334,article,Information Sciences,https://openalex.org/W4410741290
Information Sciences,Elsevier,2025,2025-05-26,A rate allocation model for VVC intercoding using a quality dependency,Heqiang Wang; Xuekai Wei; Mingliang Zhou; Horace H. S. Ip; Sam Kwong,717,,10.1016/j.ins.2025.122333,https://doi.org/10.1016/j.ins.2025.122333,article,Information Sciences,https://openalex.org/W4410741287
Information Sciences,Elsevier,2025,2025-05-26,Belief permutation entropy of time series: A natural transition in analytical framework from probability theory to evidence theory,Jieren Xie; Guanghua Xu; Xiaobi Chen; Xun Zhang; Ruiquan Chen; Zengyao Yang; Baoyu Li; Sicong Zhang,718,,10.1016/j.ins.2025.122352,https://doi.org/10.1016/j.ins.2025.122352,article,Information Sciences,https://openalex.org/W4410741218
Information Sciences,Elsevier,2025,2025-05-26,Efficient multi-party privacy preserving federated k-means based on homomorphic encryption,Zeng-Ao Tang; Xuefeng Duan; Ronghua Liang; Yong Ding,717,,10.1016/j.ins.2025.122335,https://doi.org/10.1016/j.ins.2025.122335,article,Information Sciences,https://openalex.org/W4410741224
Information Sciences,Elsevier,2025,2025-05-26,Supply network disruption: A framework for assessing vulnerability and implementing resilience strategies,Michael-Sam Vidza; Marcin Budka; Wei Koong Chai; Mark Thrush; Mickaël Teixeira Alves,717,,10.1016/j.ins.2025.122336,https://doi.org/10.1016/j.ins.2025.122336,article,Information Sciences,https://openalex.org/W4410741296
Information Sciences,Elsevier,2025,2025-05-27,An extended block sparse Bayesian learning algorithm for EEG source imaging,Boyuan Zhang; Donghao Li; Dongqing Wang,718,,10.1016/j.ins.2025.122354,https://doi.org/10.1016/j.ins.2025.122354,article,Information Sciences,https://openalex.org/W4410773952
Information Sciences,Elsevier,2025,2025-05-27,Editorial Board,,714,,10.1016/s0020-0255(25)00474-8,https://doi.org/10.1016/s0020-0255(25)00474-8,paratext,Information Sciences,https://openalex.org/W4410771174
Information Sciences,Elsevier,2025,2025-05-27,IDIE: Instruction-guided domain clustering and information-enhanced fusion model for multimodal fake news detection,Chenghan Yang; Xiangdong Chen; Mengjia Ruan,718,,10.1016/j.ins.2025.122345,https://doi.org/10.1016/j.ins.2025.122345,article,Information Sciences,https://openalex.org/W4410775390
Information Sciences,Elsevier,2025,2025-05-27,OCCM-RPS: Ordered credal C-means clustering based on random permutation set,Luyuan Chen; Pierpaolo D’Urso; Yong Sheng Deng,717,,10.1016/j.ins.2025.122329,https://doi.org/10.1016/j.ins.2025.122329,article,Information Sciences,https://openalex.org/W4410773668
Information Sciences,Elsevier,2025,2025-05-27,"Order, subset construction and sequential pattern mining",Slimane Oulad-Naoui; Hadda Cherroun; Djelloul Ziadi,717,,10.1016/j.ins.2025.122348,https://doi.org/10.1016/j.ins.2025.122348,article,Information Sciences,https://openalex.org/W4410775303
Information Sciences,Elsevier,2025,2025-05-27,Towards heterogeneous federated graph learning via structural entropy and prototype aggregation,Zongduo Dai; Guojiang Shen; Haopeng Yuan; Shangfei Zheng; Yue Hu; Jiaxin Du; Xiangjie Kong; Feng Xia,718,,10.1016/j.ins.2025.122338,https://doi.org/10.1016/j.ins.2025.122338,article,Information Sciences,https://openalex.org/W4410773032
Information Sciences,Elsevier,2025,2025-05-28,Distributed Tobit Kalman filtering for random parameter 2-D system: Dealing with amplify-and-forward relay and stochastic communication protocol,Yuanyuan Li; Jinling Liang,718,,10.1016/j.ins.2025.122355,https://doi.org/10.1016/j.ins.2025.122355,article,Information Sciences,https://openalex.org/W4410815928
Information Sciences,Elsevier,2025,2025-05-28,Fast and direct co-clustering via adaptive anchor graph learning,Jiaqi Nie; Qianyao Qiang,717,,10.1016/j.ins.2025.122349,https://doi.org/10.1016/j.ins.2025.122349,article,Information Sciences,https://openalex.org/W4410813248
Information Sciences,Elsevier,2025,2025-05-28,Frequency estimation under relaxed input-discriminative local differential privacy,Xiqi Kuang; Youwen Zhu; Rongke Liu; Shunsheng Zhang,718,,10.1016/j.ins.2025.122351,https://doi.org/10.1016/j.ins.2025.122351,article,Information Sciences,https://openalex.org/W4410816405
Information Sciences,Elsevier,2025,2025-05-28,Generalized multiplicative interval type-2 fuzzy partition C-means clustering,Chengmao Wu; Yulong Gao,718,,10.1016/j.ins.2025.122356,https://doi.org/10.1016/j.ins.2025.122356,article,Information Sciences,https://openalex.org/W4410796141
Information Sciences,Elsevier,2025,2025-05-28,Knowledge-enhanced Relation Graph and Task Sampling for few-shot molecular property prediction,Zeyu Wang; Tianyi Jiang; Yao Lu; Xiaoze Bao; Shanqing Yu; Bin Wei; Qi Xuan; Hong Wang,718,,10.1016/j.ins.2025.122357,https://doi.org/10.1016/j.ins.2025.122357,article,Information Sciences,https://openalex.org/W4410814761
Information Sciences,Elsevier,2025,2025-05-29,Diffusion-Stego: Training-free diffusion generative steganography via message projection,Daegyu Kim; Chaehun Shin; Jooyoung Choi; Dahuin Jung; Sungroh Yoon,718,,10.1016/j.ins.2025.122358,https://doi.org/10.1016/j.ins.2025.122358,article,Information Sciences,https://openalex.org/W4410857835
Information Sciences,Elsevier,2025,2025-05-29,Energy metrics and tradeoff of nonlinear multi-agent consensus subject to DoS attacks,Lingzhi Zhao; Jianquan Lu; Qihua Ruan; Tingwen Huang,718,,10.1016/j.ins.2025.122362,https://doi.org/10.1016/j.ins.2025.122362,article,Information Sciences,https://openalex.org/W4410842621
Information Sciences,Elsevier,2025,2025-05-29,Sensor activation policy optimization for K-diagnosability based on multi-agent reinforcement learning,Deguang Wang; Jiahan He; Xi Wang; Zhiwu Li,718,,10.1016/j.ins.2025.122360,https://doi.org/10.1016/j.ins.2025.122360,article,Information Sciences,https://openalex.org/W4410858221
Information Sciences,Elsevier,2025,2025-05-29,Structural characterizations of Θ − Ξ functions,Chenhui Zhuge; Junsheng Qiao,718,,10.1016/j.ins.2025.122359,https://doi.org/10.1016/j.ins.2025.122359,article,Information Sciences,https://openalex.org/W4410857329
Information Sciences,Elsevier,2025,2025-05-30,A two-mode offspring generation selection mechanism with co-evolution for sparse large-scale multiobjective optimization,Xiaodong Huang; Jian Wang; Gai‐Ge Wang; Yong Zhang; Dunwei Gong; Yaochu Jin; Nikhil Ranjan Pal,718,,10.1016/j.ins.2025.122337,https://doi.org/10.1016/j.ins.2025.122337,article,Information Sciences,https://openalex.org/W4410883660
Information Sciences,Elsevier,2025,2025-05-30,AMST: Object tracking based on collaborative framework with adaptive multi-strategy,Rui Xu; Si Chen; Yan Yan; Da‐Han Wang; Shunzhi Zhu,718,,10.1016/j.ins.2025.122364,https://doi.org/10.1016/j.ins.2025.122364,article,Information Sciences,https://openalex.org/W4410883458
Information Sciences,Elsevier,2025,2025-05-30,Discovering discrete event processes through event clustering,Cristian García-Uribe; Ernesto López-Mellado,718,,10.1016/j.ins.2025.122366,https://doi.org/10.1016/j.ins.2025.122366,article,Information Sciences,https://openalex.org/W4410876681
Information Sciences,Elsevier,2025,2025-05-30,Randomized transport plans via hierarchical fully probabilistic design,Sarah Boufelja Yacobi; Anthony Quinn; Robert Shorten,718,,10.1016/j.ins.2025.122365,https://doi.org/10.1016/j.ins.2025.122365,article,Information Sciences,https://openalex.org/W4410883256
Information Sciences,Elsevier,2025,2025-05-30,STIFF: Spatio-temporal feature fusion model with interactive learning for traffic flow prediction,Baiyou Qiao; Jingyuan Zhang; Jiajie Zhou; Gang Wu; Donghong Han,718,,10.1016/j.ins.2025.122363,https://doi.org/10.1016/j.ins.2025.122363,article,Information Sciences,https://openalex.org/W4410880519
Information Sciences,Elsevier,2025,2025-05-30,Safety-enhanced behavioral decision strategy for intelligent vehicles under roundabout scenarios,Ye Shi; Jian Wu; Zhu Bing; Jian Zhao; Rui Chun He; Zhicheng Chen,718,,10.1016/j.ins.2025.122367,https://doi.org/10.1016/j.ins.2025.122367,article,Information Sciences,https://openalex.org/W4410884051
Information Sciences,Elsevier,2025,2025-05-31,A multivariable grey prediction model with different accumulation operators and its applications,Bo Zeng; Chao Xia; Yun Bai; Yingjie Yang,718,,10.1016/j.ins.2025.122369,https://doi.org/10.1016/j.ins.2025.122369,article,Information Sciences,https://openalex.org/W4410909192
Information Sciences,Elsevier,2025,2025-05-31,A novel adjustable intuitionistic fuzzy framework for two-stage data envelopment analysis: An application in the banking sector,Pejman Peykani; Ali Mahmoodirad; Alireza Amir Amirteimoori,718,,10.1016/j.ins.2025.122372,https://doi.org/10.1016/j.ins.2025.122372,article,Information Sciences,https://openalex.org/W4410909256
Information Sciences,Elsevier,2025,2025-05-31,Fuzzy C-means clustering-based multi-label feature selection via weighted neighborhood mutual information,Lin Sun; Jiaqi Guo; Xuejiao Wu; Jiucheng Xu,718,,10.1016/j.ins.2025.122389,https://doi.org/10.1016/j.ins.2025.122389,article,Information Sciences,https://openalex.org/W4410909255
Information Sciences,Elsevier,2025,2025-06-02,Dynamic frequency domain trigger backdoor attack with steganography against deep neural networks,Wenmin Chen; Xiaowei Xu; Xiaodong Wang; Zhongming Kang; Zewen Li; Yangming Chen,718,,10.1016/j.ins.2025.122368,https://doi.org/10.1016/j.ins.2025.122368,article,Information Sciences,https://openalex.org/W4410955423
Information Sciences,Elsevier,2025,2025-06-02,Editorial Board,,715,,10.1016/s0020-0255(25)00517-1,https://doi.org/10.1016/s0020-0255(25)00517-1,paratext,Information Sciences,https://openalex.org/W4410951100
Information Sciences,Elsevier,2025,2025-06-02,Fake news detection with external entity expanding and multi-modal dynamic fusion,Shouxin Liu; Chongyang Zhang; Chenghao An; In‐Kwon Lee; Xiaowei Li,718,,10.1016/j.ins.2025.122353,https://doi.org/10.1016/j.ins.2025.122353,article,Information Sciences,https://openalex.org/W4410955425
Information Sciences,Elsevier,2025,2025-06-02,H∞ estimation for switched complex-valued networks with PDT switching mechanism and uncertain measurements: A delayed event-triggered scheme,Qiang Li; Hanqing Wei; Xing Guo; Jinling Wang; Wenyu Tao; Yuanshi Zheng,718,,10.1016/j.ins.2025.122370,https://doi.org/10.1016/j.ins.2025.122370,article,Information Sciences,https://openalex.org/W4410945931
Information Sciences,Elsevier,2025,2025-06-02,Prescribing the right remedy: Mitigating hallucinations in large vision-language models via targeted instruction tuning,Rui Hu; Yahan Tu; Shuyu Wei; Dongyuan Lü; Jitao Sang,718,,10.1016/j.ins.2025.122361,https://doi.org/10.1016/j.ins.2025.122361,article,Information Sciences,https://openalex.org/W4410955420
Information Sciences,Elsevier,2025,2025-06-03,A discrete perspective towards the construction of sparse probabilistic Boolean networks,Christopher H. Fok; Chi-Wing Wong; Wai‐Ki Ching,718,,10.1016/j.ins.2025.122375,https://doi.org/10.1016/j.ins.2025.122375,article,Information Sciences,https://openalex.org/W4410980124
Information Sciences,Elsevier,2025,2025-06-03,A trilevel framework of rough sets and granular rough sets: Characterizing existing models and formulating new models,Junfang Luo; Chengjun Shi; Yiyu Y. Yao,718,,10.1016/j.ins.2025.122376,https://doi.org/10.1016/j.ins.2025.122376,article,Information Sciences,https://openalex.org/W4410992343
Information Sciences,Elsevier,2025,2025-06-03,Balancing supply and demand for ride-hailing: A preallocation hierarchical reinforcement learning approach,Jiahao Ling; Xiaohui Huang; Xiaofei Yang; Boxue Cheng,718,,10.1016/j.ins.2025.122371,https://doi.org/10.1016/j.ins.2025.122371,article,Information Sciences,https://openalex.org/W4410990276
Information Sciences,Elsevier,2025,2025-06-03,FedCmp: Byzantine-robust federated learning through clustering model update parameters,Hua Wang; Shaoxiong Wang; Rui Wang; Pengxiang Wang,718,,10.1016/j.ins.2025.122377,https://doi.org/10.1016/j.ins.2025.122377,article,Information Sciences,https://openalex.org/W4410992342
Information Sciences,Elsevier,2025,2025-06-03,Look one step ahead through first-order aggregation in reinforcement learning-based knowledge graph reasoning,Hao Wang; Dandan Song; Zhijing Wu; YuHang Tian; Jing Xu,718,,10.1016/j.ins.2025.122373,https://doi.org/10.1016/j.ins.2025.122373,article,Information Sciences,https://openalex.org/W4410992936
Information Sciences,Elsevier,2025,2025-06-03,New classes of semi-t-operators on bounded lattices,Yuxun Zhang; Huawen Liu; Yuanyuan Zhao,718,,10.1016/j.ins.2025.122380,https://doi.org/10.1016/j.ins.2025.122380,article,Information Sciences,https://openalex.org/W4410991246
Information Sciences,Elsevier,2025,2025-06-03,Q-learning algorithm and molecular fuzzy multi-objective particle swarm optimization-based decision-making approach to circular economy-oriented investment alternatives for renewable energy technologies,Hasan Dınçer; Serhat Yüksel; Serkan Eti; Gabriela Oana Olaru; Muhammet Deveci; Qun Wu; Oscar Castillo,718,,10.1016/j.ins.2025.122378,https://doi.org/10.1016/j.ins.2025.122378,article,Information Sciences,https://openalex.org/W4410991978
Information Sciences,Elsevier,2025,2025-06-03,Shill bidding prevention in decentralized auctions using smart contracts,Mohamed Abdelhai Bouaicha; Giuseppe Destefanis; Teodoro Montanaro; Noureddine Lasla; Luigi Patrono,718,,10.1016/j.ins.2025.122374,https://doi.org/10.1016/j.ins.2025.122374,article,Information Sciences,https://openalex.org/W4410991476
Information Sciences,Elsevier,2025,2025-06-04,A two-phase approach for locally differentially private fuzzy co-clustering,Pengfei Zhang; Jie An; Xiang Cheng; Youwen Zhu; Ji Zhang; Zhikun Zhang,718,,10.1016/j.ins.2025.122381,https://doi.org/10.1016/j.ins.2025.122381,article,Information Sciences,https://openalex.org/W4411022010
Information Sciences,Elsevier,2025,2025-06-04,Assessment of bio-medical waste disposal techniques using interval-valued pythagorean fuzzy soft Einstein aggregation information,Hongliang Dai; Rana Muhammad Zulqarnain; Saalam Ali; Dursun Delen; Muhammet Deveci,718,,10.1016/j.ins.2025.122393,https://doi.org/10.1016/j.ins.2025.122393,article,Information Sciences,https://openalex.org/W4411023735
Information Sciences,Elsevier,2025,2025-06-04,Enhancing platform profitability in crowdfunding through project recommendation: a deep reinforcement learning approach,Yu Xiao; Zhouping Li,718,,10.1016/j.ins.2025.122409,https://doi.org/10.1016/j.ins.2025.122409,article,Information Sciences,https://openalex.org/W4411010955
Information Sciences,Elsevier,2025,2025-06-04,Finite-time stability and anti-disturbance synchronization for switched delayed neural networks using a ranged dwell time switching strategy,Hong Sang; Wenlong Zheng; Yi Liu; Peng Wang; Georgi Marko Dimirovski,718,,10.1016/j.ins.2025.122379,https://doi.org/10.1016/j.ins.2025.122379,article,Information Sciences,https://openalex.org/W4411021916
Information Sciences,Elsevier,2025,2025-06-05,Bi-classifier with neighborhood aggregation for unsupervised domain adaptation,Shuai Lü; Xinyu Zhang; Zongze Li; Jingyao Li; Mengzhen Kang,718,,10.1016/j.ins.2025.122399,https://doi.org/10.1016/j.ins.2025.122399,article,Information Sciences,https://openalex.org/W4411048241
Information Sciences,Elsevier,2025,2025-06-05,Bumpless transfer control and reachable set estimation for Markovian networked systems against DoS attacks,Liang Zhang; Quanwei Yin; Ben Niu; Xudong Zhao; Ning Wei Zhao,718,,10.1016/j.ins.2025.122396,https://doi.org/10.1016/j.ins.2025.122396,article,Information Sciences,https://openalex.org/W4411047868
Information Sciences,Elsevier,2025,2025-06-05,Editorial Board,,716,,10.1016/s0020-0255(25)00535-3,https://doi.org/10.1016/s0020-0255(25)00535-3,paratext,Information Sciences,https://openalex.org/W4411011847
Information Sciences,Elsevier,2025,2025-06-05,Rough set-inspired isolation forest,Albert Rachwał; Paweł Karczmarek; Alicja Rachwał,718,,10.1016/j.ins.2025.122390,https://doi.org/10.1016/j.ins.2025.122390,article,Information Sciences,https://openalex.org/W4411048259
Information Sciences,Elsevier,2025,2025-06-05,Weak implications as ordinal sums of fuzzy implications and co-implications,Xinxin Yan; Hongjun Zhou,718,,10.1016/j.ins.2025.122395,https://doi.org/10.1016/j.ins.2025.122395,article,Information Sciences,https://openalex.org/W4411047917
Information Sciences,Elsevier,2025,2025-06-06,Convexity structures of the Hausdorff fuzzy quasi-metric spaces,Guangxv Zhang; Yi Shi; Wei Yao,718,,10.1016/j.ins.2025.122406,https://doi.org/10.1016/j.ins.2025.122406,article,Information Sciences,https://openalex.org/W4411089775
Information Sciences,Elsevier,2025,2025-06-06,Humanitarian and e-commerce supply chain group decision-making using spherical fuzzy rough multi-attribute border approximation area comparison method,M. Atif Sultan; Muhammad Akram; Cengiz Kahraman,718,,10.1016/j.ins.2025.122398,https://doi.org/10.1016/j.ins.2025.122398,article,Information Sciences,https://openalex.org/W4411090852
Information Sciences,Elsevier,2025,2025-06-06,Information fusion and feature selection for multi-source data utilizing Dempster-Shafer evidence theory and K-nearest neighbors,Pengfei Zhang; Qinli Zhang; Jingxin Liu; Dexian Wang; Hua Ye; Xiabing Zhang; Tianrui Li,718,,10.1016/j.ins.2025.122408,https://doi.org/10.1016/j.ins.2025.122408,article,Information Sciences,https://openalex.org/W4411090255
Information Sciences,Elsevier,2025,2025-06-06,Research on robot path planning based on multi-strategy genetic ant colony optimization algorithm,Zheng Li; Mingyuan Du; Jinlei Qin; Xuechao Chen,718,,10.1016/j.ins.2025.122407,https://doi.org/10.1016/j.ins.2025.122407,article,Information Sciences,https://openalex.org/W4411090855
Information Sciences,Elsevier,2025,2025-06-06,TextCG: A text classification framework based on information fusion via cross-graph attention network and gated recurrent unit,Wenke Zang; Wenbin Ma; Yimeng Chen; Yuzhen Zhao; Yuanhua Wang; Xiyu Liu; Yawen Chen,719,,10.1016/j.ins.2025.122413,https://doi.org/10.1016/j.ins.2025.122413,article,Information Sciences,https://openalex.org/W4411081274
Information Sciences,Elsevier,2025,2025-06-06,Three-level and three-way uncertainty measurements and attribute reductions on neighborhood multi-granulation in incomplete neighborhood decision systems,Xianyong Zhang; Qian Wang,718,,10.1016/j.ins.2025.122397,https://doi.org/10.1016/j.ins.2025.122397,article,Information Sciences,https://openalex.org/W4411090906
Information Sciences,Elsevier,2025,2025-06-09,Dynamic model of information dissemination based on topic sensitivity and interest evolution,Tun Li; Jiaxu Bian; Tingting Zhu; Weidong Ma; Qian Li; Rong Wang; Yunpeng Xiao,718,,10.1016/j.ins.2025.122410,https://doi.org/10.1016/j.ins.2025.122410,article,Information Sciences,https://openalex.org/W4411149364
Information Sciences,Elsevier,2025,2025-06-10,Exploring contrastive learning and CLIP for improving image clustering,Mengjuan Li; Wenming Cao; Zhiwen Yu; Hangjun Che,718,,10.1016/j.ins.2025.122412,https://doi.org/10.1016/j.ins.2025.122412,article,Information Sciences,https://openalex.org/W4411177291
Information Sciences,Elsevier,2025,2025-06-10,Innovative multi-granularity granular-balls rough set for feature selection: Driving generalized multi-granularity rough set evolution with Zentropy integration,Weirui Ye; Weihua Xu,718,,10.1016/j.ins.2025.122411,https://doi.org/10.1016/j.ins.2025.122411,article,Information Sciences,https://openalex.org/W4411301268
Information Sciences,Elsevier,2025,2025-06-11,A new construction of keyed-FHE without zk-SNARK for homomorphic evaluation,Ziqing Wang; Fagen Li,718,,10.1016/j.ins.2025.122415,https://doi.org/10.1016/j.ins.2025.122415,article,Information Sciences,https://openalex.org/W4411202040
Information Sciences,Elsevier,2025,2025-06-11,Leadership-oriented community detection: enhancing accuracy in social network analysis,Damian Frąszczak,718,,10.1016/j.ins.2025.122421,https://doi.org/10.1016/j.ins.2025.122421,article,Information Sciences,https://openalex.org/W4411200831
Information Sciences,Elsevier,2025,2025-06-11,Non-interactive K-mode clustering of high-dimensional categorical data under local differential privacy,Xinxin Ye; Youwen Zhu; Shunsheng Zhang; Hai Deng; Pengfei Yu,718,,10.1016/j.ins.2025.122417,https://doi.org/10.1016/j.ins.2025.122417,article,Information Sciences,https://openalex.org/W4411196784
Information Sciences,Elsevier,2025,2025-06-11,SGAC: A stable-graph-based adaptive clustering algorithm with fewer parameters,Tengfei Xu; Guangchao Wang; Hang Jerry Qi; Xiao Huang,718,,10.1016/j.ins.2025.122414,https://doi.org/10.1016/j.ins.2025.122414,article,Information Sciences,https://openalex.org/W4411200836
Information Sciences,Elsevier,2025,2025-06-12,Solutions to the fuzzy heat equation and the fuzzy wave equation in the space of strongly linearly correlated fuzzy numbers,Yonghong Shen,718,,10.1016/j.ins.2025.122423,https://doi.org/10.1016/j.ins.2025.122423,article,Information Sciences,https://openalex.org/W4411227768
Information Sciences,Elsevier,2025,2025-06-13,Data gravitation-based three-way sampling method for imbalanced data classification,Yuanting Yan; Weiqing Wang; Yan Ma; Yang Tian; Peng Zhou,718,,10.1016/j.ins.2025.122416,https://doi.org/10.1016/j.ins.2025.122416,article,Information Sciences,https://openalex.org/W4411264543
Information Sciences,Elsevier,2025,2025-06-13,Enhanced multilayer extreme learning machine for imbalanced dataset: Optimized cost regulation and hierarchical parameter adaptation,Fenglian Li; Yuyu Zhang; Weili Wang; Lixia Huang; Guijun Chen; Wenhui Jia,719,,10.1016/j.ins.2025.122426,https://doi.org/10.1016/j.ins.2025.122426,article,Information Sciences,https://openalex.org/W4411264422
Information Sciences,Elsevier,2025,2025-06-13,Information leakage detection through approximate Bayes-optimal prediction,Pritha Gupta; Marcel Wever; Eyke Hüllermeier,719,,10.1016/j.ins.2025.122419,https://doi.org/10.1016/j.ins.2025.122419,article,Information Sciences,https://openalex.org/W4411277116
Information Sciences,Elsevier,2025,2025-06-13,Knowledge-driven quantum architecture search through filtering and focusing,Lian-Hui Yu; Xiaoyu Li; Geng Chen; Qinsheng Zhu; Hui Li; Guowu Yang,718,,10.1016/j.ins.2025.122420,https://doi.org/10.1016/j.ins.2025.122420,article,Information Sciences,https://openalex.org/W4411275241
Information Sciences,Elsevier,2025,2025-06-13,Optimal pricing in fuzzy social networks with reference price effect,Zhongpei Liu; Yaodong Ni; Meng Yang,718,,10.1016/j.ins.2025.122424,https://doi.org/10.1016/j.ins.2025.122424,article,Information Sciences,https://openalex.org/W4411277678
Information Sciences,Elsevier,2025,2025-06-13,Outlier detection based on multiple information extraction,Dayong Deng; Tong Chen; Zhixuan Deng; Tianrui Li; Pengfei Zhang,718,,10.1016/j.ins.2025.122394,https://doi.org/10.1016/j.ins.2025.122394,article,Information Sciences,https://openalex.org/W4411266102
Information Sciences,Elsevier,2025,2025-06-13,"Simplet-based signatures and approximation in simplicial complexes: Frequency, degree, and centrality",Mohammad Mahini; Hamid Beigy; Salman Qadami; Morteza Saghafian,719,,10.1016/j.ins.2025.122425,https://doi.org/10.1016/j.ins.2025.122425,article,Information Sciences,https://openalex.org/W4411277111
Information Sciences,Elsevier,2025,2025-06-13,Solving Lur'e equations through zeroing neural networks,Yu Qing He; Xiaojuan Wang; Y. Tie; Huanqi Yang; Theodore E. Simos; Spyridon D. Mourtas; Vasilios N. Katsikis,718,,10.1016/j.ins.2025.122418,https://doi.org/10.1016/j.ins.2025.122418,article,Information Sciences,https://openalex.org/W4411273987
Information Sciences,Elsevier,2025,2025-06-13,StateHPs: State Hawkes processes for Granger causal discovery from non-stationary event sequences,Yuequn Liu; G. X. Sun; Ruichu Cai; Zijian Li; Keli Zhang; Lujia Pan; Zhifeng Hao,718,,10.1016/j.ins.2025.122422,https://doi.org/10.1016/j.ins.2025.122422,article,Information Sciences,https://openalex.org/W4411274088
Information Sciences,Elsevier,2025,2025-06-13,Uncertain portfolio optimization with options and risk control based on uncertain programming,Bo Li; Yu Chen,718,,10.1016/j.ins.2025.122429,https://doi.org/10.1016/j.ins.2025.122429,article,Information Sciences,https://openalex.org/W4411263781
Information Sciences,Elsevier,2025,2025-06-16,Effective feature-sample co-clustering by adaptive feature-sample co-weighting,Yiyan Wang; Mimi Jin; Yuxin Chen; Yong Kang Peng; Ziyue Yang; Feiping Nie; Andrzej S Cichocki; Wanzeng Kong,718,,10.1016/j.ins.2025.122427,https://doi.org/10.1016/j.ins.2025.122427,article,Information Sciences,https://openalex.org/W4411329699
Information Sciences,Elsevier,2025,2025-06-16,Utilizing Universal Information Extraction based on Generative Large Language Model to mine online reviews for navigating online health consultation,Yanfang Ma; Lina Liu; Yu Gong; Yan Tu; Li Zibiao,719,,10.1016/j.ins.2025.122428,https://doi.org/10.1016/j.ins.2025.122428,article,Information Sciences,https://openalex.org/W4411329682
Information Sciences,Elsevier,2025,2025-06-17,CNLA: Collaborative noisy label adaptive learning for facial expression recognition,Jihua Ye; Dong Liu; Chao Wang; Huiyuan Huang; Ying Jie Liang; Lei Zhang; Aiwen Jiang,719,,10.1016/j.ins.2025.122436,https://doi.org/10.1016/j.ins.2025.122436,article,Information Sciences,https://openalex.org/W4411372234
Information Sciences,Elsevier,2025,2025-06-17,Chaos-based broadcast encryption with authenticated secure message transmission scheme,Zhongwang Fu; Yunqi Liu; Xiaohui Cui,719,,10.1016/j.ins.2025.122433,https://doi.org/10.1016/j.ins.2025.122433,article,Information Sciences,https://openalex.org/W4411376438
Information Sciences,Elsevier,2025,2025-06-17,Efficient and secure image compression and encryption based on compressive sensing and four-dimensional hyperchaotic system,Ming Yao; Hongwei Deng; Zhong Chen; Pan Zhang,719,,10.1016/j.ins.2025.122430,https://doi.org/10.1016/j.ins.2025.122430,article,Information Sciences,https://openalex.org/W4411376427
Information Sciences,Elsevier,2025,2025-06-17,Extended mean field game theoretical optimal distributed control for large scale multi-agent systems: An efficiency-complexity tradeoff,Shawon Dey; Hao Xu,719,,10.1016/j.ins.2025.122432,https://doi.org/10.1016/j.ins.2025.122432,article,Information Sciences,https://openalex.org/W4411372148
Information Sciences,Elsevier,2025,2025-06-17,Fine-grained entity typing based on hyperbolic representation and label-context interaction,Mingying Xu; Wenxuan Zhang; Jie Liu; Weiping Ding; Lei Shi; Kaiyang Zhong,719,,10.1016/j.ins.2025.122434,https://doi.org/10.1016/j.ins.2025.122434,article,Information Sciences,https://openalex.org/W4411372143
Information Sciences,Elsevier,2025,2025-06-17,Identification of switched Boolean networks,Chunfeng Jiang; Biao Wang; Carmen Del Vecchio; Jun‐e Feng,719,,10.1016/j.ins.2025.122431,https://doi.org/10.1016/j.ins.2025.122431,article,Information Sciences,https://openalex.org/W4411372125
Information Sciences,Elsevier,2025,2025-06-17,SecMeanshift: FSS-based privacy-preserving mean-shift clustering,Min Ma; Yu Fu; Fei Zheng; Zhihong Zhang; Taotao Liu; Kai Huang,719,,10.1016/j.ins.2025.122435,https://doi.org/10.1016/j.ins.2025.122435,article,Information Sciences,https://openalex.org/W4411372121
Information Sciences,Elsevier,2025,2025-06-18,Enabling efficient and accurate semantic search over encrypted cloud data,Zixin Tang; Haihui Fan; Xiaoyan Gu; Jiang Zhou; Hui Ma; Athanasios V. Vasilakos; Bo Li,719,,10.1016/j.ins.2025.122437,https://doi.org/10.1016/j.ins.2025.122437,article,Information Sciences,https://openalex.org/W4411405162
Information Sciences,Elsevier,2025,2025-06-18,Neural network-based collision-free optimal formation control for unmanned surface vehicles with the gain iterative disturbance observer,Gengqi Li; Liang Cao; Wei Wang; Xiaomeng Li; Weiwei Bai,719,,10.1016/j.ins.2025.122438,https://doi.org/10.1016/j.ins.2025.122438,article,Information Sciences,https://openalex.org/W4411405229
Information Sciences,Elsevier,2025,2025-06-19,Complexity-optimized sparse Bayesian learning for scalable classification tasks,Jiahua Luo; Junyang Chen; Junyi Xiang; Chi-Man Wong; Chi‐Man Vong,719,,10.1016/j.ins.2025.122447,https://doi.org/10.1016/j.ins.2025.122447,article,Information Sciences,https://openalex.org/W4411450672
Information Sciences,Elsevier,2025,2025-06-19,Explaining vulnerabilities of biased news classifiers through rough sets and granular computing,Giuseppe Fenza; Angelo Gaeta; Vincenzo Loia; Francesco Orciuoli; Claudio Stanzione,719,,10.1016/j.ins.2025.122439,https://doi.org/10.1016/j.ins.2025.122439,article,Information Sciences,https://openalex.org/W4411450664
Information Sciences,Elsevier,2025,2025-06-20,A social network group decision-making method considering satisfaction and trust of experts under preference ordering environment,Yuan Xu,719,,10.1016/j.ins.2025.122446,https://doi.org/10.1016/j.ins.2025.122446,article,Information Sciences,https://openalex.org/W4411474763
Information Sciences,Elsevier,2025,2025-06-20,Learning functional data on-line: An evolving functional fuzzy-neural system approach,Dongjiao Ge; Xiao‐Jun Zeng,719,,10.1016/j.ins.2025.122442,https://doi.org/10.1016/j.ins.2025.122442,article,Information Sciences,https://openalex.org/W4411476716
Information Sciences,Elsevier,2025,2025-06-20,TSINet: A temporal-channel factorized mixing and spectral enhanced interactive network for time series forecasting,Junjie Lin; Dongsheng Liu; Tong Wu; Yuankun Xu; Yahui Chen,719,,10.1016/j.ins.2025.122440,https://doi.org/10.1016/j.ins.2025.122440,article,Information Sciences,https://openalex.org/W4411488782
Information Sciences,Elsevier,2025,2025-06-23,A multimodal multi-objective evolutionary algorithm assisted by long short term memory,Qianlong Dang; Shuai Yang; Tao Zhan,719,,10.1016/j.ins.2025.122443,https://doi.org/10.1016/j.ins.2025.122443,article,Information Sciences,https://openalex.org/W4411540137
Information Sciences,Elsevier,2025,2025-06-23,An improved adaptive large neighborhood search for the home health care routing and scheduling problem with multiple mixed time windows,Wei Zhang; Wen‐Juan Ma; Shengxiang Yang; Shengzong Chen; Jihui Zhang,719,,10.1016/j.ins.2025.122458,https://doi.org/10.1016/j.ins.2025.122458,article,Information Sciences,https://openalex.org/W4411540151
Information Sciences,Elsevier,2025,2025-06-25,NodeHGAE: Node-oriented heterogeneous graph autoencoder,Xiangkai Zhu; Chao Li; Yeyu Yan; Zhongying Zhao; Hua Duan; Qingtian Zeng,719,,10.1016/j.ins.2025.122448,https://doi.org/10.1016/j.ins.2025.122448,article,Information Sciences,https://openalex.org/W4411627739
Information Sciences,Elsevier,2025,2025-06-25,Regenerative population strategy-I: A dynamic methodology to mitigate structural bias in metaheuristic algorithms,Kanchan Rajwar; Kusum Deep,719,,10.1016/j.ins.2025.122444,https://doi.org/10.1016/j.ins.2025.122444,article,Information Sciences,https://openalex.org/W4411627277
Information Sciences,Elsevier,2025,2025-06-26,A noise-robust and generalizable framework for facial expression recognition,Jinglin Zhang; Qiangchang Wang; Jing Li; Yilong Yin,719,,10.1016/j.ins.2025.122457,https://doi.org/10.1016/j.ins.2025.122457,article,Information Sciences,https://openalex.org/W4411673329
Information Sciences,Elsevier,2025,2025-06-26,Double event-triggered based anti-disturbance optimal control for nonlinear systems using adaptive dynamic programming,Wenyang Su; Yang Yi; Mouquan Shen; Guangyu Zhu; Songyin Cao,719,,10.1016/j.ins.2025.122453,https://doi.org/10.1016/j.ins.2025.122453,article,Information Sciences,https://openalex.org/W4411678948
Information Sciences,Elsevier,2025,2025-06-26,Dual-channel dynamic event-triggered-based flocking control for nonlinear multi-agent systems with connectivity preservation,Chengqing Liang; Lei Liu; Jinde Cao,719,,10.1016/j.ins.2025.122459,https://doi.org/10.1016/j.ins.2025.122459,article,Information Sciences,https://openalex.org/W4411679798
Information Sciences,Elsevier,2025,2025-06-26,Dynamic sequential neighbor processing: A liquid neural network-inspired framework for enhanced graph neural networks,Kuijie Zhang; Shanchen Pang; Yuanyuan Zhang; Yun Bai; Luqi Wang; Jerry Chun‐Wei Lin,719,,10.1016/j.ins.2025.122452,https://doi.org/10.1016/j.ins.2025.122452,article,Information Sciences,https://openalex.org/W4411682592
Information Sciences,Elsevier,2025,2025-06-26,Feature selection optimization algorithm based on evolutionary Q-learning,Guan Yang; Zhiyong Zeng; Xinrui Pu; Ren Duan,719,,10.1016/j.ins.2025.122441,https://doi.org/10.1016/j.ins.2025.122441,article,Information Sciences,https://openalex.org/W4411673330
Information Sciences,Elsevier,2025,2025-06-26,Leader-following scaled consensus of multi-agent systems based on nonlinear parabolic PDEs via dynamic event-triggered boundary control,Xinman Li; Haijun Jiang; Zhiyong Yu; Yue Ren; Tingting Shi; Shanshan Chen,719,,10.1016/j.ins.2025.122449,https://doi.org/10.1016/j.ins.2025.122449,article,Information Sciences,https://openalex.org/W4411714424
Information Sciences,Elsevier,2025,2025-06-26,NaGB-DBSCAN: An improved DBSCAN clustering algorithm by natural neighbor and granular-ball,Ranliang Luo; Tianshuo Li; Rui Pu; Jinchuan Yang; Dongming Tang; Lijun Yang,719,,10.1016/j.ins.2025.122445,https://doi.org/10.1016/j.ins.2025.122445,article,Information Sciences,https://openalex.org/W4411682358
Information Sciences,Elsevier,2025,2025-06-26,Object recognition based on tactile information: A generalized recognition network combining wavelet transform and transformer model for small sample datasets,Liang Li; Liang Li; Shengjie Qiu; Baojiang Li; Bin Wang; Haiyan Wang; Zizhen Yi; Chunbo Zhao,719,,10.1016/j.ins.2025.122464,https://doi.org/10.1016/j.ins.2025.122464,article,Information Sciences,https://openalex.org/W4411714442
Information Sciences,Elsevier,2025,2025-06-26,TeProM: A rule-free method for extracting process from complex text with enhanced coreference handling,Xiaoxiao Sun; Chenying Zhao; Dongjin Yu; Yi Xin Xu; Nan Xiao,719,,10.1016/j.ins.2025.122451,https://doi.org/10.1016/j.ins.2025.122451,article,Information Sciences,https://openalex.org/W4411673315
Information Sciences,Elsevier,2025,2025-06-27,A data-driven graph model for large-scale conflict resolution under power asymmetry,Sifan Dai; Haiyan Xu; Yangzi Jiang,719,,10.1016/j.ins.2025.122471,https://doi.org/10.1016/j.ins.2025.122471,article,Information Sciences,https://openalex.org/W4411729234
Information Sciences,Elsevier,2025,2025-06-27,A deep reinforcement learning-based controller design framework for Lipschitz continuous nonlinear systems,Yuan Li; Siyang Zhao; Jinyong Yu,719,,10.1016/j.ins.2025.122455,https://doi.org/10.1016/j.ins.2025.122455,article,Information Sciences,https://openalex.org/W4411730491
Information Sciences,Elsevier,2025,2025-06-27,Efficient algorithms for parameter-free edge structural diversity search on graphs,Yuting J. Tan; Junfeng Zhou; Ming Du,719,,10.1016/j.ins.2025.122454,https://doi.org/10.1016/j.ins.2025.122454,article,Information Sciences,https://openalex.org/W4411729246
Information Sciences,Elsevier,2025,2025-07-01,A coordinator-driven consensus-reaching model for green technology utilisation rate determination,Na Liu; Xianzhe Zhang; Hangyao Wu; Yang Bai; Yuelong Zheng,719,,10.1016/j.ins.2025.122472,https://doi.org/10.1016/j.ins.2025.122472,article,Information Sciences,https://openalex.org/W4411873574
Information Sciences,Elsevier,2025,2025-07-02,A vehicle trajectory prediction method based on transfer learning for roadside applications,Kegang Zhao; Jianfeng Li; Xiwei Jiao; Chenyu Wang; Jieming Hong; Jia‐Hong Wu; Peng Liu,719,,10.1016/j.ins.2025.122478,https://doi.org/10.1016/j.ins.2025.122478,article,Information Sciences,https://openalex.org/W4411969312
Information Sciences,Elsevier,2025,2025-07-02,An innovative approach to ensemble learning in bankruptcy prediction using support vector machines and meta fuzzy functions,Pınar Karadayı Ataş; Nihat Tak; Süreyya Akyüz; Birsen Eygi Erdoğan,719,,10.1016/j.ins.2025.122450,https://doi.org/10.1016/j.ins.2025.122450,article,Information Sciences,https://openalex.org/W4411969275
Information Sciences,Elsevier,2025,2025-07-02,DEEP-CWS: Distilling Efficient pre-trained models with Early exit and Pruning for scalable Chinese Word Segmentation,Shiting Xu,719,,10.1016/j.ins.2025.122470,https://doi.org/10.1016/j.ins.2025.122470,article,Information Sciences,https://openalex.org/W4411931244
Information Sciences,Elsevier,2025,2025-07-02,Enhanced deep learning framework for efficient garbage classification in smart waste management systems,Debojyoti Ghosh; Adrijit Goswami,719,,10.1016/j.ins.2025.122462,https://doi.org/10.1016/j.ins.2025.122462,article,Information Sciences,https://openalex.org/W4411956639
Information Sciences,Elsevier,2025,2025-07-02,Event-triggered sliding mode control for interval type-2 fuzzy interconnected systems under Markov-model-based hybrid cyberattacks,Xiulin Wang; Feng Li; Sangmoon Lee; Hao  Yang Shen,719,,10.1016/j.ins.2025.122467,https://doi.org/10.1016/j.ins.2025.122467,article,Information Sciences,https://openalex.org/W4411969288
Information Sciences,Elsevier,2025,2025-07-02,"Fractional impulsive fuzzy differential systems with multi-order in (1,2): The solution representation and asymptotical stabilization",Ngo Van Hoa,719,,10.1016/j.ins.2025.122461,https://doi.org/10.1016/j.ins.2025.122461,article,Information Sciences,https://openalex.org/W4411956641
Information Sciences,Elsevier,2025,2025-07-02,Global exponential synchronization of competitive neural networks with D operators and mixed delays and an application to secure communication,Weijing Yan; Yu Xue; Xian Zhang,719,,10.1016/j.ins.2025.122473,https://doi.org/10.1016/j.ins.2025.122473,article,Information Sciences,https://openalex.org/W4411930742
Information Sciences,Elsevier,2025,2025-07-02,Hierarchical interpretable vision reasoning driven based depth estimation method in adverse weather conditions through a multi-modal large language model,Wang Mi; Cheol-Su Yang; Yuzhe Qian; He Chen,719,,10.1016/j.ins.2025.122460,https://doi.org/10.1016/j.ins.2025.122460,article,Information Sciences,https://openalex.org/W4411957947
Information Sciences,Elsevier,2025,2025-07-02,Multi-objective CNN optimization: A robust framework for automated model design,Sefa Aras; Elif Aras; Eyup Gedikli; Hamdi Tolga Kahraman,719,,10.1016/j.ins.2025.122468,https://doi.org/10.1016/j.ins.2025.122468,article,Information Sciences,https://openalex.org/W4411926725
Information Sciences,Elsevier,2025,2025-07-02,Optimization of inner and general rules,Beata Marta Zielosko; Mikhail Moshkov; Evans Teiko Tetteh,719,,10.1016/j.ins.2025.122466,https://doi.org/10.1016/j.ins.2025.122466,article,Information Sciences,https://openalex.org/W4411956479
Information Sciences,Elsevier,2025,2025-07-02,Robust stochastic configuration network based perception model for furnace temperature in municipal solid waste incineration process,Jingcheng Guo; Zhe Dong; Wei Guo; Aijun Yan,719,,10.1016/j.ins.2025.122477,https://doi.org/10.1016/j.ins.2025.122477,article,Information Sciences,https://openalex.org/W4411969322
Information Sciences,Elsevier,2025,2025-07-02,Semi-supervised anomaly detection via reinforcement learning-enabled method with causal inference,Xiangwei Chen; Ruliang Xiao; Zhixia Zeng; Shi Zhang; Xin Du,719,,10.1016/j.ins.2025.122463,https://doi.org/10.1016/j.ins.2025.122463,article,Information Sciences,https://openalex.org/W4411969289
Information Sciences,Elsevier,2025,2025-07-03,Enhancing hotel consumer recommendation decisions: A rough set approach for predictive analysis of online reviews,Anand Prakash; Rahul Shukla,719,,10.1016/j.ins.2025.122456,https://doi.org/10.1016/j.ins.2025.122456,article,Information Sciences,https://openalex.org/W4411987669
Information Sciences,Elsevier,2025,2025-07-03,Finite-time synchronization of T-S fuzzy memristor-based neural networks subject to algebraic constraints,Xiang Hong Wu; Hai Zhang; Hai Zhang; X. W. Ye; Hongmei Zhang; Hongmei Zhang; Jinde Cao,719,,10.1016/j.ins.2025.122480,https://doi.org/10.1016/j.ins.2025.122480,article,Information Sciences,https://openalex.org/W4411989566
Information Sciences,Elsevier,2025,2025-07-03,Point-GSMAE: A graph convolution and scale-based masked autoencoder for 3D point cloud representation,Yun Bai; Chaozhi Yang; Guanlin Li; Xiao Yong He; Qian Jin Xiao; Zongmin Li,719,,10.1016/j.ins.2025.122474,https://doi.org/10.1016/j.ins.2025.122474,article,Information Sciences,https://openalex.org/W4411992127
Information Sciences,Elsevier,2025,2025-07-04,Digital transformation of Chinese manufacturing SMEs under government guidance: Conflict analysis based on GMCR with prospect stabilities,Qian Pan; Пэйдэ Лю; Zixuan Lin; Baoying Zhu,719,,10.1016/j.ins.2025.122475,https://doi.org/10.1016/j.ins.2025.122475,article,Information Sciences,https://openalex.org/W4412031236
Information Sciences,Elsevier,2025,2025-07-05,Adapting lightweight SAM with gradient map for mirror object segmentation,Dongshen Han; Chaoning Zhang; Fachrina Dewi Puspitasari; Shuxu Chen; Feng Qiao; Sheng Zheng; Sungyoung Lee; Choong Seon Hong; Yang Yang,720,,10.1016/j.ins.2025.122479,https://doi.org/10.1016/j.ins.2025.122479,article,Information Sciences,https://openalex.org/W4412048596
Information Sciences,Elsevier,2025,2025-07-07,A dynamic-radius-based fusion gravity model for influential nodes identification,Wei Chen; Yuncheng He; Yu Wang; Yanxin Liu,719,,10.1016/j.ins.2025.122469,https://doi.org/10.1016/j.ins.2025.122469,article,Information Sciences,https://openalex.org/W4412071423
Information Sciences,Elsevier,2025,2025-07-07,Integration of machine learning with comprehensive IVIF-QFD-MCDM framework for enhancing online hotel operations,Пэйдэ Лю; Xinming Shi; Yingcheng Xu; Ran Dang; Yifan Wu,720,,10.1016/j.ins.2025.122493,https://doi.org/10.1016/j.ins.2025.122493,article,Information Sciences,https://openalex.org/W4412079656
Information Sciences,Elsevier,2025,2025-07-07,LwST-FSD: Efficient forest smoke detection via lightweight spatio-temporal modeling,Chong Wang; Hai Song; Zhong Wang; Zhilin Shan; Qixing Zhang,719,,10.1016/j.ins.2025.122481,https://doi.org/10.1016/j.ins.2025.122481,article,Information Sciences,https://openalex.org/W4412071676
Information Sciences,Elsevier,2025,2025-07-08,Causal cascading convolution networks for multi-behavior sequential recommendation,Dan Lu; Shiqing Wu; Hao Zhang; Guandong Xu; Qilong Han,720,,10.1016/j.ins.2025.122484,https://doi.org/10.1016/j.ins.2025.122484,article,Information Sciences,https://openalex.org/W4413271470
Information Sciences,Elsevier,2025,2025-07-08,Contextual learning and feature tuning for few-shot node classification,Xiuhui Ma; Junhai Zhai; Hao Chen,719,,10.1016/j.ins.2025.122494,https://doi.org/10.1016/j.ins.2025.122494,article,Information Sciences,https://openalex.org/W4412490313
Information Sciences,Elsevier,2025,2025-07-08,"Uncertainty, imprecision and profitability in investment fuzzy portfolio analysis – a comparative study",Anna Łyczkowska-Hanćkowiak; Aleksandra Wójcicka,719,,10.1016/j.ins.2025.122486,https://doi.org/10.1016/j.ins.2025.122486,article,Information Sciences,https://openalex.org/W4412489955
Information Sciences,Elsevier,2025,2025-07-15,A multidimensional feature grouping sampling algorithm based on dynamic feedback of prior bias,Yunwei Zhang; Zongkai Shen; Fang Wang; Jinguo You; Xiaoxia Zhao,719,,10.1016/j.ins.2025.122490,https://doi.org/10.1016/j.ins.2025.122490,article,Information Sciences,https://openalex.org/W4412448984
Information Sciences,Elsevier,2025,2025-07-15,Achieving fair medical image segmentation in foundation models with adversarial visual prompt tuning,Yuqi Li; Yanli Li; Kai Zhang; Fuyan Zhang; Chuanguang Yang; Zhongliang Guo; Weiping Ding; Tingwen Huang,720,,10.1016/j.ins.2025.122501,https://doi.org/10.1016/j.ins.2025.122501,article,Information Sciences,https://openalex.org/W4412457770
Information Sciences,Elsevier,2025,2025-07-15,Adapting ordered fuzzy numbers to the evaluation of the isolation level of slices,Tomasz Wojciech Nowak; Zbigniew Kotulski,719,,10.1016/j.ins.2025.122487,https://doi.org/10.1016/j.ins.2025.122487,article,Information Sciences,https://openalex.org/W4412420024
Information Sciences,Elsevier,2025,2025-07-15,Adaptive structure learning for semi-supervised feature selection with binary single-label learning,Huming Liao; Hongmei Chen; Tengyu Yin; Zhong Yuan; Shi‐Jinn Horng; Tianrui Li,720,,10.1016/j.ins.2025.122498,https://doi.org/10.1016/j.ins.2025.122498,article,Information Sciences,https://openalex.org/W4412457761
Information Sciences,Elsevier,2025,2025-07-15,An explainable multi-objective genetic programming approach to infer Boolean network,Jinlin Tang; Xiang Liu; Yan Wang; Zhen Quan; Zhicheng Ji,719,,10.1016/j.ins.2025.122492,https://doi.org/10.1016/j.ins.2025.122492,article,Information Sciences,https://openalex.org/W4412458022
Information Sciences,Elsevier,2025,2025-07-15,An inverse graph model for conflict resolution under opinion dynamics with minimum cost,Jing Xiao; Fang Wang,720,,10.1016/j.ins.2025.122508,https://doi.org/10.1016/j.ins.2025.122508,article,Information Sciences,https://openalex.org/W4412457653
Information Sciences,Elsevier,2025,2025-07-15,Collective Entity Linking based on Evolutionary Algorithms: A practical application,J. S. Li; Chenyang Bu; Jiacheng Liu; Peipei Li; Xindong Wu,719,,10.1016/j.ins.2025.122491,https://doi.org/10.1016/j.ins.2025.122491,article,Information Sciences,https://openalex.org/W4412458364
Information Sciences,Elsevier,2025,2025-07-15,Dual-Branch CNN-Transformer network for robust Zero-Watermarking of medical images,Jingyou Li; Rongle Wei; Xiaotian Xi; Guangda Zhang; Zixin Yang; Fengshan Zhang,720,,10.1016/j.ins.2025.122511,https://doi.org/10.1016/j.ins.2025.122511,article,Information Sciences,https://openalex.org/W4412457749
Information Sciences,Elsevier,2025,2025-07-15,Exploration of rough approximation operators with supervised justifiable granularity principle,Leijun Li; Mei-Zheng Li; Ju‐Sheng Mi,720,,10.1016/j.ins.2025.122504,https://doi.org/10.1016/j.ins.2025.122504,article,Information Sciences,https://openalex.org/W4412457782
Information Sciences,Elsevier,2025,2025-07-15,Few-shot partial multi-label learning with credible non-candidate label,Meng Wang; Yunfeng Zhao; Zhongmin Yan; J. L. Zhang; Jun Wang; Guoxian Yu,719,,10.1016/j.ins.2025.122485,https://doi.org/10.1016/j.ins.2025.122485,article,Information Sciences,https://openalex.org/W4412420015
Information Sciences,Elsevier,2025,2025-07-15,Learning to mine all minimal evidences for unverified claims,Yanan Liu; Hai Wan; Jianfeng Du; Yao Wang; Kunxun Qi; Weilin Luo,720,,10.1016/j.ins.2025.122505,https://doi.org/10.1016/j.ins.2025.122505,article,Information Sciences,https://openalex.org/W4412457662
Information Sciences,Elsevier,2025,2025-07-15,Lightweight real-time discriminative Siamese deep coupling framework for robust aerial tracking,Hanlin Huang; Guixi Liu; Ruke Xiong; Yinghao Li; Lu Qian; Zhiyu Wu,719,,10.1016/j.ins.2025.122510,https://doi.org/10.1016/j.ins.2025.122510,article,Information Sciences,https://openalex.org/W4412458381
Information Sciences,Elsevier,2025,2025-07-15,MultiPath Island-Based Genetic Algorithm for the K-Most Diverse Near-Shortest Paths,Harish Sharma; Edgar Galván; Peter J. F. MOONEY,719,,10.1016/j.ins.2025.122495,https://doi.org/10.1016/j.ins.2025.122495,article,Information Sciences,https://openalex.org/W4412448841
Information Sciences,Elsevier,2025,2025-07-15,OUTO-Miner: Detecting outlying occurrences in maximal frequent order-preserving patterns in time series,Youxi Wu; Siqi Lou; Yan Li; Lei Guo; Philippe Fournier‐Viger; Xindong Wu,720,,10.1016/j.ins.2025.122497,https://doi.org/10.1016/j.ins.2025.122497,article,Information Sciences,https://openalex.org/W4412457661
Information Sciences,Elsevier,2025,2025-07-15,One-step multi-view kernel clustering based on topological manifold,Cuiling Chen; Chen Chen; Chen Chen; Chen Chen; Zhijun Hu,719,,10.1016/j.ins.2025.122483,https://doi.org/10.1016/j.ins.2025.122483,article,Information Sciences,https://openalex.org/W4412420020
Information Sciences,Elsevier,2025,2025-07-15,Predictive analysis for healthcare fraud detection: Integration of probabilistic model and interpretable machine learning,Fei Xiao; Han‐Xiong Li; Xiaokang Wang; Jian‐qiang Wang; Shuixia Chen,719,,10.1016/j.ins.2025.122499,https://doi.org/10.1016/j.ins.2025.122499,article,Information Sciences,https://openalex.org/W4412450003
Information Sciences,Elsevier,2025,2025-07-15,RaCo: Reliable multi-augmentation complementary label learning,Yiwei You; Zan Chen; Meng Xu; Bo Wang,719,,10.1016/j.ins.2025.122509,https://doi.org/10.1016/j.ins.2025.122509,article,Information Sciences,https://openalex.org/W4412430443
Information Sciences,Elsevier,2025,2025-07-15,Robust time series forecasting using a novel fuzzy regression approach based on kernel functions,Lingtao Kong; Jinyao Wang; Wei Lin,719,,10.1016/j.ins.2025.122496,https://doi.org/10.1016/j.ins.2025.122496,article,Information Sciences,https://openalex.org/W4412458025
Information Sciences,Elsevier,2025,2025-07-15,SCS: Subgraph contrastive supervised neural network for link prediction,Qiming Yang; Wei Wei; Ruizhi Zhang; Xiangnan Feng,719,,10.1016/j.ins.2025.122482,https://doi.org/10.1016/j.ins.2025.122482,article,Information Sciences,https://openalex.org/W4412419993
Information Sciences,Elsevier,2025,2025-07-15,Secure color image encryption algorithm for face recognition using Zaslavsky and Arnold cat maps with binary bit-plane decomposition,Wenli Shang; Zhenyu Liu; Shuang Wang; Lei Ding; Xinyi Shang; Zheng Zhou; Lianhai Wang,719,,10.1016/j.ins.2025.122502,https://doi.org/10.1016/j.ins.2025.122502,article,Information Sciences,https://openalex.org/W4412458373
Information Sciences,Elsevier,2025,2025-07-15,Summarizing Boolean and fuzzy tensors with sub-tensors,Victor Henrique Silva Ribeiro; Loïc Cerf,719,,10.1016/j.ins.2025.122489,https://doi.org/10.1016/j.ins.2025.122489,article,Information Sciences,https://openalex.org/W4412458043
Information Sciences,Elsevier,2025,2025-07-16,A doctor recommendation model based on multidimensional feature extraction of doctors and patients from online medical platform,Qian Minghui; Mengchun Zhao; Meng‐Shiuan Pan; Yuchen Pan; Desheng Dash Wu; David L. Olson; Weiping Ding,720,,10.1016/j.ins.2025.122500,https://doi.org/10.1016/j.ins.2025.122500,article,Information Sciences,https://openalex.org/W4412447682
Information Sciences,Elsevier,2025,2025-07-16,An enhanced sparse multiobjective evolutionary algorithm in large-scale multiobjective optimization,Xiaodong Huang; Jian Wang; Kai Zhang; Bin Yuan; Caili Dai; Sergey Ablameyko,720,,10.1016/j.ins.2025.122476,https://doi.org/10.1016/j.ins.2025.122476,article,Information Sciences,https://openalex.org/W4412479408
Information Sciences,Elsevier,2025,2025-07-16,Inferring normality from noised samples: Enhanced deep autoencoder with image denoising for anomaly detection,Dong Liang; Xinbo Gao; Wen Bing Lu; Jie Li,720,,10.1016/j.ins.2025.122503,https://doi.org/10.1016/j.ins.2025.122503,article,Information Sciences,https://openalex.org/W4413271436
Information Sciences,Elsevier,2025,2025-07-16,Towards a moving target defense based on stochastic games and honeypots,Di Li; Shirui Tian; Wenqiang Jin; Jiwu Peng; Mingxing Duan,720,,10.1016/j.ins.2025.122488,https://doi.org/10.1016/j.ins.2025.122488,article,Information Sciences,https://openalex.org/W4412447732
Information Sciences,Elsevier,2025,2025-07-16,Weighted dynamic network link prediction based on graph autoencoder,Peng Mei; Yuhong Zhao; Jingyu Wang; Yefei Liang,720,,10.1016/j.ins.2025.122507,https://doi.org/10.1016/j.ins.2025.122507,article,Information Sciences,https://openalex.org/W4412479507
Information Sciences,Elsevier,2025,2025-07-19,A multi-input and three-output wind speed point-interval prediction system based on constrained many-objective optimization problem,Mengzheng Lv; Jianzhou Wang; Shuai Wang; Kang Wang; Yang Zhao; Jialu Gao,720,,10.1016/j.ins.2025.122531,https://doi.org/10.1016/j.ins.2025.122531,article,Information Sciences,https://openalex.org/W4412862836
Information Sciences,Elsevier,2025,2025-07-19,Retraction notice to “Edge-enabled personalized fitness recommendations and training guidance for athletes with privacy preservation” [Inform. Sci. 707 (2025) 122032],Yuncheng Li; Cong Li; Fan Wang,717,,10.1016/j.ins.2025.122465,https://doi.org/10.1016/j.ins.2025.122465,retraction,Information Sciences,https://openalex.org/W4412688216
Information Sciences,Elsevier,2025,2025-07-19,The fusion of hyperparameter candidates for one-class classification problems,Toshitaka Hayashi; Dalibor Cimr; Hamido Fujita; Richard Cimler; Hanan Aljuaid,720,,10.1016/j.ins.2025.122526,https://doi.org/10.1016/j.ins.2025.122526,article,Information Sciences,https://openalex.org/W4412496561
Information Sciences,Elsevier,2025,2025-07-22,A multi-view forward positive and unlabeled graph learning method based on dictionary learning,Bo Liu; Chenlong Ye; Yanshan Xiao; Baoqing Li; Zhitong Wang; Boxu Zhou; Song He; Fan Cao,720,,10.1016/j.ins.2025.122517,https://doi.org/10.1016/j.ins.2025.122517,article,Information Sciences,https://openalex.org/W4412558458
Information Sciences,Elsevier,2025,2025-07-22,ClusterDDPM: An EM clustering framework with Denoising Diffusion Probabilistic Models,Jie Yan; Jing Liu; Zhongyuan Zhang,720,,10.1016/j.ins.2025.122518,https://doi.org/10.1016/j.ins.2025.122518,article,Information Sciences,https://openalex.org/W4412558306
Information Sciences,Elsevier,2025,2025-07-22,Cross-view alignment and completion for incomplete information multi-view clustering,Xinyue Liu; Sai Ma; Guosheng Chen; Jiayu Liu; Linlin Zong,720,,10.1016/j.ins.2025.122515,https://doi.org/10.1016/j.ins.2025.122515,article,Information Sciences,https://openalex.org/W4412558435
Information Sciences,Elsevier,2025,2025-07-22,PanRouter: Router-based dynamic decision interactive pansharpening network,Hailin Tao; Dapeng Cheng; Jinjiang Li,720,,10.1016/j.ins.2025.122516,https://doi.org/10.1016/j.ins.2025.122516,article,Information Sciences,https://openalex.org/W4412558449
Information Sciences,Elsevier,2025,2025-07-22,Robust sampled-data fuzzy consensus control for nonlinear multi-agent systems with parametric uncertainties,Yong Hoon Jang; Seunghoon Lee; Han Sol Kim,720,,10.1016/j.ins.2025.122519,https://doi.org/10.1016/j.ins.2025.122519,article,Information Sciences,https://openalex.org/W4412569436
Information Sciences,Elsevier,2025,2025-07-22,Sequence value decomposition transformer for cooperative multi-agent reinforcement learning,Zhitong Zhao; Ya Zhang; Wenyu Chen; Fan Zhang; Siying Wang; Yang Zhou,720,,10.1016/j.ins.2025.122514,https://doi.org/10.1016/j.ins.2025.122514,article,Information Sciences,https://openalex.org/W4412558189
Information Sciences,Elsevier,2025,2025-07-23,CSC-DARTS: Efficient differentiable neural architecture search using channel splitting connections,Hui Wei; Feifei Lee; Lin Xie; Li Liu; Hongliu Yu; Qiu Chen,720,,10.1016/j.ins.2025.122538,https://doi.org/10.1016/j.ins.2025.122538,article,Information Sciences,https://openalex.org/W4412609557
Information Sciences,Elsevier,2025,2025-07-24,A novel stock trading strategy based on double deep Q-network with sentiment integration,Xiwen Qin; Jiawei Shen; Dingxin Xu; Siqi Zhang,720,,10.1016/j.ins.2025.122541,https://doi.org/10.1016/j.ins.2025.122541,article,Information Sciences,https://openalex.org/W4412621760
Information Sciences,Elsevier,2025,2025-07-24,ICAM: An interpretable auxiliary model for the pathological diagnosis of breast cancer based on knowledge embedding,Lihua Gu; Xiaomin Xiong; Qun Liu; Dajiang Lei; Ruqi Wang; Lin Bo; Guoyin Wang; Bo Xu,720,,10.1016/j.ins.2025.122521,https://doi.org/10.1016/j.ins.2025.122521,article,Information Sciences,https://openalex.org/W4412631000
Information Sciences,Elsevier,2025,2025-07-24,"Minimal algorithmic information loss methods for dimension reduction, feature selection and network sparsification",Héctor Zenil; Narsis A. Kiani; Alyssa Adams; Felipe S. Abrahão; Antonio Rueda-Toicen; Allan A. Zea; Luan Carlos de Sena Monteiro Ozelim; Jesper N. Tegner,720,,10.1016/j.ins.2025.122520,https://doi.org/10.1016/j.ins.2025.122520,article,Information Sciences,https://openalex.org/W3088671180
Information Sciences,Elsevier,2025,2025-07-24,Power load forecasting using deep learning and reinforcement learning,Yao Dong; Kai Liu; Jiang He; Yawei Dong; Jianzhou Wang,720,,10.1016/j.ins.2025.122523,https://doi.org/10.1016/j.ins.2025.122523,article,Information Sciences,https://openalex.org/W4413271446
Information Sciences,Elsevier,2025,2025-07-24,Role can be beneficial to mean field multi-agent reinforcement learning,Shaonan Zhang; Zhao Yu; Lei Hao; Liangjun Ke,721,,10.1016/j.ins.2025.122522,https://doi.org/10.1016/j.ins.2025.122522,article,Information Sciences,https://openalex.org/W4412628212
Information Sciences,Elsevier,2025,2025-07-24,Scene generalization for biomedical fact verification via hierarchical mixture of experts,Jiasheng Si; Haiyang Zhu; Yibo Zhao; Weiyu Zhang; Tianyi Wang; Wenpeng Lü; Deyu Zhou,720,,10.1016/j.ins.2025.122527,https://doi.org/10.1016/j.ins.2025.122527,article,Information Sciences,https://openalex.org/W4412862522
Information Sciences,Elsevier,2025,2025-07-25,A graph regularized overlapping community discovery framework with three-way decisions,Xiaoyang Zou; Jinxin Cao; Hengrong Ju; Weiping Ding; Lu Liu; Fuxiang Chen; Di Jin,720,,10.1016/j.ins.2025.122525,https://doi.org/10.1016/j.ins.2025.122525,article,Information Sciences,https://openalex.org/W4412706683
Information Sciences,Elsevier,2025,2025-07-25,Coarse-to-fine label refinement for domain adaptive retrieval,Tianle Hu; Yu Chen; C. H. Cheng; Junhong Xiao; Weijun Sun; Xiaozhao Fang,720,,10.1016/j.ins.2025.122532,https://doi.org/10.1016/j.ins.2025.122532,article,Information Sciences,https://openalex.org/W4413271449
Information Sciences,Elsevier,2025,2025-07-25,Corrigendum to “Towards a moving target defense based on stochastic games and honeypots”. [Inf. Sci. 720 (2025) 122488],Di Li; Shirui Tian; Wenqiang Jin; Jiwu Peng; Mingxing Duan,718,,10.1016/j.ins.2025.122537,https://doi.org/10.1016/j.ins.2025.122537,erratum,Information Sciences,https://openalex.org/W4413099582
Information Sciences,Elsevier,2025,2025-07-25,Graph-constrained quantile regression: Unifying structured regularization and robust modeling for enhanced accuracy and interpretability,Yao Dong; He Jiang; Sheng Pan; Jianzhou Wang,720,,10.1016/j.ins.2025.122530,https://doi.org/10.1016/j.ins.2025.122530,article,Information Sciences,https://openalex.org/W4413271442
Information Sciences,Elsevier,2025,2025-07-25,uitObfAMC: Obfuscated Android malware classification using deep learning on multi-feature information approach,Pham Nhat Duy; Nguyen Tan Cam,720,,10.1016/j.ins.2025.122528,https://doi.org/10.1016/j.ins.2025.122528,article,Information Sciences,https://openalex.org/W4412718056
Information Sciences,Elsevier,2025,2025-07-26,Editorial Board,,717,,10.1016/s0020-0255(25)00678-4,https://doi.org/10.1016/s0020-0255(25)00678-4,paratext,Information Sciences,https://openalex.org/W4412659108
Information Sciences,Elsevier,2025,2025-07-28,Adaptive feature selection framework using local fuzzy dominance neighborhood composite entropy for imbalanced ordered decision systems,Jiankai Chen; Zhongyan Li; Xin Wang; Junhai Zhai,720,,10.1016/j.ins.2025.122533,https://doi.org/10.1016/j.ins.2025.122533,article,Information Sciences,https://openalex.org/W4412702892
Information Sciences,Elsevier,2025,2025-07-28,Weight based additive consistency and consensus models for general hesitant linguistic preference relations,Xiaoying Lai; Daniel Yi Xiao; Yejun Xu,720,,10.1016/j.ins.2025.122554,https://doi.org/10.1016/j.ins.2025.122554,article,Information Sciences,https://openalex.org/W4413099197
Information Sciences,Elsevier,2025,2025-07-29,A multi-stage multi-task evolutionary algorithm for constrained multi-objective optimization,Haoyu Wang; Xiaobing Yu; Xuming Wang,721,,10.1016/j.ins.2025.122559,https://doi.org/10.1016/j.ins.2025.122559,article,Information Sciences,https://openalex.org/W4412711019
Information Sciences,Elsevier,2025,2025-07-29,High-dimensional feature selection based on aggregation search algorithm,Hao Chen; Weihao Jiang; Yifan Liu; Ruo-Song Yang; Xiaoying Pan,720,,10.1016/j.ins.2025.122540,https://doi.org/10.1016/j.ins.2025.122540,article,Information Sciences,https://openalex.org/W4412740386
Information Sciences,Elsevier,2025,2025-07-29,Pattern dynamics analysis and control strategies of rumor propagation model in complex networks based on real data,Ziyi Wang; Linhe Zhu,720,,10.1016/j.ins.2025.122529,https://doi.org/10.1016/j.ins.2025.122529,article,Information Sciences,https://openalex.org/W4412711201
Information Sciences,Elsevier,2025,2025-07-30,Escaping posterior collapse: Enhancing variational autoencoders with vine copulas,Dianlong You; Xiaoyi Ge; Chuan Lu; Dongyan Wang; Shunfu Jin; Zhilin Zhao,720,,10.1016/j.ins.2025.122535,https://doi.org/10.1016/j.ins.2025.122535,article,Information Sciences,https://openalex.org/W4412736596
Information Sciences,Elsevier,2025,2025-07-30,FORTRESS: Fraud-oriented transformer with random traversal for Ethereum security surveillance,Hojun Kang; Kyuyeon Hwang,720,,10.1016/j.ins.2025.122534,https://doi.org/10.1016/j.ins.2025.122534,article,Information Sciences,https://openalex.org/W4412738071
Information Sciences,Elsevier,2025,2025-07-30,Optimizing prompt efficacy in large language models for fake news detection via evolutionary algorithm-based feature selection,Lei Wu; Xinran Yang; Xiaochuan Shi; Chao Ma,720,,10.1016/j.ins.2025.122539,https://doi.org/10.1016/j.ins.2025.122539,article,Information Sciences,https://openalex.org/W4412736631
Information Sciences,Elsevier,2025,2025-07-30,TGNS: A transformer-based graph neural network for stock trend forecasting,H. F. Du; Li Lv; Hongliang Wang; An G,720,,10.1016/j.ins.2025.122555,https://doi.org/10.1016/j.ins.2025.122555,article,Information Sciences,https://openalex.org/W4412738029
Information Sciences,Elsevier,2025,2025-07-31,FedPDA: Personalized federated learning based on attribute similarity migration,Xiang Zhou; Qiang Zhi; Ziyang Liu; Dongyi Han; Nan Liu,720,,10.1016/j.ins.2025.122553,https://doi.org/10.1016/j.ins.2025.122553,article,Information Sciences,https://openalex.org/W4412791573
Information Sciences,Elsevier,2025,2025-08-05,A context-aware multi-stream attentive convolutional neural network for surface defect segmentation,Md. Rayhan Ahmed; Patricia Lasserre,721,,10.1016/j.ins.2025.122561,https://doi.org/10.1016/j.ins.2025.122561,article,Information Sciences,https://openalex.org/W4413049812
Information Sciences,Elsevier,2025,2025-08-05,A multimodal machine learning approach to predict Fugl-Meyer scores and motor recovery potential in stroke rehabilitation: Toward precision-based therapies,Laura Dipietro; Uri T. Eden; Paulo E. P. Teixeira; Napas Tirasawasdichai; Jirapuk Warinpramote; Svetlana Pundik; Amy Gilmartin; Ciro Ramos-Estébanez; Tim Wagner,721,,10.1016/j.ins.2025.122564,https://doi.org/10.1016/j.ins.2025.122564,article,Information Sciences,https://openalex.org/W4412981170
Information Sciences,Elsevier,2025,2025-08-05,Adaptive recognition of flexible objects via hierarchical deformable graph network,K. T. Yang; Lin Zuo; Mengmeng Jing; Yongqi Ding; Haoran Peng; Xianlong Tian,721,,10.1016/j.ins.2025.122560,https://doi.org/10.1016/j.ins.2025.122560,article,Information Sciences,https://openalex.org/W4412980090
Information Sciences,Elsevier,2025,2025-08-05,"Corrigendum to “Secure color image encryption algorithm for face recognition using zaslavsky and arnold cat maps with binary bit-plane decomposition”. [Inform. Sci., 719 (2025) 122502]",Wenli Shang; Zhenyu Liu; Shuang Wang; Lei Ding; Xinyi Shang; Zheng Zhou; Lianhai Wang,718,,10.1016/j.ins.2025.122571,https://doi.org/10.1016/j.ins.2025.122571,erratum,Information Sciences,https://openalex.org/W4413053927
Information Sciences,Elsevier,2025,2025-08-05,Cross-hierarchical bidirectional consistency learning for fine-grained visual classification,Pengxiang Gao; Yihao Liang; Yanzhi Song; Zhouwang Yang,721,,10.1016/j.ins.2025.122562,https://doi.org/10.1016/j.ins.2025.122562,article,Information Sciences,https://openalex.org/W4412989786
Information Sciences,Elsevier,2025,2025-08-05,Design linear fuzzy information granule-based two-layer fuzzy cognitive map for long-term time series forecasting,Fei Yang; Chenxi Ouyang; Fusheng Yu,721,,10.1016/j.ins.2025.122567,https://doi.org/10.1016/j.ins.2025.122567,article,Information Sciences,https://openalex.org/W4412980825
Information Sciences,Elsevier,2025,2025-08-05,GAN-based alignment multilevel attention network for multimodal classification of crisis events in social media,Jing Wang; Jiawei Wen; Qiang Yu; Hui Huang Zhao,721,,10.1016/j.ins.2025.122557,https://doi.org/10.1016/j.ins.2025.122557,article,Information Sciences,https://openalex.org/W4412990086
Information Sciences,Elsevier,2025,2025-08-05,On the discriminability of self-supervised representation learning,Zeen Song; Wenwen Qiang; Changwen Zheng; Fuchun Sun; Hui Yun Xiong,721,,10.1016/j.ins.2025.122556,https://doi.org/10.1016/j.ins.2025.122556,article,Information Sciences,https://openalex.org/W4412980212
Information Sciences,Elsevier,2025,2025-08-06,A novel multi-source weighted naive Bayes classifier,Guiliang Ou; Yulin He; Philippe Fournier‐Viger; Joshua Zhexue Huang,721,,10.1016/j.ins.2025.122568,https://doi.org/10.1016/j.ins.2025.122568,article,Information Sciences,https://openalex.org/W4412999506
Information Sciences,Elsevier,2025,2025-08-06,BinCOP: Automated mining of code reuse paths for binary component oriented programming,Jianqiang Lv; Cai Fu; Qiwen Yan; Shuai He; Shuai Jiang; Xiaofan Liu; Ming Liu,721,,10.1016/j.ins.2025.122563,https://doi.org/10.1016/j.ins.2025.122563,article,Information Sciences,https://openalex.org/W4413020577
Information Sciences,Elsevier,2025,2025-08-06,DecKG: Decentralized collaborative learning with knowledge graph enhancement for POI recommendation,Ruiqi Zheng; Zhaojun Steven Li; Guanhua Ye; Tong Chen; Yuhui Shi; Hongzhi Yin,721,,10.1016/j.ins.2025.122570,https://doi.org/10.1016/j.ins.2025.122570,article,Information Sciences,https://openalex.org/W4413015384
Information Sciences,Elsevier,2025,2025-08-06,Differentially private recommendation algorithm based on diffusion model and Rényi similarity,Yongdong Wang; Yongdong Wang; Yong Wang; Yong Wang; Zhiqiang Zhang; Jiangzhou Deng; Jianmei Ye; Leo Yu Zhang,721,,10.1016/j.ins.2025.122565,https://doi.org/10.1016/j.ins.2025.122565,article,Information Sciences,https://openalex.org/W4412999583
Information Sciences,Elsevier,2025,2025-08-06,Dual-view entropy-regularized nonnegative matrix factorization for attributed graph clustering,Mehrnoush Mohammadi; Kamal Berahmand; Saman Forouzandeh; Xujuan Zhou; Hassan Mozaffari Khosravi,721,,10.1016/j.ins.2025.122566,https://doi.org/10.1016/j.ins.2025.122566,article,Information Sciences,https://openalex.org/W4412999828
Information Sciences,Elsevier,2025,2025-08-06,Effective forward secure key policy attribute-based encryption with keyword search in recommendation system for Internet of vehicles,Husheng Yang; Sha Ma; Pan Zhou; Qiong Huang,721,,10.1016/j.ins.2025.122558,https://doi.org/10.1016/j.ins.2025.122558,article,Information Sciences,https://openalex.org/W4413020593
Information Sciences,Elsevier,2025,2025-08-06,ExFuzzGCN: An interpretable and expressive fuzzy-based GCN for intelligent traffic cognition,Jiyao An; Qingqin Liu; Xinjiao Qian; Jiali Chen; Jin Zhao; Lihua Zhu,721,,10.1016/j.ins.2025.122569,https://doi.org/10.1016/j.ins.2025.122569,article,Information Sciences,https://openalex.org/W4413008222
Information Sciences,Elsevier,2025,2025-08-06,Fuzzy median graph based energy efficient clustering protocol in WSN,Anandhu Mohan; Vidya Sagar Thalapala; Koppala Guravaiah; M. V. Dhanyamol,721,,10.1016/j.ins.2025.122573,https://doi.org/10.1016/j.ins.2025.122573,article,Information Sciences,https://openalex.org/W4413008240
Information Sciences,Elsevier,2025,2025-08-06,GRIND-DTI: A two-stage contrastive learning framework for drug-target interaction prediction with self-supervised drug structural embeddings,Te Guo; Hui Liu; Yingying Li; Yuting Yuan; Haoxin Jia,721,,10.1016/j.ins.2025.122575,https://doi.org/10.1016/j.ins.2025.122575,article,Information Sciences,https://openalex.org/W4413015302
Information Sciences,Elsevier,2025,2025-08-06,MAGMM: A high-dimensional outlier detection algorithm based on a memory-augmented autoencoder and the Gaussian mixture model,Zhongping Zhang; Kuo Wang; Zhibin Wang; Junji Li,721,,10.1016/j.ins.2025.122574,https://doi.org/10.1016/j.ins.2025.122574,article,Information Sciences,https://openalex.org/W4413008237
Information Sciences,Elsevier,2025,2025-08-06,Rare yet critical: Algorithms for privacy preserving rare itemset mining,Chien‐Ming Chen; Wei Li; Jianhui Lv; Saru Kumari,721,,10.1016/j.ins.2025.122572,https://doi.org/10.1016/j.ins.2025.122572,article,Information Sciences,https://openalex.org/W4413019412
Information Sciences,Elsevier,2025,2025-08-08,Bidirectional long short-term memory with style-based recalibration module for automated bundle branch block detection,Jibin Wang,721,,10.1016/j.ins.2025.122577,https://doi.org/10.1016/j.ins.2025.122577,article,Information Sciences,https://openalex.org/W4413120844
Information Sciences,Elsevier,2025,2025-08-08,Model-free guiding of Boolean control networks: Reinforcement learning and adversarial optimization,Shenglin Zhang; Yan Wang; Xiang Liu; Zhicheng Ji,721,,10.1016/j.ins.2025.122576,https://doi.org/10.1016/j.ins.2025.122576,article,Information Sciences,https://openalex.org/W4413120953
Information Sciences,Elsevier,2025,2025-08-11,Adaptive prescribed-time fuzzy fault-tolerant control of robotic manipulators with bounded gain: Theory and implementation,Shuxing Xuan; Xing Ren; Hongjing Liang; Qing Juan Guo; Tieshan Li,721,,10.1016/j.ins.2025.122578,https://doi.org/10.1016/j.ins.2025.122578,article,Information Sciences,https://openalex.org/W4413171600
Information Sciences,Elsevier,2025,2025-08-11,Counterfactual contrastive learning for robust text classification based on word group search,Rui Fang Song; Fausto Giunchiglia; Yingji Li; Lida Shi; Hao Xu,721,,10.1016/j.ins.2025.122579,https://doi.org/10.1016/j.ins.2025.122579,article,Information Sciences,https://openalex.org/W4413171114
Information Sciences,Elsevier,2025,2025-08-13,Adaptive tracking constrained control for nonlinear systems with parameter estimator triggering: A composite error/state-dependent method,Le Yi Wang; Huaguang Zhang; Juan Zhang; Zeyi Liu,721,,10.1016/j.ins.2025.122583,https://doi.org/10.1016/j.ins.2025.122583,article,Information Sciences,https://openalex.org/W4413160333
Information Sciences,Elsevier,2025,2025-08-13,CDDA: Privacy-preserving blockchain-based cross-domain dynamic authentication scheme for Healthcare 5.0,Minghui Li; Zhenyan Liu; Ning Shi; Yuanzhang Li,721,,10.1016/j.ins.2025.122580,https://doi.org/10.1016/j.ins.2025.122580,article,Information Sciences,https://openalex.org/W4413148981
Information Sciences,Elsevier,2025,2025-08-13,Mining frequent sequential patterns in fully dynamic database: A support approximation method,Kangying Li; Jun Tao; Han Yu; Chenyang Guo; Hengrui Liu,721,,10.1016/j.ins.2025.122582,https://doi.org/10.1016/j.ins.2025.122582,article,Information Sciences,https://openalex.org/W4413148966
Information Sciences,Elsevier,2025,2025-08-13,SAWD-AC: A spring-based adaptively weighted dual-stream model for aeromagnetic compensation,Yifan Li; Zihao Chen; Mingqi Lv; Tieming Chen; Jinshan Xu,721,,10.1016/j.ins.2025.122581,https://doi.org/10.1016/j.ins.2025.122581,article,Information Sciences,https://openalex.org/W4413142911
Information Sciences,Elsevier,2025,2025-08-15,A multipopulation framework for evolutionary algorithms based on fitness differences and individual distributions,Zhe Yang; Libao Deng; Chunlei Li; Yuanzhu Di; Lin Mu,721,,10.1016/j.ins.2025.122586,https://doi.org/10.1016/j.ins.2025.122586,article,Information Sciences,https://openalex.org/W4413443996
Information Sciences,Elsevier,2025,2025-08-18,A multi-view privacy-preserving knowledge distillation method with adversarial training and differential privacy,Jiayun Wu; Wei Ren; Lianchong Zhang; Xianchao Zhang; Tianqing Zhu,721,,10.1016/j.ins.2025.122588,https://doi.org/10.1016/j.ins.2025.122588,article,Information Sciences,https://openalex.org/W4413276988
Information Sciences,Elsevier,2025,2025-08-18,Attention-based model for reliable and active benefit estimation in index tuning,Tao Yu; Zhaonian Zou; Hao Xiong; Yu Yan,721,,10.1016/j.ins.2025.122587,https://doi.org/10.1016/j.ins.2025.122587,article,Information Sciences,https://openalex.org/W4413276914
Information Sciences,Elsevier,2025,2025-08-18,Bipartite time-varying formation tracking control for multiagent systems with multiple leaders subject to DoS attacks,Lianghao Ji; Kang Zhao; Chengmei Tang,721,,10.1016/j.ins.2025.122589,https://doi.org/10.1016/j.ins.2025.122589,article,Information Sciences,https://openalex.org/W4413312883
Information Sciences,Elsevier,2025,2025-08-18,Editorial Board,,718,,10.1016/s0020-0255(25)00730-3,https://doi.org/10.1016/s0020-0255(25)00730-3,paratext,Information Sciences,https://openalex.org/W4413297235
Information Sciences,Elsevier,2025,2025-08-19,Inverse Q-learning optimal control for Takagi-Sugeno fuzzy unmanned surface vehicle systems,Wenting Song; Yi Zuo; Shaocheng Tong,721,,10.1016/j.ins.2025.122600,https://doi.org/10.1016/j.ins.2025.122600,article,Information Sciences,https://openalex.org/W4413325275
Information Sciences,Elsevier,2025,2025-08-19,On the consistency of GNN explanations for malware detection,Hossein Shokouhinejad; Griffin Higgins; Roozbeh Razavi‐Far; Hesamodin Mohammadian; Ali Akbar Ghorbani,721,,10.1016/j.ins.2025.122603,https://doi.org/10.1016/j.ins.2025.122603,article,Information Sciences,https://openalex.org/W4413324272
Information Sciences,Elsevier,2025,2025-08-20,Benchmarking the three-dimensional and the numerical three-dimensional matching problems on the D-Wave Advantage quantum annealer,Komal A. Pandya; Abyayananda Maiti,721,,10.1016/j.ins.2025.122584,https://doi.org/10.1016/j.ins.2025.122584,article,Information Sciences,https://openalex.org/W4413365428
Information Sciences,Elsevier,2025,2025-08-20,Incremental learning of spatio-temporal Markov chains: An introductory theoretical framework for composite domain Markov chains,Zeynep Kumralbaş; Borahan Tümer,721,,10.1016/j.ins.2025.122590,https://doi.org/10.1016/j.ins.2025.122590,article,Information Sciences,https://openalex.org/W4413365426
Information Sciences,Elsevier,2025,2025-08-20,Towards heterogeneous tasks conflict avoidance for cross-modal federated learning via knowledge distillation,Kangning Yin; Xinhui Ji; Zhen Ding; Shaoqi Hou; Zhiguo Wang,721,,10.1016/j.ins.2025.122601,https://doi.org/10.1016/j.ins.2025.122601,article,Information Sciences,https://openalex.org/W4413349324
Information Sciences,Elsevier,2025,2025-08-21,A novel fractional-order discrete multivariable grey model with instantaneous and cumulative time delays for employment forecasting,Xiqing Zhou; Xiqing Zhou; Shiwei Zhou; Yufeng Zhao; Xuemei Li,721,,10.1016/j.ins.2025.122624,https://doi.org/10.1016/j.ins.2025.122624,article,Information Sciences,https://openalex.org/W4413385123
Information Sciences,Elsevier,2025,2025-08-21,Enhance learning efficiency of oblique decision tree via feature concatenation,Shen-Huan Lyu; Yi-Xiao He; Yanyan Wang; Zhihao Qu; Bin Tang; Baoliu Ye,721,,10.1016/j.ins.2025.122613,https://doi.org/10.1016/j.ins.2025.122613,article,Information Sciences,https://openalex.org/W4413407410
Information Sciences,Elsevier,2025,2025-08-21,One-step learning algorithm selection for classification via convolutional neural networks,Sebastián Maldonado; Carla Vairetti; Ignacio Figueroa,721,,10.1016/j.ins.2025.122610,https://doi.org/10.1016/j.ins.2025.122610,article,Information Sciences,https://openalex.org/W4413399101
Information Sciences,Elsevier,2025,2025-08-21,Resilient-based event-triggered H ∞ filtering for DoS-attack-prone interval type-2 fuzzy systems,Huilan Yang; Kaibo Shi; Jun Cheng; Xin Wang,721,,10.1016/j.ins.2025.122591,https://doi.org/10.1016/j.ins.2025.122591,article,Information Sciences,https://openalex.org/W4413389832
Information Sciences,Elsevier,2025,2025-08-21,STEMLP: A spatial-temporal embedding multi-layer perceptron for traffic flow prediction,Liming Jiang; B. X. Liu; Huanyu Wang; Shaomiao Chen; Wei Liang,721,,10.1016/j.ins.2025.122602,https://doi.org/10.1016/j.ins.2025.122602,article,Information Sciences,https://openalex.org/W4413389462
Information Sciences,Elsevier,2025,2025-08-22,A multi-scale attention Siamese point cloud network for 3D similarity matching of firing pin impressions,Binrong Yang; Linyu Huang; Yong Guo,721,,10.1016/j.ins.2025.122619,https://doi.org/10.1016/j.ins.2025.122619,article,Information Sciences,https://openalex.org/W4413451081
Information Sciences,Elsevier,2025,2025-08-22,A novel BWM-based conflict management method for interval-valued belief structure,Tao Yu; Yaxian Tang; Huizi Cui; Bingyi Kang,721,,10.1016/j.ins.2025.122617,https://doi.org/10.1016/j.ins.2025.122617,article,Information Sciences,https://openalex.org/W4413427406
Information Sciences,Elsevier,2025,2025-08-22,A novel framework for handling uncertainty: Intuitionistic fuzzy rough soft sets,Quang‐Thinh Bui; Thanh Hao Nguyen; Hung Son Nguyen; Bay Vo,722,,10.1016/j.ins.2025.122592,https://doi.org/10.1016/j.ins.2025.122592,article,Information Sciences,https://openalex.org/W4413428581
Information Sciences,Elsevier,2025,2025-08-22,A rational incentive mechanism driven group consensus optimization model by trust attenuation propagation with optimal path under social network,Huimin Qi; Yumei Xing; Gao-Feng Yu; Sha Wang; Jian Wu,721,,10.1016/j.ins.2025.122616,https://doi.org/10.1016/j.ins.2025.122616,article,Information Sciences,https://openalex.org/W4413428836
Information Sciences,Elsevier,2025,2025-08-22,Adaptive-acceleration-empowered collaborative particle swarm optimization,Wenyuan Fu,721,,10.1016/j.ins.2025.122621,https://doi.org/10.1016/j.ins.2025.122621,article,Information Sciences,https://openalex.org/W4413428645
Information Sciences,Elsevier,2025,2025-08-22,AutoVMR: An autonomous event generation and localization approach for video moment retrieval,Shu Luo; Qiwei Ma; Jiawei Wang; Da Cao; Shaofei Lu,721,,10.1016/j.ins.2025.122615,https://doi.org/10.1016/j.ins.2025.122615,article,Information Sciences,https://openalex.org/W4413451686
Information Sciences,Elsevier,2025,2025-08-22,Domain adaptation techniques for natural and medical image classification,Ahmad Chaddad; Yihang Wu; Reem Kateb; Christian Desrosiers,721,,10.1016/j.ins.2025.122608,https://doi.org/10.1016/j.ins.2025.122608,article,Information Sciences,https://openalex.org/W4413422792
Information Sciences,Elsevier,2025,2025-08-22,State estimation of stochastic temporal Boolean control networks,Lina Wang; Amol Yerudkar; Yang Liu; Jianquan Lu; Jinde Cao,721,,10.1016/j.ins.2025.122620,https://doi.org/10.1016/j.ins.2025.122620,article,Information Sciences,https://openalex.org/W4413427341
Information Sciences,Elsevier,2025,2025-08-23,Editorial Board,,719,,10.1016/s0020-0255(25)00762-5,https://doi.org/10.1016/s0020-0255(25)00762-5,paratext,Information Sciences,https://openalex.org/W4413448930
Information Sciences,Elsevier,2025,2025-08-25,Detecting the jumps from the data: Elastic anomaly detection algorithms and parameter estimation of uncertain differential equations with jumps,Jiajia Wang; Jue Lu; Lianlian Zhou; Anshui Li,721,,10.1016/j.ins.2025.122614,https://doi.org/10.1016/j.ins.2025.122614,article,Information Sciences,https://openalex.org/W4413506325
Information Sciences,Elsevier,2025,2025-08-25,The Frequency-Domain Corrected Attention Operator for solving PDEs,Qinglong Ma; Xuebin Hu; Peizhi Zhao; Xichen Cao; Sen Wang; Tao Song,721,,10.1016/j.ins.2025.122611,https://doi.org/10.1016/j.ins.2025.122611,article,Information Sciences,https://openalex.org/W4413579188
Information Sciences,Elsevier,2025,2025-08-26,A distinct classification of attention mechanisms in video understanding,Shilin Chen; Xingwang Wang; Yafeng Sun; Kun Yang; Xiaohui Wei,721,,10.1016/j.ins.2025.122609,https://doi.org/10.1016/j.ins.2025.122609,article,Information Sciences,https://openalex.org/W4413750749
Information Sciences,Elsevier,2025,2025-08-26,A novel approach to antinoise multi-granularity classification through graph-based feature selection,Xiaoyan Zhang; Xuan Shen; Weicheng Zhao,721,,10.1016/j.ins.2025.122632,https://doi.org/10.1016/j.ins.2025.122632,article,Information Sciences,https://openalex.org/W4413845729
Information Sciences,Elsevier,2025,2025-08-26,Event-based stochastic Lyapunov-type theorem and its application to leader-following multi-agent systems,Zunjie Yu; Weihai Zhang; Qingpeng Meng; Chao Guo,721,,10.1016/j.ins.2025.122622,https://doi.org/10.1016/j.ins.2025.122622,article,Information Sciences,https://openalex.org/W4413682769
Information Sciences,Elsevier,2025,2025-08-27,Multiple event detection via bi-graph attention network with syntactic and semantic features,Yi Zhang; Xin Ye; Chen Qian; Lei Zhang,721,,10.1016/j.ins.2025.122593,https://doi.org/10.1016/j.ins.2025.122593,article,Information Sciences,https://openalex.org/W4413759297
Information Sciences,Elsevier,2025,2025-08-28,A novel Retinex model for low-light image enhancement based on non-local and plug-and-play,Bao Chen; Kan Yu; Yuchao Tang; Xiaohua Ding,721,,10.1016/j.ins.2025.122625,https://doi.org/10.1016/j.ins.2025.122625,article,Information Sciences,https://openalex.org/W4413780978
Information Sciences,Elsevier,2025,2025-08-31,Social recommendation based on reputation and trust,Liangmin Guo; Rong Jiang; Shiming Zhou; Liping Sun; Xiaoyao Zheng; Yonglong Luo,721,,10.1016/j.ins.2025.122653,https://doi.org/10.1016/j.ins.2025.122653,article,Information Sciences,https://openalex.org/W4413864061
Information Sciences,Elsevier,2025,2025-09-01,Environment interval type-2 fuzzy sets,Xianliang Liu; Zhihuan Hu; Weidong Zhang; Mingzhi Liu,722,,10.1016/j.ins.2025.122612,https://doi.org/10.1016/j.ins.2025.122612,article,Information Sciences,https://openalex.org/W4413883428
Information Sciences,Elsevier,2025,2025-09-01,FedRPW: Robust and privacy-compliant watermarking framework for federated model ownership protection,Lujia Shi; Youliang Tian; Kunlong Jin; Shuai Wang; Changgen Peng; Zhou Zhou,721,,10.1016/j.ins.2025.122636,https://doi.org/10.1016/j.ins.2025.122636,article,Information Sciences,https://openalex.org/W4413884095
Information Sciences,Elsevier,2025,2025-09-02,An attack detection mechanism in smart contracts based on deep learning and feature fusion,Peiqiang Li; Guojun Wang; Wanyi Gu; Xubin Li; Xiangyong Liu; Y. T. Zhang,722,,10.1016/j.ins.2025.122645,https://doi.org/10.1016/j.ins.2025.122645,article,Information Sciences,https://openalex.org/W4413923400
Information Sciences,Elsevier,2025,2025-09-02,Further results on coded-based predefined-time consensus via nonsingular sliding mode control for multiple aerial vehicles,Panfeng Wei; Mengzhuo Luo; Jun Sheng Cheng; Xin Wang,721,,10.1016/j.ins.2025.122637,https://doi.org/10.1016/j.ins.2025.122637,article,Information Sciences,https://openalex.org/W4413941635
Information Sciences,Elsevier,2025,2025-09-02,Improving distantly supervised relation extraction via instructive hierarchical information fusion,Tingwei Li; Kai Shuang; Zhi Wang,721,,10.1016/j.ins.2025.122640,https://doi.org/10.1016/j.ins.2025.122640,article,Information Sciences,https://openalex.org/W4413941526
Information Sciences,Elsevier,2025,2025-09-02,"Interpretable, multidimensional evaluation framework for causal discovery from observational i.i.d. data",Georg Velev; Stefan Lessmann,723,,10.1016/j.ins.2025.122641,https://doi.org/10.1016/j.ins.2025.122641,article,Information Sciences,https://openalex.org/W4413914170
Information Sciences,Elsevier,2025,2025-09-02,New solutions based on the generalized eigenvalue problem for the data collaboration analysis,Yuta Kawakami; Yuichi Takano; Akira Imakura,723,,10.1016/j.ins.2025.122642,https://doi.org/10.1016/j.ins.2025.122642,article,Information Sciences,https://openalex.org/W4413914189
Information Sciences,Elsevier,2025,2025-09-02,Particle swarm optimization with problem-aware hyperparameter design for feature selection in high dimensions,Jinrui Gao; Zhenyu Lei; Tao Zheng; Lijun Guo; Yirui Wang; Shangce Gao,722,,10.1016/j.ins.2025.122638,https://doi.org/10.1016/j.ins.2025.122638,article,Information Sciences,https://openalex.org/W4413914105
Information Sciences,Elsevier,2025,2025-09-02,Spatial-frequency collaborative feature constraint based on interval type-2 fuzzy set and wavelet transform for high-resolution remote sensing image segmentation,Qianpeng Chong; Rong Ma; Jindong Xu; Guangyi Wei; Yao Long; Wenyi Zeng; Dong Cheng,721,,10.1016/j.ins.2025.122639,https://doi.org/10.1016/j.ins.2025.122639,article,Information Sciences,https://openalex.org/W4413915722
Information Sciences,Elsevier,2025,2025-09-03,Durrmeyer deep neural networks: Bridging deep learning and dynamic brain functional connectivity,Uğur Kadak,722,,10.1016/j.ins.2025.122623,https://doi.org/10.1016/j.ins.2025.122623,article,Information Sciences,https://openalex.org/W4413951596
Information Sciences,Elsevier,2025,2025-09-03,Mean square event-triggered formation control for multi-agent systems under stochastic switching topologies,Guoying Miao; Yiming Zhao; Tao Li; Jinde Cao; Hanen Karamti,722,,10.1016/j.ins.2025.122643,https://doi.org/10.1016/j.ins.2025.122643,article,Information Sciences,https://openalex.org/W4413950549
Information Sciences,Elsevier,2025,2025-09-03,Minimum initial state estimation of labeled time Petri nets in the presence of unobservable transitions,Liang Li; Wang Chen; Huimin Zhang; Ding Liu,722,,10.1016/j.ins.2025.122618,https://doi.org/10.1016/j.ins.2025.122618,article,Information Sciences,https://openalex.org/W4413948031
Information Sciences,Elsevier,2025,2025-09-03,Three-way partitioning graphs with reinforcement learning for adaptive knowledge tracing,Kai Zhang; Lulu Bi; Jinrong Xiong; Qi Wu; Xinyu Zhu,721,,10.1016/j.ins.2025.122644,https://doi.org/10.1016/j.ins.2025.122644,article,Information Sciences,https://openalex.org/W4413950448
Information Sciences,Elsevier,2025,2025-09-04,Unified graph-based framework for visual explainability in convolutional neural networks,Basim Azam; Pubudu Sanjeewani; Brijesh Verma; Ashfaqur Rahman; Lipo Wang,723,,10.1016/j.ins.2025.122648,https://doi.org/10.1016/j.ins.2025.122648,article,Information Sciences,https://openalex.org/W4413983892
Information Sciences,Elsevier,2025,2025-09-05,Attention-based spatial-temporal interactive couple neural networks for multivariate time series forecasting,Bingsheng Wei; Yonghua Hei; Yuan Wan,723,,10.1016/j.ins.2025.122647,https://doi.org/10.1016/j.ins.2025.122647,article,Information Sciences,https://openalex.org/W4414010639
Information Sciences,Elsevier,2025,2025-09-05,Editorial Board,,720,,10.1016/s0020-0255(25)00793-5,https://doi.org/10.1016/s0020-0255(25)00793-5,paratext,Information Sciences,https://openalex.org/W4414019610
Information Sciences,Elsevier,2025,2025-09-05,Quantization-aware matrix factorization for low bit rate image compression,Pooya Ashtari; Pourya Behmandpoor; Fateme Nateghi Haredasht; Jonathan H. Chen; Panagiotis Patrinos; Sabine Van Huffel,722,,10.1016/j.ins.2025.122646,https://doi.org/10.1016/j.ins.2025.122646,article,Information Sciences,https://openalex.org/W4414011976
Information Sciences,Elsevier,2025,2025-09-05,Set membership filter with nonlinear state inequality constraints,Xiaowei Li; Xuqi Zhang; Zhiguo Wang; Xiaojing Shen,723,,10.1016/j.ins.2025.122650,https://doi.org/10.1016/j.ins.2025.122650,article,Information Sciences,https://openalex.org/W4414030990
Information Sciences,Elsevier,2025,2025-09-08,Dynamic event-triggered finite-time actor-critic-identifier-based approximate optimal control for unknown nonlinear drifted systems,Shuangsi Xue; Junkai Tan; Zihang Guo; Qingshu Guan; Hui Cao; Badong Chen,723,,10.1016/j.ins.2025.122651,https://doi.org/10.1016/j.ins.2025.122651,article,Information Sciences,https://openalex.org/W4414057927
Information Sciences,Elsevier,2025,2025-09-08,SeqRFM: Fast RFM analysis in sequence data,Yanxin Zheng; Wensheng Gan; Zefeng Chen; Pinlyu Zhou; Philippe Fournier‐Viger,723,,10.1016/j.ins.2025.122652,https://doi.org/10.1016/j.ins.2025.122652,article,Information Sciences,https://openalex.org/W4414058216
Information Sciences,Elsevier,2025,2025-09-09,Bi-objective optimization for electric vehicle scheduling under vehicle-to-grid integration,Bing Yu; Yong Liu; Liang Ma,723,,10.1016/j.ins.2025.122649,https://doi.org/10.1016/j.ins.2025.122649,article,Information Sciences,https://openalex.org/W4414164954
Information Sciences,Elsevier,2025,2025-09-09,Energy-related controllability of corona product networks,Qiang Frankie Zhang; Junjie Huang; Bo Liu; Housheng Su; Alatancang Chen,723,,10.1016/j.ins.2025.122654,https://doi.org/10.1016/j.ins.2025.122654,article,Information Sciences,https://openalex.org/W4414144804
Information Sciences,Elsevier,2025,2025-09-10,Escrow-free attribute based signature with constant-size for the internet of things,Xudong Liu; Xiaojun Tong; Yihui Wang,723,,10.1016/j.ins.2025.122679,https://doi.org/10.1016/j.ins.2025.122679,article,Information Sciences,https://openalex.org/W4414100836
Information Sciences,Elsevier,2025,2025-09-10,Subsequence heterogeneity contrastive learning for time series anomaly detection,Zhibin Zhang; Xiaohong Zhang; Xiaohong Zhang; Qiang Li; Chun Huang; Tao Yin; Yan Meng,723,,10.1016/j.ins.2025.122680,https://doi.org/10.1016/j.ins.2025.122680,article,Information Sciences,https://openalex.org/W4414107902
Information Sciences,Elsevier,2025,2025-09-11,A semi-heterogeneous ensemble forecasting method for stock returns based on sentiment analysis,Xiao Zhang; Пэйдэ Лю; Jing Feng,723,,10.1016/j.ins.2025.122655,https://doi.org/10.1016/j.ins.2025.122655,article,Information Sciences,https://openalex.org/W4414153950
Information Sciences,Elsevier,2025,2025-09-11,ConvDiff: Multi-scale spatio-temporal convolutional networks with latent diffusion models for dynamic system modeling,Yuyang Zhao; Yuhan Wu; Yongmei Wang,723,,10.1016/j.ins.2025.122656,https://doi.org/10.1016/j.ins.2025.122656,article,Information Sciences,https://openalex.org/W4414105420
Information Sciences,Elsevier,2025,2025-09-11,Distributed data-driven event-triggered secure consensus control of MASs: A global preset-time performance constraint method,Runze Chen; Xiang‐Gui Guo; Yuan‐Xin Li,723,,10.1016/j.ins.2025.122672,https://doi.org/10.1016/j.ins.2025.122672,article,Information Sciences,https://openalex.org/W4414120973
Information Sciences,Elsevier,2025,2025-09-11,Improved query specialization for transformer-based visual relationship detection,Jongha Kim; Jihwan Park; Jinyoung Park; Jinyoung Kim; Sehyung Kim; Hyunwoo J. Kim,723,,10.1016/j.ins.2025.122668,https://doi.org/10.1016/j.ins.2025.122668,article,Information Sciences,https://openalex.org/W4414105680
Information Sciences,Elsevier,2025,2025-09-12,Reinforced Heterogeneous Graphlet Design for Knowledge Graph Representation Learning,Jibing Gong; Yuting Lin; Yi Zhao; Tianyu Lin; Xiaohan Fang; Xinchao Feng; Jiquan Peng,723,,10.1016/j.ins.2025.122670,https://doi.org/10.1016/j.ins.2025.122670,article,Information Sciences,https://openalex.org/W4414142690
Information Sciences,Elsevier,2025,2025-09-13,Spatio-frequency texture analysis using wavelet increment entropy: Methodology and application to MRI in multiple sclerosis,Muqaddas Abid; Muhammad Suzuri Hitam; Rozniza Ali; Hamed Azami; Anne Humeau‐Heurtier,723,,10.1016/j.ins.2025.122669,https://doi.org/10.1016/j.ins.2025.122669,article,Information Sciences,https://openalex.org/W4416118636
Information Sciences,Elsevier,2025,2025-09-15,SEAD-MGFE-Net: Schrödinger equation-based adaptive dropout multi-granular feature enhancement network for conversational aspect-based sentiment quadruple analysis,Wei Liu; Xiaoliang Chen; Duoqian Miao; Hongyun Zhang; Xiaolin Qin; Shangyi Du; Peng Lu,723,,10.1016/j.ins.2025.122684,https://doi.org/10.1016/j.ins.2025.122684,article,Information Sciences,https://openalex.org/W4414187888
Information Sciences,Elsevier,2025,2025-09-16,Data stream clustering via fuzzy similarity and diffusion-enhanced contextual affinity,Yao Li; Ming Chi; Wei Lu; Xiaodong Liu; Witold Pedrycz,723,,10.1016/j.ins.2025.122690,https://doi.org/10.1016/j.ins.2025.122690,article,Information Sciences,https://openalex.org/W4414253664
Information Sciences,Elsevier,2025,2025-09-16,Deep dual contrastive learning for multi-view subspace clustering,Xincan Lin; Jie Lian; Zhihao Wu; Jielong Lu; Shiping Wang,723,,10.1016/j.ins.2025.122678,https://doi.org/10.1016/j.ins.2025.122678,article,Information Sciences,https://openalex.org/W4414253948
Information Sciences,Elsevier,2025,2025-09-16,Existence of nash equilibrium in single-leader multiple-follower games with min-max interval payoffs,Daping Zhang; Yanlong Yang; Xicai Deng,723,,10.1016/j.ins.2025.122691,https://doi.org/10.1016/j.ins.2025.122691,article,Information Sciences,https://openalex.org/W4414255505
Information Sciences,Elsevier,2025,2025-09-16,Multi-branch semantic alignment for few-shot image classification,Zijun Zheng; Heng Wu; Laishui Lv; Changchun Zhang; Hongcheng Guo; Shanzhou Niu; Gaohang Yu,723,,10.1016/j.ins.2025.122676,https://doi.org/10.1016/j.ins.2025.122676,article,Information Sciences,https://openalex.org/W4414221249
Information Sciences,Elsevier,2025,2025-09-16,Robust watermarking for diffusion model generated images,Ziqi Liu; Yuan Chen Guo; Liansuo Wei,723,,10.1016/j.ins.2025.122686,https://doi.org/10.1016/j.ins.2025.122686,article,Information Sciences,https://openalex.org/W4414253659
Information Sciences,Elsevier,2025,2025-09-16,Transferable adversarial attacks on human pose estimation: A regularization and pruning framework,Renguang Chen; Xuechao Yang; Xun Yi; Zhide Chen; Chen Feng; Xu Yang; Kexin Zhu; Iqbal Gondal,723,,10.1016/j.ins.2025.122674,https://doi.org/10.1016/j.ins.2025.122674,article,Information Sciences,https://openalex.org/W4414230730
Information Sciences,Elsevier,2025,2025-09-17,A relation classification and aggregation algorithm for bipartite-type multi-relational heterogeneous graphs,Hua Duan; Shiduo Wang; Yufei Zhao; Hua Liu; Xiaotong Li,723,,10.1016/j.ins.2025.122687,https://doi.org/10.1016/j.ins.2025.122687,article,Information Sciences,https://openalex.org/W4414298589
Information Sciences,Elsevier,2025,2025-09-17,DPRO-GNN: Bridging differential privacy and advanced optimization for privacy-preserving graph learning,Yanan Bai; Liji Xiao; Hongbo Zhao; Xiaoyu Shi,723,,10.1016/j.ins.2025.122695,https://doi.org/10.1016/j.ins.2025.122695,article,Information Sciences,https://openalex.org/W4414300195
Information Sciences,Elsevier,2025,2025-09-17,Large language model assisted hierarchical reinforcement learning training,Qianxi Li; Bao Jun Pang; Yong Song; Hongze Fu; Q. Xu; Xianfeng Yuan; Xiaolong Xu; Chengjin Zhang,723,,10.1016/j.ins.2025.122688,https://doi.org/10.1016/j.ins.2025.122688,article,Information Sciences,https://openalex.org/W4414277671
Information Sciences,Elsevier,2025,2025-09-18,A novel approach for shortest optimal reduct computation,Gulshan Kumar; Abhimanyu Bar; P. S. V. S. Sai Prasad,723,,10.1016/j.ins.2025.122692,https://doi.org/10.1016/j.ins.2025.122692,article,Information Sciences,https://openalex.org/W4414343683
Information Sciences,Elsevier,2025,2025-09-18,FedWAPR: Bridging theory and practice in probability-driven weighted aggregation for federated learning,Abdullah Abdul Sattar Shaikh; M S Bhargavi; C. Pavan Kumar,723,,10.1016/j.ins.2025.122697,https://doi.org/10.1016/j.ins.2025.122697,article,Information Sciences,https://openalex.org/W4414306926
Information Sciences,Elsevier,2025,2025-09-19,Long- and short-term preferences modeling based on dual-frequency self-attention network for sequential recommendation,Kaiwei Xu; Yongquan Fan; Jing Tang; Xianyong Li; Yajun Du; Xiaomin Wang,723,,10.1016/j.ins.2025.122700,https://doi.org/10.1016/j.ins.2025.122700,article,Information Sciences,https://openalex.org/W4414366272
Information Sciences,Elsevier,2025,2025-09-19,PUWR-TSSG: A CMAB-based post-unknown worker recruitment scheme for Three-Stage Stackelberg Games in Mobile Crowd Sensing,Kejia Fan; Jianheng Tang; Yaohui Han; Yuhao Zheng; Yajiang Huang; Anfeng Liu; Naixue N. Xiong; Shaobo Zhang; Tian Wang; Mianxiong Dong,723,,10.1016/j.ins.2025.122693,https://doi.org/10.1016/j.ins.2025.122693,article,Information Sciences,https://openalex.org/W4414366309
Information Sciences,Elsevier,2025,2025-09-24,Complex network evolution with node strategies driven by information entropy,Ze Ran Yang; Youliang Tian; Jinbo Xiong; Mengqian Li; Kun Wang Niu; Die Zhou; Jianfeng Ma,724,,10.1016/j.ins.2025.122713,https://doi.org/10.1016/j.ins.2025.122713,article,Information Sciences,https://openalex.org/W4414462632
Information Sciences,Elsevier,2025,2025-09-24,Data-driven aviation safety risk assessment: An integrated framework combining FMEA and quantum probability theory,Mei Cai; Shaoyue Sun,724,,10.1016/j.ins.2025.122689,https://doi.org/10.1016/j.ins.2025.122689,article,Information Sciences,https://openalex.org/W4414484942
Information Sciences,Elsevier,2025,2025-09-24,Editorial Board,,721,,10.1016/s0020-0255(25)00854-0,https://doi.org/10.1016/s0020-0255(25)00854-0,paratext,Information Sciences,https://openalex.org/W4414461731
Information Sciences,Elsevier,2025,2025-09-24,Fuzzy platoon control for CAVs with input constraints,Xuelin Yin; Zilin Gao; Min Su You; Changyuan Guo,724,,10.1016/j.ins.2025.122709,https://doi.org/10.1016/j.ins.2025.122709,article,Information Sciences,https://openalex.org/W4414484938
Information Sciences,Elsevier,2025,2025-09-24,Resilient distributed localization for mobile sensor networks under malicious attacks,Yuan-Wei Lv; Guang‐Hong Yang; Georgi Marko Dimirovski,724,,10.1016/j.ins.2025.122708,https://doi.org/10.1016/j.ins.2025.122708,article,Information Sciences,https://openalex.org/W4414485165
Information Sciences,Elsevier,2025,2025-09-26,A cognitive dual-attention network with feature specificity for automated CRC polyp detection,T. P. Raseena; Sadhu Ramakrishnan Balasundaram; Jitendra Kumar,725,,10.1016/j.ins.2025.122727,https://doi.org/10.1016/j.ins.2025.122727,article,Information Sciences,https://openalex.org/W4414547722
Information Sciences,Elsevier,2025,2025-09-26,A novel distributionally robust uncertain optimization method with application to bus bridging service under rail disruptions,Shize Ning; Hongguang Ma,725,,10.1016/j.ins.2025.122683,https://doi.org/10.1016/j.ins.2025.122683,article,Information Sciences,https://openalex.org/W4414547541
Information Sciences,Elsevier,2025,2025-09-26,A survey of folding-based zero-knowledge proofs,Cyprian Omukhwaya Sakwa; Andrew Omala Anyembe; Fagen Li,724,,10.1016/j.ins.2025.122698,https://doi.org/10.1016/j.ins.2025.122698,article,Information Sciences,https://openalex.org/W4414540609
Information Sciences,Elsevier,2025,2025-09-26,FGNet: Robust lane detection for autonomous driving via frequency-guided feature enhancement,Zilong Zhou; Xuyang Lu; Ping Liu; Haibo Huang,724,,10.1016/j.ins.2025.122694,https://doi.org/10.1016/j.ins.2025.122694,article,Information Sciences,https://openalex.org/W4414547409
Information Sciences,Elsevier,2025,2025-09-26,Optimizing the number of floorplanning layers for stacked integrated circuits based on spiking variational graph auto-encoders,Kaikai Qiao; Chen Ai; Lidan Wang; Shukai Duan,724,,10.1016/j.ins.2025.122681,https://doi.org/10.1016/j.ins.2025.122681,article,Information Sciences,https://openalex.org/W4414547457
Information Sciences,Elsevier,2025,2025-09-27,Social-semantic enhanced dual-intent hypergraph collaborative filtering,Xianji Cui; Jinhua Zhang; Lan Yan; Shan Huang,725,,10.1016/j.ins.2025.122714,https://doi.org/10.1016/j.ins.2025.122714,article,Information Sciences,https://openalex.org/W4414588357
Information Sciences,Elsevier,2025,2025-09-29,"Information suppression in large language models: Auditing, quantifying, and characterizing censorship in DeepSeek",Peiran Qiu; Siyi Zhou; Emilio Ferrara,724,,10.1016/j.ins.2025.122702,https://doi.org/10.1016/j.ins.2025.122702,article,Information Sciences,https://openalex.org/W4414606756
Information Sciences,Elsevier,2025,2025-09-30,Enhancing usability in face privacy protection via vision-language guided diffusion model,Zhifeng Xu; Peiyao Yuan; Yiru Chen Zhao; Lei Zhao,725,,10.1016/j.ins.2025.122736,https://doi.org/10.1016/j.ins.2025.122736,article,Information Sciences,https://openalex.org/W4414620284
Information Sciences,Elsevier,2025,2025-09-30,FedPure: Data poisoning attack detection and purification for federated skeleton-based action recognition,Min Hyuk Kim; Eun-Gi Lee; Seok Bong Yoo,725,,10.1016/j.ins.2025.122733,https://doi.org/10.1016/j.ins.2025.122733,article,Information Sciences,https://openalex.org/W4414620262
Information Sciences,Elsevier,2025,2025-09-30,HP2: Hybrid and precision-guided filter pruning for CNN compression,Zhichao Zhao; Shangwei Guo; Jialing He; Yafei Li; Run Wang; Tao Xiang,725,,10.1016/j.ins.2025.122741,https://doi.org/10.1016/j.ins.2025.122741,article,Information Sciences,https://openalex.org/W4414654362
Information Sciences,Elsevier,2025,2025-09-30,The envelope of one-dimensional discrete-time quantum walk,Yunguo Lin; Shuiying Cai,726,,10.1016/j.ins.2025.122722,https://doi.org/10.1016/j.ins.2025.122722,article,Information Sciences,https://openalex.org/W4414673787
Information Sciences,Elsevier,2025,2025-10-01,3WD-DRT: A three-way decision enhanced dynamic routing transformer for cost-sensitive multimodal sentiment analysis,Haoyu Jiang; Xiaoliang Chen; Duoqian Miao; Hongyun Zhang; Xiaolin Qin; Shangyi Du; Peng Lü,725,,10.1016/j.ins.2025.122704,https://doi.org/10.1016/j.ins.2025.122704,article,Information Sciences,https://openalex.org/W4414681521
Information Sciences,Elsevier,2025,2025-10-01,Robust deep network learning of nonlinear regression tasks by parametric leaky exponential linear units (LELUs) and a diffusion metric,Enda Dimitri Vieira Bigarella,725,,10.1016/j.ins.2025.122739,https://doi.org/10.1016/j.ins.2025.122739,article,Information Sciences,https://openalex.org/W4414681527
Information Sciences,Elsevier,2025,2025-10-03,AG-GNN: Adaptive gating mechanism for robust node classification in graph neural networks,Ahmed Begga; Miguel Ángel Lozano; Francisco Javier Escolano,726,,10.1016/j.ins.2025.122750,https://doi.org/10.1016/j.ins.2025.122750,article,Information Sciences,https://openalex.org/W4414785924
Information Sciences,Elsevier,2025,2025-10-03,Behavioral pattern clustering for thematic user segmentation in web interaction environments,Suma Srinath; Nagaraju Baydeti,724,,10.1016/j.ins.2025.122745,https://doi.org/10.1016/j.ins.2025.122745,article,Information Sciences,https://openalex.org/W4414770420
Information Sciences,Elsevier,2025,2025-10-03,"Information-theoretic and Bayesian model selection for physics-based modeling: Balancing fit, complexity, and generalization",Xinyue Xu; Julian Wang,726,,10.1016/j.ins.2025.122743,https://doi.org/10.1016/j.ins.2025.122743,article,Information Sciences,https://openalex.org/W4414797143
Information Sciences,Elsevier,2025,2025-10-03,Multi-granularity spectral graph coarsening,Jinyuan Ni; Long Chen; Ning Mei Yu,726,,10.1016/j.ins.2025.122748,https://doi.org/10.1016/j.ins.2025.122748,article,Information Sciences,https://openalex.org/W4414804181
Information Sciences,Elsevier,2025,2025-10-04,A novel seasonal grey Euler model with three parameter-interval grey numbers for forecasting power generation,Feifei Huang; Xiangfu Zeng; Shuli Yan,726,,10.1016/j.ins.2025.122738,https://doi.org/10.1016/j.ins.2025.122738,article,Information Sciences,https://openalex.org/W4414797382
Information Sciences,Elsevier,2025,2025-10-04,Bi-coalitions analysis in the rough sets conflict model,Rafał Deja; Małgorzata Przybyła‐Kasperek,725,,10.1016/j.ins.2025.122746,https://doi.org/10.1016/j.ins.2025.122746,article,Information Sciences,https://openalex.org/W4414816748
Information Sciences,Elsevier,2025,2025-10-04,Distributed output-feedback optimization for uncertain nonlinear multi-agent systems with unknown input delay,Linxuan Du; Ping Li; Zhibao Song; Zhen Wang; Wenhui Liu,725,,10.1016/j.ins.2025.122744,https://doi.org/10.1016/j.ins.2025.122744,article,Information Sciences,https://openalex.org/W4414816760
Information Sciences,Elsevier,2025,2025-10-04,Four new ordered weighted averaging weights generators for regular increasingly monotonic functions,LeSheng Jin; Yi Yang; Zhen‐Song Chen,725,,10.1016/j.ins.2025.122751,https://doi.org/10.1016/j.ins.2025.122751,article,Information Sciences,https://openalex.org/W4414808077
Information Sciences,Elsevier,2025,2025-10-04,Mitigating malware prevalence in networks with arbitrary topologies: a Flip-It cyber game approach integrated with epidemic modeling,Mousa Tayseer Jafar; Lu‐Xing Yang; Gang Li; Robin Doss; Kon Mouzakis; Rajesh Vasa; Helge Janicke; Ahmed Jamal Ibrahim; Ahmad Mohsin; Iqbal H. Sarker; Kristen Moore; Seyit Ahmet Camtepe; Diksha Goel,726,,10.1016/j.ins.2025.122753,https://doi.org/10.1016/j.ins.2025.122753,article,Information Sciences,https://openalex.org/W4414816728
Information Sciences,Elsevier,2025,2025-10-04,Self-triggered secure bipartite formation for MASs against byzantine attacks: A distributed unknown input observer approach,Younan Zhao; Fanglai Zhu; Xufeng Ling,726,,10.1016/j.ins.2025.122752,https://doi.org/10.1016/j.ins.2025.122752,article,Information Sciences,https://openalex.org/W4414797363
Information Sciences,Elsevier,2025,2025-10-07,Parametrically perturbed logistic map - a new approach based on the least significant bits in the state variable’s representation,Madhu Sharma,725,,10.1016/j.ins.2025.122737,https://doi.org/10.1016/j.ins.2025.122737,article,Information Sciences,https://openalex.org/W4414903032
Information Sciences,Elsevier,2025,2025-10-08,Denoising precedes enrichment: aspect-sentiment-aware graph contrastive distillation network for review-based recommendation,Tongtong Yu; Sheng Sang; Kang Liu,726,,10.1016/j.ins.2025.122756,https://doi.org/10.1016/j.ins.2025.122756,article,Information Sciences,https://openalex.org/W4414938680
Information Sciences,Elsevier,2025,2025-10-08,KACNet: Enhancing CNN feature representation with Kolmogorov-Arnold networks for medical image segmentation and classification,Deguang Li; Zeyan Jin; Chuhuai Guan; Ji Lin; Yudong Zhang; Yudong Zhang; Zhaozhao Xu; Jiyong Zhang,726,,10.1016/j.ins.2025.122760,https://doi.org/10.1016/j.ins.2025.122760,article,Information Sciences,https://openalex.org/W4414946633
Information Sciences,Elsevier,2025,2025-10-09,Concept learning for algorithmic reasoning: Insights from SAT-solving GNNs,Elad Shoham; H. Cohen; Khalil Wattad; Havana Rika; Dan Vilenchik,726,,10.1016/j.ins.2025.122754,https://doi.org/10.1016/j.ins.2025.122754,article,Information Sciences,https://openalex.org/W4415010390
Information Sciences,Elsevier,2025,2025-10-09,Dense subgraph mining in dynamic bipartite graphs,Wen Bai; Xiaodong Zhu; Yuncheng Jiang,726,,10.1016/j.ins.2025.122758,https://doi.org/10.1016/j.ins.2025.122758,article,Information Sciences,https://openalex.org/W4415010073
Information Sciences,Elsevier,2025,2025-10-09,Effective knowledge transfer with adaptive distribution alignment and solution quality prediction in evolutionary multiobjective multitasking,Rui Yang; Zichao Ma; Yutao Qi; Jiaqian Wang; Yuanxi Che; Xiaoliang Ma; Haibin Zhang,729,,10.1016/j.ins.2025.122770,https://doi.org/10.1016/j.ins.2025.122770,article,Information Sciences,https://openalex.org/W4414978297
Information Sciences,Elsevier,2025,2025-10-09,Large language model as meta-surrogate for offline data-driven many-task optimization: A proof-of-principle study,Xianrong Zhang; Yue‐Jiao Gong; Yuan-Ting Zhong; Ting Huang; Jun J. Zhang,726,,10.1016/j.ins.2025.122762,https://doi.org/10.1016/j.ins.2025.122762,article,Information Sciences,https://openalex.org/W4414978291
Information Sciences,Elsevier,2025,2025-10-09,Two birds with one stone: Query-dependent moment retrieval in muted video or audio via inter-token interactions,Guolong Wang; Xun Tu; Sutian Hou; Yifei Cao; Ying Lin; Yu Liu,728,,10.1016/j.ins.2025.122771,https://doi.org/10.1016/j.ins.2025.122771,article,Information Sciences,https://openalex.org/W4414978307
Information Sciences,Elsevier,2025,2025-10-10,An efficient technique for keratoconus disease prediction by utilizing extensive feature extraction and AI method,Anuragh Vijjapu; A V S Surya Varma; Kapula Kalyani; Vijendra Kumar; N. P. Dharani; S Murthy,727,,10.1016/j.ins.2025.122740,https://doi.org/10.1016/j.ins.2025.122740,article,Information Sciences,https://openalex.org/W4415029945
Information Sciences,Elsevier,2025,2025-10-10,BufferNAS: Buffer pool sampling in neural architecture search,Hongzhi Wang; Chunnan Wang; Xintong Song; Fei Geng,726,,10.1016/j.ins.2025.122731,https://doi.org/10.1016/j.ins.2025.122731,article,Information Sciences,https://openalex.org/W4415029779
Information Sciences,Elsevier,2025,2025-10-11,A UAV tracking framework via motion-decoupled trajectory prediction and occlusion handling,Tim Xiao; Yonghua Lu; Di Xu; Zhicheng Ma; Hailong Qian; Yan Liu; Yinlong Zhu,726,,10.1016/j.ins.2025.122784,https://doi.org/10.1016/j.ins.2025.122784,article,Information Sciences,https://openalex.org/W4415080797
Information Sciences,Elsevier,2025,2025-10-11,AFMT:Adaptive frequency decomposition and multi-scale transformer for time series forecasting,Li Zhu; Xu Wanru; Zhu Chunqiang; Gao Jingkai; Mi Lugema; Fan Deng; Qu Jinqi,726,,10.1016/j.ins.2025.122735,https://doi.org/10.1016/j.ins.2025.122735,article,Information Sciences,https://openalex.org/W4415075974
Information Sciences,Elsevier,2025,2025-10-11,An adaptive sequential three-way decision-making model via dynamic fusion of incomplete mixed data considering misclassification penalty from holistic and incremental perspectives,Jiali Zhang; Yan Tu; Zhongyong Wan; Linqi Cheng; Benjamin Lev,727,,10.1016/j.ins.2025.122785,https://doi.org/10.1016/j.ins.2025.122785,article,Information Sciences,https://openalex.org/W4415083588
Information Sciences,Elsevier,2025,2025-10-11,Customer satisfaction optimization in due-aware multi-agent path finding,Jianqi Gao; Yanjie Li; Xiongtao Shi; Kejian Yan,727,,10.1016/j.ins.2025.122782,https://doi.org/10.1016/j.ins.2025.122782,article,Information Sciences,https://openalex.org/W4415082065
Information Sciences,Elsevier,2025,2025-10-11,Dynamic location search for identifying maximum weighted independent sets in complex networks,Enqiang Zhu; Qiqi Bao; Chenkai Hao; Chanjuan Liu; Yongsheng Rao,727,,10.1016/j.ins.2025.122761,https://doi.org/10.1016/j.ins.2025.122761,article,Information Sciences,https://openalex.org/W4416288847
Information Sciences,Elsevier,2025,2025-10-11,Fuzzy variational calculus in linearly correlated space: Part II,Gastão S. F. Frederico; Estevão Esmi; Laécio Carvalho de Barros,727,,10.1016/j.ins.2025.122774,https://doi.org/10.1016/j.ins.2025.122774,article,Information Sciences,https://openalex.org/W4415082451
Information Sciences,Elsevier,2025,2025-10-11,Integrated LOPCOW-AROMAN framework with softmax hamacher information aggregation: Enhancing airport security screening efficiency in uncertain environment,Muhammad Tahir Riaz; Tehmina Shahzadi; Muhammad Saqlain; José M. Merigó,727,,10.1016/j.ins.2025.122776,https://doi.org/10.1016/j.ins.2025.122776,article,Information Sciences,https://openalex.org/W4415076276
Information Sciences,Elsevier,2025,2025-10-11,LWDiffusion: Node role detection in complex networks via legendre wavelet diffusion model,Yanfei Liu; Dezhi Liu; Di Jin; Wenjun Wang; Xiaoyang Zheng; Chengbo Yu,726,,10.1016/j.ins.2025.122749,https://doi.org/10.1016/j.ins.2025.122749,article,Information Sciences,https://openalex.org/W4415078066
Information Sciences,Elsevier,2025,2025-10-11,Passivity-based variable damped sliding mode control for cable-driven wave motion compensation device under hybrid disturbances,Zongbin Hou; Ruihao Sui; Yuan Chen,726,,10.1016/j.ins.2025.122742,https://doi.org/10.1016/j.ins.2025.122742,article,Information Sciences,https://openalex.org/W4415072402
Information Sciences,Elsevier,2025,2025-10-11,Query-guided expansion and contraction of document sets,Arne Deloose; Bernard De Baets; Jan Verwaeren,726,,10.1016/j.ins.2025.122779,https://doi.org/10.1016/j.ins.2025.122779,article,Information Sciences,https://openalex.org/W4415084509
Information Sciences,Elsevier,2025,2025-10-13,Multi-source control bumps suppression of switched delayed systems with quantization under hybrid switching,Siyuan Zhang; Hong Sang; Hong Shan Nie; Georgi Marko Dimirovski; Qingyu Su,727,,10.1016/j.ins.2025.122729,https://doi.org/10.1016/j.ins.2025.122729,article,Information Sciences,https://openalex.org/W4415122011
Information Sciences,Elsevier,2025,2025-10-14,Hesitant fuzzy linguistic term set based preference representation for composite decision makers in the graph model for conflict resolution,Yuming Huang; Bingfeng Ge; Keith William Hipel; Jichao Li; Jiang Jiang; Kewei Yang,728,,10.1016/j.ins.2025.122763,https://doi.org/10.1016/j.ins.2025.122763,article,Information Sciences,https://openalex.org/W4415140567
Information Sciences,Elsevier,2025,2025-10-15,A heterogeneous data envelopment analysis for rescue route assessment incorporating best-worst method-based weight constraints,Luo Wen; Ze-hui Chen; Deng-feng Wu; Xiao‐Yun Lu,727,,10.1016/j.ins.2025.122792,https://doi.org/10.1016/j.ins.2025.122792,article,Information Sciences,https://openalex.org/W4415220910
Information Sciences,Elsevier,2025,2025-10-15,A manifold embedding-based evolutionary algorithm for many-objective optimization with irregular Pareto front shapes,Zhuanlian Ding; Jinyu Wang; Xihong Jiang; Xingyi Zhang; Dengdi Sun,727,,10.1016/j.ins.2025.122793,https://doi.org/10.1016/j.ins.2025.122793,article,Information Sciences,https://openalex.org/W4415203031
Information Sciences,Elsevier,2025,2025-10-15,A multi-population co-evolutionary algorithm based on dual-space division for dynamic multi-objective optimization problems,Yaru Hu; Jiaru Xia; Jao J. Ou; Yanjie Song; Jun Li; Jinhua Zheng; Gai‐Ge Wang; Yue Zhang,728,,10.1016/j.ins.2025.122712,https://doi.org/10.1016/j.ins.2025.122712,article,Information Sciences,https://openalex.org/W4415184575
Information Sciences,Elsevier,2025,2025-10-15,Explainable multivariate time series anomaly detection by feature graph structure learning,Xu Wei; Hongbo Wang; Zhenping Xie,727,,10.1016/j.ins.2025.122789,https://doi.org/10.1016/j.ins.2025.122789,article,Information Sciences,https://openalex.org/W4415220920
Information Sciences,Elsevier,2025,2025-10-15,New amplified inequalities and their application on mittag-leffler synchronization problem of fractional-order fuzzy bidirectional associative memory neural networks in octonion-valued field by using a genetic algorithm,Jianying Xiao; Shiping Wen; Xiao Yan Guo; Yongtao Li,727,,10.1016/j.ins.2025.122747,https://doi.org/10.1016/j.ins.2025.122747,article,Information Sciences,https://openalex.org/W4415184557
Information Sciences,Elsevier,2025,2025-10-15,Parameter adaptive segmentation algorithm based on temporal-weighted clustering for time series tensor,Ling Wang; Rongxian Wang,728,,10.1016/j.ins.2025.122795,https://doi.org/10.1016/j.ins.2025.122795,article,Information Sciences,https://openalex.org/W4415216271
Information Sciences,Elsevier,2025,2025-10-15,Preset-time distributed algorithm for time-varying constrained optimization on multiplex networks,Fengyang Zhao; Siyu Chen,726,,10.1016/j.ins.2025.122734,https://doi.org/10.1016/j.ins.2025.122734,article,Information Sciences,https://openalex.org/W4415216341
Information Sciences,Elsevier,2025,2025-10-15,Progressive semantic refinement hashing for cross-modal retrieval,Zhiying Cui; Hongbin Ma,727,,10.1016/j.ins.2025.122783,https://doi.org/10.1016/j.ins.2025.122783,article,Information Sciences,https://openalex.org/W4415216288
Information Sciences,Elsevier,2025,2025-10-16,Federated domain generalization with source knowledge preservation via discriminative ensembles,YongHoon Kang; Jee-Hyong Lee,727,,10.1016/j.ins.2025.122804,https://doi.org/10.1016/j.ins.2025.122804,article,Information Sciences,https://openalex.org/W4415254920
Information Sciences,Elsevier,2025,2025-10-16,Fuzzy community detection based on membership smoothing and enhancement,Haipeng Yang; Zishan Xiong; Yuxian Cui; Zhanpeng Wang; Lei Zhang,727,,10.1016/j.ins.2025.122806,https://doi.org/10.1016/j.ins.2025.122806,article,Information Sciences,https://openalex.org/W4415313395
Information Sciences,Elsevier,2025,2025-10-17,A multi-threshold image segmentation method for mechanical parts based on strategy-improved optimization,Xiaoyang Yuan; Liguo Yao; Taihua Zhang; Guanghui Li; Qipeng Chen,727,,10.1016/j.ins.2025.122807,https://doi.org/10.1016/j.ins.2025.122807,article,Information Sciences,https://openalex.org/W4415292334
Information Sciences,Elsevier,2025,2025-10-17,Adversarial text detection in short sentences using contextual extraction and semantic separation,Ajay Kumar Banodhiya; Avinash Chandra Pandey,728,,10.1016/j.ins.2025.122809,https://doi.org/10.1016/j.ins.2025.122809,article,Information Sciences,https://openalex.org/W4415291918
Information Sciences,Elsevier,2025,2025-10-17,Editorial Board,,723,,10.1016/s0020-0255(25)00937-5,https://doi.org/10.1016/s0020-0255(25)00937-5,paratext,Information Sciences,https://openalex.org/W4415277662
Information Sciences,Elsevier,2025,2025-10-17,Evidential association rule learning for semi-supervised activity recognition with soft label derivation,Xiaojiao Geng; Jiangdong Zhang; Zheng Kun Yang; Zhi-Jie Zhou; Zongfang Ma,728,,10.1016/j.ins.2025.122811,https://doi.org/10.1016/j.ins.2025.122811,article,Information Sciences,https://openalex.org/W4415289807
Information Sciences,Elsevier,2025,2025-10-17,HeteroTempRec: Temporally-aware heterogeneous architecture with sparse block attention for efficient sequential recommendation,Zihao Song; Zihao Song; Guoyan Li; Mi Kyoung Song,728,,10.1016/j.ins.2025.122703,https://doi.org/10.1016/j.ins.2025.122703,article,Information Sciences,https://openalex.org/W4415292107
Information Sciences,Elsevier,2025,2025-10-17,Sampled-data stabilization via novel looped-functional for fuzzy singular Markov jump system and its applications,Xingyue Liang; Jianwei Xia; Hao  Yang Shen,728,,10.1016/j.ins.2025.122810,https://doi.org/10.1016/j.ins.2025.122810,article,Information Sciences,https://openalex.org/W4415292304
Information Sciences,Elsevier,2025,2025-10-18,A hierarchical framework for measuring scientific paper innovation via large language models,Hongming Tan; Shaoxiong Zhan; Fengwei Jia; Hai-Tao Zheng; Wai Kin Chan,728,,10.1016/j.ins.2025.122787,https://doi.org/10.1016/j.ins.2025.122787,article,Information Sciences,https://openalex.org/W4415314282
Information Sciences,Elsevier,2025,2025-10-18,Adaptive pinning controller for global polynomial synchronization of inertial memristive neural networks with proportional delays and parameter fluctuations for image encryption,Wenyue Zheng; Liqun Zhou,728,,10.1016/j.ins.2025.122778,https://doi.org/10.1016/j.ins.2025.122778,article,Information Sciences,https://openalex.org/W4415327075
Information Sciences,Elsevier,2025,2025-10-18,CCBIR: A concept-based system for geospatial image retrieval,Evgenios Vlachos; Ioannis Pitas,728,,10.1016/j.ins.2025.122814,https://doi.org/10.1016/j.ins.2025.122814,article,Information Sciences,https://openalex.org/W4415327066
Information Sciences,Elsevier,2025,2025-10-18,Jointly detecting humor and sarcasm with fuzzy emotion knowledge fusion from graph learning perspective,Yonghe Chu; Yongqi Li; Changrong Min; Weiping Ding; Heling Cao,728,,10.1016/j.ins.2025.122796,https://doi.org/10.1016/j.ins.2025.122796,article,Information Sciences,https://openalex.org/W4415314308
Information Sciences,Elsevier,2025,2025-10-19,Knowledge-guided and data-driven flood prediction based on Besov space optimization,Pingping Shao; Jun Feng; Yang Cai; Jianxin Zhang; Aizhong Hou,728,,10.1016/j.ins.2025.122808,https://doi.org/10.1016/j.ins.2025.122808,article,Information Sciences,https://openalex.org/W4415339817
Information Sciences,Elsevier,2025,2025-10-20,ERMNF: A novel multiplex network fusion method based on edge relevance,Oumaima Achour; Lotfi Ben Romdhane; Giancarlo Sperlí,728,,10.1016/j.ins.2025.122757,https://doi.org/10.1016/j.ins.2025.122757,article,Information Sciences,https://openalex.org/W4415355306
Information Sciences,Elsevier,2025,2025-10-20,GDCMAD: Graph-based dual-contrastive representation learning for multivariate time series anomaly detection,Sheng He; Wenxuan He; Mingjing Du; Xiang Jiang; Yongquan Dong,728,,10.1016/j.ins.2025.122790,https://doi.org/10.1016/j.ins.2025.122790,article,Information Sciences,https://openalex.org/W4415355174
Information Sciences,Elsevier,2025,2025-10-20,Sample-efficient multi-objective reinforcement learning for hybrid impulsive information consensus in multi-agent systems,Yanlin Gu; Zhanlue Liang; Shicheng Wu; Yiwen Tao; Can Zhao; Renjie Xu,727,,10.1016/j.ins.2025.122791,https://doi.org/10.1016/j.ins.2025.122791,article,Information Sciences,https://openalex.org/W4415355143
Information Sciences,Elsevier,2025,2025-10-21,Distributed compressed sensing based on local transformer network,Yu Zhou; Kaijie Zhang; Wei Xie; Shilong Sun; Xiao Zhang; Jun Qi Qin,728,,10.1016/j.ins.2025.122788,https://doi.org/10.1016/j.ins.2025.122788,article,Information Sciences,https://openalex.org/W4415387427
Information Sciences,Elsevier,2025,2025-10-21,Fixed-time bipartite synchronization of coopetition memristive neural networks: Parameter optimization of event-triggered switching controller,Xindong Si; Zhen Wang; Min Xiao,728,,10.1016/j.ins.2025.122797,https://doi.org/10.1016/j.ins.2025.122797,article,Information Sciences,https://openalex.org/W4415395902
Information Sciences,Elsevier,2025,2025-10-22,M2Emo: Fine-grained mamba transformer guided multi-task golden snub-nosed monkey emotion recognition,Xianlin Peng; Fangqing Fan; Lingjie Kong; Qiyao Hu; Gu Fang,728,,10.1016/j.ins.2025.122816,https://doi.org/10.1016/j.ins.2025.122816,article,Information Sciences,https://openalex.org/W4415436835
Information Sciences,Elsevier,2025,2025-10-22,Prime convolutional model: Breaking the ground for theoretical explainability,Francesco Panelli; Doaa Almhaithawi; Tania Cerquitelli; Alessandro Bellini,728,,10.1016/j.ins.2025.122815,https://doi.org/10.1016/j.ins.2025.122815,article,Information Sciences,https://openalex.org/W4415427786
Information Sciences,Elsevier,2025,2025-10-23,Neural-based adaptive grinding force tracking control for pneumatic end-actuator with uncertain dynamic model constraints,Yan Shi; Zhanxin Li; Zhiguo Yang; Yanxia Niu; Jiange Kou; Xiangkai Shen; Yixuan Wang; Zhibo Sun,728,,10.1016/j.ins.2025.122813,https://doi.org/10.1016/j.ins.2025.122813,article,Information Sciences,https://openalex.org/W4415488607
Information Sciences,Elsevier,2025,2025-10-23,Off-policy reinforcement learning-based decentralized stabilization for interconnected nonlinear systems,Lin Yu; Junlin Xiong; Min Xie,728,,10.1016/j.ins.2025.122817,https://doi.org/10.1016/j.ins.2025.122817,article,Information Sciences,https://openalex.org/W4415448144
Information Sciences,Elsevier,2025,2025-10-23,Semantic-aware adaptive traffic flow prediction driven by real-time trajectories,Shijie Cai; Jie Hu; Min Wei; Xiao Zhang,728,,10.1016/j.ins.2025.122819,https://doi.org/10.1016/j.ins.2025.122819,article,Information Sciences,https://openalex.org/W4415448137
Information Sciences,Elsevier,2025,2025-10-24,Ai-driven energy optimization for mineral transport: A novel deep reinforcement learning approach for smart pumping station scheduling,Kai Guo; Jun Ma; Jiande Wu; Xin Hong Xiong,728,,10.1016/j.ins.2025.122780,https://doi.org/10.1016/j.ins.2025.122780,article,Information Sciences,https://openalex.org/W4415528747
Information Sciences,Elsevier,2025,2025-10-24,Distributionally robust nonnegative matrix factorization with self-paced adaptive multi-loss fusion,Wafa Barkhoda; Amjad Seyedi; Nicolas Gillis; Fardin Akhlaghian Tab,728,,10.1016/j.ins.2025.122823,https://doi.org/10.1016/j.ins.2025.122823,article,Information Sciences,https://openalex.org/W4415496649
Information Sciences,Elsevier,2025,2025-10-24,HSMNet: A multi-resolution grayscale image steganalysis method based on hybrid dilated convolution and self-attention multi-channel network,Wei Yang; Yong Liu; Yi Chen; Yunhe Cui; Chun Guo; Guowei Shen; Hanzhou Wu,728,,10.1016/j.ins.2025.122824,https://doi.org/10.1016/j.ins.2025.122824,article,Information Sciences,https://openalex.org/W4415528988
Information Sciences,Elsevier,2025,2025-10-24,MCD-EARS: A multimodal cross-domain expertise-aware recommender system for healthcare applications,Zhiying Li; Hongxun Jiang; Sixuan Zhao,728,,10.1016/j.ins.2025.122821,https://doi.org/10.1016/j.ins.2025.122821,article,Information Sciences,https://openalex.org/W4415504757
Information Sciences,Elsevier,2025,2025-10-24,Nonsingular adaptive T-S fuzzy model-based control for constrained unknown-structure heterogeneous multi-agent systems with a predefined accuracy,Wen Yan; Tao Zhao; Ben Niu; Xin Wang; Xiangpeng Xie,728,,10.1016/j.ins.2025.122822,https://doi.org/10.1016/j.ins.2025.122822,article,Information Sciences,https://openalex.org/W4415528986
Information Sciences,Elsevier,2025,2025-10-24,Uncertainty-aware deep multi-graph learning approach coupling zero-inflated Generalized Poisson for ridesharing demand prediction,Yu Duan; Xiaobing Liu; Yangli‐ao Geng; Genrui Xu; Yun Wang; Xuedong Yan,728,,10.1016/j.ins.2025.122820,https://doi.org/10.1016/j.ins.2025.122820,article,Information Sciences,https://openalex.org/W4415496618
Information Sciences,Elsevier,2025,2025-10-25,A robust inverse optimisation approach for the multi-product newsvendor problem under a known feasible solution,Fanghao Yin,728,,10.1016/j.ins.2025.122828,https://doi.org/10.1016/j.ins.2025.122828,article,Information Sciences,https://openalex.org/W4415541895
Information Sciences,Elsevier,2025,2025-10-25,ADSO-TCNet: A three-dimensional convolutional network with adaptive data structure optimization for EEG emotion recognition,Yilin Wang; Li Zhang; Yan Zhang,728,,10.1016/j.ins.2025.122835,https://doi.org/10.1016/j.ins.2025.122835,article,Information Sciences,https://openalex.org/W4415546117
Information Sciences,Elsevier,2025,2025-10-25,FedGraph-Fair: Federated learning with personalization and fairness via dynamic graphs and distributionally robust optimization,Koffka Khan,728,,10.1016/j.ins.2025.122710,https://doi.org/10.1016/j.ins.2025.122710,article,Information Sciences,https://openalex.org/W4415592362
Information Sciences,Elsevier,2025,2025-10-27,A HybridGCN-GRU approach for high-accuracy wind speed forecasting via multi-graph feature fusion and dynamic modeling,Xianshuang Yao; Hailong Xu,728,,10.1016/j.ins.2025.122805,https://doi.org/10.1016/j.ins.2025.122805,article,Information Sciences,https://openalex.org/W4415569725
Information Sciences,Elsevier,2025,2025-10-28,Fourier transform of basic probability assignment,Ruolan Cheng; Yong Sheng Deng,728,,10.1016/j.ins.2025.122818,https://doi.org/10.1016/j.ins.2025.122818,article,Information Sciences,https://openalex.org/W4415606570
Information Sciences,Elsevier,2025,2025-10-29,Editorial Board,,724,,10.1016/s0020-0255(25)00968-5,https://doi.org/10.1016/s0020-0255(25)00968-5,paratext,Information Sciences,https://openalex.org/W4415649738
Information Sciences,Elsevier,2025,2025-10-30,A multi-event power asymmetry conflict resolution approach considering decision makers’ spontaneous adjustment processes,Jiaqi An; Yong Liu; Qin Jiang; Li-rui Xue,729,,10.1016/j.ins.2025.122837,https://doi.org/10.1016/j.ins.2025.122837,article,Information Sciences,https://openalex.org/W4415705571
Information Sciences,Elsevier,2025,2025-10-30,A parameterized score function for Pythagorean fuzzy numbers with application in multi-criteria decision making,Juthika Mahanta; Subhasis Panda,729,,10.1016/j.ins.2025.122842,https://doi.org/10.1016/j.ins.2025.122842,article,Information Sciences,https://openalex.org/W4415679527
Information Sciences,Elsevier,2025,2025-10-30,An integrated group decision-making approach with a cross-entropy measure under circular q -rung orthopair fuzzy set information,Harish Garg; Mahmut Can Bozyı̇ğı̇t; Mehmet Ünver,729,,10.1016/j.ins.2025.122841,https://doi.org/10.1016/j.ins.2025.122841,article,Information Sciences,https://openalex.org/W4415704745
Information Sciences,Elsevier,2025,2025-10-30,Multi-label Twin support vector machine with probabilistic output and its safe screening rule,Bohan Zhang; Xiaojuan Lv; Chang Xu; Yitian Xu; Yitian Xu,729,,10.1016/j.ins.2025.122825,https://doi.org/10.1016/j.ins.2025.122825,article,Information Sciences,https://openalex.org/W4415717562
Information Sciences,Elsevier,2025,2025-10-30,SimPseudo: Enhancing whole slide imaging classification with similarity and prototype-based instance-level pseudo-supervision,Yu Hong; Yujie Diao; Xueyang Liu; Hexin Wang; Jialin Zhu; Jie Gao; Witold Pedryczf,730,,10.1016/j.ins.2025.122843,https://doi.org/10.1016/j.ins.2025.122843,article,Information Sciences,https://openalex.org/W4415679854
Information Sciences,Elsevier,2025,2025-10-31,A preview-enhanced repetitive control method for iterative learning in nonlinear systems with time delays,Li Li; Jiang Wu; Xu Xu,730,,10.1016/j.ins.2025.122840,https://doi.org/10.1016/j.ins.2025.122840,article,Information Sciences,https://openalex.org/W4415717519
Information Sciences,Elsevier,2025,2025-10-31,Discovering explicit and implicit causality for bioprocess factor forecasting,Ziyue Sun; Hu Xu; Yinlong Li; Wenhai Wang; Xinggao Liu,729,,10.1016/j.ins.2025.122846,https://doi.org/10.1016/j.ins.2025.122846,article,Information Sciences,https://openalex.org/W4415727934
Information Sciences,Elsevier,2025,2025-11-01,AEDFPN: Efficient semantic segmentation via aggregation-enhancement-distribution mechanism,Xingwang Tao; Shuo Hu,729,,10.1016/j.ins.2025.122836,https://doi.org/10.1016/j.ins.2025.122836,article,Information Sciences,https://openalex.org/W4415766904
Information Sciences,Elsevier,2025,2025-11-01,Balanced clustering-regularized bilateral spectral learning for unsupervised feature selection in internet of things environments,Yingjie Dong; Wenjie Zhu; Wei Qi Yan,729,,10.1016/j.ins.2025.122852,https://doi.org/10.1016/j.ins.2025.122852,article,Information Sciences,https://openalex.org/W4415766901
Information Sciences,Elsevier,2025,2025-11-01,Entropy-based local and global 3D active contour model for industrial CT volume data segmentation and measurement,Zhixiang Li; Kuidong Huang; Shaojie Tang; Yang Zeng; Fuqiang Yang; Longlong Guo,729,,10.1016/j.ins.2025.122844,https://doi.org/10.1016/j.ins.2025.122844,article,Information Sciences,https://openalex.org/W4415766915
Information Sciences,Elsevier,2025,2025-11-01,MFG-SciSum: A multimodal faceted graph framework for scientific summarization,Wenhui Yu; Zusheng Tan; Fan Yang; Jing Li; Shen Gao; Wai Pang Lam; Sam Kwong; Billy Chiu,729,,10.1016/j.ins.2025.122851,https://doi.org/10.1016/j.ins.2025.122851,article,Information Sciences,https://openalex.org/W4415766906
Information Sciences,Elsevier,2025,2025-11-02,Computationally expensive multi-objective optimization problems via optimization state-driven adaptive evolution,Yuhang Chen; Zan Wei Yang; Chen Jiang; Haobo Qiu,729,,10.1016/j.ins.2025.122847,https://doi.org/10.1016/j.ins.2025.122847,article,Information Sciences,https://openalex.org/W4415777107
Information Sciences,Elsevier,2025,2025-11-02,Dynamic fine-grained identity-based broadcast proxy re-encryption with privacy-preserving and updating,Liqing Chen; Meng Zhang; Hao Zhang; Jian Weng,729,,10.1016/j.ins.2025.122849,https://doi.org/10.1016/j.ins.2025.122849,article,Information Sciences,https://openalex.org/W4415774594
Information Sciences,Elsevier,2025,2025-11-03,Dynamical polynomial-based self-organizing neural networks designed through autoencoder-driven feature selection and adaptive neuron pruning,Zhen Wang; Sung‐Kwun Oh; Zunwei Fu; Seok-Beom Roh; Eun-Hu Kim; Jin-Yul Kim,729,,10.1016/j.ins.2025.122854,https://doi.org/10.1016/j.ins.2025.122854,article,Information Sciences,https://openalex.org/W4415826676
Information Sciences,Elsevier,2025,2025-11-04,A high-performance method for handling dual mixed data based on three-way decision,Wanting Wang; Qingzhao Kong; Yiyu Y. Yao; Eric C.C. Tsang; Conghao Yan,729,,10.1016/j.ins.2025.122866,https://doi.org/10.1016/j.ins.2025.122866,article,Information Sciences,https://openalex.org/W4415879833
Information Sciences,Elsevier,2025,2025-11-04,Detecting LLM-generated peer reviews: A syntactic-semantic collaborative framework with rhetorical structure analysis,Zhen Tao; Dinghao Xi; Zhiyu Li; Jinxiang Zhao; Wei Hong Xu,729,,10.1016/j.ins.2025.122858,https://doi.org/10.1016/j.ins.2025.122858,article,Information Sciences,https://openalex.org/W4415894393
Information Sciences,Elsevier,2025,2025-11-04,Enabling verifiable and efficient arbitrary range queries over privacy-protected 3D spatial data,J. H. Gu; Qianqian Su,729,,10.1016/j.ins.2025.122855,https://doi.org/10.1016/j.ins.2025.122855,article,Information Sciences,https://openalex.org/W4415830229
Information Sciences,Elsevier,2025,2025-11-04,Surveillance layout optimization for improved 3D intervisible regional coverage,Youmei Pan; Jinwen Li; Peipei Hu; Peng Wang; Fanjiang Xu,729,,10.1016/j.ins.2025.122848,https://doi.org/10.1016/j.ins.2025.122848,article,Information Sciences,https://openalex.org/W4415880395
Information Sciences,Elsevier,2025,2025-11-05,Energy-minimized scheduling for reliable workflow applications in heterogeneous cloud computing systems,Lingjuan Ye; Liwen Yang; Xinchao Zhao; Yuanqing Xia,730,,10.1016/j.ins.2025.122856,https://doi.org/10.1016/j.ins.2025.122856,article,Information Sciences,https://openalex.org/W4415907575
Information Sciences,Elsevier,2025,2025-11-05,Multi-granularity unsupervised feature selection based on the entropy ball model,Xia Ji; Wanyu Duan; Jianhua Peng; Yanqi Shen; Peng Zhou,729,,10.1016/j.ins.2025.122781,https://doi.org/10.1016/j.ins.2025.122781,article,Information Sciences,https://openalex.org/W4415896174
Information Sciences,Elsevier,2025,2025-11-05,Relative threshold event-triggered iterative learning control for nonlinear parabolic distributed parameter systems,Jiantao Shi; Jiawen Tang; Dongdong Yue; Chuang Chen,729,,10.1016/j.ins.2025.122853,https://doi.org/10.1016/j.ins.2025.122853,article,Information Sciences,https://openalex.org/W4415907583
Information Sciences,Elsevier,2025,2025-11-05,Ternary tree enhanced append-only skip list: A high-performance blockchain data search index,Jared Newell; Sabih ur Rehman; Quazi Mamun; Md Zahidul Islam,730,,10.1016/j.ins.2025.122827,https://doi.org/10.1016/j.ins.2025.122827,article,Information Sciences,https://openalex.org/W4415929489
Information Sciences,Elsevier,2025,2025-11-06,D-QMIX: multi-step sequential forward dynamics modeling with global state and self-attention for sample-efficient multi-agent reinforcement learning,Jung In Kim; Seoung Bum Kim,729,,10.1016/j.ins.2025.122867,https://doi.org/10.1016/j.ins.2025.122867,article,Information Sciences,https://openalex.org/W4415951512
Information Sciences,Elsevier,2025,2025-11-06,Editorial Board,,725,,10.1016/s0020-0255(25)00998-3,https://doi.org/10.1016/s0020-0255(25)00998-3,paratext,Information Sciences,https://openalex.org/W4415961569
Information Sciences,Elsevier,2025,2025-11-06,Encoder-decoder temporal convolutional networks based on dual-region guided multi-head attention mechanism for remaining useful life prediction,Youming Wang; Bin Yang; Xianzhi Wang; Gaige Chen; Yuanbo Xu,729,,10.1016/j.ins.2025.122850,https://doi.org/10.1016/j.ins.2025.122850,article,Information Sciences,https://openalex.org/W4415983700
Information Sciences,Elsevier,2025,2025-11-06,Robust adaptive anchor points and bipartite graph learning for image clustering,Eryang Chen; Jung-Hung Huang; Nan Run Zhou; Yue Yu; Jiuke Huang; Yanyi Cao; Yeng Chai Soh,730,,10.1016/j.ins.2025.122838,https://doi.org/10.1016/j.ins.2025.122838,article,Information Sciences,https://openalex.org/W4415939333
Information Sciences,Elsevier,2025,2025-11-07,Bayesian network parameter learning with constraint tradeoff,Xinxin Ru; Xiaoguang Gao; Yangyang Wang; Xiaohan Liu; Yao Li,730,,10.1016/j.ins.2025.122839,https://doi.org/10.1016/j.ins.2025.122839,article,Information Sciences,https://openalex.org/W4416008018
Information Sciences,Elsevier,2025,2025-11-07,Diffusion-based multi-feature extraction and fusion method for named entity recognition,Zhenbo Tang; Liguo Yao; Taihua Zhang; Jun Yang; Zhenggong Han,729,,10.1016/j.ins.2025.122877,https://doi.org/10.1016/j.ins.2025.122877,article,Information Sciences,https://openalex.org/W4415985082
Information Sciences,Elsevier,2025,2025-11-07,Dynamic filter pruning via unified importance and redundancy,Ali Muhammad Shaikh; Yu Kang; Aakash Kumar; Yun‐Bo Zhao,729,,10.1016/j.ins.2025.122845,https://doi.org/10.1016/j.ins.2025.122845,article,Information Sciences,https://openalex.org/W4415978626
Information Sciences,Elsevier,2025,2025-11-07,GA-FMP: An efficient greedy-accelerated fast marching planner for autonomous UGV exploration,Yankun Wang; H.-Q. Liu; Xiangyu Shao; Weiran Yao; Yang Chen,729,,10.1016/j.ins.2025.122873,https://doi.org/10.1016/j.ins.2025.122873,article,Information Sciences,https://openalex.org/W4416008093
Information Sciences,Elsevier,2025,2025-11-07,Multi-type crowdsourcing task allocation based on a low-constraint two-stage alternating multi-objective evolutionary,ZhiJie Zhang; Minglan Fu; ZouXi Wang; Debao Chen,730,,10.1016/j.ins.2025.122874,https://doi.org/10.1016/j.ins.2025.122874,article,Information Sciences,https://openalex.org/W4415978613
Information Sciences,Elsevier,2025,2025-11-07,Prediction of airport runway subsidence using SBAS-InSAR and LSTM networks optimized by EnKF,Gang Li; Junyao Wang; Zhen‐Song Chen; Zhi‐Peng Wang; Sheng‐Hua Xiong; Witold Pedrycz,729,,10.1016/j.ins.2025.122872,https://doi.org/10.1016/j.ins.2025.122872,article,Information Sciences,https://openalex.org/W4415984389
Information Sciences,Elsevier,2025,2025-11-08,A novel of conflict analysis models based on four-valued conflict situation: abstention value introduction and three-way decision extension,Qiang Bao; Lun Guo; Bingzhen Sun,730,,10.1016/j.ins.2025.122876,https://doi.org/10.1016/j.ins.2025.122876,article,Information Sciences,https://openalex.org/W4416376914
Information Sciences,Elsevier,2025,2025-11-08,Soft probability based random forest for financial distress prediction,Jing Ling Qiu; Zhi Xiao; Wei Xu; Ying Chun Zhou,729,,10.1016/j.ins.2025.122870,https://doi.org/10.1016/j.ins.2025.122870,article,Information Sciences,https://openalex.org/W4416027879
Information Sciences,Elsevier,2025,2025-11-08,Spatio-temporal fusion of fNIRS signals with multi-view structured sparse canonical correlation analysis for depression detection,Yushan Wu; Jitao Zhong; Siyao Yan; Shu Zhang; Lu Zhang; Zhijun Yao; Xinyan Zhang; Juan Wang; Jinlong Chao; Bin Hu; Hong Peng,730,,10.1016/j.ins.2025.122759,https://doi.org/10.1016/j.ins.2025.122759,article,Information Sciences,https://openalex.org/W4416016735
Information Sciences,Elsevier,2025,2025-11-09,Opinion maximization on social trust networks based on game theory and DQN method,Lin Yu; Ting Yang; Cuiyou Yao; Dongpu Fu; Yuzhi Wang,729,,10.1016/j.ins.2025.122879,https://doi.org/10.1016/j.ins.2025.122879,article,Information Sciences,https://openalex.org/W4416227491
Information Sciences,Elsevier,2025,2025-11-09,Optimally solving multi-objective co-scheduling of lock group and approach channel with dynamic synchronous speeds,Qianqian Zheng; Yu Zhang; Hua Xuan; Lijun He; Wenjing Guo; S. Liu,729,,10.1016/j.ins.2025.122857,https://doi.org/10.1016/j.ins.2025.122857,article,Information Sciences,https://openalex.org/W4416186476
Information Sciences,Elsevier,2025,2025-11-10,EDULIS: Edge-aware deep unfolding network for low-light instance segmentation,Yi Zhang; Jichang Guo; Huihui Yue; Sida Zheng; Guanhua An,730,,10.1016/j.ins.2025.122878,https://doi.org/10.1016/j.ins.2025.122878,article,Information Sciences,https://openalex.org/W4416376940
Information Sciences,Elsevier,2025,2025-11-10,Misinformation detection with automatic fact-based news verification,Ziwei Hou; Bahadorreza Ofoghi; John L. Yearwood,730,,10.1016/j.ins.2025.122868,https://doi.org/10.1016/j.ins.2025.122868,article,Information Sciences,https://openalex.org/W4416344131
Information Sciences,Elsevier,2025,2025-11-10,OSP-Miner: Mining one-off weak-gap strong sequential patterns,Yan Li; Hongxi Yang; Meng Geng; Yajing Zhou; Jie Li; Youxi Wu; Xindong Wu,730,,10.1016/j.ins.2025.122871,https://doi.org/10.1016/j.ins.2025.122871,article,Information Sciences,https://openalex.org/W4416065142
Information Sciences,Elsevier,2025,2025-11-11,Generative implicit opinion mining with term correlation prompts,Jun Zhou; Fei Li; Fangfang Su; Kamran Aziz; Jingcheng Yuan; Chong Teng; Donghong Ji,730,,10.1016/j.ins.2025.122869,https://doi.org/10.1016/j.ins.2025.122869,article,Information Sciences,https://openalex.org/W4416376909
Information Sciences,Elsevier,2025,2025-11-13,A learning-guided multi-objective approach for energy-oriented hybrid flow shop scheduling with limited buffers,Lamei He; Sheng-Long Jiang; Liangliang Sun; Raymond Chiong,731,,10.1016/j.ins.2025.122884,https://doi.org/10.1016/j.ins.2025.122884,article,Information Sciences,https://openalex.org/W4416167536
Information Sciences,Elsevier,2025,2025-11-13,A two-stage disentangled and balanced representation learning method for counterfactual regression,Siyi Wang; Yiyan Huang; Cheuk Hang Leung; Chaoqun Wang; Qi Wu,730,,10.1016/j.ins.2025.122886,https://doi.org/10.1016/j.ins.2025.122886,article,Information Sciences,https://openalex.org/W4416458585
Information Sciences,Elsevier,2025,2025-11-13,A verifiable privacy-preserving federated learning scheme based on homomorphic proxy re-encryption,Zeyu Song; Zhenjie Huang; Yiping Cai,730,,10.1016/j.ins.2025.122875,https://doi.org/10.1016/j.ins.2025.122875,article,Information Sciences,https://openalex.org/W4416452006
Information Sciences,Elsevier,2025,2025-11-14,Effect of choosing loss function when using T-batching for representation learning on dynamic networks,Erfan Loghmani; MohammadAmin Fazli,730,,10.1016/j.ins.2025.122755,https://doi.org/10.1016/j.ins.2025.122755,article,Information Sciences,https://openalex.org/W4416451968
Information Sciences,Elsevier,2025,2025-11-14,Hierarchical prototype-guided representation learning for robust graph classification,Liang Zhang; Kongyu Chen; Bo Jin; Xiaopeng Wei,732,,10.1016/j.ins.2025.122777,https://doi.org/10.1016/j.ins.2025.122777,article,Information Sciences,https://openalex.org/W4416185760
Information Sciences,Elsevier,2025,2025-11-15,Adaptive optimal control for nonlinear networked systems under encoding-decoding mechanism: A generalized policy iteration approach,Xin Li; Xin Li; Xiangtong Li; Xiangtong Li; Honggui Han,730,,10.1016/j.ins.2025.122890,https://doi.org/10.1016/j.ins.2025.122890,article,Information Sciences,https://openalex.org/W4416451996
Information Sciences,Elsevier,2025,2025-11-15,Estimating multiple propagation sources in large-scale networks using dynamic programming: Modelling and method,Fan Yang; Yabing Yao,730,,10.1016/j.ins.2025.122881,https://doi.org/10.1016/j.ins.2025.122881,article,Information Sciences,https://openalex.org/W4416230106
Information Sciences,Elsevier,2025,2025-11-15,Full-fuzzy soft sets and application of absolute aggregation amount,İbrahim Şanlıbaba,730,,10.1016/j.ins.2025.122885,https://doi.org/10.1016/j.ins.2025.122885,article,Information Sciences,https://openalex.org/W4416230119
Information Sciences,Elsevier,2025,2025-11-15,TransLIME: Towards transfer explainability to explain black-box models on tabular datasets,Rehan Raza; Guanjin Wang; Hamid Laga; Kok Wai Wong; Wolfgang Nejdl,730,,10.1016/j.ins.2025.122891,https://doi.org/10.1016/j.ins.2025.122891,article,Information Sciences,https://openalex.org/W4416245623
Information Sciences,Elsevier,2025,2025-11-16,A state assessment method for a system with non-exclusive states based on the fusion of imprecise information,Zichen Liu; Xinyang Deng; Wen Rong Jiang; Yebi Cui; Xiaoge Zhang,730,,10.1016/j.ins.2025.122889,https://doi.org/10.1016/j.ins.2025.122889,article,Information Sciences,https://openalex.org/W4416509697
Information Sciences,Elsevier,2025,2025-11-17,OpenRank: A centrality algorithm for high-dimensional heterogeneous networks in open source collaboration,Fanyu Han; Shengyu Zhao; Wei Wang; Jiaheng Peng; Xiaoya Xia,730,,10.1016/j.ins.2025.122893,https://doi.org/10.1016/j.ins.2025.122893,article,Information Sciences,https://openalex.org/W4416543873
Information Sciences,Elsevier,2025,2025-11-19,A branch-and-price algorithm for the collaborative home healthcare routing problem with time windows,Xiaoning Zang; Li Jiang; Changyong Liang; Baocai Xu,730,,10.1016/j.ins.2025.122880,https://doi.org/10.1016/j.ins.2025.122880,article,Information Sciences,https://openalex.org/W4416345825
Information Sciences,Elsevier,2025,2025-11-19,Sustainable inventory management with trapezoidal demand and amelioration under carbon regulations,Vijender Yadav; Chandra Shekhar; Ankur Saurav; Anil Kumar,730,,10.1016/j.ins.2025.122883,https://doi.org/10.1016/j.ins.2025.122883,article,Information Sciences,https://openalex.org/W4416345908
Information Sciences,Elsevier,2025,2025-11-19,WaveNet-LSTM: A deep learning air quality prediction model based on both air pollutants and meteorological factors,Zhili Zhao; Jian Qin; Ahui Hu; Nana Zhang; Jiquan Xie; Yue Sun,730,,10.1016/j.ins.2025.122894,https://doi.org/10.1016/j.ins.2025.122894,article,Information Sciences,https://openalex.org/W4416345823
Information Sciences,Elsevier,2025,2025-11-20,A born-again Takagi-Sugeno-Kang fuzzy classifier with decoupled fuzzy dark knowledge distillation,Xiongtao Zhang; Zezong Yin; Yunliang Jiang; Yunliang Jiang; Yizhang Jiang; Yizhang Jiang; Danfeng Sun; Yong  kang Liu,730,,10.1016/j.ins.2025.122892,https://doi.org/10.1016/j.ins.2025.122892,article,Information Sciences,https://openalex.org/W4416416842
Information Sciences,Elsevier,2025,2025-11-20,A task adaptive meta-sample generation method for few-shot time series prediction,Chao Zhang; Defu Jiang; Kanghui Jiang; Biying Jiang,731,,10.1016/j.ins.2025.122912,https://doi.org/10.1016/j.ins.2025.122912,article,Information Sciences,https://openalex.org/W4416410559
Information Sciences,Elsevier,2025,2025-11-20,Adaptive fairness-aware influence maximization via multi-objective optimization and step-wise entropy,Amjad Osmani,731,,10.1016/j.ins.2025.122895,https://doi.org/10.1016/j.ins.2025.122895,article,Information Sciences,https://openalex.org/W4416410594
Information Sciences,Elsevier,2025,2025-11-20,Bridging semantic discretization: DR-YOLO with dual-stream decomposition and dynamic feature weaving for low-light object detection,Biao Li; Bing Wang; Xiong Hu,731,,10.1016/j.ins.2025.122896,https://doi.org/10.1016/j.ins.2025.122896,article,Information Sciences,https://openalex.org/W4416425285
Information Sciences,Elsevier,2025,2025-11-20,DSWFusion: Separation-guided multi-frequency semantic enhancement model for infrared and visible image fusion,Jinlin Jiang; Gang Yi Hu; Guanglei Sheng; Guo Wei,730,,10.1016/j.ins.2025.122882,https://doi.org/10.1016/j.ins.2025.122882,article,Information Sciences,https://openalex.org/W4416397761
Information Sciences,Elsevier,2025,2025-11-20,Editorial Board,,726,,10.1016/s0020-0255(25)01036-9,https://doi.org/10.1016/s0020-0255(25)01036-9,paratext,Information Sciences,https://openalex.org/W4416400471
Information Sciences,Elsevier,2025,2025-11-20,Enhancing image encryption through fractional-order chaotic systems: A comparative analysis of six diverse models,Hidayet Çelik; Nurettin Doğan,730,,10.1016/j.ins.2025.122907,https://doi.org/10.1016/j.ins.2025.122907,article,Information Sciences,https://openalex.org/W4416404745
Information Sciences,Elsevier,2025,2025-11-20,Parameter identification of photovoltaic models using differential evolution based on self-organized criticality,Qiutong Xu; Zhenyu Meng,730,,10.1016/j.ins.2025.122906,https://doi.org/10.1016/j.ins.2025.122906,article,Information Sciences,https://openalex.org/W4416425304
Information Sciences,Elsevier,2025,2025-11-20,TextJosher: A transfer-based black-box attack method Against text classifiers,P. S. P. Wang; Sicong Zhang; Yang Xu; Xinlong He; Weida Xu,731,,10.1016/j.ins.2025.122888,https://doi.org/10.1016/j.ins.2025.122888,article,Information Sciences,https://openalex.org/W4416412519
Information Sciences,Elsevier,2025,2025-11-20,Three-way conflict management model with complex linguistic expressions for multi-attribute group decision-making,Nanfang Luo; Qinghua Zhang; Chengxin Hong; Junjie Zhu; Guoyin Wang,730,,10.1016/j.ins.2025.122905,https://doi.org/10.1016/j.ins.2025.122905,article,Information Sciences,https://openalex.org/W4416425257
Information Sciences,Elsevier,2025,2025-11-20,Unleashing the potential of un-interacted exercises for boosting cognitive diagnosis,Siyu Wu; Cong Xu; Yang Cao; Hong Ming Qian; Wei Zhang,730,,10.1016/j.ins.2025.122909,https://doi.org/10.1016/j.ins.2025.122909,article,Information Sciences,https://openalex.org/W4416412638
Information Sciences,Elsevier,2025,2025-11-21,BRIDGE: A memory-efficient blockchain-agnostic layer for chain topology representation in heterogeneous architectures,Ciprian Pungilă; O. Muntean; Rebeca Tonu,733,,10.1016/j.ins.2025.122911,https://doi.org/10.1016/j.ins.2025.122911,article,Information Sciences,https://openalex.org/W4416442541
Information Sciences,Elsevier,2025,2025-11-21,DA-SWTS: Dual-attention and temporal sampling make long video understanding efficient,Xin Sun; Feng Zhang; Xiangyu Ren,731,,10.1016/j.ins.2025.122908,https://doi.org/10.1016/j.ins.2025.122908,article,Information Sciences,https://openalex.org/W4416525582
Information Sciences,Elsevier,2025,2025-11-21,Digital twin-augmented spatio-temporal Bayesian nowcasting model for emissions accounting in complex urban grid systems,Yishuo Jiang; Minghui Cheng; Shijie Pan; Xinlai Liu; Ziheng Geng; H. Oliver Gao,732,,10.1016/j.ins.2025.122918,https://doi.org/10.1016/j.ins.2025.122918,article,Information Sciences,https://openalex.org/W4416524361
Information Sciences,Elsevier,2025,2025-11-21,"Multi-objective scheduling for a reentrant hybrid flow shop integrating preventive maintenance, machine aging effects, and low-carbon optimization",Yongkang Zheng; Yong Liu; Xu Luo,731,,10.1016/j.ins.2025.122910,https://doi.org/10.1016/j.ins.2025.122910,article,Information Sciences,https://openalex.org/W4416442577
Information Sciences,Elsevier,2025,2025-11-21,NeXt-DETR: A scalable and efficient transformer-based detector for resource-constrained systems,Chan-Young Choi; Sang-Woong Lee,731,,10.1016/j.ins.2025.122913,https://doi.org/10.1016/j.ins.2025.122913,article,Information Sciences,https://openalex.org/W4416525469
Information Sciences,Elsevier,2025,2025-11-21,Node composition towards stability of switched Boolean networks under arbitrary switching signal,Hongpeng Li; Hongpeng Li; Haitao Li; Haitao Li; Wenrong Li,731,,10.1016/j.ins.2025.122914,https://doi.org/10.1016/j.ins.2025.122914,article,Information Sciences,https://openalex.org/W4416442549
Information Sciences,Elsevier,2025,2025-11-21,Robust funnel control for distributed prescribed-performance tracking of uncertain networked agent systems,Chenglin Han; Mengji Shi; Weihao Li; Meng Li; Boxian Lin; Kaiyu Qin,731,,10.1016/j.ins.2025.122915,https://doi.org/10.1016/j.ins.2025.122915,article,Information Sciences,https://openalex.org/W4416442514
Information Sciences,Elsevier,2025,2025-11-22,A novel recurrent topology-based memristor: Simplification and circuit simulation for multi-scroll attractor generation,Yifeng Diao; Shufeng Huang; Yan Xing; Zihui Zhang; Xiaoming Xiong; Shuting Cai,731,,10.1016/j.ins.2025.122917,https://doi.org/10.1016/j.ins.2025.122917,article,Information Sciences,https://openalex.org/W4416535461
Information Sciences,Elsevier,2025,2025-11-22,Generating reliable synthetic clinical trial Data: The role of hyperparameter optimization and domain constraints,Waldemar Hahn; Jan‐Niklas Eckardt; Christoph Röllig; Martin Sedlmayr; Jan Moritz Middeke; Markus Wolfien,733,,10.1016/j.ins.2025.122927,https://doi.org/10.1016/j.ins.2025.122927,article,Information Sciences,https://openalex.org/W4417412960
Information Sciences,Elsevier,2025,2025-11-22,Multisided fairness under limited item availability in recommender systems,Reza Shafiloo; Maria Stratigi; Jaakko Peltonen; Kostas Stefanidis,731,,10.1016/j.ins.2025.122926,https://doi.org/10.1016/j.ins.2025.122926,article,Information Sciences,https://openalex.org/W4416535457
Information Sciences,Elsevier,2025,2025-11-24,Adaptive Observation A* (AOA*): Efficient deep heuristic A* method for global path planning in mountainous terrain,Shuqiao Huang; Shuqiao Huang; Xiru Wu; Yaonan Wang; Guoming Huang; Pengpeng Xu,731,,10.1016/j.ins.2025.122916,https://doi.org/10.1016/j.ins.2025.122916,article,Information Sciences,https://openalex.org/W4416579445
Information Sciences,Elsevier,2025,2025-11-25,Editorial Board,,727,,10.1016/s0020-0255(25)01058-8,https://doi.org/10.1016/s0020-0255(25)01058-8,paratext,Information Sciences,https://openalex.org/W4416646175
Information Sciences,Elsevier,2025,2025-11-27,Area ratio method for stability analysis of fuzzy logic and neuro-fuzzy systems with bifurcation validation,Maksim Vladimirovich Bobyr,732,,10.1016/j.ins.2025.122928,https://doi.org/10.1016/j.ins.2025.122928,article,Information Sciences,https://openalex.org/W4416713845
Information Sciences,Elsevier,2025,2025-11-27,CDiffu-DL: Few-shot line drawing extraction from Dunhuang murals via self-supervised pre-training of condition fusion with diffusion model,Yuan Ding; Kaijun Wu,731,,10.1016/j.ins.2025.122931,https://doi.org/10.1016/j.ins.2025.122931,article,Information Sciences,https://openalex.org/W4416745656
Information Sciences,Elsevier,2025,2025-11-27,S3-infer: Sensitivity-aware and sparsity-exploiting protocols for private inference,Lei Sun; Peng Hu; Zhihong Wang; Cuiyun Hu; Xiuqing Mao; Jingwen Wang,732,,10.1016/j.ins.2025.122932,https://doi.org/10.1016/j.ins.2025.122932,article,Information Sciences,https://openalex.org/W7106810774
Information Sciences,Elsevier,2025,2025-11-27,TNLight: A triple-network enhanced double Q-learning method for hierarchical and cooperative traffic signal control,Chaoxu Mu; Dayu Hou; Ke Wang; Song Zhu; Ge Guo,732,,10.1016/j.ins.2025.122933,https://doi.org/10.1016/j.ins.2025.122933,article,Information Sciences,https://openalex.org/W7106807579
Information Sciences,Elsevier,2025,2025-11-28,Bidirectional motion-aware GAN for future frame prediction in autonomous driving,Xinyue Wang; Jun Jiang; Guangyan Huang,732,,10.1016/j.ins.2025.122887,https://doi.org/10.1016/j.ins.2025.122887,article,Information Sciences,https://openalex.org/W4416757839
Information Sciences,Elsevier,2025,2025-11-28,Corrigendum to “A federated GAN network-based evolutionary constrained optimization approach to integrated coal mine energy system”. [Inf. Sci. 680 (2024) 121158],Na Hu; Chi Zhang; Miao Rong; Na Geng; Dunwei Gong,728,,10.1016/j.ins.2025.122934,https://doi.org/10.1016/j.ins.2025.122934,erratum,Information Sciences,https://openalex.org/W7107855841
Information Sciences,Elsevier,2025,2025-11-29,A three-way decision-making approach for incomplete heterogeneous information systems: enhancing enterprise performance evaluation,Meijuan Li; Jiarong Zhang; Xiaodong Li; Wenbin Ni; Jincheng Lu; Luis M. Martínez,742,,10.1016/j.ins.2025.122935,https://doi.org/10.1016/j.ins.2025.122935,article,Information Sciences,https://openalex.org/W4416822503
Information Sciences,Elsevier,2025,2025-11-29,Federated learning with clustered hyperparameter optimization,Wesley Chorney; Haifeng Wang; Adrian Sescu,732,,10.1016/j.ins.2025.122937,https://doi.org/10.1016/j.ins.2025.122937,article,Information Sciences,https://openalex.org/W4416817727
Information Sciences,Elsevier,2025,2025-11-29,Prediction-based semi-supervised feature selection for partially labeled multi-scale multiset-valued data,Meng-Xin Liu; Wei-Zhi Wu; Kang Zhu,732,,10.1016/j.ins.2025.122938,https://doi.org/10.1016/j.ins.2025.122938,article,Information Sciences,https://openalex.org/W4416817698
Information Sciences,Elsevier,2025,2025-11-29,Visually oriented flight and coordination of unmanned aerial vehicle swarms without explicit communication,Jing Xiong; Juan Li; Juan Li; Jie Li; Jie Li; Chang Liu; Sheng Zhang,732,,10.1016/j.ins.2025.122936,https://doi.org/10.1016/j.ins.2025.122936,article,Information Sciences,https://openalex.org/W4416817740
Information Sciences,Elsevier,2025,2025-12-01,Heterogeneous information disentangling via low-rank splitting non-negative matrix factorization with adaptive graph learning,Kun Liang; Wei Wang; Lifang Xiao; Wenshu Liang; Qilong Liu,733,,10.1016/j.ins.2025.122943,https://doi.org/10.1016/j.ins.2025.122943,article,Information Sciences,https://openalex.org/W7108082734
Information Sciences,Elsevier,2025,2025-12-01,Quality adaptive class center for lightweight large-scale face recognition,Zhuowen Zheng; Zhiquan Liu; Yain‐Whar Si; Xiaochen Yuan; Junwei Duan; Xiaofan Li; Xinyuan Zhang; Xueyuan Gong,732,,10.1016/j.ins.2025.122944,https://doi.org/10.1016/j.ins.2025.122944,article,Information Sciences,https://openalex.org/W4416867276
Information Sciences,Elsevier,2025,2025-12-01,Smart ride and delivery services with electric vehicles: Leveraging bidirectional charging for profit optimisation,Jinchun Du; Bojie Shen; Muhammad Aamir Cheema; Adel N. Toosi,732,,10.1016/j.ins.2025.122929,https://doi.org/10.1016/j.ins.2025.122929,article,Information Sciences,https://openalex.org/W4416843058
Information Sciences,Elsevier,2025,2025-12-01,"Towards smart retail by discovering multi-level recency, frequency, and monetary patterns",Fanlong Zeng; Wensheng Gan; Huashen Lu; Yongheng Wang; Shicheng Wan,732,,10.1016/j.ins.2025.122941,https://doi.org/10.1016/j.ins.2025.122941,article,Information Sciences,https://openalex.org/W7108077642
Information Sciences,Elsevier,2025,2025-12-02,Central moments of belief information,Xingyuan Chen; Duozi Lin; Tianxiang Zhan; Yong Deng,732,,10.1016/j.ins.2025.122951,https://doi.org/10.1016/j.ins.2025.122951,article,Information Sciences,https://openalex.org/W7108220053
Information Sciences,Elsevier,2025,2025-12-02,"Determinant-free, tolerance solution of a singular fuzzy linear equation system using the shifted membership function method for control and decision-making tasks",Andrzej Piegat; Marcin Pluciński,733,,10.1016/j.ins.2025.122950,https://doi.org/10.1016/j.ins.2025.122950,article,Information Sciences,https://openalex.org/W7108227078
Information Sciences,Elsevier,2025,2025-12-03,Balancing different objectives in multi-objective optimization consensus for social network large-scale group decision-making with unmanned aerial vehicle review filtering,Chao Zhang; Yating Wang; Weiping Ding; Wentao Li; Deyu Li,732,,10.1016/j.ins.2025.122945,https://doi.org/10.1016/j.ins.2025.122945,article,Information Sciences,https://openalex.org/W4416930531
Information Sciences,Elsevier,2025,2025-12-03,Enhancing privacy-preserving data synthesis utility with two-stage diffusion models,Yinchi Ge; Hui Zhang; Haijun Yang; Haohang Sun,732,,10.1016/j.ins.2025.122939,https://doi.org/10.1016/j.ins.2025.122939,article,Information Sciences,https://openalex.org/W4416930522
Information Sciences,Elsevier,2025,2025-12-04,A generalized approach to perform unsupervised blocking key selection for entity resolution,Dimas Cassimiro Nascimento; Carlos Eduardo Santos Pires; Thiago Nóbrega,733,,10.1016/j.ins.2025.122952,https://doi.org/10.1016/j.ins.2025.122952,article,Information Sciences,https://openalex.org/W4416978366
Information Sciences,Elsevier,2025,2025-12-04,EmoDim: An independent dimensional contrastive learning with pseudo-labeling for speech emotion recognition,Ta Bao Thang; Nhat Minh Le; Huỳnh Thị Thanh Bình; Van Hai,732,,10.1016/j.ins.2025.122956,https://doi.org/10.1016/j.ins.2025.122956,article,Information Sciences,https://openalex.org/W4416972498
Information Sciences,Elsevier,2025,2025-12-04,Federated hierarchical clustering with automatic selection of optimal cluster numbers,Y Zhang; Chuanlong Qiu; Xinfa Liao; Y Zhang,733,,10.1016/j.ins.2025.122957,https://doi.org/10.1016/j.ins.2025.122957,article,Information Sciences,https://openalex.org/W7108470224
Information Sciences,Elsevier,2025,2025-12-04,GAN-TAD: A graph-based adversarial network for time series anomaly detection,Tadiyos Hailemichael Mamo; Junming Shao; Bernard Mawuli Cobbinah,733,,10.1016/j.ins.2025.122973,https://doi.org/10.1016/j.ins.2025.122973,article,Information Sciences,https://openalex.org/W4416978414
Information Sciences,Elsevier,2025,2025-12-04,Graph contrastive learning with positional embeddings for predicting influenza antigenicity,Qingbo Liu; Yuanling Xia; Yanbu Guo; Weihua Li,733,,10.1016/j.ins.2025.122955,https://doi.org/10.1016/j.ins.2025.122955,article,Information Sciences,https://openalex.org/W7108463570
Information Sciences,Elsevier,2025,2025-12-04,Improving natural language arguments’ identification by leveraging semantic similarity,Federico M. Schmidt; Andrea Cohen; Sebastián Gottifredi; Alejandro Javier García,733,,10.1016/j.ins.2025.122954,https://doi.org/10.1016/j.ins.2025.122954,article,Information Sciences,https://openalex.org/W4416978446
Information Sciences,Elsevier,2025,2025-12-05,FLSDA: A synergistic defense against backdoor attacks in federated learning,Yangtao Chen; Hang Gao; Hao Wang; Tiegang Gao,733,,10.1016/j.ins.2025.122974,https://doi.org/10.1016/j.ins.2025.122974,article,Information Sciences,https://openalex.org/W4417028000
Information Sciences,Elsevier,2025,2025-12-05,HyperDVM: A hypergraph model with dual-view selection mechanism,Xing Wang; Haosen Wang; Ziyu Zhang; Zhaolin Lv; Qingtao Pan; Jun Tang,734,,10.1016/j.ins.2025.122980,https://doi.org/10.1016/j.ins.2025.122980,article,Information Sciences,https://openalex.org/W4417048803
Information Sciences,Elsevier,2025,2025-12-05,Learning problem-to-suggestion semantic mapping for audit suggestions recommendation in government audit reports,Lu Zhang; Haibo Wu; Min Liu; Haiting Zhu; Gaofeng He,733,,10.1016/j.ins.2025.122947,https://doi.org/10.1016/j.ins.2025.122947,article,Information Sciences,https://openalex.org/W4417048828
Information Sciences,Elsevier,2025,2025-12-05,Privacy-aware data processing and fair model trading protocols among un-trusted participants,Yining Tan; Ruoting Xiong; H. R. Qin; Yuxian Chen; Lianchong Zhang; Wei Ren; Tianqing Zhu,733,,10.1016/j.ins.2025.122946,https://doi.org/10.1016/j.ins.2025.122946,article,Information Sciences,https://openalex.org/W4417028001
Information Sciences,Elsevier,2025,2025-12-06,An accelerated noise-tolerant power method for fair streaming PCA with PAFO learnability,Xingcai Zhou; Xiaochen Fan; Shaomin Lv,733,,10.1016/j.ins.2025.122948,https://doi.org/10.1016/j.ins.2025.122948,article,Information Sciences,https://openalex.org/W4417080091
Information Sciences,Elsevier,2025,2025-12-06,Beyond random masking: Label-ratio node augmentation for invariant learning on out-of-distribution graphs,Da Li; Liting Wang; Tao Liu; Zhiyun Lin,733,,10.1016/j.ins.2025.122976,https://doi.org/10.1016/j.ins.2025.122976,article,Information Sciences,https://openalex.org/W4417066549
Information Sciences,Elsevier,2025,2025-12-06,CA-LDP: Community-aware local differential privacy for dynamic social networks,Yuanjing Hao; Liang Chang; Chuangying Zhu; Xuemin Wang; Zhixin Zeng,733,,10.1016/j.ins.2025.122979,https://doi.org/10.1016/j.ins.2025.122979,article,Information Sciences,https://openalex.org/W4417080093
Information Sciences,Elsevier,2025,2025-12-06,Constructions and decompositions of left-continuous triangular norms compatible with weak negations,Feng Qin; Yiting Wang; Yafang Shi; Cui Liu; Qiao-Yun Liu,733,,10.1016/j.ins.2025.122940,https://doi.org/10.1016/j.ins.2025.122940,article,Information Sciences,https://openalex.org/W4417073432
Information Sciences,Elsevier,2025,2025-12-06,Editorial Board,,729,,10.1016/s0020-0255(25)01106-5,https://doi.org/10.1016/s0020-0255(25)01106-5,paratext,Information Sciences,https://openalex.org/W7109013206
Information Sciences,Elsevier,2025,2025-12-06,Editorial Board,,728,,10.1016/s0020-0255(25)01099-0,https://doi.org/10.1016/s0020-0255(25)01099-0,paratext,Information Sciences,https://openalex.org/W7109233531
Information Sciences,Elsevier,2025,2025-12-06,Large-scale text-to-SQL generation with adversarial defense,Hai Liao; Song Chen; Yun Xiao; Linyun Xiang; Fan Min,733,,10.1016/j.ins.2025.122942,https://doi.org/10.1016/j.ins.2025.122942,article,Information Sciences,https://openalex.org/W7109227299
Information Sciences,Elsevier,2025,2025-12-06,Segmentation of temporal graphs,Raffaele Giancotti; Francesco Gullo; Pietro Hiram Guzzi; Edoardo Serra; Pierangelo Veltri,733,,10.1016/j.ins.2025.122930,https://doi.org/10.1016/j.ins.2025.122930,article,Information Sciences,https://openalex.org/W4417085716
Information Sciences,Elsevier,2025,2025-12-07,A non-location-map reversible data hiding scheme for audio streams based on additive data embedding algorithm,Jian Xu,733,,10.1016/j.ins.2025.122949,https://doi.org/10.1016/j.ins.2025.122949,article,Information Sciences,https://openalex.org/W4417093905
Information Sciences,Elsevier,2025,2025-12-07,DP-FedPUAC: Federated learning with differential privacy via adaptive gradient clipping and local iteration optimization,Jiangyong Yuan; Yong Chen; Z. Q. Wang; ChenXiao Wang; HU Xiao-yue; Zihao Zeng,733,,10.1016/j.ins.2025.122981,https://doi.org/10.1016/j.ins.2025.122981,article,Information Sciences,https://openalex.org/W4417099753
Information Sciences,Elsevier,2025,2025-12-07,Interpretable Type-3 fuzzy neural modeling of tumor–immune dynamics under delay and chaos: a rule-based and logic-oriented approach,Illych Álvarez; Antonio S.E. Chong; Jorge Chamba; Ivy Peña; Ximena Quiñónez,733,,10.1016/j.ins.2025.122982,https://doi.org/10.1016/j.ins.2025.122982,article,Information Sciences,https://openalex.org/W4417094028
Information Sciences,Elsevier,2025,2025-12-07,QACN: Actor-critic augmented value decomposition for long-term cooperative multi-agent reinforcement learning in superhard scenarios,Bo Xu; Yijun HE; Yonghui Xu,733,,10.1016/j.ins.2025.122985,https://doi.org/10.1016/j.ins.2025.122985,article,Information Sciences,https://openalex.org/W4417094698
Information Sciences,Elsevier,2025,2025-12-08,Human-robotics hybrid shared control with guaranteed performance: A fixed-time game-theoretic learning approach,Shuangsi Xue; Junkai Tan; Zihang Guo; Tiansen Niu; Hui Cao; Badong Chen,733,,10.1016/j.ins.2025.122987,https://doi.org/10.1016/j.ins.2025.122987,article,Information Sciences,https://openalex.org/W4417137842
Information Sciences,Elsevier,2025,2025-12-09,Generalization of deep learning image restoration method for compressed sensing in electron tomography with a limited number of projections,Alberto Japón; Miguel López‐Haro; José Marqueses-Rodríguez; Juan Manuel Muñoz-Ocaña; Justo Puerto; Antonio Manuel Rodríguez-Chía,733,,10.1016/j.ins.2025.122989,https://doi.org/10.1016/j.ins.2025.122989,article,Information Sciences,https://openalex.org/W4417164350
Information Sciences,Elsevier,2025,2025-12-09,Reweighted low-rank quaternion matrix factorization with deep denoising prior for color image inpainting,Zhijie Wang; Liangtian He; Shaobing Gao; Jifei Miao; Liang-Jian Deng; Jun Liu,733,,10.1016/j.ins.2025.122953,https://doi.org/10.1016/j.ins.2025.122953,article,Information Sciences,https://openalex.org/W4417150052
Information Sciences,Elsevier,2025,2025-12-10,Conflict management in sequential evidence combination,Zixuan Zhou; Fuyuan Xiao,734,,10.1016/j.ins.2025.122958,https://doi.org/10.1016/j.ins.2025.122958,article,Information Sciences,https://openalex.org/W4417178826
Information Sciences,Elsevier,2025,2025-12-10,Multi-granularity kernelized fuzzy neighborhood-based outlier detection,Qilin Li; Rui Wang; Sihan Wang; Luoshu Yang; Dezhong Peng; Zhong Yuan; Xinyu Su,733,,10.1016/j.ins.2025.122983,https://doi.org/10.1016/j.ins.2025.122983,article,Information Sciences,https://openalex.org/W4417184605
Information Sciences,Elsevier,2025,2025-12-11,MSTAN: A multi-scale temporal attention network for stock prediction,Yunzhu Chen; Neng Ye; Wenyu Zhang; Shenghui Song; Xiangming Li,733,,10.1016/j.ins.2025.122992,https://doi.org/10.1016/j.ins.2025.122992,article,Information Sciences,https://openalex.org/W4417247134
Information Sciences,Elsevier,2025,2025-12-11,Path planning and task allocation based on community detection in Voronoi diagrams,Fan Zhang; Jintao Chen; Hongru Ren,733,,10.1016/j.ins.2025.122991,https://doi.org/10.1016/j.ins.2025.122991,article,Information Sciences,https://openalex.org/W7114791039
Information Sciences,Elsevier,2025,2025-12-12,Dual-stream interactive diagnosis of spatio-temporal heterogeneous features: Joint modeling with multi-scale variable temporal convolutions and transfer learning,Liangliang Jia; Lingxia Mu; Shihai Wu; Ding Liu,733,,10.1016/j.ins.2025.122995,https://doi.org/10.1016/j.ins.2025.122995,article,Information Sciences,https://openalex.org/W4417281141
Information Sciences,Elsevier,2025,2025-12-13,Computationally efficient adaptive fuzzy energy-based control with predefined-time convergence for longitudinal flight dynamics,Abdessamad El Mobaraky; Khalid Benjelloun; Ahmed Chebak; Khalid Kouiss,734,,10.1016/j.ins.2025.122975,https://doi.org/10.1016/j.ins.2025.122975,article,Information Sciences,https://openalex.org/W4417290047
Information Sciences,Elsevier,2025,2025-12-13,LB-IRG: A hybrid model parameter solving algorithm based on text data,Pham Hoang Quan; Jiaqiu Hu; Jun Tu,734,,10.1016/j.ins.2025.122986,https://doi.org/10.1016/j.ins.2025.122986,article,Information Sciences,https://openalex.org/W4417290046
Information Sciences,Elsevier,2025,2025-12-13,Learning uncertainty by constructing multi-box uncertainty sets from the datasets with complicated distributions: Validated by robust optimization,Shuyu Huang; Zhong Wan,733,,10.1016/j.ins.2025.122988,https://doi.org/10.1016/j.ins.2025.122988,article,Information Sciences,https://openalex.org/W7115012718
Information Sciences,Elsevier,2025,2025-12-13,Microblog sentiment classification via a multilayer graph with social and semantic representations using hyperbolic learning,Xiaomei Zou; Taihao Li; Shoukang Han,734,,10.1016/j.ins.2025.122993,https://doi.org/10.1016/j.ins.2025.122993,article,Information Sciences,https://openalex.org/W7114991474
Information Sciences,Elsevier,2025,2025-12-15,A novel fault section identification method for smart substations considering information tampering based on multi-pulse spiking neural P systems,Tao Wang; Liang Cheng; Wei Liu; Peng Wang; Mario J. Pérez-Jímenez,734,,10.1016/j.ins.2025.122984,https://doi.org/10.1016/j.ins.2025.122984,article,Information Sciences,https://openalex.org/W4417335327
Information Sciences,Elsevier,2025,2025-12-15,Contrast-Aware hybrid attention network for medical image segmentation,Meihua Zhou; Jun Hong Feng; Tianlong Zheng; Min Cheng; Yang Li,734,,10.1016/j.ins.2025.123000,https://doi.org/10.1016/j.ins.2025.123000,article,Information Sciences,https://openalex.org/W4417330802
Information Sciences,Elsevier,2025,2025-12-15,Neighborhood combination entropy-based label distribution feature selection with instance similarity and feature redundancy,Kewen Li; Wenbin Qian; Xingxing Cai; Jintao Huang,742,,10.1016/j.ins.2025.122999,https://doi.org/10.1016/j.ins.2025.122999,article,Information Sciences,https://openalex.org/W4417330811
Information Sciences,Elsevier,2025,2025-12-16,Editorial: Special issue on anonymity and information hiding,Francesco Buccafurri; Luca Caviglione; Vincenzo De Angelis,730,,10.1016/j.ins.2025.122990,https://doi.org/10.1016/j.ins.2025.122990,editorial,Information Sciences,https://openalex.org/W4417343671
Information Sciences,Elsevier,2025,2025-12-16,KDFNet: Knowledge-data fusion network for motor imagery based brain-computer interfaces,Xue Jiang; Lubin Meng; Xinru Chen; Wei Li; Dongrui Wu,734,,10.1016/j.ins.2025.123001,https://doi.org/10.1016/j.ins.2025.123001,article,Information Sciences,https://openalex.org/W4417397570
Information Sciences,Elsevier,2025,2025-12-16,WRSI: Wavelet scale reduction and spatiotemporal boundary interaction network for remote sensing change detection,Kangqiao Li; Shuo Wang; Zhaolong Gao; Guodong Fan; Guangyong Chen; Jinjiang Li,734,,10.1016/j.ins.2025.123002,https://doi.org/10.1016/j.ins.2025.123002,article,Information Sciences,https://openalex.org/W4417399836
Information Sciences,Elsevier,2025,2025-12-17,A general and efficient biometric template protection based on a novel secret sharing,Yongqiang Yu; Yuliang Lu; Wei Yan; Xuehu Yan; Jiayu Wang,734,,10.1016/j.ins.2025.122998,https://doi.org/10.1016/j.ins.2025.122998,article,Information Sciences,https://openalex.org/W7115687023
Information Sciences,Elsevier,2025,2025-12-17,A novel method of feature selection and information fusion for multi-source ordered information systems based on k-nearest neighbor rough sets,Hao Yuan; Weihua Xu,734,,10.1016/j.ins.2025.122997,https://doi.org/10.1016/j.ins.2025.122997,article,Information Sciences,https://openalex.org/W7115709661
Information Sciences,Elsevier,2025,2025-12-17,EmoContextNet: A real-time adaptive large model with spatiotemporal-spectral fusion for multi-context facial emotion recognition,Dewei Yu; Yan Xin Yang; Guangsheng Shao; Chuijian Kong; Y. F. Chen; Daoxun Xia,741,,10.1016/j.ins.2025.123005,https://doi.org/10.1016/j.ins.2025.123005,article,Information Sciences,https://openalex.org/W4417436710
Information Sciences,Elsevier,2025,2025-12-17,Modeling risk attitudes in picture fuzzy multi-objective linear programming with chance constraints,Hande Günay Akdemir; Hale Gonce Köçken; Nurdan Kara,734,,10.1016/j.ins.2025.123003,https://doi.org/10.1016/j.ins.2025.123003,article,Information Sciences,https://openalex.org/W4417435817
Information Sciences,Elsevier,2025,2025-12-17,Multimodal emotion recognition based on temporal-spatio bidirectional dilated causal convolution multi-head attention network,Jingjie Yan; Peiyuan Li; Guangkun Shi; Xiaoyang zhou; Ying Liu,734,,10.1016/j.ins.2025.122994,https://doi.org/10.1016/j.ins.2025.122994,article,Information Sciences,https://openalex.org/W4417410558
Information Sciences,Elsevier,2025,2025-12-18,Voxel-to-pillar: A height-aware pillar feature encoding method for efficient 3D object detection,Xusheng Li; Chengliang Wang; Shumao Wang; Ji Liu; Yonggang Luo; Jianbin Chen,734,,10.1016/j.ins.2025.123014,https://doi.org/10.1016/j.ins.2025.123014,article,Information Sciences,https://openalex.org/W4417450479
Information Sciences,Elsevier,2025,2025-12-19,A DBSCAN-enhanced niching differential evolution algorithm for solving nonlinear equations,Peng Wang; Yan Wang; Jie Jin,734,,10.1016/j.ins.2025.122996,https://doi.org/10.1016/j.ins.2025.122996,article,Information Sciences,https://openalex.org/W4417505693
Information Sciences,Elsevier,2025,2025-12-19,Editorial Board,,730,,10.1016/s0020-0255(25)01148-x,https://doi.org/10.1016/s0020-0255(25)01148-x,paratext,Information Sciences,https://openalex.org/W4417491422
Information Sciences,Elsevier,2025,2025-12-20,A double-entropy driven FATA-DE hybrid algorithm with a novel individual regulation strategy for feature selection,Xiaowen Chen; Xiaowen Chen; ZhenNao Cai; Amina magdich; Aymen TRIGUI; Ali Asghar Heidari; Huiling Chen; Sudan Yu,742,,10.1016/j.ins.2025.123004,https://doi.org/10.1016/j.ins.2025.123004,article,Information Sciences,https://openalex.org/W7116350951
Information Sciences,Elsevier,2025,2025-12-20,Adversarial game optimization: A game-theoretic metaheuristic for efficient complex optimization and engineering applications,Conglin Li; Qingke Zhang; Jin Li; Sichen Tao; Diego Oliva,735,,10.1016/j.ins.2025.123022,https://doi.org/10.1016/j.ins.2025.123022,article,Information Sciences,https://openalex.org/W7116359479
Information Sciences,Elsevier,2025,2025-12-20,Dual-stream perception cross-flattening transformer for few-shot surface defect detection,Y LI; Shaoqing Wang; Zihao Jing; Jinghua Zheng; Xiaobo B Han; Xiao Zheng; Fuzhen Sun,742,,10.1016/j.ins.2025.123017,https://doi.org/10.1016/j.ins.2025.123017,article,Information Sciences,https://openalex.org/W7116278734
Information Sciences,Elsevier,2025,2025-12-20,RWKV-SKF: A recurrent architecture with state-space and frequency-domain filtering for dissolved oxygen predicting and revealing influencing mechanisms,Peijian Zeng; Xingming Liao; Jianhui Xu; Shuisen Chen; Shuisen Chen; Zhuowei Wang; Aimin Yang; Xingda Chen,734,,10.1016/j.ins.2025.123018,https://doi.org/10.1016/j.ins.2025.123018,article,Information Sciences,https://openalex.org/W4417527249
Information Sciences,Elsevier,2025,2025-12-20,Restriction based overlap and grouping functions with their application in convolutional neural network architecture,Annada Prasad Behera; Swati Rani Hait; Bapi Dutta; Subhankar Mishra,742,,10.1016/j.ins.2025.123006,https://doi.org/10.1016/j.ins.2025.123006,article,Information Sciences,https://openalex.org/W7116360737
Information Sciences,Elsevier,2025,2025-12-22,An area-based computational algorithm for robust extrema detection in noisy environments,Madjid Tavana; Hosein Arman; Andreas Dellnitz,734,,10.1016/j.ins.2025.123019,https://doi.org/10.1016/j.ins.2025.123019,article,Information Sciences,https://openalex.org/W7116737236
Information Sciences,Elsevier,2025,2025-12-22,DCA-Net: Graph-based dependent sampling and dynamic context association for biomedical trigger detection,Zilin Wang; Jiancheng Lv; Xianggen Liu,742,,10.1016/j.ins.2025.123027,https://doi.org/10.1016/j.ins.2025.123027,article,Information Sciences,https://openalex.org/W7116673550
Information Sciences,Elsevier,2025,2025-12-22,FedPuzzle: Federated causal discovery from distributed heterogeneous variable sets,Yiyao Li; Yeting Guo; Ligong Cao; Haotian Wang; Long Lan,742,,10.1016/j.ins.2025.123021,https://doi.org/10.1016/j.ins.2025.123021,article,Information Sciences,https://openalex.org/W7116661044
Information Sciences,Elsevier,2025,2025-12-23,Blockchain-integrated intrusion detection system with optimized cosine CNN for enhanced privacy and security in cloud computing,NR Rejin Paul; V Nallarasan; Nallam Krishnaiah; L. Guganathan,735,,10.1016/j.ins.2025.123015,https://doi.org/10.1016/j.ins.2025.123015,article,Information Sciences,https://openalex.org/W7116950204
Information Sciences,Elsevier,2025,2025-12-23,Semantic representation of cross-modal events based on social multi-view graph attention network,Wanqiu Cui; Dawei Wang; Wengang Feng; Jingjing Lu,742,,10.1016/j.ins.2025.123025,https://doi.org/10.1016/j.ins.2025.123025,article,Information Sciences,https://openalex.org/W7116958801
Information Sciences,Elsevier,2025,2025-12-24,A heterogeneous reinforcement learning approach for joint relay selection and power allocation in time-varying UASNs with energy harvesting,Song Han; Yuming He; Ziyuan Wang; Aijia Li; Xinbin Li; Xinbin Li; Zhixin Liu; Lei Yan; Tongwei Zhang; Huimin Kang,742,,10.1016/j.ins.2025.123007,https://doi.org/10.1016/j.ins.2025.123007,article,Information Sciences,https://openalex.org/W7117151064
Information Sciences,Elsevier,2025,2025-12-24,AMOS: Absent minority oversampling neural network for imbalanced data classification,Zhan ao Huang; Zhan ao Huang; Canghong Shi; Jia He; Xi Wu; Xiaojie Li; Xi Wu; Xi Wu,735,,10.1016/j.ins.2025.123024,https://doi.org/10.1016/j.ins.2025.123024,article,Information Sciences,https://openalex.org/W7117159579
Information Sciences,Elsevier,2025,2025-12-24,Joint scheduling of runway and taxiway considering uncertain taxiing time based on an improved ACO algorithm,Lirong Zhang; Lirong Zhang; Yi Lin; Suwan Yin; Wu Deng; Hongyu Yang; Jianwei Zhang,735,,10.1016/j.ins.2025.123023,https://doi.org/10.1016/j.ins.2025.123023,article,Information Sciences,https://openalex.org/W7117112130
Information Sciences,Elsevier,2025,2025-12-25,Achieving Dalenius’ goal of data privacy with practical assumptions,Genqiang Wu; Xianyao Xia; Yeping He,735,,10.1016/j.ins.2025.123035,https://doi.org/10.1016/j.ins.2025.123035,article,Information Sciences,https://openalex.org/W3120104082
Information Sciences,Elsevier,2025,2025-12-25,Dynamic neural membrane computing models with migrating mechanisms,Xiaoling Zhang; Xiyu Liu; Liping Wang; Yuzhen Zhao,741,,10.1016/j.ins.2025.123016,https://doi.org/10.1016/j.ins.2025.123016,article,Information Sciences,https://openalex.org/W7117255241
Information Sciences,Elsevier,2025,2025-12-25,Null-adjusted persistence function for high-resolution community detection,Alessandro Avellone; Paolo Bartesaghi; Stefano Benati; Christos Charalambous; Rosanna Grassi,742,,10.1016/j.ins.2025.123032,https://doi.org/10.1016/j.ins.2025.123032,article,Information Sciences,https://openalex.org/W7117250825
Information Sciences,Elsevier,2025,2025-12-25,Semantics-aware high-frequency enhancement for event-based lip-reading,Yi Zhang; Xiuping Liu; Jun Zhou; Yang Liu; Hongchen Tan,742,,10.1016/j.ins.2025.123026,https://doi.org/10.1016/j.ins.2025.123026,article,Information Sciences,https://openalex.org/W7117248184
Information Sciences,Elsevier,2025,2025-12-25,Taming the long tail in federated learning: A unified global and personalized model framework,Pengsong Zhang; Mi Wen; Zhou Zhu; Dongyang Li,735,,10.1016/j.ins.2025.123031,https://doi.org/10.1016/j.ins.2025.123031,article,Information Sciences,https://openalex.org/W7117249450
Information Sciences,Elsevier,2025,2025-12-25,VeGaS: Video Gaussian Splatting,Weronika Smolak-Dyżewska; Dawid Malarz; Kornel Howil; Jan Kaczmarczyk; Marcin Mazur; Przemysław Spurek,735,,10.1016/j.ins.2025.123033,https://doi.org/10.1016/j.ins.2025.123033,article,Information Sciences,https://openalex.org/W7117251603
Information Sciences,Elsevier,2025,2025-12-25,"Visually secure steganography scheme for color images based on Trans-CS network, Cantor and 4D-TSCNN",Zhang Hao; Yang Jie; Guo Yiting; Teng Lin; Feng Xiufang,742,,10.1016/j.ins.2025.123034,https://doi.org/10.1016/j.ins.2025.123034,article,Information Sciences,https://openalex.org/W7117256643
Information Sciences,Elsevier,2025,2025-12-26,An anatomical-aware three-stream ensemble network for brain tumor classification,Rangachary Kommanduri; Krishna Kumari Matta; Raju Imandi,735,,10.1016/j.ins.2025.123043,https://doi.org/10.1016/j.ins.2025.123043,article,Information Sciences,https://openalex.org/W7117292241
Information Sciences,Elsevier,2025,2025-12-26,Versatile and harmless deepfake proactive forensics via conditional watermarking,Xiaoshuai Wu; Xin Liao; Jie Zhang; Mingyue Chen; Yufeng Wu; Jinlin Guo,742,,10.1016/j.ins.2025.123030,https://doi.org/10.1016/j.ins.2025.123030,article,Information Sciences,https://openalex.org/W7117316405
Information Sciences,Elsevier,2025,2025-12-26,YSAM-SLAM: A real-time performance enhancement algorithm for visual SLAM in dynamic environments,Lin Zhang; Tao Chen; Ming Yang; ZongFang Ma; YingJie Zhang; Yun Chen; Xiao Gao; Meiting Xin,742,,10.1016/j.ins.2025.123029,https://doi.org/10.1016/j.ins.2025.123029,article,Information Sciences,https://openalex.org/W7117317217
Information Sciences,Elsevier,2025,2025-12-27,Dual decomposition-enhanced integrated deep networks with bidirectional CNN and semi-supervised GRU for multivariate nonlinear time series forecasting,Changcheng Zhao; Yuhui Ruan; Jiazi Zhai; Haifei Peng; Jian Long; Guihua Hu,735,,10.1016/j.ins.2025.123020,https://doi.org/10.1016/j.ins.2025.123020,article,Information Sciences,https://openalex.org/W7117371049
Information Sciences,Elsevier,2025,2025-12-27,Editorial Board,,731,,10.1016/s0020-0255(25)01177-6,https://doi.org/10.1016/s0020-0255(25)01177-6,paratext,Information Sciences,https://openalex.org/W7117360783
Information Sciences,Elsevier,2025,2025-12-27,Electrostatic force regularization for neural structured pruning,Abdesselam Ferdi; Abdelmalik Taleb-Ahmed; Amir Nakib; Youcef Ferdi,735,,10.1016/j.ins.2025.123045,https://doi.org/10.1016/j.ins.2025.123045,article,Information Sciences,https://openalex.org/W7117367571
Information Sciences,Elsevier,2025,2025-12-27,KiST: Kernel improved spectral theory model for multivariate time series forecasting,Haoxin Wang; Yipeng Mo; Kunlan Xiang; Bixiong Li; Songhai Fan; Yiping Jiang; Site Mo,735,,10.1016/j.ins.2025.123036,https://doi.org/10.1016/j.ins.2025.123036,article,Information Sciences,https://openalex.org/W7117371369
Information Sciences,Elsevier,2025,2025-12-27,"Large-scale generative dataset, benchmark, and edge-empowered transformer for crack detection",Haoran He; Yongfang Wang; Wei Chen; Zixuan Li; Zhijun Fang,735,,10.1016/j.ins.2025.123054,https://doi.org/10.1016/j.ins.2025.123054,article,Information Sciences,https://openalex.org/W7117421970
Information Sciences,Elsevier,2025,2025-12-27,Revocable public key encryption with equality test for next-generation web 3.0,Xiaoying Shen; Wenjie Wang; YiChuan Wang; Baocang Wang; Huijun Zhu,736,,10.1016/j.ins.2025.123052,https://doi.org/10.1016/j.ins.2025.123052,article,Information Sciences,https://openalex.org/W7117361720
Information Sciences,Elsevier,2025,2025-12-27,Self-supervised graph anomaly detection via reconstruction enhancement and multiscale contrastive learning,Xiwen Zheng; Xiaofeng Wang; Yang Xia Zhou; Tianxiang Lv; Tao Xie; Hao Yu; Shihuan Zhang; Fang Zhou; Junzheng Jiang; Daying Quan,742,,10.1016/j.ins.2025.123050,https://doi.org/10.1016/j.ins.2025.123050,article,Information Sciences,https://openalex.org/W7117386759
Information Sciences,Elsevier,2025,2025-12-27,Trajectory semantics-based graph convolutional network for taxi demand forecasting,Chaolong Jia; Siyan Huang; Wenxiao Zhang; Wenjing Zhang; Rong Wang; Yunpeng Xiao,742,,10.1016/j.ins.2025.123051,https://doi.org/10.1016/j.ins.2025.123051,article,Information Sciences,https://openalex.org/W7117378419
Information Sciences,Elsevier,2025,2025-12-28,C2DEEP-OT: Utilizing Multi-Agent Deep Reinforcement Learning Algorithm and Optimized Attentive Transformer Network for Cervical Cancer Detection,Shakir Khan; Arfat Ahmad Khan; Rakesh Kumar Mahendran; Mohd Fazil; Ateeq Ur Rehman; Weiwei Jiang; Ahmed Farouk,738,,10.1016/j.ins.2025.123047,https://doi.org/10.1016/j.ins.2025.123047,article,Information Sciences,https://openalex.org/W7117419439
Information Sciences,Elsevier,2025,2025-12-29,Design of machine game strategy for proactive collaboration with a human based on intent inferring and cognition identification,Xiao-Yan Jiang; Huai-Ning Wu,735,,10.1016/j.ins.2025.123058,https://doi.org/10.1016/j.ins.2025.123058,article,Information Sciences,https://openalex.org/W7117450746
Information Sciences,Elsevier,2025,2025-12-29,Differential evolution with Cauchy restart and successful difference vector reuse for numerical optimization,Rongfeng Zhou; Zhenyu Meng,735,,10.1016/j.ins.2025.123060,https://doi.org/10.1016/j.ins.2025.123060,article,Information Sciences,https://openalex.org/W7117478700
Information Sciences,Elsevier,2025,2025-12-29,Enhancing heterogeneous information networks through student interactions for knowledge tracing,Jie Gao; Lin Ma; Liqing Qiu,735,,10.1016/j.ins.2025.123062,https://doi.org/10.1016/j.ins.2025.123062,article,Information Sciences,https://openalex.org/W7117469723
Information Sciences,Elsevier,2025,2025-12-29,STKGformer: A spatio-temporal knowledge graph enhanced transformer for passenger flow prediction,Zhe Ji; Zuoan Hu; Shixi Chang; Wenhao Zhang,735,,10.1016/j.ins.2025.123055,https://doi.org/10.1016/j.ins.2025.123055,article,Information Sciences,https://openalex.org/W7117490488
Information Sciences,Elsevier,2025,2025-12-30,Formal series for linear representations of timed colored petri nets,Louis Bal dit Sollier; Alain Ourghanlian; Saïd Amari,735,,10.1016/j.ins.2025.123057,https://doi.org/10.1016/j.ins.2025.123057,article,Information Sciences,https://openalex.org/W7117540799
Information Sciences,Elsevier,2025,2025-12-31,Dynamic stealthy backdoor attack against anomaly detectors in industrial control systems,Qingchao Jiang; Yu Zu; Zhiying Zhu; Weimin Zhong; Yiran Xu; Zhenxing Qian; Xinpeng Zhang,735,,10.1016/j.ins.2025.123066,https://doi.org/10.1016/j.ins.2025.123066,article,Information Sciences,https://openalex.org/W7117770100
Information Sciences,Elsevier,2025,2025-12-31,HORNET: Fast and minimal adversarial perturbations,Jiaping Wu; Antonio Emanuele Ciná; Francesco Villani; Zhaoqiang Xia Zhaoqiang Xia; Luca Demetrio; Luca Oneto; Davide Anguita; Fabio Roli; Xiaoyi Feng,735,,10.1016/j.ins.2025.123028,https://doi.org/10.1016/j.ins.2025.123028,article,Information Sciences,https://openalex.org/W7117751549
Information Sciences,Elsevier,2025,2025-12-31,Lightweight and anonymous heterogeneous signcryption scheme for wireless body area network,Wei Luo; Lin Zhu; Kun Lv; Yichen Bai; Bojun Xu,735,,10.1016/j.ins.2025.123065,https://doi.org/10.1016/j.ins.2025.123065,article,Information Sciences,https://openalex.org/W7117774450
Information Sciences,Elsevier,2025,2025-12-31,Many-objective island-based evolutionary algorithm for biomarker selection and cancer molecular diagnosis in high-dimensional omics data,Sadia Marium; Zareen Alamgir; Irfan Younas,735,,10.1016/j.ins.2025.123044,https://doi.org/10.1016/j.ins.2025.123044,article,Information Sciences,https://openalex.org/W7117751487
Information Sciences,Elsevier,2025,2025-12-31,Predefined-time backstepping tracking control of a two-link manipulator via fuzzy-enhanced multithreaded reinforcement learning,Qing Hao; Mengzhuo Luo; Jun Cheng; Kaibo Shi,735,,10.1016/j.ins.2025.123056,https://doi.org/10.1016/j.ins.2025.123056,article,Information Sciences,https://openalex.org/W7117730040
Information Sciences,Elsevier,2025,2025-12-31,Scalable variational Bayesian change-point segmentation and parsimonious clustering for generalizable time-series structure discovery with uncertainty quantification,Kushal Anjaria,735,,10.1016/j.ins.2025.123059,https://doi.org/10.1016/j.ins.2025.123059,article,Information Sciences,https://openalex.org/W7117703372
Information Sciences,Elsevier,2026,2026-01-01,Expert-aided causal discovery of ancestral graphs,Tiago da Silva; Bruna Bazaluk; Eliezer de Souza da Silva; António Góis; Salem Lahlou; Dominik Heider; Samuel Kaski; Diego Mesquita; Adèle H. Ribeiro,,,10.18154/rwth-2026-06935,https://doi.org/10.18154/rwth-2026-06935,article,Information Sciences,https://openalex.org/W7170032631
Information Sciences,Elsevier,2026,2026-01-02,Actuator fault detection for cyber-physical systems in presence of sparse sensor attacks,Jianan Zhang; Yining Qian; An-yang Lu,735,,10.1016/j.ins.2026.123071,https://doi.org/10.1016/j.ins.2026.123071,article,Information Sciences,https://openalex.org/W7118073958
Information Sciences,Elsevier,2026,2026-01-02,BDNet: a deep learning-based point cloud denoising network for Brassica rapa,Hanzhe Shi; Zisheng Chen; Junmin Chen; Dongfeng Liu; Huijun Yang,735,,10.1016/j.ins.2026.123072,https://doi.org/10.1016/j.ins.2026.123072,article,Information Sciences,https://openalex.org/W7118084494
Information Sciences,Elsevier,2026,2026-01-02,Corrigendum to “CDiffu-DL: Few-shot line drawing extraction from Dunhuang murals via self-supervised pre-training of condition fusion with diffusion model”. [Inf. Sci. 731 (2026) 122931],Yuan Ding; Kaijun Wu,732,,10.1016/j.ins.2025.123067,https://doi.org/10.1016/j.ins.2025.123067,erratum,Information Sciences,https://openalex.org/W7117979418
Information Sciences,Elsevier,2026,2026-01-02,Exploiting reliable evolving micro-clusters for robust semi-supervised learning on data streams,Hongliang Wang; Zhonglin Wu; Jinxia Guo; Wei Han; Lei Liu; Qinli Yang; Junming Shao,735,,10.1016/j.ins.2025.123069,https://doi.org/10.1016/j.ins.2025.123069,article,Information Sciences,https://openalex.org/W7117997415
Information Sciences,Elsevier,2026,2026-01-02,Generalizing three-way concept lattices for conflict analysis,Jie Zhao,736,,10.1016/j.ins.2025.123053,https://doi.org/10.1016/j.ins.2025.123053,article,Information Sciences,https://openalex.org/W7118079653
Information Sciences,Elsevier,2026,2026-01-02,Nonuniform low-light image enhancement based on game-retinex variational and adaptive vector-valued gamma correction,Wenyang Wei; Xiangchu Feng; Wuqing Song; Tiantian Liu; Weiwei Wang,735,,10.1016/j.ins.2025.123063,https://doi.org/10.1016/j.ins.2025.123063,article,Information Sciences,https://openalex.org/W7118009964
Information Sciences,Elsevier,2026,2026-01-03,A two-stage self-supervised learning framework for breast cancer detection with multi-scale vision transformers,Shahriar Mohammadi; Mohammad Ahmadi Livani,735,,10.1016/j.ins.2025.123061,https://doi.org/10.1016/j.ins.2025.123061,article,Information Sciences,https://openalex.org/W7118118137
Information Sciences,Elsevier,2026,2026-01-03,Deep multi-view clustering based on cross-mutual information,Yong Wang; Y Zhang; Guifu Lu; Cuiyun Gao,735,,10.1016/j.ins.2026.123070,https://doi.org/10.1016/j.ins.2026.123070,article,Information Sciences,https://openalex.org/W7118089614
Information Sciences,Elsevier,2026,2026-01-03,Exploring prompt engineering with instructive shots to enhance LLMs as a recommender system,Jianye Xie; Yunpeng Sun; Tiyao Liu,735,,10.1016/j.ins.2025.123064,https://doi.org/10.1016/j.ins.2025.123064,article,Information Sciences,https://openalex.org/W7118076548
Information Sciences,Elsevier,2026,2026-01-03,Resilient tracking control of UAV with event-triggered communication against stochastic DoS attacks and faults,Minrui Fu; Ziquan Yu,735,,10.1016/j.ins.2026.123074,https://doi.org/10.1016/j.ins.2026.123074,article,Information Sciences,https://openalex.org/W7118080717
Information Sciences,Elsevier,2026,2026-01-05,LACK: Adaptive k-means clustering with learning-augmented policy for approximate K nearest neighbor search,Zhihao Chen; Junnuo Lin; Lingli Li; Yongnan Liu,735,,10.1016/j.ins.2026.123077,https://doi.org/10.1016/j.ins.2026.123077,article,Information Sciences,https://openalex.org/W7118218793
Information Sciences,Elsevier,2026,2026-01-05,Prediction of social influence in higher-order networks,Hao Peng; Rui Zhang; Bo Zhang; Cheng Qian; Zhong Ming; Shenghong Li; Jianmin Han; Dandan Zhao; W P Wang,735,,10.1016/j.ins.2026.123075,https://doi.org/10.1016/j.ins.2026.123075,article,Information Sciences,https://openalex.org/W7118160812
Information Sciences,Elsevier,2026,2026-01-06,GS-UNet: ConvNeXt-based keypoint-driven visual servoing with cross-hierarchical attention gating for high-precision robotic assembly,Fengze Xu; Liming Lao; Xuan Zheng; Yongchao Zhang; Pengzhan Chen,735,,10.1016/j.ins.2026.123079,https://doi.org/10.1016/j.ins.2026.123079,article,Information Sciences,https://openalex.org/W7118473107
Information Sciences,Elsevier,2026,2026-01-06,Multi-scale skin lesion segmentation network with dynamic mask guidance and dual-path adaptive attention,Hao Liu; Yachao Li; Jiuzhen Liang,735,,10.1016/j.ins.2026.123083,https://doi.org/10.1016/j.ins.2026.123083,article,Information Sciences,https://openalex.org/W7118437274
Information Sciences,Elsevier,2026,2026-01-06,Online state recognition of streaming time series based on subsequence similarity,Jie Zhang; Peng Wang; Wei Wang,735,,10.1016/j.ins.2026.123082,https://doi.org/10.1016/j.ins.2026.123082,article,Information Sciences,https://openalex.org/W7118308470
Information Sciences,Elsevier,2026,2026-01-06,Structural propagation dual-prototype refinement network for few-shot 3D point cloud segmentation,Qingzheng Wang; Jiazhi Xie; N. Li; Jingjun Bi; Zengwei Mai; Wenhui Liu; Xingqin Wang,735,,10.1016/j.ins.2026.123076,https://doi.org/10.1016/j.ins.2026.123076,article,Information Sciences,https://openalex.org/W7118391218
Information Sciences,Elsevier,2026,2026-01-06,Toward imperceptible 3D adversarial point clouds via gradient-guided optimization,Xiaobin Wu; Jiangnan Zheng; Huan Luo,735,,10.1016/j.ins.2025.123068,https://doi.org/10.1016/j.ins.2025.123068,article,Information Sciences,https://openalex.org/W7118745597
Information Sciences,Elsevier,2026,2026-01-06,UniTrack: Unifying day and night tracking with continual learning,Jiwei Mo; He Feixiang; Pengzhi Zhong; Q. R. Zhao; Dan Li Zeng; Ling Huang; S R Li; Xianhao Shen Xianhao Shen,735,,10.1016/j.ins.2026.123081,https://doi.org/10.1016/j.ins.2026.123081,article,Information Sciences,https://openalex.org/W7118407326
Information Sciences,Elsevier,2026,2026-01-07,A fusion based optimistic three-state three-way decision framework integrating prospect-regret theory under fuzzy preference relations and their applications,Peide Liu; Abbas Ali; Noor Rehman; Areej Qadeer,735,,10.1016/j.ins.2025.123046,https://doi.org/10.1016/j.ins.2025.123046,article,Information Sciences,https://openalex.org/W7118282582
Information Sciences,Elsevier,2026,2026-01-07,Gaussian mixture model-based Pythagorean fuzzy multi-criteria group decision-making method and its application in “zero-waste city” evaluation,Huanyu Wan; Shouzhen Zeng,735,,10.1016/j.ins.2026.123080,https://doi.org/10.1016/j.ins.2026.123080,article,Information Sciences,https://openalex.org/W7118736434
Information Sciences,Elsevier,2026,2026-01-07,Reducing contextual noise in review-based recommendation via aspect term extraction and attention modeling,Heena Lim; Xinzhe Li; Xinzhe Li; Seonu Park; QingLong Li; Jaekyeong Kim,735,,10.1016/j.ins.2026.123078,https://doi.org/10.1016/j.ins.2026.123078,article,Information Sciences,https://openalex.org/W7118500382
Information Sciences,Elsevier,2026,2026-01-08,A frequency-domain decomposition and TCN-GTAF fusion framework for GNSS sequence forecasting,Congxin Wei; Zidong Quan; Yaxin Su; Haikuo Pang; Lei Wang; Shuhaida Mohamed Shuhidan; Safwan Mahmood Al-Selwi; Mohd Fadzil Hassan,735,,10.1016/j.ins.2026.123100,https://doi.org/10.1016/j.ins.2026.123100,article,Information Sciences,https://openalex.org/W7119472005
Information Sciences,Elsevier,2026,2026-01-08,"Covering-based (O,G)-variable precision fuzzy rough set and its application in decision-making",W. Li; Bin Pang,735,,10.1016/j.ins.2026.123096,https://doi.org/10.1016/j.ins.2026.123096,article,Information Sciences,https://openalex.org/W7118891622
Information Sciences,Elsevier,2026,2026-01-08,SFAFormer: Sampling Frequency-Aware Transformer Specialized for Unsupervised Anomaly Detection in Irregular Multivariate Time Series,Kwangeun Cho; JungMin Lee; Seoung Bum Kim,736,,10.1016/j.ins.2026.123094,https://doi.org/10.1016/j.ins.2026.123094,article,Information Sciences,https://openalex.org/W7119467295
Information Sciences,Elsevier,2026,2026-01-08,Transfer learning-based capacity estimation of supercapacitors adapted to different working conditions,Ze Li; Rui Wang; Dianbo Ruan; Qiao Zhijun; Bin Huang,735,,10.1016/j.ins.2026.123097,https://doi.org/10.1016/j.ins.2026.123097,article,Information Sciences,https://openalex.org/W7118487584
Information Sciences,Elsevier,2026,2026-01-09,A novel reference solution selection strategy based on auxiliary space for large-scale multi-objective optimization,Meiji Cui; Wenping Wang; Shuwei Zhu; Wei Fang; Mengchu Tian,735,,10.1016/j.ins.2026.123101,https://doi.org/10.1016/j.ins.2026.123101,article,Information Sciences,https://openalex.org/W7119490710
Information Sciences,Elsevier,2026,2026-01-09,Editorial Board,,732,,10.1016/s0020-0255(26)00019-8,https://doi.org/10.1016/s0020-0255(26)00019-8,paratext,Information Sciences,https://openalex.org/W7119480128
Information Sciences,Elsevier,2026,2026-01-09,FC-KAN: Function combinations in Kolmogorov-Arnold networks,Hoang-Thang Ta; Duy-Quy Thai; Abu Bakar Siddiqur Rahman; Grigori Sidorov; George Dueñas,736,,10.1016/j.ins.2026.123103,https://doi.org/10.1016/j.ins.2026.123103,article,Information Sciences,https://openalex.org/W7119736524
Information Sciences,Elsevier,2026,2026-01-09,MRFP-TDG: A detection transformer with hybrid encoder and position-aware decoder for photovoltaic cell defect detection,Wenfu Huang; Jie Zhao; Ran Wei; Jingyuan Yang; Jing Ruan; Li Fan; Xinwen Zhou,735,,10.1016/j.ins.2026.123092,https://doi.org/10.1016/j.ins.2026.123092,article,Information Sciences,https://openalex.org/W7119521845
Information Sciences,Elsevier,2026,2026-01-10,Adaptive risk-averse reinforcement learning for cooperative navigation of multiple robots,Yadong Zhao; Jie Lian; Dong Wang,736,,10.1016/j.ins.2026.123105,https://doi.org/10.1016/j.ins.2026.123105,article,Information Sciences,https://openalex.org/W7119868665
Information Sciences,Elsevier,2026,2026-01-10,Heuristic-informed mixture of experts for link prediction in multilayer networks,Lucio La Cava; Domenico Mandaglio; Lorenzo Zangari; Andrea Tagarelli,736,,10.1016/j.ins.2026.123106,https://doi.org/10.1016/j.ins.2026.123106,article,Information Sciences,https://openalex.org/W7119630836
Information Sciences,Elsevier,2026,2026-01-10,HyDaST: Mortality risk prediction via EHR-hypergraph and dual-scale temporal pattern extraction,Wenxiang Li; K.L. Eddie Law,735,,10.1016/j.ins.2026.123093,https://doi.org/10.1016/j.ins.2026.123093,article,Information Sciences,https://openalex.org/W7119717838
Information Sciences,Elsevier,2026,2026-01-10,"Integrating third-party logistics (3PL), forecast accuracy and emission management in triadic supply chains − a large language model-based approach",Mariusz Kmiecik,735,,10.1016/j.ins.2026.123084,https://doi.org/10.1016/j.ins.2026.123084,article,Information Sciences,https://openalex.org/W7119829036
Information Sciences,Elsevier,2026,2026-01-10,Short complexity of ordinal pattern positioned slope measure for short-length data analysis,J.S. Armand Eyebe Fouda,735,,10.1016/j.ins.2026.123095,https://doi.org/10.1016/j.ins.2026.123095,article,Information Sciences,https://openalex.org/W7119978858
Information Sciences,Elsevier,2026,2026-01-10,Sparse knowledge guided multiobjective multimodal optimization for identification of personalized critical biomarkers in cancer,Guo Wei-Feng; Sun Zening; Zhao Mengtong; Yue Cai-tong; Cheng Han,736,,10.1016/j.ins.2026.123073,https://doi.org/10.1016/j.ins.2026.123073,article,Information Sciences,https://openalex.org/W7119818213
Information Sciences,Elsevier,2026,2026-01-12,Adversarial attacks on large language models using regularized relaxation,Samuel Jacob Chacko; Sajib Biswas; Chashi Mahiul Islam; Fatema Tabassum Liza; Xiuwen Liu,736,,10.1016/j.ins.2026.123112,https://doi.org/10.1016/j.ins.2026.123112,article,Information Sciences,https://openalex.org/W7122359174
Information Sciences,Elsevier,2026,2026-01-12,Large language model assisted evolutionary neural architecture search with population knowledge base enhancement,Fang Weilin; Yu Xue; Yuan Lilian; Mohammad Kamrul Hasan; Khursheed Aurangzeb,735,,10.1016/j.ins.2026.123110,https://doi.org/10.1016/j.ins.2026.123110,article,Information Sciences,https://openalex.org/W7122362873
Information Sciences,Elsevier,2026,2026-01-13,A novel community clustering method for fault diagnosis based on higher-order networks,Shida Yu; Zongning Wu; Yafang Zhu; Keyi Zeng; Qiang Zeng; Fenghua Wang,736,,10.1016/j.ins.2026.123115,https://doi.org/10.1016/j.ins.2026.123115,article,Information Sciences,https://openalex.org/W7123882773
Information Sciences,Elsevier,2026,2026-01-13,EHRAuditChain: Scalable privacy-preserving EHR audit with RSA accumulators on blockchain,Wei Zhu; Meiyun Zuo; Huiping Sun,736,,10.1016/j.ins.2026.123109,https://doi.org/10.1016/j.ins.2026.123109,article,Information Sciences,https://openalex.org/W7123354182
Information Sciences,Elsevier,2026,2026-01-14,Event-triggered quasi-stabilization for discrete-time fractional-order Hopfield neural networks with time delays,Shiyu Chu; Feifei Du; Kejin Li; Qiang Li,736,,10.1016/j.ins.2026.123107,https://doi.org/10.1016/j.ins.2026.123107,article,Information Sciences,https://openalex.org/W7123709911
Information Sciences,Elsevier,2026,2026-01-14,Maximum likelihood neural additive models,Jingyi Chen; Jingyi Chen; Xuelin Zhang; Peipei Yuan; Rushi Lan; Hong Chen,736,,10.1016/j.ins.2026.123104,https://doi.org/10.1016/j.ins.2026.123104,article,Information Sciences,https://openalex.org/W7123945303
Information Sciences,Elsevier,2026,2026-01-16,Three-way clustering propelled by multi-scale uncertainty propagation,Caihui Liu; Xiying Chen; Wenjing Qiu; Duoqian Miao,736,,10.1016/j.ins.2026.123108,https://doi.org/10.1016/j.ins.2026.123108,article,Information Sciences,https://openalex.org/W7124456224
Information Sciences,Elsevier,2026,2026-01-17,A photon-limited federated learning framework for privacy-aware image classification,Seonghwan Park; Ongee Jeong; Inkyu Moon,736,,10.1016/j.ins.2026.123111,https://doi.org/10.1016/j.ins.2026.123111,article,Information Sciences,https://openalex.org/W7124706018
Information Sciences,Elsevier,2026,2026-01-17,Class semantics guided knowledge distillation for few-shot class incremental learning,Ping Li; Jiajun Chen; Shaoqi Tian; Ran Wang,737,,10.1016/j.ins.2026.123126,https://doi.org/10.1016/j.ins.2026.123126,article,Information Sciences,https://openalex.org/W7124450726
Information Sciences,Elsevier,2026,2026-01-17,Modeling uncertainty in estimating the information quality acquired from the fire alarm systems,Marek Stawowy; Jacek Paś; Tomasz Klimczak; Adam Rosiński; Stanisław Duer,736,,10.1016/j.ins.2026.123102,https://doi.org/10.1016/j.ins.2026.123102,article,Information Sciences,https://openalex.org/W7124726043
Information Sciences,Elsevier,2026,2026-01-17,Multimodal coordinated online behavior: Trade-offs and strategies,Lorenzo Mannocci; Stefano Cresci; Matteo Magnani; Anna Monreale; Maurizio Tesconi,737,,10.1016/j.ins.2026.123125,https://doi.org/10.1016/j.ins.2026.123125,article,Information Sciences,https://openalex.org/W7124560524
Information Sciences,Elsevier,2026,2026-01-17,Practical formation control of T-S fuzzy positive multi-agent systems under deception attacks,Renjie Fu; Haoyue Yang; Wei Xing; Junfeng Zhang,737,,10.1016/j.ins.2026.123116,https://doi.org/10.1016/j.ins.2026.123116,article,Information Sciences,https://openalex.org/W7124539288
Information Sciences,Elsevier,2026,2026-01-19,Editorial Board,,733,,10.1016/s0020-0255(26)00051-4,https://doi.org/10.1016/s0020-0255(26)00051-4,paratext,Information Sciences,https://openalex.org/W7124831387
Information Sciences,Elsevier,2026,2026-01-19,VARDiff: Vision-augmented retrieval-guided diffusion for stock forecasting,Thi-Thu Nguyen; Thi-Thu Nguyen; Xuan-Thong Truong; Nhat-Hai Nguyen; Nguyễn Nhất Hải,736,,10.1016/j.ins.2026.123113,https://doi.org/10.1016/j.ins.2026.123113,article,Information Sciences,https://openalex.org/W7124721820
Information Sciences,Elsevier,2026,2026-01-20,DyFASA: Dynamic frequency-domain-aware spatial-channel attention for efficient lung disease detection from chest x-rays,Bo Liu; Qingshan Tang; Yanshan Xiao; Weijie Zeng; Xinzhe Jiang; Yunlong Sun; Jiajun Chen; Zongxiong Yang,737,,10.1016/j.ins.2026.123114,https://doi.org/10.1016/j.ins.2026.123114,article,Information Sciences,https://openalex.org/W7124915102
Information Sciences,Elsevier,2026,2026-01-20,Open-world multi-modal machine learning for uncertain medicine and healthcare big data analysis,Weiping Ding; Zheng Zhang; Long Chen,734,,10.1016/j.ins.2026.123137,https://doi.org/10.1016/j.ins.2026.123137,article,Information Sciences,https://openalex.org/W7125018298
Information Sciences,Elsevier,2026,2026-01-21,Diverse embeddings and consensus pseudo-supervision learning for unsupervised feature selection,Ziqi Meng; Wentao Fan; Bo Wang; Chunlin Chen; Huaxiong Li,739,,10.1016/j.ins.2026.123138,https://doi.org/10.1016/j.ins.2026.123138,article,Information Sciences,https://openalex.org/W7125171881
Information Sciences,Elsevier,2026,2026-01-21,Fault-tolerant control for output synchronization of multi-agent systems: A data-driven approach,Wenli Chen; Xiaojian Li,738,,10.1016/j.ins.2026.123127,https://doi.org/10.1016/j.ins.2026.123127,article,Information Sciences,https://openalex.org/W7125147804
Information Sciences,Elsevier,2026,2026-01-22,FGTBT: Frequency-guided task-balancing transformer for unified facial landmark detection,Jun Wan; Xinyu Xiong; Ning Chen; Zhihui Lai; Jie Zhou; Wenwen Min,738,,10.1016/j.ins.2026.123130,https://doi.org/10.1016/j.ins.2026.123130,article,Information Sciences,https://openalex.org/W7125431126
Information Sciences,Elsevier,2026,2026-01-22,"Interpretable object detection via integrated heatmap, concept attribution, and sobol sensitivity analysis",Muhammad Imran Khalid; Jian-Xun Mi; Ghulam Ali; Tariq Ali; Mohammad Hijji; Muhammad Ayaz; Zia‐ur‐Rehman,738,,10.1016/j.ins.2026.123133,https://doi.org/10.1016/j.ins.2026.123133,article,Information Sciences,https://openalex.org/W7125434616
Information Sciences,Elsevier,2026,2026-01-22,Sonic: Fast and transferable data poisoning on clustering algorithms,Francesco Villani; Dario Lazzaro; Antonio Emanuele Ciná; Matteo Dell’Amico; Battista Biggio; Fabio Roli,738,,10.1016/j.ins.2026.123140,https://doi.org/10.1016/j.ins.2026.123140,article,Information Sciences,https://openalex.org/W7125389911
Information Sciences,Elsevier,2026,2026-01-23,BPHD: Enterprise bankruptcy prediction with a hierarchical hypergraph and dual-decision experts,Boyuan Ren; Hongrui Guo; H J Liu; Xudong Tang; Jingming Xue; zhonghai wu,738,,10.1016/j.ins.2026.123142,https://doi.org/10.1016/j.ins.2026.123142,article,Information Sciences,https://openalex.org/W7125507839
Information Sciences,Elsevier,2026,2026-01-23,DE-SHAP: A meta-optimization framework leveraging differential evolution for efficient and scalable kernel SHAP explanations,El Arbi Abdellaoui Alaoui; Hayat Sahlaoui; Amine Sallah; Anand Nayyar,739,,10.1016/j.ins.2026.123128,https://doi.org/10.1016/j.ins.2026.123128,article,Information Sciences,https://openalex.org/W7125476011
Information Sciences,Elsevier,2026,2026-01-23,Input convex stochastic configuration networks modeling method for predictive control,Aijun Yan; Xin Liu,738,,10.1016/j.ins.2026.123131,https://doi.org/10.1016/j.ins.2026.123131,article,Information Sciences,https://openalex.org/W7125516203
Information Sciences,Elsevier,2026,2026-01-23,Lane-flow-learning based autonomous vehicle trajectory prediction using spatial–temporal fusion attention,Haipeng Cui; Kai Xiao; Hua Wang; Xuxin Zhang,737,,10.1016/j.ins.2026.123134,https://doi.org/10.1016/j.ins.2026.123134,article,Information Sciences,https://openalex.org/W7125531673
Information Sciences,Elsevier,2026,2026-01-23,T-MLA: A targeted multiscale log–exponential attack framework for neural image compression,Nikolay Kalmykov; Razan Dibo; Kaiyu Shen; Xu Zhonghan; Anh Huy Phan; Yipeng Liu; Ivan Valer'evich Oseledets,738,,10.1016/j.ins.2026.123143,https://doi.org/10.1016/j.ins.2026.123143,article,Information Sciences,https://openalex.org/W7125527027
Information Sciences,Elsevier,2026,2026-01-24,An adaptive differential evolution with deeply informed mutation strategy and historical information for numerical optimization,Junyi Gou; Liangliang Sun; Jing Liu; Zhenghao Song; Ge Guo; She-Gan Gao; Ke Liu; Natalja M. Matsveichuk; Yuri N. Sotskov,739,,10.1016/j.ins.2026.123146,https://doi.org/10.1016/j.ins.2026.123146,article,Information Sciences,https://openalex.org/W7125592637
Information Sciences,Elsevier,2026,2026-01-24,Maximum-Value retinex decomposition guided generative priors for joint deraining and low-light image enhancement,Yanfei Sun; J. -T. WANG; Rui Yin,739,,10.1016/j.ins.2026.123136,https://doi.org/10.1016/j.ins.2026.123136,article,Information Sciences,https://openalex.org/W7125586194
Information Sciences,Elsevier,2026,2026-01-24,Neural architecture search using an enhanced particle swarm optimization algorithm for industrial image classification,RongNa Cai; Haibin Ouyang; Steven Li; Gaige Wang; Weiping Ding,738,,10.1016/j.ins.2026.123141,https://doi.org/10.1016/j.ins.2026.123141,article,Information Sciences,https://openalex.org/W7125595976
Information Sciences,Elsevier,2026,2026-01-24,Scalable and generalizable path planning for robotic navigation using transformer-based heuristic learning,Elie Thellier; Adolfo Perrusquía; Antonios Tsourdos,739,,10.1016/j.ins.2026.123149,https://doi.org/10.1016/j.ins.2026.123149,article,Information Sciences,https://openalex.org/W7125603794
Information Sciences,Elsevier,2026,2026-01-24,Temporal knowledge graph completion via global structural representation and deep interaction,Jingbin Wang; Yumeng Zhang; Zeyuan Lin; Jinsong Lai; Kun Guo,739,,10.1016/j.ins.2026.123139,https://doi.org/10.1016/j.ins.2026.123139,article,Information Sciences,https://openalex.org/W7125584715
Information Sciences,Elsevier,2026,2026-01-27,Bilateral privacy-preserving based worker recruitment mechanism for MCS under an untrusted platform,Shu-Juan Tian; Zi-yang Guo; Si-yi Xu; Yan-Chun Li; Hiroo Sekiya; Young-June Choi,739,,10.1016/j.ins.2026.123152,https://doi.org/10.1016/j.ins.2026.123152,article,Information Sciences,https://openalex.org/W7125827847
Information Sciences,Elsevier,2026,2026-01-27,Generalized mining of mixed drove co-occurrence patterns,Witold Andrzejewski; Paweł Boiński,739,,10.1016/j.ins.2026.123148,https://doi.org/10.1016/j.ins.2026.123148,article,Information Sciences,https://openalex.org/W7125777029
Information Sciences,Elsevier,2026,2026-01-27,Global context modeling for image super-resolution transformer,Dongsheng Ruan; Yuan Zheng; Lide Mu; Ao Ran; Lei Pan; Mingfeng Jiang; Chengjin Yu; Nenggan Zheng; Huafeng Liu,739,,10.1016/j.ins.2026.123135,https://doi.org/10.1016/j.ins.2026.123135,article,Information Sciences,https://openalex.org/W7125779033
Information Sciences,Elsevier,2026,2026-01-27,Hidden policy conditional attribute-based keyword search in federated learning framework,Zerui Guo; Sha Ma; Qiong Huang,739,,10.1016/j.ins.2026.123150,https://doi.org/10.1016/j.ins.2026.123150,article,Information Sciences,https://openalex.org/W7125816339
Information Sciences,Elsevier,2026,2026-01-27,Interpretable structural modeling of MR images using q − Bézier curves: A geometry-aware paradigm beyond deep learning,Faruk Özger; Aytuğ Onan; Nezihe Turhan; Zeynep Ödemiş Özger,739,,10.1016/j.ins.2026.123147,https://doi.org/10.1016/j.ins.2026.123147,article,Information Sciences,https://openalex.org/W7125823629
Information Sciences,Elsevier,2026,2026-01-28,Dual-branch Meso-Xception network for hybrid-domain feature of deepfake detection,Yanan Song; Xiangyuan Chen; Ronghua Xu,739,,10.1016/j.ins.2026.123132,https://doi.org/10.1016/j.ins.2026.123132,article,Information Sciences,https://openalex.org/W7125830063
Information Sciences,Elsevier,2026,2026-01-28,ESP-based prescribed performance formation control for vehicle platoon systems with input saturation: A fully actuated system approach,Meilin Lei; Zhechen Zhu; Yingnan Pan; Yan Mei Lei,739,,10.1016/j.ins.2026.123161,https://doi.org/10.1016/j.ins.2026.123161,article,Information Sciences,https://openalex.org/W7125961017
Information Sciences,Elsevier,2026,2026-01-28,Focal equilibrium: Bias reshaping for generalizable and robust visual understanding,Chao Wang; Weiwei Fu; Haoyang Li; Linqi Ye; Yang Zhou,739,,10.1016/j.ins.2026.123163,https://doi.org/10.1016/j.ins.2026.123163,article,Information Sciences,https://openalex.org/W7125928102
Information Sciences,Elsevier,2026,2026-01-28,Multi-attribute group consensus decision-making with two-stage trust risk adjustment,Peide Liu; Yurong Qian; Ran Dang; Fei Teng; Peng Wang,739,,10.1016/j.ins.2026.123162,https://doi.org/10.1016/j.ins.2026.123162,article,Information Sciences,https://openalex.org/W7125963254
Information Sciences,Elsevier,2026,2026-01-28,PMFF-SRNet: A progressive multi-feature fusion network for hyperspectral image reconstruction,Tianhao Yuan; Xia Wang; Qiyang Sun; Yuyang Li,739,,10.1016/j.ins.2026.123129,https://doi.org/10.1016/j.ins.2026.123129,article,Information Sciences,https://openalex.org/W7125913161
Information Sciences,Elsevier,2026,2026-01-29,A novel approach to conjunctive relation modeling and rule generation in extended belief rule-based expert systems for classification problems,Zi-Biao Feng; Hai-yang Jia; Sheng-Sheng Wang,739,,10.1016/j.ins.2026.123174,https://doi.org/10.1016/j.ins.2026.123174,article,Information Sciences,https://openalex.org/W7126015171
Information Sciences,Elsevier,2026,2026-01-29,A novel graph-theoretic and data visualization framework for spatiotemporal bubble analysis in turbulent flows,Alaa A. Najim; Safa A. Najim; Safa A. Najim,739,,10.1016/j.ins.2026.123164,https://doi.org/10.1016/j.ins.2026.123164,article,Information Sciences,https://openalex.org/W7126027509
Information Sciences,Elsevier,2026,2026-01-29,Dynamic optimization of nonlinear fractional switched systems with multiple time-delays,Xiaopeng Yi; Chongyang Liu; Huey Tyng Cheong; Kok Lay Teo,739,,10.1016/j.ins.2026.123145,https://doi.org/10.1016/j.ins.2026.123145,article,Information Sciences,https://openalex.org/W7126116344
Information Sciences,Elsevier,2026,2026-01-29,Lyapunov-based emotion-aware switching in hybrid human-artificial intelligence customer service systems,Zehan Tan; Henghua Shen,739,,10.1016/j.ins.2026.123172,https://doi.org/10.1016/j.ins.2026.123172,article,Information Sciences,https://openalex.org/W7126118325
Information Sciences,Elsevier,2026,2026-01-29,MO-DMLHM: Multi-objective dynamic hypergraph modeling for cross-layer community detection in organizational networks,Youhong Li; Jian‐qiang Wang; Le Gao; Tian-Yu Wang; Hao-Ming Mo,739,,10.1016/j.ins.2026.123170,https://doi.org/10.1016/j.ins.2026.123170,article,Information Sciences,https://openalex.org/W7126077742
Information Sciences,Elsevier,2026,2026-01-29,Model-free finite-horizon optimal control of linear systems with prescribed degree of stability,Wei Wang; Zixin Huang; Ning Chen,739,,10.1016/j.ins.2026.123168,https://doi.org/10.1016/j.ins.2026.123168,article,Information Sciences,https://openalex.org/W7126091945
Information Sciences,Elsevier,2026,2026-01-29,"Next, browse or purchase—A sequential and interpretable deep learning approach for predicting customer purchase intention",Jiahui Feng; Hefu LIU,740,,10.1016/j.ins.2026.123144,https://doi.org/10.1016/j.ins.2026.123144,article,Information Sciences,https://openalex.org/W7126016405
Information Sciences,Elsevier,2026,2026-01-30,A zero-copy lock-free data pipeline for edge streaming,Yu Su; Junyi Zhang,739,,10.1016/j.ins.2026.123171,https://doi.org/10.1016/j.ins.2026.123171,article,Information Sciences,https://openalex.org/W7126089028
Information Sciences,Elsevier,2026,2026-01-30,ADAPT-DPoS: Data-driven producer selection in delegated proof of stake,Liu Yong; Wenhao Luo; Guangxia Xu,739,,10.1016/j.ins.2026.123178,https://doi.org/10.1016/j.ins.2026.123178,article,Information Sciences,https://openalex.org/W7126200520
Information Sciences,Elsevier,2026,2026-01-30,An approach avoiding free-riders for community search over attributed heterogeneous information networks,Jialong Wang; Lihua Zhou; Xiaoxu Wang; Jin Li; Lizhen Wang,741,,10.1016/j.ins.2026.123151,https://doi.org/10.1016/j.ins.2026.123151,article,Information Sciences,https://openalex.org/W7126153574
Information Sciences,Elsevier,2026,2026-01-30,Application and performance analysis of Epsilon-Greedy optimization strategy in quantum link selection,Liang Huang; JiHao FAN,739,,10.1016/j.ins.2026.123176,https://doi.org/10.1016/j.ins.2026.123176,article,Information Sciences,https://openalex.org/W7126267580
Information Sciences,Elsevier,2026,2026-01-30,Beyond static cues: Detecting fine-grained forgeries via temporal inconsistencies in facial dynamics,Peixu Zhang; Mohan Zhang; Tongyu Wang; Xia Yang,739,,10.1016/j.ins.2026.123165,https://doi.org/10.1016/j.ins.2026.123165,article,Information Sciences,https://openalex.org/W7126182270
Information Sciences,Elsevier,2026,2026-01-30,Campus anomaly detection systems from the perspective of unmanned aerial vehicles,Shujuan Feng; Jinming Wang; Yangkai Wu; Fei Liu; Ezzeddine Touti,739,,10.1016/j.ins.2026.123166,https://doi.org/10.1016/j.ins.2026.123166,article,Information Sciences,https://openalex.org/W7126155487
Information Sciences,Elsevier,2026,2026-01-30,Editorial Board,,734,,10.1016/s0020-0255(26)00088-5,https://doi.org/10.1016/s0020-0255(26)00088-5,paratext,Information Sciences,https://openalex.org/W7126224197
Information Sciences,Elsevier,2026,2026-01-30,VCRec: Visibility graph and convolutional neural networks for sequential recommendation,Hailin Li; Yi-Xiang Wang,739,,10.1016/j.ins.2026.123153,https://doi.org/10.1016/j.ins.2026.123153,article,Information Sciences,https://openalex.org/W7126206591
Information Sciences,Elsevier,2026,2026-01-31,Efficient privacy-preserving sparse matrix-vector multiplication using homomorphic encryption,Yang Gao; Gang Quan; Wujie Wen; Scott Piersall; Qian Lou; Liqiang Wang,739,,10.1016/j.ins.2026.123180,https://doi.org/10.1016/j.ins.2026.123180,article,Information Sciences,https://openalex.org/W7126377286
Information Sciences,Elsevier,2026,2026-01-31,Multi-objective two-archive evolutionary algorithm to optimize the discovery of gene networks involved in cancer survival,Fernando M. Rodríguez-Bejarano; Sergio Santander‐Jiménez; Miguel Angel Vega-Rodríguez,739,,10.1016/j.ins.2026.123182,https://doi.org/10.1016/j.ins.2026.123182,article,Information Sciences,https://openalex.org/W7126278708
Information Sciences,Elsevier,2026,2026-01-31,New fusion methods using a weighted L1 conflict measure for reliability assessment with multi-credibility evidence,Yongqiang Yang; Bin Suo; Ruxin Yin; Yanrui He,740,,10.1016/j.ins.2026.123173,https://doi.org/10.1016/j.ins.2026.123173,article,Information Sciences,https://openalex.org/W7126189979
Information Sciences,Elsevier,2026,2026-01-31,Non-negative transfer space learning based on label release and graph embedding for small sample face recognition,Mengmeng Liao; Jiahao Qin; Yuwei Du,739,,10.1016/j.ins.2026.123169,https://doi.org/10.1016/j.ins.2026.123169,article,Information Sciences,https://openalex.org/W7126449769
Information Sciences,Elsevier,2026,2026-01-31,Risks analysis and countermeasures research of merchant fishing vessels collision accidents based on LLM and GRAA,Xueman Wang; Xiao Xinping; Mingyun Gao; Congjun Rao,739,,10.1016/j.ins.2026.123167,https://doi.org/10.1016/j.ins.2026.123167,article,Information Sciences,https://openalex.org/W7126157305
Information Sciences,Elsevier,2026,2026-01-31,The criterion-oriented three-way decision models with generalized risk function,Xia Lin; Kai Zhang; Ligang Zhou,739,,10.1016/j.ins.2026.123179,https://doi.org/10.1016/j.ins.2026.123179,article,Information Sciences,https://openalex.org/W7126396273
Information Sciences,Elsevier,2026,2026-01-31,Weakly supervised object localization via frequency guidance with consistency awareness,Bingfeng Li; Erdong Shi; Boxiang Lv; Qingshan Chen; Jiayu Zhang; Haoran Feng; Shuai Wang,739,,10.1016/j.ins.2026.123186,https://doi.org/10.1016/j.ins.2026.123186,article,Information Sciences,https://openalex.org/W7126375684
Information Sciences,Elsevier,2026,2026-02-02,A general profit evaluation metric for optimizing profitability of machine learning classifiers in credit risk management,Hossein Mohammadnejad Daryani; Ata Allah Taleizadeh; Mohsen Afsharian,741,,10.1016/j.ins.2026.123183,https://doi.org/10.1016/j.ins.2026.123183,article,Information Sciences,https://openalex.org/W7127104329
Information Sciences,Elsevier,2026,2026-02-02,Model-based fault-tolerant optimal control of fractional-order singular systems optimized via a novel data-driven approach,Vahid Safari Dehnavi; Masoud Shafiee; Mehdi Mirshahi,739,,10.1016/j.ins.2026.123175,https://doi.org/10.1016/j.ins.2026.123175,article,Information Sciences,https://openalex.org/W7127112776
Information Sciences,Elsevier,2026,2026-02-03,Communication-efficient decentralized federated graph learning via knowledge distillation under dual heterogeneity,Guojiang Shen; Xu Guo; Haopeng Yuan; Jiaxin Du; Wenyi Zhang; Y.Neil Qu; Xiangjie Kong,739,,10.1016/j.ins.2026.123192,https://doi.org/10.1016/j.ins.2026.123192,article,Information Sciences,https://openalex.org/W7127123313
Information Sciences,Elsevier,2026,2026-02-03,"Machine learning and deep learning techniques for detecting brown spot and narrow brown spot diseases in paddy (Oryza sativa): Algorithms, challenges, and future prospects",Fredy William Amon; Bhabesh Nath; Dhruba K. Bhattacharyya,739,,10.1016/j.ins.2026.123195,https://doi.org/10.1016/j.ins.2026.123195,article,Information Sciences,https://openalex.org/W7127165173
Information Sciences,Elsevier,2026,2026-02-03,Mathematical guarantees for trust region policy optimization,Li Li; Xiangyu Luo; Xiaoyu Song,740,,10.1016/j.ins.2026.123190,https://doi.org/10.1016/j.ins.2026.123190,article,Information Sciences,https://openalex.org/W7127359033
Information Sciences,Elsevier,2026,2026-02-03,Modelling safety distance rule-based automatic emergency braking systems using fuzzy timed petri nets,Abdelilah Serji; El Bekkaye Mermri; Mohammed Blej,739,,10.1016/j.ins.2026.123185,https://doi.org/10.1016/j.ins.2026.123185,article,Information Sciences,https://openalex.org/W7127352646
Information Sciences,Elsevier,2026,2026-02-03,Neural estimator-based finite-time formation control for manipulator end effectors with obstacle avoidance,Shuangsi Xue; Zihang Guo; Xiaodong Zheng; Hui Cao; Badong Chen,739,,10.1016/j.ins.2026.123196,https://doi.org/10.1016/j.ins.2026.123196,article,Information Sciences,https://openalex.org/W7127345217
Information Sciences,Elsevier,2026,2026-02-03,SWGCN: Synergy weighted graph convolutional network for multi-behavior recommendation,Fangda Chen; Yueyang Wang; Chaoli Lou; Min Gao; Qingyu Xiong,739,,10.1016/j.ins.2026.123177,https://doi.org/10.1016/j.ins.2026.123177,article,Information Sciences,https://openalex.org/W7127449773
Information Sciences,Elsevier,2026,2026-02-04,An effective and robust deep clustering approach for time series with spatial information,Ze Deng; Zeng Ha,740,,10.1016/j.ins.2026.123201,https://doi.org/10.1016/j.ins.2026.123201,article,Information Sciences,https://openalex.org/W7127646209
Information Sciences,Elsevier,2026,2026-02-04,Crame: Hierarchical data management framework for cloud-edge-device collaboration,Xianglong Liu; Hongzhi Wang; Yingze Li; M. C. A. Li; Shenghe Zheng; Weihua Sun; Zemin Chao,740,,10.1016/j.ins.2026.123197,https://doi.org/10.1016/j.ins.2026.123197,article,Information Sciences,https://openalex.org/W7127280405
Information Sciences,Elsevier,2026,2026-02-04,Post-hoc explainability of graph neural networks: A comprehensive survey,Wenzheng Ma; Xiaofeng Liu; Yihu Liu; Yinglong Ma,740,,10.1016/j.ins.2026.123202,https://doi.org/10.1016/j.ins.2026.123202,article,Information Sciences,https://openalex.org/W7127710255
Information Sciences,Elsevier,2026,2026-02-04,Space tree-based graph continuous cellular automaton for unit commitment and economic dispatch optimization,Siyi Zhou; Li’ao Chen; Xingyu Liang; Min Xia; Liang Shi; Jun Liu; Jiayue Hu,739,,10.1016/j.ins.2026.123199,https://doi.org/10.1016/j.ins.2026.123199,article,Information Sciences,https://openalex.org/W7127454750
Information Sciences,Elsevier,2026,2026-02-05,A framework for technological bottleneck detection and collaborative optimization in heterogeneous parallel networks,Zhanxin Ma; Chuanzhe Zhang; Meixia Sun,740,,10.1016/j.ins.2026.123189,https://doi.org/10.1016/j.ins.2026.123189,article,Information Sciences,https://openalex.org/W7127994634
Information Sciences,Elsevier,2026,2026-02-05,A large-scale multi-objective optimization algorithm integrating multi-directional fuzzy sampling and multi-source learning competitive swarm optimizer,Wenyan Guo; Shenglong Li; Fang Dai; Junfeng Wang; Mengzhen Zhang,740,,10.1016/j.ins.2026.123194,https://doi.org/10.1016/j.ins.2026.123194,article,Information Sciences,https://openalex.org/W7127580403
Information Sciences,Elsevier,2026,2026-02-05,"Machine learning on dynamic functional connectivity: Promise, pitfalls, and interpretations",Jiaqi Ding; Tingting Dan; Ziquan Wei; Paul J. Laurienti; Guorong Wu,740,,10.1016/j.ins.2026.123184,https://doi.org/10.1016/j.ins.2026.123184,article,Information Sciences,https://openalex.org/W7127941101
Information Sciences,Elsevier,2026,2026-02-05,Multi-attribute intuitionistic fuzzy twin support vector machine based on data distribution,Jianxiang Qiu; Jialiang Xie,740,,10.1016/j.ins.2026.123203,https://doi.org/10.1016/j.ins.2026.123203,article,Information Sciences,https://openalex.org/W7127940867
Information Sciences,Elsevier,2026,2026-02-05,SSDSNet: Dual-stage self-supervised network for low-light image enhancement,Zhuoming Du; Qian Yu; Feilong Han,739,,10.1016/j.ins.2026.123191,https://doi.org/10.1016/j.ins.2026.123191,article,Information Sciences,https://openalex.org/W7127886829
Information Sciences,Elsevier,2026,2026-02-06,Bandwidth selectors on semiparametric Bayesian networks,Victor Alejandre; Concha Bielza; Pedro Larrañaga,740,,10.1016/j.ins.2026.123198,https://doi.org/10.1016/j.ins.2026.123198,article,Information Sciences,https://openalex.org/W7128164624
Information Sciences,Elsevier,2026,2026-02-06,LPCLNet: Leveraging local pixel-wise contrastive learning for image tampering localization,Jun Sang; Xiaowen Chen; Wenhui Gong; Sergey Viktorovich Gorbachev; Shanjun Zhang,740,,10.1016/j.ins.2026.123205,https://doi.org/10.1016/j.ins.2026.123205,article,Information Sciences,https://openalex.org/W7128168187
Information Sciences,Elsevier,2026,2026-02-06,Sparse subspace learning machine for pattern classification,Jianhang Zhou; Qi Zhang; Jia Gu,740,,10.1016/j.ins.2026.123193,https://doi.org/10.1016/j.ins.2026.123193,article,Information Sciences,https://openalex.org/W7128166081
Information Sciences,Elsevier,2026,2026-02-06,Training-free layer selection for partial fine-tuning of language models,Aldrin Kabya Biswas; Md Fahim; Md. Tahmid Hasan Fuad; Akm Moshiur Rahman Mazumder; Amin Ahsan Ali; AKM Mahbubur Rahman,740,,10.1016/j.ins.2026.123204,https://doi.org/10.1016/j.ins.2026.123204,article,Information Sciences,https://openalex.org/W7128014468
Information Sciences,Elsevier,2026,2026-02-06,UHTS-DRL: A deep reinforcement learning framework for integrated agile satellite observation and data transmission scheduling,Jiaqi Cheng; Mingfeng Fan; Yi Gu; Wei Tang; Qizhang Luo; Yalin Wang; Xinwei Wang; Guohua Wu,740,,10.1016/j.ins.2026.123200,https://doi.org/10.1016/j.ins.2026.123200,article,Information Sciences,https://openalex.org/W7128163040
Information Sciences,Elsevier,2026,2026-02-06,Unified theory of statistical moments beyond robustness,Jozef Kiseľák; Zuzana Ontkovičová; Mária Slovinská; Milan Stehlík,740,,10.1016/j.ins.2026.123207,https://doi.org/10.1016/j.ins.2026.123207,article,Information Sciences,https://openalex.org/W7128159224
Information Sciences,Elsevier,2026,2026-02-06,WaveGFormer: A wavelet-enhanced graph transformer for spatio-temporal traffic flow forecasting,Lihong Zhong; Bin Wang; Zhao Tian; Wei Liu; Wei She,740,,10.1016/j.ins.2026.123187,https://doi.org/10.1016/j.ins.2026.123187,article,Information Sciences,https://openalex.org/W7127946768
Information Sciences,Elsevier,2026,2026-02-07,A cross-layer bidirectional measurement pruning for model compression guided by feature propagation,Suyun Lian; Jiajian Cai; Yang Zhao; Stefan Poslad; Jihong Pei,740,,10.1016/j.ins.2026.123216,https://doi.org/10.1016/j.ins.2026.123216,article,Information Sciences,https://openalex.org/W7128371805
Information Sciences,Elsevier,2026,2026-02-07,Reinforcement learning-based hierarchical control of multi-agent systems under uncertain semi-Markovian switching networks,Renyang You; Quan Liu; Shenghui Guo; Zhiming Cui,741,,10.1016/j.ins.2026.123206,https://doi.org/10.1016/j.ins.2026.123206,article,Information Sciences,https://openalex.org/W7128296462
Information Sciences,Elsevier,2026,2026-02-09,Tensorized topological manifold for multiple kernel clustering,Tao Lv; Jian Dai; Chao Yang; Yuan Sun; Fei Zhou; Zhenwen Ren,739,,10.1016/j.ins.2026.123188,https://doi.org/10.1016/j.ins.2026.123188,article,Information Sciences,https://openalex.org/W7128446916
Information Sciences,Elsevier,2026,2026-02-10,Dendritic learning-based gravitational waves prediction model,Dongbao Jia; Weixiang Xu; Zhaoman Zhong; Jing Sun; Shigeki Hirobayashi; Zhenyu Lei; Shangce Gao,740,,10.1016/j.ins.2026.123218,https://doi.org/10.1016/j.ins.2026.123218,article,Information Sciences,https://openalex.org/W7128480640
Information Sciences,Elsevier,2026,2026-02-10,Distributed pursuit-evasion game for multi-USVs: A double drive framework via self-supervision reinforcement learning,Zishi Li; Bing Sun; Wenyang Gan; Caixia Cai,740,,10.1016/j.ins.2026.123229,https://doi.org/10.1016/j.ins.2026.123229,article,Information Sciences,https://openalex.org/W7128535639
Information Sciences,Elsevier,2026,2026-02-10,Editorial Board,,735,,10.1016/s0020-0255(26)00143-x,https://doi.org/10.1016/s0020-0255(26)00143-x,paratext,Information Sciences,https://openalex.org/W7128479722
Information Sciences,Elsevier,2026,2026-02-10,MrNEAD: Community detection attacks in social networks using modularity-regularized network embedding via adversarial decomposition,Xi Cheng; Wenjie Zhu; Wei Qi Yan,740,,10.1016/j.ins.2026.123225,https://doi.org/10.1016/j.ins.2026.123225,article,Information Sciences,https://openalex.org/W7128548985
Information Sciences,Elsevier,2026,2026-02-11,Advancing autonomous driving systems: A 3-dimensional U-Net framework for object detection via fusion of camera and LiDAR sensors,Ali Foroutannia; Afshin Shoeibi; Amin Beheshti; Hamid Alinejad-Rokny; Sai Ho Ling; Hak-Keung Lam,741,,10.1016/j.ins.2026.123215,https://doi.org/10.1016/j.ins.2026.123215,article,Information Sciences,https://openalex.org/W7128487748
Information Sciences,Elsevier,2026,2026-02-11,Application of the method of shifted membership function to solve the interval input–output Leontief systems,Andrzej Piegat; Marek Landowski,740,,10.1016/j.ins.2026.123230,https://doi.org/10.1016/j.ins.2026.123230,article,Information Sciences,https://openalex.org/W7128476587
Information Sciences,Elsevier,2026,2026-02-11,Bridging AI and software security: A comparative vulnerability assessment of LLM agent deployment paradigms,Tarek Gasmi; Ramzi Guesmi; Jihene Bennaceur; Ines Belhadj,740,,10.1016/j.ins.2026.123231,https://doi.org/10.1016/j.ins.2026.123231,article,Information Sciences,https://openalex.org/W7128522356
Information Sciences,Elsevier,2026,2026-02-11,FGRPO: Fine-grained reasoning preference optimization with iterative stabilization for mathematical reasoning in large language model,Baozhen Lee; Yongxv Lv; Tingting Zhang,741,,10.1016/j.ins.2026.123232,https://doi.org/10.1016/j.ins.2026.123232,article,Information Sciences,https://openalex.org/W7128590695
Information Sciences,Elsevier,2026,2026-02-11,Structure-aware granular ball clustering,Qijia Wang; Mingjing Du,740,,10.1016/j.ins.2026.123224,https://doi.org/10.1016/j.ins.2026.123224,article,Information Sciences,https://openalex.org/W7128596946
Information Sciences,Elsevier,2026,2026-02-12,A dual-domain detection transformer for fine-grained weed detection in complex agricultural scenes,Yan Sun; Xinyu Shen; Qiaochuan Chen; Yuexing Han,741,,10.1016/j.ins.2026.123243,https://doi.org/10.1016/j.ins.2026.123243,article,Information Sciences,https://openalex.org/W7128737749
Information Sciences,Elsevier,2026,2026-02-12,A minimum adjustment consensus model integrating trust development and dynamic outlier detection for large-scale group decision-making,Xi-Yu Wang; Ying-Ming Wang; Ying-Ming Wang,741,,10.1016/j.ins.2026.123227,https://doi.org/10.1016/j.ins.2026.123227,article,Information Sciences,https://openalex.org/W7128723549
Information Sciences,Elsevier,2026,2026-02-12,A novel intrusion detection system for class imbalance datasets using hybrid sampling with deep learning techniques,Divya Kasina; Vikram Simha Reddy; Siranjeevi Rajamanickam; Jobin Jose; Balasubramanian Palani,741,,10.1016/j.ins.2026.123208,https://doi.org/10.1016/j.ins.2026.123208,article,Information Sciences,https://openalex.org/W7128677769
Information Sciences,Elsevier,2026,2026-02-12,Closing the acronym gap in educational retrieval with ontology-guided augmentation,Marc Alier; Francisco José García‐Peñalvo; María José Casañ; Juanan Pereira; Arnau Granados,740,,10.1016/j.ins.2026.123181,https://doi.org/10.1016/j.ins.2026.123181,article,Information Sciences,https://openalex.org/W7128691028
Information Sciences,Elsevier,2026,2026-02-12,Efficient algorithms for mining top-k high occupancy itemsets,Tan-Khai Ngo; Hung Son Nguyen; Witold Pedrycz; Bay Vo,741,,10.1016/j.ins.2026.123226,https://doi.org/10.1016/j.ins.2026.123226,article,Information Sciences,https://openalex.org/W7128620957
Information Sciences,Elsevier,2026,2026-02-12,Motion patterns of cognitive odour source search behaviours,Hugo Magalhães; Lino Marques,740,,10.1016/j.ins.2026.123233,https://doi.org/10.1016/j.ins.2026.123233,article,Information Sciences,https://openalex.org/W7128709509
Information Sciences,Elsevier,2026,2026-02-13,A novel multi-granularity context-adaptive downsampling convolution for low-resolution images,Zejun Gu; Zhong-Qiu Zhao; Hao Shen; Zhao Zhang; De-Shuang Huang,741,,10.1016/j.ins.2026.123223,https://doi.org/10.1016/j.ins.2026.123223,article,Information Sciences,https://openalex.org/W7128744437
Information Sciences,Elsevier,2026,2026-02-13,EEGFilterNet: A framework for motor imagery EEG decoding using dynamic frequency analysis and multi-scale fusion,Yun Song; Bin Hu; Zhi‐Hong Guan,741,,10.1016/j.ins.2026.123247,https://doi.org/10.1016/j.ins.2026.123247,article,Information Sciences,https://openalex.org/W7128783793
Information Sciences,Elsevier,2026,2026-02-13,Finding critical users in social networks with reinforcement learning,Xulu Gong; Hanchen Wang; Jianke Yu; Chen Chen; Xi Wang; Kecheng Wang; Xubo Wang; Ying Zhang,741,,10.1016/j.ins.2026.123228,https://doi.org/10.1016/j.ins.2026.123228,article,Information Sciences,https://openalex.org/W7128787536
Information Sciences,Elsevier,2026,2026-02-14,A model for early propagation of derivative adversarial topics based on emotional transfer and evolutionary game theory,Rong Wang; Jun Yue; Lei Du; Tun Li; Yunpeng Xiao; Sirui Duan,741,,10.1016/j.ins.2026.123244,https://doi.org/10.1016/j.ins.2026.123244,article,Information Sciences,https://openalex.org/W7128916016
Information Sciences,Elsevier,2026,2026-02-14,Approximation-based iterative learning control for uncertain It o ^ stochastic nonlinear systems with arbitrary initial shifts,Min Ma; Wenqiang Ji; ZeFeng Lin; Tong Wang; Jianbin Qiu,741,,10.1016/j.ins.2026.123250,https://doi.org/10.1016/j.ins.2026.123250,article,Information Sciences,https://openalex.org/W7128920438
Information Sciences,Elsevier,2026,2026-02-14,BALSO-DTV: Binary artificial locust swarm optimization algorithm boosted with agent motion-based dynamic time-varying S-shaped transfer functions for feature selection in high-dimensional data,Özge Tezel; Eda Özkul; Muharrem Korkmaz; Onur Okuyucu,741,,10.1016/j.ins.2026.123248,https://doi.org/10.1016/j.ins.2026.123248,article,Information Sciences,https://openalex.org/W7128919693
Information Sciences,Elsevier,2026,2026-02-14,Q-learning-driven task offloading and collaborating in edge networks,Yuxin Liu; Junxiao Ge; Neal N. Xiong,741,,10.1016/j.ins.2026.123245,https://doi.org/10.1016/j.ins.2026.123245,article,Information Sciences,https://openalex.org/W7128922023
Information Sciences,Elsevier,2026,2026-02-14,WGGM-SC: robust two-stage point set registration fusing weighted generalized Gaussian mixtures and structural consistency,Sen Li; Fuquan Ren; Mingjing Yang,741,,10.1016/j.ins.2026.123240,https://doi.org/10.1016/j.ins.2026.123240,article,Information Sciences,https://openalex.org/W7128921999
Information Sciences,Elsevier,2026,2026-02-14,Wavelet-based decoupling framework for low-light stereo image enhancement,Shuangli Du; Siming Yan; Zhenghao Shi; Zhenzhen You; Lu Sun,741,,10.1016/j.ins.2026.123241,https://doi.org/10.1016/j.ins.2026.123241,article,Information Sciences,https://openalex.org/W7128915216
Information Sciences,Elsevier,2026,2026-02-16,A novel fault diagnosis method for complex systems based on belief rule base and average causal effect,Lihong Tang; Lin Liu; Guanghai Li; Shiyu Li; Guanyu Hu,741,,10.1016/j.ins.2026.123256,https://doi.org/10.1016/j.ins.2026.123256,article,Information Sciences,https://openalex.org/W7129085910
Information Sciences,Elsevier,2026,2026-02-17,A physics-informed generalization framework for cross-condition bearing fault diagnosis with limited labeled data,Chuanxia Jian; Ziyue Yin; Yuelei Zhang; Yinhui Ao; Hao Chen; Hao Wang,741,,10.1016/j.ins.2026.123252,https://doi.org/10.1016/j.ins.2026.123252,article,Information Sciences,https://openalex.org/W7129576672
Information Sciences,Elsevier,2026,2026-02-17,Editorial Board,,736,,10.1016/s0020-0255(26)00168-4,https://doi.org/10.1016/s0020-0255(26)00168-4,paratext,Information Sciences,https://openalex.org/W7129749397
Information Sciences,Elsevier,2026,2026-02-17,H ∞ controller design problem for nonlinear singular systems based on privacy-compensating observer: Encryption-decryption case,Xin-Yue Zhao; Xiao‐Heng Chang; Xiaoyan Wang; Ming-Quan Li,741,,10.1016/j.ins.2026.123255,https://doi.org/10.1016/j.ins.2026.123255,article,Information Sciences,https://openalex.org/W7129042732
Information Sciences,Elsevier,2026,2026-02-17,HCLAA: Hierarchical contrastive learning with adaptive attention,Xiaojian Ding; Xian Li; Lin Zhao; Xiaoying Zhu,741,,10.1016/j.ins.2026.123249,https://doi.org/10.1016/j.ins.2026.123249,article,Information Sciences,https://openalex.org/W7129092749
Information Sciences,Elsevier,2026,2026-02-17,Reinforcement learning–guided angle PSO for optimizing echo state networks in wind power forecasting,Wei Guo; Xinlei Zhang; Yingqin Zhu; Rongxin Du; Le Yang,741,,10.1016/j.ins.2026.123259,https://doi.org/10.1016/j.ins.2026.123259,article,Information Sciences,https://openalex.org/W7129353181
Information Sciences,Elsevier,2026,2026-02-18,Event-triggered robust optimal control for networked multiplayer system,Gaofu Yang; Ruizhuo Song; Lina Xia,741,,10.1016/j.ins.2026.123268,https://doi.org/10.1016/j.ins.2026.123268,article,Information Sciences,https://openalex.org/W7130313501
Information Sciences,Elsevier,2026,2026-02-18,GHSCM: Efficient maximum a posteriori inference for biological networks with the graphical horseshoe prior,Tuomas Hautamäki; Aapo E. Korhonen; Olli Sarala; Markku Kuismin; Mikko J. Sillanpää,741,,10.1016/j.ins.2026.123257,https://doi.org/10.1016/j.ins.2026.123257,article,Information Sciences,https://openalex.org/W7130325145
Information Sciences,Elsevier,2026,2026-02-18,Mamba-STR: Efficient context-aware scene text recognition framework with selective state space modeling,Shahid Ali; Tianhan Gao; Zichen Zhu; Zakir Hussain; Maqsood Ahmed,741,,10.1016/j.ins.2026.123242,https://doi.org/10.1016/j.ins.2026.123242,article,Information Sciences,https://openalex.org/W7129555864
Information Sciences,Elsevier,2026,2026-02-19,Editorial Board,,737,,10.1016/s0020-0255(26)00194-5,https://doi.org/10.1016/s0020-0255(26)00194-5,paratext,Information Sciences,https://openalex.org/W7130528733
Information Sciences,Elsevier,2026,2026-02-19,Multi-branch local global fusion network for cyclone classification using domain aware pooling,Soumi Dey Sarkar; Subhadip Boral; Sarbani Palit; Ashish Kumar Ghosh,741,,10.1016/j.ins.2026.123258,https://doi.org/10.1016/j.ins.2026.123258,article,Information Sciences,https://openalex.org/W7130515950
Information Sciences,Elsevier,2026,2026-02-19,OTML-MF: A collaborative filtering recommendation algorithm based on multi-dimensional feature fusion and improved LSH,Yuyang Cheng; Yichen Tan; Zixuan Zhou; Yong Zhao,741,,10.1016/j.ins.2026.123272,https://doi.org/10.1016/j.ins.2026.123272,article,Information Sciences,https://openalex.org/W7130547455
Information Sciences,Elsevier,2026,2026-02-19,Plug and play document image shadow removal with conditional diffusion model,Yang Yang; Shuai Luo; Xiangjun Shen; Lanling Zeng,741,,10.1016/j.ins.2026.123266,https://doi.org/10.1016/j.ins.2026.123266,article,Information Sciences,https://openalex.org/W7130523874
Information Sciences,Elsevier,2026,2026-02-20,3DAdvBP: Suppressing 3D shape adversarial perturbation by introducing benign perturbation,Linkun Fan; Jiafeng Yan; Yulin Zheng; Yaheng Li; Fazhi He; L Zhang,741,,10.1016/j.ins.2026.123251,https://doi.org/10.1016/j.ins.2026.123251,article,Information Sciences,https://openalex.org/W7130659306
Information Sciences,Elsevier,2026,2026-02-20,A spanning hypertree theory for support measures in single graphs,Cheng He; Xinyang Chen; Xiaojie Zhang; Zhaoming Chen; Guoting Chen,741,,10.1016/j.ins.2026.123246,https://doi.org/10.1016/j.ins.2026.123246,article,Information Sciences,https://openalex.org/W7130642137
Information Sciences,Elsevier,2026,2026-02-20,A two-stage evolutionary algorithm for uncertain constrained multi-objective problems with interval-valued objective,Jie Wen; Qian Wang; Zhihua Cui; Jianghui Cai; Jinjun Chen,741,,10.1016/j.ins.2026.123217,https://doi.org/10.1016/j.ins.2026.123217,article,Information Sciences,https://openalex.org/W7130699741
Information Sciences,Elsevier,2026,2026-02-20,Mitigating sybil attacks against locally differentially private truth discovery,Lin Mei; Yanjing Shao; Lei Xu; Jianghua Liu; Chungen Xu,741,,10.1016/j.ins.2026.123269,https://doi.org/10.1016/j.ins.2026.123269,article,Information Sciences,https://openalex.org/W7130646348
Information Sciences,Elsevier,2026,2026-02-21,A novel pipeline based on multi constraint fusion for multi LiDAR point cloud registration,Chao Sun; Jiahang Liang; Chao Zhang; Xiahui Li; Jianjun Ding,742,,10.1016/j.ins.2026.123281,https://doi.org/10.1016/j.ins.2026.123281,article,Information Sciences,https://openalex.org/W7130848690
Information Sciences,Elsevier,2026,2026-02-21,LDCL: Large language model-driven dual-view contrastive learning for temporal knowledge graph completion,Yuchao Zhang; Xiangjie Kong; Yinghui Liu; Shangfei Zheng; Guojiang Shen; Jianxin Li,741,,10.1016/j.ins.2026.123273,https://doi.org/10.1016/j.ins.2026.123273,article,Information Sciences,https://openalex.org/W7130719283
Information Sciences,Elsevier,2026,2026-02-21,Predicting customer churn in fuel retail: A multi-source domain adaptation approach for the price commitment scenario,Boyang Li; Yu An; Lili Chen; Xi Zhang,741,,10.1016/j.ins.2026.123276,https://doi.org/10.1016/j.ins.2026.123276,article,Information Sciences,https://openalex.org/W7130848586
Information Sciences,Elsevier,2026,2026-02-21,Towards efficient and verifiable dynamic conjunctive queries in hybrid-storage blockchain,Anqi Jiang; Shuqi Ma; Jianfeng Wang,741,,10.1016/j.ins.2026.123282,https://doi.org/10.1016/j.ins.2026.123282,article,Information Sciences,https://openalex.org/W7130839514
Information Sciences,Elsevier,2026,2026-02-21,VEUCTOR: Training and selecting best vector space models from online job ads for European countries,Emilio Colombo; Simone D’Amico; Fabio Mercorio; Mario Mezzanzanica,741,,10.1016/j.ins.2026.123274,https://doi.org/10.1016/j.ins.2026.123274,article,Information Sciences,https://openalex.org/W7130845189
Information Sciences,Elsevier,2026,2026-02-22,"TQPP: A Trust, quality and privacy preserving data collection scheme for mobile crowdsensing",Anfeng Liu; Zhipeng Liu; Qiang Yang; Neal N. Xiong; Shaobo Zhang; Tian Wang,741,,10.1016/j.ins.2026.123254,https://doi.org/10.1016/j.ins.2026.123254,article,Information Sciences,https://openalex.org/W7130956406
Information Sciences,Elsevier,2026,2026-02-23,A multi-task learning framework for integrated assessment in agricultural applications,Yuexing Han; Jiahao Ge; Yan Sun; Tiejun Zhao; Qiaochuan Chen,741,,10.1016/j.ins.2026.123283,https://doi.org/10.1016/j.ins.2026.123283,article,Information Sciences,https://openalex.org/W7131068802
Information Sciences,Elsevier,2026,2026-02-23,Bregman Proximal Gradient with extrapolation to train a Reservoir Computing network for a binary classification task,Carmen Mayora-Cebollero; Ana Mayora-Cebollero; Álvaro Lozano; Roberto Barrio,742,,10.1016/j.ins.2026.123275,https://doi.org/10.1016/j.ins.2026.123275,article,Information Sciences,https://openalex.org/W7131128777
Information Sciences,Elsevier,2026,2026-02-23,From local bias to global consensus: Group-wise prototype federated learning under heterogeneous and cross-domain settings,Afei Li; JunHui Song; Zhangqi Zheng; Zhixin Xia; Jiadong Ren; Yongshan Liu,741,,10.1016/j.ins.2026.123284,https://doi.org/10.1016/j.ins.2026.123284,article,Information Sciences,https://openalex.org/W7131110476
Information Sciences,Elsevier,2026,2026-02-23,Ontological foundations for contrastive explanatory narration of robot plans,Alberto Olivares‐Alarcos; Sergi Foix; Júlia Borràs; Gerard Canal; Guillem Alenyà,741,,10.1016/j.ins.2026.123280,https://doi.org/10.1016/j.ins.2026.123280,article,Information Sciences,https://openalex.org/W7131067575
Information Sciences,Elsevier,2026,2026-02-24,A hybrid measure-based state transition algorithm for robust multiobjective optimization,Xiaohe Li; Xiaojun Zhou; Yan Sun; Tingwen Huang; Chunhua Yang,741,,10.1016/j.ins.2026.123291,https://doi.org/10.1016/j.ins.2026.123291,article,Information Sciences,https://openalex.org/W7131286028
Information Sciences,Elsevier,2026,2026-02-24,An extension of Z-numbers with consensus credibility: Theory and applications,Xingjun Zhao,741,,10.1016/j.ins.2026.123278,https://doi.org/10.1016/j.ins.2026.123278,article,Information Sciences,https://openalex.org/W7131288435
Information Sciences,Elsevier,2026,2026-02-24,An integrated DDPG-IPSO algorithm for path planning of plant protection UAVs in complex environments,Mengmeng Cheng; fang Wang,741,,10.1016/j.ins.2026.123290,https://doi.org/10.1016/j.ins.2026.123290,article,Information Sciences,https://openalex.org/W7131266557
Information Sciences,Elsevier,2026,2026-02-24,Dual-channel time-aware graph attention network for session-based recommendation,Linjiang Guo; Shiqing Wu; Dan Lu; Longxiang Gao; Guandong Xu,741,,10.1016/j.ins.2026.123289,https://doi.org/10.1016/j.ins.2026.123289,article,Information Sciences,https://openalex.org/W7131074488
Information Sciences,Elsevier,2026,2026-02-24,Dynamic programming for the exact pareto front in multi-objective discretization of imbalanced datasets,Bui Quoc Trung,741,,10.1016/j.ins.2026.123292,https://doi.org/10.1016/j.ins.2026.123292,article,Information Sciences,https://openalex.org/W7131252123
Information Sciences,Elsevier,2026,2026-02-24,LMI based non-fragile sample data control of fractional order T-S fuzzy complex valued neural networks with event triggered mechanism,Samidurai R.; Yazhini M.; P. Punitha; R. Udhayakumar,741,,10.1016/j.ins.2026.123288,https://doi.org/10.1016/j.ins.2026.123288,article,Information Sciences,https://openalex.org/W7131299291
Information Sciences,Elsevier,2026,2026-02-24,MSDG: A multiscale dynamic graph Neural network for inferring dynamic granger causality in multivariate time series,Lipeng Qian; Qiong Zuo; Wei Liu; Hong Zhu,741,,10.1016/j.ins.2026.123287,https://doi.org/10.1016/j.ins.2026.123287,article,Information Sciences,https://openalex.org/W7131280048
Information Sciences,Elsevier,2026,2026-02-24,Modularity community detection based on maximal K-plex,Ninglong Ding; Jianxia Chen; Xiaolong Liu; Zhou Zou; Xinyun Wu; Yi-Xiang Wang,742,,10.1016/j.ins.2026.123279,https://doi.org/10.1016/j.ins.2026.123279,article,Information Sciences,https://openalex.org/W7131306439
Information Sciences,Elsevier,2026,2026-02-24,Offline supervisory fuzzy control for weekly set-point adjustment in home-based congestive heart failure therapy,Bartolomeo Cosenza; Alessandro Concas; Alessandro Virzì; Gabriele Pannocchia,741,,10.1016/j.ins.2026.123285,https://doi.org/10.1016/j.ins.2026.123285,article,Information Sciences,https://openalex.org/W7131092216
Information Sciences,Elsevier,2026,2026-02-24,Synergy of UAV collaboration and progressive training for robust federated learning in air-ground multi-edge systems,Hengshuo Zhang; Boyuan Li; Fang Zuo; Zihao Peng; Shengbo Chen; Dazhi Long,741,,10.1016/j.ins.2026.123277,https://doi.org/10.1016/j.ins.2026.123277,article,Information Sciences,https://openalex.org/W7131212588
Information Sciences,Elsevier,2026,2026-02-25,Optimal activation function subset selection via forward and backward search for enhanced model performance,Suhan Son; Junhee Seok,742,,10.1016/j.ins.2026.123300,https://doi.org/10.1016/j.ins.2026.123300,article,Information Sciences,https://openalex.org/W7131394611
Information Sciences,Elsevier,2026,2026-02-26,Bidirectional gradient optimization for graph knowledge distillation: Reactivating KL divergence via component decoupling,Shaokai Xu; Muyang Li; Yingjie Tian,741,,10.1016/j.ins.2026.123299,https://doi.org/10.1016/j.ins.2026.123299,article,Information Sciences,https://openalex.org/W7131675051
Information Sciences,Elsevier,2026,2026-02-26,EZ-check: Explainable zero-shot knowledge extraction and fact checking using knowledge graphs,Akhil Chaudhary; Somayeh Kafaie; Enayat Rajabi,742,,10.1016/j.ins.2026.123293,https://doi.org/10.1016/j.ins.2026.123293,article,Information Sciences,https://openalex.org/W7131626267
Information Sciences,Elsevier,2026,2026-02-26,MLaVQA: A multi-level attention method for remote sensing visual question answering with large language model,Weipeng Jing; Wanlin Yang; Chao Li; Mahmoud Emam,742,,10.1016/j.ins.2026.123298,https://doi.org/10.1016/j.ins.2026.123298,article,Information Sciences,https://openalex.org/W7131625897
Information Sciences,Elsevier,2026,2026-02-26,Optimal hotel chain network design for revenue maximization using fuzzy hypersoft topological structures and PROMETHEE,Shabana Anwar; Muhammad Kamran Jamil; Muhammad Azeem,741,,10.1016/j.ins.2026.123286,https://doi.org/10.1016/j.ins.2026.123286,article,Information Sciences,https://openalex.org/W7131616873
Information Sciences,Elsevier,2026,2026-02-26,RSCL: Adaptive meta-learning framework inspired by rough set theory and continual learning,L. L. Ding; Shuliang Zhao,741,,10.1016/j.ins.2026.123294,https://doi.org/10.1016/j.ins.2026.123294,article,Information Sciences,https://openalex.org/W7131617930
Information Sciences,Elsevier,2026,2026-02-27,UEF-CS: A multimodal framework for class-imbalanced social bot detection,Shibo Zhang; Hongchang Chen; Shuxin Liu; Ran Li; Junjie Zhang,742,,10.1016/j.ins.2026.123301,https://doi.org/10.1016/j.ins.2026.123301,article,Information Sciences,https://openalex.org/W7131871668
Information Sciences,Elsevier,2026,2026-02-28,Editorial Board,,738,,10.1016/s0020-0255(26)00237-9,https://doi.org/10.1016/s0020-0255(26)00237-9,paratext,Information Sciences,https://openalex.org/W7132849299
Information Sciences,Elsevier,2026,2026-02-28,Goal programming-based Wasserstein distributionally robust equilibrium vehicle routing design with carbon cost intensity,Fanghao Yin; Meng Yang; Xiaobin Wang,741,,10.1016/j.ins.2026.123316,https://doi.org/10.1016/j.ins.2026.123316,article,Information Sciences,https://openalex.org/W7132834242
Information Sciences,Elsevier,2026,2026-02-28,Multi-view clustering algorithm based on bipartite graph learning and high-order information fusion,Shunyong Li; Mengjiao Zheng; Kun Liu; Xingwang Zhao,742,,10.1016/j.ins.2026.123297,https://doi.org/10.1016/j.ins.2026.123297,article,Information Sciences,https://openalex.org/W7132826447
Information Sciences,Elsevier,2026,2026-02-28,Resolving semantic conflicts in multi-source threat intelligence through temporal consistency modeling,Jiajing Zhang; Yutao Qi; Yuanxi Che; Rui Yang; Xiangke Guo; H Zhang,742,,10.1016/j.ins.2026.123267,https://doi.org/10.1016/j.ins.2026.123267,article,Information Sciences,https://openalex.org/W7132825476
Information Sciences,Elsevier,2026,2026-02-28,T-MIA: A membership inference attack via timing side-channel and possible defense scheme,Kai Sheng; Faqian Guan; Wei Ren; Tianqing Zhu,742,,10.1016/j.ins.2026.123317,https://doi.org/10.1016/j.ins.2026.123317,article,Information Sciences,https://openalex.org/W7132850930
Information Sciences,Elsevier,2026,2026-02-28,Temporal dependencies and global context fusion: A hybrid transformer-LSTM framework for adaptive option pricing in dynamic financial markets,Xiangpeng Xiao; Bianxia Yang; Biao Yang; Biao Yang; Biao Yang,742,,10.1016/j.ins.2026.123295,https://doi.org/10.1016/j.ins.2026.123295,article,Information Sciences,https://openalex.org/W7132843385
Information Sciences,Elsevier,2026,2026-03-02,A novel probabilistic linguistic recommendation mechanism for detection of online fake reviews and alternative interaction evaluation,Chonghui Zhang; Xinru Cheng; Zeshui Xu; Bo Li,742,,10.1016/j.ins.2026.123302,https://doi.org/10.1016/j.ins.2026.123302,article,Information Sciences,https://openalex.org/W7133190894
Information Sciences,Elsevier,2026,2026-03-02,Attribute knowledge inheritance and evolution for generalized zero-shot learning,Zhijie Rao; Jingcai Guo; Chenxin Li; Song Guo,742,,10.1016/j.ins.2026.123326,https://doi.org/10.1016/j.ins.2026.123326,article,Information Sciences,https://openalex.org/W7133212004
Information Sciences,Elsevier,2026,2026-03-02,Evolutionary multitasking combined with migration estimation distribution and its application on power electronics system,Ziyu Hu; Xinyuan Zhou; Hao Sun; Yulin Li; Xuemin Ma; Yue Pan,742,,10.1016/j.ins.2026.123322,https://doi.org/10.1016/j.ins.2026.123322,article,Information Sciences,https://openalex.org/W7133199313
Information Sciences,Elsevier,2026,2026-03-02,GDiffuASR: Sequential recommendation with guided diffusion augmentation,Xian Mo; Hang Qi; Yongqiang Nai; Rui Tang,742,,10.1016/j.ins.2026.123327,https://doi.org/10.1016/j.ins.2026.123327,article,Information Sciences,https://openalex.org/W7133239584
Information Sciences,Elsevier,2026,2026-03-02,GEAF: A label noise filtering method based on adaptive partitioning of granular ellipsoids,Jinjin Zhang; Xu Sun; Bing Huang; Tianxing WANG; Huaxiong Li; Xiuyi Jia,742,,10.1016/j.ins.2026.123324,https://doi.org/10.1016/j.ins.2026.123324,article,Information Sciences,https://openalex.org/W7133198662
Information Sciences,Elsevier,2026,2026-03-02,S3CE-net: Spike-guided spatiotemporal semantic coupling and expansion network for long sequence event re-identification,Xianheng Ma; Xiuping Liu; Yi Zhang; Hongchen Tan,742,,10.1016/j.ins.2026.123296,https://doi.org/10.1016/j.ins.2026.123296,article,Information Sciences,https://openalex.org/W7133228107
Information Sciences,Elsevier,2026,2026-03-02,Symmetric Kullback-Leibler divergence to regularize denoising auto encoder for classification,Rahul Mondal; Prasenjit Dey; Tandra Pal,742,,10.1016/j.ins.2026.123321,https://doi.org/10.1016/j.ins.2026.123321,article,Information Sciences,https://openalex.org/W7133185790
Information Sciences,Elsevier,2026,2026-03-03,A granular-ellipsoid generation method suitable for density peak clustering,Hongjian Guo; Mingju Zhuang; Xu Sun; Bing Huang; Tianxing Wang,742,,10.1016/j.ins.2026.123328,https://doi.org/10.1016/j.ins.2026.123328,article,Information Sciences,https://openalex.org/W7133326582
Information Sciences,Elsevier,2026,2026-03-03,"Average consensus of heterogeneous nonlinear multi-agent systems over directed topologies in non-ideal, uncertain and faulty environment via distributed resilient adaptive PID control",Dario Giuseppe Lui; Alberto Petrillo; Stefania Santini,742,,10.1016/j.ins.2026.123325,https://doi.org/10.1016/j.ins.2026.123325,article,Information Sciences,https://openalex.org/W7133339948
Information Sciences,Elsevier,2026,2026-03-03,BARD: Bidding-augmented response delivery for contextual auction mechanism design,Mingxuan Liang; Zhibo Guo; junwu zhu; Yuanyuan Zhang; Xueqing Li; Mingwei Zhao,743,,10.1016/j.ins.2026.123336,https://doi.org/10.1016/j.ins.2026.123336,article,Information Sciences,https://openalex.org/W7133324724
Information Sciences,Elsevier,2026,2026-03-03,CGCCE-Net: Change-guided cross correlation enhancement network for remote sensing building change detection,Chengming Wang; Zhaolong Gao; Jinjiang Li,742,,10.1016/j.ins.2026.123320,https://doi.org/10.1016/j.ins.2026.123320,article,Information Sciences,https://openalex.org/W7133360575
Information Sciences,Elsevier,2026,2026-03-03,ChronosRep: Entropy-regularized evidence fusion and stochastic differential trust dynamics for decentralized identity intelligence,Tuan-Dung Tran; Bao Huynh; Van-Hau Pham,742,,10.1016/j.ins.2026.123323,https://doi.org/10.1016/j.ins.2026.123323,article,Information Sciences,https://openalex.org/W7133354046
Information Sciences,Elsevier,2026,2026-03-03,Cross-chain identity privacy protection scheme based on oblivious transfer protocol and key agreement,Yuli Wang; Zhichao Cai; Bin Ma; Pei Zhang; Yi-Xiang Wang,743,,10.1016/j.ins.2026.123332,https://doi.org/10.1016/j.ins.2026.123332,article,Information Sciences,https://openalex.org/W7133358400
Information Sciences,Elsevier,2026,2026-03-03,Distributed multi-label feature selection via feature-label information granulation,Hengrong Ju; Xipei Tao; Weiping Ding; Zhongya Lu; Suping Xu; Lijiao Qiao; Xibei Yang,742,,10.1016/j.ins.2026.123334,https://doi.org/10.1016/j.ins.2026.123334,article,Information Sciences,https://openalex.org/W7133362907
Information Sciences,Elsevier,2026,2026-03-03,Impacts of inter-layer correlations on network structures and spreading dynamics,Haowei PAN; Yanbin Kuang; Yushu Chen; Ying Liu; Xiaoke Xu; Ming Tang,742,,10.1016/j.ins.2026.123335,https://doi.org/10.1016/j.ins.2026.123335,article,Information Sciences,https://openalex.org/W7133334072
Information Sciences,Elsevier,2026,2026-03-03,Short-term electricity load forecasting with multi-frequency reconstruction diffusion,Qi Rong Dong; Rubing Huang; Ling Zhou; Dave Towey; Jinyu Tian; Jianzhou Wang,742,,10.1016/j.ins.2026.123331,https://doi.org/10.1016/j.ins.2026.123331,article,Information Sciences,https://openalex.org/W7133325328
Information Sciences,Elsevier,2026,2026-03-04,A sparse attention framework for high-dimensional undirected sparse networks,Jinrong Wu; Lei Wang; Zhixing Chang; Yuanrong Zhang; Kaifeng Wang,744,,10.1016/j.ins.2026.123340,https://doi.org/10.1016/j.ins.2026.123340,article,Information Sciences,https://openalex.org/W7133551711
Information Sciences,Elsevier,2026,2026-03-04,CBiHCL: A collaborative bi-stream hierarchical contrastive learning for fault diagnosis under unseen working conditions,Peng Wu; Suxia Zhu; Yongjun He; Bo Ding,742,,10.1016/j.ins.2026.123329,https://doi.org/10.1016/j.ins.2026.123329,article,Information Sciences,https://openalex.org/W7133314745
Information Sciences,Elsevier,2026,2026-03-04,Multi-criteria probabilistic sorting method: interval utility regression within the regularization framework,Shuya Sun; Zaiwu Gong; Guo Wei; Lulu He,743,,10.1016/j.ins.2026.123333,https://doi.org/10.1016/j.ins.2026.123333,article,Information Sciences,https://openalex.org/W7133485847
Information Sciences,Elsevier,2026,2026-03-05,Continuous spatio-temporal hybrid graph convolutional network for air pollutant prediction,Tongzhao Huo; Hongtao Li; Haina Zhang; Wenzheng Liu; Shaolong Sun; Zhipeng Huang; Wuzhi Xie,743,,10.1016/j.ins.2026.123344,https://doi.org/10.1016/j.ins.2026.123344,article,Information Sciences,https://openalex.org/W7133644623
Information Sciences,Elsevier,2026,2026-03-05,Covariance-intersection-fusion-based causal inference under missing data,Jiong Liu; Bo Chen,743,,10.1016/j.ins.2026.123345,https://doi.org/10.1016/j.ins.2026.123345,article,Information Sciences,https://openalex.org/W7133911861
Information Sciences,Elsevier,2026,2026-03-05,IKUN: A mean-field game theoretic KD-tree density guided mechanism for evolutionary algorithms,Junbo Jacob Lian; Mingyang Yu; Kaichen Ouyang; Shengwei Fu; Rui Zhong; Yujun Zhang; Huiling Chen,743,,10.1016/j.ins.2026.123347,https://doi.org/10.1016/j.ins.2026.123347,article,Information Sciences,https://openalex.org/W7133973954
Information Sciences,Elsevier,2026,2026-03-05,REMO/FUSE: Relation-based surrogate evolutionary optimization for expensive multiobjective feature selection in high-dimensional medical data,Weiwei Wang; ZhenNao Cai; Huiling Chen; Kai Liu,743,,10.1016/j.ins.2026.123343,https://doi.org/10.1016/j.ins.2026.123343,article,Information Sciences,https://openalex.org/W7133606920
Information Sciences,Elsevier,2026,2026-03-06,CM-sampling: A two-stage auxiliary model method based on sampling for multi-class medical image classification,Junnan Guo; Xiaofeng Chen; Bing Li; Jin Hu,743,,10.1016/j.ins.2026.123337,https://doi.org/10.1016/j.ins.2026.123337,article,Information Sciences,https://openalex.org/W7134031695
Information Sciences,Elsevier,2026,2026-03-06,Collaborative neurodynamic approach on multi-objective optimization of wind power systems,Siyu Hu; Jianquan Lu; Yang Liu; Jungang Lou,743,,10.1016/j.ins.2026.123330,https://doi.org/10.1016/j.ins.2026.123330,article,Information Sciences,https://openalex.org/W7134121601
Information Sciences,Elsevier,2026,2026-03-06,Editorial Board,,739,,10.1016/s0020-0255(26)00244-6,https://doi.org/10.1016/s0020-0255(26)00244-6,paratext,Information Sciences,https://openalex.org/W7134090360
Information Sciences,Elsevier,2026,2026-03-06,Implementing the competitive selection of the Matthew effect: An adaptive gradient neural network approach and its applications,Zhuowen Feng; Liu Yang; Cong Lin; Lingbo Han; Guancheng Wang,743,,10.1016/j.ins.2026.123349,https://doi.org/10.1016/j.ins.2026.123349,article,Information Sciences,https://openalex.org/W7134109851
Information Sciences,Elsevier,2026,2026-03-06,Matrix-based incremental reduction in neighborhood covering decision information systems,Yu-Kang Zhang; Yu-Kang Zhang; Yan-Lan Zhang; Yan-Lan Zhang,743,,10.1016/j.ins.2026.123339,https://doi.org/10.1016/j.ins.2026.123339,article,Information Sciences,https://openalex.org/W7134042586
Information Sciences,Elsevier,2026,2026-03-06,Research on pricing Asian carbon options for an uncertain exponential Ornstein-Uhlenbeck model,Linya Zhang; Lifen Jia,743,,10.1016/j.ins.2026.123350,https://doi.org/10.1016/j.ins.2026.123350,article,Information Sciences,https://openalex.org/W7134112810
Information Sciences,Elsevier,2026,2026-03-06,TRACED: Trend-adaptive classification with ellipsoidal disambiguation for resolving exterior and coincident regions in data streams,Peemapat Wongsriphisant; Kitiporn Plaimas; Chidchanok Lursinsap,743,,10.1016/j.ins.2026.123338,https://doi.org/10.1016/j.ins.2026.123338,article,Information Sciences,https://openalex.org/W7134049368
Information Sciences,Elsevier,2026,2026-03-06,The subgraph eigenvector centrality of graphs,Qingying Zhang; Lizhu Sun; Changjiang Bu,743,,10.1016/j.ins.2026.123253,https://doi.org/10.1016/j.ins.2026.123253,article,Information Sciences,https://openalex.org/W7134076990
Information Sciences,Elsevier,2026,2026-03-06,The theory and practice of computing the bus factor,Sebastiano A. Piccolo; Pasquale De Meo; Giorgio Terracina; Gianluigi Greco,743,,10.1016/j.ins.2026.123353,https://doi.org/10.1016/j.ins.2026.123353,article,Information Sciences,https://openalex.org/W7134131890
Information Sciences,Elsevier,2026,2026-03-07,Detecting large language models in text using responsible artificial intelligence practices,Weiping Ding; Mohamed Abdel‐Basset; Mahmoud Ibrahim; Khalid A. Eldrandaly; Nabil M. Abdel-Aziz,743,,10.1016/j.ins.2026.123346,https://doi.org/10.1016/j.ins.2026.123346,article,Information Sciences,https://openalex.org/W7134195413
Information Sciences,Elsevier,2026,2026-03-07,Mutual sample-center interaction with hard queue mining for face recognition,Yiqun Chen; Jianqing Li; Xiaochen Yuan; Guanghua Yang; Xiaofan Li; Xueyuan Gong,743,,10.1016/j.ins.2026.123352,https://doi.org/10.1016/j.ins.2026.123352,article,Information Sciences,https://openalex.org/W7134170067
Information Sciences,Elsevier,2026,2026-03-10,A qualitative and quantitative comparative study of VPK schemes for relational data watermarking,Maikel Lázaro Pérez Gort; Agostino Cortesi,743,,10.1016/j.ins.2026.123359,https://doi.org/10.1016/j.ins.2026.123359,article,Information Sciences,https://openalex.org/W7134889507
Information Sciences,Elsevier,2026,2026-03-10,Market acceptance assessment of new energy vehicles based on directed weighted graph and evidential reasoning approach in cross-dimensional information environment,Rui Liu; Haiyan Xu; Yangzi Jiang; Jie Zhang; Limei Hu,743,,10.1016/j.ins.2026.123348,https://doi.org/10.1016/j.ins.2026.123348,article,Information Sciences,https://openalex.org/W7134937330
Information Sciences,Elsevier,2026,2026-03-10,TCDNet: Modeling temporal curvature and multi-scale context dynamics for robust lane detection,Jiao Hong; Yiling Han; Minghui Zhang; Yi Liu,744,,10.1016/j.ins.2026.123357,https://doi.org/10.1016/j.ins.2026.123357,article,Information Sciences,https://openalex.org/W7134936729
Information Sciences,Elsevier,2026,2026-03-11,A reconstructed three-way conflict analysis model and its application in complex product R&D management,Junliang Du; Zhen-Song Chen; Ke-Dong Yin; Yuan Feng; Yi Liu,744,,10.1016/j.ins.2026.123354,https://doi.org/10.1016/j.ins.2026.123354,article,Information Sciences,https://openalex.org/W7135020798
Information Sciences,Elsevier,2026,2026-03-11,An attention-integrated deep learning model for enhancing China railway express train travel time prediction,Jingwei Guo; Xiang Guo; Tingyue Kuang; Yongxiang Zhang; Tao Feng; Zhen-Song Chen,743,,10.1016/j.ins.2026.123356,https://doi.org/10.1016/j.ins.2026.123356,article,Information Sciences,https://openalex.org/W7134973129
Information Sciences,Elsevier,2026,2026-03-11,Enhancing differentially private distributed k-means clustering through data-driven sensitivity calibration and optimized dropout handling,Jong Wook Kim; Sae-Hong Cho,744,,10.1016/j.ins.2026.123362,https://doi.org/10.1016/j.ins.2026.123362,article,Information Sciences,https://openalex.org/W7135035730
Information Sciences,Elsevier,2026,2026-03-11,Multi-source data spatio-temporal reconstruction and transfer fusion method for air traffic flow prediction,Weijie Kang; Yuan Feng; Yao Ding; Bin Hu; Yujie Jin; Witold Pedrycz; Fuqing Li,744,,10.1016/j.ins.2026.123360,https://doi.org/10.1016/j.ins.2026.123360,article,Information Sciences,https://openalex.org/W7134987666
Information Sciences,Elsevier,2026,2026-03-12,A blockchain based authentication protocol for secure autonomous vehicles communication in acoustic networks,Neeraj Kumar; Rifaqat Ali,744,,10.1016/j.ins.2026.123361,https://doi.org/10.1016/j.ins.2026.123361,article,Information Sciences,https://openalex.org/W7135010293
Information Sciences,Elsevier,2026,2026-03-12,Portray learning: A novel learning paradigm for streaming emerging class detection,Ziming Zhao; Zhaoxuan Li; Xiaofei Yue; Tingting Li; Fan Zhang,744,,10.1016/j.ins.2026.123355,https://doi.org/10.1016/j.ins.2026.123355,article,Information Sciences,https://openalex.org/W7135091807
Information Sciences,Elsevier,2026,2026-03-13,A hybrid parasite-inspired cuckoo catfish metaheuristic and blockchain architecture for real-time supply chain optimization,Joe Prathap P. M; Subathra Ravi; Mini Prince; Vinil Dani W.; Dr.A. Sumithra,744,,10.1016/j.ins.2026.123364,https://doi.org/10.1016/j.ins.2026.123364,article,Information Sciences,https://openalex.org/W7135221146
Information Sciences,Elsevier,2026,2026-03-13,MCCL: Entailment tree generation via multi-fact contrastive selection and consistent LLM-based inference,Siwen Zhao; Wei Wang; Zhe Chen; Feng Qiao; Sen Lin; Yujun Li; Yunnuo Xu; Jie Sun,744,,10.1016/j.ins.2026.123363,https://doi.org/10.1016/j.ins.2026.123363,article,Information Sciences,https://openalex.org/W7135215133
Information Sciences,Elsevier,2026,2026-03-14,ECG-GTMD: A CVD diagnosis model based on graph-transformer with multi-domain fusion of spatiotemporal and band features,Lihan Xia; Yun Zhang; Chong Fu; Yongguo Liu,744,,10.1016/j.ins.2026.123370,https://doi.org/10.1016/j.ins.2026.123370,article,Information Sciences,https://openalex.org/W7135391097
Information Sciences,Elsevier,2026,2026-03-14,Multi-weight resilient event-triggered security control for nonlinear stochastic CPSs under complex asynchronous communication environments and hybrid attacks,Juanjuan Jia; Linchuang Zhang; Qu Zhao,744,,10.1016/j.ins.2026.123369,https://doi.org/10.1016/j.ins.2026.123369,article,Information Sciences,https://openalex.org/W7135418068
Information Sciences,Elsevier,2026,2026-03-15,A Similarity-Constrained filter transfer learning approach for identifying nonlinear systems with unknown time delays,Mengmeng Li; Xiaolong Wu; Meiting Sun; Yanxia Yang,744,,10.1016/j.ins.2026.123367,https://doi.org/10.1016/j.ins.2026.123367,article,Information Sciences,https://openalex.org/W7136045704
Information Sciences,Elsevier,2026,2026-03-15,A sparse large-scale multi-objective optimization algorithm based on growing neural gas network and variable sparsity analysis,Jie Cao; Min Tian; Zuohan Chen; Jianlin Zhang,745,,10.1016/j.ins.2026.123358,https://doi.org/10.1016/j.ins.2026.123358,article,Information Sciences,https://openalex.org/W7136091558
Information Sciences,Elsevier,2026,2026-03-16,HiKAN: Interpretable time-series forecasting with hybrid imaginary exponential KAN,Kai Wang; Ye Tao; XiaoQi Sheng,744,,10.1016/j.ins.2026.123371,https://doi.org/10.1016/j.ins.2026.123371,article,Information Sciences,https://openalex.org/W7137133260
Information Sciences,Elsevier,2026,2026-03-16,Neural corrective machine unranking,Jingrui Hou; Axel Finke; Georgina Cosma,745,,10.1016/j.ins.2026.123366,https://doi.org/10.1016/j.ins.2026.123366,article,Information Sciences,https://openalex.org/W7137076110
Information Sciences,Elsevier,2026,2026-03-17,Leveraging threshold-dependent model for avoiding influence overexposure in online social networks,Xuesong Zhu; Jianming Zhu; Guanghui Wang; Peikun Ni,744,,10.1016/j.ins.2026.123375,https://doi.org/10.1016/j.ins.2026.123375,article,Information Sciences,https://openalex.org/W7138080281
Information Sciences,Elsevier,2026,2026-03-17,MSADroid: A pre-trained Mamba-sparse self-attention model for android malware detection on long system call sequences,Xiang Chen; Guojun Wang; Mingfei Chen; Yuheng Zhang; Wanyi Gu; Bao Wu,744,,10.1016/j.ins.2026.123368,https://doi.org/10.1016/j.ins.2026.123368,article,Information Sciences,https://openalex.org/W7137989232
Information Sciences,Elsevier,2026,2026-03-17,Robust maximum satisfaction consensus models with individual preferences under uncertain environments,Jiaxin Song; Shaojian Qu; Liang Chang; Ying Ji,744,,10.1016/j.ins.2026.123377,https://doi.org/10.1016/j.ins.2026.123377,article,Information Sciences,https://openalex.org/W7137891703
Information Sciences,Elsevier,2026,2026-03-17,Security analysis and improvements of thumbnail-preserving encryption,Ziwen Zhu; Geng Zhao; Yingjie Ma,744,,10.1016/j.ins.2026.123379,https://doi.org/10.1016/j.ins.2026.123379,article,Information Sciences,https://openalex.org/W7138303645
Information Sciences,Elsevier,2026,2026-03-18,A novel assignment strategy based on fuzzy number cluster centers to assign data points into clusters,Yue Han; Li Yan; Fu Zhong; Pei Zheng,744,,10.1016/j.ins.2026.123372,https://doi.org/10.1016/j.ins.2026.123372,article,Information Sciences,https://openalex.org/W7139041947
Information Sciences,Elsevier,2026,2026-03-18,Dense object detection via contrastive learning representations and reinforcement learning decisions,Huanrong Tang; Zhixian Deng; Jianquan Ouyang,744,,10.1016/j.ins.2026.123373,https://doi.org/10.1016/j.ins.2026.123373,article,Information Sciences,https://openalex.org/W7138830366
Information Sciences,Elsevier,2026,2026-03-18,PARS: Performance-driven adam-based resilient scaffold for federated learning,Emin Akpinar; Murat Taskiran; Bülent Bolat,744,,10.1016/j.ins.2026.123374,https://doi.org/10.1016/j.ins.2026.123374,article,Information Sciences,https://openalex.org/W7138891934
Information Sciences,Elsevier,2026,2026-03-18,Point-DPA: Unifying contrastive and generative learning for 3D point cloud understanding via dynamic prototypes,Xin Cao; Xinmeng Hu; Yinan Wang; Kang Li; Linzhi Su; Yangyang Liu; Fengjun Zhao,744,,10.1016/j.ins.2026.123378,https://doi.org/10.1016/j.ins.2026.123378,article,Information Sciences,https://openalex.org/W7138867598
Information Sciences,Elsevier,2026,2026-03-19,Adaptive multimodal emotion detection for mental health monitoring using deep learning,Gul E Arzu; Muhammad Umar; Asma Khan; Usman Ali; L.Minh Dang; Hyeonjoon Moon,744,,10.1016/j.ins.2026.123385,https://doi.org/10.1016/j.ins.2026.123385,article,Information Sciences,https://openalex.org/W7139068265
Information Sciences,Elsevier,2026,2026-03-19,Algebraic Semantics for Interpretable Reasoning in Large Language Models,Pan Liu; Yihao Li,746,,10.1016/j.ins.2026.123383,https://doi.org/10.1016/j.ins.2026.123383,article,Information Sciences,https://openalex.org/W7138949758
Information Sciences,Elsevier,2026,2026-03-19,Coordinated optimization of emergency repair for the post-disaster transportation network and the emergency resource allocation scheme,Siyuan Wang; Yun Jing; Siye Guo; Z. Xiong; Yiao Liu,746,,10.1016/j.ins.2026.123382,https://doi.org/10.1016/j.ins.2026.123382,article,Information Sciences,https://openalex.org/W7138985675
Information Sciences,Elsevier,2026,2026-03-19,Cross-community opinion clustering via opinion-aware Louvain and Friedkin–Johnsen modeling,Danilo Cavaliere; Giuseppe Fenza; Hamido Fujita; Vincenzo Loia,744,,10.1016/j.ins.2026.123388,https://doi.org/10.1016/j.ins.2026.123388,article,Information Sciences,https://openalex.org/W7138849599
Information Sciences,Elsevier,2026,2026-03-19,EDRS: Extremity-density representative selection for semi-supervised learning on imbalanced data,Alberto Durán-López; Daniel Bolaños-Martinez; Maria Bermúdez-Edo,744,,10.1016/j.ins.2026.123390,https://doi.org/10.1016/j.ins.2026.123390,article,Information Sciences,https://openalex.org/W7138955621
Information Sciences,Elsevier,2026,2026-03-19,Multi-modal bankruptcy risk prediction for listed companies via large language models,Xiaoyun Xiong; Mingzhe Jiang; Xiaojie Yu; Xiaoxue Fang; Hongyun Zhao; Yingmin Liu; J. Christina Wang,744,,10.1016/j.ins.2026.123387,https://doi.org/10.1016/j.ins.2026.123387,article,Information Sciences,https://openalex.org/W7138973469
Information Sciences,Elsevier,2026,2026-03-19,Unified compositional controller: A training-free framework for highly controllable text-to-image generation,Ruiyue Liu; Zhijie Xu; Jianqin Zhang,745,,10.1016/j.ins.2026.123380,https://doi.org/10.1016/j.ins.2026.123380,article,Information Sciences,https://openalex.org/W7138838972
Information Sciences,Elsevier,2026,2026-03-20,Coefficient estimates and distortion bounds for rabotnov functions with application to digital image warping,Stalin Thangamani; Deepika Chandru; Bilal Usanmaz; Murat Çağlar,745,,10.1016/j.ins.2026.123400,https://doi.org/10.1016/j.ins.2026.123400,article,Information Sciences,https://openalex.org/W7139008327
Information Sciences,Elsevier,2026,2026-03-20,Multi-source sensing adaptation for human behavior modeling in fabric space,Haodong Yi; Xiaokun Wu; Yixue Hao; Min Chen,745,,10.1016/j.ins.2026.123381,https://doi.org/10.1016/j.ins.2026.123381,article,Information Sciences,https://openalex.org/W7139086861
Information Sciences,Elsevier,2026,2026-03-21,A fault diagnosis model based on belief rule base with dynamic uncertainty,Haibo Li; Yue Han; Xiaoyao Zang; Jie Wang,745,,10.1016/j.ins.2026.123351,https://doi.org/10.1016/j.ins.2026.123351,article,Information Sciences,https://openalex.org/W7139992930
Information Sciences,Elsevier,2026,2026-03-21,Bridging training and merging through momentum-aware optimization,Alireza Moayedikia; Alicia Troncoso,745,,10.1016/j.ins.2026.123402,https://doi.org/10.1016/j.ins.2026.123402,article,Information Sciences,https://openalex.org/W7139988916
Information Sciences,Elsevier,2026,2026-03-21,Entropy-guided meta-learning defense against data poisoning attacks in blockchain-assisted federated learning,Waheeb Algethami; Guowei Wu; Faisal Alshami; Muhanna Ahmed Ali,745,,10.1016/j.ins.2026.123389,https://doi.org/10.1016/j.ins.2026.123389,article,Information Sciences,https://openalex.org/W7139991675
Information Sciences,Elsevier,2026,2026-03-21,Error localization in neural networks via the recursive luoshu magic square,Ziyuan Wang; Jianmin Luo,745,,10.1016/j.ins.2026.123384,https://doi.org/10.1016/j.ins.2026.123384,article,Information Sciences,https://openalex.org/W7139968077
Information Sciences,Elsevier,2026,2026-03-21,Predicting prostate cancer risks by a deep causal learning network from magnetic resonance imaging images,Li Liu; Shanshan Huang; Jiaxin Wu; Shu Wang; Shuang Qian; Lei Wang; Fayadh S. Alenezi; Di Zhang; Jun Liao; Kemal Polat; Qing Tao,745,,10.1016/j.ins.2026.123401,https://doi.org/10.1016/j.ins.2026.123401,article,Information Sciences,https://openalex.org/W7139972665
Information Sciences,Elsevier,2026,2026-03-21,Reasoning on the Basis of Type-3 fuzzy rules,Rafik Aziz Aliev; Rahib Hidayat Abiyev; Rafig Rashad Aliyev; Sanan Abizada,745,,10.1016/j.ins.2026.123376,https://doi.org/10.1016/j.ins.2026.123376,article,Information Sciences,https://openalex.org/W7139972805
Information Sciences,Elsevier,2026,2026-03-22,IFAGGING: Semantically weighted intuitionistic fuzzy aggregation for interpretable cascaded forecasting,Asiye Zuhal Baltaci; Özge Cağcağ Yolcu; Ufuk Yolcu; Ufuk Yolcu,745,,10.1016/j.ins.2026.123365,https://doi.org/10.1016/j.ins.2026.123365,article,Information Sciences,https://openalex.org/W7140036594
Information Sciences,Elsevier,2026,2026-03-22,Interpretable Gradient-Scored sparse polynomial network for seizure detection,Ying Yan; Jiaqi Zhu; Yongjuan Cao; Jun Cai; Shencun Fang; Shanjin Rong; Adrian David Cheok,745,,10.1016/j.ins.2026.123386,https://doi.org/10.1016/j.ins.2026.123386,article,Information Sciences,https://openalex.org/W7140030455
Information Sciences,Elsevier,2026,2026-03-23,Adaptive neural self-triggered secure control for nonlinear networked PDE-ODE systems subject to unknown deception attacks,Wenxin Zhang; Guangdeng Zong; Ben Niu; Xudong Zhao; Guangjing Song,745,,10.1016/j.ins.2026.123411,https://doi.org/10.1016/j.ins.2026.123411,article,Information Sciences,https://openalex.org/W7140126740
Information Sciences,Elsevier,2026,2026-03-23,Editorial Board,,740,,10.1016/s0020-0255(26)00325-7,https://doi.org/10.1016/s0020-0255(26)00325-7,paratext,Information Sciences,https://openalex.org/W7140127338
Information Sciences,Elsevier,2026,2026-03-23,Enhancing friend recommendations in combined social networks: A dynamic approach using label-aware riemannian residual neural networks,D. Premkumar; S. V. Sudha,747,,10.1016/j.ins.2026.123406,https://doi.org/10.1016/j.ins.2026.123406,article,Information Sciences,https://openalex.org/W7140146714
Information Sciences,Elsevier,2026,2026-03-23,Resilient and privacy-preserving distributed dynamic event-triggered secondary voltage control of islanded AC microgrids,Fuzhi Wang; Bin Yang; Xudong Zhao; Jun Zhao; Yang Xiao,745,,10.1016/j.ins.2026.123409,https://doi.org/10.1016/j.ins.2026.123409,article,Information Sciences,https://openalex.org/W7140128632
Information Sciences,Elsevier,2026,2026-03-23,Study on the correlated propagation mechanism of policy-triggered dual-topics,Fuzhong Nian; Ziyao Zhao; Li Luo,745,,10.1016/j.ins.2026.123403,https://doi.org/10.1016/j.ins.2026.123403,article,Information Sciences,https://openalex.org/W7140096351
Information Sciences,Elsevier,2026,2026-03-23,Traffic dynamics HD: A federated learning traffic flow prediction model inspired by high-definition image generation techniques,Rong Wang; Jun Yue; Qingwang Guo; Pingfeng Zhong; Chaolong Jia,745,,10.1016/j.ins.2026.123405,https://doi.org/10.1016/j.ins.2026.123405,article,Information Sciences,https://openalex.org/W7140131052
Information Sciences,Elsevier,2026,2026-03-24,An efficient directional charger placement scheme for RIS-assisted wireless sensor networks,Lei Guo; Yong Feng; Nianbo Liu; Yuan Wu; Yingna Li,745,,10.1016/j.ins.2026.123420,https://doi.org/10.1016/j.ins.2026.123420,article,Information Sciences,https://openalex.org/W7140232806
Information Sciences,Elsevier,2026,2026-03-24,An experimental comparison of the most popular approaches to fake news detection,Pietro Dell&apos;Oglio; Alessandro Bondielli; Francesco Marcelloni; Lucia C. Passaro,745,,10.1016/j.ins.2026.123407,https://doi.org/10.1016/j.ins.2026.123407,article,Information Sciences,https://openalex.org/W7140231479
Information Sciences,Elsevier,2026,2026-03-24,Invisible poisoning attack on recommender systems based on multi-view uniformity,Sijian Huang; Chaoqun Li; Liangxiao Jiang,745,,10.1016/j.ins.2026.123412,https://doi.org/10.1016/j.ins.2026.123412,article,Information Sciences,https://openalex.org/W7140185763
Information Sciences,Elsevier,2026,2026-03-24,MEMA-ConvLSTM: Spatiotemporal prediction via multi-scale autocorrelation memory and hierarchical fusion,Fang Yuan; Chengcai Leng; Huaiping Yan; Zhao Pei; Jinye Peng,745,,10.1016/j.ins.2026.123404,https://doi.org/10.1016/j.ins.2026.123404,article,Information Sciences,https://openalex.org/W7140131036
Information Sciences,Elsevier,2026,2026-03-24,Minimum-time set stabilization for state-based games,Qiliang Zhang; Shuxian Zhao; Jun‐e Feng; Biao Wang,745,,10.1016/j.ins.2026.123417,https://doi.org/10.1016/j.ins.2026.123417,article,Information Sciences,https://openalex.org/W7140160257
Information Sciences,Elsevier,2026,2026-03-24,Morlet-controlled parameter adaptive differential evolution with diversity-triggered restart for high-precision photovoltaic model parameter identification,Feifei Lin; Zhenyu Meng; Haibin Zhu,745,,10.1016/j.ins.2026.123415,https://doi.org/10.1016/j.ins.2026.123415,article,Information Sciences,https://openalex.org/W7140179256
Information Sciences,Elsevier,2026,2026-03-24,Spatio-temporal semantic alignment leveraging human structural priors for text-to-video person retrieval,Xingyu Meng; Canlong Zhang; Sheng Xie; Yuanlin Shi; Xiaochun Lu,745,,10.1016/j.ins.2026.123414,https://doi.org/10.1016/j.ins.2026.123414,article,Information Sciences,https://openalex.org/W7140194665
Information Sciences,Elsevier,2026,2026-03-24,Unsupervised bidirectional fuzzy rough feature selection using bi-level granular-ball adaptive K -nearest neighbors,Binbin Sang; Hongtao Gao; Lei Yang; Chengying Wu; Wentao Li; Weihua Xu,745,,10.1016/j.ins.2026.123416,https://doi.org/10.1016/j.ins.2026.123416,article,Information Sciences,https://openalex.org/W7140188787
Information Sciences,Elsevier,2026,2026-03-25,Cluster-guided adaptive multi-relational graph neural network for recommender systems,Jhansi Lakshmi Vigrahala; Abinash Pujahari,745,,10.1016/j.ins.2026.123418,https://doi.org/10.1016/j.ins.2026.123418,article,Information Sciences,https://openalex.org/W7140227967
Information Sciences,Elsevier,2026,2026-03-25,Dawid-Skene-model-based label-noise mitigation for federated learning,Jia Dong; Rui Zhu; Xinyi Shang; Jing‐Hao Xue,745,,10.1016/j.ins.2026.123425,https://doi.org/10.1016/j.ins.2026.123425,article,Information Sciences,https://openalex.org/W7140329545
Information Sciences,Elsevier,2026,2026-03-25,Optimal dynamic proxy deployment for performance enhancement in large-scale satellite internet of things,Yan Zhu; Ruiqi Xiong,745,,10.1016/j.ins.2026.123419,https://doi.org/10.1016/j.ins.2026.123419,article,Information Sciences,https://openalex.org/W7140283655
Information Sciences,Elsevier,2026,2026-03-25,Soft-label guided unsupervised feature selection with orthogonal anchor basis,Yulei Huang; Libo Liu,745,,10.1016/j.ins.2026.123422,https://doi.org/10.1016/j.ins.2026.123422,article,Information Sciences,https://openalex.org/W7140329085
Information Sciences,Elsevier,2026,2026-03-26,Attribute reduction for partially labeled hybrid data based on generalized granular-ball neighborhood rough set model and Student-t kernel,Zhaowen Li; Jing Sun; Guangming Xue; Yonghua Huang; Qingnian Li,745,,10.1016/j.ins.2026.123424,https://doi.org/10.1016/j.ins.2026.123424,article,Information Sciences,https://openalex.org/W7140457457
Information Sciences,Elsevier,2026,2026-03-26,Divided We Fall: Defending against adversarial attacks via soft-gated fractional mixture-of-experts with randomized adversarial training,Mohammad Meymani; Roozbeh Razavi-Far,745,,10.1016/j.ins.2026.123427,https://doi.org/10.1016/j.ins.2026.123427,article,Information Sciences,https://openalex.org/W7140530127
Information Sciences,Elsevier,2026,2026-03-26,General decay H ∞ lag projective synchronization of fractional-order memristive neural networks with or without parameters perturbation,Yanli Huang; Xianliang Lv,745,,10.1016/j.ins.2026.123426,https://doi.org/10.1016/j.ins.2026.123426,article,Information Sciences,https://openalex.org/W7140653683
Information Sciences,Elsevier,2026,2026-03-26,KOSS: Kalman-optimal selective state spaces for long-term sequence modeling,Lei Wang; Xin Tan; M W Wang; Ying Zhang,745,,10.1016/j.ins.2026.123421,https://doi.org/10.1016/j.ins.2026.123421,article,Information Sciences,https://openalex.org/W7140301503
Information Sciences,Elsevier,2026,2026-03-26,Multiscale deep stochastic configuration encoder-based fused magnesium furnace state recognition,Weitao Li; Ao Shen; Xinru Zhang; Kai Zhao; Zihao Wan,745,,10.1016/j.ins.2026.123410,https://doi.org/10.1016/j.ins.2026.123410,article,Information Sciences,https://openalex.org/W7140478402
Information Sciences,Elsevier,2026,2026-03-26,Resilient adaptive sliding mode control for a platoon of nonlinear connected vehicles with actuator attacks,Yingwen Zhang; Zhaoxia Peng; Guoguang Wen; Shichun Yang; Tingwen Huang,746,,10.1016/j.ins.2026.123408,https://doi.org/10.1016/j.ins.2026.123408,article,Information Sciences,https://openalex.org/W7140499064
Information Sciences,Elsevier,2026,2026-03-27,Decompositions and applications of interval tensors under interval M-product,Sarishti Singh; Jajati Keshari Sahoo,746,,10.1016/j.ins.2026.123433,https://doi.org/10.1016/j.ins.2026.123433,article,Information Sciences,https://openalex.org/W7141525948
Information Sciences,Elsevier,2026,2026-03-27,"E3-DoH: Enhanced evolutionary encryption for DNS-over-HTTPS, DNS-over-TLS, and DNS-over-QUIC",Basharat Ali; Guihai Chen,746,,10.1016/j.ins.2026.123430,https://doi.org/10.1016/j.ins.2026.123430,article,Information Sciences,https://openalex.org/W7141444657
Information Sciences,Elsevier,2026,2026-03-27,KMCS: Efficient and privacy-preserving k-core multi-attribute community search,Ziyang Zhong; Haiyong Bao; R.-R. Xie; Jiani Wu; Cheng Huang; Hong-Ning Dai,746,,10.1016/j.ins.2026.123432,https://doi.org/10.1016/j.ins.2026.123432,article,Information Sciences,https://openalex.org/W7141591482
Information Sciences,Elsevier,2026,2026-03-27,Lightweight and interpretable integrated diagnostic framework for skin lesion segmentation and classification,Wenlei Fan; Yuejin Zhang; Kejian Fu; Zheng Shen; Xinran Li; Xiong Li,745,,10.1016/j.ins.2026.123429,https://doi.org/10.1016/j.ins.2026.123429,article,Information Sciences,https://openalex.org/W7141493138
Information Sciences,Elsevier,2026,2026-03-27,TumorNet: A hybrid lightweight framework for brain tumor classification and reasoning,Hanxiang Wang; Muhammad Zaqeem; Muhammad Fayaz; Defu Qiu; Sajjad Ahadzadeh; Tan Nhat Nguyen; L.Minh Dang,746,,10.1016/j.ins.2026.123423,https://doi.org/10.1016/j.ins.2026.123423,article,Information Sciences,https://openalex.org/W7141017394
Information Sciences,Elsevier,2026,2026-03-28,"A scalable, approximate optimization approach for random forests under polytopic constraints",Marco Leonesio; Lorenzo Fagiano,746,,10.1016/j.ins.2026.123435,https://doi.org/10.1016/j.ins.2026.123435,article,Information Sciences,https://openalex.org/W7142492610
Information Sciences,Elsevier,2026,2026-03-28,Disruptive yet stealthy: Revealing vulnerabilities in QoS-aware cloud API recommender systems via surrogate diffusion poisoning,Zhen Chen; Zeyu Tan; Zijia Zhang; Wei Liu; Jiayin Feng,746,,10.1016/j.ins.2026.123431,https://doi.org/10.1016/j.ins.2026.123431,article,Information Sciences,https://openalex.org/W7142302496
Information Sciences,Elsevier,2026,2026-03-28,GCTKG: Group center for keyword search over knowledge graphs,Xiaoxiao Xie; Shengfei Shi; Kaiqi Zhang; Chao Yi,746,,10.1016/j.ins.2026.123438,https://doi.org/10.1016/j.ins.2026.123438,article,Information Sciences,https://openalex.org/W7142538990
Information Sciences,Elsevier,2026,2026-03-28,Multi-view clustering meets heterogeneous data: A fusion regularized method,Xiangru Xing; Yan Li; Xin Wang; Huangyue Chen; Xianchao Xiu,746,,10.1016/j.ins.2026.123439,https://doi.org/10.1016/j.ins.2026.123439,article,Information Sciences,https://openalex.org/W7141986134
Information Sciences,Elsevier,2026,2026-03-28,Robust zero-shot brain decoding via geometric inconsistency diagnosis and adaptive purification,Yi Xiao; Xuyi Qiao; Yu-Xuan Zhang; Xianchuan Yu,746,,10.1016/j.ins.2026.123428,https://doi.org/10.1016/j.ins.2026.123428,article,Information Sciences,https://openalex.org/W7142351089
Information Sciences,Elsevier,2026,2026-03-28,Temporal-preference-aware attention in latent diffusion for personalized POI recommendation,Yi Wu; Yingjie Bu,746,,10.1016/j.ins.2026.123434,https://doi.org/10.1016/j.ins.2026.123434,article,Information Sciences,https://openalex.org/W7142177091
Information Sciences,Elsevier,2026,2026-03-30,Frequent subgraph-based persistent homology for graph classification,Xinyang Chen; Xinyang Chen; Amaël Broustet; Guanyuan Zeng; Cheng He; Guoting Chen,746,,10.1016/j.ins.2026.123442,https://doi.org/10.1016/j.ins.2026.123442,article,Information Sciences,https://openalex.org/W7143529894
Information Sciences,Elsevier,2026,2026-03-31,A semantic-aware GNN malicious node detection framework via training-bias timing-sequence modeling over centralized federated learning,Chen Liang; Mingtao Liu; Thar Baker; LU LI; Yu-An Tan; Yuanzhang Li; Lu Liu; Hongyi Liu,746,,10.1016/j.ins.2026.123436,https://doi.org/10.1016/j.ins.2026.123436,article,Information Sciences,https://openalex.org/W7143880547
Information Sciences,Elsevier,2026,2026-03-31,A uni-factor cancelable palmprint recognition scheme with deep sight network and key-indexed template encoding mechanism,Md Sabuj Khan; Ting Zhong; Hengjian Li; Fan Zhou; Muhammad Zamir,747,,10.1016/j.ins.2026.123440,https://doi.org/10.1016/j.ins.2026.123440,article,Information Sciences,https://openalex.org/W7143822158
Information Sciences,Elsevier,2026,2026-03-31,FPS: Frequency-aware polynomial spectral reconstruction for dual-domain learning in long-term time series forecasting,SiBo Wen; Nan Wang; Rui Liu; RunZhe Wang; YingLi Zhong,747,,10.1016/j.ins.2026.123441,https://doi.org/10.1016/j.ins.2026.123441,article,Information Sciences,https://openalex.org/W7147494362
Information Sciences,Elsevier,2026,2026-03-31,Navigating the influence spread in social networks via an adaptive large neighborhood search optimization,Jianxin Tang; Xinyue Li; Junwei Fu; Lijun Liu; Chenshuo Li; Yabing Yao,746,,10.1016/j.ins.2026.123448,https://doi.org/10.1016/j.ins.2026.123448,article,Information Sciences,https://openalex.org/W7147087149
Information Sciences,Elsevier,2026,2026-03-31,ReForm-Net: Label reconstruction for high-precision detection of irregular steel surface defects,Dong Liu; Hao Liu; Jiuzhen Liang,748,,10.1016/j.ins.2026.123444,https://doi.org/10.1016/j.ins.2026.123444,article,Information Sciences,https://openalex.org/W7147595116
Information Sciences,Elsevier,2026,2026-03-31,Unifying heterophily and oversmoothing in graph neural networks via feature spectral diversity,Renbiao Wang; Di Jin; Zhizhi Yu,746,,10.1016/j.ins.2026.123437,https://doi.org/10.1016/j.ins.2026.123437,article,Information Sciences,https://openalex.org/W7144103599
Information Sciences,Elsevier,2026,2026-04-01,Dynamic control of discrete event systems with unreliable resources by Petri nets,Junjie Huang; Yang Si; Chengzong Li; Yufeng Chen; Zhiwu Li,747,,10.1016/j.ins.2026.123450,https://doi.org/10.1016/j.ins.2026.123450,article,Information Sciences,https://openalex.org/W7147416860
Information Sciences,Elsevier,2026,2026-04-01,MaTra4LS: Mamba-transformer dual-architecture for long and short-term interests fusion in sequential recommendation,Fengying Li; Yi Liang; Songze Li; Rongsheng Dong; Xiaolong Wang,746,,10.1016/j.ins.2026.123445,https://doi.org/10.1016/j.ins.2026.123445,article,Information Sciences,https://openalex.org/W7147026127
Information Sciences,Elsevier,2026,2026-04-01,NAFF-HNN: Node attention and feature fusion hypergraph neural network for remote sensing scene classification,Xinke Zhi; Xiaosheng Wu; Chaosheng Tang; Junding Sun; Zhaozhao Xu; Yuwen Wang; Shuihua Wang; Yudong Zhang,746,,10.1016/j.ins.2026.123443,https://doi.org/10.1016/j.ins.2026.123443,article,Information Sciences,https://openalex.org/W7147275765
Information Sciences,Elsevier,2026,2026-04-02,A unified deep learning framework for multi-scale spatio-temporal forecasting on dynamic graphs,Yunxia Li; Yuman Xu; Xiangyang He; Dan Zhu; Yichen Zhang; Jiquan Zhang,746,,10.1016/j.ins.2026.123413,https://doi.org/10.1016/j.ins.2026.123413,article,Information Sciences,https://openalex.org/W7147833933
Information Sciences,Elsevier,2026,2026-04-02,Multi-view consensus graph subspace clustering via embedding spatial information of features,Mingguang Shao; Zihan Yu; Jian Wang; Kai Zhang; Sergey Ablameyko,746,,10.1016/j.ins.2026.123457,https://doi.org/10.1016/j.ins.2026.123457,article,Information Sciences,https://openalex.org/W7148466451
Information Sciences,Elsevier,2026,2026-04-02,PCA-GRF: A novel granular random forest algorithm for enhancing classification of small sample data,Biyun Lan; Keshou Wu; Yumin Chen; Jinhai Li,746,,10.1016/j.ins.2026.123446,https://doi.org/10.1016/j.ins.2026.123446,article,Information Sciences,https://openalex.org/W7148363269
Information Sciences,Elsevier,2026,2026-04-03,"A material-aware, multi-modal synthetic dataset for smart city applications: Design and construction",Debora Russo; Domenico Amalfitano; Gerardo Di Martino; Nicola Mazzocca; Valeria Vittorini,747,,10.1016/j.ins.2026.123461,https://doi.org/10.1016/j.ins.2026.123461,article,Information Sciences,https://openalex.org/W7148585312
Information Sciences,Elsevier,2026,2026-04-03,A robust multi-label learning method based on missing label probability modeling,Xiaozhen Fu; Deyu Li; Yanhui Zhai; Yuhua Qian; Suge Wang,747,,10.1016/j.ins.2026.123459,https://doi.org/10.1016/j.ins.2026.123459,article,Information Sciences,https://openalex.org/W7148632742
Information Sciences,Elsevier,2026,2026-04-03,DM-SynTraj: A dual-module trajectory synthesis framework via tri-dimensional fusion and multi-stage optimization,Hui Wang; Kaibiao Wang; Kun Liu; Peiqian Liu,747,,10.1016/j.ins.2026.123467,https://doi.org/10.1016/j.ins.2026.123467,article,Information Sciences,https://openalex.org/W7148648532
Information Sciences,Elsevier,2026,2026-04-03,Directional mask-aware diffusion for coherent object-background editing,Xiangrui Chen; Qi Si; Bo Wang; Zhao Zhang; Xianming Ye; Yun Yang; Haijun Zhang; Meng Wang,747,,10.1016/j.ins.2026.123462,https://doi.org/10.1016/j.ins.2026.123462,article,Information Sciences,https://openalex.org/W7148684733
Information Sciences,Elsevier,2026,2026-04-03,HeliFed: A dual-helix framework for noise-robust federated learning,Fanfan Shen; Haoyu Dong; Chao XU; Zhiquan Liu; Jun Feng; Yanxiang He,747,,10.1016/j.ins.2026.123460,https://doi.org/10.1016/j.ins.2026.123460,article,Information Sciences,https://openalex.org/W7148705287
Information Sciences,Elsevier,2026,2026-04-04,Approximate optimal fast terminal sliding mode control for autonomous surface vessels subject to input constraints and uncertainties,Jianchun Liao; Bin Guo; Songyi Dian; Xiangai Miao; Ting Zheng,747,,10.1016/j.ins.2026.123466,https://doi.org/10.1016/j.ins.2026.123466,article,Information Sciences,https://openalex.org/W7149422291
Information Sciences,Elsevier,2026,2026-04-04,Bayesian-inspired non-negative matrix factorization with label propagation for multi-view clustering,Yipeng Wang; Ruiyang Wu; Xin Jin; Songtao Li; Chang Tang,747,,10.1016/j.ins.2026.123465,https://doi.org/10.1016/j.ins.2026.123465,article,Information Sciences,https://openalex.org/W7149459496
Information Sciences,Elsevier,2026,2026-04-04,GCA-DETR: Global-context-aware-based detection transformer,Zhenzhe Hechen; Mingliang Zhou; Xuekai Wei; Jun Luo; Sam Kwong,747,,10.1016/j.ins.2026.123468,https://doi.org/10.1016/j.ins.2026.123468,article,Information Sciences,https://openalex.org/W7149676021
Information Sciences,Elsevier,2026,2026-04-05,Knowledge-driven domain adaptation network for diverse hazy image generation,Trung-Hieu Le; Shih-Chia Huang,747,,10.1016/j.ins.2026.123469,https://doi.org/10.1016/j.ins.2026.123469,article,Information Sciences,https://openalex.org/W7150153545
Information Sciences,Elsevier,2026,2026-04-06,Approximating optimal μ-point distributions over a generalized sphere for Riesz s-energy using a gradient descent algorithm,Mahboubeh Nezhadmoghaddam; Julio Juárez; Jesús Guillermo Falcón-Cardona; Michael Emmerich; Andre H. Deutz,747,,10.1016/j.ins.2026.123470,https://doi.org/10.1016/j.ins.2026.123470,article,Information Sciences,https://openalex.org/W7150888171
Information Sciences,Elsevier,2026,2026-04-06,Federated surrogate-assisted evolutionary framework for distributed data-driven multiobjective optimization,Qianhui Ding; Wu Lin; Yinglan Feng; Lijia Ma; Ka-Chun Wong; Qiuzhen Lin; Jianqiang Li,747,,10.1016/j.ins.2026.123471,https://doi.org/10.1016/j.ins.2026.123471,article,Information Sciences,https://openalex.org/W7150851699
Information Sciences,Elsevier,2026,2026-04-06,Infrared dim and small target detection method based on orthogonal directional saliency and segmented weight assignment,Xin Li; Bingjian Wang; Weirong Yang; Dan Wang; Caihui Wang; Jia Li; Huan Li,748,,10.1016/j.ins.2026.123449,https://doi.org/10.1016/j.ins.2026.123449,article,Information Sciences,https://openalex.org/W7150174158
Information Sciences,Elsevier,2026,2026-04-07,A post-quantum hierarchical and adaptive LWE-based secret image sharing scheme with verifiable reconstruction,Kamna Sahu; Srinivasa KG; Satyanarayana Vollala,748,,10.1016/j.ins.2026.123478,https://doi.org/10.1016/j.ins.2026.123478,article,Information Sciences,https://openalex.org/W7151532611
Information Sciences,Elsevier,2026,2026-04-07,Irrelevant feature filtering module for deep multi-view generative clustering,Wei Zheng; Xiao‐Yuan Jing; Yongfang Yao; Wei Liu; Fei Wu; Changhui Hu; Ziyun Cai,747,,10.1016/j.ins.2026.123476,https://doi.org/10.1016/j.ins.2026.123476,article,Information Sciences,https://openalex.org/W7151372606
Information Sciences,Elsevier,2026,2026-04-07,Learning from easy to hard: Curriculum meta-learning for few-shot node classification,Qilong Yan; Weinan Guan; Yifei Xing; Jingpu Duan; Jian Yin,749,,10.1016/j.ins.2026.123473,https://doi.org/10.1016/j.ins.2026.123473,article,Information Sciences,https://openalex.org/W7151228911
Information Sciences,Elsevier,2026,2026-04-08,AiGAS-dEVL: An adaptive incremental neural gas model for drifting data streams under extreme verification latency,María Arostegi; Miren Nekane Bilbao; Jesús L. Lobo; Javier Del Ser,748,,10.1016/j.ins.2026.123477,https://doi.org/10.1016/j.ins.2026.123477,article,Information Sciences,https://openalex.org/W4400480491
Information Sciences,Elsevier,2026,2026-04-08,An adaptive large neighborhood search with dynamic exit reassignment for guided multi-story hospital fire evacuation,Li Zhou; Qu Wei; Yikun Yang; Ruisan Zhang; Hao Yu; Zhaoxia Guo; Kang Li,747,,10.1016/j.ins.2026.123475,https://doi.org/10.1016/j.ins.2026.123475,article,Information Sciences,https://openalex.org/W7151754542
Information Sciences,Elsevier,2026,2026-04-08,Fast and scalable sliding-window-based algorithms for mining frequent weighted utility patterns over dynamic quantitative data streams,Nguyen Le; Ham Nguyen; Minh Nguyen; Huong Bui; Bay Vo; Unil Yun,748,,10.1016/j.ins.2026.123488,https://doi.org/10.1016/j.ins.2026.123488,article,Information Sciences,https://openalex.org/W4403594132
Information Sciences,Elsevier,2026,2026-04-08,Frequency–spatial decoupled co-modeling transformer for fine-grained remote sensing image segmentation,Xin Li; Shangtuo Qian; Xin Lyu; Yongze Song; Fan Liu; Yiwei Fang; Zhennan Xu; André Kaup,747,,10.1016/j.ins.2026.123489,https://doi.org/10.1016/j.ins.2026.123489,article,Information Sciences,https://openalex.org/W7151847447
Information Sciences,Elsevier,2026,2026-04-08,Learning directed acyclic graphs via noising and denoising,Chaojie Ji; Jialin Nan; Hongyan Wu; Shiyun Wang; Ruxin Wang; Yankai Cao,747,,10.1016/j.ins.2026.123458,https://doi.org/10.1016/j.ins.2026.123458,article,Information Sciences,https://openalex.org/W7151807800
Information Sciences,Elsevier,2026,2026-04-08,Patch-HGST: Hierarchical graph spatio-temporal networks with data-driven adaptive patch partition for traffic prediction,Zhihong Wang; Wei Li; Junhui Jiang; Rahul Yadav; Xiaohua Jia; Moustafa Youssef,747,,10.1016/j.ins.2026.123486,https://doi.org/10.1016/j.ins.2026.123486,article,Information Sciences,https://openalex.org/W7151974815
Information Sciences,Elsevier,2026,2026-04-10,AnchorDiffusion: High-fidelity local image editing via anchor-SAM masks and dynamic noise fusion,Honggang Zhao; Beinan Zhang; Yu Tang; Yi-jun Yang; Wei Zeng,748,,10.1016/j.ins.2026.123487,https://doi.org/10.1016/j.ins.2026.123487,article,Information Sciences,https://openalex.org/W7153106470
Information Sciences,Elsevier,2026,2026-04-10,Editorial Board,,742,,10.1016/s0020-0255(26)00413-5,https://doi.org/10.1016/s0020-0255(26)00413-5,paratext,Information Sciences,https://openalex.org/W7152968835
Information Sciences,Elsevier,2026,2026-04-10,LogPDGMoE: Log anomaly detection method based on MoE with parallel dual-noise gating network,San Zhang; Shiliang Zhou; Yuhang Ma; Qianwen Ding; Chunfang Yang; Qian Du,748,,10.1016/j.ins.2026.123498,https://doi.org/10.1016/j.ins.2026.123498,article,Information Sciences,https://openalex.org/W4416977039
Information Sciences,Elsevier,2026,2026-04-11,Clustered stochastic gene circuits in dual-node heterogeneous systems: Adaptive learning strategies under a discrete spatio-temporal framework,Tianwei Zhang; Sufang Han,748,,10.1016/j.ins.2026.123499,https://doi.org/10.1016/j.ins.2026.123499,article,Information Sciences,https://openalex.org/W7153475951
Information Sciences,Elsevier,2026,2026-04-11,GCRdetector: Graph contrastive representation learning for urban anomaly detection,Xinghong Jiang; Changhao Shen; Baoming Yao; Shiyun Shao,748,,10.1016/j.ins.2026.123490,https://doi.org/10.1016/j.ins.2026.123490,article,Information Sciences,https://openalex.org/W7153636549
Information Sciences,Elsevier,2026,2026-04-11,Hierarchical social network-based cross-departmental group consensus reaching considering externality effect,Yuanyuan Fu; Decui Liang; Zeshui Xu,747,,10.1016/j.ins.2026.123491,https://doi.org/10.1016/j.ins.2026.123491,article,Information Sciences,https://openalex.org/W7153538043
Information Sciences,Elsevier,2026,2026-04-11,Learning multi-pattern collaboration in multivariate time series via patch-GCN and time-attention,Xinming Gong; Qianyang He; Junjie Ye; Yaqun Huang; Chunna Zhao,748,,10.1016/j.ins.2026.123474,https://doi.org/10.1016/j.ins.2026.123474,article,Information Sciences,https://openalex.org/W7153459272
Information Sciences,Elsevier,2026,2026-04-11,RHMGSA: Reinforcement learning-guided evolutionary search for critical node detection,Xiancheng Feng; Jingkun Fan; Chanjuan Liu; Enqiang Zhu; Witold Pedrycz,748,,10.1016/j.ins.2026.123492,https://doi.org/10.1016/j.ins.2026.123492,article,Information Sciences,https://openalex.org/W7153546111
Information Sciences,Elsevier,2026,2026-04-12,A collective-intelligence-driven parametric model for measuring and improving group performance,Fang Liu; Da-Hai Zhou; Xinyu Wei,748,,10.1016/j.ins.2026.123485,https://doi.org/10.1016/j.ins.2026.123485,article,Information Sciences,https://openalex.org/W7153810946
Information Sciences,Elsevier,2026,2026-04-12,A structure-aware multi-subspace granular-ball clustering framework,Yifan Wang; Lifeng Shen; Shuyin Xia,748,,10.1016/j.ins.2026.123472,https://doi.org/10.1016/j.ins.2026.123472,article,Information Sciences,https://openalex.org/W7153781485
Information Sciences,Elsevier,2026,2026-04-12,CI+KL: Confidence and divergence-guided aggregation with mixed-precision training for robust federated learning,Amit Kumar Upadhyay; Kapil Ahuja; Ramesh Dharavath,748,,10.1016/j.ins.2026.123496,https://doi.org/10.1016/j.ins.2026.123496,article,Information Sciences,https://openalex.org/W7153731151
Information Sciences,Elsevier,2026,2026-04-12,Hierarchical granular-ball graph pooling via feature–structure coupling,Jinyuan Ni; Long Chen; Gu Tang; Ning Yu; Wenyue Tang; Xiaoyin Yi; Shuyin Xia,748,,10.1016/j.ins.2026.123501,https://doi.org/10.1016/j.ins.2026.123501,article,Information Sciences,https://openalex.org/W7153875037
Information Sciences,Elsevier,2026,2026-04-12,Learning across modalities: Multi-scale contrastive forecasting with time-frequency representations and adversarial augmentations,Yangyang Shi; Qianqian Ren,748,,10.1016/j.ins.2026.123493,https://doi.org/10.1016/j.ins.2026.123493,article,Information Sciences,https://openalex.org/W7153788534
Information Sciences,Elsevier,2026,2026-04-12,Polarization emergence and analysis in the coevolution of opinions and actions via synchronous CODA modeling approach,Yiyi Zhao; Junyi Yang; Jianglin Dong; Kun Tang; Jiangping Hu,747,,10.1016/j.ins.2026.123494,https://doi.org/10.1016/j.ins.2026.123494,article,Information Sciences,https://openalex.org/W7153735924
Information Sciences,Elsevier,2026,2026-04-12,Taming model multiplicity: A unified framework for delay-FPT enumeration of smallest interpretable models,Zhigao Huang; Shifa Pan; Quanfa Li,748,,10.1016/j.ins.2026.123495,https://doi.org/10.1016/j.ins.2026.123495,article,Information Sciences,https://openalex.org/W7153851238
Information Sciences,Elsevier,2026,2026-04-12,UMIR: A user interest propagation recommendation algorithm based on multiple items,Na Zhao; Na Zhao; Zhen Long; Jianhong Hu; Liuyang Song; Zhidan Zhao; Jian Wang,748,,10.1016/j.ins.2026.123447,https://doi.org/10.1016/j.ins.2026.123447,article,Information Sciences,https://openalex.org/W7153783933
Information Sciences,Elsevier,2026,2026-04-12,Verification and enforcement of k-step mutual opacity of networked systems,Robia Arif; Gaiyun Liu; Abdulrahman M. Al-Ahmari; Zhiwu Li,748,,10.1016/j.ins.2026.123497,https://doi.org/10.1016/j.ins.2026.123497,article,Information Sciences,https://openalex.org/W7153874645
Information Sciences,Elsevier,2026,2026-04-13,Lightweight multi-client order-revealing encryption with limited leakage,Chunyang Lv; Jianfeng Wang; Shi-Feng Sun; Saiyu Qi; Chao Chen; Leo Yu Zhang; Kok‐Leong Ong,748,,10.1016/j.ins.2026.123503,https://doi.org/10.1016/j.ins.2026.123503,article,Information Sciences,https://openalex.org/W4409352174
Information Sciences,Elsevier,2026,2026-04-13,Similarity graph information fusion-based random walk for anomaly detection,Ye Zou; Shan Feng; Xiaoling Yang; Zhong Yuan,748,,10.1016/j.ins.2026.123504,https://doi.org/10.1016/j.ins.2026.123504,article,Information Sciences,https://openalex.org/W7154047598
Information Sciences,Elsevier,2026,2026-04-13,Towards reliable photovoltaic power interval forecasting: A novel cross-channel multi-scale fusion transformer with non-crossing multi-quantile learning,Kuizhuang Chen; Yaning Li; Jujie Wang,748,,10.1016/j.ins.2026.123505,https://doi.org/10.1016/j.ins.2026.123505,article,Information Sciences,https://openalex.org/W7154008145
Information Sciences,Elsevier,2026,2026-04-15,A discrete battlefield optimization algorithm (DBf) for optimal route recommendation with weighted multi-criteria preferences,Z K A Baizal; Agung Toto Wibowo; Putri Nurika Adila; Saskia Putri Ananda,748,,10.1016/j.ins.2026.123521,https://doi.org/10.1016/j.ins.2026.123521,article,Information Sciences,https://openalex.org/W7154512934
Information Sciences,Elsevier,2026,2026-04-15,A virtual node based zero-shot learning framework for link prediction in complex networks,Haotian Xie; Yang Pu; Yongqi Tan; Wei Yan,748,,10.1016/j.ins.2026.123522,https://doi.org/10.1016/j.ins.2026.123522,article,Information Sciences,https://openalex.org/W7154491489
Information Sciences,Elsevier,2026,2026-04-15,Adaptive anti-noise feature selection considering correlations between features based on interval-valued dominance relation,Yinliang Liu; Xiaoyan Zhang,749,,10.1016/j.ins.2026.123506,https://doi.org/10.1016/j.ins.2026.123506,article,Information Sciences,https://openalex.org/W7154502049
Information Sciences,Elsevier,2026,2026-04-15,Cross-dimensional synchronization for 3D simulation and 2D segmentation of real-time intravascular guidewires,Bin Chen; Haichao Xu; Jianhua Sun; Daile Jia; Yu Wang,749,,10.1016/j.ins.2026.123523,https://doi.org/10.1016/j.ins.2026.123523,article,Information Sciences,https://openalex.org/W7154506126
Information Sciences,Elsevier,2026,2026-04-15,"EA-THGN: Elastic, trajectory-aware graph learning for provenance-based APT detection",Maha H. ALotaibi; Abeer Alhuzali; Areej Alhothali; Marouane El Malhi,749,,10.1016/j.ins.2026.123518,https://doi.org/10.1016/j.ins.2026.123518,article,Information Sciences,https://openalex.org/W7154472210
Information Sciences,Elsevier,2026,2026-04-15,Editorial Board,,741,,10.1016/s0020-0255(26)00385-3,https://doi.org/10.1016/s0020-0255(26)00385-3,paratext,Information Sciences,https://openalex.org/W7154502367
Information Sciences,Elsevier,2026,2026-04-15,Finite-time guaranteed cost control for piecewise homogeneous generally bounded hidden Markov jump systems,Meng Xu; Quanxin Zhu,748,,10.1016/j.ins.2026.123519,https://doi.org/10.1016/j.ins.2026.123519,article,Information Sciences,https://openalex.org/W7154480546
Information Sciences,Elsevier,2026,2026-04-15,Keypoint-enhanced image watermarking with spatial-frequency mapping and perceptual optimization,Ying Huang; Na Guo; Fei Ge; Jie Liu; Guixuan Zhang; Zhi Zeng; Shuwu Zhang; Hu Guan,748,,10.1016/j.ins.2026.123500,https://doi.org/10.1016/j.ins.2026.123500,article,Information Sciences,https://openalex.org/W4415413013
Information Sciences,Elsevier,2026,2026-04-15,MO-CoERL: Multi-objective cooperative evolutionary deep reinforcement learning,Jonaid Shianifar; Michael Schukat; Karl Mason,748,,10.1016/j.ins.2026.123517,https://doi.org/10.1016/j.ins.2026.123517,article,Information Sciences,https://openalex.org/W7154480914
Information Sciences,Elsevier,2026,2026-04-15,Mosaic: Differentially private representation of density-based clustering results,Namil Kim; Incheol Baek; Changbeom Shim; Yon Dohn Chung,749,,10.1016/j.ins.2026.123524,https://doi.org/10.1016/j.ins.2026.123524,article,Information Sciences,https://openalex.org/W7154459172
Information Sciences,Elsevier,2026,2026-04-15,Petri net-driven expanding tent-sine chaotic keystream generator with adaptive token flow for image encryption,A. Mahadeer; R. Arulprakasam,748,,10.1016/j.ins.2026.123515,https://doi.org/10.1016/j.ins.2026.123515,article,Information Sciences,https://openalex.org/W7154497827
Information Sciences,Elsevier,2026,2026-04-15,PureRank: A parameter-free recursive importance measure for network nodes,Hiroyuki Masuyama,751,,10.1016/j.ins.2026.123507,https://doi.org/10.1016/j.ins.2026.123507,article,Information Sciences,https://openalex.org/W4406031372
Information Sciences,Elsevier,2026,2026-04-16,Decomposing preferences with a large language model for accurate and interpretable rating prediction,Ying Yang; Ying-ying Guo; Gang Ren,748,,10.1016/j.ins.2026.123525,https://doi.org/10.1016/j.ins.2026.123525,article,Information Sciences,https://openalex.org/W7154579634
Information Sciences,Elsevier,2026,2026-04-17,Editorial Board,,743,,10.1016/s0020-0255(26)00442-1,https://doi.org/10.1016/s0020-0255(26)00442-1,paratext,Information Sciences,https://openalex.org/W7154687898
Information Sciences,Elsevier,2026,2026-04-17,Global mean–centered correlation: A variance-reduced and theoretically grounded similarity measure for sparse data environments,Slamet Wiyono; Teguh Bharata Adji; Hanung Adi Nugroho; Sunu Wibirama,749,,10.1016/j.ins.2026.123502,https://doi.org/10.1016/j.ins.2026.123502,article,Information Sciences,https://openalex.org/W7154741096
Information Sciences,Elsevier,2026,2026-04-18,A cross-frequency iterative learning-based imputation and prediction model for industrial data with missing values,Junzhong Xie; Yonggang Li; Shulong Yin; Yuqian Zhao,749,,10.1016/j.ins.2026.123528,https://doi.org/10.1016/j.ins.2026.123528,article,Information Sciences,https://openalex.org/W7154836274
Information Sciences,Elsevier,2026,2026-04-18,Design and application of general circuits for solving matrix equation ∑i=0NAiXBi=C,Sichun Du; Bingqian Zhang; Pingdan Xiao; Zhengmiao Wei; Qinghui Hong,749,,10.1016/j.ins.2026.123526,https://doi.org/10.1016/j.ins.2026.123526,article,Information Sciences,https://openalex.org/W7154851692
Information Sciences,Elsevier,2026,2026-04-18,ILC-Q optimized hierarchical reinforcement learning for autonomous vehicle path planning,Meryem Hamidaoui; Mingchu Li; Mohamed Zakariya Talhaoui; Abdelkarim Smaili; Mohamed Amine Midoun,749,,10.1016/j.ins.2026.123520,https://doi.org/10.1016/j.ins.2026.123520,article,Information Sciences,https://openalex.org/W7154827634
Information Sciences,Elsevier,2026,2026-04-18,Li-Yorke chaos on fuzzy dynamical systems,Illych Álvarez; Antoni López-Martínez,749,,10.1016/j.ins.2026.123527,https://doi.org/10.1016/j.ins.2026.123527,article,Information Sciences,https://openalex.org/W4416245139
Information Sciences,Elsevier,2026,2026-04-18,Optimal mediation model and hybrid heuristic algorithm in graph model for conflict resolution from an option perspective,Jinmuzi Zhang; Haiyan Xu; Lu Chen; Witold Pedrycz,749,,10.1016/j.ins.2026.123530,https://doi.org/10.1016/j.ins.2026.123530,article,Information Sciences,https://openalex.org/W7154828710
Information Sciences,Elsevier,2026,2026-04-18,PICA: Interpretable imputation for randomly missing data,Tuan L. Vo; Uyên Đặng; Van Hua; Xuan Hoang Nguyen; T N P Nguyen; Bao Huynh,749,,10.1016/j.ins.2026.123532,https://doi.org/10.1016/j.ins.2026.123532,article,Information Sciences,https://openalex.org/W7154837386
Information Sciences,Elsevier,2026,2026-04-19,Multiple object tracker with integrated embedding-based optimization and occlusion-aware variants,Gonzalo Carretero; Juan Pedro Llerena; Luis Usero; Miguel Angel Patricio,749,,10.1016/j.ins.2026.123533,https://doi.org/10.1016/j.ins.2026.123533,article,Information Sciences,https://openalex.org/W4417040381
Information Sciences,Elsevier,2026,2026-04-19,Subgraph-level universal prompt tuning,Junhyun Lee; Wooseong Yang; Jaewoo Kang,749,,10.1016/j.ins.2026.123516,https://doi.org/10.1016/j.ins.2026.123516,article,Information Sciences,https://openalex.org/W4391940746
Information Sciences,Elsevier,2026,2026-04-20,"BILAYER-FL: Federated information fusion via bilayer graph regularization, polyphase consensus, and FD-based gradient squeezing",Koffka Khan,749,,10.1016/j.ins.2026.123536,https://doi.org/10.1016/j.ins.2026.123536,article,Information Sciences,https://openalex.org/W7155004386
Information Sciences,Elsevier,2026,2026-04-20,Exploring equivalent sparse optimal solutions of large-scale multi-modal multi-objective optimization problems using cooperative evolution,Shuai Shao; Ye Tian; Zhibin Gao; Xingyi Zhang,749,,10.1016/j.ins.2026.123539,https://doi.org/10.1016/j.ins.2026.123539,article,Information Sciences,https://openalex.org/W7154967419
Information Sciences,Elsevier,2026,2026-04-21,A lightweight feature selection method based on rankability,Lingping Kong; Juan Domingo Velasquez; Irina Perfilieva; Millie Pant; Jeng-Shyang Pan; Václav Snåšel,751,,10.1016/j.ins.2026.123543,https://doi.org/10.1016/j.ins.2026.123543,article,Information Sciences,https://openalex.org/W4388180265
Information Sciences,Elsevier,2026,2026-04-21,DASSD: Dynamic and adaptive subgroup set discovery with redundancy control,Aarón García; Guillermo Vigueras; Alfonso Mateos,749,,10.1016/j.ins.2026.123531,https://doi.org/10.1016/j.ins.2026.123531,article,Information Sciences,https://openalex.org/W7155094785
Information Sciences,Elsevier,2026,2026-04-21,DEA cross-projection method under multiple returns to scale and its application to urban energy utilization,Zhanxin Ma; Jie Yin,750,,10.1016/j.ins.2026.123542,https://doi.org/10.1016/j.ins.2026.123542,article,Information Sciences,https://openalex.org/W7155073410
Information Sciences,Elsevier,2026,2026-04-21,Facilitating heterogeneous sensor information cooperation in multi-agent perception system,Binyu Zhao; Wei Zhang; Zhaonian Zou,749,,10.1016/j.ins.2026.123529,https://doi.org/10.1016/j.ins.2026.123529,article,Information Sciences,https://openalex.org/W7155063867
Information Sciences,Elsevier,2026,2026-04-21,Fourier-optimal loss for distortion and time in non-stationary time series forecasting,Fedi Oueslati; Ali Ben Abbes; Vincent Barra,749,,10.1016/j.ins.2026.123535,https://doi.org/10.1016/j.ins.2026.123535,article,Information Sciences,https://openalex.org/W7155055840
Information Sciences,Elsevier,2026,2026-04-22,A framework for binary classification evaluation metrics,Mohammad Shirdel; Mario Di Mauro; Antonio Liotta,749,,10.1016/j.ins.2026.123540,https://doi.org/10.1016/j.ins.2026.123540,article,Information Sciences,https://openalex.org/W4416440120
Information Sciences,Elsevier,2026,2026-04-22,A large language model-driven internet of things framework for sustainable monitoring and analysis of photovoltaic systems,Yacine Boutana; Sofiane Haddad; Ammar Soukkou; Abdelhamid Rabhi; Mohamed Benghanem,749,,10.1016/j.ins.2026.123541,https://doi.org/10.1016/j.ins.2026.123541,article,Information Sciences,https://openalex.org/W7155200102
Information Sciences,Elsevier,2026,2026-04-22,Embedded fuzzy C-means joint row-sparse principal component analysis,Jikui Wang; Xiran Li; Yuqi Ma; Feifei Liu; Feiping Nie,749,,10.1016/j.ins.2026.123552,https://doi.org/10.1016/j.ins.2026.123552,article,Information Sciences,https://openalex.org/W7155208696
Information Sciences,Elsevier,2026,2026-04-22,Threshold functionalization and adaptive learning for three-way decisions with application to medical diagnosis,Xiaoxiao Chang; Bingzhen Sun; Yi-Xiang Wang; Jin Ye; Xiaoli Chu,749,,10.1016/j.ins.2026.123551,https://doi.org/10.1016/j.ins.2026.123551,article,Information Sciences,https://openalex.org/W7155183499
Information Sciences,Elsevier,2026,2026-04-23,Feature selection and double self-expressive tensor fusion for multi-view subspace clustering,Tianqi Zheng; Xiangcheng Li; Youming Sun; Jipeng Guo; Tianchuan Yang; Haiqiang Chen,749,,10.1016/j.ins.2026.123534,https://doi.org/10.1016/j.ins.2026.123534,article,Information Sciences,https://openalex.org/W7155351802
Information Sciences,Elsevier,2026,2026-04-24,Adaptive meta-path-based neural network architecture search for heterogeneous graphs,Xinsheng Li; Píetro Lió; Lintao Yang; Z.H. Ye; Chengbin Peng,751,,10.1016/j.ins.2026.123554,https://doi.org/10.1016/j.ins.2026.123554,article,Information Sciences,https://openalex.org/W4414327831
Information Sciences,Elsevier,2026,2026-04-24,Boosting algorithm framework for ensemble neural networks based on coordinate descent,Guanxiong He; Sheng Luo; Dengwei Gao; Feiping Nie; Guoxu Li,749,,10.1016/j.ins.2026.123559,https://doi.org/10.1016/j.ins.2026.123559,article,Information Sciences,https://openalex.org/W7155522621
Information Sciences,Elsevier,2026,2026-04-24,Dynamic spatiotemporal air quality modeling with local and sparse spatial fusion and structured temporal modeling,Guang Shi; Jiaxing Yu; Shukai Li; Kaibing Zhang; Dinghua Xue; Pengfang Li; Minna Xiao; Shuyun Yang,750,,10.1016/j.ins.2026.123560,https://doi.org/10.1016/j.ins.2026.123560,article,Information Sciences,https://openalex.org/W7155561079
Information Sciences,Elsevier,2026,2026-04-24,HFD: Hierarchical feature decoupling optimization for robust open-set noisy label learning,Hui Han; Xiaojun Li; Junping Yao; Yi Su; Wenjian Wang; Chengrong Dong; Yibo Jiao,749,,10.1016/j.ins.2026.123555,https://doi.org/10.1016/j.ins.2026.123555,article,Information Sciences,https://openalex.org/W7155548045
Information Sciences,Elsevier,2026,2026-04-24,Probability density estimation beyond the dichotomy Parametric/Non-Parametric methods,Andrea Murari; Riccardo Rossi; Ivan Wyss; Alessandro Puleio; Novella Rutigliano; Pasquale Del Gaudio; Michela Gelfusa,750,,10.1016/j.ins.2026.123538,https://doi.org/10.1016/j.ins.2026.123538,article,Information Sciences,https://openalex.org/W7155515786
Information Sciences,Elsevier,2026,2026-04-24,Revisiting finite Abelian hidden subgroup problem and its distributed exact quantum algorithm,Ziyuan Dong; Xiang Ning Fan; Tengxun Zhong; Daowen Qiu,750,,10.1016/j.ins.2026.123553,https://doi.org/10.1016/j.ins.2026.123553,article,Information Sciences,https://openalex.org/W7155561398
Information Sciences,Elsevier,2026,2026-04-25,A multi-scale deep scattering network for schizophrenia detection and deployment using EEG signals,A Rupesh Kumar; Abhijit Bhattacharyya,750,,10.1016/j.ins.2026.123561,https://doi.org/10.1016/j.ins.2026.123561,article,Information Sciences,https://openalex.org/W7155644810
Information Sciences,Elsevier,2026,2026-04-25,DDA-Net: Dynamic differential attention network for accurate pediatric pneumonia detection in chest radiographs,Shanshan Lin; Zhaoran Liu; Yizhi Cao; Yilin Liao,749,,10.1016/j.ins.2026.123537,https://doi.org/10.1016/j.ins.2026.123537,article,Information Sciences,https://openalex.org/W7155642670
Information Sciences,Elsevier,2026,2026-04-25,Editorial Board,,744,,10.1016/s0020-0255(26)00478-0,https://doi.org/10.1016/s0020-0255(26)00478-0,paratext,Information Sciences,https://openalex.org/W7155605989
Information Sciences,Elsevier,2026,2026-04-27,An enhanced interval slacks-based model to solve inverse DEA for estimating outputs,Atefeh Younesi; Farhad Hosseinzadeh Lotfı; Manuel Arana-Jiménez,750,,10.1016/j.ins.2026.123558,https://doi.org/10.1016/j.ins.2026.123558,article,Information Sciences,https://openalex.org/W7155946336
Information Sciences,Elsevier,2026,2026-04-27,Granular ball twin bounded support vector machine with generalized pinball loss,Nikita Grewal; S S Gupta; Sanjeev Kumar,751,,10.1016/j.ins.2026.123557,https://doi.org/10.1016/j.ins.2026.123557,article,Information Sciences,https://openalex.org/W7156260383
Information Sciences,Elsevier,2026,2026-04-28,Attention meets convolution: Dual-channel multi-view fusion network,Fu Zhao; Zihan Fang; Shide Du; Zhiling Cai; Hongju Cheng; Shiping Wang,752,,10.1016/j.ins.2026.123565,https://doi.org/10.1016/j.ins.2026.123565,article,Information Sciences,https://openalex.org/W7158882555
Information Sciences,Elsevier,2026,2026-04-28,Event-triggered formation control for nonlinear multi-agent systems subject to DoS attacks and actuator faults,Jianhui Wang; Jiarui Liu; Yonghua Li; Kairui Chen; Zhi Liu (165121); C.L.Philip Chen,751,,10.1016/j.ins.2026.123564,https://doi.org/10.1016/j.ins.2026.123564,article,Information Sciences,https://openalex.org/W7159621662
Information Sciences,Elsevier,2026,2026-04-28,KVA-GNN: Knowledge-syntactic fusion and view attention enhanced graph neural networks for aspect-based sentiment analysis,Xiangyu Zhu; Hongfang Gong; Yi-Xiang Wang,750,,10.1016/j.ins.2026.123563,https://doi.org/10.1016/j.ins.2026.123563,article,Information Sciences,https://openalex.org/W7156968850
Information Sciences,Elsevier,2026,2026-04-29,FAMG-DETR: A lightweight floating object detection framework based on morphology-guided and geometric calibration,Hong Shao; Shuo Wang; Wencheng Cui,751,,10.1016/j.ins.2026.123575,https://doi.org/10.1016/j.ins.2026.123575,article,Information Sciences,https://openalex.org/W7159789162
Information Sciences,Elsevier,2026,2026-04-29,Stabilizing higher-order self-organized operational neural networks via adaptive order-aware constraints for ECG-based myocardial infarction detection,Junming Zhang; Kuankuan Chen; Yushuai Wang; Ruxian Yao; Haitao Wu,750,,10.1016/j.ins.2026.123556,https://doi.org/10.1016/j.ins.2026.123556,article,Information Sciences,https://openalex.org/W7159828601
Information Sciences,Elsevier,2026,2026-04-30,Contrastive semi-supervised community detection with local-cluster pseudo-labels propagation,Peng Zhang; Xianyong Li; Junyu Nie; Yajun Du; Dong Huang; Yan-Li Lee; Jia Liu; Wenjun Liu; Xiaoliang Chen,751,,10.1016/j.ins.2026.123579,https://doi.org/10.1016/j.ins.2026.123579,article,Information Sciences,https://openalex.org/W7160092987
Information Sciences,Elsevier,2026,2026-04-30,DMRD-Net: Dual modality retinal diagnostic network with few shot episodic learning and XAI interpretability,Kuljeet Singh; Vivek Verma; Alphine PJ; Bosco Paul Alapatt; Megha Bhushan; José A. Galindo,751,,10.1016/j.ins.2026.123578,https://doi.org/10.1016/j.ins.2026.123578,article,Information Sciences,https://openalex.org/W7160016876
Information Sciences,Elsevier,2026,2026-04-30,Directed mixed membership stochastic blockmodel,Huan Qing; Jingli Wang,751,,10.1016/j.ins.2026.123577,https://doi.org/10.1016/j.ins.2026.123577,article,Information Sciences,https://openalex.org/W3209822247
Information Sciences,Elsevier,2026,2026-04-30,Evaluating complex-valued transformers based on various architectural parameters for image classification,Maryam Sabokpa; Nasser Mozayani; Morteza Garshasbi,751,,10.1016/j.ins.2026.123562,https://doi.org/10.1016/j.ins.2026.123562,article,Information Sciences,https://openalex.org/W7160155864
Information Sciences,Elsevier,2026,2026-04-30,Labeling financial data with artificial evolution: tracking stock market sentiment fluctuations,Krzysztof Pasterak,751,,10.1016/j.ins.2026.123581,https://doi.org/10.1016/j.ins.2026.123581,article,Information Sciences,https://openalex.org/W7160123686
Information Sciences,Elsevier,2026,2026-05-02,Editorial Board,,745,,10.1016/s0020-0255(26)00500-1,https://doi.org/10.1016/s0020-0255(26)00500-1,paratext,Information Sciences,https://openalex.org/W7160408214
Information Sciences,Elsevier,2026,2026-05-02,FAAM-SR: Frequency-adaptive attentive modeling for sequential recommendation,Tiantian Xu; Yiheng Shen; Zhenzhen Zhang,751,,10.1016/j.ins.2026.123580,https://doi.org/10.1016/j.ins.2026.123580,article,Information Sciences,https://openalex.org/W7160315349
Information Sciences,Elsevier,2026,2026-05-02,Iterative hypothesis generation for scientific discovery with Monte Carlo self-refining trees,Gollam Rabby; Diyana Muhammed; Prasenjit Mitra; Sören Auer,751,,10.1016/j.ins.2026.123576,https://doi.org/10.1016/j.ins.2026.123576,article,Information Sciences,https://openalex.org/W7160248519
Information Sciences,Elsevier,2026,2026-05-02,MD-STGCN: Dynamic topology and multi-scale temporal modeling for skeleton-based action recognition,Shiran Zhu; Ronghua Li; Henan Hu,752,,10.1016/j.ins.2026.123572,https://doi.org/10.1016/j.ins.2026.123572,article,Information Sciences,https://openalex.org/W7160372361
Information Sciences,Elsevier,2026,2026-05-03,Multidimensional risk analysis and prediction over digital twins via big data paradigms,Alfredo Cuzzocrea; Ismail Benlaredj,753,,10.1016/j.ins.2026.123582,https://doi.org/10.1016/j.ins.2026.123582,article,Information Sciences,https://openalex.org/W7160333753
Information Sciences,Elsevier,2026,2026-05-04,Adaptive representation learning framework for incomplete multi-view clustering,Yawen He; Mingjing Du,751,,10.1016/j.ins.2026.123588,https://doi.org/10.1016/j.ins.2026.123588,article,Information Sciences,https://openalex.org/W4414226325
Information Sciences,Elsevier,2026,2026-05-04,Data assimilation of epidemic spreading on higher-order networks via ensemble kalman filtering,Yuxuan Pan; Wenping Fan,751,,10.1016/j.ins.2026.123587,https://doi.org/10.1016/j.ins.2026.123587,article,Information Sciences,https://openalex.org/W7160210096
Information Sciences,Elsevier,2026,2026-05-04,RAG4VAD: A training-free retrieval-augmented generation framework for explainable video anomaly detection,Qiyue Sun; Yang Yang; Yunxia Liu; Hongjun Wang,753,,10.1016/j.ins.2026.123589,https://doi.org/10.1016/j.ins.2026.123589,article,Information Sciences,https://openalex.org/W7160237119
Information Sciences,Elsevier,2026,2026-05-05,MAF-RL: Multi-Source Actor-Critic fusion reinforcement learning for dynamic decision systems,Mehdi Hosseinzadeh; Rizwan Naqvi; Amir Masoud Rahmani; Gholamreza Zare; Pegah Malekpour Alamdari; Parisa Khoshvaght; Aso Darwesh; Thantrira Porntaveetus; Sang-Woong Lee,753,,10.1016/j.ins.2026.123585,https://doi.org/10.1016/j.ins.2026.123585,article,Information Sciences,https://openalex.org/W7160310459
Information Sciences,Elsevier,2026,2026-05-05,Object-semantic alignment across domains: Enhancing domain invariance of facial expression features for unsupervised domain adaptation,Kai Zou; Lianghai Jin; Xiangyang Xu; Enmin Song,752,,10.1016/j.ins.2026.123584,https://doi.org/10.1016/j.ins.2026.123584,article,Information Sciences,https://openalex.org/W4413885909
Information Sciences,Elsevier,2026,2026-05-05,Reinforcement learning path planning with A*-Initialized DDQN in dynamic and partially observable environments,Zimin Xu; Guangcheng Pang; Youyong Lai; 黄煜乾; Jianlei Zhang,752,,10.1016/j.ins.2026.123586,https://doi.org/10.1016/j.ins.2026.123586,article,Information Sciences,https://openalex.org/W7160332821
Information Sciences,Elsevier,2026,2026-05-06,A novel influence rank algorithm in complex networks,Xinbang Cheng; Jiafei Liu; Chia‐Wei Lee; Sun‐Yuan Hsieh; Jingli Wu; Gaoshi Li,752,,10.1016/j.ins.2026.123590,https://doi.org/10.1016/j.ins.2026.123590,article,Information Sciences,https://openalex.org/W7160382742
Information Sciences,Elsevier,2026,2026-05-06,Maximum satisfied experts consensus model with compromise limit feedback regulation under a social network,Gui-Hua Lin; Nian Liu; Jing Yang,752,,10.1016/j.ins.2026.123583,https://doi.org/10.1016/j.ins.2026.123583,article,Information Sciences,https://openalex.org/W7160441229
Information Sciences,Elsevier,2026,2026-05-06,RobCert: Certifying robustness of malicious PDF detection against structure-aware evasion attacks,Lijun Gao; Zheng Yan; Erol Gelenbe,752,,10.1016/j.ins.2026.123600,https://doi.org/10.1016/j.ins.2026.123600,article,Information Sciences,https://openalex.org/W7160380603
Information Sciences,Elsevier,2026,2026-05-06,STGFMamba: Spatio-temporal graph Fourier-enhanced Mamba for traffic prediction,Yu Han; Xinyuan Zhou; 卢芮伊; Zhiang Hou; Yao Ren; Wenwu Wang; Shiyong Lan,752,,10.1016/j.ins.2026.123601,https://doi.org/10.1016/j.ins.2026.123601,article,Information Sciences,https://openalex.org/W7160406979
Information Sciences,Elsevier,2026,2026-05-06,WAVe: Word-aligned verification of synthetic speech for ASR,Yuriy Perezhohin; Mauro Castelli,752,,10.1016/j.ins.2026.123591,https://doi.org/10.1016/j.ins.2026.123591,article,Information Sciences,https://openalex.org/W7160382906
Information Sciences,Elsevier,2026,2026-05-07,PFSC-Net: Physically-guided frequency-spatial-color fusion network for underwater image enhancement,Yongle Kan; Haiyan Du; Genji Yuan; Jinjiang Li,752,,10.1016/j.ins.2026.123608,https://doi.org/10.1016/j.ins.2026.123608,article,Information Sciences,https://openalex.org/W7160533587
Information Sciences,Elsevier,2026,2026-05-07,Pre-deployment and fine-tuning strategies of Wi-Fi for irregular coverage,Song Chen; Hai Liao; Yan Liang; Tu Liu; Fan Min,753,,10.1016/j.ins.2026.123605,https://doi.org/10.1016/j.ins.2026.123605,article,Information Sciences,https://openalex.org/W7160508180
Information Sciences,Elsevier,2026,2026-05-08,DFER-MVLP: A novel multimodal vision-language prompt learning framework for dynamic facial expression recognition,Na Li; Shenglei Liang; Jia Cui; Chenglei Yang; Meng Qi,753,,10.1016/j.ins.2026.123613,https://doi.org/10.1016/j.ins.2026.123613,article,Information Sciences,https://openalex.org/W7160604162
Information Sciences,Elsevier,2026,2026-05-08,Editorial Board,,746,,10.1016/s0020-0255(26)00526-8,https://doi.org/10.1016/s0020-0255(26)00526-8,paratext,Information Sciences,https://openalex.org/W7160628035
Information Sciences,Elsevier,2026,2026-05-08,Hierarchical surrogate-based frame skip optimization for multi-object tracking,Jaeseob Han; Hyunseo Park; Gyeong Ho Lee,753,,10.1016/j.ins.2026.123610,https://doi.org/10.1016/j.ins.2026.123610,article,Information Sciences,https://openalex.org/W7160667522
Information Sciences,Elsevier,2026,2026-05-09,A semi-supervised deep forest framework based on margin distribution optimization for tabular data,Shen-Huan Lyu; Jia-Le Xu; Yi-Xiao He; Yanyan Wang; Baoliu Ye; Qingfu Zhang,753,,10.1016/j.ins.2026.123615,https://doi.org/10.1016/j.ins.2026.123615,article,Information Sciences,https://openalex.org/W7160700301
Information Sciences,Elsevier,2026,2026-05-09,Adaptive two-dimensional time-frequency fusion network for non-independent and identically distributed multivariate time series forecasting,YiBin Zhao; Ang Bian; Peng Chen; Xi Li; Wujian Zhang; Xianhua Niu,753,,10.1016/j.ins.2026.123614,https://doi.org/10.1016/j.ins.2026.123614,article,Information Sciences,https://openalex.org/W7160711146
Information Sciences,Elsevier,2026,2026-05-09,GLPT: Global-local pyramid transformer for multivariate time series forecasting,Rui Zhou; Quanxi Feng; Haonan Wen; Zhao Deng; WU Ai; Gary G. Yen,753,,10.1016/j.ins.2026.123599,https://doi.org/10.1016/j.ins.2026.123599,article,Information Sciences,https://openalex.org/W7160698698
Information Sciences,Elsevier,2026,2026-05-09,Privacy-preserving collective reinforcement learning using fully homomorphic encryption in usage-based insurance,Xiaoqiang Sun; Zhiwei Sun; Ting Wang; Guangwu Hu; Zoe L. Jiang,753,,10.1016/j.ins.2026.123598,https://doi.org/10.1016/j.ins.2026.123598,article,Information Sciences,https://openalex.org/W7160692715
Information Sciences,Elsevier,2026,2026-05-09,Which is the organization’s next technology R&D partner? An approach based on the industry chain,Yu Yang; Jiang Wu; Yang Ding; Mengxi Yang; Yu Jin; Shouyang Wang,753,,10.1016/j.ins.2026.123618,https://doi.org/10.1016/j.ins.2026.123618,article,Information Sciences,https://openalex.org/W7160717427
Information Sciences,Elsevier,2026,2026-05-10,A Bi-Level structured decomposition algorithm for intelligent Multi-Factory scheduling with batch delivery,Fateme Marandi; Madjid Tavana; Ying Xie,753,,10.1016/j.ins.2026.123602,https://doi.org/10.1016/j.ins.2026.123602,article,Information Sciences,https://openalex.org/W7160772273
Information Sciences,Elsevier,2026,2026-05-12,Binocular dual attention interaction siamese network for diabetic retinopathy grading,Yanfei Guo; Yuncui Wang; Zhenhua ZHANG; Fei Ma; Jing Meng; Tuo Li; Xiaofeng Zou,753,,10.1016/j.ins.2026.123627,https://doi.org/10.1016/j.ins.2026.123627,article,Information Sciences,https://openalex.org/W7160896617
Information Sciences,Elsevier,2026,2026-05-12,ContQuat: Continuous quaternion representation for head pose estimation,Ahmed Abdu; Ji‐Hun Bae; Sungon Lee; Redhwan Algabri,753,,10.1016/j.ins.2026.123621,https://doi.org/10.1016/j.ins.2026.123621,article,Information Sciences,https://openalex.org/W7160824666
Information Sciences,Elsevier,2026,2026-05-12,Deep learning techniques in financial market risk management within the fundamental review of the trading book framework,L.M. García-Muñoz; J. Gunnesson; J. Elorza,753,,10.1016/j.ins.2026.123609,https://doi.org/10.1016/j.ins.2026.123609,article,Information Sciences,https://openalex.org/W7160916201
Information Sciences,Elsevier,2026,2026-05-12,Differential privacy strategies for data analytics in the banking sector,Daniela Morales Espinosa; Juan Pérez; Valérie Gauthier–Umaña,754,,10.1016/j.ins.2026.123606,https://doi.org/10.1016/j.ins.2026.123606,article,Information Sciences,https://openalex.org/W4414226329
Information Sciences,Elsevier,2026,2026-05-12,Double-incomplete multi-view clustering with self-induced semantic label diffusion,Zhikui Chen; Meng Liu; Liu Zhenjiao; Zhang Hong-wei; Liu Zhenjiao; Zhang Hong-wei; Liang Zhao,753,,10.1016/j.ins.2026.123626,https://doi.org/10.1016/j.ins.2026.123626,article,Information Sciences,https://openalex.org/W4409287070
Information Sciences,Elsevier,2026,2026-05-12,Event-based adaptive hierarchical fixed-time distributed control of uncertain cooperative manipulation,Zhengsheng Chen; Weihao Dou; Tenglong Huang,753,,10.1016/j.ins.2026.123607,https://doi.org/10.1016/j.ins.2026.123607,article,Information Sciences,https://openalex.org/W7160953244
Information Sciences,Elsevier,2026,2026-05-12,Multi-channel adaptive neural sheaf diffusion for multi-view semi-supervised learning,Zhiyuan Lai; Jiacheng Li; Lu Liu; Yiqing Shi; Shiping Wang,753,,10.1016/j.ins.2026.123612,https://doi.org/10.1016/j.ins.2026.123612,article,Information Sciences,https://openalex.org/W7160927235
Information Sciences,Elsevier,2026,2026-05-12,Multi-spatio-temporal information fusion neural network for traffic flow forecasting,Hongtao Li; Junhui Fu -; Haina Zhang; Wenzheng Liu; Shaolong Sun,753,,10.1016/j.ins.2026.123628,https://doi.org/10.1016/j.ins.2026.123628,article,Information Sciences,https://openalex.org/W7160899992
Information Sciences,Elsevier,2026,2026-05-12,Privacy-preserving federated learning via secret sharing and multi-key homomorphic encryption,Yuntao Wang; Fumiya Inoue; Yujie Gu; Xun Shen; Mingwu Zhang,753,,10.1016/j.ins.2026.123619,https://doi.org/10.1016/j.ins.2026.123619,article,Information Sciences,https://openalex.org/W7160845913
Information Sciences,Elsevier,2026,2026-05-13,Malware propagation dynamics in zero trust architecture: A physics-informed modeling and learning framework,Qian Chen; Yuan Liu; Jiabei Wang; Yongbin Zhou,753,,10.1016/j.ins.2026.123622,https://doi.org/10.1016/j.ins.2026.123622,article,Information Sciences,https://openalex.org/W7161051957
Information Sciences,Elsevier,2026,2026-05-13,PPLLA: Privacy-preserving attribute-based LLM authorization,Zhicheng Li; Jian Xu; Huiyang He; Hui Li; Qiang Wang; Fucai Zhou,753,,10.1016/j.ins.2026.123623,https://doi.org/10.1016/j.ins.2026.123623,article,Information Sciences,https://openalex.org/W7161086568
Information Sciences,Elsevier,2026,2026-05-13,Partial multi-label learning via feature manifold learning,Zan Zhang; Cheng Xu; Xiaohan Xu; Gongqing Wu,753,,10.1016/j.ins.2026.123616,https://doi.org/10.1016/j.ins.2026.123616,article,Information Sciences,https://openalex.org/W4415258438
Information Sciences,Elsevier,2026,2026-05-13,Structure-aware graph representation learning with multiplex topological potential,Dingge Liang; Meijun Zhong; JunPing Yin,753,,10.1016/j.ins.2026.123611,https://doi.org/10.1016/j.ins.2026.123611,article,Information Sciences,https://openalex.org/W4417277631
Information Sciences,Elsevier,2026,2026-05-14,Distributed H∞ filtering for stochastic nonlinear systems with two-channel hybrid attacks over sensor networks,Lei Zhang; Shuli Sun,753,,10.1016/j.ins.2026.123629,https://doi.org/10.1016/j.ins.2026.123629,article,Information Sciences,https://openalex.org/W7161126389
Information Sciences,Elsevier,2026,2026-05-14,LRAR: Luminance-ranking autoregressive for low-light image enhancement,Huan Gao; Yuntai Liao; Zongfang Ma; Wen Lu; Luze Jia; Qiguang Miao,753,,10.1016/j.ins.2026.123624,https://doi.org/10.1016/j.ins.2026.123624,article,Information Sciences,https://openalex.org/W7161119036
Information Sciences,Elsevier,2026,2026-05-14,SymbioNet: Neuro-symbolic learning with morphological attention for interpretable acute lymphoblastic leukemia classification,Muhammad Zaheer Sajid; Muhammad Fareed Hamid,753,,10.1016/j.ins.2026.123620,https://doi.org/10.1016/j.ins.2026.123620,article,Information Sciences,https://openalex.org/W7161170089
Information Sciences,Elsevier,2026,2026-05-15,Dual-representation of user’s preferences to enhance group recommendation,Yacine Mokthari; Grégory Smits,753,,10.1016/j.ins.2026.123637,https://doi.org/10.1016/j.ins.2026.123637,article,Information Sciences,https://openalex.org/W7161244539
Information Sciences,Elsevier,2026,2026-05-15,Editorial Board,,747,,10.1016/s0020-0255(26)00565-7,https://doi.org/10.1016/s0020-0255(26)00565-7,paratext,Information Sciences,https://openalex.org/W7161289510
Information Sciences,Elsevier,2026,2026-05-15,Fully- and semi-supervised hierarchical multi-label image classification with graph learning,Marjan Stoimchev; Boshko Koloski; Jurica Levatić; Dragi Kocev; Sašo Džeroski,754,,10.1016/j.ins.2026.123641,https://doi.org/10.1016/j.ins.2026.123641,article,Information Sciences,https://openalex.org/W7161292601
Information Sciences,Elsevier,2026,2026-05-15,GeCo: Towards effective GAN-based fashion compatibility modeling and retrieval,Matteo Attimonelli; Claudio Pomo; Dietmar Jannach; Tommaso Di Noia,753,,10.1016/j.ins.2026.123630,https://doi.org/10.1016/j.ins.2026.123630,article,Information Sciences,https://openalex.org/W7161231662
Information Sciences,Elsevier,2026,2026-05-15,Stability of McKean-Vlasov stochastic delayed neural networks with Lévy noise,Hongyan Tian; Quanxin Zhu,754,,10.1016/j.ins.2026.123625,https://doi.org/10.1016/j.ins.2026.123625,article,Information Sciences,https://openalex.org/W7161162696
Information Sciences,Elsevier,2026,2026-05-16,Distribution-aware sampling of replay buffer for mitigating catastrophic forgetting,Armaan Garg; Ansh Raj Sharma; Aryan Arora; Shilpa Verma,753,,10.1016/j.ins.2026.123640,https://doi.org/10.1016/j.ins.2026.123640,article,Information Sciences,https://openalex.org/W7161400620
Information Sciences,Elsevier,2026,2026-05-16,Dual-debiasing network for continual named entity recognition,Shengjie Qiu; Junhao Zheng; Zhenyuan Ma; Jianming Lv; Qianli Ma,753,,10.1016/j.ins.2026.123638,https://doi.org/10.1016/j.ins.2026.123638,article,Information Sciences,https://openalex.org/W7161413562
Information Sciences,Elsevier,2026,2026-05-16,Predefined-time control for 3-DOF parallel robotic manipulators using an orthogonal feedforward neural network,Anh Tuan Vo; Thanh Nguyen Truong; Ngoc Hoai An Nguyen; Ic‐Pyo Hong,753,,10.1016/j.ins.2026.123639,https://doi.org/10.1016/j.ins.2026.123639,article,Information Sciences,https://openalex.org/W7161390562
Information Sciences,Elsevier,2026,2026-05-18,Open-set long-tailed recognition via parallel feature fusion model for encrypted traffic classification,Taotao Liu; Yu Fu; Yishuai An; Min Ma,753,,10.1016/j.ins.2026.123646,https://doi.org/10.1016/j.ins.2026.123646,article,Information Sciences,https://openalex.org/W7161549741
Information Sciences,Elsevier,2026,2026-05-19,Decision-information explanations (DIxAI): A bottleneck approach to minimal sufficient interpretability,Haythem Ghazouani,753,,10.1016/j.ins.2026.123651,https://doi.org/10.1016/j.ins.2026.123651,article,Information Sciences,https://openalex.org/W7161691610
Information Sciences,Elsevier,2026,2026-05-19,MSTHH: A unified framework for asynchronous and heterogeneous multimodal traffic prediction,Zhihong Wang; Wei Li; Zhuoxuan Liang; Junhui Jiang; Xiaohua Jia; Moustafa Youssef,754,,10.1016/j.ins.2026.123652,https://doi.org/10.1016/j.ins.2026.123652,article,Information Sciences,https://openalex.org/W7161721685
Information Sciences,Elsevier,2026,2026-05-19,Robust prediction of massive short cloud workloads using online meta learning,Xuan Mo; Jialun Li; Sixing Chen; Danyang Xiao; Weigang Wu,753,,10.1016/j.ins.2026.123617,https://doi.org/10.1016/j.ins.2026.123617,article,Information Sciences,https://openalex.org/W7161695753
Information Sciences,Elsevier,2026,2026-05-19,TemSoGraph: Learning temporal social graphs for cyberbullying prediction,Wensi Jiang; Min Wang; Huadong Mo; Daoyi Dong; Yu Zhang; Wenjie Zhang,753,,10.1016/j.ins.2026.123650,https://doi.org/10.1016/j.ins.2026.123650,article,Information Sciences,https://openalex.org/W7161695717
Information Sciences,Elsevier,2026,2026-05-20,An adaptive mechanism for privacy–utility trade-off in federated learning,Peiqian Liu; Bingqing Chu; Zihao Shen; Hui Wang,753,,10.1016/j.ins.2026.123644,https://doi.org/10.1016/j.ins.2026.123644,article,Information Sciences,https://openalex.org/W7161752566
Information Sciences,Elsevier,2026,2026-05-20,CQED: Secure and efficient composite query processing over encrypted healthcare data,Haiyong Bao; Yu Zhang; Xinqi Tu; Sunyu Tian; Cheng Huang; Hong‐Ning Dai,753,,10.1016/j.ins.2026.123642,https://doi.org/10.1016/j.ins.2026.123642,article,Information Sciences,https://openalex.org/W7161798135
Information Sciences,Elsevier,2026,2026-05-20,Hierarchical reinforcement learning with cohesion-aware adaptive planning for large-scale multi-UAV coverage,Hu Yuan; Qiang Wang; Lijie Cui; Ziling Xu; Qi Li; Shengkai Yan,753,,10.1016/j.ins.2026.123660,https://doi.org/10.1016/j.ins.2026.123660,article,Information Sciences,https://openalex.org/W7161848492
Information Sciences,Elsevier,2026,2026-05-21,Adaptive multi-hop reasoning with type-aware calibration for process knowledge graph completion,Jiamei Feng; Wenbo Li; Xiaolong Zhao; Lei Yang; Bo Liu; Muhua Liu; Mingchuan Zhang,754,,10.1016/j.ins.2026.123643,https://doi.org/10.1016/j.ins.2026.123643,article,Information Sciences,https://openalex.org/W7161957021
Information Sciences,Elsevier,2026,2026-05-21,Generative pre-training for low-resource question answering: Integrating morphological constraints in assamese language modeling,Manash Pratim Lahkar; Tribikram Pradhan; Utpal Sharma,754,,10.1016/j.ins.2026.123645,https://doi.org/10.1016/j.ins.2026.123645,article,Information Sciences,https://openalex.org/W7162037317
Information Sciences,Elsevier,2026,2026-05-21,Physics-informed cross-coupled information flow modeling for spatiotemporal dynamical systems,Hangyi Yu; Hanqing Zhao; Yu Ling. Zhang; Lianlei Lin; Zongwei Zhang; Sheng Gao; Junkai Wang,753,,10.1016/j.ins.2026.123649,https://doi.org/10.1016/j.ins.2026.123649,article,Information Sciences,https://openalex.org/W7161949138
Information Sciences,Elsevier,2026,2026-05-22,A transductive learning-based method for vehicle routing problems using off-policy proximal policy optimization and hyperparameter optimization,Xiaobo Liu; Chin Soon Ku; Jing Yang; Roohallah Alizadehsani; Paweł Pławiak; Ryszard Tadeusiewicz; Qi Han; Uzair Aslam Bhatti; Lip Yee Por,754,,10.1016/j.ins.2026.123671,https://doi.org/10.1016/j.ins.2026.123671,article,Information Sciences,https://openalex.org/W7162071929
Information Sciences,Elsevier,2026,2026-05-22,Adaptive DeSeTra: Adaptive deformable-span self-attention transformer for LLM security,Konstantinos Giapantzis; Panagiotis Bountakas; Apostolis Zarras; Aristeidis Farao; Vaios Bolgouras; Christos Xenakis,754,,10.1016/j.ins.2026.123670,https://doi.org/10.1016/j.ins.2026.123670,article,Information Sciences,https://openalex.org/W7162094560
Information Sciences,Elsevier,2026,2026-05-22,AuraESG: A cognitive architecture for auditable ESG analysis through knowledge-infused causal reasoning and hybrid deliberation,Zuoshen Zhou; Shanxue Gao; Ziqi Wang,754,,10.1016/j.ins.2026.123647,https://doi.org/10.1016/j.ins.2026.123647,article,Information Sciences,https://openalex.org/W7162088143
Information Sciences,Elsevier,2026,2026-05-22,CC-DiT: A conditional cold diffusion transformer for retinal vessel segmentation,Xin Dai; Li Bing; Wenming Cao; Zhiwen Yu; Xiaofeng Chen,754,,10.1016/j.ins.2026.123668,https://doi.org/10.1016/j.ins.2026.123668,article,Information Sciences,https://openalex.org/W7162067125
Information Sciences,Elsevier,2026,2026-05-22,Design of interval type-2 Takagi-Sugeno-Kang fuzzy neural network system based on hybrid algorithms,Zheng Lulu; Chen Yang,754,,10.1016/j.ins.2026.123665,https://doi.org/10.1016/j.ins.2026.123665,article,Information Sciences,https://openalex.org/W7162068789
Information Sciences,Elsevier,2026,2026-05-22,Editorial Board,,748,,10.1016/s0020-0255(26)00587-6,https://doi.org/10.1016/s0020-0255(26)00587-6,paratext,Information Sciences,https://openalex.org/W7161967122
Information Sciences,Elsevier,2026,2026-05-22,Generic motion planning for multi-locomotion autonomous vehicles: A spatio-temporal decoupling framework to accommodate multiple maneuvering modes,Yuan Chang; Zeyu Yang; Manjiang Hu; Xianfeng Wang; Yougang Bian; Chengqi Long; Jianghua Feng,754,,10.1016/j.ins.2026.123675,https://doi.org/10.1016/j.ins.2026.123675,article,Information Sciences,https://openalex.org/W7162138227
Information Sciences,Elsevier,2026,2026-05-22,HGD-Net: HVI-decoupled hybrid generative–discriminative network for low-light image enhancement,Wenbin Shi; Wenyao Tian; Zihao Huang; Jingsheng Lei,754,,10.1016/j.ins.2026.123666,https://doi.org/10.1016/j.ins.2026.123666,article,Information Sciences,https://openalex.org/W7162080151
Information Sciences,Elsevier,2026,2026-05-23,CoDe-CLIP: Contrastive decoupling for zero-shot industrial anomaly detection,Kaiwen Wang; Hao Liu; Jiuzhen Liang; Yachao Li; Fan Wu; Yang Cheng; Zhikai Wang,754,,10.1016/j.ins.2026.123682,https://doi.org/10.1016/j.ins.2026.123682,article,Information Sciences,https://openalex.org/W7162204569
Information Sciences,Elsevier,2026,2026-05-23,Dual event-triggered intermittent synchronization for complex dynamic networks with time delay under hybrid attacks,Shuaipeng Chang; Chunyan Wang; Yuechao Ma,754,,10.1016/j.ins.2026.123664,https://doi.org/10.1016/j.ins.2026.123664,article,Information Sciences,https://openalex.org/W7162200434
Information Sciences,Elsevier,2026,2026-05-23,Federated few-shot learning with explainable prototype representations for tuberculosis detection in chest X-rays,Safa Ben Atitallah; Maha Driss; Wadii Boulila; Anis Koubâa,754,,10.1016/j.ins.2026.123669,https://doi.org/10.1016/j.ins.2026.123669,article,Information Sciences,https://openalex.org/W7162184300
Information Sciences,Elsevier,2026,2026-05-23,General OG-functions and their application to optimized pooling in convolutional neural networks,Xiaofeng Wen; Yaoyao Fan; Hang Xiao; Pengkun Liu; Fuchun Sun; Xi Zhang; Eunsuk Yang; Lingbo Zhang,754,,10.1016/j.ins.2026.123673,https://doi.org/10.1016/j.ins.2026.123673,article,Information Sciences,https://openalex.org/W7162186882
Information Sciences,Elsevier,2026,2026-05-23,MOMA: multi-expert framework with missing pattern awareness for rectal cancer neoadjuvant therapy,Kehan Wang; Wenbo Wang; Yucong Lin; Kailun Fei; Bowen Liu; Danni Ai; Jingfan Fan; Tianyu Fu; Deqiang Xiao; Jingtao Li; Hong Song; Jie Yang,754,,10.1016/j.ins.2026.123663,https://doi.org/10.1016/j.ins.2026.123663,article,Information Sciences,https://openalex.org/W7162207113
Information Sciences,Elsevier,2026,2026-05-25,CUP-EV: Hybrid DLinear-based cost and uncertainty-aware probabilistic multi-horizon electric vehicle charging forecasting,Muhammad Waqar; Yong‐Woon Kim; Yung-Cheol Byun,754,,10.1016/j.ins.2026.123681,https://doi.org/10.1016/j.ins.2026.123681,article,Information Sciences,https://openalex.org/W7162340405
Information Sciences,Elsevier,2026,2026-05-25,Data-driven optimal formation control of multiple quad-rotors via integral reinforcement learning strategy: An approach of linear quadratic tracking,Truong Minh Ngo; Gia Khiem Dinh; Phuong Nam Dao,754,,10.1016/j.ins.2026.123678,https://doi.org/10.1016/j.ins.2026.123678,article,Information Sciences,https://openalex.org/W7162285364
Information Sciences,Elsevier,2026,2026-05-25,FwTransCNN: fusing transformer and CNN based on fuzzy learning and wavelet for medical image segmentation,Shuguang Wu; Weiping Ding; Tengyu Yin,754,,10.1016/j.ins.2026.123667,https://doi.org/10.1016/j.ins.2026.123667,article,Information Sciences,https://openalex.org/W7162239690
Information Sciences,Elsevier,2026,2026-05-25,ID-based aggregate signcryption with re-encryption for secure UAV networks,Jae Hyun Choi; Ik Rae Jeong; Jin Wook Byun,754,,10.1016/j.ins.2026.123676,https://doi.org/10.1016/j.ins.2026.123676,article,Information Sciences,https://openalex.org/W7162316940
Information Sciences,Elsevier,2026,2026-05-25,MaskAttack: A black-box local adversarial attack on facial recognition based on dynamic adaptation and partition weighting,Xinsong Wang; Guoyin Ren; Dong Li; Chonghao Fan; Xinyu Yang; Xinyi Liu; Qi Liu; Xin Liu,754,,10.1016/j.ins.2026.123684,https://doi.org/10.1016/j.ins.2026.123684,article,Information Sciences,https://openalex.org/W7162293778
Information Sciences,Elsevier,2026,2026-05-25,Multi-target tracking employing Star-shaped Line Array Sonar (SLAS) systems in 3D cluttered environments,Jonghoek Kim,754,,10.1016/j.ins.2026.123672,https://doi.org/10.1016/j.ins.2026.123672,article,Information Sciences,https://openalex.org/W7162305635
Information Sciences,Elsevier,2026,2026-05-25,Multi-view soft contrastive learning for personalized recommendation,Nan Che; F L Li; Yue Zhao; Song Wang; Zhijun Li,754,,10.1016/j.ins.2026.123683,https://doi.org/10.1016/j.ins.2026.123683,article,Information Sciences,https://openalex.org/W4403329052
Information Sciences,Elsevier,2026,2026-05-26,A group cooperative evolutionary algorithm with dual-space clustering for constrained multimodal multiobjective optimization,Mingliang Wu; Dongsheng Yang; Si Li,754,,10.1016/j.ins.2026.123648,https://doi.org/10.1016/j.ins.2026.123648,article,Information Sciences,https://openalex.org/W7162407005
Information Sciences,Elsevier,2026,2026-05-26,A leakage-type adaptive robust control method for collaborative robot joints with fuzzy uncertainty: trajectory constraints and parameter optimization,Shengchao Zhen; WenXing Ye; Xiaoli Liu,754,,10.1016/j.ins.2026.123674,https://doi.org/10.1016/j.ins.2026.123674,article,Information Sciences,https://openalex.org/W7162470496
Information Sciences,Elsevier,2026,2026-05-26,Conditional reasoning with Z-number-valued if-then rules,Rafik Aziz Aliev; Akif Vali Alizadeh; Oleg H. Huseynov; Rafig Rashad Aliyev,754,,10.1016/j.ins.2026.123685,https://doi.org/10.1016/j.ins.2026.123685,article,Information Sciences,https://openalex.org/W7162472363
Information Sciences,Elsevier,2026,2026-05-26,Graph/Network reduction based on communicability vertex similarity. A heuristic approach,Darian Horacio Grass-Boada; Rodrigo de la Nuez; Ernesto Estrada,754,,10.1016/j.ins.2026.123679,https://doi.org/10.1016/j.ins.2026.123679,article,Information Sciences,https://openalex.org/W7162397608
Information Sciences,Elsevier,2026,2026-05-26,Semantic enhancement or regularization? Disentangling performance gains in auxiliary feature-aware recommendation systems,Abhradeep Datta; Varun Tej Kasula; Ashok Singh Sairam,754,,10.1016/j.ins.2026.123677,https://doi.org/10.1016/j.ins.2026.123677,article,Information Sciences,https://openalex.org/W7162404597
Information Sciences,Elsevier,2026,2026-05-27,Fuzzy relational Galois connections: the final frontier,I.P. Cabrera; P. Cordero; E. Muñoz-Velasco; M. Ojeda-Aciego; B. de Baets,754,,10.1016/j.ins.2026.123686,https://doi.org/10.1016/j.ins.2026.123686,article,Information Sciences,https://openalex.org/W7162529580
Information Sciences,Elsevier,2026,2026-05-27,SASE-HR: A Markovian cascading-failure model for cyber–physical power systems,Xing Wu; Shuai Mao; Chensheng Liu,754,,10.1016/j.ins.2026.123680,https://doi.org/10.1016/j.ins.2026.123680,article,Information Sciences,https://openalex.org/W7162491844
Information Sciences,Elsevier,2026,2026-05-27,Semantic attention and progressive training for image authenticity assessment and tampered region highlighting,Yi Ren; Bo Wang; Qi Si; Yang Zhao; Zhongqiu Zhao; Zhao Zhang,754,,10.1016/j.ins.2026.123699,https://doi.org/10.1016/j.ins.2026.123699,article,Information Sciences,https://openalex.org/W7162492682
Information Sciences,Elsevier,2026,2026-05-29,A structure-aware and explainable approach to website fingerprinting using graph neural networks,Zulu Okonkwo; Ernest Foo; Zhe Hou; Qinyi Li; Zahra Jadidi,754,,10.1016/j.ins.2026.123703,https://doi.org/10.1016/j.ins.2026.123703,article,Information Sciences,https://openalex.org/W7162809530
Information Sciences,Elsevier,2026,2026-05-29,Editorial Board,,749,,10.1016/s0020-0255(26)00621-3,https://doi.org/10.1016/s0020-0255(26)00621-3,paratext,Information Sciences,https://openalex.org/W7162792598
Information Sciences,Elsevier,2026,2026-05-29,Enhancing classifier evaluation: A difficulty-aware benchmarking strategy based on ability and robustness,Lucas Felipe Ferraro Cardoso; Vitor Cirilo Araujo Santos; José de Sousa Ribeiro Filho; Regiane S. Kawasaki Francês; Ricardo B. C. Prudêncio; Ronnie Cley de Oliveira Alves,754,,10.1016/j.ins.2026.123697,https://doi.org/10.1016/j.ins.2026.123697,article,Information Sciences,https://openalex.org/W7162769724
Information Sciences,Elsevier,2026,2026-05-29,On the definition of median for a random interval,Olaya González-Campos; Raúl Pérez‐Fernández; Enrique Miranda,754,,10.1016/j.ins.2026.123698,https://doi.org/10.1016/j.ins.2026.123698,article,Information Sciences,https://openalex.org/W7162768140
Information Sciences,Elsevier,2026,2026-05-29,Recovering link-weight structure in complex networks with weight-aware walks,Adilson Vital; Filipi N. Silva; Diego Amancio,754,,10.1016/j.ins.2026.123702,https://doi.org/10.1016/j.ins.2026.123702,article,Information Sciences,https://openalex.org/W7162808524
Information Sciences,Elsevier,2026,2026-05-29,Secure state estimation with encryption detectors for cyber-physical systems,Lexin Chen; Liwei An,754,,10.1016/j.ins.2026.123694,https://doi.org/10.1016/j.ins.2026.123694,article,Information Sciences,https://openalex.org/W7162767352
Information Sciences,Elsevier,2026,2026-05-29,Shared and cross-view confidence guided multi-view density peak clustering,Wenbin Gao; Hua Meng; Zhengchun Zhou; Zhiguo Long,754,,10.1016/j.ins.2026.123706,https://doi.org/10.1016/j.ins.2026.123706,article,Information Sciences,https://openalex.org/W7162786047
Information Sciences,Elsevier,2026,2026-05-29,Trust-aware representation learning and triple-robust consensus for large-scale group decision-making,Wenhui Bai; Chao Zhang; Yanhui Zhai; Weiping Ding; Dan Li,754,,10.1016/j.ins.2026.123696,https://doi.org/10.1016/j.ins.2026.123696,article,Information Sciences,https://openalex.org/W7162759600
Information Sciences,Elsevier,2026,2026-05-30,ACTSD: An adaptive compression algorithm for multi-dimensional time series data,Liang Liu; Ziyi Zheng; Haolong Chen; Wenjing Wang; Keyue Yang,754,,10.1016/j.ins.2026.123710,https://doi.org/10.1016/j.ins.2026.123710,article,Information Sciences,https://openalex.org/W7162871356
Information Sciences,Elsevier,2026,2026-05-30,Attribute-calibrated local embeddings for prompt learning in vision-language models,Zhongchen Ma; Jiahao Song; Xingchen Wu; Yintong Wang; Lijian Gao,754,,10.1016/j.ins.2026.123707,https://doi.org/10.1016/j.ins.2026.123707,article,Information Sciences,https://openalex.org/W7162864764
Information Sciences,Elsevier,2026,2026-05-30,Determination of steady states in generalized MAX and MIN multivalued networks,Juan A. Aledo; Jose P. Llano; Leila Sharifan; José C. Valverde,754,,10.1016/j.ins.2026.123709,https://doi.org/10.1016/j.ins.2026.123709,article,Information Sciences,https://openalex.org/W7162869233
Information Sciences,Elsevier,2026,2026-06-01,AICC: Air-combat intention-consistent coordination for cooperative UAV swarms,Mingwei Zhao; Junwu Zhu; Mingxuan Liang; Yuanyuan Zhang; Die Ge; Xu Liu,754,,10.1016/j.ins.2026.123723,https://doi.org/10.1016/j.ins.2026.123723,article,Information Sciences,https://openalex.org/W7163034428
Information Sciences,Elsevier,2026,2026-06-01,CMFA-Net: Cross-modality fused attention network for multimodal aerial scene classification,Muhammad Zaheer Sajid; Muhammad Fareed Hamid,754,,10.1016/j.ins.2026.123713,https://doi.org/10.1016/j.ins.2026.123713,article,Information Sciences,https://openalex.org/W7163009549
Information Sciences,Elsevier,2026,2026-06-01,Clustering validation based on cluster purity test,Xinying Liu; Simeng Zhang; Jun Lou; Mudi Jiang; Zengyou He,754,,10.1016/j.ins.2026.123705,https://doi.org/10.1016/j.ins.2026.123705,article,Information Sciences,https://openalex.org/W7163023866
Information Sciences,Elsevier,2026,2026-06-01,Dual disturbance observer based practical prescribed-time filtering backstepping tracking control for WMRs under mismatched conditions,Shun An; Mingjian Zhang; Yang Liu; Yan He; Longjin Wang,754,,10.1016/j.ins.2026.123708,https://doi.org/10.1016/j.ins.2026.123708,article,Information Sciences,https://openalex.org/W7163043523
Information Sciences,Elsevier,2026,2026-06-01,Feature disentanglement in speech separation with channel-temporal fusion attention and dual-domain prototypes,Meng Zhang; Yina Guo; Hong Shangguan; Xin Liu,754,,10.1016/j.ins.2026.123695,https://doi.org/10.1016/j.ins.2026.123695,article,Information Sciences,https://openalex.org/W7163043243
Information Sciences,Elsevier,2026,2026-06-01,Granular-ball-driven knowledge acquisition and information fusion via PROMETHEE in multi-source information systems,Lingwei Wei; Weirui Ye; Weihua Xu; Shuyin Xia,754,,10.1016/j.ins.2026.123712,https://doi.org/10.1016/j.ins.2026.123712,article,Information Sciences,https://openalex.org/W7163041419
Information Sciences,Elsevier,2026,2026-06-02,Multi-vehicle multi-modal trajectory prediction on highways using physics-guided spatio-temporal neural ordinary differential equations,Hongtao Li; Wenzheng Liu; Haina Zhang; Haijun Li; Zhipeng Huang; Shaolong Sun,754,,10.1016/j.ins.2026.123725,https://doi.org/10.1016/j.ins.2026.123725,article,Information Sciences,https://openalex.org/W7163141053
Information Sciences,Elsevier,2026,2026-06-02,SDAE: Similarity-guided dual-masking feature level multi-class anomaly explanation for cluster-based models on data streams,Bin Li; Cheng Li; Jingtao Qi; Haoxiang Jin,754,,10.1016/j.ins.2026.123704,https://doi.org/10.1016/j.ins.2026.123704,article,Information Sciences,https://openalex.org/W7163223638
Information Sciences,Elsevier,2026,2026-06-03,Dynamic event-triggered performance control for heterogeneous multi-agent systems under DoS attacks and its application,Guoqiang Zhu; Bing Tian; Xiuyu Zhang; Chunyi Su,754,,10.1016/j.ins.2026.123740,https://doi.org/10.1016/j.ins.2026.123740,article,Information Sciences,https://openalex.org/W7163412818
Information Sciences,Elsevier,2026,2026-06-03,Editorial Board,,750,,10.1016/s0020-0255(26)00649-3,https://doi.org/10.1016/s0020-0255(26)00649-3,paratext,Information Sciences,https://openalex.org/W7163345762
Information Sciences,Elsevier,2026,2026-06-03,FGDNet: Frequency-domain guided degradation-aware network for object detection in adverse weather,Yingjun Wang; Shuxin Zhang; Xiaopeng Yang; Deguang Li; Zheng Liang; Wenyi Zhao; Weidong Zhang,754,,10.1016/j.ins.2026.123743,https://doi.org/10.1016/j.ins.2026.123743,article,Information Sciences,https://openalex.org/W7163343809
Information Sciences,Elsevier,2026,2026-06-03,Finite-time consensus for nonlinear uncertain PDE multi-agent systems with time-varying delays via boundary control,Changjun Li; Han-Yu Wu; Chengdong Yang; Qingshan Liu; Jinde Cao; Tianhu Yu,754,,10.1016/j.ins.2026.123736,https://doi.org/10.1016/j.ins.2026.123736,article,Information Sciences,https://openalex.org/W7163128257
Information Sciences,Elsevier,2026,2026-06-04,Editorial Board,,751,,10.1016/s0020-0255(26)00660-2,https://doi.org/10.1016/s0020-0255(26)00660-2,paratext,Information Sciences,https://openalex.org/W7163334616
Information Sciences,Elsevier,2026,2026-06-04,Explicit location-label-guided foreground feature optimization learning for few-shot classification,Bin Song; Hong Zhu; Bingxin Wang; Yuandong Bi,754,,10.1016/j.ins.2026.123744,https://doi.org/10.1016/j.ins.2026.123744,article,Information Sciences,https://openalex.org/W7163542439
Information Sciences,Elsevier,2026,2026-06-04,Financial news sentiment meets market data: A large language model-based approach to stock price prediction,Giovanni Officioso; Giancarlo Sperlí; Andrea Vignali,754,,10.1016/j.ins.2026.123711,https://doi.org/10.1016/j.ins.2026.123711,article,Information Sciences,https://openalex.org/W7163569654
Information Sciences,Elsevier,2026,2026-06-04,HALF: A homophily-aware loss fusion for robust learning under label noise in heterophilic graphs,Shuangjie Li; Baoming Zhang; Meng Cao; Jianqing Song; Xinyu Cheng; Chongjun Wang,754,,10.1016/j.ins.2026.123714,https://doi.org/10.1016/j.ins.2026.123714,article,Information Sciences,https://openalex.org/W7163573235
Information Sciences,Elsevier,2026,2026-06-04,Hybrid channel-frequency attention and grouped residual learning for efficient image restoration,Hind Hafsi; Wahiba Ignammas; Abdelghani Ghazdali,754,,10.1016/j.ins.2026.123741,https://doi.org/10.1016/j.ins.2026.123741,article,Information Sciences,https://openalex.org/W7163568523
Information Sciences,Elsevier,2026,2026-06-04,Reversible data hiding for medical images using multi-branch CNNs and class-aware spatial-domain embedding,Anis Ur Rehman; Li-Hua Li; Chin‐Feng Lee; Fida Muhammad Khan,755,,10.1016/j.ins.2026.123724,https://doi.org/10.1016/j.ins.2026.123724,article,Information Sciences,https://openalex.org/W7163553787
Information Sciences,Elsevier,2026,2026-06-05,An adaptive fuzzy mathematical morphology image denoising method using semi-overlap functions,Haolun Li; Wei Yao,754,,10.1016/j.ins.2026.123738,https://doi.org/10.1016/j.ins.2026.123738,article,Information Sciences,https://openalex.org/W7163693712
Information Sciences,Elsevier,2026,2026-06-05,GB-IMST: Adaptive granular ball generation and minimum spanning tree clustering fusing interquartile range,Ting Wu; Xueling Ma; Weiping Ding; Jianming Zhan,754,,10.1016/j.ins.2026.123753,https://doi.org/10.1016/j.ins.2026.123753,article,Information Sciences,https://openalex.org/W7163662375
Information Sciences,Elsevier,2026,2026-06-06,Editorial Board,,752,,10.1016/s0020-0255(26)00679-1,https://doi.org/10.1016/s0020-0255(26)00679-1,paratext,Information Sciences,https://openalex.org/W7163736173
Information Sciences,Elsevier,2026,2026-06-06,From structure to forecasting: Modeling and predicting systemic risk with temporal higher-order networks and THONformer,Sihua Tian; Shaofang Li; Shaofang Li; Deqing Wang; Ning Chen; Shaoyuan Li; Shaoyuan Li,754,,10.1016/j.ins.2026.123754,https://doi.org/10.1016/j.ins.2026.123754,article,Information Sciences,https://openalex.org/W7163757781
Information Sciences,Elsevier,2026,2026-06-06,Integrating lexical semantics for deep conceptual similarity: A WordNet-based vector framework,Jawad Hussain; Heming Bai; 성명수; Shahbaz Hassan Wasti,755,,10.1016/j.ins.2026.123757,https://doi.org/10.1016/j.ins.2026.123757,article,Information Sciences,https://openalex.org/W7163735375
Information Sciences,Elsevier,2026,2026-06-06,Quantifying uncertainty in financial forecasting: A Bayesian deep learning approach integrating MCMC and variational inference with multi-pass estimation,Muhammad Yasir Iqbal; Jiang Du,754,,10.1016/j.ins.2026.123752,https://doi.org/10.1016/j.ins.2026.123752,article,Information Sciences,https://openalex.org/W7163738801
Information Sciences,Elsevier,2026,2026-06-06,Research on fault degree recognition technique based on edge distribution prediction and network fusion,Mei Ming; Shengnan Li; Fengyuan Yang; Fengqian Zou; Yuqing Li; Wenbo Zhang; Haifeng Zhang,754,,10.1016/j.ins.2026.123734,https://doi.org/10.1016/j.ins.2026.123734,article,Information Sciences,https://openalex.org/W7163688669
Information Sciences,Elsevier,2026,2026-06-06,Semantic image synthesis for unknown object detection in autonomous driving scenes,Aihua Ke; YuJie Huang; Bo Cai,754,,10.1016/j.ins.2026.123737,https://doi.org/10.1016/j.ins.2026.123737,article,Information Sciences,https://openalex.org/W4416937495
Information Sciences,Elsevier,2026,2026-06-06,Wav-UNet for Image Watermarking via Wavelets and Deformable Convolution,Xiangyang Wang; Qianjian Zhuang; Zhibin Liu,754,,10.1016/j.ins.2026.123755,https://doi.org/10.1016/j.ins.2026.123755,article,Information Sciences,https://openalex.org/W7163744778
Information Sciences,Elsevier,2026,2026-06-07,QAAR-SIREN: quantum-augmented attention and residual SIREN for time-series forecasting,Abdulkadir Şengür; Massimo Salvi; Prabal Datta Barua; Ravinesh Deo; Yan Li; U. R. Acharya,754,,10.1016/j.ins.2026.123756,https://doi.org/10.1016/j.ins.2026.123756,article,Information Sciences,https://openalex.org/W7163808907
Information Sciences,Elsevier,2026,2026-06-08,A similarity-guided evolutionary multitasking approach for high-dimensional positive-unlabeled learning,Jianfeng Qiu; Mengqi Yang; Meiwen Chen; Kaixuan Li; Lei Zhang; Fan Cheng,755,,10.1016/j.ins.2026.123739,https://doi.org/10.1016/j.ins.2026.123739,article,Information Sciences,https://openalex.org/W7163909198
Information Sciences,Elsevier,2026,2026-06-08,CoDa: Privacy-preserving multi-dimensional dataset publishing based on consistent data masking,Xiaoyu Kou; Hui Zhu; Jiezhen Tang; Jiaqi Zhao; Fengwei Wang; Hui Li,755,,10.1016/j.ins.2026.123742,https://doi.org/10.1016/j.ins.2026.123742,article,Information Sciences,https://openalex.org/W7163915115
Information Sciences,Elsevier,2026,2026-06-08,Dynamic time series feature extraction for blast furnace lining temperature prediction,Qi‐Fu Chen; Weihua Cao; Min Wu; Jinhua She,755,,10.1016/j.ins.2026.123763,https://doi.org/10.1016/j.ins.2026.123763,article,Information Sciences,https://openalex.org/W4413211766
Information Sciences,Elsevier,2026,2026-06-08,Trunc-Opt vine building algorithms,Dániel Pfeifer; Edith  Alice Kovács,755,,10.1016/j.ins.2026.123759,https://doi.org/10.1016/j.ins.2026.123759,article,Information Sciences,https://openalex.org/W4417468085
Information Sciences,Elsevier,2026,2026-06-08,URDNet: Unsupervised retinex decomposition network for low-light image enhancement,Xingyun Gao; Wenyi Zhao; Deguang Li; Zheng Liang; Weidong Zhang,755,,10.1016/j.ins.2026.123758,https://doi.org/10.1016/j.ins.2026.123758,article,Information Sciences,https://openalex.org/W7163906361
Information Sciences,Elsevier,2026,2026-06-09,An incremental algorithm for three-way approximations with two-dimensional variation of neighborhood decision systems,Chengxiang Hu; Yingqi Qi; Xiaoling Huang,755,,10.1016/j.ins.2026.123764,https://doi.org/10.1016/j.ins.2026.123764,article,Information Sciences,https://openalex.org/W7164002845
Information Sciences,Elsevier,2026,2026-06-09,Correcting bias and enhancing adaptation for reinforcement learning-based data valuation,Yuqi Jiao; Guanglu Sun; Zhenhua Wang; Suxia Zhu,755,,10.1016/j.ins.2026.123767,https://doi.org/10.1016/j.ins.2026.123767,article,Information Sciences,https://openalex.org/W7164038873
Information Sciences,Elsevier,2026,2026-06-09,HD-KAN: Hierarchical dual-dimension Kolmogorov-Arnold Networks with bidirectional time-frequency fusion for time series forecasting,Jinze Du; Songmao Jiang,754,,10.1016/j.ins.2026.123760,https://doi.org/10.1016/j.ins.2026.123760,article,Information Sciences,https://openalex.org/W7164016215
Information Sciences,Elsevier,2026,2026-06-10,A hybrid approach combining continuous-time quantum walks and the gravity model for super-spreader identification,Wen Liang; Yibing Wang; Qiwei Liu; Wenbo Zhang,755,,10.1016/j.ins.2026.123773,https://doi.org/10.1016/j.ins.2026.123773,article,Information Sciences,https://openalex.org/W7164172496
Information Sciences,Elsevier,2026,2026-06-10,A2RCMatch: dual-attention framework for reliable sample selection and consistency regularization in semi-supervised learning,Razieh Mohammadi; Jafar Tanha; Mohammad Ali Balafar; Mahdi Baghaei Oskouei; Hamed Jalili; Nima Rasi Baghmishe; Pouya Afraz,755,,10.1016/j.ins.2026.123735,https://doi.org/10.1016/j.ins.2026.123735,article,Information Sciences,https://openalex.org/W7164033404
Information Sciences,Elsevier,2026,2026-06-10,LaPathZK: Parallel threshold path zk-SNARK leveraging high-dimensional lattices,Jinwei Zhu; Shuangjie Bai; Xiaoming Hu; Hao Zhou; Yang Geng,755,,10.1016/j.ins.2026.123761,https://doi.org/10.1016/j.ins.2026.123761,article,Information Sciences,https://openalex.org/W7164210329
Information Sciences,Elsevier,2026,2026-06-10,Never judge a node by its neighbors: adaptive multi-perspective contrastive learning for heterogeneous graphs,Xuchu Jiang; Miao Wu; Yilin Wang (490921); Hui Qi; Biao Zhang,755,,10.1016/j.ins.2026.123762,https://doi.org/10.1016/j.ins.2026.123762,article,Information Sciences,https://openalex.org/W7164071979
Information Sciences,Elsevier,2026,2026-06-10,Targeted mining of non-overlapping high-utility sequential patterns,Lingfeng Wang; Wensheng Gan; Zhidong Lin; Zhenlian Qi; Jian Lin Zhu; Ruichu Cai; Zhifeng Hao,755,,10.1016/j.ins.2026.123770,https://doi.org/10.1016/j.ins.2026.123770,article,Information Sciences,https://openalex.org/W7164195082
Information Sciences,Elsevier,2026,2026-06-11,Mutual Information-Guided Multi-Population differential evolution with dynamic resource allocation for gene selection,Min Li; Ditao Xiao; Mingzhu Lou,755,,10.1016/j.ins.2026.123775,https://doi.org/10.1016/j.ins.2026.123775,article,Information Sciences,https://openalex.org/W7164311315
Information Sciences,Elsevier,2026,2026-06-11,Temporal difference learning with constrained initial representations,Jiafei Lyu; Jie Yang; Zhongjian Qiao; Runze Liu; Zeyuan Liu; Deheng Ye; Z T Lu; Xiu Li,755,,10.1016/j.ins.2026.123774,https://doi.org/10.1016/j.ins.2026.123774,article,Information Sciences,https://openalex.org/W7164314779
Information Sciences,Elsevier,2026,2026-06-12,A note on the cross-migrativity between overlap functions and commutative aggregation functions,Kuanyun Zhu; Hongkun Wang; 房祥杰; Jingru Wang; Yong Yang,755,,10.1016/j.ins.2026.123779,https://doi.org/10.1016/j.ins.2026.123779,article,Information Sciences,https://openalex.org/W7164507752
Information Sciences,Elsevier,2026,2026-06-12,An event-driven dynamic graph learning framework with large-scale cellular signaling streams,Jibin Wang; Jiaqi Kang; Yifei Huang; Liangzhe Han; Jingwen Tian; Leilei Sun; Weifeng Lv,755,,10.1016/j.ins.2026.123776,https://doi.org/10.1016/j.ins.2026.123776,article,Information Sciences,https://openalex.org/W7164477444
Information Sciences,Elsevier,2026,2026-06-12,Dynamic weighted mean field multi-agent reinforcement learning,Linyue Liu; Hao Chen; Quan Liu; Ke Fu; Yu Wang; B. Gao; Xiyao Ding; Jian Huang,755,,10.1016/j.ins.2026.123771,https://doi.org/10.1016/j.ins.2026.123771,article,Information Sciences,https://openalex.org/W7164504785
Information Sciences,Elsevier,2026,2026-06-12,Low-rank sparse autoencoders: Unifying efficiency and geometric regularization for large language model interpretability,Jiajia Mu; Benying Tan; Jie Ren; Mingyu Guo; Chenchen Luo; Ruibin Bai,755,,10.1016/j.ins.2026.123768,https://doi.org/10.1016/j.ins.2026.123768,article,Information Sciences,https://openalex.org/W7164387415
Information Sciences,Elsevier,2026,2026-06-12,MVIF: Multi-view information fusion for multimodal aspect-based sentiment analysis via LLM cross-modal translation,Shufeng Xiong; Yiming Zhang; Rongfang Wang; Yanyang Hou; Yanling Li; Zhenye Wang; Haiping Si,755,,10.1016/j.ins.2026.123765,https://doi.org/10.1016/j.ins.2026.123765,article,Information Sciences,https://openalex.org/W7164324663
Information Sciences,Elsevier,2026,2026-06-12,Multiple filters based fault-tolerant control for uncertain nonlinear systems with quantized input and time-varying disturbances,Yue Sun; Dongsheng Yang; Shuxian Lun,755,,10.1016/j.ins.2026.123772,https://doi.org/10.1016/j.ins.2026.123772,article,Information Sciences,https://openalex.org/W7164581016
Information Sciences,Elsevier,2026,2026-06-12,Toward quantum fuzziness: A survey on social media analysis through SNA and linguistic perspectives,Shashank Sheshar Singh; Rohit Ahuja; Sumit Kumar; Gourav Bathla; Jayendra Barua,755,,10.1016/j.ins.2026.123769,https://doi.org/10.1016/j.ins.2026.123769,article,Information Sciences,https://openalex.org/W7164338789
Information Sciences,Elsevier,2026,2026-06-14,A unit-based competitive framework with joint population and operator adaptation for constrained multi-objective optimization,Xianpeng Sun; Run Luo; Weiting Bai; Baosheng Li; Weijun Wu; Qianlong Dang,755,,10.1016/j.ins.2026.123777,https://doi.org/10.1016/j.ins.2026.123777,article,Information Sciences,https://openalex.org/W7164741656
Information Sciences,Elsevier,2026,2026-06-14,Boundary-driven granular ball generation and classification via three-way decision,Shuang Wang; Jianming Zhan; Shuyin Xia; Weiping Ding,755,,10.1016/j.ins.2026.123780,https://doi.org/10.1016/j.ins.2026.123780,article,Information Sciences,https://openalex.org/W7164734512
Information Sciences,Elsevier,2026,2026-06-14,Model-free fault-tolerant consensus control for multi-agent systems: An event-triggered delta operator strategy,Fei Hua; Dezhi Xu; Chengxi Zhang; Bin Jiang; Zhicheng Zhao; Yongwei Li,755,,10.1016/j.ins.2026.123781,https://doi.org/10.1016/j.ins.2026.123781,article,Information Sciences,https://openalex.org/W7164752474
Information Sciences,Elsevier,2026,2026-06-14,OR-DARE: A deliberative framework for solving operations research problems via collaborative debate and iterative refinement,Jie Zhang; Wenjie Xu; Yanting Zhang; Der‐Horng Lee; Gaoang Wang,755,,10.1016/j.ins.2026.123782,https://doi.org/10.1016/j.ins.2026.123782,article,Information Sciences,https://openalex.org/W7164740129
Information Sciences,Elsevier,2026,2026-06-14,Toward diverse and globally aware knowledge transfer: A graph transformer for long-tail recommendation,Wenrui Guan; Keyu Liu; Qihang Guo; Xibei Yang; Yutong Guo,755,,10.1016/j.ins.2026.123787,https://doi.org/10.1016/j.ins.2026.123787,article,Information Sciences,https://openalex.org/W7164744297
Information Sciences,Elsevier,2026,2026-06-15,A semi-supervised feature selection method based on fast fuzzy consistent granulation,Tian Yang; Kangyi Zheng; Dayong Shen; Yuhua Qian; Jonathan M. Garibaldi,756,,10.1016/j.ins.2026.123784,https://doi.org/10.1016/j.ins.2026.123784,article,Information Sciences,https://openalex.org/W7164804614
Information Sciences,Elsevier,2026,2026-06-15,Adaptive spatio-temporal wavelet hypergraph routing for evolutionary financial risk contagion,Sanchuan Xiao; Jingmei Zhao; Lin Zhang; Shaofei Shen; Yang Wang; Rui Cheng; Qing Li,755,,10.1016/j.ins.2026.123795,https://doi.org/10.1016/j.ins.2026.123795,article,Information Sciences,https://openalex.org/W7164834042
Information Sciences,Elsevier,2026,2026-06-15,An enhanced dynamic anonymous identity authentication scheme for computing power network,Saiqin Long; Jinpeng Yang; Dongsu Shen; Zeng Li; Haolin Liu; Zeping Wang,755,,10.1016/j.ins.2026.123798,https://doi.org/10.1016/j.ins.2026.123798,article,Information Sciences,https://openalex.org/W4413802295
Information Sciences,Elsevier,2026,2026-06-15,Attack category mapping modeling method based on system-level features for intrusion detection systems,Yuncong Lu; Wenjie Tian; Dalong Zhang; Kunpeng Zhao,755,,10.1016/j.ins.2026.123791,https://doi.org/10.1016/j.ins.2026.123791,article,Information Sciences,https://openalex.org/W7164849221
Information Sciences,Elsevier,2026,2026-06-15,Closed-loop intermittent impulsive control for stochastic delayed multi-agent systems under malicious attacks,Chen Liu; Hai Zhang; Linsong Dai; Jinde Cao,755,,10.1016/j.ins.2026.123793,https://doi.org/10.1016/j.ins.2026.123793,article,Information Sciences,https://openalex.org/W7164803141
Information Sciences,Elsevier,2026,2026-06-15,Composite adaptive fuzzy self-triggered control for uncertain stochastic nonlinear systems with immeasurable states,Zhang Weiye; Xiulan Zhang; Cao Jinde; E Jianwei; Heng Liu,755,,10.1016/j.ins.2026.123790,https://doi.org/10.1016/j.ins.2026.123790,article,Information Sciences,https://openalex.org/W7164841393
Information Sciences,Elsevier,2026,2026-06-15,GAT-BiLSTM: Smart home anomaly detection based on spatiotemporal attention fusion,Yaqing Liu; 李芊璇; Xingchen Li; Bin Zhang,755,,10.1016/j.ins.2026.123789,https://doi.org/10.1016/j.ins.2026.123789,article,Information Sciences,https://openalex.org/W7164823696
Information Sciences,Elsevier,2026,2026-06-15,LLM-driven authentic assessment of machine learning programs in the LearnMatic data science ITS,Hasan M. Jamil,755,,10.1016/j.ins.2026.123783,https://doi.org/10.1016/j.ins.2026.123783,article,Information Sciences,https://openalex.org/W4415628317
Information Sciences,Elsevier,2026,2026-06-15,Pseudo adversarial alignment and preference decorrelation model for multimodal recommendation,Tao Xiong; Mingming Yang; Wenming Cao; Man Li; Wenda Zhang; Zhiwen Yu; Hau−San Wong,755,,10.1016/j.ins.2026.123792,https://doi.org/10.1016/j.ins.2026.123792,article,Information Sciences,https://openalex.org/W7164823352
Information Sciences,Elsevier,2026,2026-06-15,Reference-guided teacher-student learning for sample-level modality imbalance in multimodal learning,Chenyao Wu; Takeyuki Tamura; Tatsuya Akutsu,755,,10.1016/j.ins.2026.123797,https://doi.org/10.1016/j.ins.2026.123797,article,Information Sciences,https://openalex.org/W7164836881
Information Sciences,Elsevier,2026,2026-06-15,SURE: Semantic- and uncertainty-aware registration network for robust outdoor LiDAR alignment,Yongqiang Wang; Weigang Li; Lyuchao Liao; Wenping Liu; Zhe Xu,755,,10.1016/j.ins.2026.123786,https://doi.org/10.1016/j.ins.2026.123786,article,Information Sciences,https://openalex.org/W7164862918
Information Sciences,Elsevier,2026,2026-06-15,Synchronization control of multi-weighted complex cyber-physical systems under Markovian jump hybrid attacks with piecewise-constant transition rates,Pouria Soleimanyfar; Ali Kazemy,755,,10.1016/j.ins.2026.123794,https://doi.org/10.1016/j.ins.2026.123794,article,Information Sciences,https://openalex.org/W7164841090
Information Sciences,Elsevier,2026,2026-06-15,TriBack-Clo: Sound triple-witness BackScan for closed pattern mining in itemset-sequences,Nabil Azizi; Makhlouf Ledmi; Abdeldjalil Ledmi; Mohammed El Habib Souidi; Mohamed Boussalem; Aboubekeur Hamdi‐Cherif,755,,10.1016/j.ins.2026.123788,https://doi.org/10.1016/j.ins.2026.123788,article,Information Sciences,https://openalex.org/W7164810726
Information Sciences,Elsevier,2026,2026-06-16,Fully tensorial approach to hypercomplex-valued neural networks,Agnieszka Niemczynowicz; R. A. Kycia,755,,10.1016/j.ins.2026.123796,https://doi.org/10.1016/j.ins.2026.123796,article,Information Sciences,https://openalex.org/W4400341133
Information Sciences,Elsevier,2026,2026-06-16,Long-term demand prediction based on dual-stream guided diffusion model integrating production plans for oxygen supply network,Yinghua Liu; Zuhua Xu; Zhongxiang Ge; Jun Zhao; Wei Yan; Zhijiang Shao,755,,10.1016/j.ins.2026.123800,https://doi.org/10.1016/j.ins.2026.123800,article,Information Sciences,https://openalex.org/W7164929407
Information Sciences,Elsevier,2026,2026-06-16,MCFM: A novel multi-scale cross-modal feature mapping approach for multimodal industrial anomaly detection,Anying Xu; Xuanyu Wu; Yixiong Feng; Zhiwu Li; Kebing Jin; Jianhang Tang,755,,10.1016/j.ins.2026.123766,https://doi.org/10.1016/j.ins.2026.123766,article,Information Sciences,https://openalex.org/W7164886128
Information Sciences,Elsevier,2026,2026-06-16,Multi-LLM semantic fusion with uncertainty-aware GCNs for personalized recommendation,Mehdi Hosseinzadeh; Tofan Agung Eka Prasetya; Amir Masoud Rahmani; Gholamreza Zare; Pegah Malekpour Alamdari; Parisa Khoshvaght; Aso Darwesh; Thantrira Porntaveetus; Adnan Khan,755,,10.1016/j.ins.2026.123778,https://doi.org/10.1016/j.ins.2026.123778,article,Information Sciences,https://openalex.org/W7164948216
Information Sciences,Elsevier,2026,2026-06-16,Robust wavelet-domain face forgery detection with complementary evidence mining,Kai Zhou; Guanglu Sun; Linsen Yu; Yu Lei Yang; Jun Wang,755,,10.1016/j.ins.2026.123799,https://doi.org/10.1016/j.ins.2026.123799,article,Information Sciences,https://openalex.org/W7164889536
Information Sciences,Elsevier,2026,2026-06-16,X-TREATS: Integrating explainability and fairness into streaming entity resolution,Tiago Brasileiro Araújo; Vasilis Efthymiou; Kostas Stefanidis,755,,10.1016/j.ins.2026.123801,https://doi.org/10.1016/j.ins.2026.123801,article,Information Sciences,https://openalex.org/W7164929728
Information Sciences,Elsevier,2026,2026-06-17,Data-driven point-to-point iterative learning control for nonlinear systems subject to physical-layer FDI attacks and fading channels,Lijuan Zha; Shuyi Huang; Jinliang Liu; Chen Peng,755,,10.1016/j.ins.2026.123802,https://doi.org/10.1016/j.ins.2026.123802,article,Information Sciences,https://openalex.org/W7165013434
Information Sciences,Elsevier,2026,2026-06-18,Adversarially robust adaptive Siamese attention network for image steganalysis,A. P. Sherly; P. Arun Raj Kumar,755,,10.1016/j.ins.2026.123806,https://doi.org/10.1016/j.ins.2026.123806,article,Information Sciences,https://openalex.org/W7165110300
Information Sciences,Elsevier,2026,2026-06-18,FedSpike: A personalized federated learning method for energy-efficient spiking neural networks in edge intelligence,Kangning Yin; Zhen Ding; Rui Zhu; Shaoqi Hou; Ye Li; Yue Wang; Yujian Du,755,,10.1016/j.ins.2026.123785,https://doi.org/10.1016/j.ins.2026.123785,article,Information Sciences,https://openalex.org/W7165176196
Information Sciences,Elsevier,2026,2026-06-18,Privacy-preserving person re-identification through identity retrieval and hierarchical latent code protection,Seung-hyeok Back; Seok Bong Yoo,756,,10.1016/j.ins.2026.123803,https://doi.org/10.1016/j.ins.2026.123803,article,Information Sciences,https://openalex.org/W7165151567
Information Sciences,Elsevier,2026,2026-06-19,A dynamic bidirectional sampling dual-population evolutionary algorithm for large-scale constrained multi-objective optimization,Dongliang Zhao; Yiming Fang; Le Liu; Zhendong Liu; Xiaodong Zhao,755,,10.1016/j.ins.2026.123804,https://doi.org/10.1016/j.ins.2026.123804,article,Information Sciences,https://openalex.org/W7165358103
Information Sciences,Elsevier,2026,2026-06-19,Anomaly detection method for satellite networks based on adaptive federated learning driven by deep reinforcement learning,Hui Chen; Kun Zhang; Yuehua Chen; Xiaohe Wu; ChenXi Cai; Dianying Chen,755,,10.1016/j.ins.2026.123808,https://doi.org/10.1016/j.ins.2026.123808,article,Information Sciences,https://openalex.org/W7165395929
Information Sciences,Elsevier,2026,2026-06-19,Hamiltonian connectivity in k-ary n-cubes under a region-based fault model,Yiquan Wang; Jingfan Zai; Z Liu; J B Chen; Eminjan Sabir,755,,10.1016/j.ins.2026.123811,https://doi.org/10.1016/j.ins.2026.123811,article,Information Sciences,https://openalex.org/W7165383060
Information Sciences,Elsevier,2026,2026-06-19,Scalable unsupervised feature selection via weight stability,Xudong Zhang; Renato Cordeiro de Amorim,755,,10.1016/j.ins.2026.123807,https://doi.org/10.1016/j.ins.2026.123807,article,Information Sciences,https://openalex.org/W4417346908
Information Sciences,Elsevier,2026,2026-06-19,Transform-aware cross-frequency consistency for robust multivariate time-series classification under spectral shift,Yi Ren; Jianing Xu; Fangjun Luan; Shuai Yuan,755,,10.1016/j.ins.2026.123809,https://doi.org/10.1016/j.ins.2026.123809,article,Information Sciences,https://openalex.org/W7165372654
Information Sciences,Elsevier,2026,2026-06-20,Event-triggered finite-region asynchronous control with H∞ performance for 2-D markov jump Roesser systems under hybrid attacks,Yueru Duan; Dan Peng; Yuechao Ma,755,,10.1016/j.ins.2026.123810,https://doi.org/10.1016/j.ins.2026.123810,article,Information Sciences,https://openalex.org/W7165374812
Information Sciences,Elsevier,2026,2026-06-22,Asymmetric cost-optimal consensus with heterogeneous risk attitudes: an interactive bargaining game based feedback framework for dynamic social networks,Feng Zhang; Xiaomeng Xin; Ying Li; Zhimin Zhang,755,,10.1016/j.ins.2026.123824,https://doi.org/10.1016/j.ins.2026.123824,article,Information Sciences,https://openalex.org/W7165544199
Information Sciences,Elsevier,2026,2026-06-22,Depth estimation in half-space trees and feature range formulation for novelty detection,Adam Ulrich; Jan Krňávek; Dušan Hrabec; Roman Šenkeřík,756,,10.1016/j.ins.2026.123823,https://doi.org/10.1016/j.ins.2026.123823,article,Information Sciences,https://openalex.org/W4416937481
Information Sciences,Elsevier,2026,2026-06-22,Expert-aided causal discovery of ancestral graphs,Tiago da Silva; Bruna Bazaluk; Eliezer de Souza da Silva; António Góis; S. Lahlou; Dominik Heider; Samuel Kaski; Diego Mesquita; Adèle H. Ribeiro,756,,10.1016/j.ins.2026.123816,https://doi.org/10.1016/j.ins.2026.123816,article,Information Sciences,https://openalex.org/W7165560333
Information Sciences,Elsevier,2026,2026-06-22,HiLoCo: Efficient long video understanding via hierarchical localization and query-aware token compression,Wangqun Chen; Baoyun Peng; Bo Liu; Xingkong Ma; Xiaojie Li; Siwen Jiao; Huaping Hu,756,,10.1016/j.ins.2026.123821,https://doi.org/10.1016/j.ins.2026.123821,article,Information Sciences,https://openalex.org/W7165575465
Information Sciences,Elsevier,2026,2026-06-22,OU-Net: A dual-stream architecture for tabular data with ordered and unordered features,Hang Li Xu; Yuxuan Li; Yaqing Guo; Husheng Guo; Wenjian Wang,755,,10.1016/j.ins.2026.123815,https://doi.org/10.1016/j.ins.2026.123815,article,Information Sciences,https://openalex.org/W7165536828
Information Sciences,Elsevier,2026,2026-06-22,Optimized symbolic aggregate approximation methods for lightweight and interpretable multivariate time series classification,Lamprini Pappa; Petros S. Karvelis; Chrysostomos D. Stylios,755,,10.1016/j.ins.2026.123819,https://doi.org/10.1016/j.ins.2026.123819,article,Information Sciences,https://openalex.org/W7165571064
Information Sciences,Elsevier,2026,2026-06-22,PointSS: Geometry-aware multi-scale state space feature learning for point clouds,Xin Wang; Xi Zhang,755,,10.1016/j.ins.2026.123813,https://doi.org/10.1016/j.ins.2026.123813,article,Information Sciences,https://openalex.org/W7165519526
Information Sciences,Elsevier,2026,2026-06-23,Clustering guided dense context sensitive structure extractor: A relaxation induced approach,Ajaharul Hoque; Subhrangsu Mandal; Debaditya Barman; Paramartha Dutta,756,,10.1016/j.ins.2026.123827,https://doi.org/10.1016/j.ins.2026.123827,article,Information Sciences,https://openalex.org/W7165651027
Information Sciences,Elsevier,2026,2026-06-23,Knowledge annotation of multi-modal educational resources adaptable to new category discovery,Zeyuan Qu; Yongjun Li; Tao You; Yuehua Chen; Jiakun Li,755,,10.1016/j.ins.2026.123805,https://doi.org/10.1016/j.ins.2026.123805,article,Information Sciences,https://openalex.org/W7165674192
Information Sciences,Elsevier,2026,2026-06-23,Multi-dimensional PF overlap functions and multi-granulation PF rough sets with their applications in three-way decision,Yongjun Yan; Xiaohong Zhang; Eunsuk Yang,756,,10.1016/j.ins.2026.123822,https://doi.org/10.1016/j.ins.2026.123822,article,Information Sciences,https://openalex.org/W7165651183
Information Sciences,Elsevier,2026,2026-06-23,Privacy-preserving distributed aggregative optimization for multi-agent systems: A secure multi-party computation framework,Seyed Reza Hosseini; Saeed Adelipour; Behzad Ahi; ءMohammad Haeri; Mohammad Reza Aref,756,,10.1016/j.ins.2026.123826,https://doi.org/10.1016/j.ins.2026.123826,article,Information Sciences,https://openalex.org/W7165650367
Information Sciences,Elsevier,2026,2026-06-23,SpikeGraphormer: A high-performance graph transformer with spiking graph attention,Yundong Sun; Dongjie Zhu; Yansong Wang; Zhaoshuo Tian; Ning Cao; Gregory O'Hared,755,,10.1016/j.ins.2026.123828,https://doi.org/10.1016/j.ins.2026.123828,article,Information Sciences,https://openalex.org/W4393212224
Information Sciences,Elsevier,2026,2026-06-24,Aerodynamic-aware bi-level co-optimization for aerial swarm robotics: Bridging discrete routing and continuous execution,X D Liu; Longfei Wang; Yusheng Liu,756,,10.1016/j.ins.2026.123832,https://doi.org/10.1016/j.ins.2026.123832,article,Information Sciences,https://openalex.org/W7165762792
Information Sciences,Elsevier,2026,2026-06-24,An ego network-based approach to fine-tune large language models using knowledge graphs,Alessia Amelio; Christopher Buratti; Michele Marchetti; Davide Traini; Domenico Ursino; Luca Virgili,755,,10.1016/j.ins.2026.123818,https://doi.org/10.1016/j.ins.2026.123818,article,Information Sciences,https://openalex.org/W7165797562
Information Sciences,Elsevier,2026,2026-06-24,Efficient feature selection based on bounded approximate entropy,Linlin Xie; Chuan Luo; Tianrui Li; Hongmei Chen; Jiancheng Lv; Zhang Yi,755,,10.1016/j.ins.2026.123825,https://doi.org/10.1016/j.ins.2026.123825,article,Information Sciences,https://openalex.org/W7165735867
Information Sciences,Elsevier,2026,2026-06-24,Inertia-based strategy updating rule design for congestion games and its application to NFV networks,Kaichen Jiang; Yi-Xiang Wang; Yuyue Yan; C L Li; Yuhu Wu,755,,10.1016/j.ins.2026.123817,https://doi.org/10.1016/j.ins.2026.123817,article,Information Sciences,https://openalex.org/W7165736219
Information Sciences,Elsevier,2026,2026-06-24,Intermittent DETC for synchronization of t-s fuzzy fractional-order networked coupled PDE-ODE systems with time delay,Xiaofei Xing; Z Liu; C. L. Philip Chen; Yun Zhang,756,,10.1016/j.ins.2026.123812,https://doi.org/10.1016/j.ins.2026.123812,article,Information Sciences,https://openalex.org/W7165810766
Information Sciences,Elsevier,2026,2026-06-24,SBPL-GDCA: Segment-based permutation learning with gated dual cross-attention for scene text recognition,Hamza Boughfir; Hassan El Bahi,755,,10.1016/j.ins.2026.123830,https://doi.org/10.1016/j.ins.2026.123830,article,Information Sciences,https://openalex.org/W7165751806
Information Sciences,Elsevier,2026,2026-06-24,STEN: A spatio-temporal enhancement network for anomaly detection in industrial multivariate time series,Yuan Xie; Baohua Qiang; Shihao Zhang; Wenhui Zhang; Ruidong Chen; Lirui Chen,756,,10.1016/j.ins.2026.123829,https://doi.org/10.1016/j.ins.2026.123829,article,Information Sciences,https://openalex.org/W7165755569
Information Sciences,Elsevier,2026,2026-06-25,Consistency alignment via reliability-aware multi-view subspace clustering,Er Wang; Siyu Chen; Xiaoqian Zhang; Yuqian Zhou; Zhenwen Ren,756,,10.1016/j.ins.2026.123833,https://doi.org/10.1016/j.ins.2026.123833,article,Information Sciences,https://openalex.org/W7165893898
Information Sciences,Elsevier,2026,2026-06-25,Ensuring consistency with benign predictions: Differential privacy-guided certified defense against poisoning-based backdoor attacks,Yukun Yan; Jie Zhang; Peng Tang; Rui Chen; Qilong Han; Haibo Hu; Qing Guo,756,,10.1016/j.ins.2026.123820,https://doi.org/10.1016/j.ins.2026.123820,article,Information Sciences,https://openalex.org/W4415176137
Information Sciences,Elsevier,2026,2026-06-25,Securing semantic IoT: An authenticated searchable encryption framework for LLM-extracted knowledge sharing,Bo Yang; X D Liu; Sheng He; Ling Zhu Xiong; Yanli Chen; Jinzhi Zhou; Naixin Zhang; J-Y Zhuang,756,,10.1016/j.ins.2026.123836,https://doi.org/10.1016/j.ins.2026.123836,article,Information Sciences,https://openalex.org/W7165920897
Information Sciences,Elsevier,2026,2026-06-26,CSANet: Adaptive all-to-all cross-scale alignment for robust remote sensing change detection,Wenchao Zhang; Wenhui Ye; Xiang Li; Yuxiang Peng,756,,10.1016/j.ins.2026.123837,https://doi.org/10.1016/j.ins.2026.123837,article,Information Sciences,https://openalex.org/W7166029303
Information Sciences,Elsevier,2026,2026-06-26,Distributed hybrid interleaving lot scheduling in automotive stamping workshop via dispersion-guided automatic design of constructive-improvement heuristics,Liang Zhao; Ying-li Li; Biao Zhang; Leilei Meng; Xining Cui,756,,10.1016/j.ins.2026.123843,https://doi.org/10.1016/j.ins.2026.123843,article,Information Sciences,https://openalex.org/W7166100770
Information Sciences,Elsevier,2026,2026-06-26,EEL-RIS: Explain everything on localization via randomized input sampling,Jian‐Xun Mi; S. Y. Shi; Lin Luo; Weisheng Li,756,,10.1016/j.ins.2026.123842,https://doi.org/10.1016/j.ins.2026.123842,article,Information Sciences,https://openalex.org/W7166129790
Information Sciences,Elsevier,2026,2026-06-26,Reverse neighborhood discriminant analysis for feature extraction,Yaochen Huang; Zhihui Lai; Heng Kong; Jie Xu,756,,10.1016/j.ins.2026.123831,https://doi.org/10.1016/j.ins.2026.123831,article,Information Sciences,https://openalex.org/W7166085771
Information Sciences,Elsevier,2026,2026-06-26,Task-space nash equilibrium seeking in multiple lagrangian systems with generally quadratic time-varying objectives,Wenjin Liu; Yue Wang; Xiang‐Yu Yao; Xinxin Zhang; Yapeng Zhang; Ming‐Feng Ge,756,,10.1016/j.ins.2026.123835,https://doi.org/10.1016/j.ins.2026.123835,article,Information Sciences,https://openalex.org/W7166174268
Information Sciences,Elsevier,2026,2026-06-27,A prompt-based representation learning approach for heterogeneous graphs,Ting Zhang; Yuqing Song; Hongmei Chen; Lihua Zhou,756,,10.1016/j.ins.2026.123834,https://doi.org/10.1016/j.ins.2026.123834,article,Information Sciences,https://openalex.org/W7166346254
Information Sciences,Elsevier,2026,2026-06-27,An unsupervised defogging network with detail-preserving decomposition for real-world images,Zi-Xin Li; Yue Wang; Chen Peng; LI Jia,756,,10.1016/j.ins.2026.123841,https://doi.org/10.1016/j.ins.2026.123841,article,Information Sciences,https://openalex.org/W7166304246
Information Sciences,Elsevier,2026,2026-06-27,Dual-modal consistency learning for weakly supervised RGB-D camouflaged object detection with scribble annotations,Tianxin Han; Xingwei Wang; Qing Dong; Lina Sun; Min Huang; Jie Jia; Fu Zhang,756,,10.1016/j.ins.2026.123840,https://doi.org/10.1016/j.ins.2026.123840,article,Information Sciences,https://openalex.org/W7166337562
Information Sciences,Elsevier,2026,2026-06-27,Evolutionary multi-objective multi-task optimization via cross-task manifold diffusion and joint density estimation,Rui Yang; Yutao Qi; Zichao Ma; Xiaoliang Ma; Haibin Zhang,756,,10.1016/j.ins.2026.123814,https://doi.org/10.1016/j.ins.2026.123814,article,Information Sciences,https://openalex.org/W7166305858
Information Sciences,Elsevier,2026,2026-06-27,Q-learning based differential evolution with mutation strategy selection for 3D uncrewed aerial vehicle path planning,Zhenyu Meng; Feifei Lin; Xin Lin,756,,10.1016/j.ins.2026.123839,https://doi.org/10.1016/j.ins.2026.123839,article,Information Sciences,https://openalex.org/W7166325541
Information Sciences,Elsevier,2026,2026-06-29,A multi-teacher knowledge distillation framework with hypergraph neural networks and language models for mitigating sparsity in recommender systems,Mahnaz Moradi; Amir Sheikhahmadi; Mahdi Jalili; Parham Moradi,756,,10.1016/j.ins.2026.123846,https://doi.org/10.1016/j.ins.2026.123846,article,Information Sciences,https://openalex.org/W7166594820
Information Sciences,Elsevier,2026,2026-06-29,A non-adversarial open set domain adaptation method based on prototype-guided contrastive learning and adaptive boundary optimization,Xing ZhiKai; Wang Qiang; He Yuxuan; Mo Li; Ying Liu,756,,10.1016/j.ins.2026.123844,https://doi.org/10.1016/j.ins.2026.123844,article,Information Sciences,https://openalex.org/W7166551540
Information Sciences,Elsevier,2026,2026-06-29,Adaptive online layer evolutionary network for dynamic data streams,J B Chen; Rui Su; Husheng Guo; Wenjian Wang,756,,10.1016/j.ins.2026.123847,https://doi.org/10.1016/j.ins.2026.123847,article,Information Sciences,https://openalex.org/W7166586223
Information Sciences,Elsevier,2026,2026-06-29,DG-SCL: Diffusion-guided semantic contrastive learning for imbalanced malicious traffic detection,Bingbing Gu; Saihua Cai; Jing Wang; 李卓乐; Xiheng Jia; Jie Zhang,756,,10.1016/j.ins.2026.123851,https://doi.org/10.1016/j.ins.2026.123851,article,Information Sciences,https://openalex.org/W7166517560
Information Sciences,Elsevier,2026,2026-06-29,LPD-Edit: Latent principal denoising for robust lifelong knowledge editing,R C Liu; Fulong Lin; Xin Wang; Zhihua Fu,756,,10.1016/j.ins.2026.123848,https://doi.org/10.1016/j.ins.2026.123848,article,Information Sciences,https://openalex.org/W7166511665
Information Sciences,Elsevier,2026,2026-06-29,MambaYOLO with multi-branch heterogeneous structural attention and dual-path fusion for robust lesion detection,Yao Hu; Wenming Cao; Shuwen Liu; Zhiwen Yu,756,,10.1016/j.ins.2026.123845,https://doi.org/10.1016/j.ins.2026.123845,article,Information Sciences,https://openalex.org/W7166530662
Information Sciences,Elsevier,2026,2026-06-29,Multi-modal prompt codebook learning: Achieving adaptive and generalizable prompting for CLIP-based visual recognition,G. H. Zhang; Xiaofei Zhou; Gaopeng Gou; Gang Xiong; Li Guo,756,,10.1016/j.ins.2026.123849,https://doi.org/10.1016/j.ins.2026.123849,article,Information Sciences,https://openalex.org/W7166551481
Information Sciences,Elsevier,2026,2026-06-29,Robust defense path planning for attack-defense game with uncertain measurements,Hongwei Fang; Bin Guo; Songyi Dian; Xingxing You,756,,10.1016/j.ins.2026.123838,https://doi.org/10.1016/j.ins.2026.123838,article,Information Sciences,https://openalex.org/W7166513907
Information Sciences,Elsevier,2026,2026-06-30,Adaptive prototype replay for continual named entity recognition,Yuanyuan Zhao; Sh.L. Zhao; Jingwei Gao; Yue Fu; Minghu Wang; Zhihang Li,756,,10.1016/j.ins.2026.123852,https://doi.org/10.1016/j.ins.2026.123852,article,Information Sciences,https://openalex.org/W7166694070
Information Sciences,Elsevier,2026,2026-06-30,Constraint-aware transformer architecture search via feasibility discriminator-guided latent-space evolution,Lei Liu; Gary G. Yen; Zhenan He,756,,10.1016/j.ins.2026.123858,https://doi.org/10.1016/j.ins.2026.123858,article,Information Sciences,https://openalex.org/W7166734315
Information Sciences,Elsevier,2026,2026-06-30,Distributed observer with multi-rate measurements and event-triggered communication for disturbed linear systems,L.A. Galicia-Galicia; C.D. García-Beltrán; Omar Hernández‐González; Guillermo Valencia‐Palomo; ME Guerrero-Sánchez,756,,10.1016/j.ins.2026.123857,https://doi.org/10.1016/j.ins.2026.123857,article,Information Sciences,https://openalex.org/W7166647556
Information Sciences,Elsevier,2026,2026-06-30,IDFed: A privacy-preserving collaborative intrusion detection framework based on blockchain and federated learning,Qi Zhou; Xuechun Mao; Ying Chen,756,,10.1016/j.ins.2026.123859,https://doi.org/10.1016/j.ins.2026.123859,article,Information Sciences,https://openalex.org/W7166700383
Information Sciences,Elsevier,2026,2026-06-30,MAFNet: Mamba-based asymmetric fusion network for event-based motion deblurring,Qihang Jiang; Y ZHAO; Weiliang Meng; Zi Wang; Yukun Ren; Yulin Zhang; Hailong Zou; Shushan Qiao,756,,10.1016/j.ins.2026.123853,https://doi.org/10.1016/j.ins.2026.123853,article,Information Sciences,https://openalex.org/W7166660510
Information Sciences,Elsevier,2026,2026-06-30,Sum-product networks for probabilistic forecasting of monthly temperature anomalies: A CNN-GRU-SPN-Gamma approach,Maria-Alexandra Badea; Elena Pelican,756,,10.1016/j.ins.2026.123854,https://doi.org/10.1016/j.ins.2026.123854,article,Information Sciences,https://openalex.org/W7166658717
Information Sciences,Elsevier,2026,2026-06-30,TVCA-IF: A temporal-variable cross-attention interactive fusion network for multidimensional sensor-based human activity recognition,Yipeng Xu; Hongji Xu; Weihao Li; Hao Zheng; Zhikai Xu; Dan Li; Peiquan Tian; Zihan Ruan; Yonghui Yu,757,,10.1016/j.ins.2026.123862,https://doi.org/10.1016/j.ins.2026.123862,article,Information Sciences,https://openalex.org/W7166732733
Information Sciences,Elsevier,2026,2026-06-30,Towards a Z-number distance measure using maximum mean discrepancy principle,Yaxian Tang; Yuanqi Zhang; Rui Huang; H. M. Shao; Bingyi Kang,756,,10.1016/j.ins.2026.123860,https://doi.org/10.1016/j.ins.2026.123860,article,Information Sciences,https://openalex.org/W7166704355
Information Sciences,Elsevier,2026,2026-06-30,Using pairwise comparisons to estimate mass assignments in evidence theory,Matteo Brunelli; Sébastien Destercke,756,,10.1016/j.ins.2026.123855,https://doi.org/10.1016/j.ins.2026.123855,article,Information Sciences,https://openalex.org/W7166708914
Information Sciences,Elsevier,2026,2026-07-01,Seed-guided semi-supervised clustering by a-contrario anomaly detection,Nassir Mohammad,756,,10.1016/j.ins.2026.123856,https://doi.org/10.1016/j.ins.2026.123856,article,Information Sciences,https://openalex.org/W7166835823
Information Sciences,Elsevier,2026,2026-07-02,Hamiltonian monte carlo based neural process for few-shot knowledge graph completion,Kaibo Wang; Qiang Zhu; Jinguang Chen; Huali Yang; Handong Sun,756,,10.1016/j.ins.2026.123864,https://doi.org/10.1016/j.ins.2026.123864,article,Information Sciences,https://openalex.org/W4407484349
Information Sciences,Elsevier,2026,2026-07-02,Observation-level causality-guided graph structure learning for reliable community detection in complex information networks,Yuxian Ke; Qizhang Li; Yi Sun; Chaoyu Yang; Tan Zhang; Haitao Zhang; Tao Deng; Limengzi Yuan; Dongqin Zhu,756,,10.1016/j.ins.2026.123850,https://doi.org/10.1016/j.ins.2026.123850,article,Information Sciences,https://openalex.org/W7167030096
Information Sciences,Elsevier,2026,2026-07-03,An energy-efficient multi-controller scheduling algorithm for automotive cyber-physical systems,Qiuhong Xiang; Hongfang Gong; Zheng Zhang; Wanting Meng,756,,10.1016/j.ins.2026.123861,https://doi.org/10.1016/j.ins.2026.123861,article,Information Sciences,https://openalex.org/W7167254119
Information Sciences,Elsevier,2026,2026-07-03,How to bridge spatial and temporal heterogeneity in link prediction? A contrastive method,Yu Tai; Xinglong Wu; Hui Xin He; Wei Zhang,756,,10.1016/j.ins.2026.123866,https://doi.org/10.1016/j.ins.2026.123866,article,Information Sciences,https://openalex.org/W4404346017
Information Sciences,Elsevier,2026,2026-07-04,Adaptive Versoria-rational quadratic mixture correntropy cubature Kalman filter for non-Gaussian continuous-discrete systems,Yanhui Wang; Z G Yu; Di Liu; Haibo Du; Chenyu Zhang; Xinshu Wang,756,,10.1016/j.ins.2026.123863,https://doi.org/10.1016/j.ins.2026.123863,article,Information Sciences,https://openalex.org/W7167366595
Information Sciences,Elsevier,2026,2026-07-04,Rethinking security of diffusion-based generative steganography,J ZHU; Zixuan Chen; J Liu; Lingxiao Yang; Yi Zhou; Weiqi Luo; X C Xie,756,,10.1016/j.ins.2026.123867,https://doi.org/10.1016/j.ins.2026.123867,article,Information Sciences,https://openalex.org/W7167355643
Information Sciences,Elsevier,2026,2026-07-04,SensMark: Robust and interpretable model watermarking via contextual sensitivity estimation and adaptive trigger insertion,Gejian Zhao; Hanzhou Wu; Bin Li; Xi Zhang; Athanasios V. Vasilakos,756,,10.1016/j.ins.2026.123869,https://doi.org/10.1016/j.ins.2026.123869,article,Information Sciences,https://openalex.org/W7167367769
Information Sciences,Elsevier,2026,2026-07-06,Class-imbalance-aware fuzzy-rough feature selection with adaptive synergy-redundancy for interval-valued data,Weihua Xu; Yuhang Lv,756,,10.1016/j.ins.2026.123865,https://doi.org/10.1016/j.ins.2026.123865,article,Information Sciences,https://openalex.org/W7167504906
Information Sciences,Elsevier,2026,2026-07-06,Cluster reconnaissance radar working pattern recognition based on quantum multi-attribute decision probability-driven evidence combination rule,Yuxin Zhao; Kaili Jiang; Hancong Feng; Dechang Wang; Yuxin Shang; Kailun Tian; Bin Tang,756,,10.1016/j.ins.2026.123874,https://doi.org/10.1016/j.ins.2026.123874,article,Information Sciences,https://openalex.org/W7167485487
Information Sciences,Elsevier,2026,2026-07-06,From semantic association to structural reasoning: An extenics-GNN differential framework for guiding LLM solution synthesis,Tianyi Cao,756,,10.1016/j.ins.2026.123868,https://doi.org/10.1016/j.ins.2026.123868,article,Information Sciences,https://openalex.org/W7167489082
Information Sciences,Elsevier,2026,2026-07-06,Multi-scale spatiotemporal learning with graph neural networks and transformers for stage-aware bearing remaining useful life prediction,Huimin Zhang; Guangming Li; Tingting Duan; Baozhen Zhang; Yanxin Xun; Jingxue Sun,756,,10.1016/j.ins.2026.123871,https://doi.org/10.1016/j.ins.2026.123871,article,Information Sciences,https://openalex.org/W7167511919
Information Sciences,Elsevier,2026,2026-07-06,Relational surrogate-assisted whale optimization with enhanced solution quality for high-dimensional medical feature selection,Hui Li; Ruixuan Liao; Chaofan Wang; Chenglang Lu; Huiling Chen,756,,10.1016/j.ins.2026.123870,https://doi.org/10.1016/j.ins.2026.123870,article,Information Sciences,https://openalex.org/W7167460541
Information Sciences,Elsevier,2026,2026-07-06,Structurally and attention-adaptive explainable deep learning for multimodal medical diagnosis using the unified fuzzy membership function,Sajid Hussain; Muhammad Waqas; Songhua Xu; Muhammad Usman Aslam,756,,10.1016/j.ins.2026.123872,https://doi.org/10.1016/j.ins.2026.123872,article,Information Sciences,https://openalex.org/W7167464047
Information Sciences,Elsevier,2026,2026-07-07,Efficient node embeddings for textual graphs,George Matlis; Apostolos Papadopoulos; Nikos Dimokas; Petros S. Karvelis,756,,10.1016/j.ins.2026.123873,https://doi.org/10.1016/j.ins.2026.123873,article,Information Sciences,https://openalex.org/W7167577441
Information Sciences,Elsevier,2026,2026-07-07,GRFusion: Graph reconstruction-aware fusion of incomplete multi-modal data for cancer diagnosis and prognosis,Ziye Zhang; Shijin Wang; Yuying Huang; Xiaorou Zheng; Shoubin Dong,756,,10.1016/j.ins.2026.123876,https://doi.org/10.1016/j.ins.2026.123876,article,Information Sciences,https://openalex.org/W7167633797
Information Sciences,Elsevier,2026,2026-07-07,PPDTFE-IP: Privacy-preserving decentralized and traceable functional encryption for inner product,Jianming Du; Changgen Peng; Dengshuo Zhu; Weijie Tan,756,,10.1016/j.ins.2026.123875,https://doi.org/10.1016/j.ins.2026.123875,article,Information Sciences,https://openalex.org/W7167621127
Information Sciences,Elsevier,2026,2026-07-08,Graph contrastive learning with no augmentations,Xinglong Chang; Jianrong Wang; Jian Wang; Rui Guo; Jinghui Li; Dongxiao He; Yingkui Wang; Weixiong Zhang,756,,10.1016/j.ins.2026.123883,https://doi.org/10.1016/j.ins.2026.123883,article,Information Sciences,https://openalex.org/W7167700517
Information Sciences,Elsevier,2026,2026-07-08,How can group decision-making discriminate expert reliability heterogeneity across attributes?,Gang Li; Liangping Yan; Simeng Qin; Zhenglin Sun,757,,10.1016/j.ins.2026.123877,https://doi.org/10.1016/j.ins.2026.123877,article,Information Sciences,https://openalex.org/W7167702684
Information Sciences,Elsevier,2026,2026-07-08,Three-way decision-guided hierarchical reinforcement learning for high-frequency trading,Jiashuo Cao; Xinlei Zhang; Yuxiang Sun; Xianzhong Zhou; Huaxiong Li,757,,10.1016/j.ins.2026.123880,https://doi.org/10.1016/j.ins.2026.123880,article,Information Sciences,https://openalex.org/W7167693307
Information Sciences,Elsevier,2026,2026-07-09,Causality-driven infrared and visible image fusion,Lei Ma; Suzhen Lin; Jianchao Zeng; Zanxia Jin; Yanbo Wang; Fengyuan Li; Yihan Luo,757,,10.1016/j.ins.2026.123891,https://doi.org/10.1016/j.ins.2026.123891,article,Information Sciences,https://openalex.org/W4415036371
Information Sciences,Elsevier,2026,2026-07-09,Considering mixed-frequency data and multiple interactions for hard disk drive failure prediction: An integrated grey system framework,Qinzi Xiao; Mingyun Gao; Congjun Rao,756,,10.1016/j.ins.2026.123881,https://doi.org/10.1016/j.ins.2026.123881,article,Information Sciences,https://openalex.org/W7167832339
Information Sciences,Elsevier,2026,2026-07-09,Edge-conditioned Markov kernels for stable label refinement on heterophilous graphs,Taewook Ko; Yoonhyuk Choi,756,,10.1016/j.ins.2026.123879,https://doi.org/10.1016/j.ins.2026.123879,article,Information Sciences,https://openalex.org/W7167785277
Information Sciences,Elsevier,2026,2026-07-09,Network topology inference from smooth signals under partial observability,C. Peng; Hanning Tang; Zhiguo Wang; Xiaojing Shen,757,,10.1016/j.ins.2026.123878,https://doi.org/10.1016/j.ins.2026.123878,article,Information Sciences,https://openalex.org/W7167834519
Information Sciences,Elsevier,2026,2026-07-09,Trust-aware distributed entropy filtering for networked nonlinear systems under non-Gaussian noises,Haifang Song; Derui Ding; Xiaohua Ge; Qing‐Long Han; Xian‐Ming Zhang,757,,10.1016/j.ins.2026.123882,https://doi.org/10.1016/j.ins.2026.123882,article,Information Sciences,https://openalex.org/W7167802734
Information Sciences,Elsevier,2026,2026-07-10,Manifold discovery and representation via density attractor-induced graph construction,Jiayi Xu; Jihong Pei; Yang Zhao; Qing Li; Xuan Yang; Da Xu,756,,10.1016/j.ins.2026.123890,https://doi.org/10.1016/j.ins.2026.123890,article,Information Sciences,https://openalex.org/W7167933834
Information Sciences,Elsevier,2026,2026-07-11,A new subspace minimization conjugate gradient algorithm without explicit use of gradient terms,Lihui Peng; Yihuai Xu; Gan Xiao; BingShuo WU; Yihe Rui,757,,10.1016/j.ins.2026.123894,https://doi.org/10.1016/j.ins.2026.123894,article,Information Sciences,https://openalex.org/W7168049788
Information Sciences,Elsevier,2026,2026-07-11,EmoSkeMPR: ViT-based masked position reconstruction and skeleton feature fusion for multi-task emotion and behavior recognition,Xianlin Peng; Lingjie Kong; Qiyao Hu; Jinye Peng; Gu Fang,757,,10.1016/j.ins.2026.123895,https://doi.org/10.1016/j.ins.2026.123895,article,Information Sciences,https://openalex.org/W7168039135
Information Sciences,Elsevier,2026,2026-07-11,FMTSE-FS: a hybrid feature selection method of fuzzy-multi-threshold segmentation and spatial evolution strategy for DDoS attack detection,Si-Yu Jin; XU Zi-rui; Jie‐Sheng Wang; Yucai Wang; S B Li; Zhi-Guang Si,756,,10.1016/j.ins.2026.123892,https://doi.org/10.1016/j.ins.2026.123892,article,Information Sciences,https://openalex.org/W7168026739
Information Sciences,Elsevier,2026,2026-07-13,A multimodal decision support framework for multi-criteria sorting with emotion-aware online reviews,Xiaohong Pan; Shi-Fan He; Suhui Wang; Hui Li; Luis Martínez,757,,10.1016/j.ins.2026.123897,https://doi.org/10.1016/j.ins.2026.123897,article,Information Sciences,https://openalex.org/W7168185296
Information Sciences,Elsevier,2026,2026-07-13,Editorial Board,,753,,10.1016/s0020-0255(26)00818-2,https://doi.org/10.1016/s0020-0255(26)00818-2,paratext,Information Sciences,https://openalex.org/W7168146428
Information Sciences,Elsevier,2026,2026-07-13,"Fault diagnosis for dynamically reconfigurable discrete event systems: Architecture, diagnosability, and online implementation",Jiafeng Zhang; Hengrui Zhang; Z M Li,757,,10.1016/j.ins.2026.123899,https://doi.org/10.1016/j.ins.2026.123899,article,Information Sciences,https://openalex.org/W7168140570
Information Sciences,Elsevier,2026,2026-07-13,Most exigent eigenvalue and minimum acceptable time headway in vehicle platoon with time delay,Xu Zhu; Yongming Shen,757,,10.1016/j.ins.2026.123898,https://doi.org/10.1016/j.ins.2026.123898,article,Information Sciences,https://openalex.org/W7168162473
Information Sciences,Elsevier,2026,2026-07-13,OFMFS: Optimizing feature diversity via multi-perspective self-supervised tasks for few-shot image classification,Dongqing Li; Linhua Zou; Wencheng Lin; Hong Zhao,757,,10.1016/j.ins.2026.123901,https://doi.org/10.1016/j.ins.2026.123901,article,Information Sciences,https://openalex.org/W7168163752
Information Sciences,Elsevier,2026,2026-07-13,SAE-VSP: Table-to-text generation with semantic association encoder and variational sequential planning,Qi Qi; Yajun DU; Jia Liu; Xianyong Li; Xiaoliang Chen; Yanli Lee,757,,10.1016/j.ins.2026.123900,https://doi.org/10.1016/j.ins.2026.123900,article,Information Sciences,https://openalex.org/W7168184193
Information Sciences,Elsevier,2026,2026-07-14,Dynamic speed limit control method for merging bottleneck of expressway considering traffic states,Xin Zhang; Qizhou Hu,757,,10.1016/j.ins.2026.123903,https://doi.org/10.1016/j.ins.2026.123903,article,Information Sciences,https://openalex.org/W7168253619
Information Sciences,Elsevier,2026,2026-07-14,FANTF: Fuzzy attention network based transformers for time series analysis,Sanjay Chakraborty; Fredrik Heintz,757,,10.1016/j.ins.2026.123893,https://doi.org/10.1016/j.ins.2026.123893,article,Information Sciences,https://openalex.org/W7168240929
Information Sciences,Elsevier,2026,2026-07-14,Highlighting true alerts in false-positive-heavy intrusion detection systems outputs through unsupervised community detection and large language models,Andrea López-García; Luis Bote-Curiel; Sergio Muñoz-Romero; Juan Ramón Feijoo-Martínez; Alicia Guerrero-Curieses,757,,10.1016/j.ins.2026.123896,https://doi.org/10.1016/j.ins.2026.123896,article,Information Sciences,https://openalex.org/W7168268413
Information Sciences,Elsevier,2026,2026-07-14,"Towards fast, secure, and robust confidential image encryption scheme based on new infinite-domain chaos",Huipeng Liu; Yi An; Lin Teng; Pengbo Liu,757,,10.1016/j.ins.2026.123904,https://doi.org/10.1016/j.ins.2026.123904,article,Information Sciences,https://openalex.org/W7168274678
Information Sciences,Elsevier,2026,2026-07-15,Empirical decision theory,Christoph Jansen; Georg Schollmeyer; Thomas Augustin; Julian Rodemann,757,,10.1016/j.ins.2026.123906,https://doi.org/10.1016/j.ins.2026.123906,article,Information Sciences,https://openalex.org/W4417143245
Information Sciences,Elsevier,2026,2026-07-16,A novel self-paced Takagi-Sugeno-Kang fuzzy classifier via learning the robust antecedents of all fuzzy rules,Jia Qu; Wulin Yang; Zekang Bian,757,,10.1016/j.ins.2026.123902,https://doi.org/10.1016/j.ins.2026.123902,article,Information Sciences,https://openalex.org/W7168678748
Information Sciences,Elsevier,2026,2026-07-16,A random forest-guided hybrid evolutionary framework for stochastic multiobjective knapsack problems,Yu Bai; Hui Li; Yanhui Tang,757,,10.1016/j.ins.2026.123907,https://doi.org/10.1016/j.ins.2026.123907,article,Information Sciences,https://openalex.org/W7169227934
Information Sciences,Elsevier,2026,2026-07-16,Silent corruption: Logic collapse and attribution fidelity failure in compressed intrusion detection systems,Md Hamid Borkot Tulla; Lin Yuan; Jiawei Zhang; Xiao Pu; Gwanggil Jeon,757,,10.1016/j.ins.2026.123908,https://doi.org/10.1016/j.ins.2026.123908,article,Information Sciences,https://openalex.org/W7169227969
Information Sciences,Elsevier,2026,2026-07-17,Physics-constrained dynamic graph and multi-resolution temporal modeling for traffic forecasting,Arabinda Panda; Debi Prosad Dogra; Partha Pratim Dey,757,,10.1016/j.ins.2026.123911,https://doi.org/10.1016/j.ins.2026.123911,article,Information Sciences,https://openalex.org/W7169611599
Information Sciences,Elsevier,2026,2026-07-17,Sparse expectile regression via broken adaptive ridge,Mingyuan Shao; Daoji Li; Yu Zhang; Hongyun Zhao,757,,10.1016/j.ins.2026.123910,https://doi.org/10.1016/j.ins.2026.123910,article,Information Sciences,https://openalex.org/W7169594037
Information Sciences,Elsevier,2026,2026-07-17,Towards structure-aware AI: modeling and analyzing directed balanced cliques in signed graphs,Muhammad Naeem; Abdallah Tubaishat; Zahid Halim; Stefano Cirillo; Fawaz Khaled Alarfaj; Imad Rida; Sajid Anwar,757,,10.1016/j.ins.2026.123905,https://doi.org/10.1016/j.ins.2026.123905,article,Information Sciences,https://openalex.org/W7169555077
Information Sciences,Elsevier,2026,2026-07-17,Trustworthy conflict-aware multi-view learning via bi-level evidence exploration,Guangyan Ji; Dianxi Shi; Shaowu Yang; Zhiruo Zhang; Zichen Yao,757,,10.1016/j.ins.2026.123912,https://doi.org/10.1016/j.ins.2026.123912,article,Information Sciences,https://openalex.org/W7169581176
Information Sciences,Elsevier,2026,2026-07-18,CFENet: CLIP-based fine-grained enhancement network for person re-identification,Xuebing Bai; Jichang Guo; Jin Che; Yuqing Chen,757,,10.1016/j.ins.2026.123914,https://doi.org/10.1016/j.ins.2026.123914,article,Information Sciences,https://openalex.org/W7169658988
Information Sciences,Elsevier,2026,2026-07-18,Dual-aware collaboration and localized semantic calibration for label-scarce vertical federated learning,Shuai Chen; Wenyu Zhang; Jiahao Nie; Zixuan Dai; Qingjun Mao,757,,10.1016/j.ins.2026.123909,https://doi.org/10.1016/j.ins.2026.123909,article,Information Sciences,https://openalex.org/W7169674342
Information Sciences,Elsevier,2026,2026-07-20,Bi-coalitions: Improvements and extension,Xiaonan Li; Zhuohao Qian,757,,10.1016/j.ins.2026.123924,https://doi.org/10.1016/j.ins.2026.123924,article,Information Sciences,https://openalex.org/W7169784293
Information Sciences,Elsevier,2026,2026-07-20,Biologically inspired hexagonal deep learning for hexagonal image processing with hexnet,Tobias Schlosser; Michael Friedrich; Trixy Meyer; Danny Kowerko; Maximilian Eibl,757,,10.1016/j.ins.2026.123923,https://doi.org/10.1016/j.ins.2026.123923,article,Information Sciences,https://openalex.org/W7169758321
Information Sciences,Elsevier,2026,2026-07-20,Constrained economic emission dispatch using gravitational search algorithm integrating multi-trial vectors and hierarchical local optimization,Chaodong Fan; Yin Zhao; Leyi Xiao,757,,10.1016/j.ins.2026.123916,https://doi.org/10.1016/j.ins.2026.123916,article,Information Sciences,https://openalex.org/W7169753823
Information Sciences,Elsevier,2026,2026-07-20,Granular-ball-based multi-scale fuzzy combination entropy anomaly detection method,侯冬健; Z M Li; Donglai Fu,757,,10.1016/j.ins.2026.123920,https://doi.org/10.1016/j.ins.2026.123920,article,Information Sciences,https://openalex.org/W7169786547
Information Sciences,Elsevier,2026,2026-07-20,KAMEL: A universal KAN-augmented multimodal mixture-of-experts framework for learning heterogeneous and imbalanced tabular data,Yi-Xiang Wang; Zebang Zhong; Runze Cai; Wangkai Ji; Hanwen Ning,757,,10.1016/j.ins.2026.123925,https://doi.org/10.1016/j.ins.2026.123925,article,Information Sciences,https://openalex.org/W7169803606
Information Sciences,Elsevier,2026,2026-07-20,Reinforcement learning approach to state-flipped control for probabilistic Boolean networks,Tatsuya Hasegawa; Koichi Kobayashi; Yuh Yamashita,757,,10.1016/j.ins.2026.123922,https://doi.org/10.1016/j.ins.2026.123922,article,Information Sciences,https://openalex.org/W7169752250
Information Sciences,Elsevier,2026,2026-07-20,SQPSGBO: An efficient low-cost performance optimization method for Spark SQL applications,Bingyu Guan; Gao Y; Quan Zhou; Di Liu,757,,10.1016/j.ins.2026.123917,https://doi.org/10.1016/j.ins.2026.123917,article,Information Sciences,https://openalex.org/W7169791108
Information Sciences,Elsevier,2026,2026-07-20,User preference generation and recommendation of new energy vehicles based on diffusion model and multimodal knowledge graph,Shuangbao Zhang; Quan Cheng,757,,10.1016/j.ins.2026.123919,https://doi.org/10.1016/j.ins.2026.123919,article,Information Sciences,https://openalex.org/W7169756747
Information Sciences,Elsevier,2026,2026-07-21,LG-Index: Learning-based graph indexing for subgraph queries,Bin Yang; Zhaonian Zou; Jianxiong Ye,757,,10.1016/j.ins.2026.123913,https://doi.org/10.1016/j.ins.2026.123913,article,Information Sciences,https://openalex.org/W7169856556
Information Sciences,Elsevier,2026,2026-07-21,Link prediction in directed signed networks through structural feature compression and frequency-domain nonlinear modeling,Hongyun Zhao; Bihui Cong; Shuang Xu,757,,10.1016/j.ins.2026.123918,https://doi.org/10.1016/j.ins.2026.123918,article,Information Sciences,https://openalex.org/W7169857614
Information Sciences,Elsevier,2026,2026-07-22,A deep Q-learning framework with feature fusion for securing automotive CAN bus communications,Ritu Rai; Jyoti Grover; Ninama Rohankumar Babubhai; Niharika Verma,757,,10.1016/j.ins.2026.123927,https://doi.org/10.1016/j.ins.2026.123927,article,Information Sciences,https://openalex.org/W7170089771
Information Sciences,Elsevier,2026,2026-07-22,A dual-agent actor-critic approach with multi-objective reward design for ensemble forecasting of crude oil prices,Xi Zhang; Peide Liu; Xiaoming Wu,757,,10.1016/j.ins.2026.123931,https://doi.org/10.1016/j.ins.2026.123931,article,Information Sciences,https://openalex.org/W7170091637
Information Sciences,Elsevier,2026,2026-07-22,Adaptive barrier-critic learning-based dynamic event-triggered optimal distributed control for nonlinear interconnected systems with uncertain input constraints and full-state constraints,Shihui Liu; Ben Niu; Guangdeng Zong; Ning Zhao; Xudong Zhao,757,,10.1016/j.ins.2026.123934,https://doi.org/10.1016/j.ins.2026.123934,article,Information Sciences,https://openalex.org/W7170042603
Information Sciences,Elsevier,2026,2026-07-22,Learning majority-to-minority transformations with MMD and triplet loss for imbalanced classification,Suman Cha; Hyunjoong Kim,757,,10.1016/j.ins.2026.123929,https://doi.org/10.1016/j.ins.2026.123929,article,Information Sciences,https://openalex.org/W4415088577
Information Sciences,Elsevier,2026,2026-07-22,Medication mapping and diagnosis enhancement for fine-grained medication recommendation,Yishuo Li; Qi Zhang; Shoujin Wang; Weiyu Zhang; Jiasheng Si; Zhang Hu; Wenpeng Lü,757,,10.1016/j.ins.2026.123930,https://doi.org/10.1016/j.ins.2026.123930,article,Information Sciences,https://openalex.org/W7170089157
Information Sciences,Elsevier,2026,2026-07-22,SpanDiff: Relation-aware span diffusion for nested named entity recognition,Ming Fu; Qiaoxuan Yin; Kuineng Chen; Shenchao Zhou,757,,10.1016/j.ins.2026.123928,https://doi.org/10.1016/j.ins.2026.123928,article,Information Sciences,https://openalex.org/W7170041982
Information Sciences,Elsevier,2026,2026-07-22,Text-guided hybrid diffusion for brain tumor MRI segmentation,Ruipeng Li; Yuehui Liao; Yuhao Wang; Qun Jin; Guang Yang; Xiaobo Lai; Chen Song,757,,10.1016/j.ins.2026.123926,https://doi.org/10.1016/j.ins.2026.123926,article,Information Sciences,https://openalex.org/W7170033176
Information Sciences,Elsevier,2026,2026-07-23,A membership-function-based switching approach to reduce conservatism: Application to time-delay TS fuzzy systems,Souhail Tiko,757,,10.1016/j.ins.2026.123932,https://doi.org/10.1016/j.ins.2026.123932,article,Information Sciences,https://openalex.org/W7170177379
Information Sciences,Elsevier,2026,2026-07-23,A novel deep learning framework integrating temporal convolution and bidirectional LSTM for multi-city AQI forecasting,Junjie Xiong; Chengbin Liang; Deguang Wang; Ming Yang,757,,10.1016/j.ins.2026.123941,https://doi.org/10.1016/j.ins.2026.123941,article,Information Sciences,https://openalex.org/W7170158095
Information Sciences,Elsevier,2026,2026-07-23,Advancing multi-omics analysis via dynamic labeling with shared-specific information,Jianmin Wu; Zhaoliang Chen; 蒲雅丽; Weihong Lin; Yuanfei Dai; Genggeng Liu; Wenjie Wu; Shiping Wang,757,,10.1016/j.ins.2026.123935,https://doi.org/10.1016/j.ins.2026.123935,article,Information Sciences,https://openalex.org/W7170158508
Information Sciences,Elsevier,2026,2026-07-23,Centerless semi-supervised clustering via sparse distance optimization and unified K-means/Spectral framework,Jianyong Zhu; Shen Jianyang; Kaijun Jia; Hui Yang; Yingjie Cai; Feiping Nie,757,,10.1016/j.ins.2026.123936,https://doi.org/10.1016/j.ins.2026.123936,article,Information Sciences,https://openalex.org/W7170132501
Information Sciences,Elsevier,2026,2026-07-23,Compact-key boolean searchable encryption for multi-category cloud data sharing,Jinlu Liu; Yang Lu; Haining Yang; Jing Qin; Z H Liu,757,,10.1016/j.ins.2026.123937,https://doi.org/10.1016/j.ins.2026.123937,article,Information Sciences,https://openalex.org/W7170147784
Information Sciences,Elsevier,2026,2026-07-23,Event-triggered fixed-time distributed economic dispatch for microgrids under directed and switching communication topologies,Shaoping Chang; Li Yang; Xiaoyuan Luo; Xinping Guan,757,,10.1016/j.ins.2026.123938,https://doi.org/10.1016/j.ins.2026.123938,article,Information Sciences,https://openalex.org/W7170193815
Information Sciences,Elsevier,2026,2026-07-24,An explainable multi-modal feature fusion method based on correlation-compensated Choquet integration,Haiwang Huang; Xinyi Wang; Guangjie Su; Guona Wang; Fangchao Cheng; Jianping Sun,757,,10.1016/j.ins.2026.123944,https://doi.org/10.1016/j.ins.2026.123944,article,Information Sciences,https://openalex.org/W7170251373
Information Sciences,Elsevier,2026,2026-07-24,Beyond Pruning: Harnessing Off-Path Triples for Knowledge Graph Question Answering with LLMs,Haoran Yin; Puzhen Su; Yongzhu Miao; Tang Kang; Jintao Tang; S B Li; Ting Wang,757,,10.1016/j.ins.2026.123915,https://doi.org/10.1016/j.ins.2026.123915,article,Information Sciences,https://openalex.org/W7170325763
Information Sciences,Elsevier,2026,2026-07-24,Concise thoughts: Impact of output length on LLM reasoning and cost,Sania Nayab; Giulio Rossolini; Marco Simoni; Andrea Saracino; Giorgio Buttazzo; Nicolamaria Manes; Fabrizio Giacomelli,757,,10.1016/j.ins.2026.123939,https://doi.org/10.1016/j.ins.2026.123939,article,Information Sciences,https://openalex.org/W4401202092
Information Sciences,Elsevier,2026,2026-07-24,Homogeneous representation of heterogeneous spectral-spatial-temporal information for unsound maize kernel identification,Kuibin Zhao; Lei Lu; Pengtao Lv; Hui Li; Hongyi Ge,757,,10.1016/j.ins.2026.123943,https://doi.org/10.1016/j.ins.2026.123943,article,Information Sciences,https://openalex.org/W7170148414
Information Sciences,Elsevier,2026,2026-07-24,Mining diversified top-k graph patterns by incorporating subjective interest,Xin Wang; Fang Huang; Hai-Yang Pan; Tian Wang; Wen-Bo Xie,757,,10.1016/j.ins.2026.123940,https://doi.org/10.1016/j.ins.2026.123940,article,Information Sciences,https://openalex.org/W7170783712
Information Sciences,Elsevier,2026,2026-07-24,Spectrum sensing based on HMM-VMD algorithm for USB TT&C waveform in non-cooperative scenarios,Ziyue Chu; De-Cai Zou; Xue Wang; Peng Shang,757,,10.1016/j.ins.2026.123942,https://doi.org/10.1016/j.ins.2026.123942,article,Information Sciences,https://openalex.org/W7170722337
Information Sciences,Elsevier,2026,2026-07-25,Multi-agent graphical game and dynamic event-triggered constrained control via integral reinforcement learning,Qu Wang; Gaofu Yang; Ruizhuo Song; Lina Xia,758,,10.1016/j.ins.2026.123946,https://doi.org/10.1016/j.ins.2026.123946,article,Information Sciences,https://openalex.org/W7171168106
Information Sciences,Elsevier,2026,2026-07-25,Multi-model active defense method for face forgery based on attribute-sensitive latent space,Chaolong Jia; Ying Liu; Chen Su; Zhengjun Zhou; Hong Liu; Yin Li; Hongjun Zhu; Yunpeng Xiao,757,,10.1016/j.ins.2026.123947,https://doi.org/10.1016/j.ins.2026.123947,article,Information Sciences,https://openalex.org/W7171253252
Information Sciences,Elsevier,2026,2026-07-25,Optimized deep learning for video violence detection: A progressive attention transformer approach,Lino Zachariah; K. Maharajan,757,,10.1016/j.ins.2026.123921,https://doi.org/10.1016/j.ins.2026.123921,article,Information Sciences,https://openalex.org/W7171231494
Information Sciences,Elsevier,2026,2026-07-27,A physics-inspired instance selection method based on Coulomb force modeling,Jiaqing Li; Yu Zhou; Jiguang Li; Shuo Zhao; Jiajie Luo; Lei Bai; Jichun Li,757,,10.1016/j.ins.2026.123945,https://doi.org/10.1016/j.ins.2026.123945,article,Information Sciences,https://openalex.org/W7171385223
Information Sciences,Elsevier,2026,2026-07-27,GSLT: A hierarchical dual-branch framework integrating global semantics and local topology for image recognition,Hu Guan; Haoran Yang; Yuhua Xu,757,,10.1016/j.ins.2026.123948,https://doi.org/10.1016/j.ins.2026.123948,article,Information Sciences,https://openalex.org/W7171365636
Information Sciences,Elsevier,2026,2026-07-27,Multi-scale graph neural architecture with spectral-temporal decomposition for robust long-term forecasting in smart grid systems,Yizhi Cao; Zhaoran Liu; Zijian Tian; Xinggao Liu,758,,10.1016/j.ins.2026.123953,https://doi.org/10.1016/j.ins.2026.123953,article,Information Sciences,https://openalex.org/W7171380927
Information Sciences,Elsevier,2026,2026-07-27,Overcoming tight constraints in soft happy colouring,Mohammad Hadi Shekarriz; Asef Nazari; Dhananjay Thiruvady,758,,10.1016/j.ins.2026.123951,https://doi.org/10.1016/j.ins.2026.123951,article,Information Sciences,https://openalex.org/W7171437953
Information Sciences,Elsevier,2026,2026-07-27,Temporal modulation with anchor routing for heterogeneous federated POI recommendation,Xuzheng He; Jun Zeng; Haoran Tang; Junhao Wen; Min Gao,758,,10.1016/j.ins.2026.123952,https://doi.org/10.1016/j.ins.2026.123952,article,Information Sciences,https://openalex.org/W7171395023
Information Sciences,Elsevier,2026,2026-07-28,Adaptive human-robot collaborative assembly strategy based on group context-aware emotion recognition,Haipeng Lu; Nan Xie; Zuguo Zhang; Wei Pang; Beimeng Yu; Yongming Zhang,758,,10.1016/j.ins.2026.123954,https://doi.org/10.1016/j.ins.2026.123954,article,Information Sciences,https://openalex.org/W7171512675
Information Sciences,Elsevier,2026,2026-07-28,Big data science and data-driven methods in finance,Roy Cerqueti; Pierpaolo D’Urso,754,,10.1016/j.ins.2026.123957,https://doi.org/10.1016/j.ins.2026.123957,editorial,Information Sciences,https://openalex.org/W7171566004
Information Sciences,Elsevier,2026,2026-07-28,FLIP: A foundation model for CTDG link prediction using factorized edge-event intensity,Minwoo Yu; Young-Guk Ha,757,,10.1016/j.ins.2026.123955,https://doi.org/10.1016/j.ins.2026.123955,article,Information Sciences,https://openalex.org/W7171524253
Information Sciences,Elsevier,2026,2026-07-28,Multi-objective learning with multi-gradient descent for training sparse and interpretable neural networks,Yongjie Feng; Peng Zhang; Hong Yang; Byron J. Gao; Yong Shi,758,,10.1016/j.ins.2026.123950,https://doi.org/10.1016/j.ins.2026.123950,article,Information Sciences,https://openalex.org/W7171546318
Information Sciences,Elsevier,2026,2026-07-28,Probabilistic ordered weighted averaging distances for tariff networks: an application to emerging countries,Marc Cortés Rufé; JORDI MARTI PIDELASSERRA; José M. Merigó,758,,10.1016/j.ins.2026.123933,https://doi.org/10.1016/j.ins.2026.123933,article,Information Sciences,https://openalex.org/W7171485342
Information Sciences,Elsevier,2026,2026-07-29,Destroy-repair of reasoning chains via adaptive large neighborhood search in small language models,Kaleem Ullah Qasim; Jiashu Zhang; Muhammad Waqas Aslam; Muhammad Kafeel Shaheen,758,,10.1016/j.ins.2026.123959,https://doi.org/10.1016/j.ins.2026.123959,article,Information Sciences,https://openalex.org/W7171653609
Information Sciences,Elsevier,2026,2026-07-29,TriFusion: A cross-modal distillation framework for 3D semantic segmentation via tri-plane Gaussian splatting,Miaohui Zhang; Linxian Zhu; Ming Xin,758,,10.1016/j.ins.2026.123962,https://doi.org/10.1016/j.ins.2026.123962,article,Information Sciences,https://openalex.org/W7171615918
Information Sciences,Elsevier,2026,2026-07-30,Adaptive dynamic event-triggered funnel control for heterogeneous vehicular platoons with fixed-time convergence,Bingyin Feng; Dapeng Wang; Peng Wang; Yutao Xia; Hongsheng Zhao; Yunqiu Zeng; Xinhan Liu; Limeng Liu,758,,10.1016/j.ins.2026.123960,https://doi.org/10.1016/j.ins.2026.123960,article,Information Sciences,https://openalex.org/W7171832645
Information Sciences,Elsevier,2026,2026-07-30,Cross-domain generalization in kidney stone detection: A novel approach with ROI adaptive cropping and coronal-transverse multi-plane models,Shukai Ding; Nirattaya Khamsemanan; Cholwich Nattee,758,,10.1016/j.ins.2026.123963,https://doi.org/10.1016/j.ins.2026.123963,article,Information Sciences,https://openalex.org/W7171791183
Information Sciences,Elsevier,2026,2026-07-30,LMMSE: A clinically inspired framework for cognitive evaluation of large language models,Chanwoo Park; Chanwoo Kim,758,,10.1016/j.ins.2026.123956,https://doi.org/10.1016/j.ins.2026.123956,article,Information Sciences,https://openalex.org/W7171871001
Information Sciences,Elsevier,2026,2026-07-30,Towards faster and deeper hoeffding trees: Fractional bounds and correlation-preserving multi-index statistics,Maciej Jaworski; Danuta Rutkowska; Piotr Duda; Wenhua Wang; Xinyu Geng; Leszek Rutkowski,758,,10.1016/j.ins.2026.123949,https://doi.org/10.1016/j.ins.2026.123949,article,Information Sciences,https://openalex.org/W7171767028
Information Sciences,Elsevier,2026,2026-07-31,Feature selection for label distribution data via granular-ball fuzzy discrimination index and minimum entropy binning,Rongrong Wang; Eric C.C. Tsang; Weihua Xu; Zhaowen Li,758,,10.1016/j.ins.2026.123958,https://doi.org/10.1016/j.ins.2026.123958,article,Information Sciences,https://openalex.org/W7172029640
Information Sciences,Elsevier,2026,2026-07-31,Incremental feature selection for hybrid data based on conditional information entropy and local Canberra distance using matrix operation,Zhaowen Li; Bozhan Li; Tao Lu; Huaming Wei,758,,10.1016/j.ins.2026.123965,https://doi.org/10.1016/j.ins.2026.123965,article,Information Sciences,https://openalex.org/W7171932902
Information Sciences,Elsevier,2026,2026-07-31,MSGB: Adaptive granular ball clustering via mean shift optimization and graph-based density connectivity,Menghui Zhang; Xueling Ma; Salvador García; Weiping Ding; Jianming Zhan,758,,10.1016/j.ins.2026.123967,https://doi.org/10.1016/j.ins.2026.123967,article,Information Sciences,https://openalex.org/W7172027988
Information Sciences,Elsevier,2026,2026-07-31,QDRF: Quantized and distilled robust fusion for incomplete data in multimodal sentiment analysis,Jiachen Hou; Zheyan Cheng; Chen Xing; Yushi Li; Nan Xiang; Shaoyu Cai; Jie Liu; Yushan Pan,758,,10.1016/j.ins.2026.123966,https://doi.org/10.1016/j.ins.2026.123966,article,Information Sciences,https://openalex.org/W7171956775
Information Sciences,Elsevier,2026,2026-07-31,Semantic-aware prototype optimization for test-time adaptive semantic segmentation,Zhengyu Zhu; Guangrui Li; Jianghao Zhou; Bo Li; Yongxin Ge,758,,10.1016/j.ins.2026.123964,https://doi.org/10.1016/j.ins.2026.123964,article,Information Sciences,https://openalex.org/W7172007521
Information Sciences,Elsevier,2026,2026-08-01,Hierarchically guided adaptive spatio-temporal receptive-field coordination for continuous sign language recognition,Long Zhang; Guangqian Kong; Xun Duan; Huiyun Long,,,10.1016/j.ins.2026.123983,https://doi.org/10.1016/j.ins.2026.123983,article,Information Sciences,https://openalex.org/W7196999372
Information Sciences,Elsevier,2026,2026-08-02,Corrigendum to “A random forest-guided hybried evolutionary framework for stochastic multiobjective knapsack problems” [Inf. Sci. 757 (2026) 123907],Yuting Bai; Hui Li; Yanhui Tang,754,,10.1016/j.ins.2026.123961,https://doi.org/10.1016/j.ins.2026.123961,erratum,Information Sciences,https://openalex.org/W7172207867
Information Sciences,Elsevier,2026,2026-08-02,Granular growing self-organizing map for novelty detection and incremental feature selection,Yuanhao Sun; Ping Zhu; Kanglin Qu; Jiucheng Xu,758,,10.1016/j.ins.2026.123969,https://doi.org/10.1016/j.ins.2026.123969,article,Information Sciences,https://openalex.org/W7172232757
Information Sciences,Elsevier,2026,2026-08-03,Integrating cognitive skill levels assessment cognitive diagnosis for intelligent education systems,Xiaonan Yang; Senlin Luo; Jinjie Zhou; Deshan Yang; Limin Pan,758,,10.1016/j.ins.2026.123973,https://doi.org/10.1016/j.ins.2026.123973,article,Information Sciences,https://openalex.org/W7172345213
Information Sciences,Elsevier,2026,2026-08-03,Leverage images in named entity recognition: When and how,Guohui Ding; Chufei Wang; Tianhao Jiang; Rui Hong Zhou,759,,10.1016/j.ins.2026.123970,https://doi.org/10.1016/j.ins.2026.123970,article,Information Sciences,https://openalex.org/W7172269802
Information Sciences,Elsevier,2026,2026-08-04,"Computational trust and rating for strategic service exchange under virtual anonymity, collusion, and blind partner selection",Jerzy Konorski,758,,10.1016/j.ins.2026.123981,https://doi.org/10.1016/j.ins.2026.123981,article,Information Sciences,https://openalex.org/W7172436725
Information Sciences,Elsevier,2026,2026-08-04,MARSD: Memory-augmented robust self-training via dynamic consistency for unsupervised domain adaptation,Zehao Duan; Jiawei Wang; Qiang Zhou; Shuming Xiong,758,,10.1016/j.ins.2026.123978,https://doi.org/10.1016/j.ins.2026.123978,article,Information Sciences,https://openalex.org/W7172436272
Information Sciences,Elsevier,2026,2026-08-04,Multimodal driven uncertainty modeling for action quality assessment,Boqiang Jia; Wenjie Wang; Xin Tian; Xiaohua Wang; Xitian Tian,758,,10.1016/j.ins.2026.123980,https://doi.org/10.1016/j.ins.2026.123980,article,Information Sciences,https://openalex.org/W7172451252
Information Sciences,Elsevier,2026,2026-08-05,An inventory policy for perishable agri-food products in a sustainable-resilient hazelnut supply chain under uncertainty: Pathways to circular economy,Ainaz Ghorbani-Vahdati; Reza R. Tavakkoli-Moghaddam; Alireza Khalili-Fard; Ali Bozorgi-Amiri,758,,10.1016/j.ins.2026.123968,https://doi.org/10.1016/j.ins.2026.123968,article,Information Sciences,https://openalex.org/W7172492821
Information Sciences,Elsevier,2026,2026-08-05,HEWGOA: An innovative hybrid heuristic approach for multi-constraint UAV path planning in complex 3D environments,Minghao Zhang; Xuening Liu; Yuanjiao Zhu; Dingyi Jia; Keyuan Qiu; Ruru Liu; Jie Zhou; Tao Luo,758,,10.1016/j.ins.2026.123982,https://doi.org/10.1016/j.ins.2026.123982,article,Information Sciences,https://openalex.org/W7172532113
Information Sciences,Elsevier,2026,2026-08-05,SARS: A novel face and body shape and appearance aware 3D reconstruction system extends morphable models,Gulraiz Khan; Kenneth Y. Wertheim; Kevin Pimbblet; Waqas Ahmed,758,,10.1016/j.ins.2026.123984,https://doi.org/10.1016/j.ins.2026.123984,article,Information Sciences,https://openalex.org/W7172505702
Information Sciences,Elsevier,2026,2026-08-05,Shadowed set-based three-way clustering with bilevel aggregation for personalized federated learning,Shubao Zhao; Sin G. Teo; Zengxiang Li,758,,10.1016/j.ins.2026.123972,https://doi.org/10.1016/j.ins.2026.123972,article,Information Sciences,https://openalex.org/W7172492654
Information Sciences,Elsevier,2026,2026-08-05,TrackLGD: Tracking layer-wise graph dynamics for reliable hallucination detection in large language models,Linggang Kong; Haoran Fu; Aiye Li; Lei Wu; 衡鈞 余; Xiaofeng Zhong; Yongjie Wang,758,,10.1016/j.ins.2026.123976,https://doi.org/10.1016/j.ins.2026.123976,article,Information Sciences,https://openalex.org/W7172526003
Information Sciences,Elsevier,2026,2026-08-06,FL-SHADE: an ameliorated evolutionary approach for electric vehicle charging scheduling problems,Weiping Ding; Mohamed Abdel‐Basset; Reda Mohamed; Ibrahim Alrashdi,758,,10.1016/j.ins.2026.123975,https://doi.org/10.1016/j.ins.2026.123975,article,Information Sciences,https://openalex.org/W7196945959
Information Sciences,Elsevier,2026,2026-08-06,Generalized correntropy-based evolving fuzzy system for robust continuous learning,Mingjie Li; Hui Huang; Weidong Yang,758,,10.1016/j.ins.2026.123977,https://doi.org/10.1016/j.ins.2026.123977,article,Information Sciences,https://openalex.org/W7196947750
Information Sciences,Elsevier,2026,2026-08-06,Multi-objective evolutionary feature selection based on feature space grouping for gene data classification,Ying Hu; Nannan Jiang; Xinle Heng; Shixian Chen; Yong Zhang,758,,10.1016/j.ins.2026.123971,https://doi.org/10.1016/j.ins.2026.123971,article,Information Sciences,https://openalex.org/W7197045444
Information Sciences,Elsevier,2026,2026-08-06,SEAR: Structured entity alignment reasoning for agricultural rumor detection,Shufeng Xiong; Yibo Si; Yanyang Hou; Yanling Li; Zhenye Wang; Haiping Si,758,,10.1016/j.ins.2026.123985,https://doi.org/10.1016/j.ins.2026.123985,article,Information Sciences,https://openalex.org/W7196961797
Information Sciences,Elsevier,2026,2026-08-06,Unified-width adaptive dynamic network for all-in-one image restoration,Yimin Xu; Chunmei Yuan; Yunshan Zhong; Fei Chao,758,,10.1016/j.ins.2026.123974,https://doi.org/10.1016/j.ins.2026.123974,article,Information Sciences,https://openalex.org/W4391244583
Information Sciences,Elsevier,2026,2026-08-07,An interpretable uncertainty-aware intelligent framework based on generalized multi-scale formal contexts and Bayesian deep neural networks,Fei Wang; Chongchong Yu; Shida Yu; Witold Pedrycz; Jinhai Li,758,,10.1016/j.ins.2026.123987,https://doi.org/10.1016/j.ins.2026.123987,article,Information Sciences,https://openalex.org/W7201848542
Information Sciences,Elsevier,2026,2026-08-07,Local and global uncertainty quantification for a family of fuzzy multi-criteria sorting models,Boris I. Yatsalo; Alexander Radaev; Andrzej M. J. Skulimowski; LeSheng Jin; Luis M. Martínez,758,,10.1016/j.ins.2026.123988,https://doi.org/10.1016/j.ins.2026.123988,article,Information Sciences,https://openalex.org/W7201888474
Information Sciences,Elsevier,2026,2026-08-08,Electric vehicle load forecasting using a dual-layer hybrid fusion prediction network with spatio-temporal perception and multi-factor integration,Zitian Wang; Yang Lijun; Hao Hu; Qinglong Duan,758,,10.1016/j.ins.2026.123986,https://doi.org/10.1016/j.ins.2026.123986,article,Information Sciences,https://openalex.org/W7201974810
Information Sciences,Elsevier,2026,2026-08-08,SleepMamba: Dual-axis selective state-space model for multimodal sleep staging,Xinghong Chen; Weilin Wu; Yifang Liu; Jiacheng Zheng; Qing Wang; Guannan Chen,758,,10.1016/j.ins.2026.123990,https://doi.org/10.1016/j.ins.2026.123990,article,Information Sciences,https://openalex.org/W7201998976
Information Sciences,Elsevier,2026,2026-08-10,A synergistic weight refocusing mechanism for few-shot class-incremental fault diagnosis of rotating machinery under varying operating conditions,Qing Lu; Dong Deng; Yaqiong Duan; Yong Zhang; Cheng Cheng; Baokang Yan,758,,10.1016/j.ins.2026.123994,https://doi.org/10.1016/j.ins.2026.123994,article,Information Sciences,https://openalex.org/W7202078958
Information Sciences,Elsevier,2026,2026-08-10,DSSG: Decoupled structural synergy for cross-view generative heterogeneous graph representation learning,Min Yao; Weimin Li; Fangfang Liu; Quan-Ke Pan; Hao Wang; Can Wang,758,,10.1016/j.ins.2026.123993,https://doi.org/10.1016/j.ins.2026.123993,article,Information Sciences,https://openalex.org/W7202138882
Information Sciences,Elsevier,2026,2026-08-10,Decoupled multimodal representation learning for robust VQA,Qiwen Lu; Shengbo Chen,758,,10.1016/j.ins.2026.123989,https://doi.org/10.1016/j.ins.2026.123989,article,Information Sciences,https://openalex.org/W7202089470
Information Sciences,Elsevier,2026,2026-08-10,General SimRank: An interpretable similarity measure in heterogeneous information networks,Chuanyan Zhang; Xiaoguang Hong; Yongqing Zheng,758,,10.1016/j.ins.2026.123995,https://doi.org/10.1016/j.ins.2026.123995,article,Information Sciences,https://openalex.org/W4408907562
Information Sciences,Elsevier,2026,2026-08-10,Hypergraph augmentation via latent hyperedge induction,Yuanyi Chen; Moxuan Zeng; Xiangyan Tang,758,,10.1016/j.ins.2026.123992,https://doi.org/10.1016/j.ins.2026.123992,article,Information Sciences,https://openalex.org/W7202134363
Information Sciences,Elsevier,2026,2026-08-10,dF-Choquet inspired functions and their application to feature reduction in convolutional neural networks,J. Arellano; H. Bustince; Benjamín Bedregal; Juan Vicente Riera; Giancarlo Lucca; Ľ. Horanská; Cédric Marco-Detchart; J. Fernandez; I. Rodriguez-Martinez; Anderson Paiva Cruz; G.P. Dimuro,758,,10.1016/j.ins.2026.123991,https://doi.org/10.1016/j.ins.2026.123991,article,Information Sciences,https://openalex.org/W7202077884
Information Sciences,Elsevier,2026,2026-08-11,Data-driven fuzzy distributed reinforcement learning optimal resilient control for multi-USV systems under DoS attacks,Hui Li; Shaocheng Tong,758,,10.1016/j.ins.2026.123998,https://doi.org/10.1016/j.ins.2026.123998,article,Information Sciences,https://openalex.org/W7202211312
Information Sciences,Elsevier,2026,2026-08-11,High-performance fixed-time active fault-tolerant control for robotic manipulators via sparse physics-informed dynamics learning,Thanh Nguyen Truong; Sang-Hyun Kim,758,,10.1016/j.ins.2026.124001,https://doi.org/10.1016/j.ins.2026.124001,article,Information Sciences,https://openalex.org/W7202158578
Information Sciences,Elsevier,2026,2026-08-12,Cross-organ tumor segmentation networks for pancreatic endoscopic ultrasound image,Zhichao Yan; Bin Xiao; Hao Yuan; Yi Zhu; Shipeng Zhu; Hui Xue,758,,10.1016/j.ins.2026.124002,https://doi.org/10.1016/j.ins.2026.124002,article,Information Sciences,https://openalex.org/W7202275316
Information Sciences,Elsevier,2026,2026-08-13,Adaptive reinforcement learning for medical image classification,Ahmad Chaddad; Yuchen Jiang; Tareef Sahal Daqqaq; Reem Kateb,758,,10.1016/j.ins.2026.124003,https://doi.org/10.1016/j.ins.2026.124003,article,Information Sciences,https://openalex.org/W7202387653
Information Sciences,Elsevier,2026,2026-08-13,Constructions of three-way decision evaluation functions on q-ROFSs,Chengyong Jin; Bao Qing Hu,758,,10.1016/j.ins.2026.124000,https://doi.org/10.1016/j.ins.2026.124000,article,Information Sciences,https://openalex.org/W7202349910
Information Sciences,Elsevier,2026,2026-08-13,DAIKG: Disentangled attribute interaction based on knowledge graph for fine-grained fashion preference prediction,Jing Wang; Cuiqin Lan; Xiaoyi Wang,758,,10.1016/j.ins.2026.123999,https://doi.org/10.1016/j.ins.2026.123999,article,Information Sciences,https://openalex.org/W7202402677
Information Sciences,Elsevier,2026,2026-08-13,Nonstationary operating state recognition in MSWI processes based on stochastic configuration networks with adaptive structural evolution,Weitao Li; Jiajie Zhang; Huan Lei; Dianhui Wang; Jian Tang,758,,10.1016/j.ins.2026.124006,https://doi.org/10.1016/j.ins.2026.124006,article,Information Sciences,https://openalex.org/W7202385711
Information Sciences,Elsevier,2026,2026-08-13,RADR-point: Reward-aware dynamic rethinking for dual-stream lifelong point cloud understanding,Yujie Zhang; Minghao Zeng; Rongfeng Zhao; Kaixuan Ding; Zhipeng Wang; Aimin Du; Bin He,758,,10.1016/j.ins.2026.124004,https://doi.org/10.1016/j.ins.2026.124004,article,Information Sciences,https://openalex.org/W7202355882
Information Sciences,Elsevier,2026,2026-08-13,Resilient synchronization control for multi-agent systems under stochastic sampling-based triggering algorithm,Lu Liu; Ming Zhu; Kaibo Shi; Ke Tang; Ying Yang,758,,10.1016/j.ins.2026.123996,https://doi.org/10.1016/j.ins.2026.123996,article,Information Sciences,https://openalex.org/W7202370225
Information Sciences,Elsevier,2026,2026-08-14,Adaptive data compression and reconstruction for memory-bounded EEG continual learning,Chengcheng Xie; Jiahui Fu,758,,10.1016/j.ins.2026.123997,https://doi.org/10.1016/j.ins.2026.123997,article,Information Sciences,https://openalex.org/W7160424947
Information Sciences,Elsevier,2026,2026-08-14,Causal graph based fairness auditing for federated learning under selection bias,Haoyu Xue; Xiaohang Zhang; Zhengren Li; F N Chen,758,,10.1016/j.ins.2026.123979,https://doi.org/10.1016/j.ins.2026.123979,article,Information Sciences,https://openalex.org/W7165793912
Information Sciences,Elsevier,2026,2026-08-14,Continuous spatial-temporal traffic forecasting based on neural partial differential equations,Hongtao Li; Bowei Su; Haina Zhang; Wenzheng Liu; Zhipeng Huang; Junhui Fu -,758,,10.1016/j.ins.2026.124007,https://doi.org/10.1016/j.ins.2026.124007,article,Information Sciences,https://openalex.org/W7203461610
Information Sciences,Elsevier,2026,2026-08-14,SG-Former: An efficient spiking gated transformer with resonant neuronal dynamics,Tiantian Xiao; Yaokun Wang; Wanze Chen; Zhiying Long,758,,10.1016/j.ins.2026.124008,https://doi.org/10.1016/j.ins.2026.124008,article,Information Sciences,https://openalex.org/W7203444075
Information Sciences,Elsevier,2026,2026-08-17,Cascading failure and robustness in supply chain networks: A case study of new energy vehicles,Heng Pan; Rouyue Wang; Ning Zou; Danping Liu; Jingchen Ma,759,,10.1016/j.ins.2026.124020,https://doi.org/10.1016/j.ins.2026.124020,article,Information Sciences,https://openalex.org/W7203618046
Information Sciences,Elsevier,2026,2026-08-17,Diagnosing the quantum performance gap in reinforcement learning: An explainability framework for identifying structural limitations of variational quantum circuits,Basil M. Alzboun; Bilal H. Abed-alguni,759,,10.1016/j.ins.2026.124009,https://doi.org/10.1016/j.ins.2026.124009,article,Information Sciences,https://openalex.org/W7203650148
Information Sciences,Elsevier,2026,2026-08-17,MSTC-VFormer: Variable correlation transformer with multimodal and spatiotemporal channel synergistic attentions for traffic flow prediction,Yan Chen; Dawen Xia; Yang Hu; Yantao Li; Youliang Tian; Fujian Feng; Wenyong Zhang; Huaqing Li,759,,10.1016/j.ins.2026.124010,https://doi.org/10.1016/j.ins.2026.124010,article,Information Sciences,https://openalex.org/W7203645291
Information Sciences,Elsevier,2026,2026-08-17,Multimodal cross-domain recommender systems using image–text fusion: A gated contrastive approach for scalable service computing,Adeel Ahmed; Ku Muhammad Naim Ku Khalif; Massila Kamalrudin; Khalid Saleem; Awad Alyousef; Muhammad I. Khan,758,,10.1016/j.ins.2026.124005,https://doi.org/10.1016/j.ins.2026.124005,article,Information Sciences,https://openalex.org/W7203644121
Information Sciences,Elsevier,2026,2026-08-17,Predicting Mpox outbreaks: the influence of higher-order interactions and temporal network structure on Turing pattern formation,Yue Li; Shuling Shen; Linhe Zhu,759,,10.1016/j.ins.2026.124024,https://doi.org/10.1016/j.ins.2026.124024,article,Information Sciences,https://openalex.org/W7203611867
Information Sciences,Elsevier,2026,2026-08-17,Tackling data imbalance in high-end business markets: A multi-expert capsule network approach,Jianzhong Yu; Chen Zhang; Yuanfeng Song,758,,10.1016/j.ins.2026.124026,https://doi.org/10.1016/j.ins.2026.124026,article,Information Sciences,https://openalex.org/W4410734749
Information Sciences,Elsevier,2026,2026-08-18,Clickstream user behavior clustering using graph time series,Fábio Oliveira Teixeira; Leticia Alves de Oliveira; Victor Augusto Sampaio Precoma; Félipe Mancini,758,,10.1016/j.ins.2026.124028,https://doi.org/10.1016/j.ins.2026.124028,article,Information Sciences,https://openalex.org/W7203720732
Information Sciences,Elsevier,2026,2026-08-18,Decoding market dynamics with financial knowledge graphs and cross-modal transformers,Gengyu Zhan; Yang He; Xuchen Li; Yanhong Gu,758,,10.1016/j.ins.2026.124031,https://doi.org/10.1016/j.ins.2026.124031,article,Information Sciences,https://openalex.org/W7147228690
Information Sciences,Elsevier,2026,2026-08-18,Multi-granularity anchor embedded discriminative latent low-rank fuzzy representation clustering for color image segmentation,Qianpeng Chong; Jiakun Wen; Guangyi Wei; Rong Ma; Rui Bao; Yao Long; Xin Zheng; Wenyi Zeng,759,,10.1016/j.ins.2026.124029,https://doi.org/10.1016/j.ins.2026.124029,article,Information Sciences,https://openalex.org/W7203689557
Information Sciences,Elsevier,2026,2026-08-18,Optimal stabilization of saturated-input unknown nonlinear systems: When reinforcement learning meets event-driven dynamic estimation,Jingjing Xia; Jian Liu; Jian Liu; Yushun Tan; Lijuan Zha; Jinliang Liu; Jinliang Liu,758,,10.1016/j.ins.2026.124034,https://doi.org/10.1016/j.ins.2026.124034,article,Information Sciences,https://openalex.org/W7203691916
Information Sciences,Elsevier,2026,2026-08-18,Synergistic mixed-precision quantization for MoE LLMs: Integrating cooperative shapley attribution with profiling-few fuzzy rule interpolation,Hua-Chen Qi; Rui-Yu Zhuo; Bo-Wen Shi; Fei Chao; Xiang Chang; Changjing Shang; Qiang Shen,759,,10.1016/j.ins.2026.124025,https://doi.org/10.1016/j.ins.2026.124025,article,Information Sciences,https://openalex.org/W7203674337
Information Sciences,Elsevier,2026,2026-08-19,A prototype-based model for set classification,Mohammad Sadegh Mohammadi; Sreejita Ghosh,759,,10.1016/j.ins.2026.124027,https://doi.org/10.1016/j.ins.2026.124027,article,Information Sciences,https://openalex.org/W4402701590
Information Sciences,Elsevier,2026,2026-08-19,De novo design of energetic molecules via domain-guided reinforcement learning and unified 3D representation,Jian Wen; Chunming Yang; Jian Liu; Yingjie He,758,,10.1016/j.ins.2026.124022,https://doi.org/10.1016/j.ins.2026.124022,article,Information Sciences,https://openalex.org/W7203785181
Information Sciences,Elsevier,2026,2026-08-19,Editorial Board,,754,,10.1016/s0020-0255(26)00946-1,https://doi.org/10.1016/s0020-0255(26)00946-1,paratext,Information Sciences,https://openalex.org/W7203720611
Information Sciences,Elsevier,2026,2026-08-19,Efficient privacy-preserving personalized federated prompt learning with enhanced generalization,Wu Yinan; Yanli Ren; Mu Huang,759,,10.1016/j.ins.2026.124021,https://doi.org/10.1016/j.ins.2026.124021,article,Information Sciences,https://openalex.org/W7203761917
Information Sciences,Elsevier,2026,2026-08-19,Evolving fuzzy algorithm for autonomous clustering structure based on hyperellipsoidal prototypes and bio-inspired mechanisms applied to data streams,Jefferson Georgy de Lima Cavalcante Junior; Ginalber L. O. Serra,759,,10.1016/j.ins.2026.124019,https://doi.org/10.1016/j.ins.2026.124019,article,Information Sciences,https://openalex.org/W4416652896
Information Sciences,Elsevier,2026,2026-08-19,Synergizing small and large experts within CoSE-MFND for multimodal fake news detection,Xun Li; Bin Zhou; Lidong Wang; Yin Zhang; Haoyang Xu; Jie Yuan,759,,10.1016/j.ins.2026.124036,https://doi.org/10.1016/j.ins.2026.124036,article,Information Sciences,https://openalex.org/W7203734474
Information Sciences,Elsevier,2026,2026-08-20,A rule discovery-based belief rule base,Heng Dong; Junzhi Wei; Aosen Gong; Ziyu Fan; Wei He; Cuiping Yang,759,,10.1016/j.ins.2026.124030,https://doi.org/10.1016/j.ins.2026.124030,article,Information Sciences,https://openalex.org/W7203821291
Information Sciences,Elsevier,2026,2026-08-20,Graph attention networks with user behavior and social influence modeling for recommendation,Lei Tan; Daofu Gong; Zhenyu Li; Jiao Chen; Zhongxin Yang,759,,10.1016/j.ins.2026.124039,https://doi.org/10.1016/j.ins.2026.124039,article,Information Sciences,https://openalex.org/W7203819448
Information Sciences,Elsevier,2026,2026-08-20,IHD: Interest-aware heterogeneous diffusion model for cascade prediction in social networks,Yichao Zhang; Junxi Peng; Z. G. Wang; Jihong Guan; Shuigeng Zhou; Wengen Li; Zhiwei Cao,759,,10.1016/j.ins.2026.124035,https://doi.org/10.1016/j.ins.2026.124035,article,Information Sciences,https://openalex.org/W7203825281
Information Sciences,Elsevier,2026,2026-08-20,KPM: a novel approach for top-K flexible periodic pattern analysis in time-series data,Unil Yun; Doyoung Kim; Junyoung Park; Seongbin Park; Prof. Philippe Fournier-Viger,759,,10.1016/j.ins.2026.124023,https://doi.org/10.1016/j.ins.2026.124023,article,Information Sciences,https://openalex.org/W7203829401
Information Sciences,Elsevier,2026,2026-08-20,RRL: reciprocity relationship learning with rotation-adaptive transformers for accurate head pose estimation,Shijia Qian; Tingting Liu; Hai Liu; Jianping Ju; Zhaoli Zhang; Youfu Li,759,,10.1016/j.ins.2026.124033,https://doi.org/10.1016/j.ins.2026.124033,article,Information Sciences,https://openalex.org/W7203825417
Information Sciences,Elsevier,2026,2026-08-20,Unsupervised multi-view co-label learning via probabilistic regression,Rui Wang; Yichen Bao; Yuxuan Liu; Quanxue Gao; Cheng Deng,759,,10.1016/j.ins.2026.124038,https://doi.org/10.1016/j.ins.2026.124038,article,Information Sciences,https://openalex.org/W7150884836
Information Sciences,Elsevier,2026,2026-08-20,WGS-MCP: A regularized noise-robust model for structural regression with mixed noise,Yaqing Guo; Rui Hu; Gaoxia Jiang; Changqian Men; Hang Li Xu; Meihong Su; Wenjian Wang,759,,10.1016/j.ins.2026.124032,https://doi.org/10.1016/j.ins.2026.124032,article,Information Sciences,https://openalex.org/W7203823932
Information Sciences,Elsevier,2026,2026-08-21,A new end-to-end reinforcement learning framework based on dynamic heterogeneous graph for partial-re-entrant hybrid flow shop scheduling,Jiawei Wu; Fei Zhao,759,,10.1016/j.ins.2026.124040,https://doi.org/10.1016/j.ins.2026.124040,article,Information Sciences,https://openalex.org/W7203926317
Information Sciences,Elsevier,2026,2026-08-21,"Handling multiple, dynamic, and interactive personas in LBSNs with graphs of agents",Viet Hung Doan; Trinh Pham; Quoc Viet Hung Nguyen; Hongzhi Yin; Jun Jo; Thanh Tam Nguyen,759,,10.1016/j.ins.2026.124043,https://doi.org/10.1016/j.ins.2026.124043,article,Information Sciences,https://openalex.org/W7203857768
Information Sciences,Elsevier,2026,2026-08-21,Multi-level knowledge fusion and uncertainty-aware distillation for zero-shot cross-lingual named entity recognition,Wenwen Zhao; Song Yu; Li Li,759,,10.1016/j.ins.2026.124042,https://doi.org/10.1016/j.ins.2026.124042,article,Information Sciences,https://openalex.org/W7203935437
Information Sciences,Elsevier,2026,2026-08-22,A secure detection and revocation scheme for eliminating poisoning participants in privacy-preserving federated learning,Abdulrahman Mohammed Ahmed Alamer; Sultan Basudan,759,,10.1016/j.ins.2026.124044,https://doi.org/10.1016/j.ins.2026.124044,article,Information Sciences,https://openalex.org/W7203966864
Information Sciences,Elsevier,2026,2026-08-22,DeepMIL: A deep multi-agent imitation learning approach for optimizing opinion spreading in online social networks,Danh C. Bui; Canh V. Pham; Long-Phuoc Tôn; Phuong N. H. Pham,759,,10.1016/j.ins.2026.124041,https://doi.org/10.1016/j.ins.2026.124041,article,Information Sciences,https://openalex.org/W7203966658
Information Sciences,Elsevier,2026,2026-08-22,UniCO: A unified cross-view collaboration network for industrial time series anomaly detection with limited normal samples,Bohan Yao; Xiaogang Deng,759,,10.1016/j.ins.2026.124037,https://doi.org/10.1016/j.ins.2026.124037,article,Information Sciences,https://openalex.org/W7203975937
Information Sciences,Elsevier,2026,2026-08-24,Premise blindness in large vision-language models: Understanding and mitigating false-premise hallucination,Binhan Xu; Li Gang Chang; Chenrui Yang; Jiaqi Xu; Kaiqi Qian; Jingze Chen; Yanhui Du,759,,10.1016/j.ins.2026.124045,https://doi.org/10.1016/j.ins.2026.124045,article,Information Sciences,https://openalex.org/W7204074403
Information Sciences,Elsevier,2026,2026-08-24,Process-prior-guided context retrieval for quality soft sensing: An industrial sinter FeO case study,Zitang Peng; Xiaoxian Huang; Xiaohui Fan; Xulin Chen; Zhenxiang Feng; Min Gan; Jiabao Wang; Zhuozhang Liao,759,,10.1016/j.ins.2026.124046,https://doi.org/10.1016/j.ins.2026.124046,article,Information Sciences,https://openalex.org/W7204088070
Information Sciences,Elsevier,2026,2026-08-24,Rapid autonomous exploration based on frontier guided incremental topological graph,Shuo Pei; Yankun Wang; Wan Mo; Xiangyu Shao; Liming Xin; Weiran Yao,759,,10.1016/j.ins.2026.124047,https://doi.org/10.1016/j.ins.2026.124047,article,Information Sciences,https://openalex.org/W7204098673
Information Sciences,Elsevier,2026,2026-08-24,SNS-aware: Multi-modal aware fusion of social-navigation-scene guided vessel trajectory prediction for empowering intelligent transportation system,Junhao Jiang; Yi Zuo; Zhiyuan Li,759,,10.1016/j.ins.2026.124048,https://doi.org/10.1016/j.ins.2026.124048,article,Information Sciences,https://openalex.org/W7204083946
Information Sciences,Elsevier,2026,2026-08-25,A weighted multiple conditional value-at-risk approach to energy portfolio under market and environmental uncertainty,Bo Li; Chen Pan,759,,10.1016/j.ins.2026.124049,https://doi.org/10.1016/j.ins.2026.124049,article,Information Sciences,https://openalex.org/W7204190515
Information Sciences,Elsevier,2026,2026-08-25,Conflict-aware group role assignment with a training plan,Peng Song; Ruisi Yang; Shengyou Luo; Lunan Zhao; Libo Zhang,759,,10.1016/j.ins.2026.124053,https://doi.org/10.1016/j.ins.2026.124053,article,Information Sciences,https://openalex.org/W7204214334
Information Sciences,Elsevier,2026,2026-08-25,Spiking neural-like graph convolutional model for temporal knowledge graph completion task,Yu Cao; Bing Li; Hong Jian Peng,759,,10.1016/j.ins.2026.124050,https://doi.org/10.1016/j.ins.2026.124050,article,Information Sciences,https://openalex.org/W7204174599
Information Sciences,Elsevier,2026,2026-08-25,Structure-guided neural mask knowledge editing for large language models via graph-aware attribution,Ruinan Liu; Fulong Lin; Qingyu Wang; Xin Wang; Zhihua Fu,759,,10.1016/j.ins.2026.124051,https://doi.org/10.1016/j.ins.2026.124051,article,Information Sciences,https://openalex.org/W7204209632
Information Sciences,Elsevier,2026,2026-08-25,Three-way decision-driven adaptive stochastic consensus dynamics for large-scale group decision making,Bo Sun; Chunmao Jiang; Ruyi Ye; Hao Zhang,759,,10.1016/j.ins.2026.124054,https://doi.org/10.1016/j.ins.2026.124054,article,Information Sciences,https://openalex.org/W7204185265
Information Sciences,Elsevier,2026,2026-08-26,Dynamic knowledge-reliability belief rule base for trustworthy performance assessment of complex electromechanical systems,Tao Su; You Cao; Chao Cheng; Boge Wen; Manlin Chen,759,,10.1016/j.ins.2026.124062,https://doi.org/10.1016/j.ins.2026.124062,article,Information Sciences,https://openalex.org/W7204260558
Information Sciences,Elsevier,2026,2026-08-26,Fixed-time synchronization with prearranged accuracy for fuzzy cellular neural networks with leakage delays and immeasurable states: An observer-based control scheme,Ge Han; Zhitao Zhao; Xian Zhang,759,,10.1016/j.ins.2026.124052,https://doi.org/10.1016/j.ins.2026.124052,article,Information Sciences,https://openalex.org/W7204261306
Information Sciences,Elsevier,2026,2026-08-26,Fuzzy granular-ball-hypergraph based efficient feature selection exploring pruning strategies and synergistic features,Ye Li; Lei Yang; Binbin Sang; Shaoguo Cui; Tiangang Zhou; Guoyin Wang,759,,10.1016/j.ins.2026.124067,https://doi.org/10.1016/j.ins.2026.124067,article,Information Sciences,https://openalex.org/W7204222488
Information Sciences,Elsevier,2026,2026-08-26,Hierarchical community detection benchmark for heterogeneous inter-community connectivity,Brendan Cross; Boleslaw Karol Szymanski,759,,10.1016/j.ins.2026.124069,https://doi.org/10.1016/j.ins.2026.124069,article,Information Sciences,https://openalex.org/W4415098685
Information Sciences,Elsevier,2026,2026-08-26,Joint optimization of band fusion and multi-level thresholding via a hybrid metaheuristic framework: Genetic-Cauchy and Runge-Kutta-driven Adaptive Intensive Mutation (GC-RUNIM),M. Faruk Şahin; Farzad Kiani,759,,10.1016/j.ins.2026.124061,https://doi.org/10.1016/j.ins.2026.124061,article,Information Sciences,https://openalex.org/W7204229484
Information Sciences,Elsevier,2026,2026-08-26,Unsupervised anomaly detection via hybrid kernelized fuzzy neighborhood rough sets for heterogeneous data,Wenhui Xiao; Yumin Chen; Yu Xue; Aiguo Zhang,759,,10.1016/j.ins.2026.124063,https://doi.org/10.1016/j.ins.2026.124063,article,Information Sciences,https://openalex.org/W7204254805
Information Sciences,Elsevier,2026,2026-08-27,FedDCS: Communication-efficient federated learning with dynamic client selection,Nanzhong Wu; Xianzhang Chen; Xuehong Fan; Shukan Liu; Duo Liu; Yujuan Tan; Ao Ren,759,,10.1016/j.ins.2026.124068,https://doi.org/10.1016/j.ins.2026.124068,article,Information Sciences,https://openalex.org/W7204478011
Information Sciences,Elsevier,2026,2026-08-27,Graph-based regime-aware Q-transformers for explainable offline reinforcement learning,Junseop Shin; Jong Min Lee,759,,10.1016/j.ins.2026.124065,https://doi.org/10.1016/j.ins.2026.124065,article,Information Sciences,https://openalex.org/W7204435852
Information Sciences,Elsevier,2026,2026-08-28,Beyond pointwise supervision: A pairwise-augmented approach for positive-unlabeled learning,Long Tang; Li'an TANG; Yingjie Tian; Pãnos M. Pardalos,759,,10.1016/j.ins.2026.124075,https://doi.org/10.1016/j.ins.2026.124075,article,Information Sciences,https://openalex.org/W7204606221
Information Sciences,Elsevier,2026,2026-08-28,Editorial Board,,755,,10.1016/s0020-0255(26)00989-8,https://doi.org/10.1016/s0020-0255(26)00989-8,paratext,Information Sciences,https://openalex.org/W7204604337
Information Sciences,Elsevier,2026,2026-08-28,Fine-grained rice seed variety classification using hyperspectral imaging and dual-branch multi-view residual hypergraph neural network,Xiaoyu Fu; Wenjie Liu; Xincheng Zhang; Xiaoping Wu; Hengnian Qi; Chu Zhang,759,,10.1016/j.ins.2026.124077,https://doi.org/10.1016/j.ins.2026.124077,article,Information Sciences,https://openalex.org/W7204558663
Information Sciences,Elsevier,2026,2026-08-28,MOAT-flow: An adaptive flow matching-inspired denoising framework for industrial process monitoring under dynamic uncertainty,Xi Tu; Xuefeng Yan,759,,10.1016/j.ins.2026.124066,https://doi.org/10.1016/j.ins.2026.124066,article,Information Sciences,https://openalex.org/W7204593234
Information Sciences,Elsevier,2026,2026-08-28,Matrix-driven dynamic maintenance for real-time Fermatean fuzzy decision information systems,Lu Wang; 邓银川; Xuanxuan Zheng; Mingming Kong; Zheng Pei,759,,10.1016/j.ins.2026.124076,https://doi.org/10.1016/j.ins.2026.124076,article,Information Sciences,https://openalex.org/W7204531431
Information Sciences,Elsevier,2026,2026-08-28,PEFR-Net: Bridging physics and learning for image inpainting via 3D PDE-inspired structure exploration and frequency-attention refinement,Rongxin Ma; Hengyou Wang; Degang Chen; Zhihai He,759,,10.1016/j.ins.2026.124078,https://doi.org/10.1016/j.ins.2026.124078,article,Information Sciences,https://openalex.org/W7204540593
Information Sciences,Elsevier,2026,2026-08-28,Self-triggered impulsive control for secure synchronization of stochastic complex networks under multiple cyber attacks and communication delays,Xiaotao Zhou; Jieqing Tan; Lulu Li; Yangang Yao; Yan Yao,759,,10.1016/j.ins.2026.124074,https://doi.org/10.1016/j.ins.2026.124074,article,Information Sciences,https://openalex.org/W7204592718
Information Sciences,Elsevier,2026,2026-08-28,“Where the blame lies?” Explainable anomaly pinpointing via dynamic multi-scale synthesizing network,Tao Deng; Fei Zhou; Ningjiang Chen; Jining Chen,759,,10.1016/j.ins.2026.124073,https://doi.org/10.1016/j.ins.2026.124073,article,Information Sciences,https://openalex.org/W7204595964
Information Sciences,Elsevier,2026,2026-08-29,A hierarchical multi-agent reinforcement learning framework for regional traffic signal coordination,Kangkang Yang; Zhiwen Wang; Pan Zhang; Xinyou Meng; Long Li; Yaoke Shi; Jingxiao Zeng; Mengze Wang; Youwei Pan; Senhai Fan,759,,10.1016/j.ins.2026.124071,https://doi.org/10.1016/j.ins.2026.124071,article,Information Sciences,https://openalex.org/W7204629761
Information Sciences,Elsevier,2026,2026-08-29,CARE-Former: Cross-modal attentive reasoning and evidence transformer for skin lesion diagnosis,Wenlei Fan; Yuejin Zhang; Kejian Fu,759,,10.1016/j.ins.2026.124079,https://doi.org/10.1016/j.ins.2026.124079,article,Information Sciences,https://openalex.org/W7204647443
Information Sciences,Elsevier,2026,2026-08-31,Enhancing oracle bone inscription recognition via multi-scale layer attention,Chaowen Yan; Kaishen Wang; Yong Wang; Junfeng Xiong; Tao He,759,,10.1016/j.ins.2026.124083,https://doi.org/10.1016/j.ins.2026.124083,article,Information Sciences,https://openalex.org/W7166504035
Information Sciences,Elsevier,2026,2026-08-31,Threshold-consistent Bayesian ordinal sorting with probabilistic assignment information,Peng Li; Mengke Liu; Cuiping Wei; Jian Liu,760,,10.1016/j.ins.2026.124084,https://doi.org/10.1016/j.ins.2026.124084,article,Information Sciences,https://openalex.org/W7204747857
Information Sciences,Elsevier,2026,2026-09-01,A Graph Model for Conflict Resolution Incorporating Movement Willingness Intensity under Linguistic Uncertainty,Guolin Tang; Tangzhu Zhang; Baoying Zhu; Peide Liu; Bernard De Baets,,,10.1016/j.ins.2026.124193,https://doi.org/10.1016/j.ins.2026.124193,article,Information Sciences,https://openalex.org/W7214114724
Information Sciences,Elsevier,2026,2026-09-01,A sample generation algorithm based on deoverlapping auxiliary boundaries,Xiaoying Pan; Jialu Liu; X. Sharon Qi; JingXuan Liu; Mengchen Sun; Lin Bai,,,10.1016/j.ins.2026.124189,https://doi.org/10.1016/j.ins.2026.124189,article,Information Sciences,https://openalex.org/W7214119853
Information Sciences,Elsevier,2026,2026-09-01,A transfer learning framework for few-shot abandoned object detection in tunnel surveillance scenes,Haoxiang Liang; Yongfeng Bu; Zhaoyang Zhang; Shijie Sun; Zhe Dai; Xinzhou Ma; Xiangyu Song,,,10.1016/j.ins.2026.124204,https://doi.org/10.1016/j.ins.2026.124204,article,Information Sciences,https://openalex.org/W7214089709
Information Sciences,Elsevier,2026,2026-09-01,Adaptive control for lagrangian systems with fast time-varying delay and extension to flexible joint robot system,Zhen-Guo Liu; En-Xin Liu; Yanpeng Guan; Zong‐Yao Sun,,,10.1016/j.ins.2026.124191,https://doi.org/10.1016/j.ins.2026.124191,article,Information Sciences,https://openalex.org/W7213934718
Information Sciences,Elsevier,2026,2026-09-01,Bi-level knowledge fusion based granular-ball neighborhood rough sets for robust feature selection,Hongyang Wei; Lei Yang; Binbin Sang; Wentao Li; Weihua Xu,,,10.1016/j.ins.2026.124203,https://doi.org/10.1016/j.ins.2026.124203,article,Information Sciences,https://openalex.org/W7214061837
Information Sciences,Elsevier,2026,2026-09-01,Decoupled identity learning with prototype alignment for text-image person retrieval,Jia Sun; Zekai Li; Yanfeng Li; Houjin Chen; Luyifu Chen; Minjun Wang,,,10.1016/j.ins.2026.124202,https://doi.org/10.1016/j.ins.2026.124202,article,Information Sciences,https://openalex.org/W7214071798
Information Sciences,Elsevier,2026,2026-09-01,Design and analysis of an improved constrained hypercube mixer in quantum approximate optimization algorithm,Arkadiusz Wołk; Karol Capała; Katarzyna Rycerz,,,10.1016/j.ins.2026.124187,https://doi.org/10.1016/j.ins.2026.124187,article,Information Sciences,https://openalex.org/W7134069811
Information Sciences,Elsevier,2026,2026-09-01,Dynamic temporal modeling and distribution-calibrated fusion for multimodal sentiment analysis,Chenyue Li; Zhonghao Xi; Bengong Yu; Xuefeng Yu; Haoyu Wang; Rui Dong; Shuping Zhao; Shanlin Yang,,,10.1016/j.ins.2026.124219,https://doi.org/10.1016/j.ins.2026.124219,article,Information Sciences,https://openalex.org/W7214150692
Information Sciences,Elsevier,2026,2026-09-01,Ensemble of deep architectures for SWARM AI-based decision-making,Aníbal Pedraza; Pedro Montealegre-Macias; Israel Mateos-Aparicio-Ruiz; Óscar Déniz; Gloria Bueno,,,10.1016/j.ins.2026.124200,https://doi.org/10.1016/j.ins.2026.124200,article,Information Sciences,https://openalex.org/W7214063205
Information Sciences,Elsevier,2026,2026-09-01,Exposing rumor in online networks: A CP tensor-based detection framework,Xu Zhenni; Junhao Yang; Hongyi Yin; Peikun Ni; Jianming Zhu,,,10.1016/j.ins.2026.124119,https://doi.org/10.1016/j.ins.2026.124119,article,Information Sciences,https://openalex.org/W7211975010
Information Sciences,Elsevier,2026,2026-09-01,FIRE-UAVDet: Scale-aware representation and saliency-guided bidirectional cross-scale aggregation network,Wencheng Cui; Yuezhan Cui; Hong Shao,,,10.1016/j.ins.2026.124188,https://doi.org/10.1016/j.ins.2026.124188,article,Information Sciences,https://openalex.org/W7213664967
Information Sciences,Elsevier,2026,2026-09-01,Fed-AFD-GAN: A federated generative adversarial network framework based on adaptive feature distillation,Tengfei Zhang; Zheng Huo; Teng Wang,760,,10.1016/j.ins.2026.124089,https://doi.org/10.1016/j.ins.2026.124089,article,Information Sciences,https://openalex.org/W7204928995
Information Sciences,Elsevier,2026,2026-09-01,FedCHO: Closed-loop hierarchical orchestration for blockchain-based byzantine-robust federated learning,Fanfan Shen; Ziang Liu; Chao Xu; Zhiquan Liu; Jun Feng; Yanxiang He,,,10.1016/j.ins.2026.124194,https://doi.org/10.1016/j.ins.2026.124194,article,Information Sciences,https://openalex.org/W7214035428
Information Sciences,Elsevier,2026,2026-09-01,Generating synthetic citation networks with communities,Łukasz Brzozowski; Marek Ga̧golewski; Grzegorz Siudem,,,10.1016/j.ins.2026.124196,https://doi.org/10.1016/j.ins.2026.124196,article,Information Sciences,https://openalex.org/W7157686630
Information Sciences,Elsevier,2026,2026-09-01,Granular-ball graph coarsening for graph representation learning,Jinyuan Ni; Long Chen; Ning Yu; Shuyin Xia,,,10.1016/j.ins.2026.124198,https://doi.org/10.1016/j.ins.2026.124198,article,Information Sciences,https://openalex.org/W7213983730
Information Sciences,Elsevier,2026,2026-09-01,Gravity-inspired key node identification in complex networks using entropy-weighted shortest path analysis,Jianli Zhang; Dehua Kong,,,10.1016/j.ins.2026.124205,https://doi.org/10.1016/j.ins.2026.124205,article,Information Sciences,https://openalex.org/W7214084495
Information Sciences,Elsevier,2026,2026-09-01,Guilt by association: Interpretable multiplex graph learning of accounting-risk contagion,Hojun Kang; Sang-Gun Lee,,,10.1016/j.ins.2026.124208,https://doi.org/10.1016/j.ins.2026.124208,article,Information Sciences,https://openalex.org/W7214153580
Information Sciences,Elsevier,2026,2026-09-01,HAD-TAM:Health insurance anomaly detection via truncated affinity maximization with degree-normalized scoring,Shaorong Chen; Binsheng Hong; Zhenze Zhang; Kai-Biao Lin; Zhongqi Cai,,,10.1016/j.ins.2026.124161,https://doi.org/10.1016/j.ins.2026.124161,article,Information Sciences,https://openalex.org/W7213298316
Information Sciences,Elsevier,2026,2026-09-01,HMMF-MPP: Hierarchical multi-modal fusion with mixture-of-experts for molecular property prediction,Jiamin Chen; Zhenpeng Wu; Weihua Ou; Wenhui Xiao; Guihua Duan,,,10.1016/j.ins.2026.124201,https://doi.org/10.1016/j.ins.2026.124201,article,Information Sciences,https://openalex.org/W7214028666
Information Sciences,Elsevier,2026,2026-09-01,IAEF: Illumination-adaptive event-frame fusion framework for autonomous driving object detection,Peijun Shi; Chee‐Onn Chow; Wei Ru Wong,,,10.1016/j.ins.2026.124190,https://doi.org/10.1016/j.ins.2026.124190,article,Information Sciences,https://openalex.org/W7213917517
Information Sciences,Elsevier,2026,2026-09-01,Identification of markov jump linear systems using transferred knowledge,Siyuan Li; Xiaojing Ping; Shuping He; Xiaoli Luan,760,,10.1016/j.ins.2026.124085,https://doi.org/10.1016/j.ins.2026.124085,article,Information Sciences,https://openalex.org/W7204928772
Information Sciences,Elsevier,2026,2026-09-01,Knowledge-guided multimodal information fusion for few-shot defect segmentation,Jingpeng Cui; Hong Yang; Xianqiang Yang,760,,10.1016/j.ins.2026.124087,https://doi.org/10.1016/j.ins.2026.124087,article,Information Sciences,https://openalex.org/W7204907740
Information Sciences,Elsevier,2026,2026-09-01,LLM4ELCM: Multi-view enhanced large language models for explainable legal case matching,Congqing He; Haichuan Hu; Hao Zhang; Yuquan Le; Jiawei Wang; Jacky C. K. Ng,,,10.1016/j.ins.2026.124199,https://doi.org/10.1016/j.ins.2026.124199,article,Information Sciences,https://openalex.org/W7214038683
Information Sciences,Elsevier,2026,2026-09-01,MD-GCN: Attention-fused multi-view dependency graph convolutional network for aspect-based sentiment analysis,Chuan Bai; Yanli Chen; Jinrong Mo; Xiaoguang Liu; Lunzhi Deng; Hanzhou Wu; Ling Xiong,,,10.1016/j.ins.2026.124159,https://doi.org/10.1016/j.ins.2026.124159,article,Information Sciences,https://openalex.org/W7213170250
Information Sciences,Elsevier,2026,2026-09-01,Momentum-updated granular-ball prototypes: Stabilizing cross-modal alignment for multimodal intent recognition,Hao Leng; Xiaoliang Chen; Duoqian Miao; Hongyun Zhang; Xiaolin Qin; 袁琳琳; Peng Lu,,,10.1016/j.ins.2026.124207,https://doi.org/10.1016/j.ins.2026.124207,article,Information Sciences,https://openalex.org/W7214113406
Information Sciences,Elsevier,2026,2026-09-01,PRCCF: A persona-guided retrieval and causal-aware cognitive filtering framework for emotional support conversation,Yanxin Luo; Xiaoyu Zhang; Jing Shuang Li; Yan Gao; Donghong Han,,,10.1016/j.ins.2026.124195,https://doi.org/10.1016/j.ins.2026.124195,article,Information Sciences,https://openalex.org/W7149042688
Information Sciences,Elsevier,2026,2026-09-01,Phased cognitive reinforcement-learning-based penetration strategy of unmanned surface vehicles in multi-obstacle environments,Yingjie Deng; Bo Wang; Wei Zhang; Jing Yan; Fangcheng Liu,,,10.1016/j.ins.2026.124192,https://doi.org/10.1016/j.ins.2026.124192,article,Information Sciences,https://openalex.org/W7214061867
Information Sciences,Elsevier,2026,2026-09-01,RGDLAN and HMARN: A dual-path graph neural approach with multi-agent systems for listed enterprise violation prediction,Xiaoyun Xiong; Shupeng Li; Xiaojie Yu; Xiaoxue Fang; Haoran Zhao; Yingmin Liu; Jinlong Wang,760,,10.1016/j.ins.2026.124072,https://doi.org/10.1016/j.ins.2026.124072,article,Information Sciences,https://openalex.org/W7204861567
Information Sciences,Elsevier,2026,2026-09-01,Reducing the weighted tool replacement problem to min-cost flow on a linear-size graph,Mikhail Cherniavskii; Oleg Lomachenko; Boris I. Goldengorin,,,10.1016/j.ins.2026.124197,https://doi.org/10.1016/j.ins.2026.124197,article,Information Sciences,https://openalex.org/W7213985865
Information Sciences,Elsevier,2026,2026-09-01,Spatial distribution-based orthogonal broad learning system for class-imbalanced data,Yanting Li; Yusha Wang; Junwei Jin; Min Jiang; C.L.Philip Chen,,,10.1016/j.ins.2026.124206,https://doi.org/10.1016/j.ins.2026.124206,article,Information Sciences,https://openalex.org/W7214108739
Information Sciences,Elsevier,2026,2026-09-01,Structural-attribute communicability nonnegative matrix factorization for attributed graph clustering,Qu Yang; Chenzhuo Ji; Qiqi Wang; Yao Zhang; Huijia Li,760,,10.1016/j.ins.2026.124080,https://doi.org/10.1016/j.ins.2026.124080,article,Information Sciences,https://openalex.org/W7204908980
Information Sciences,Elsevier,2026,2026-09-01,When new stations arrive: Delay-aware adaptive graph rough differential equations for incremental station-level weather forecasting,Yuming Su; Tinghuai Ma; Huan Rong; Yifang Yin; Yuan Tian; Shili Xiang,,,10.1016/j.ins.2026.124173,https://doi.org/10.1016/j.ins.2026.124173,article,Information Sciences,https://openalex.org/W7213535003
Information Sciences,Elsevier,2026,2026-09-02,A decomposition-aware dual-stream framework with component-adaptive masked self-supervision for industrial time series forecasting,Bei Sun; Yuxi Gao; Yonggang Li; Zexin Chen; Jiarui Su; Guanfeng Zhufu,760,,10.1016/j.ins.2026.124090,https://doi.org/10.1016/j.ins.2026.124090,article,Information Sciences,https://openalex.org/W7206208123
Information Sciences,Elsevier,2026,2026-09-02,A domain-guided spatiotemporal representation framework with extreme-value-aware learning and mixture classification for environmental extreme-event prediction,Taekyung Kim; Jaeil Kim; Inho Kim; Jinah Kim,760,,10.1016/j.ins.2026.124082,https://doi.org/10.1016/j.ins.2026.124082,article,Information Sciences,https://openalex.org/W7206150921
Information Sciences,Elsevier,2026,2026-09-02,Domain adaptive SAR wake detection: Leveraging similarity filtering and memory guidance,He Gao; Baoxiang Huang; Borui Li; Milena Radenkovic; Ge Chen,760,,10.1016/j.ins.2026.124092,https://doi.org/10.1016/j.ins.2026.124092,article,Information Sciences,https://openalex.org/W4415315129
Information Sciences,Elsevier,2026,2026-09-02,Improved iterated greedy algorithm with Q-learning for airline multi-resource integrated disruption recovery,Dong Wang; Xiaojie Wang; Jian Li; Huimin Zhao; Shifu Liu; Wu Deng,760,,10.1016/j.ins.2026.124088,https://doi.org/10.1016/j.ins.2026.124088,article,Information Sciences,https://openalex.org/W7206210014
Information Sciences,Elsevier,2026,2026-09-02,MGRN: Multi-granularity reasoning for fine-grained image-text retrieval in open-world scenarios,Tao Liu; Zequn Sun; Chao Jin; Jiangong Wang; Quanlu Wei; Can Meng; Shengjiang Chang,760,,10.1016/j.ins.2026.124091,https://doi.org/10.1016/j.ins.2026.124091,article,Information Sciences,https://openalex.org/W7165804020
Information Sciences,Elsevier,2026,2026-09-02,Social federated learning (SFL): Leveraging shared data to boost learning performance,Mahran Jazi; Ilai Bistritz; Nicholas Bambos; Irad Ben-Gal,760,,10.1016/j.ins.2026.124093,https://doi.org/10.1016/j.ins.2026.124093,article,Information Sciences,https://openalex.org/W7133679778
Information Sciences,Elsevier,2026,2026-09-02,Stochastic preference analysis in group decision making: A cooperative game approach for interval additive preference relation,Xiwen Ru; Ligang Zhou,760,,10.1016/j.ins.2026.124081,https://doi.org/10.1016/j.ins.2026.124081,article,Information Sciences,https://openalex.org/W7206187965
Information Sciences,Elsevier,2026,2026-09-03,Binned semiparametric Bayesian networks for efficient kernel density estimation,Rafael Sojo; Javier Díaz-Rozo; Concha Bielza; Pedro Larrañaga,760,,10.1016/j.ins.2026.124099,https://doi.org/10.1016/j.ins.2026.124099,article,Information Sciences,https://openalex.org/W4416843757
Information Sciences,Elsevier,2026,2026-09-03,Class-incremental vulnerability detection for smart contracts based on capsule networks,Kai Lu; Jieren Cheng; Anli Yan; Huajie Lei; Chunming Rong,760,,10.1016/j.ins.2026.124098,https://doi.org/10.1016/j.ins.2026.124098,article,Information Sciences,https://openalex.org/W7207638329
Information Sciences,Elsevier,2026,2026-09-03,Hierarchical feature selection based on label correlation and instance correlation,Tongxin Shu; Lei Guo; Yaojin Lin,761,,10.1016/j.ins.2026.124100,https://doi.org/10.1016/j.ins.2026.124100,article,Information Sciences,https://openalex.org/W7207856954
Information Sciences,Elsevier,2026,2026-09-03,Privacy-preserving E-questionnaire protocol for massive user environments,Hua Shen; Renzhi Chen; Zhe Xia; Willy Susilo; Mingwu Zhang,760,,10.1016/j.ins.2026.124101,https://doi.org/10.1016/j.ins.2026.124101,article,Information Sciences,https://openalex.org/W7207664200
Information Sciences,Elsevier,2026,2026-09-03,Retain useful knowledge from compromised clients: Reliability-aware federated learning against data poisoning attacks,Cunnian Gao; Hao Wang; Jiadong Lou; Wenfeng Deng; Nan Zhou; Xiaojun Liang; Wei Cui,760,,10.1016/j.ins.2026.124097,https://doi.org/10.1016/j.ins.2026.124097,article,Information Sciences,https://openalex.org/W7207650525
Information Sciences,Elsevier,2026,2026-09-04,Automated insertion attacks detection in scalable discrete event systems using enhanced Petri net models,Adeeb A. Ahmed; Yufeng Chen; Ding Liu; Zhiwu Li,760,,10.1016/j.ins.2026.124086,https://doi.org/10.1016/j.ins.2026.124086,article,Information Sciences,https://openalex.org/W7208770516
Information Sciences,Elsevier,2026,2026-09-04,Data-driven edge-triggered intralayer consensus for heterogeneous multiplex MASs with privacy preservation,Dingjun Yin; Xiangqin Kong; Xiaoyang Liu; Wenwu Yu,760,,10.1016/j.ins.2026.124116,https://doi.org/10.1016/j.ins.2026.124116,article,Information Sciences,https://openalex.org/W7208752466
Information Sciences,Elsevier,2026,2026-09-04,Lightweight multi-period universal representation learning for multivariate time series,Lei Chen; Bowen Hu; Ying Yong Zou; Bisheng Wen; Xinyao Li; Ming Lü,760,,10.1016/j.ins.2026.124115,https://doi.org/10.1016/j.ins.2026.124115,article,Information Sciences,https://openalex.org/W7208786794
Information Sciences,Elsevier,2026,2026-09-04,Meta policy switching for resilient UAV navigation in adversarial airspace,Deepak Kumar Panda; Weisi Guo,760,,10.1016/j.ins.2026.124096,https://doi.org/10.1016/j.ins.2026.124096,article,Information Sciences,https://openalex.org/W7160935386
Information Sciences,Elsevier,2026,2026-09-04,Progressive background subtraction for video sequences via mask-guided background refinement and multi-scale foreground optimization,Xingyuan Chen; Xu Ding; Mingyang Ruan; Qishen Chen; Yuzhe Huang; Minjie Bian; Huahu Xu,760,,10.1016/j.ins.2026.124110,https://doi.org/10.1016/j.ins.2026.124110,article,Information Sciences,https://openalex.org/W7208732270
Information Sciences,Elsevier,2026,2026-09-04,SR-MCUR: A scalable and robust CUR decomposition method for large-scale matrix approximation,Muhammad A. A. Abdelgawad; Abdurrashid Ibrahim Sanka; Ray C. C. Cheung; Hong Yan,761,,10.1016/j.ins.2026.124112,https://doi.org/10.1016/j.ins.2026.124112,article,Information Sciences,https://openalex.org/W7208742694
Information Sciences,Elsevier,2026,2026-09-04,Self-representation discriminative graph learning for supervised feature selection,Yangchun Yin; Ruihui Xu; Chaoqun Huang; Mingjie Cai,760,,10.1016/j.ins.2026.124102,https://doi.org/10.1016/j.ins.2026.124102,article,Information Sciences,https://openalex.org/W7207783932
Information Sciences,Elsevier,2026,2026-09-04,Virtual class learning for federated semi-supervised learning with open-set data,Wenyi Zhang; Xiangjie Kong; Junyi Xie; Guojiang Shen; Shuo Yu; Xiaoran Yan,760,,10.1016/j.ins.2026.124113,https://doi.org/10.1016/j.ins.2026.124113,article,Information Sciences,https://openalex.org/W7208710184
Information Sciences,Elsevier,2026,2026-09-05,Bipartite consensus of multi-agent systems modeled by unstable wave equations,Xingyu Liu; Li Dan Tang,760,,10.1016/j.ins.2026.124094,https://doi.org/10.1016/j.ins.2026.124094,article,Information Sciences,https://openalex.org/W7208812777
Information Sciences,Elsevier,2026,2026-09-05,PointSiRE: Siamese representation learning with relative geometry and evolved masking for point cloud,Xin Cao; Linrong Ye; Xinmeng Hu; Tianyi Liu; Linzhi Su; Xingxing Hao; Kang Li,760,,10.1016/j.ins.2026.124117,https://doi.org/10.1016/j.ins.2026.124117,article,Information Sciences,https://openalex.org/W7208836421
Information Sciences,Elsevier,2026,2026-09-05,ROGS-SLAM: Real-time accurate object-level simultaneous localization and realistic mapping based on 3DGS,Jiayi Tian; Jiaze Wang; Haiduo Huang; Yan Ding; Wenzhe Zhao; Tian Xia; Pengju Ren,760,,10.1016/j.ins.2026.124095,https://doi.org/10.1016/j.ins.2026.124095,article,Information Sciences,https://openalex.org/W7208827102
Information Sciences,Elsevier,2026,2026-09-07,A unified framework for uncertainty-aware explainable artificial intelligence: A case study in power quality disturbance classification,Yinsong Chen; Samson S. Yu; Zhong Li; Chee Peng Lim,760,,10.1016/j.ins.2026.124121,https://doi.org/10.1016/j.ins.2026.124121,article,Information Sciences,https://openalex.org/W7162016240
Information Sciences,Elsevier,2026,2026-09-07,CAPN-Net: Category-Agnostic and Patch Noise feature fusion Network for universal AI-generated image detection,Jiayu Liang; Weisen Li; Dongdong Ling,760,,10.1016/j.ins.2026.124123,https://doi.org/10.1016/j.ins.2026.124123,article,Information Sciences,https://openalex.org/W7211913400
Information Sciences,Elsevier,2026,2026-09-07,Federated topology graph neural networks,Yaopeng Wu; Hao Lei; Zhengdao Li; Wenbin Chen,760,,10.1016/j.ins.2026.124122,https://doi.org/10.1016/j.ins.2026.124122,article,Information Sciences,https://openalex.org/W7211876100
Information Sciences,Elsevier,2026,2026-09-07,HIRO: Historical intent reasoning with observation for multi-agent reinforcement learning,Jie Chen; Xiwen Zhang; Minggang Gan; Keyi Guan,761,,10.1016/j.ins.2026.124125,https://doi.org/10.1016/j.ins.2026.124125,article,Information Sciences,https://openalex.org/W7211883516
Information Sciences,Elsevier,2026,2026-09-07,IAdaBoost: A simple and widely effective Class-Imbalanced classifier with dynamic sample weight optimization,Jinghong Zhang; Xinyu Cheng; Shuangjie Li; Mingyu Di; Xiaojie Yang; Tianyu Xu; WeiJie Wang; Chongjun Wang,760,,10.1016/j.ins.2026.124126,https://doi.org/10.1016/j.ins.2026.124126,article,Information Sciences,https://openalex.org/W7211873576
Information Sciences,Elsevier,2026,2026-09-07,Interpretable unification: leveraging XAI and generative models for cross-modality registration and disease stratification,Anas Bilal; Abdullah Almuhaimeed; Abdulkareem Bin Saleh Alzahrani; Maha M. Alamri; Malek Alrashidi; Kun Zhang,760,,10.1016/j.ins.2026.124127,https://doi.org/10.1016/j.ins.2026.124127,article,Information Sciences,https://openalex.org/W7211870727
Information Sciences,Elsevier,2026,2026-09-08,Cloud continuum node evaluation and selection via mathematical programming,Gregory Koronakos; Yiannis Verginadis; Dimitrios Apostolou; Gregoris N. Mentzas,760,,10.1016/j.ins.2026.124137,https://doi.org/10.1016/j.ins.2026.124137,article,Information Sciences,https://openalex.org/W7122420637
Information Sciences,Elsevier,2026,2026-09-08,Editorial Board,,756,,10.1016/s0020-0255(26)01037-6,https://doi.org/10.1016/s0020-0255(26)01037-6,paratext,Information Sciences,https://openalex.org/W7211932322
Information Sciences,Elsevier,2026,2026-09-08,Graph structure learning via constrained proximate contrast,Guoxu Li; Xuelu Sun; Dengwei Gao; Nianhui Ye; Qin Chen; Yue Dong; Zixin Lei; Sheng Luo; Zeyang Li; Feiping Nie,761,,10.1016/j.ins.2026.124132,https://doi.org/10.1016/j.ins.2026.124132,article,Information Sciences,https://openalex.org/W7211977046
Information Sciences,Elsevier,2026,2026-09-08,GraphC: Hierarchical clustering of signed graph networks,Muhieddine Shebaro; Lucas J. Rusnak; Martin Burtscher; Jelena Tešić,760,,10.1016/j.ins.2026.124130,https://doi.org/10.1016/j.ins.2026.124130,article,Information Sciences,https://openalex.org/W4413802144
Information Sciences,Elsevier,2026,2026-09-08,Multi-scenario CTR prediction with LLM-augmented semantic graphs and anti-polarization experts,Shangyu Meng; Haowen Zheng; Ao Pu; Xingtao Yan; Jinling Wei,761,,10.1016/j.ins.2026.124131,https://doi.org/10.1016/j.ins.2026.124131,article,Information Sciences,https://openalex.org/W7211968455
Information Sciences,Elsevier,2026,2026-09-08,UniCSL: A unified federated learning framework with client-specific LS-DC loss,Shuvo Saha Roy; Sambhav Jain; Reshma Rastogi,761,,10.1016/j.ins.2026.124118,https://doi.org/10.1016/j.ins.2026.124118,article,Information Sciences,https://openalex.org/W7211939915
Information Sciences,Elsevier,2026,2026-09-09,"An integrated analytical framework for natural gas pricing: combining multi-source drivers, forecast enhancement, and model interpretability",Yilin Zhou; Jianzhou Wang; Jialu Gao; Kang Wang; Haiyan Lu,761,,10.1016/j.ins.2026.124144,https://doi.org/10.1016/j.ins.2026.124144,article,Information Sciences,https://openalex.org/W7212069195
Information Sciences,Elsevier,2026,2026-09-09,DVCFS: Partial label feature selection based on contrastive disambiguation and dual-view fuzzy granulation,Weiping Ding; Qiannan Wu; Xiaoxue Fan; Hengrong Ju; Linlin Zhou; Jing Wang,760,,10.1016/j.ins.2026.124111,https://doi.org/10.1016/j.ins.2026.124111,article,Information Sciences,https://openalex.org/W7211962343
Information Sciences,Elsevier,2026,2026-09-09,Homogeneous and heterogeneous three-way granular approximations of fuzzy sets,José Carlos R. Alcantud; Jilin Yang; Yiyu Y. Yao,760,,10.1016/j.ins.2026.124135,https://doi.org/10.1016/j.ins.2026.124135,article,Information Sciences,https://openalex.org/W7211939737
Information Sciences,Elsevier,2026,2026-09-09,Integrating Choquet integral and SHAP-based weight learning into a multi-granularity neighborhood three-way decision framework for rheumatoid arthritis diagnosis,Wenwen Ma; Bingzhen Sun; Liu Xiaoxia; Xiaoli Chu,760,,10.1016/j.ins.2026.124143,https://doi.org/10.1016/j.ins.2026.124143,article,Information Sciences,https://openalex.org/W7211994735
Information Sciences,Elsevier,2026,2026-09-09,Online multi-view streaming feature selection: A dynamic framework for real-time feature data processing,Chenxi Zhao; Peng Zhang; Xin Qi; Xiang Yang; Yuan Liu; Yuzhou Liu; Wanfu Gao,760,,10.1016/j.ins.2026.124140,https://doi.org/10.1016/j.ins.2026.124140,article,Information Sciences,https://openalex.org/W7212010096
Information Sciences,Elsevier,2026,2026-09-09,Toward interpretable prediction of coal mine gas leaks using a multi-channel temporal CapsNet driven by self-attention routing,Peizhang Li; Qing Fei; 健郎 葛西; Lujie Zhou; Lei Guan,761,,10.1016/j.ins.2026.124120,https://doi.org/10.1016/j.ins.2026.124120,article,Information Sciences,https://openalex.org/W7212040397
Information Sciences,Elsevier,2026,2026-09-10,A semi-supervised medical image segmentation method guided by manifold boundaries and prototype learning,Juntao Hou; Yingyue Zhou; Shaobing Gao; Xiaoxia Li; Jiamin Qin; Xiaoqiang Zhang; Yaqin Chen,761,,10.1016/j.ins.2026.124146,https://doi.org/10.1016/j.ins.2026.124146,article,Information Sciences,https://openalex.org/W7212161150
Information Sciences,Elsevier,2026,2026-09-10,Event-triggered fault-tolerant learning based on simplified ADP for heterogeneous nonlinear multi-agent systems with input constraints,Yuliang Cai; Yuxuan Liu; Qinglai Wei; Ruicheng Ma; Qiang He,761,,10.1016/j.ins.2026.124139,https://doi.org/10.1016/j.ins.2026.124139,article,Information Sciences,https://openalex.org/W7212163917
Information Sciences,Elsevier,2026,2026-09-10,Frequency-guided cross-modal diffusion for online Chinese handwriting enhancement,Lei Wang; Mohd Yunus Sharum; Razali Yaakob; Khairul Azhar Kasmiran; Yü Liu; Cunrui Wang,761,,10.1016/j.ins.2026.124136,https://doi.org/10.1016/j.ins.2026.124136,article,Information Sciences,https://openalex.org/W7212125286
Information Sciences,Elsevier,2026,2026-09-10,Single image reflection removal with patch reflectance prior,Dongshen Han; Heechan Yoon; Hyukmin Kwon; HyunCheol Kim; Hyon‐Gon Choo; Seungkyu Lee; Chaoning Zhang,761,,10.1016/j.ins.2026.124114,https://doi.org/10.1016/j.ins.2026.124114,article,Information Sciences,https://openalex.org/W4389500771
Information Sciences,Elsevier,2026,2026-09-10,Static and dynamic jamming games over wireless channels with mobile strategic players,Giovanni Bortoloni Perin; Leonardo Badia,761,,10.1016/j.ins.2026.124142,https://doi.org/10.1016/j.ins.2026.124142,article,Information Sciences,https://openalex.org/W4381572744
Information Sciences,Elsevier,2026,2026-09-10,Towards effective multimodal emotion recognition in conversations via joint multi-graph learning and self-distillation,Hoang Khang Trang; Bao Nguyen; Viet Vinh Khanh Dinh; Ngoc‐Hong Nguyen; Nhat Truong Pham; Phuong-Nam Tran; Phuong Luu Vo; Duc Ngoc Minh Dang,761,,10.1016/j.ins.2026.124138,https://doi.org/10.1016/j.ins.2026.124138,article,Information Sciences,https://openalex.org/W7212183235
Information Sciences,Elsevier,2026,2026-09-11,An empirical study of retrieval-augmented diffusion language models for generative commonsense reasoning,YUBO FANG; Hai-Tao Yu; Hideo Joho; Sumio Fujita; Yan Ge; Chao Lei,761,,10.1016/j.ins.2026.124147,https://doi.org/10.1016/j.ins.2026.124147,article,Information Sciences,https://openalex.org/W7212260811
Information Sciences,Elsevier,2026,2026-09-11,Attribute evidence decomposition for generalized zero-shot learning,Zeyu Wang; Feng Wang; Jiye Liang; Liang Bai,761,,10.1016/j.ins.2026.124141,https://doi.org/10.1016/j.ins.2026.124141,article,Information Sciences,https://openalex.org/W7212195498
Information Sciences,Elsevier,2026,2026-09-11,Class-incremental feature selection based on neighborhood probabilistic rough sets,Xiaoling Yang; Yao Li; Hongmei Chen; Xianyong Zhang; Shan Feng,761,,10.1016/j.ins.2026.124134,https://doi.org/10.1016/j.ins.2026.124134,article,Information Sciences,https://openalex.org/W7212290045
Information Sciences,Elsevier,2026,2026-09-11,FedALPA: Federated learning via adaptive layer-wise partial aggregation,Elham Nazari; Mohammad Reza Ahmadzadeh,761,,10.1016/j.ins.2026.124149,https://doi.org/10.1016/j.ins.2026.124149,article,Information Sciences,https://openalex.org/W7212245446
Information Sciences,Elsevier,2026,2026-09-11,Geometry as a shield: High-utility privacy preservation via manifold-aware feature compactness,Shilin Zhang; Dong Sun,761,,10.1016/j.ins.2026.124133,https://doi.org/10.1016/j.ins.2026.124133,article,Information Sciences,https://openalex.org/W7212280438
Information Sciences,Elsevier,2026,2026-09-12,An event-based triggered finite time bipartite tracking control for multi-agent systems with asymmetric sate constraints,Chunyu Chu; Zixuan Huang; Ning Xu; Liang Zhang; Ning Zhao,761,,10.1016/j.ins.2026.124145,https://doi.org/10.1016/j.ins.2026.124145,article,Information Sciences,https://openalex.org/W7212399230
Information Sciences,Elsevier,2026,2026-09-12,Infinite-dimensional vector spaces generated by strongly linearly independent sets of fuzzy numbers: An approach via sequence spaces,Beatriz Laiate; Ana Maria Amarillo Bertone,761,,10.1016/j.ins.2026.124148,https://doi.org/10.1016/j.ins.2026.124148,article,Information Sciences,https://openalex.org/W7212402108
Information Sciences,Elsevier,2026,2026-09-12,Multimodal frequency-guided boundary–region network for camouflaged object detection,Ziyang Liu; Fugui Luo; He Xiao,761,,10.1016/j.ins.2026.124151,https://doi.org/10.1016/j.ins.2026.124151,article,Information Sciences,https://openalex.org/W7212385697
Information Sciences,Elsevier,2026,2026-09-14,A chaos fractional order gradient descent based on LightGBM model,Jiacheng Weng; Haixin Wu; Yaqian Mao; Yuqiu Shen; Jianhong Wang,761,,10.1016/j.ins.2026.124156,https://doi.org/10.1016/j.ins.2026.124156,article,Information Sciences,https://openalex.org/W7212577921
Information Sciences,Elsevier,2026,2026-09-14,A graph-based friend recommendation system in social networks using Q-Deep Learning Network,Yahya Dorostkar Navaei; Mohammad Hossein Rezvani; Amir Masoud Eftekhari Moghadam,761,,10.1016/j.ins.2026.124129,https://doi.org/10.1016/j.ins.2026.124129,article,Information Sciences,https://openalex.org/W7212645313
Information Sciences,Elsevier,2026,2026-09-14,ALO-Jaya: A multi-stage hybrid optimization model for APT detection,Zhenwei Hu; Guangxia Xu; Shahid Mumtaz; Celimuge Wu,761,,10.1016/j.ins.2026.124158,https://doi.org/10.1016/j.ins.2026.124158,article,Information Sciences,https://openalex.org/W7212658165
Information Sciences,Elsevier,2026,2026-09-14,DC-GCL: A unified framework for graph contrastive learning via Dual-perspective cross augmentation,Zelin Yao; Chuang Liu; Xueqi Ma; Jia Wu; Lei Lei; Wenbin Hu,761,,10.1016/j.ins.2026.124153,https://doi.org/10.1016/j.ins.2026.124153,article,Information Sciences,https://openalex.org/W7213212572
Information Sciences,Elsevier,2026,2026-09-14,LrSC: A novel low-rank spatial-channel attention-driven transformer for image captioning,Md. Shamim Hossain; Xiaowei Liu; Shamima Aktar; Muhammad Mujahid; Zhangjin Huang,761,,10.1016/j.ins.2026.124157,https://doi.org/10.1016/j.ins.2026.124157,article,Information Sciences,https://openalex.org/W7213184279
Information Sciences,Elsevier,2026,2026-09-14,MIRA-KG: Multimodal knowledge graph question answering via instruction guidance and hierarchical slot tokenization,Zafar Ali; Asad Khan; Guilin Qi; Songlin Zhai; Irfan Ullah; Pavlos Kefalas,761,,10.1016/j.ins.2026.124160,https://doi.org/10.1016/j.ins.2026.124160,article,Information Sciences,https://openalex.org/W7212700988
Information Sciences,Elsevier,2026,2026-09-14,Probabilistic spatiotemporal graph forecasting via deterministic-probabilistic decoupling and dynamic temporal-frequency feature fusion,Zhe Chen; Kailin Wang; Yuchen Ma,761,,10.1016/j.ins.2026.124155,https://doi.org/10.1016/j.ins.2026.124155,article,Information Sciences,https://openalex.org/W7212490238
Information Sciences,Elsevier,2026,2026-09-15,A dual-clustering strategy enhanced multiobjective evolutionary algorithm with an adaptive reference vector,LU Yu-lan; Xueyi Guo; Shuai Wang; Xinhui Si; Hu Zhang; Xin Sun,761,,10.1016/j.ins.2026.124162,https://doi.org/10.1016/j.ins.2026.124162,article,Information Sciences,https://openalex.org/W7213280178
Information Sciences,Elsevier,2026,2026-09-15,An efficient density peaks clustering guided by extreme points,Xinran Zhou; Qinghua Zhang; Yutai Wang; Yunlong Cheng,761,,10.1016/j.ins.2026.124164,https://doi.org/10.1016/j.ins.2026.124164,article,Information Sciences,https://openalex.org/W7213355147
Information Sciences,Elsevier,2026,2026-09-15,Self-triggered adaptive fuzzy fault-tolerant control for parabolic PDE systems via a self-adjusting performance function,Wenguang Xu; Ning Zhao; Aiiad Ahmad Albeshri,761,,10.1016/j.ins.2026.124163,https://doi.org/10.1016/j.ins.2026.124163,article,Information Sciences,https://openalex.org/W7213232429
Information Sciences,Elsevier,2026,2026-09-15,The FGW metric space: A coupled-transport metric for comparing heterogeneous forecasting models,Umar Ishtiaq; Tayyab Kamran,761,,10.1016/j.ins.2026.124150,https://doi.org/10.1016/j.ins.2026.124150,article,Information Sciences,https://openalex.org/W7213326461
Information Sciences,Elsevier,2026,2026-09-16,A modular method for computing upper and lower approximations,Dongwen Shen; Liwen Ma,761,,10.1016/j.ins.2026.124154,https://doi.org/10.1016/j.ins.2026.124154,article,Information Sciences,https://openalex.org/W7213437112
Information Sciences,Elsevier,2026,2026-09-16,Dynamic hierarchical population-based differential evolution with parameter control and hypervolume diversity for numerical optimization,Li Chu; 孙高洁; Bo Wang; Zhenyu Meng,761,,10.1016/j.ins.2026.124167,https://doi.org/10.1016/j.ins.2026.124167,article,Information Sciences,https://openalex.org/W7213414076
Information Sciences,Elsevier,2026,2026-09-16,Multi-scale and multi-level knowledge integration for long-tailed classification,Yanli Li; Yan Zhao; Hong Zhao,761,,10.1016/j.ins.2026.124152,https://doi.org/10.1016/j.ins.2026.124152,article,Information Sciences,https://openalex.org/W7213424272
Information Sciences,Elsevier,2026,2026-09-16,ThermoGRAF: A physics-guided graph-based artificial intelligence framework for thermosyphon thermal resistance prediction and optimization,Lakshmaiya Natrayan,761,,10.1016/j.ins.2026.124165,https://doi.org/10.1016/j.ins.2026.124165,article,Information Sciences,https://openalex.org/W7213355880
Information Sciences,Elsevier,2026,2026-09-17,Federated knowledge graph-driven multimodal neuroinformatics for early diabetes-related cognitive risk prediction,Nasrullah Khan; Aman Ullah; Xiao‐Yuan Jing; Kemal Polat; Zongmin Ma,761,,10.1016/j.ins.2026.124170,https://doi.org/10.1016/j.ins.2026.124170,article,Information Sciences,https://openalex.org/W7213451746
Information Sciences,Elsevier,2026,2026-09-17,GTR: GMM-based tree indexing for end-to-end dense retrieval,Yutao Jiang; Guanghui Li; Chenglong Dai; Shu Xu,761,,10.1016/j.ins.2026.124168,https://doi.org/10.1016/j.ins.2026.124168,article,Information Sciences,https://openalex.org/W7213456874
Information Sciences,Elsevier,2026,2026-09-17,LENS: A graph-based ciphertext semantic retrieval scheme with lightweight representations,Yu Zhang; Qiang Xu; Yin Li,761,,10.1016/j.ins.2026.124169,https://doi.org/10.1016/j.ins.2026.124169,article,Information Sciences,https://openalex.org/W7213441883
Information Sciences,Elsevier,2026,2026-09-17,Predefined-time stabilization for hyperchaotic Rössler system with state event-triggered strategy,Yingdong Ai; Zhiguang Feng; James Lam,761,,10.1016/j.ins.2026.124166,https://doi.org/10.1016/j.ins.2026.124166,article,Information Sciences,https://openalex.org/W7213455077
Information Sciences,Elsevier,2026,2026-09-18,Dynamic programming–driven Type-3 neuro-fuzzy control of nonlinear gyroscopic systems: An experimental and theoretical study,Chunwei Zhang; Kejin Yan; Ardashir Mohammadzadeh,761,,10.1016/j.ins.2026.124172,https://doi.org/10.1016/j.ins.2026.124172,article,Information Sciences,https://openalex.org/W7213560798
Information Sciences,Elsevier,2026,2026-09-18,Dynamic sequential recommendation via lag-aware graph learning,Yoonhyuk Choi; Jiho Choi; Hawon Shin; Yumin Lee; Chanran Kim; Chong-kwon Kim,761,,10.1016/j.ins.2026.124175,https://doi.org/10.1016/j.ins.2026.124175,article,Information Sciences,https://openalex.org/W7213546314
Information Sciences,Elsevier,2026,2026-09-18,Sym-SKAN: Symbolic spiking Kolmogorov–Arnold learning for interpretable hyperspectral land-cover classification,Muhammad Zaheer Sajid; Muhammad Fareed Hamid; Muhammad Osama Malik,761,,10.1016/j.ins.2026.124174,https://doi.org/10.1016/j.ins.2026.124174,article,Information Sciences,https://openalex.org/W7213546211
Information Sciences,Elsevier,2026,2026-09-18,Topology-conditioned particle-assisted deep reinforcement learning for energy-efficient routing in wireless sensor networks,Xuan Yang; Tao Teng; Jiaqi Yan; Desheng Wang; Wenao CAO,761,,10.1016/j.ins.2026.124186,https://doi.org/10.1016/j.ins.2026.124186,article,Information Sciences,https://openalex.org/W7213602968
Information Sciences,Elsevier,2026,2026-09-18,Two-stage interpretable human-like framework of breast tumor auxiliary diagnosis based on multimodal ultrasound images,Chao Fu; Dongyue Wang; Min Xue; Zhiguo Zhou; Weiyong Liu,761,,10.1016/j.ins.2026.124070,https://doi.org/10.1016/j.ins.2026.124070,article,Information Sciences,https://openalex.org/W7213603731
Information Sciences,Elsevier,2026,2026-09-21,Editorial Board,,757,,10.1016/s0020-0255(26)01110-2,https://doi.org/10.1016/s0020-0255(26)01110-2,paratext,Information Sciences,https://openalex.org/W7213870332
