journal,publisher_family,year,publication_date,title,authors,volume,issue,doi,article_url,article_type,source_container_title,openalex_id
International Journal of Approximate Reasoning,Elsevier,2025,2025-01-02,Further studies on abstract rough inclusion properties,Anirban Saha; Jayanta Sen; Mihir K. Chakraborty,178,,10.1016/j.ijar.2024.109356,https://doi.org/10.1016/j.ijar.2024.109356,article,International Journal of Approximate Reasoning,https://openalex.org/W4405987195
International Journal of Approximate Reasoning,Elsevier,2025,2025-01-06,Fuzzy neighborhood-based partial label feature selection via label iterative disambiguation,Junqi Li; Wenbin Qian; Wenji Yang; Suxuan Liu; Jintao Huang,179,,10.1016/j.ijar.2024.109358,https://doi.org/10.1016/j.ijar.2024.109358,article,International Journal of Approximate Reasoning,https://openalex.org/W4406107472
International Journal of Approximate Reasoning,Elsevier,2025,2025-01-06,Reduction approaches for fuzzy covering systems,Yanbin Feng; Yehai Xie; Guilong Liu,178,,10.1016/j.ijar.2024.109357,https://doi.org/10.1016/j.ijar.2024.109357,article,International Journal of Approximate Reasoning,https://openalex.org/W4406098243
International Journal of Approximate Reasoning,Elsevier,2025,2025-01-07,An extension of overlap functions on convolution lattices,Zhi-qiang Liu,179,,10.1016/j.ijar.2025.109360,https://doi.org/10.1016/j.ijar.2025.109360,article,International Journal of Approximate Reasoning,https://openalex.org/W4406141620
International Journal of Approximate Reasoning,Elsevier,2025,2025-01-07,Incremental cognitive learning approach based on concept reduction,Taoju Liang; Yidong Lin; Jinjin Li; Guoping Lin; Qijun Wang,179,,10.1016/j.ijar.2024.109359,https://doi.org/10.1016/j.ijar.2024.109359,article,International Journal of Approximate Reasoning,https://openalex.org/W4406143459
International Journal of Approximate Reasoning,Elsevier,2025,2025-01-09,Editorial: Statistical/soft approaches and computing for data analysis and classification,Alfonso Gordaliza; Agustín Mayo-Íscar; Marı́a Asunción Lubiano; Beatriz Sinova,179,,10.1016/j.ijar.2025.109361,https://doi.org/10.1016/j.ijar.2025.109361,editorial,International Journal of Approximate Reasoning,https://openalex.org/W4406230951
International Journal of Approximate Reasoning,Elsevier,2025,2025-01-15,Approximate Hennessy-Milner type theorems for fuzzy multimodal logics over Heyting algebras,Marko Stanković; Stefan Stanimirović; Miroslav Ćirić,179,,10.1016/j.ijar.2025.109362,https://doi.org/10.1016/j.ijar.2025.109362,article,International Journal of Approximate Reasoning,https://openalex.org/W4406387551
International Journal of Approximate Reasoning,Elsevier,2025,2025-01-18,Constructing polytomous knowledge structures from L-fuzzy S-approximation operators,Gongxun Wang; Jinjin Li; Bochi Xu,179,,10.1016/j.ijar.2025.109363,https://doi.org/10.1016/j.ijar.2025.109363,article,International Journal of Approximate Reasoning,https://openalex.org/W4406518676
International Journal of Approximate Reasoning,Elsevier,2025,2025-01-20,An exploration of weak Heyting algebras: Characterization and properties,Francisco Pérez-Gámez; Carlos Bejines,179,,10.1016/j.ijar.2025.109365,https://doi.org/10.1016/j.ijar.2025.109365,article,International Journal of Approximate Reasoning,https://openalex.org/W4406614376
International Journal of Approximate Reasoning,Elsevier,2025,2025-01-21,On bivariate lower semilinear copulas and the star product,Lea Maislinger; Wolfgang Trutschnig,179,,10.1016/j.ijar.2025.109366,https://doi.org/10.1016/j.ijar.2025.109366,article,International Journal of Approximate Reasoning,https://openalex.org/W4406660364
International Journal of Approximate Reasoning,Elsevier,2025,2025-01-22,Controlling false positives in multiple instance learning: The “c-rule” approach,Rosario Delgado,179,,10.1016/j.ijar.2025.109367,https://doi.org/10.1016/j.ijar.2025.109367,article,International Journal of Approximate Reasoning,https://openalex.org/W4406737290
International Journal of Approximate Reasoning,Elsevier,2025,2025-01-22,NeST: The neuro-symbolic transpiler,Viktor Pfanschilling; Hikaru Shindo; Devendra Singh Dhami; Kristian Kersting,179,,10.1016/j.ijar.2025.109369,https://doi.org/10.1016/j.ijar.2025.109369,article,International Journal of Approximate Reasoning,https://openalex.org/W4406692102
International Journal of Approximate Reasoning,Elsevier,2025,2025-01-23,Fuzzy rough set attribute reduction based on decision ball model,Xia Ji; Wanyu Duan; Jianhua Peng; Sheng Yao,179,,10.1016/j.ijar.2025.109364,https://doi.org/10.1016/j.ijar.2025.109364,article,International Journal of Approximate Reasoning,https://openalex.org/W4406756415
International Journal of Approximate Reasoning,Elsevier,2025,2025-01-23,PETS: Predicting efficiently using temporal symmetries in temporal probabilistic graphical models,Florian Andreas Marwitz; Ralf Möller; Marcel Gehrke,179,,10.1016/j.ijar.2025.109370,https://doi.org/10.1016/j.ijar.2025.109370,article,International Journal of Approximate Reasoning,https://openalex.org/W4406741389
International Journal of Approximate Reasoning,Elsevier,2025,2025-01-27,Lifting factor graphs with some unknown factors for new individuals,Malte Luttermann; Ralf Möller; Marcel Gehrke,179,,10.1016/j.ijar.2025.109371,https://doi.org/10.1016/j.ijar.2025.109371,article,International Journal of Approximate Reasoning,https://openalex.org/W4406864844
International Journal of Approximate Reasoning,Elsevier,2025,2025-01-29,Outlier detection in mixed-attribute data: A semi-supervised approach with fuzzy approximations and relative entropy,Baiyang Chen; Zhong Yuan; Zheng Liu; Dezhong Peng; Yongxiang Li; Chang Liu; Guiduo Duan,179,,10.1016/j.ijar.2025.109373,https://doi.org/10.1016/j.ijar.2025.109373,article,International Journal of Approximate Reasoning,https://openalex.org/W4406943641
International Journal of Approximate Reasoning,Elsevier,2025,2025-01-29,Reductions of concept lattices based on Boolean formal contexts,Dong-Yun Niu; Ju‐Sheng Mi,179,,10.1016/j.ijar.2025.109372,https://doi.org/10.1016/j.ijar.2025.109372,article,International Journal of Approximate Reasoning,https://openalex.org/W4406943643
International Journal of Approximate Reasoning,Elsevier,2025,2025-01-30,The multi-criteria ranking method for criterion-oriented regret three-way decision,Weidong Wan; Kai Zhang; Ligang Zhou,179,,10.1016/j.ijar.2025.109374,https://doi.org/10.1016/j.ijar.2025.109374,article,International Journal of Approximate Reasoning,https://openalex.org/W4406978592
International Journal of Approximate Reasoning,Elsevier,2025,2025-01-31,Global sensitivity analysis of uncertain parameters in Bayesian networks,Rafael Ballester‐Ripoll; Manuele Leonelli,180,,10.1016/j.ijar.2025.109368,https://doi.org/10.1016/j.ijar.2025.109368,article,International Journal of Approximate Reasoning,https://openalex.org/W4407029202
International Journal of Approximate Reasoning,Elsevier,2025,2025-02-05,Editorial Board,,178,,10.1016/s0888-613x(25)00019-2,https://doi.org/10.1016/s0888-613x(25)00019-2,paratext,International Journal of Approximate Reasoning,https://openalex.org/W4407181026
International Journal of Approximate Reasoning,Elsevier,2025,2025-02-05,Trend-pattern unlimited fuzzy information granule-based LSTM model for long-term time-series forecasting,Yanan Jiang; Fusheng Yu; Yuqing Tang; Chenxi Ouyang; Fangyi Li,180,,10.1016/j.ijar.2025.109381,https://doi.org/10.1016/j.ijar.2025.109381,article,International Journal of Approximate Reasoning,https://openalex.org/W4407173520
International Journal of Approximate Reasoning,Elsevier,2025,2025-02-07,A logical formalisation of a hypothesis in weighted abduction: Towards user-feedback dialogues,Shota Motoura; Ayako Hoshino; Itaru Hosomi; Kunihiko Sadamasa,179,,10.1016/j.ijar.2025.109382,https://doi.org/10.1016/j.ijar.2025.109382,article,International Journal of Approximate Reasoning,https://openalex.org/W4407252334
International Journal of Approximate Reasoning,Elsevier,2025,2025-02-10,Efficient parameter-free adaptive hashing for large-scale cross-modal retrieval,Bo Li; You Wu; Zhixin Li,180,,10.1016/j.ijar.2025.109383,https://doi.org/10.1016/j.ijar.2025.109383,article,International Journal of Approximate Reasoning,https://openalex.org/W4407352538
International Journal of Approximate Reasoning,Elsevier,2025,2025-02-13,An unsupervised feature extraction and fusion framework for multi-source data based on copula theory,Xiuwei Chen; Li Lai; Maokang Luo,180,,10.1016/j.ijar.2025.109384,https://doi.org/10.1016/j.ijar.2025.109384,article,International Journal of Approximate Reasoning,https://openalex.org/W4407511231
International Journal of Approximate Reasoning,Elsevier,2025,2025-02-17,A dialectical formalisation of preferred subtheories reasoning under resource bounds,Kees van Berkel; Marcello D’Agostino; Sanjay Modgil,180,,10.1016/j.ijar.2025.109385,https://doi.org/10.1016/j.ijar.2025.109385,article,International Journal of Approximate Reasoning,https://openalex.org/W4407636520
International Journal of Approximate Reasoning,Elsevier,2025,2025-02-20,Assessing inference to the best explanation posteriors for the estimation of economic agent-based models,Francesco De Pretis; Aldo Glielmo; Jürgen Landes,180,,10.1016/j.ijar.2025.109388,https://doi.org/10.1016/j.ijar.2025.109388,article,International Journal of Approximate Reasoning,https://openalex.org/W4407761509
International Journal of Approximate Reasoning,Elsevier,2025,2025-02-20,Asymptotic efficiency of inferential models and a possibilistic Bernstein–von Mises theorem,Ryan Martin; Jonathan P. Williams,180,,10.1016/j.ijar.2025.109389,https://doi.org/10.1016/j.ijar.2025.109389,article,International Journal of Approximate Reasoning,https://openalex.org/W4407762686
International Journal of Approximate Reasoning,Elsevier,2025,2025-02-20,Maximal hypercliques search based on concept-cognitive learning,Jiawei Wang; Fei Hao; Jie Gao; Li Zou; Zheng Pei,180,,10.1016/j.ijar.2025.109386,https://doi.org/10.1016/j.ijar.2025.109386,article,International Journal of Approximate Reasoning,https://openalex.org/W4407761571
International Journal of Approximate Reasoning,Elsevier,2025,2025-02-21,Fuzzy time series analysis: Expanding the scope with fuzzy numbers,Hugo Jose Bello; Manuel Ojeda-Hernández; Domingo López-Rodríguez; Carlos Bejines,180,,10.1016/j.ijar.2025.109387,https://doi.org/10.1016/j.ijar.2025.109387,article,International Journal of Approximate Reasoning,https://openalex.org/W4407837201
International Journal of Approximate Reasoning,Elsevier,2025,2025-02-24,Editorial Board,,179,,10.1016/s0888-613x(25)00035-0,https://doi.org/10.1016/s0888-613x(25)00035-0,paratext,International Journal of Approximate Reasoning,https://openalex.org/W4407878736
International Journal of Approximate Reasoning,Elsevier,2025,2025-02-25,Soft computing for the posterior of a matrix t graphical network,Jason Pillay; Andriette Bekker; Johan Ferreira; ‎M‎ohammad Arashi,180,,10.1016/j.ijar.2025.109397,https://doi.org/10.1016/j.ijar.2025.109397,article,International Journal of Approximate Reasoning,https://openalex.org/W4407893606
International Journal of Approximate Reasoning,Elsevier,2025,2025-02-27,DEEM: A novel approach to semi-supervised and unsupervised image clustering under uncertainty using belief functions and convolutional neural networks,Loïc Guiziou; Emmanuel Ramasso; Sébastien Thibaud; Sébastien Denneulin,181,,10.1016/j.ijar.2025.109400,https://doi.org/10.1016/j.ijar.2025.109400,article,International Journal of Approximate Reasoning,https://openalex.org/W4408021155
International Journal of Approximate Reasoning,Elsevier,2025,2025-02-28,Multiindistinguishability operators,D. Boixader; Jordi Recasens,181,,10.1016/j.ijar.2025.109401,https://doi.org/10.1016/j.ijar.2025.109401,article,International Journal of Approximate Reasoning,https://openalex.org/W4408044502
International Journal of Approximate Reasoning,Elsevier,2025,2025-03-02,Multi-view outlier detection based on multi-granularity fusion of fuzzy rough granules,Siyi Qiu; Yuefei Wang; Zixu Wang; Jinyan Cao; Xi Yu,181,,10.1016/j.ijar.2025.109402,https://doi.org/10.1016/j.ijar.2025.109402,article,International Journal of Approximate Reasoning,https://openalex.org/W4408086162
International Journal of Approximate Reasoning,Elsevier,2025,2025-03-04,Evidential time-to-event prediction with calibrated uncertainty quantification,Ling Huang; Yucheng Xing; Swapnil Mishra; Thierry Denœux; Mengling Feng,181,,10.1016/j.ijar.2025.109403,https://doi.org/10.1016/j.ijar.2025.109403,article,International Journal of Approximate Reasoning,https://openalex.org/W4408149834
International Journal of Approximate Reasoning,Elsevier,2025,2025-03-07,Hyperspace approach to relation-based neighborhood operators,Marian Przemski,181,,10.1016/j.ijar.2025.109404,https://doi.org/10.1016/j.ijar.2025.109404,article,International Journal of Approximate Reasoning,https://openalex.org/W4408240712
International Journal of Approximate Reasoning,Elsevier,2025,2025-03-08,Editorial Board,,180,,10.1016/s0888-613x(25)00049-0,https://doi.org/10.1016/s0888-613x(25)00049-0,paratext,International Journal of Approximate Reasoning,https://openalex.org/W4408250049
International Journal of Approximate Reasoning,Elsevier,2025,2025-03-10,Characterizations for union and intersection on non-normal membership functions of type-2 fuzzy sets,Zhi-qiang Liu; J.M. Liu,181,,10.1016/j.ijar.2025.109414,https://doi.org/10.1016/j.ijar.2025.109414,article,International Journal of Approximate Reasoning,https://openalex.org/W4408393098
International Journal of Approximate Reasoning,Elsevier,2025,2025-03-10,Semi-supervised hierarchical multi-label classifier based on local information,Jonathan Serrano-Pérez; Luis Enrique Sucar; Luis Enrique Sucar,181,,10.1016/j.ijar.2025.109411,https://doi.org/10.1016/j.ijar.2025.109411,article,International Journal of Approximate Reasoning,https://openalex.org/W4408280956
International Journal of Approximate Reasoning,Elsevier,2025,2025-03-14,A novel axiomatic approach to L-valued rough sets within an L-universe via inner product and outer product of L-subsets,Lingqiang Li; Qiu Jin,181,,10.1016/j.ijar.2025.109416,https://doi.org/10.1016/j.ijar.2025.109416,article,International Journal of Approximate Reasoning,https://openalex.org/W4408473431
International Journal of Approximate Reasoning,Elsevier,2025,2025-03-14,Improved evidential three-way decisions in incomplete multi-scale information systems,Rui Li; Chao Zhang; Deyu Li; Wentao Li; Jianming Zhan,181,,10.1016/j.ijar.2025.109417,https://doi.org/10.1016/j.ijar.2025.109417,article,International Journal of Approximate Reasoning,https://openalex.org/W4408445825
International Journal of Approximate Reasoning,Elsevier,2025,2025-03-14,Matrix-based local multigranulation reduction for covering decision information systems,Tao Jiang; Yan-Lan Zhang,181,,10.1016/j.ijar.2025.109415,https://doi.org/10.1016/j.ijar.2025.109415,article,International Journal of Approximate Reasoning,https://openalex.org/W4408445839
International Journal of Approximate Reasoning,Elsevier,2025,2025-03-18,Surprisingly popular-based multivariate conceptual knowledge acquisition method,Xianwei Xin; Shiting Yuan; Tao Li; Zhanao Xue; Chenyang Wang,182,,10.1016/j.ijar.2025.109419,https://doi.org/10.1016/j.ijar.2025.109419,article,International Journal of Approximate Reasoning,https://openalex.org/W4408569608
International Journal of Approximate Reasoning,Elsevier,2025,2025-03-20,Interval three-way decision model based on data envelopment analysis and prospect theory,Xianwei Xin; Xiao Yu; Tao Li; Zhanao Xue,182,,10.1016/j.ijar.2025.109424,https://doi.org/10.1016/j.ijar.2025.109424,article,International Journal of Approximate Reasoning,https://openalex.org/W4408665362
International Journal of Approximate Reasoning,Elsevier,2025,2025-03-20,Strong consistency and robustness of fuzzy medoids,Beatriz Sinova; Sergio Palacio Vega; Marı́a Ángeles Gil,182,,10.1016/j.ijar.2025.109425,https://doi.org/10.1016/j.ijar.2025.109425,article,International Journal of Approximate Reasoning,https://openalex.org/W4408665352
International Journal of Approximate Reasoning,Elsevier,2025,2025-03-20,Three-way clustering based on the graph of local density trend,Haifeng Yang; Weiqi Wang; Jianghui Cai; Jie Wang; Yating Li; Yaling Xun; Xujun Zhao,182,,10.1016/j.ijar.2025.109422,https://doi.org/10.1016/j.ijar.2025.109422,article,International Journal of Approximate Reasoning,https://openalex.org/W4408668353
International Journal of Approximate Reasoning,Elsevier,2025,2025-03-20,Weightedness measures from inequality systems,Maria Albareda-Sambola; Xavier Molinero; Salvador Roura,182,,10.1016/j.ijar.2025.109418,https://doi.org/10.1016/j.ijar.2025.109418,article,International Journal of Approximate Reasoning,https://openalex.org/W4408667621
International Journal of Approximate Reasoning,Elsevier,2025,2025-03-22,A novel covering rough set model based on granular-ball computing for data with label noise,Xiaoli Peng; Yuanlin Gong; Xianghui Hou; Tang Zhan; Yabin Shao,182,,10.1016/j.ijar.2025.109420,https://doi.org/10.1016/j.ijar.2025.109420,article,International Journal of Approximate Reasoning,https://openalex.org/W4408738746
International Journal of Approximate Reasoning,Elsevier,2025,2025-03-22,Uncertainty quantification in regression neural networks using evidential likelihood-based inference,Thierry Denœux,182,,10.1016/j.ijar.2025.109423,https://doi.org/10.1016/j.ijar.2025.109423,article,International Journal of Approximate Reasoning,https://openalex.org/W4408738531
International Journal of Approximate Reasoning,Elsevier,2025,2025-03-25,Superior scoring rules for probabilistic evaluation of single-label multi-class classification tasks,Rouhollah Ahmadian; Mehdi Ghatee; Johan Wahlström,182,,10.1016/j.ijar.2025.109421,https://doi.org/10.1016/j.ijar.2025.109421,article,International Journal of Approximate Reasoning,https://openalex.org/W4408837766
International Journal of Approximate Reasoning,Elsevier,2025,2025-03-27,Modeling and updating uncertain evidence within belief function theory,Pierre Pomeret-Coquot,182,,10.1016/j.ijar.2025.109428,https://doi.org/10.1016/j.ijar.2025.109428,article,International Journal of Approximate Reasoning,https://openalex.org/W4408926041
International Journal of Approximate Reasoning,Elsevier,2025,2025-03-28,A novel active learning approach to label one million unknown malware variants,Ahmed Bensaoud; Jugal Kumar Kalita,182,,10.1016/j.ijar.2025.109426,https://doi.org/10.1016/j.ijar.2025.109426,article,International Journal of Approximate Reasoning,https://openalex.org/W4408948184
International Journal of Approximate Reasoning,Elsevier,2025,2025-03-29,Matrix-based approach for knowledge structure construction using variable precision models,Chuanyi Huang; Han-liang Huang; Jinjin Li,183,,10.1016/j.ijar.2025.109427,https://doi.org/10.1016/j.ijar.2025.109427,article,International Journal of Approximate Reasoning,https://openalex.org/W4408960109
International Journal of Approximate Reasoning,Elsevier,2025,2025-03-29,On optimal scale combinations in generalized multi-scale set-valued ordered information systems,Jia-Ru Zhang; Wei-Zhi Wu; Harry Fung Lee; Anhui Tan,183,,10.1016/j.ijar.2025.109429,https://doi.org/10.1016/j.ijar.2025.109429,article,International Journal of Approximate Reasoning,https://openalex.org/W4408960112
International Journal of Approximate Reasoning,Elsevier,2025,2025-04-02,Editorial Board,,181,,10.1016/s0888-613x(25)00074-x,https://doi.org/10.1016/s0888-613x(25)00074-x,paratext,International Journal of Approximate Reasoning,https://openalex.org/W4409063309
International Journal of Approximate Reasoning,Elsevier,2025,2025-04-04,An equivalent characterization for admissible orders on n-dimensional intervals generated by matrices,Wei Zhang,183,,10.1016/j.ijar.2025.109438,https://doi.org/10.1016/j.ijar.2025.109438,article,International Journal of Approximate Reasoning,https://openalex.org/W4409167900
International Journal of Approximate Reasoning,Elsevier,2025,2025-04-04,Bipolar decomposition integrals,Jabbar Abbas; Radko Mesiar; Radomír Halaš,183,,10.1016/j.ijar.2025.109439,https://doi.org/10.1016/j.ijar.2025.109439,article,International Journal of Approximate Reasoning,https://openalex.org/W4409167518
International Journal of Approximate Reasoning,Elsevier,2025,2025-04-04,DFF-Net: Dynamic feature fusion network for time series prediction,Bin Xiao; Zheng Chen; Yanxue Wu; Min Wang; Shaogang Hu; Xingpeng Zhang,183,,10.1016/j.ijar.2025.109436,https://doi.org/10.1016/j.ijar.2025.109436,article,International Journal of Approximate Reasoning,https://openalex.org/W4409167662
International Journal of Approximate Reasoning,Elsevier,2025,2025-04-04,Prospect utility with hyperbolic tangent function,Patrick Adjei; Santiago Gomez-Rosero; Miriam A. M. Capretz,183,,10.1016/j.ijar.2025.109440,https://doi.org/10.1016/j.ijar.2025.109440,article,International Journal of Approximate Reasoning,https://openalex.org/W4409167691
International Journal of Approximate Reasoning,Elsevier,2025,2025-04-04,Towards machine learning as AGM-style belief change,Theofanis I. Aravanis,183,,10.1016/j.ijar.2025.109437,https://doi.org/10.1016/j.ijar.2025.109437,article,International Journal of Approximate Reasoning,https://openalex.org/W4409167778
International Journal of Approximate Reasoning,Elsevier,2025,2025-04-06,Box atlas: An interval version of atlas,Arthur Ignazi; Rémy Guyonneau; Sébastien Lagrange; Sébastien Lahaye,183,,10.1016/j.ijar.2025.109441,https://doi.org/10.1016/j.ijar.2025.109441,article,International Journal of Approximate Reasoning,https://openalex.org/W4409200000
International Journal of Approximate Reasoning,Elsevier,2025,2025-04-10,An axiom system of the analytic hierarchy process based on the completeness of preferences,Fang Liu; Lin-Tao Dai; Feiyang Cheng; Weiguo Zhang,183,,10.1016/j.ijar.2025.109449,https://doi.org/10.1016/j.ijar.2025.109449,article,International Journal of Approximate Reasoning,https://openalex.org/W4409316727
International Journal of Approximate Reasoning,Elsevier,2025,2025-04-10,Analysis of the syntactic computation of Fagin-Halpern conditioning in possibilistic logic,Omar Et-targuy; Salem Benferhat; Carole Delenne; Ahlame Begdouri,183,,10.1016/j.ijar.2025.109450,https://doi.org/10.1016/j.ijar.2025.109450,article,International Journal of Approximate Reasoning,https://openalex.org/W4409316880
International Journal of Approximate Reasoning,Elsevier,2025,2025-04-11,A novel multi-step interval prediction model for uncertain data using iterative lower upper bound estimation method,Chongyang Xu; Yubin Wang; Shouping Guan,183,,10.1016/j.ijar.2025.109451,https://doi.org/10.1016/j.ijar.2025.109451,article,International Journal of Approximate Reasoning,https://openalex.org/W4409359107
International Journal of Approximate Reasoning,Elsevier,2025,2025-04-11,Editorial Board,,182,,10.1016/s0888-613x(25)00087-8,https://doi.org/10.1016/s0888-613x(25)00087-8,paratext,International Journal of Approximate Reasoning,https://openalex.org/W4409349486
International Journal of Approximate Reasoning,Elsevier,2025,2025-04-17,Identifying total causal effects in linear models under partial homoscedasticity,David Strieder; Mathias Drton,183,,10.1016/j.ijar.2025.109455,https://doi.org/10.1016/j.ijar.2025.109455,article,International Journal of Approximate Reasoning,https://openalex.org/W4409534188
International Journal of Approximate Reasoning,Elsevier,2025,2025-04-24,Attention-based credible evidential segmentation network for remote sensing ship segmentation,Shan Qu; Yilin Dong; Chaozhe Zhu; Lei Cao; Kezhu Zuo,184,,10.1016/j.ijar.2025.109456,https://doi.org/10.1016/j.ijar.2025.109456,article,International Journal of Approximate Reasoning,https://openalex.org/W4409744070
International Journal of Approximate Reasoning,Elsevier,2025,2025-04-25,About twenty-five naughty entropies in belief function theory: Do they measure informativeness?,Radim Jiroušek; Václav Kratochví­l,184,,10.1016/j.ijar.2025.109454,https://doi.org/10.1016/j.ijar.2025.109454,article,International Journal of Approximate Reasoning,https://openalex.org/W4409798696
International Journal of Approximate Reasoning,Elsevier,2025,2025-05-02,General fuzzy difference operator and its application in edge detector,Zhi Yu Zhang; Bo Wen Fang,184,,10.1016/j.ijar.2025.109458,https://doi.org/10.1016/j.ijar.2025.109458,article,International Journal of Approximate Reasoning,https://openalex.org/W4410030211
International Journal of Approximate Reasoning,Elsevier,2025,2025-05-03,Editorial Board,,183,,10.1016/s0888-613x(25)00103-3,https://doi.org/10.1016/s0888-613x(25)00103-3,paratext,International Journal of Approximate Reasoning,https://openalex.org/W4410058421
International Journal of Approximate Reasoning,Elsevier,2025,2025-05-05,Three-way space structure and clustering of categorical data,Ruxiao Zhang; Ruxiao Zhang; Hongying Zhang; Yuhua Qian,184,,10.1016/j.ijar.2025.109457,https://doi.org/10.1016/j.ijar.2025.109457,article,International Journal of Approximate Reasoning,https://openalex.org/W4410090163
International Journal of Approximate Reasoning,Elsevier,2025,2025-05-09,Bel coalitional games with application to market games,Michel Grabisch; Silvia Lorenzini,184,,10.1016/j.ijar.2025.109466,https://doi.org/10.1016/j.ijar.2025.109466,article,International Journal of Approximate Reasoning,https://openalex.org/W4410218092
International Journal of Approximate Reasoning,Elsevier,2025,2025-05-09,Graded hexagon of opposition in fuzzy natural logic with new intermediate quantifiers,Petra Murinová; Karel Fiala; Stefania Boffa; Vilém Novák,184,,10.1016/j.ijar.2025.109465,https://doi.org/10.1016/j.ijar.2025.109465,article,International Journal of Approximate Reasoning,https://openalex.org/W4410197297
International Journal of Approximate Reasoning,Elsevier,2025,2025-05-13,A novel multi-label feature selection method based on conditional entropy and its acceleration mechanism,Chengwei Liao; Bin Yang,185,,10.1016/j.ijar.2025.109469,https://doi.org/10.1016/j.ijar.2025.109469,article,International Journal of Approximate Reasoning,https://openalex.org/W4410346554
International Journal of Approximate Reasoning,Elsevier,2025,2025-05-14,Latent Gaussian and Hüsler–Reiss graphical models with Golazo penalty,Ignacio Echave-Sustaeta Rodríguez; Frank Röttger,185,,10.1016/j.ijar.2025.109468,https://doi.org/10.1016/j.ijar.2025.109468,article,International Journal of Approximate Reasoning,https://openalex.org/W4410362059
International Journal of Approximate Reasoning,Elsevier,2025,2025-05-15,Granular-ball fuzzy information-based outlier detector,Qilin Li; Zhong Yuan; Dezhong Peng; Xiaomin Song; Huiming Zheng; Xinyu Su,185,,10.1016/j.ijar.2025.109473,https://doi.org/10.1016/j.ijar.2025.109473,article,International Journal of Approximate Reasoning,https://openalex.org/W4410398851
International Journal of Approximate Reasoning,Elsevier,2025,2025-05-15,Information fusion based conflict analysis model for multi-source fuzzy data,Xinxin Tang; Mengyu Yan; Jinhai Li; Fei Hao,185,,10.1016/j.ijar.2025.109472,https://doi.org/10.1016/j.ijar.2025.109472,article,International Journal of Approximate Reasoning,https://openalex.org/W4410397003
International Journal of Approximate Reasoning,Elsevier,2025,2025-05-16,A comparative analysis of aggregation rules for coherent lower previsions,Enrique Miranda; Juan Jesus Salamanca; Ignacio Montes,185,,10.1016/j.ijar.2025.109474,https://doi.org/10.1016/j.ijar.2025.109474,article,International Journal of Approximate Reasoning,https://openalex.org/W4410431552
International Journal of Approximate Reasoning,Elsevier,2025,2025-05-16,The diameter of a stochastic matrix: A new measure for sensitivity analysis in Bayesian networks,Manuele Leonelli; Jim Q. Smith,185,,10.1016/j.ijar.2025.109470,https://doi.org/10.1016/j.ijar.2025.109470,article,International Journal of Approximate Reasoning,https://openalex.org/W4410422157
International Journal of Approximate Reasoning,Elsevier,2025,2025-05-16,The structure of rough sets defined by reflexive relations,Jouni Järvinen; Sändor Radeleczki,185,,10.1016/j.ijar.2025.109471,https://doi.org/10.1016/j.ijar.2025.109471,article,International Journal of Approximate Reasoning,https://openalex.org/W4410434361
International Journal of Approximate Reasoning,Elsevier,2025,2025-05-21,Soft learning probabilistic circuits,Soroush Ghandi; Benjamin Quost; Cassio Polpo de Campos,185,,10.1016/j.ijar.2025.109467,https://doi.org/10.1016/j.ijar.2025.109467,article,International Journal of Approximate Reasoning,https://openalex.org/W4393119127
International Journal of Approximate Reasoning,Elsevier,2025,2025-05-22,Corrigendum to “Estimating bounds on causal effects in high-dimensional and possibly confounded systems” [Int. J. Approx. Reason. 88 (2017) 371–384],Daniel Malinsky; Peter Spirtes,185,,10.1016/j.ijar.2025.109475,https://doi.org/10.1016/j.ijar.2025.109475,erratum,International Journal of Approximate Reasoning,https://openalex.org/W4410596153
International Journal of Approximate Reasoning,Elsevier,2025,2025-05-22,On approximation of lattice-valued functions using lattice integral transforms,Viec Bui Quoc; Michal Holčapek,185,,10.1016/j.ijar.2025.109476,https://doi.org/10.1016/j.ijar.2025.109476,article,International Journal of Approximate Reasoning,https://openalex.org/W4410596114
International Journal of Approximate Reasoning,Elsevier,2025,2025-05-26,Algorithms for computing the set of acceptable arguments,Lars Bengel; Matthias Thimm; Federico Cerutti; Mauro Vallati,185,,10.1016/j.ijar.2025.109478,https://doi.org/10.1016/j.ijar.2025.109478,article,International Journal of Approximate Reasoning,https://openalex.org/W4410740940
International Journal of Approximate Reasoning,Elsevier,2025,2025-05-28,Editorial Board,,184,,10.1016/s0888-613x(25)00125-2,https://doi.org/10.1016/s0888-613x(25)00125-2,paratext,International Journal of Approximate Reasoning,https://openalex.org/W4410767475
International Journal of Approximate Reasoning,Elsevier,2025,2025-05-28,Uncertainty quantification in ordinal classification: A comparison of measures,Stefan Haas; Eyke Hüllermeier,186,,10.1016/j.ijar.2025.109479,https://doi.org/10.1016/j.ijar.2025.109479,article,International Journal of Approximate Reasoning,https://openalex.org/W4410815531
International Journal of Approximate Reasoning,Elsevier,2025,2025-05-30,The language of Contextual Attribute Logics – Introduction and survey,Bernhard Ganter,186,,10.1016/j.ijar.2025.109487,https://doi.org/10.1016/j.ijar.2025.109487,article,International Journal of Approximate Reasoning,https://openalex.org/W4410883508
International Journal of Approximate Reasoning,Elsevier,2025,2025-06-03,Natural revision is contingently-conditionalized revision,Paolo Liberatore,186,,10.1016/j.ijar.2025.109489,https://doi.org/10.1016/j.ijar.2025.109489,article,International Journal of Approximate Reasoning,https://openalex.org/W4410991097
International Journal of Approximate Reasoning,Elsevier,2025,2025-06-03,Predicting graphical models based on functional data,Qiying Wu; Huiwen Wang,186,,10.1016/j.ijar.2025.109493,https://doi.org/10.1016/j.ijar.2025.109493,article,International Journal of Approximate Reasoning,https://openalex.org/W4410991213
International Journal of Approximate Reasoning,Elsevier,2025,2025-06-03,Three-way conflict analysis model via the best-worst method: Balancing subjective preferences and objective data on incomplete and dispersed systems,Junjie Zhu; Qinghua Zhang; Nanfang Luo; Fan Liu; Longjun Yin,186,,10.1016/j.ijar.2025.109490,https://doi.org/10.1016/j.ijar.2025.109490,article,International Journal of Approximate Reasoning,https://openalex.org/W4410989527
International Journal of Approximate Reasoning,Elsevier,2025,2025-06-04,A hybrid machine learning and three-way soft clustering integrated decision-making method with incomplete multi-source heterogeneous attribute information,Xixuan Zhao; Bingzhen Sun; Xiaodong Chu; Xiaodong Chu; Jin Ye; Xiaoli Chu; Xiaoli Chu,186,,10.1016/j.ijar.2025.109491,https://doi.org/10.1016/j.ijar.2025.109491,article,International Journal of Approximate Reasoning,https://openalex.org/W4411021256
International Journal of Approximate Reasoning,Elsevier,2025,2025-06-04,Bayesianize fuzziness in the statistical analysis of fuzzy data,Antonio Calcagnì; Przemysław Grzegorzewski; Maciej Romaniuk,186,,10.1016/j.ijar.2025.109495,https://doi.org/10.1016/j.ijar.2025.109495,article,International Journal of Approximate Reasoning,https://openalex.org/W4407093481
International Journal of Approximate Reasoning,Elsevier,2025,2025-06-04,Knowledge granularity reduction for fuzzy relation decision systems,Qing Wang; Xiuwei Gao; Guilong Liu,186,,10.1016/j.ijar.2025.109494,https://doi.org/10.1016/j.ijar.2025.109494,article,International Journal of Approximate Reasoning,https://openalex.org/W4411021259
International Journal of Approximate Reasoning,Elsevier,2025,2025-06-04,On Fast arc-reversal,Cory J. Butz; Anders Læsø Madsen; Jhonatan S. Oliveira,186,,10.1016/j.ijar.2025.109488,https://doi.org/10.1016/j.ijar.2025.109488,article,International Journal of Approximate Reasoning,https://openalex.org/W4411021812
International Journal of Approximate Reasoning,Elsevier,2025,2025-06-05,Attribute combination reduction in formal concept analysis: A theoretical characterization,Qin Zhang; Jianjun Qi; Ling Wei; Siyu Zhao,186,,10.1016/j.ijar.2025.109498,https://doi.org/10.1016/j.ijar.2025.109498,article,International Journal of Approximate Reasoning,https://openalex.org/W4411048974
International Journal of Approximate Reasoning,Elsevier,2025,2025-06-05,Theoretical comparison of Relational Concept Analysis (RCA) and Graph-FCA (GCA),Vanessa Fokou; Peggy Cellier; Xavier Dolques; Sébastien Ferré; Florence Le Ber,186,,10.1016/j.ijar.2025.109496,https://doi.org/10.1016/j.ijar.2025.109496,article,International Journal of Approximate Reasoning,https://openalex.org/W4411047786
International Journal of Approximate Reasoning,Elsevier,2025,2025-06-06,Editorial Board,,185,,10.1016/s0888-613x(25)00144-6,https://doi.org/10.1016/s0888-613x(25)00144-6,paratext,International Journal of Approximate Reasoning,https://openalex.org/W4411089945
International Journal of Approximate Reasoning,Elsevier,2025,2025-06-06,Mixtures of probabilistic logic programs,Damiano Azzolini,186,,10.1016/j.ijar.2025.109497,https://doi.org/10.1016/j.ijar.2025.109497,article,International Journal of Approximate Reasoning,https://openalex.org/W4411090390
International Journal of Approximate Reasoning,Elsevier,2025,2025-06-09,Visual hallucination detection in large vision-language models via evidential conflict,Tao Huang; Zhekun Liu; Rui Wang; Yang Zhang; Liping Jing,186,,10.1016/j.ijar.2025.109507,https://doi.org/10.1016/j.ijar.2025.109507,article,International Journal of Approximate Reasoning,https://openalex.org/W4411139619
International Journal of Approximate Reasoning,Elsevier,2025,2025-06-11,A formal study of a rough set model integrating relational and neighbourhood system approaches,Md. Aquil Khan; Ranjan Ranjan,186,,10.1016/j.ijar.2025.109492,https://doi.org/10.1016/j.ijar.2025.109492,article,International Journal of Approximate Reasoning,https://openalex.org/W4411200391
International Journal of Approximate Reasoning,Elsevier,2025,2025-06-11,A minimal base or a direct base? That is the question!,Jaume Baixeries; Amedeo Napoli,186,,10.1016/j.ijar.2025.109509,https://doi.org/10.1016/j.ijar.2025.109509,article,International Journal of Approximate Reasoning,https://openalex.org/W4411196321
International Journal of Approximate Reasoning,Elsevier,2025,2025-06-13,Attribute reduction with pessimistic multigranulation rough sets in relation systems,Yehai Xie,186,,10.1016/j.ijar.2025.109515,https://doi.org/10.1016/j.ijar.2025.109515,article,International Journal of Approximate Reasoning,https://openalex.org/W4411275762
International Journal of Approximate Reasoning,Elsevier,2025,2025-06-13,Computationally efficient variational-like approximations of possibilistic inferential models,Leonardo Cella; Ryan Martin,186,,10.1016/j.ijar.2025.109506,https://doi.org/10.1016/j.ijar.2025.109506,article,International Journal of Approximate Reasoning,https://openalex.org/W4411278796
International Journal of Approximate Reasoning,Elsevier,2025,2025-06-13,Conflict management in a distance to prototype-based evidential neural network,Dănuţ-Vasile Giurgi; Mihreteab Negash Geletu; Thomas Laurain; Maxime Devanne; Jean-Philippe Lauffenburger; Jean Dezert,186,,10.1016/j.ijar.2025.109508,https://doi.org/10.1016/j.ijar.2025.109508,article,International Journal of Approximate Reasoning,https://openalex.org/W4411275720
International Journal of Approximate Reasoning,Elsevier,2025,2025-06-13,Constructing intuitionistic neighborhood based on intuitionistic fuzzy sets for three-way clustering,Yu Xie; Jilin Yang; Yiyu Luo; Xianyong Zhang; Junfang Luo,186,,10.1016/j.ijar.2025.109512,https://doi.org/10.1016/j.ijar.2025.109512,article,International Journal of Approximate Reasoning,https://openalex.org/W4411277092
International Journal of Approximate Reasoning,Elsevier,2025,2025-06-16,Feasible strategies in three-way conflict analysis with three-valued ratings,Jing Liu; Mengjun Hu; Guangming Lang,186,,10.1016/j.ijar.2025.109516,https://doi.org/10.1016/j.ijar.2025.109516,article,International Journal of Approximate Reasoning,https://openalex.org/W4411343215
International Journal of Approximate Reasoning,Elsevier,2025,2025-06-18,Dynamic concept reduction methods based on local information,Mei-Zheng Li; Leijun Li; Ju‐Sheng Mi; Qian Hu,186,,10.1016/j.ijar.2025.109514,https://doi.org/10.1016/j.ijar.2025.109514,article,International Journal of Approximate Reasoning,https://openalex.org/W4411404887
International Journal of Approximate Reasoning,Elsevier,2025,2025-06-18,Structural reliability analysis for parameterized probability box based on efficient global optimization and dimension-reduction method,Haibo Liu; Wen Ter Lai; Weifeng Luo; Shufeng Zhang; Huichao Xie; Qiong Wang,186,,10.1016/j.ijar.2025.109513,https://doi.org/10.1016/j.ijar.2025.109513,article,International Journal of Approximate Reasoning,https://openalex.org/W4411404849
International Journal of Approximate Reasoning,Elsevier,2025,2025-06-19,Cauchy Graph Convolutional Networks,Taurai Muvunza; Yang Li; Erçan E. Kuruoğlu,186,,10.1016/j.ijar.2025.109517,https://doi.org/10.1016/j.ijar.2025.109517,article,International Journal of Approximate Reasoning,https://openalex.org/W4411449419
International Journal of Approximate Reasoning,Elsevier,2025,2025-06-23,Joining copulas of extreme implicit dependence copulas,Noppawit Yanpaisan; Tippawan Santiwipanont; Songkiat Sumetkijakan,186,,10.1016/j.ijar.2025.109518,https://doi.org/10.1016/j.ijar.2025.109518,article,International Journal of Approximate Reasoning,https://openalex.org/W4411555633
International Journal of Approximate Reasoning,Elsevier,2025,2025-06-27,"Double Boolean algebras: Constructions, sub-structures and morphisms",Gael Tenkeu Kembang; Yannick Léa Tenkeu Jeufack; Etienne Romuald Temgoua Alomo; Léonard Kwuida,186,,10.1016/j.ijar.2025.109519,https://doi.org/10.1016/j.ijar.2025.109519,article,International Journal of Approximate Reasoning,https://openalex.org/W4411730103
International Journal of Approximate Reasoning,Elsevier,2025,2025-07-02,FDACNet: Enhancing time-series classification with fuzzy feature and integrated self-attention and temporal convolution,Xiuwei Chen; Li Lai; Maokang Luo,186,,10.1016/j.ijar.2025.109521,https://doi.org/10.1016/j.ijar.2025.109521,article,International Journal of Approximate Reasoning,https://openalex.org/W4411932929
International Journal of Approximate Reasoning,Elsevier,2025,2025-07-02,PAC learning of concept inclusions for ontology-mediated query answering,Sergei A. Obiedkov; Barış Sertkaya,186,,10.1016/j.ijar.2025.109523,https://doi.org/10.1016/j.ijar.2025.109523,article,International Journal of Approximate Reasoning,https://openalex.org/W4411957544
International Journal of Approximate Reasoning,Elsevier,2025,2025-07-05,Chain graphs structure learning given local background knowledge,Shujing Yang; Fuyuan Cao; Kui Yu; Jiye Liang,186,,10.1016/j.ijar.2025.109524,https://doi.org/10.1016/j.ijar.2025.109524,article,International Journal of Approximate Reasoning,https://openalex.org/W4412049203
International Journal of Approximate Reasoning,Elsevier,2025,2025-07-05,Divide and conquer for causal computation,Anna Rodum Bjøru; Rafael Cabañas; Helge Langseth; Antonio Salmerón,186,,10.1016/j.ijar.2025.109520,https://doi.org/10.1016/j.ijar.2025.109520,article,International Journal of Approximate Reasoning,https://openalex.org/W4412049190
International Journal of Approximate Reasoning,Elsevier,2025,2025-07-07,Stable structure learning with HC-Stable and Tabu-Stable algorithms,Neville  Kenneth Kitson; Anthony Costa Constantinou,186,,10.1016/j.ijar.2025.109522,https://doi.org/10.1016/j.ijar.2025.109522,article,International Journal of Approximate Reasoning,https://openalex.org/W4412076683
International Journal of Approximate Reasoning,Elsevier,2025,2025-07-15,Cooperative games with fuzzy characteristic functions on concept lattices,Martin Waffo Kemgne; Blaise B. Koguep Njionou; Dmitry I. Ignatov; Léonard Kwuida,186,,10.1016/j.ijar.2025.109527,https://doi.org/10.1016/j.ijar.2025.109527,article,International Journal of Approximate Reasoning,https://openalex.org/W4412433937
International Journal of Approximate Reasoning,Elsevier,2025,2025-07-15,Cut-elimination theorems for some logics associated with double Stone algebras,Martín Figallo; Juan Sebastián Slagter,186,,10.1016/j.ijar.2025.109526,https://doi.org/10.1016/j.ijar.2025.109526,article,International Journal of Approximate Reasoning,https://openalex.org/W4412451295
International Journal of Approximate Reasoning,Elsevier,2025,2025-07-16,Centralized ordered weighted averaging operator weights and their properties,Byeong Seok Ahn,186,,10.1016/j.ijar.2025.109477,https://doi.org/10.1016/j.ijar.2025.109477,article,International Journal of Approximate Reasoning,https://openalex.org/W4412484250
International Journal of Approximate Reasoning,Elsevier,2025,2025-07-16,Fuzzy sequential three-way multi-scale attribute decision-making method based on individual risk attitude and multi classification features,Jin Gui Qian; Yuehua Lu; Ying Yu; Di Wang,186,,10.1016/j.ijar.2025.109525,https://doi.org/10.1016/j.ijar.2025.109525,article,International Journal of Approximate Reasoning,https://openalex.org/W4412459434
International Journal of Approximate Reasoning,Elsevier,2025,2025-07-18,Explainable multi-criteria decision-making: A three-way decision perspective,Chengjun Shi; Yiyu Y. Yao,187,,10.1016/j.ijar.2025.109528,https://doi.org/10.1016/j.ijar.2025.109528,article,International Journal of Approximate Reasoning,https://openalex.org/W4412651030
International Journal of Approximate Reasoning,Elsevier,2025,2025-07-18,Fusing fuzzy rough sets and mean shift for anomaly detection,Mengyao Liao; Zhiyu Chen; Can Gao; Jie Zhou; Xiaodong Yue,187,,10.1016/j.ijar.2025.109530,https://doi.org/10.1016/j.ijar.2025.109530,article,International Journal of Approximate Reasoning,https://openalex.org/W4413109444
International Journal of Approximate Reasoning,Elsevier,2025,2025-07-28,Generalized conjunction and disjunction of two conditional events in the setting of conditional random quantities,Lydia Castronovo; Giuseppe Sanfilippo,187,,10.1016/j.ijar.2025.109533,https://doi.org/10.1016/j.ijar.2025.109533,article,International Journal of Approximate Reasoning,https://openalex.org/W4413099196
International Journal of Approximate Reasoning,Elsevier,2025,2025-07-29,Optimizing connectivity in fuzzy graphs for resilient disaster response networks,P. Sujithra; Sunil Mathew; John Nelson Mordeson,187,,10.1016/j.ijar.2025.109535,https://doi.org/10.1016/j.ijar.2025.109535,article,International Journal of Approximate Reasoning,https://openalex.org/W4412862805
International Journal of Approximate Reasoning,Elsevier,2025,2025-07-29,Triadic data: Representation and reduction,Léa Aubin Kouankam Djouohou; Blaise B. Koguep Njionou; Léonard Kwuida,187,,10.1016/j.ijar.2025.109532,https://doi.org/10.1016/j.ijar.2025.109532,article,International Journal of Approximate Reasoning,https://openalex.org/W4412862801
International Journal of Approximate Reasoning,Elsevier,2025,2025-07-30,Sensitivity analysis to unobserved confounding with copula-based normalizing flows,Sourabh Balgi; Marc Braun; Jose M. Peña; Adel Daoud,187,,10.1016/j.ijar.2025.109531,https://doi.org/10.1016/j.ijar.2025.109531,article,International Journal of Approximate Reasoning,https://openalex.org/W4412867523
International Journal of Approximate Reasoning,Elsevier,2025,2025-08-05,A novel three-way based self-adaptive filtering model for sentiment analysis,Zhihui Zhang; Dun Liu; Rongping Shen,187,,10.1016/j.ijar.2025.109536,https://doi.org/10.1016/j.ijar.2025.109536,article,International Journal of Approximate Reasoning,https://openalex.org/W4413006693
International Journal of Approximate Reasoning,Elsevier,2025,2025-08-05,Domain-informed and neural-optimized belief assignments: A framework applied to cultural heritage,Sofiane Daimellah; Sylvie Le Hégarat‐Mascle; Clotilde Boust,187,,10.1016/j.ijar.2025.109534,https://doi.org/10.1016/j.ijar.2025.109534,article,International Journal of Approximate Reasoning,https://openalex.org/W4412956236
International Journal of Approximate Reasoning,Elsevier,2025,2025-08-05,Exact likelihood-based evidential prediction of an ordinal variable,Sébastien Ramel; Frédéric Pichon,187,,10.1016/j.ijar.2025.109537,https://doi.org/10.1016/j.ijar.2025.109537,article,International Journal of Approximate Reasoning,https://openalex.org/W4413053788
International Journal of Approximate Reasoning,Elsevier,2025,2025-08-06,Attribute reduction based on weighted neighborhood distribution entropy,Peng Xu; Ping Zhu,187,,10.1016/j.ijar.2025.109539,https://doi.org/10.1016/j.ijar.2025.109539,article,International Journal of Approximate Reasoning,https://openalex.org/W4413014218
International Journal of Approximate Reasoning,Elsevier,2025,2025-08-06,Dealing with non-reciprocal matrices in the additive and fuzzy preference relations theoretical frameworks,Jiří Mazurek; Pedro A. Reyes Linares; Luis Angel Calvo Pascual,187,,10.1016/j.ijar.2025.109540,https://doi.org/10.1016/j.ijar.2025.109540,article,International Journal of Approximate Reasoning,https://openalex.org/W4413011716
International Journal of Approximate Reasoning,Elsevier,2025,2025-08-06,Distribution assessment-based multiple over-sampling with evidence fusion for imbalanced data classification,Hongpeng Tian; Zuowei Zhang; Zhunga Liu; Jingwei Zuo; Caixing Yang,187,,10.1016/j.ijar.2025.109538,https://doi.org/10.1016/j.ijar.2025.109538,article,International Journal of Approximate Reasoning,https://openalex.org/W4413019516
International Journal of Approximate Reasoning,Elsevier,2025,2025-08-06,Diversity among multiple reducts computation with application to ensemble of classification model,Abhimanyu Bar; Anil Kumar; Gulshan Kumar; P. S. V. S. Sai Prasad,187,,10.1016/j.ijar.2025.109542,https://doi.org/10.1016/j.ijar.2025.109542,article,International Journal of Approximate Reasoning,https://openalex.org/W4413019649
International Journal of Approximate Reasoning,Elsevier,2025,2025-08-06,Recovery degree constrained equiconcept/pseudo-equiconcept reduction in symmetric formal contexts,Jianguo Bu; Fei Hao; Huilin Fan; Ling Wei; Shuanggen Liu; Sergei O. Kuznetsov,187,,10.1016/j.ijar.2025.109541,https://doi.org/10.1016/j.ijar.2025.109541,article,International Journal of Approximate Reasoning,https://openalex.org/W4413027432
International Journal of Approximate Reasoning,Elsevier,2025,2025-08-06,Selected papers from the Second International Joint Conference on Conceptual Knowledge Structures,Rokia Missaoui; Peggy Cellier; Bernhard Ganter,187,,10.1016/j.ijar.2025.109545,https://doi.org/10.1016/j.ijar.2025.109545,article,International Journal of Approximate Reasoning,https://openalex.org/W4413019704
International Journal of Approximate Reasoning,Elsevier,2025,2025-08-07,Optimizations of approximation operators in covering rough set theory,S. Zhang; Liwen Ma,187,,10.1016/j.ijar.2025.109543,https://doi.org/10.1016/j.ijar.2025.109543,article,International Journal of Approximate Reasoning,https://openalex.org/W4413044118
International Journal of Approximate Reasoning,Elsevier,2025,2025-08-07,Relative pre-reducts for computing the relative reducts of large data sets,Hajime Okawa; Yasuo Kudo; Tetsuya Murai,187,,10.1016/j.ijar.2025.109544,https://doi.org/10.1016/j.ijar.2025.109544,article,International Journal of Approximate Reasoning,https://openalex.org/W4413044116
International Journal of Approximate Reasoning,Elsevier,2025,2025-08-08,GTransformer: Multi-view functional granulation and self-attention for tabular data modeling,Liang Liao; Yumin Chen; Yumin Chen; Yingyue Chen; Yingyue Chen; Y. S. Lin,187,,10.1016/j.ijar.2025.109547,https://doi.org/10.1016/j.ijar.2025.109547,article,International Journal of Approximate Reasoning,https://openalex.org/W4413122066
International Journal of Approximate Reasoning,Elsevier,2025,2025-08-11,A two-player newsvendor game with competition on demand under ambiguity,Andrea Cinfrignini; Silvia Lorenzini; Davide Petturiti,187,,10.1016/j.ijar.2025.109546,https://doi.org/10.1016/j.ijar.2025.109546,article,International Journal of Approximate Reasoning,https://openalex.org/W4413167061
International Journal of Approximate Reasoning,Elsevier,2025,2025-08-12,Flexible categorization using formal concept analysis and Dempster-Shafer theory,Marcel Boersma; Krishna Manoorkar; Alessandra Palmigiano; Mattia Panettiere; Apostolos Tzimoulis; Nachoem M. Wijnberg,187,,10.1016/j.ijar.2025.109548,https://doi.org/10.1016/j.ijar.2025.109548,article,International Journal of Approximate Reasoning,https://openalex.org/W4413190987
International Journal of Approximate Reasoning,Elsevier,2025,2025-08-21,Being Bayesian about learning Bayesian networks from hybrid data,Marco Andreas Grzegorczyk,187,,10.1016/j.ijar.2025.109549,https://doi.org/10.1016/j.ijar.2025.109549,article,International Journal of Approximate Reasoning,https://openalex.org/W4413384881
International Journal of Approximate Reasoning,Elsevier,2025,2025-08-22,Investigation of semantic behavior in probabilistic argumentation,Zhaoqun Li; Beishui Liao; Chen Chen,187,,10.1016/j.ijar.2025.109551,https://doi.org/10.1016/j.ijar.2025.109551,article,International Journal of Approximate Reasoning,https://openalex.org/W4413426863
International Journal of Approximate Reasoning,Elsevier,2025,2025-08-23,Editorial Board,,186,,10.1016/s0888-613x(25)00199-9,https://doi.org/10.1016/s0888-613x(25)00199-9,paratext,International Journal of Approximate Reasoning,https://openalex.org/W4413475126
International Journal of Approximate Reasoning,Elsevier,2025,2025-08-27,Self-supervised multi-level generative adversarial network data imputation algorithm,Xu Yi; Shujuan Fang; Xuhui Xing,187,,10.1016/j.ijar.2025.109553,https://doi.org/10.1016/j.ijar.2025.109553,article,International Journal of Approximate Reasoning,https://openalex.org/W4413920134
International Journal of Approximate Reasoning,Elsevier,2025,2025-08-28,Explainable granular fusion: Graph-embedded rectangular neighborhood rough sets for knowledge system convergence,Yigao Li; Weihua Xu,187,,10.1016/j.ijar.2025.109561,https://doi.org/10.1016/j.ijar.2025.109561,article,International Journal of Approximate Reasoning,https://openalex.org/W4413787198
International Journal of Approximate Reasoning,Elsevier,2025,2025-08-29,FCPCA: Fuzzy clustering of high-dimensional time series based on common principal component analysis,Ziling Ma; Ángel López‐Oriona; Hernando Ombao; Ying Sun,187,,10.1016/j.ijar.2025.109552,https://doi.org/10.1016/j.ijar.2025.109552,article,International Journal of Approximate Reasoning,https://openalex.org/W4413848312
International Journal of Approximate Reasoning,Elsevier,2025,2025-09-01,On the optimality of coin-betting for mean estimation,Eugenio Clerico,187,,10.1016/j.ijar.2025.109550,https://doi.org/10.1016/j.ijar.2025.109550,article,International Journal of Approximate Reasoning,https://openalex.org/W4413904950
International Journal of Approximate Reasoning,Elsevier,2025,2025-09-03,Superhedging supermartingales,Christian Bender; Sebastián Ferrando; Konrad Gajewski; Alfredo González,187,,10.1016/j.ijar.2025.109567,https://doi.org/10.1016/j.ijar.2025.109567,article,International Journal of Approximate Reasoning,https://openalex.org/W4413951388
International Journal of Approximate Reasoning,Elsevier,2025,2025-09-05,A novel framework for trust network analysis: Connectivity-based intuitionistic fuzzy rough digraph,Danyang Wang; Ping Zhu,187,,10.1016/j.ijar.2025.109564,https://doi.org/10.1016/j.ijar.2025.109564,article,International Journal of Approximate Reasoning,https://openalex.org/W4414011593
International Journal of Approximate Reasoning,Elsevier,2025,2025-09-05,Special issue on the Twelfth International Conference on Probabilistic Graphical Models (PGM 2024),Silja Renooij; Johan Kwisthout; Janneke H. Bolt,187,,10.1016/j.ijar.2025.109571,https://doi.org/10.1016/j.ijar.2025.109571,editorial,International Journal of Approximate Reasoning,https://openalex.org/W4414008895
International Journal of Approximate Reasoning,Elsevier,2025,2025-09-08,Some fuzzy neighborhood operators on fuzzy β-covering approximation space and their application in user preference evaluation,Wei Li; Xiao‐Lei Wang; Bin Yang,187,,10.1016/j.ijar.2025.109566,https://doi.org/10.1016/j.ijar.2025.109566,article,International Journal of Approximate Reasoning,https://openalex.org/W4414164852
International Journal of Approximate Reasoning,Elsevier,2025,2025-09-10,Three-way conflict analysis: Issue reduct based on incomplete fuzzy value information,Hai-Long Yang; Sheng Gao; Zhi-Lian Guo,187,,10.1016/j.ijar.2025.109568,https://doi.org/10.1016/j.ijar.2025.109568,article,International Journal of Approximate Reasoning,https://openalex.org/W4414107346
International Journal of Approximate Reasoning,Elsevier,2025,2025-09-10,Unimodular triangulations in Łukasiewicz logic: Complexity bounds of probabilistic coherence,Tommaso Flaminio; Serafina Lapenta; Sebastiano Napolitano,187,,10.1016/j.ijar.2025.109565,https://doi.org/10.1016/j.ijar.2025.109565,article,International Journal of Approximate Reasoning,https://openalex.org/W4414085949
International Journal of Approximate Reasoning,Elsevier,2025,2025-09-11,Cross-worker joint modeling-based label integration for crowdsourcing,Can Pan; Liangxiao Jiang; Shanshan Si,187,,10.1016/j.ijar.2025.109570,https://doi.org/10.1016/j.ijar.2025.109570,article,International Journal of Approximate Reasoning,https://openalex.org/W4414121071
International Journal of Approximate Reasoning,Elsevier,2025,2025-09-11,Optimal scale combination selection based on a monotonic variable precision multi-scale rough set model,Ruili Guo; Qinghua Zhang; Yunlong Cheng; Ying Yang; Hang Zhong,187,,10.1016/j.ijar.2025.109569,https://doi.org/10.1016/j.ijar.2025.109569,article,International Journal of Approximate Reasoning,https://openalex.org/W4414105201
International Journal of Approximate Reasoning,Elsevier,2025,2025-09-16,Inner and outer approximation of the image of a set by a nonlinear function,Maël Godard; Luc Jaulin; Damien Massé,187,,10.1016/j.ijar.2025.109574,https://doi.org/10.1016/j.ijar.2025.109574,article,International Journal of Approximate Reasoning,https://openalex.org/W4414222990
International Journal of Approximate Reasoning,Elsevier,2025,2025-09-17,Choosing the center of star-shaped set-valued data compatible with measure-preserving arithmetic,Gil González‐Rodríguez,188,,10.1016/j.ijar.2025.109575,https://doi.org/10.1016/j.ijar.2025.109575,article,International Journal of Approximate Reasoning,https://openalex.org/W4414286168
International Journal of Approximate Reasoning,Elsevier,2025,2025-09-23,Gärdenfors’s Supplementary Postulates for Partial Product Contractions,Franz Baader; Renata Wassermann,199,,10.1007/978-3-032-05134-9_19,https://doi.org/10.1016/j.ijar.2026.109812,conference-paper,International Journal of Approximate Reasoning,https://openalex.org/W4414449083
International Journal of Approximate Reasoning,Elsevier,2025,2025-10-04,Zero patterns in multi-way binary contingency tables with uniform margins,Roberto Fontana; Elisa Perrone; Fabio Rapallo,188,,10.1016/j.ijar.2025.109582,https://doi.org/10.1016/j.ijar.2025.109582,article,International Journal of Approximate Reasoning,https://openalex.org/W4414800439
International Journal of Approximate Reasoning,Elsevier,2025,2025-10-09,On A-Sheffer strokes: A new class of cone-monotone functions and their ordinal sum constructions,Yan Zou; Feng Qin; Ting-hai Zhang; Jie Li,188,,10.1016/j.ijar.2025.109583,https://doi.org/10.1016/j.ijar.2025.109583,article,International Journal of Approximate Reasoning,https://openalex.org/W4415002353
International Journal of Approximate Reasoning,Elsevier,2025,2025-10-09,Special issue on the 11th International Conference on Soft Methods in Probability and Statistics (SMPS 2024),Sebastian Herbert Fuchs,188,,10.1016/j.ijar.2025.109584,https://doi.org/10.1016/j.ijar.2025.109584,editorial,International Journal of Approximate Reasoning,https://openalex.org/W4415083684
International Journal of Approximate Reasoning,Elsevier,2025,2025-10-15,Granular structures of covering-based rough set approximations through the Mapper algorithm,Wannes De Maeyer; Mauricio Restrepo; Chris Cornelis,188,,10.1016/j.ijar.2025.109585,https://doi.org/10.1016/j.ijar.2025.109585,article,International Journal of Approximate Reasoning,https://openalex.org/W4415214444
International Journal of Approximate Reasoning,Elsevier,2025,2025-10-26,Modeling the selection of representative aggregation functions for optimizing the representation of group behavior preferences within the preference disaggregation framework,Zaiwu Gong; Jiaxin Zhou; Xinxin Luo; Kun Zhou; Weiwei Guo; Guo Wei,189,,10.1016/j.ijar.2025.109586,https://doi.org/10.1016/j.ijar.2025.109586,article,International Journal of Approximate Reasoning,https://openalex.org/W4415551866
International Journal of Approximate Reasoning,Elsevier,2025,2025-10-30,A robust multi-source transfer classification method based on belief functions for cross-domain pattern recognition,Linqing Huang; Jinfu Fan; Gongshen Liu; Shilin Wang,189,,10.1016/j.ijar.2025.109589,https://doi.org/10.1016/j.ijar.2025.109589,article,International Journal of Approximate Reasoning,https://openalex.org/W4415687688
International Journal of Approximate Reasoning,Elsevier,2025,2025-11-01,Editorial Board,,188,,10.1016/s0888-613x(25)00235-x,https://doi.org/10.1016/s0888-613x(25)00235-x,paratext,International Journal of Approximate Reasoning,https://openalex.org/W4415760402
International Journal of Approximate Reasoning,Elsevier,2025,2025-11-01,New paraconsistent modal logics based on rough modus ponens rules and their interrelations,B. N. Saha; Mohua Banerjee; Soma Dutta,189,,10.1016/j.ijar.2025.109587,https://doi.org/10.1016/j.ijar.2025.109587,article,International Journal of Approximate Reasoning,https://openalex.org/W4415756529
International Journal of Approximate Reasoning,Elsevier,2025,2025-11-03,On exact regions between measures of concordance and Chatterjee’s rank correlation for lower semilinear copulas,Sebastian Herbert Fuchs; Carsten Limbach; Fabian Schürrer,189,,10.1016/j.ijar.2025.109588,https://doi.org/10.1016/j.ijar.2025.109588,article,International Journal of Approximate Reasoning,https://openalex.org/W4415824571
International Journal of Approximate Reasoning,Elsevier,2025,2025-11-09,ARIPOTER: Solvers for approximate reasoning based on grounded semantics,Jérôme Delobelle; Jean-Guy Mailly; Julien Rossit,189,,10.1016/j.ijar.2025.109599,https://doi.org/10.1016/j.ijar.2025.109599,article,International Journal of Approximate Reasoning,https://openalex.org/W4416504011
International Journal of Approximate Reasoning,Elsevier,2025,2025-11-09,Measuring external conflict in Dempster-Shafer theory based on Kantorovich problems,Andrey G. Bronevich; Alexander Lepskiy,190,,10.1016/j.ijar.2025.109597,https://doi.org/10.1016/j.ijar.2025.109597,article,International Journal of Approximate Reasoning,https://openalex.org/W4416052082
International Journal of Approximate Reasoning,Elsevier,2025,2025-11-11,Matrix-based efficient methods to update three-way regions in neighborhood systems under varying attributes,Yuning Qi; Chengxiang Hu; Xiaoling Huang,189,,10.1016/j.ijar.2025.109598,https://doi.org/10.1016/j.ijar.2025.109598,article,International Journal of Approximate Reasoning,https://openalex.org/W4416091563
International Journal of Approximate Reasoning,Elsevier,2025,2025-11-12,Multi-granularity Knowledge Fusion for Feature Selection Using Granular-ball Entropy Uncertainty Measures,Kehua Yuan; Yuji Bai; Duoqian Miao; Weiping Ding; Yiyu Y. Yao; Hongyun Zhang; Witold Pedrycz,189,,10.1016/j.ijar.2025.109590,https://doi.org/10.1016/j.ijar.2025.109590,article,International Journal of Approximate Reasoning,https://openalex.org/W4416145973
International Journal of Approximate Reasoning,Elsevier,2025,2025-11-20,Connecting classical finite exchangeability to quantum theory and indistinguishability,Alessio Benavoli; Alessandro Facchini; Marco Zaffalon,189,,10.1016/j.ijar.2025.109604,https://doi.org/10.1016/j.ijar.2025.109604,article,International Journal of Approximate Reasoning,https://openalex.org/W4416425110
International Journal of Approximate Reasoning,Elsevier,2025,2025-11-20,Disentangled representations for continuous treatment effect estimation,Ruijing Cui; Jianbin Sun; Bingyu He; Kewei Yang; Bingfeng Ge,189,,10.1016/j.ijar.2025.109601,https://doi.org/10.1016/j.ijar.2025.109601,article,International Journal of Approximate Reasoning,https://openalex.org/W4416400737
International Journal of Approximate Reasoning,Elsevier,2025,2025-11-20,Feature enhancement-based network for few-shot image classification,Junbo Zhao; Lixin Han; Hong Yan,189,,10.1016/j.ijar.2025.109605,https://doi.org/10.1016/j.ijar.2025.109605,article,International Journal of Approximate Reasoning,https://openalex.org/W4416419639
International Journal of Approximate Reasoning,Elsevier,2025,2025-11-20,How artificial intelligence leads to knowledge why: An inquiry inspired by Aristotle’s Posterior Analytics,Guus Eelink; Kilian Rückschloß; Felix Weitkämper,190,,10.1016/j.ijar.2025.109603,https://doi.org/10.1016/j.ijar.2025.109603,article,International Journal of Approximate Reasoning,https://openalex.org/W4416418966
International Journal of Approximate Reasoning,Elsevier,2025,2025-11-20,Machine learning for quantifier selection in cvc5,Jan Jakubův; Mikoláš Janota; Jelle Piepenbrock; Josef Urban,189,,10.1016/j.ijar.2025.109602,https://doi.org/10.1016/j.ijar.2025.109602,article,International Journal of Approximate Reasoning,https://openalex.org/W4416400755
International Journal of Approximate Reasoning,Elsevier,2025,2025-11-28,Fuzzy rules with quantifiers as weights,Martina Daňková; Dana Hliněná,190,,10.1016/j.ijar.2025.109600,https://doi.org/10.1016/j.ijar.2025.109600,article,International Journal of Approximate Reasoning,https://openalex.org/W7107879512
International Journal of Approximate Reasoning,Elsevier,2025,2025-11-29,Sweep transform on imaginary matrices and its application to parameter estimation with Gaussian belief functions,Liping Liu,190,,10.1016/j.ijar.2025.109607,https://doi.org/10.1016/j.ijar.2025.109607,article,International Journal of Approximate Reasoning,https://openalex.org/W4416808857
International Journal of Approximate Reasoning,Elsevier,2025,2025-12-06,Data speak but sometimes lie: A game-theoretic approach to data bias and algorithmic fairness,Chiara Manganini; Esther Anna Corsi; Giuseppe Primiero,190,,10.1016/j.ijar.2025.109608,https://doi.org/10.1016/j.ijar.2025.109608,article,International Journal of Approximate Reasoning,https://openalex.org/W4417080365
International Journal of Approximate Reasoning,Elsevier,2025,2025-12-06,Neural approaches to SAT solving: Design choices and interpretability,David Mojžíšek; Jan Hůla; Ziwei Li; Ziyu Zhou; Mikoláš Janota,190,,10.1016/j.ijar.2025.109609,https://doi.org/10.1016/j.ijar.2025.109609,article,International Journal of Approximate Reasoning,https://openalex.org/W4417066280
International Journal of Approximate Reasoning,Elsevier,2025,2025-12-06,On the edges of characteristic imset polytopes,Svante Linusson; Petter Restadh; Liam Solus,191,,10.1016/j.ijar.2025.109606,https://doi.org/10.1016/j.ijar.2025.109606,article,International Journal of Approximate Reasoning,https://openalex.org/W4417080332
International Journal of Approximate Reasoning,Elsevier,2025,2025-12-07,Editorial Board,,189,,10.1016/s0888-613x(25)00256-7,https://doi.org/10.1016/s0888-613x(25)00256-7,paratext,International Journal of Approximate Reasoning,https://openalex.org/W4417093229
International Journal of Approximate Reasoning,Elsevier,2025,2025-12-08,Game-theoretic multi-granularity consensus adjustment for social network group decision-making,Hanzhong Hou; Chao Zhang; Deyu Li; Wentao Li,190,,10.1016/j.ijar.2025.109610,https://doi.org/10.1016/j.ijar.2025.109610,article,International Journal of Approximate Reasoning,https://openalex.org/W4417127514
International Journal of Approximate Reasoning,Elsevier,2025,2025-12-18,Towards a Δ-based metric framework for NMΔ: Δ truth degree and Δ logic metric space,Bo Wang; Xiaoquan Xu,190,,10.1016/j.ijar.2025.109619,https://doi.org/10.1016/j.ijar.2025.109619,article,International Journal of Approximate Reasoning,https://openalex.org/W4417450094
International Journal of Approximate Reasoning,Elsevier,2025,2025-12-19,Weighted feature graph-based multilabel feature selection via multi-metrics with global–local correlation,Lin Sun; Changwu Feng; Xiankun Zhang; Jiucheng Xu,190,,10.1016/j.ijar.2025.109623,https://doi.org/10.1016/j.ijar.2025.109623,article,International Journal of Approximate Reasoning,https://openalex.org/W7116082748
International Journal of Approximate Reasoning,Elsevier,2025,2025-12-20,Generalized fiducial inference on differentiable manifolds,A.C. Murph; J.P. Williams; Jan Hannig,190,,10.1016/j.ijar.2025.109618,https://doi.org/10.1016/j.ijar.2025.109618,article,International Journal of Approximate Reasoning,https://openalex.org/W7116391471
International Journal of Approximate Reasoning,Elsevier,2025,2025-12-22,New construction of decision evaluation functions on three-way decision spaces based on automorphisms of hesitant fuzzy truth values,Yuedong Zheng; Bao Qing Hu; Guitian He,190,,10.1016/j.ijar.2025.109620,https://doi.org/10.1016/j.ijar.2025.109620,article,International Journal of Approximate Reasoning,https://openalex.org/W7116678140
International Journal of Approximate Reasoning,Elsevier,2025,2025-12-22,Three-way conflict analysis: From single-level to multi-level preferences,Guangming Lang; Haojun Liu; Mengjun Hu,190,,10.1016/j.ijar.2025.109621,https://doi.org/10.1016/j.ijar.2025.109621,article,International Journal of Approximate Reasoning,https://openalex.org/W7116746844
International Journal of Approximate Reasoning,Elsevier,2025,2025-12-25,An axiomatic development of Pereira-Stern e-value as a measure of support for statistical hypotheses,Yasmin Ferreira Cavaliere; Luís Gustavo Esteves; Victor Fossaluza,190,,10.1016/j.ijar.2025.109622,https://doi.org/10.1016/j.ijar.2025.109622,article,International Journal of Approximate Reasoning,https://openalex.org/W7117261304
International Journal of Approximate Reasoning,Elsevier,2025,2025-12-27,Exploring the upper n-Sugeno integral: Theory and applications to scientometric index design,Jana Borzová; Miriam Kleinová; Lukáš Medvec,191,,10.1016/j.ijar.2025.109624,https://doi.org/10.1016/j.ijar.2025.109624,article,International Journal of Approximate Reasoning,https://openalex.org/W7117360969
International Journal of Approximate Reasoning,Elsevier,2026,2026-01-03,Parallel attribute reduction algorithm based on simplified neighborhood matrix with Apache Spark,Linzi Yin; Anqi Liao; Zhanqi Li; Zhaohui Jiang,191,,10.1016/j.ijar.2026.109625,https://doi.org/10.1016/j.ijar.2026.109625,article,International Journal of Approximate Reasoning,https://openalex.org/W7118065998
International Journal of Approximate Reasoning,Elsevier,2026,2026-01-06,Inconsistency reduction in pairwise comparison matrices using genetic algorithms,Atiyeh Sayadi; Ryszard Janicki,191,,10.1016/j.ijar.2026.109626,https://doi.org/10.1016/j.ijar.2026.109626,article,International Journal of Approximate Reasoning,https://openalex.org/W7118561003
International Journal of Approximate Reasoning,Elsevier,2026,2026-01-09,On the classes of uninorms Umin and Umax on bounded trellises,Ya-Ming Wang; Yexing Dan; Bernard De Baets,191,,10.1016/j.ijar.2026.109627,https://doi.org/10.1016/j.ijar.2026.109627,article,International Journal of Approximate Reasoning,https://openalex.org/W7119498335
International Journal of Approximate Reasoning,Elsevier,2026,2026-01-10,Editorial Board,,190,,10.1016/s0888-613x(26)00007-1,https://doi.org/10.1016/s0888-613x(26)00007-1,paratext,International Journal of Approximate Reasoning,https://openalex.org/W7120160879
International Journal of Approximate Reasoning,Elsevier,2026,2026-01-21,On admissibility in post-hoc hypothesis testing,Ben Chugg; Tyron Lardy; Aaditya Ramdas; Peter Grünwald,191,,10.1016/j.ijar.2026.109634,https://doi.org/10.1016/j.ijar.2026.109634,article,International Journal of Approximate Reasoning,https://openalex.org/W7125409726
International Journal of Approximate Reasoning,Elsevier,2026,2026-01-24,Fuzzy neighborhood components analysis: Supervised dimensionality reduction under uncertain labels,Mohd Aquib; Mohd Suhail Naim,191,,10.1016/j.ijar.2026.109635,https://doi.org/10.1016/j.ijar.2026.109635,article,International Journal of Approximate Reasoning,https://openalex.org/W7125610064
International Journal of Approximate Reasoning,Elsevier,2026,2026-01-28,Interaction-based complexity measures in a progressive partition model of granular computing,Qiaoyi Li; Y. Y. Yao,192,,10.1016/j.ijar.2026.109637,https://doi.org/10.1016/j.ijar.2026.109637,article,International Journal of Approximate Reasoning,https://openalex.org/W7125949623
International Journal of Approximate Reasoning,Elsevier,2026,2026-01-30,Predicting Lockean from gradational accuracy,Igor Douven; Nikolaus Kriegeskorte,192,,10.1016/j.ijar.2026.109636,https://doi.org/10.1016/j.ijar.2026.109636,article,International Journal of Approximate Reasoning,https://openalex.org/W7126162150
International Journal of Approximate Reasoning,Elsevier,2026,2026-02-02,A similarity degree-based three-way decision method with application to mine potential evaluation,Tianli Su; Yanling Bao,192,,10.1016/j.ijar.2026.109639,https://doi.org/10.1016/j.ijar.2026.109639,article,International Journal of Approximate Reasoning,https://openalex.org/W7127082271
International Journal of Approximate Reasoning,Elsevier,2026,2026-02-03,Unification of fuzzy Sheffer stroke and fuzzy Peirce arrow,Meiping Zhang; Feng-Xia Zhang; Xiaoheng Zhang; Maoen Qin,192,,10.1016/j.ijar.2026.109640,https://doi.org/10.1016/j.ijar.2026.109640,article,International Journal of Approximate Reasoning,https://openalex.org/W7127102885
International Journal of Approximate Reasoning,Elsevier,2026,2026-02-04,Trustworthiness preservation by copies of machine learning systems,Leonardo Ceragioli; Giuseppe Primiero,192,,10.1016/j.ijar.2026.109638,https://doi.org/10.1016/j.ijar.2026.109638,article,International Journal of Approximate Reasoning,https://openalex.org/W7127367209
International Journal of Approximate Reasoning,Elsevier,2026,2026-02-06,Three-stage ranking mechanism: A decision-making fusion of regret psychology and criterion-oriented three-way decision,Zhenni Ding; Kai Zhang; Haibo Jiang; Ligang Zhou,192,,10.1016/j.ijar.2026.109641,https://doi.org/10.1016/j.ijar.2026.109641,article,International Journal of Approximate Reasoning,https://openalex.org/W7128033268
International Journal of Approximate Reasoning,Elsevier,2026,2026-02-08,Unsupervised sentiment detection with mixtures of Beta-Liouville Multinomial distributions,Massimo Bilancia; Samuele Magro,192,,10.1016/j.ijar.2026.109642,https://doi.org/10.1016/j.ijar.2026.109642,article,International Journal of Approximate Reasoning,https://openalex.org/W7128405048
International Journal of Approximate Reasoning,Elsevier,2026,2026-02-12,Logics for the new AI spring 2,Tommaso Flaminio; Hykel Hosni,192,,10.1016/j.ijar.2026.109644,https://doi.org/10.1016/j.ijar.2026.109644,article,International Journal of Approximate Reasoning,https://openalex.org/W7128638243
International Journal of Approximate Reasoning,Elsevier,2026,2026-02-14,Editorial Board,,191,,10.1016/s0888-613x(26)00024-1,https://doi.org/10.1016/s0888-613x(26)00024-1,paratext,International Journal of Approximate Reasoning,https://openalex.org/W7128903283
International Journal of Approximate Reasoning,Elsevier,2026,2026-02-18,Cauchy-Schwarz inequalities from the viewpoint of lower and upper previsions,Paolo Vicig; Renato Pelessoni,192,,10.1016/j.ijar.2026.109654,https://doi.org/10.1016/j.ijar.2026.109654,article,International Journal of Approximate Reasoning,https://openalex.org/W7130340833
International Journal of Approximate Reasoning,Elsevier,2026,2026-02-19,Consensus reaching process based on three-way clustering and conflict detection in large-scale group decision-making,Runqing Fu; Bingzhen Sun; Lun Guo; Xiaoli Chu,192,,10.1016/j.ijar.2026.109653,https://doi.org/10.1016/j.ijar.2026.109653,article,International Journal of Approximate Reasoning,https://openalex.org/W7130305996
International Journal of Approximate Reasoning,Elsevier,2026,2026-02-19,Probability filters and desirable gambles,Catrin Campbell-Moore,193,,10.1016/j.ijar.2026.109643,https://doi.org/10.1016/j.ijar.2026.109643,article,International Journal of Approximate Reasoning,https://openalex.org/W7130316246
International Journal of Approximate Reasoning,Elsevier,2026,2026-02-26,Submodular neighborhood covering reduction for tri-partition classification,Xiaodong Yue; Renxia Wan; Jie Shi; Zihao Li; Zhipeng Wei,193,,10.1016/j.ijar.2026.109655,https://doi.org/10.1016/j.ijar.2026.109655,article,International Journal of Approximate Reasoning,https://openalex.org/W7131630323
International Journal of Approximate Reasoning,Elsevier,2026,2026-03-01,Feature selection with a lexicographic social ranking method,Laurent Gourvès; Stefano Moretti; Satya Tamby,193,,10.1016/j.ijar.2026.109656,https://doi.org/10.1016/j.ijar.2026.109656,article,International Journal of Approximate Reasoning,https://openalex.org/W7133128996
International Journal of Approximate Reasoning,Elsevier,2026,2026-03-03,HALO: Hardness-aware bilevel-inspired contrastive graph clustering,Yuchen Zhu; Kuang Zhou; Haishan Ye; Guang Dai; Ivor W. Tsang,193,,10.1016/j.ijar.2026.109657,https://doi.org/10.1016/j.ijar.2026.109657,article,International Journal of Approximate Reasoning,https://openalex.org/W7133184268
International Journal of Approximate Reasoning,Elsevier,2026,2026-03-05,MACO-SMOTE: A multi-adaptive center oversampling technique for imbalanced data,Jin Qian; Jin Peng; Yue-Yang Wu; Yang Lu,193,,10.1016/j.ijar.2026.109659,https://doi.org/10.1016/j.ijar.2026.109659,article,International Journal of Approximate Reasoning,https://openalex.org/W7133631001
International Journal of Approximate Reasoning,Elsevier,2026,2026-03-07,Measuring the distance between single random inputs and OWA operators,Juan Baz; Francesco Buono; Franco Pellerey,193,,10.1016/j.ijar.2026.109666,https://doi.org/10.1016/j.ijar.2026.109666,article,International Journal of Approximate Reasoning,https://openalex.org/W7134114927
International Journal of Approximate Reasoning,Elsevier,2026,2026-03-09,Editorial Board,,192,,10.1016/s0888-613x(26)00039-3,https://doi.org/10.1016/s0888-613x(26)00039-3,paratext,International Journal of Approximate Reasoning,https://openalex.org/W7134279168
International Journal of Approximate Reasoning,Elsevier,2026,2026-03-14,Boolean matrix factorization in the framework of formal concept analysis with the help of biclustering,Martin Trnečka; Roman Vyjidacek,194,,10.1016/j.ijar.2026.109668,https://doi.org/10.1016/j.ijar.2026.109668,article,International Journal of Approximate Reasoning,https://openalex.org/W7135372852
International Journal of Approximate Reasoning,Elsevier,2026,2026-03-14,Online Semi-Supervised independent support vector machines,Ramin Dalir; Ali Amiri; Fatemeh Alamdar; Aydın Kaya,194,,10.1016/j.ijar.2026.109658,https://doi.org/10.1016/j.ijar.2026.109658,article,International Journal of Approximate Reasoning,https://openalex.org/W7135230459
International Journal of Approximate Reasoning,Elsevier,2026,2026-03-14,Optimal contractor for n-gons constraint,Amadou Diallo; Sébastien Lagrange; Rémy Guyonneau; Daouda Niang Diatta; Sébastien Lahaye,193,,10.1016/j.ijar.2026.109667,https://doi.org/10.1016/j.ijar.2026.109667,article,International Journal of Approximate Reasoning,https://openalex.org/W7135186126
International Journal of Approximate Reasoning,Elsevier,2026,2026-03-17,From fuzzy modeling to explanation: Aggregating multi-measures fuzzy systems for XAI,Carlos I. Pérez-Sechi; Inmaculada Gutiérrez; Javier Castro; Daniel Carrasco Gomez; Daniel Martín; Rosa Espínola,194,,10.1016/j.ijar.2026.109670,https://doi.org/10.1016/j.ijar.2026.109670,article,International Journal of Approximate Reasoning,https://openalex.org/W7138186601
International Journal of Approximate Reasoning,Elsevier,2026,2026-03-21,Reversible imprecise Markov chains,Damjan Škulj,194,,10.1016/j.ijar.2026.109672,https://doi.org/10.1016/j.ijar.2026.109672,article,International Journal of Approximate Reasoning,https://openalex.org/W7139983313
International Journal of Approximate Reasoning,Elsevier,2026,2026-03-24,Computing lower and upper hitting probabilities for imprecise Markov chains,Marco Sangalli; Rick Reubsaet; Erik Quaeghebeur; Thomas Krak,194,,10.1016/j.ijar.2026.109671,https://doi.org/10.1016/j.ijar.2026.109671,article,International Journal of Approximate Reasoning,https://openalex.org/W7140079238
International Journal of Approximate Reasoning,Elsevier,2026,2026-03-24,Set contribution functions for quantitative bipolar argumentation and their principles,Filip Naudot; Andreas Brännström; Vicenç Torra; Timotheus Kampik,194,,10.1016/j.ijar.2026.109673,https://doi.org/10.1016/j.ijar.2026.109673,article,International Journal of Approximate Reasoning,https://openalex.org/W7140099588
International Journal of Approximate Reasoning,Elsevier,2026,2026-03-26,Improving multi-label classification under imbalance: A granular-ball rough set approach,Yuzhe Li; Weihua Xu,194,,10.1016/j.ijar.2026.109669,https://doi.org/10.1016/j.ijar.2026.109669,article,International Journal of Approximate Reasoning,https://openalex.org/W7140284172
International Journal of Approximate Reasoning,Elsevier,2026,2026-03-28,Editorial Board,,193,,10.1016/s0888-613x(26)00053-8,https://doi.org/10.1016/s0888-613x(26)00053-8,paratext,International Journal of Approximate Reasoning,https://openalex.org/W7142301608
International Journal of Approximate Reasoning,Elsevier,2026,2026-04-07,Bounded and multi-adjoint lattice algebraizable logics,M. Eugenia Cornejo; Francesc Esteva; Luis Fariñas del Cerro; Lluı́s Godo; Jesus A. Trujillo Medina,195,,10.1016/j.ijar.2026.109682,https://doi.org/10.1016/j.ijar.2026.109682,article,International Journal of Approximate Reasoning,https://openalex.org/W7151232049
International Journal of Approximate Reasoning,Elsevier,2026,2026-04-12,On the comonotone natural extension of coherent lower probabilities,Ignacio Montes,195,,10.1016/j.ijar.2026.109684,https://doi.org/10.1016/j.ijar.2026.109684,article,International Journal of Approximate Reasoning,https://openalex.org/W4416108116
International Journal of Approximate Reasoning,Elsevier,2026,2026-04-15,Evaluating the quality of the quantified uncertainty for (Re)calibration of data-driven regression models,Jelke Wibbeke; Nico Schönfisch; Sebastian Rohjans; Andreas Rauh,195,,10.1016/j.ijar.2026.109685,https://doi.org/10.1016/j.ijar.2026.109685,article,International Journal of Approximate Reasoning,https://openalex.org/W7154462232
International Journal of Approximate Reasoning,Elsevier,2026,2026-04-16,Efficient attribute reduction with minimal cost for large-scale data,Tian Yang; Xi Wang; Kangyi Zheng; Zhijun Guo; Yuhua Qian,196,,10.1016/j.ijar.2026.109683,https://doi.org/10.1016/j.ijar.2026.109683,article,International Journal of Approximate Reasoning,https://openalex.org/W7154572595
International Journal of Approximate Reasoning,Elsevier,2026,2026-04-17,Three-way compound conflict analysis under multi-valued agent-agent mutual selection environment,Shuai Li; Shen Li; Jinhai Li; Shen Li; Jinhai Li,195,,10.1016/j.ijar.2026.109695,https://doi.org/10.1016/j.ijar.2026.109695,article,International Journal of Approximate Reasoning,https://openalex.org/W7154691717
International Journal of Approximate Reasoning,Elsevier,2026,2026-04-18,Editorial Board,,194,,10.1016/s0888-613x(26)00068-x,https://doi.org/10.1016/s0888-613x(26)00068-x,paratext,International Journal of Approximate Reasoning,https://openalex.org/W7154835457
International Journal of Approximate Reasoning,Elsevier,2026,2026-04-21,Multi -granularity neighborhood-aware modeling for interference signal recognition in wireless communication systems,Xinyu Ma; Jianxin Gai; Kehua Yuan,195,,10.1016/j.ijar.2026.109700,https://doi.org/10.1016/j.ijar.2026.109700,article,International Journal of Approximate Reasoning,https://openalex.org/W7155057046
International Journal of Approximate Reasoning,Elsevier,2026,2026-04-21,Robust fuzzy clustering with cellwise outliers,Giorgia Zaccaria; Lorenzo Benzakour; Luis Ángel García-Escudero; Francesca Greselin; Agustín Mayo-Íscar,195,,10.1016/j.ijar.2026.109698,https://doi.org/10.1016/j.ijar.2026.109698,article,International Journal of Approximate Reasoning,https://openalex.org/W4416939248
International Journal of Approximate Reasoning,Elsevier,2026,2026-04-23,Attribute reduction based on smoothed neighborhood relative combination granulation,Xia Ji; Yanqi Shen; Yuchen Cao; Mengxin You,195,,10.1016/j.ijar.2026.109704,https://doi.org/10.1016/j.ijar.2026.109704,article,International Journal of Approximate Reasoning,https://openalex.org/W7155359285
International Journal of Approximate Reasoning,Elsevier,2026,2026-04-23,Systems of fuzzy relational equations in the general lattice-valued case,Vanja Stepanović; Andreja Tepavčević,195,,10.1016/j.ijar.2026.109703,https://doi.org/10.1016/j.ijar.2026.109703,article,International Journal of Approximate Reasoning,https://openalex.org/W7155365156
International Journal of Approximate Reasoning,Elsevier,2026,2026-04-23,"Which uncertainties need to be resolved: Relevance for stability of verification, acceptance and semantics in incomplete argumentation frameworks",Anshu Xiong; Songmao Zhang,195,,10.1016/j.ijar.2026.109686,https://doi.org/10.1016/j.ijar.2026.109686,article,International Journal of Approximate Reasoning,https://openalex.org/W4415405329
International Journal of Approximate Reasoning,Elsevier,2026,2026-04-24,Overcoming the dimensionality curse in decomposition integrals: Polynomial approximations and exact sparse structures,Adam Šeliga,195,,10.1016/j.ijar.2026.109702,https://doi.org/10.1016/j.ijar.2026.109702,article,International Journal of Approximate Reasoning,https://openalex.org/W7155522189
International Journal of Approximate Reasoning,Elsevier,2026,2026-04-25,DAformer: Transformer with dual-branch aggregation for long-term time series forecasting,Jiahong Li; Bo Ding; Zihui Wang; Yongjun He,196,,10.1016/j.ijar.2026.109701,https://doi.org/10.1016/j.ijar.2026.109701,article,International Journal of Approximate Reasoning,https://openalex.org/W7155644820
International Journal of Approximate Reasoning,Elsevier,2026,2026-04-30,A framework for attribute reduction of dynamically increasing datasets derived from 0-overlap functions,Zhe Deng; Junsheng Qiao; Liting Yin,196,,10.1016/j.ijar.2026.109706,https://doi.org/10.1016/j.ijar.2026.109706,article,International Journal of Approximate Reasoning,https://openalex.org/W7160126880
International Journal of Approximate Reasoning,Elsevier,2026,2026-04-30,Feasible strategies for conflict resolution within intuitionistic fuzzy preference-based conflict situations,Guangming Lang; Mingchuan Shang; Mengjun Hu; Jie Zhou; Feng Xu,196,,10.1016/j.ijar.2026.109707,https://doi.org/10.1016/j.ijar.2026.109707,article,International Journal of Approximate Reasoning,https://openalex.org/W7160126734
International Journal of Approximate Reasoning,Elsevier,2026,2026-04-30,Intermediate syllogisms and non-monotonic reasoning,Vilém Novák; Petra Murinová,196,,10.1016/j.ijar.2026.109687,https://doi.org/10.1016/j.ijar.2026.109687,article,International Journal of Approximate Reasoning,https://openalex.org/W4416292275
International Journal of Approximate Reasoning,Elsevier,2026,2026-04-30,Non-falsity and general threshold-preserving companions of MTL logics,Joan Gispert; Lluı́s Godo; Francesc Esteva,196,,10.1016/j.ijar.2026.109699,https://doi.org/10.1016/j.ijar.2026.109699,article,International Journal of Approximate Reasoning,https://openalex.org/W7160053234
International Journal of Approximate Reasoning,Elsevier,2026,2026-04-30,On CSu-operator representations of time-dependent scientometric indices,Jana Borzová; Ondrej Hutník; Miriam Kleinová,196,,10.1016/j.ijar.2026.109705,https://doi.org/10.1016/j.ijar.2026.109705,article,International Journal of Approximate Reasoning,https://openalex.org/W7160035942
International Journal of Approximate Reasoning,Elsevier,2026,2026-05-07,Conditional aggregation and permutation-based OWA operator,Stanislav Basarik; Lenka Halčinová; Natália Puškárová,196,,10.1016/j.ijar.2026.109709,https://doi.org/10.1016/j.ijar.2026.109709,article,International Journal of Approximate Reasoning,https://openalex.org/W7160557000
International Journal of Approximate Reasoning,Elsevier,2026,2026-05-07,Fuzzy clustering methods for compact sets via star-Shaped formalization,Maria Brigida Ferraro; Gil González‐Rodríguez; Ana Belén Ramos-Guajardo,196,,10.1016/j.ijar.2026.109708,https://doi.org/10.1016/j.ijar.2026.109708,article,International Journal of Approximate Reasoning,https://openalex.org/W7160499946
International Journal of Approximate Reasoning,Elsevier,2026,2026-05-11,Editorial Board,,195,,10.1016/s0888-613x(26)00090-3,https://doi.org/10.1016/s0888-613x(26)00090-3,paratext,International Journal of Approximate Reasoning,https://openalex.org/W7160871527
International Journal of Approximate Reasoning,Elsevier,2026,2026-05-12,A sequential approach for combining model structures of undirected graphical models,Gang-Hoo Kim; Namgil Lee; Sung-Ho Kim,196,,10.1016/j.ijar.2026.109717,https://doi.org/10.1016/j.ijar.2026.109717,article,International Journal of Approximate Reasoning,https://openalex.org/W7160824546
International Journal of Approximate Reasoning,Elsevier,2026,2026-05-12,L-fuzzy attribute maps and approximation-style operators in polytomous knowledge structures,Bo Wang; Jinjin Li,196,,10.1016/j.ijar.2026.109718,https://doi.org/10.1016/j.ijar.2026.109718,article,International Journal of Approximate Reasoning,https://openalex.org/W7160888190
International Journal of Approximate Reasoning,Elsevier,2026,2026-05-17,Interval-valued fuzzy matrices for ranking from imprecise preferences: Models and applications,Bich Khue Vo; Hung Son Nguyen,196,,10.1016/j.ijar.2026.109719,https://doi.org/10.1016/j.ijar.2026.109719,article,International Journal of Approximate Reasoning,https://openalex.org/W7161476718
International Journal of Approximate Reasoning,Elsevier,2026,2026-05-18,Decision-making with possibilistic inferential models,Ryan Martin; Shih-Ni Prim; Jonathan P. Williams,196,,10.1016/j.ijar.2026.109720,https://doi.org/10.1016/j.ijar.2026.109720,article,International Journal of Approximate Reasoning,https://openalex.org/W7161541121
International Journal of Approximate Reasoning,Elsevier,2026,2026-05-20,A conflict resolution method for uncertain environment based on fuzzy concept lattice,Tiantian Wang; Zhenze Qi; Tiantian Liu; Huilai Zhi,197,,10.1016/j.ijar.2026.109723,https://doi.org/10.1016/j.ijar.2026.109723,article,International Journal of Approximate Reasoning,https://openalex.org/W7161780105
International Journal of Approximate Reasoning,Elsevier,2026,2026-05-20,Threshold-based approximate reasoning using the mean pliant S-implication operator,József Dombi; Tamás Jónás; Michał Baczyński,197,,10.1016/j.ijar.2026.109721,https://doi.org/10.1016/j.ijar.2026.109721,article,International Journal of Approximate Reasoning,https://openalex.org/W7161811346
International Journal of Approximate Reasoning,Elsevier,2026,2026-05-22,The impact of optimiser choice on the training dynamics of complex-valued neural networks: A comparative study with real-valued counterparts,Michał Rutkowski; Piotr A. Kowalski,197,,10.1016/j.ijar.2026.109722,https://doi.org/10.1016/j.ijar.2026.109722,article,International Journal of Approximate Reasoning,https://openalex.org/W7162068151
International Journal of Approximate Reasoning,Elsevier,2026,2026-05-23,Enumerating jointly reverse lectic orders for bi-adjacency matrices,Tim R. Pattison; Dominik Dürrschnabel; Mohammed Abdullah,197,,10.1016/j.ijar.2026.109725,https://doi.org/10.1016/j.ijar.2026.109725,article,International Journal of Approximate Reasoning,https://openalex.org/W7162184938
International Journal of Approximate Reasoning,Elsevier,2026,2026-05-24,Lattices of integer partitions are almost subdirectly indecomposable,Mike Behrisch; Edith Vargas-García; Andreas Wachtel,197,,10.1016/j.ijar.2026.109726,https://doi.org/10.1016/j.ijar.2026.109726,article,International Journal of Approximate Reasoning,https://openalex.org/W7162238377
International Journal of Approximate Reasoning,Elsevier,2026,2026-05-27,Exhaustive interval-based 2D shape registration under similarity transformation,Verlein Radwan; Simon Rohou; Gilles Trombettoni,197,,10.1016/j.ijar.2026.109727,https://doi.org/10.1016/j.ijar.2026.109727,article,International Journal of Approximate Reasoning,https://openalex.org/W7162529498
International Journal of Approximate Reasoning,Elsevier,2026,2026-05-28,Set-based monitoring for signal temporal logic with uncertainty mitigation and confidence guarantees,Antoine Besset; Joris Tillet; Julien Alexandre Dit Sandretto,197,,10.1016/j.ijar.2026.109724,https://doi.org/10.1016/j.ijar.2026.109724,article,International Journal of Approximate Reasoning,https://openalex.org/W7162627965
International Journal of Approximate Reasoning,Elsevier,2026,2026-05-30,Optimal scale reduction for generalized multi-scale decision tables based on conditional entropy,Ming Jin; Jinkun Chen; Ling Wei,197,,10.1016/j.ijar.2026.109729,https://doi.org/10.1016/j.ijar.2026.109729,article,International Journal of Approximate Reasoning,https://openalex.org/W7162874882
International Journal of Approximate Reasoning,Elsevier,2026,2026-06-01,The imprecise vertical barrier models for distorting lower probabilities,David Nieto-Barba; Ignacio Montes; Enrique Miranda,197,,10.1016/j.ijar.2026.109731,https://doi.org/10.1016/j.ijar.2026.109731,article,International Journal of Approximate Reasoning,https://openalex.org/W7163052883
International Journal of Approximate Reasoning,Elsevier,2026,2026-06-02,Multi-view subspace clustering with adaptive weighted reconstruction loss,Guo Zhong; Yalin Wang; Mingdong Tang; Shixun Lin; Jin Chen; Xueming Yan; Jianghao Lin; J W Li,197,,10.1016/j.ijar.2026.109732,https://doi.org/10.1016/j.ijar.2026.109732,article,International Journal of Approximate Reasoning,https://openalex.org/W7163163543
International Journal of Approximate Reasoning,Elsevier,2026,2026-06-04,Distribution-aware fuzzy rough feature selection guided by granular ball computing,Shimin Yang; Jin Qian; Dongsheng Zhi; Shaowei Yan; Tingfeng Wen,197,,10.1016/j.ijar.2026.109733,https://doi.org/10.1016/j.ijar.2026.109733,article,International Journal of Approximate Reasoning,https://openalex.org/W7163589376
International Journal of Approximate Reasoning,Elsevier,2026,2026-06-05,A comprehensive study on block graphs in fuzzy graphs,Biya Thomas; Sunil Mathew; J.N. Mordeson,197,,10.1016/j.ijar.2026.109730,https://doi.org/10.1016/j.ijar.2026.109730,article,International Journal of Approximate Reasoning,https://openalex.org/W7163654401
International Journal of Approximate Reasoning,Elsevier,2026,2026-06-05,DimFlux: Force-directed additive line diagrams,Marcel Nöhre; Dominik Dürrschnabel; Bernhard Ganter; Gerd Stumme,197,,10.1016/j.ijar.2026.109734,https://doi.org/10.1016/j.ijar.2026.109734,article,International Journal of Approximate Reasoning,https://openalex.org/W7163675224
International Journal of Approximate Reasoning,Elsevier,2026,2026-06-05,Randomized truth degrees and inference models in multi-valued modal logics,Jingyao Duan; Zhaoxin Wang; Dechao Li,197,,10.1016/j.ijar.2026.109742,https://doi.org/10.1016/j.ijar.2026.109742,article,International Journal of Approximate Reasoning,https://openalex.org/W7163713320
International Journal of Approximate Reasoning,Elsevier,2026,2026-06-06,Some versions of six-set approximation theorem,Emilia Przemska,197,,10.1016/j.ijar.2026.109735,https://doi.org/10.1016/j.ijar.2026.109735,article,International Journal of Approximate Reasoning,https://openalex.org/W7163734866
International Journal of Approximate Reasoning,Elsevier,2026,2026-06-09,Editorial Board,,196,,10.1016/s0888-613x(26)00114-3,https://doi.org/10.1016/s0888-613x(26)00114-3,paratext,International Journal of Approximate Reasoning,https://openalex.org/W7164024124
International Journal of Approximate Reasoning,Elsevier,2026,2026-06-11,The exact region between Chatterjee’s and Blest’s rank correlations,Marcus Rockel,197,,10.1016/j.ijar.2026.109744,https://doi.org/10.1016/j.ijar.2026.109744,article,International Journal of Approximate Reasoning,https://openalex.org/W7164158080
International Journal of Approximate Reasoning,Elsevier,2026,2026-06-12,Mapper-based fuzzy rough sets,Wannes De Maeyer; Chris Cornelis; Mauricio Restrepo,197,,10.1016/j.ijar.2026.109745,https://doi.org/10.1016/j.ijar.2026.109745,article,International Journal of Approximate Reasoning,https://openalex.org/W7164484875
International Journal of Approximate Reasoning,Elsevier,2026,2026-06-12,Reductions of formal fuzzy contexts,Radim Bělohlávek; Jan Konečný,197,,10.1016/j.ijar.2026.109743,https://doi.org/10.1016/j.ijar.2026.109743,article,International Journal of Approximate Reasoning,https://openalex.org/W7164351935
International Journal of Approximate Reasoning,Elsevier,2026,2026-06-15,Effective greedy Boolean matrix factorization via the Rice-Siff algorithm,L. Antoni; D. Kotlárová; O. Krídlo; D. López-Rodríguez; M. Ojeda-Aciego,197,,10.1016/j.ijar.2026.109747,https://doi.org/10.1016/j.ijar.2026.109747,article,International Journal of Approximate Reasoning,https://openalex.org/W7164816507
International Journal of Approximate Reasoning,Elsevier,2026,2026-06-16,Evolving payoff functions in Bayesian games with genetic programming,Mihai Suciu; Rodica Ioana Lung,197,,10.1016/j.ijar.2026.109746,https://doi.org/10.1016/j.ijar.2026.109746,article,International Journal of Approximate Reasoning,https://openalex.org/W7164905794
International Journal of Approximate Reasoning,Elsevier,2026,2026-06-16,Maximal signed volume for (multivariate) supermodular quasi-copulas,Matjaž Omladič; Martin Vuk; Aljaž Zalar,197,,10.1016/j.ijar.2026.109748,https://doi.org/10.1016/j.ijar.2026.109748,article,International Journal of Approximate Reasoning,https://openalex.org/W4417466321
International Journal of Approximate Reasoning,Elsevier,2026,2026-06-17,Constrained adaptive parallelepipedic approximation of the image of a set by a nonlinear function,Maël Godard; Luc Jaulin; Damien Massé,197,,10.1016/j.ijar.2026.109749,https://doi.org/10.1016/j.ijar.2026.109749,article,International Journal of Approximate Reasoning,https://openalex.org/W7165015480
International Journal of Approximate Reasoning,Elsevier,2026,2026-06-20,Conformal prediction for dose-response models with continuous treatments,Jarne Verhaeghe; Jef Jonkers; Sofie Van Hoecke,197,,10.1016/j.ijar.2026.109751,https://doi.org/10.1016/j.ijar.2026.109751,article,International Journal of Approximate Reasoning,https://openalex.org/W4403815796
International Journal of Approximate Reasoning,Elsevier,2026,2026-06-22,Range of optimal values in absolute value linear programming with interval data,Milan Hladík,197,,10.1016/j.ijar.2026.109750,https://doi.org/10.1016/j.ijar.2026.109750,article,International Journal of Approximate Reasoning,https://openalex.org/W4416366335
International Journal of Approximate Reasoning,Elsevier,2026,2026-06-23,Interpretable lazy classification with interval pattern structures and local interval explanations,Alan Tomat; Sergei O. Kuznetsov,197,,10.1016/j.ijar.2026.109754,https://doi.org/10.1016/j.ijar.2026.109754,article,International Journal of Approximate Reasoning,https://openalex.org/W7165669511
International Journal of Approximate Reasoning,Elsevier,2026,2026-06-24,Multiple regression analysis of unmeasured confounding,Brian Knaeble; R. Mitchell Hughes,197,,10.1016/j.ijar.2026.109752,https://doi.org/10.1016/j.ijar.2026.109752,article,International Journal of Approximate Reasoning,https://openalex.org/W4416855551
International Journal of Approximate Reasoning,Elsevier,2026,2026-06-25,Towards a logic of affordances,Rafał Gruszczyński; Paula Menchón; Ivo Düntsch; Günther Gediga,197,,10.1016/j.ijar.2026.109753,https://doi.org/10.1016/j.ijar.2026.109753,article,International Journal of Approximate Reasoning,https://openalex.org/W4417141697
International Journal of Approximate Reasoning,Elsevier,2026,2026-06-26,Basis stability in interval quadratic programming,Cyril Kotecký; Milan Hladík,197,,10.1016/j.ijar.2026.109756,https://doi.org/10.1016/j.ijar.2026.109756,article,International Journal of Approximate Reasoning,https://openalex.org/W7166025303
International Journal of Approximate Reasoning,Elsevier,2026,2026-06-26,Bayesian update rules and minimal-change preference revision,Maomei Wang,197,,10.1016/j.ijar.2026.109757,https://doi.org/10.1016/j.ijar.2026.109757,article,International Journal of Approximate Reasoning,https://openalex.org/W7166020975
International Journal of Approximate Reasoning,Elsevier,2026,2026-06-26,Semi-supervised evidential fusion for robust ship segmentation,Yilin Dong; Xinjie Pan; Liu YANG; Sicong Qu; Lei Cao,197,,10.1016/j.ijar.2026.109755,https://doi.org/10.1016/j.ijar.2026.109755,article,International Journal of Approximate Reasoning,https://openalex.org/W7166080510
International Journal of Approximate Reasoning,Elsevier,2026,2026-06-30,Epistemic transport calculus: Evidence–Wasserstein geometry on random fuzzy sets and a stable evidence calculus,Jih‐Jeng Huang; Chin‐Yi Chen,198,,10.1016/j.ijar.2026.109759,https://doi.org/10.1016/j.ijar.2026.109759,article,International Journal of Approximate Reasoning,https://openalex.org/W7166711880
International Journal of Approximate Reasoning,Elsevier,2026,2026-07-01,A robust programming for parametric non-parallel support vector machine under uncertain information,Gang Wang; Wendi Zhang; Jiakang Du,197,,10.1016/j.ijar.2026.109758,https://doi.org/10.1016/j.ijar.2026.109758,article,International Journal of Approximate Reasoning,https://openalex.org/W7166849201
International Journal of Approximate Reasoning,Elsevier,2026,2026-07-01,Fuzzy aggregation and consensus-based three-way conflict analysis and resolution,Rong Liang; Xiaonan Li,198,,10.1016/j.ijar.2026.109760,https://doi.org/10.1016/j.ijar.2026.109760,article,International Journal of Approximate Reasoning,https://openalex.org/W7166839200
International Journal of Approximate Reasoning,Elsevier,2026,2026-07-04,Computing interval-valued coverage probability maps via Monte Carlo method and set-based evaluation,Damien Esnault; Simon Rohou; Fabrice Le Bars; Luc Jaulin,198,,10.1016/j.ijar.2026.109764,https://doi.org/10.1016/j.ijar.2026.109764,article,International Journal of Approximate Reasoning,https://openalex.org/W7167336069
International Journal of Approximate Reasoning,Elsevier,2026,2026-07-07,Increasingness of binary operations on trellises,Yue Wang; Bao Qing Hu; Bernard De Baets,198,,10.1016/j.ijar.2026.109763,https://doi.org/10.1016/j.ijar.2026.109763,article,International Journal of Approximate Reasoning,https://openalex.org/W7167643691
International Journal of Approximate Reasoning,Elsevier,2026,2026-07-07,On co-Möbius representation of fuzzy measures,Gleb Beliakov; Simon James; Jiandi Wu,198,,10.1016/j.ijar.2026.109766,https://doi.org/10.1016/j.ijar.2026.109766,article,International Journal of Approximate Reasoning,https://openalex.org/W7167581538
International Journal of Approximate Reasoning,Elsevier,2026,2026-07-07,Online fuzzily weighted adaptive boosting for streaming data classification,Xiaowei Gu; Plamen Angelov; Qiang Shen,198,,10.1016/j.ijar.2026.109762,https://doi.org/10.1016/j.ijar.2026.109762,article,International Journal of Approximate Reasoning,https://openalex.org/W7167590241
International Journal of Approximate Reasoning,Elsevier,2026,2026-07-07,Stable concepts from communities and communities from concepts,Martin Waffo Kemgne; Christophe Demko; Jean‐Loup Guillaume; Karell Bertet,198,,10.1016/j.ijar.2026.109765,https://doi.org/10.1016/j.ijar.2026.109765,article,International Journal of Approximate Reasoning,https://openalex.org/W7167621034
International Journal of Approximate Reasoning,Elsevier,2026,2026-07-08,Coherent rejection functions for arbitrary things,Kevin Blackwell,198,,10.1016/j.ijar.2026.109761,https://doi.org/10.1016/j.ijar.2026.109761,article,International Journal of Approximate Reasoning,https://openalex.org/W7167697322
International Journal of Approximate Reasoning,Elsevier,2026,2026-07-10,Multi-granularity sequential three-way decisions model derived from overlap functions and its applications,Siya Niu; Junsheng Qiao,198,,10.1016/j.ijar.2026.109768,https://doi.org/10.1016/j.ijar.2026.109768,article,International Journal of Approximate Reasoning,https://openalex.org/W7167884876
International Journal of Approximate Reasoning,Elsevier,2026,2026-07-13,Efficient acceleration strategies for interval branch-and-bound type methods,Lorenz Gillner,198,,10.1016/j.ijar.2026.109767,https://doi.org/10.1016/j.ijar.2026.109767,article,International Journal of Approximate Reasoning,https://openalex.org/W7168178950
International Journal of Approximate Reasoning,Elsevier,2026,2026-07-13,Kernel self-representation learning based fuzzy neighborhood outlier detection,Yijia Chen; Ze Zhang; Hanwen Zhang; Jiaqi Yang; Bingye Zhou; Zhong Yuan,198,,10.1016/j.ijar.2026.109769,https://doi.org/10.1016/j.ijar.2026.109769,article,International Journal of Approximate Reasoning,https://openalex.org/W7168186992
International Journal of Approximate Reasoning,Elsevier,2026,2026-07-16,A BGe score for tied-covariance mixture Gaussian Bayesian networks,Marco Andreas Grzegorczyk,198,,10.1016/j.ijar.2026.109771,https://doi.org/10.1016/j.ijar.2026.109771,article,International Journal of Approximate Reasoning,https://openalex.org/W7169123896
International Journal of Approximate Reasoning,Elsevier,2026,2026-07-18,Evaluations and structural properties of finite lattices,Léonard Kwuida; Mohammad Abdulla,198,,10.1016/j.ijar.2026.109770,https://doi.org/10.1016/j.ijar.2026.109770,article,International Journal of Approximate Reasoning,https://openalex.org/W7169655678
International Journal of Approximate Reasoning,Elsevier,2026,2026-07-20,Cost-sensitive fuzzy rough learning for multi-class imbalanced data classification,Yang Tian; Yuanting Yan; Yuanzhang Zhao; Peng Zhou; Zhao Sh; Yanhong She,198,,10.1016/j.ijar.2026.109784,https://doi.org/10.1016/j.ijar.2026.109784,article,International Journal of Approximate Reasoning,https://openalex.org/W7169787526
International Journal of Approximate Reasoning,Elsevier,2026,2026-07-20,Editorial Board,,197,,10.1016/s0888-613x(26)00152-0,https://doi.org/10.1016/s0888-613x(26)00152-0,paratext,International Journal of Approximate Reasoning,https://openalex.org/W7169771680
International Journal of Approximate Reasoning,Elsevier,2026,2026-07-21,Adaptive box regularized particle filter for unknown measurement error bounds,Nicolas Merlinge; Karim Dahia,198,,10.1016/j.ijar.2026.109783,https://doi.org/10.1016/j.ijar.2026.109783,article,International Journal of Approximate Reasoning,https://openalex.org/W7169854530
International Journal of Approximate Reasoning,Elsevier,2026,2026-07-21,Structure-aware multi-label feature selection via concept-guided pruning,辛宪伟; Chuhan Dong; Zhanao Xue; Chenyang Wang; Yue Wang,198,,10.1016/j.ijar.2026.109785,https://doi.org/10.1016/j.ijar.2026.109785,article,International Journal of Approximate Reasoning,https://openalex.org/W7169916421
International Journal of Approximate Reasoning,Elsevier,2026,2026-07-21,Thomas Augustin’s contributions to imprecise probability and statistics,Frank P. A. Coolen; F. Cozman; Thierry Denœux; C. Jansen; H. Küchenhoff; Ryan Martin; Enrique Miranda; J. Plass; J. Rodemann; Georg Schollmeyer; Rudolf Seising,198,,10.1016/j.ijar.2026.109781,https://doi.org/10.1016/j.ijar.2026.109781,article,International Journal of Approximate Reasoning,https://openalex.org/W7169860836
International Journal of Approximate Reasoning,Elsevier,2026,2026-07-22,A construction of an optimal base for conditional attribute and attributional condition implications in triadic contexts,Romuald Kwessy Mouona; Blaise B. Koguep Njionou; Etienne Romuald Temgoua Alomo; Rokia Missaoui; Léonard Kwuida,198,,10.1016/j.ijar.2026.109773,https://doi.org/10.1016/j.ijar.2026.109773,article,International Journal of Approximate Reasoning,https://openalex.org/W7170034564
International Journal of Approximate Reasoning,Elsevier,2026,2026-07-22,A new approach to optimal scale combination selection for multi-scale decision tables based on sequential three-way decision,Qi Wei; Xiuqin Ma; Hongwu Qin; Mengyao Wang,198,,10.1016/j.ijar.2026.109788,https://doi.org/10.1016/j.ijar.2026.109788,article,International Journal of Approximate Reasoning,https://openalex.org/W7170060413
International Journal of Approximate Reasoning,Elsevier,2026,2026-07-22,Discovery on the basis of the established amount of information in the evidence against the null hypothesis: Optimal fact-finding in the presence of imprecise probability,David R. Bickel,198,,10.1016/j.ijar.2026.109780,https://doi.org/10.1016/j.ijar.2026.109780,article,International Journal of Approximate Reasoning,https://openalex.org/W7170060724
International Journal of Approximate Reasoning,Elsevier,2026,2026-07-23,Attribute reduction via knowledge energy and maximal homogeneous metric granules in neighborhood rough sets,Thuy  Tram Nguyen Thi; Long Giang Nguyen; Manh Hung Nguyen; Thanh  Dai Tran,198,,10.1016/j.ijar.2026.109787,https://doi.org/10.1016/j.ijar.2026.109787,article,International Journal of Approximate Reasoning,https://openalex.org/W7170191667
International Journal of Approximate Reasoning,Elsevier,2026,2026-07-23,Corrigendum to “Dealing with Non-Reciprocal Matrices in the Additive and Fuzzy Preference Relations Theoretical Frameworks” [International Journal of Approximate Reasoning 187 (2025) 109540],Jiří Mazurek; Pedro Linares; Luis Angel Calvo Pascual,198,,10.1016/j.ijar.2026.109772,https://doi.org/10.1016/j.ijar.2026.109772,erratum,International Journal of Approximate Reasoning,https://openalex.org/W7170135818
International Journal of Approximate Reasoning,Elsevier,2026,2026-07-24,2-Copulas and linear splines: Necessary conditions and multivariate case,Fateme Kouchakinejad; Adam Šeliga; Andrea Stupňanová,198,,10.1016/j.ijar.2026.109789,https://doi.org/10.1016/j.ijar.2026.109789,article,International Journal of Approximate Reasoning,https://openalex.org/W7170147207
International Journal of Approximate Reasoning,Elsevier,2026,2026-07-25,Assessing occlusion robustness in binarized neural networks,Andleeb Zuhra; Sudakshina Dutta; Shitala Prasad,198,,10.1016/j.ijar.2026.109786,https://doi.org/10.1016/j.ijar.2026.109786,article,International Journal of Approximate Reasoning,https://openalex.org/W7171214386
International Journal of Approximate Reasoning,Elsevier,2026,2026-07-25,Extending relational concept analysis with n-ary relations,Randa Cheima Bendjeddou; Giacomo Kahn; Aicha Sekhari Seklouli; Tao Wang,198,,10.1016/j.ijar.2026.109782,https://doi.org/10.1016/j.ijar.2026.109782,article,International Journal of Approximate Reasoning,https://openalex.org/W7171133118
International Journal of Approximate Reasoning,Elsevier,2026,2026-07-26,On distributive triads,Tobias Hille; Mohammad Abdulla; Gerd Stumme,198,,10.1016/j.ijar.2026.109791,https://doi.org/10.1016/j.ijar.2026.109791,article,International Journal of Approximate Reasoning,https://openalex.org/W7171330421
International Journal of Approximate Reasoning,Elsevier,2026,2026-07-28,A new wrapper for a reliable resolution of underdetermined nonlinear equations,Luc Jaulin,198,,10.1016/j.ijar.2026.109790,https://doi.org/10.1016/j.ijar.2026.109790,article,International Journal of Approximate Reasoning,https://openalex.org/W7171494733
International Journal of Approximate Reasoning,Elsevier,2026,2026-07-31,Bounds and approximations of analogical powers,Francisco Malaca; Yves Lepage; Miguel Couceiro,198,,10.1016/j.ijar.2026.109792,https://doi.org/10.1016/j.ijar.2026.109792,article,International Journal of Approximate Reasoning,https://openalex.org/W7172009426
International Journal of Approximate Reasoning,Elsevier,2026,2026-07-31,Selected papers from the third international joint conference on conceptual knowledge structures,Alexandre Bazin; Madalina Croitoru; Domingo López-Rodríguez; Gerd Stumme,198,,10.1016/j.ijar.2026.109793,https://doi.org/10.1016/j.ijar.2026.109793,article,International Journal of Approximate Reasoning,https://openalex.org/W7171939529
International Journal of Approximate Reasoning,Elsevier,2026,2026-08-03,Dynamic strategy selection for movement-based three-way decisions under concept drift,Yongbo Mo; Dexing Wang; Chunmao Jiang; Hao Zhang,198,,10.1016/j.ijar.2026.109794,https://doi.org/10.1016/j.ijar.2026.109794,article,International Journal of Approximate Reasoning,https://openalex.org/W7172243934
International Journal of Approximate Reasoning,Elsevier,2026,2026-08-09,IM-GRA: Interaction-modulated group role assignment with three-way decision and two-factor theory,文科选; Dun Liu; Zhihang Yu; Libo Zhang,198,,10.1016/j.ijar.2026.109796,https://doi.org/10.1016/j.ijar.2026.109796,article,International Journal of Approximate Reasoning,https://openalex.org/W7202029460
International Journal of Approximate Reasoning,Elsevier,2026,2026-08-13,Set-valued safety tubes for uncertainty propagation in multi-step AI pipelines,Nguyen Viet Anh; Lục Trí Tuyên; Pham  Quoc Vuong; Thach Thi Ninh,198,,10.1016/j.ijar.2026.109797,https://doi.org/10.1016/j.ijar.2026.109797,article,International Journal of Approximate Reasoning,https://openalex.org/W7202380684
International Journal of Approximate Reasoning,Elsevier,2026,2026-08-14,Moderate deviation functions in convolutional neural networks,Jana Špirková; Iosu Rodríguez-Martínez; Mikel Ferrero-Jaurrieta; Javier Fernández; Humberto Bustince; Laura De Miguel,198,,10.1016/j.ijar.2026.109798,https://doi.org/10.1016/j.ijar.2026.109798,article,International Journal of Approximate Reasoning,https://openalex.org/W7203474724
International Journal of Approximate Reasoning,Elsevier,2026,2026-08-15,Separator for the remoteness constraint,Quentin Brateau; Fabrice Le Bars; Luc Jaulin,198,,10.1016/j.ijar.2026.109795,https://doi.org/10.1016/j.ijar.2026.109795,article,International Journal of Approximate Reasoning,https://openalex.org/W7203559392
International Journal of Approximate Reasoning,Elsevier,2026,2026-08-16,Multi-kernel clustering-based outlier detection,Jiawei Cui; Zhong Yuan; Shihao Wang; Yinan Chai; Ze Zhang,198,,10.1016/j.ijar.2026.109800,https://doi.org/10.1016/j.ijar.2026.109800,article,International Journal of Approximate Reasoning,https://openalex.org/W7203575693
International Journal of Approximate Reasoning,Elsevier,2026,2026-08-18,Attribute reduction via a λ-multigranulation fuzzy β-covering rough set model based on overlap and grouping functions,Xiaofeng Liu; Jinqiu Xie; Jianhua Dai,198,,10.1016/j.ijar.2026.109804,https://doi.org/10.1016/j.ijar.2026.109804,article,International Journal of Approximate Reasoning,https://openalex.org/W7203707812
International Journal of Approximate Reasoning,Elsevier,2026,2026-08-18,Topological characterizations of logic theories and structural analysis of logic metric space in NMΔ n-valued system,Bo Wang; Xiaoquan Xu,198,,10.1016/j.ijar.2026.109801,https://doi.org/10.1016/j.ijar.2026.109801,article,International Journal of Approximate Reasoning,https://openalex.org/W7203709530
International Journal of Approximate Reasoning,Elsevier,2026,2026-08-19,Beyond correlations: A causal invariance framework for robust urban traffic prediction,J. Wu; Siwei Wei; Zhilin Zhang; Feifei Wei; Chunzhi Wang,199,,10.1016/j.ijar.2026.109802,https://doi.org/10.1016/j.ijar.2026.109802,article,International Journal of Approximate Reasoning,https://openalex.org/W7203779275
International Journal of Approximate Reasoning,Elsevier,2026,2026-08-19,Consistency-aware belief rule interpolation for sparse belief rule bases,Fei Gao,198,,10.1016/j.ijar.2026.109805,https://doi.org/10.1016/j.ijar.2026.109805,article,International Journal of Approximate Reasoning,https://openalex.org/W7203741982
International Journal of Approximate Reasoning,Elsevier,2026,2026-08-20,Elicitation for sets of probabilities and distributions,Mark J. Schervish; Teddy Seidenfeld; Ruobin Gong; Joseph B. Kadane; Rafael B. Stern,199,,10.1016/j.ijar.2026.109803,https://doi.org/10.1016/j.ijar.2026.109803,article,International Journal of Approximate Reasoning,https://openalex.org/W7203898136
International Journal of Approximate Reasoning,Elsevier,2026,2026-08-20,The marginal problem for sets of desirable gambles sets with a finite representation,Justyna Dabrowska; Arthur Van Camp; Erik Quaeghebeur,199,,10.1016/j.ijar.2026.109799,https://doi.org/10.1016/j.ijar.2026.109799,article,International Journal of Approximate Reasoning,https://openalex.org/W7203874075
International Journal of Approximate Reasoning,Elsevier,2026,2026-08-21,Semi-overlap functions based granular ball fuzzy rough sets for feature selection and anomaly detection,Xiaofeng Wen; Yao‐Yao Fan; Yongjun Yan; Xiaohong Zhang; Fuchun Sun,199,,10.1016/j.ijar.2026.109807,https://doi.org/10.1016/j.ijar.2026.109807,article,International Journal of Approximate Reasoning,https://openalex.org/W7203891429
International Journal of Approximate Reasoning,Elsevier,2026,2026-08-24,A stochastic dominance tensor-based three-way decision method for multi-attribute decision-making,Chunyong Wang; Yiming Dai; Bin Yu,199,,10.1016/j.ijar.2026.109806,https://doi.org/10.1016/j.ijar.2026.109806,article,International Journal of Approximate Reasoning,https://openalex.org/W7204111093
International Journal of Approximate Reasoning,Elsevier,2026,2026-08-25,Granular ball-based evolutionary game consensus for large-scale data with fuzzy social networks,Jiaxin Zhan; Chaoqun Huang; Mingjie Cai; Hamido Fujita,199,,10.1016/j.ijar.2026.109811,https://doi.org/10.1016/j.ijar.2026.109811,article,International Journal of Approximate Reasoning,https://openalex.org/W7204190935
International Journal of Approximate Reasoning,Elsevier,2026,2026-08-26,Galois adjunctions and lattices arising from rough approximations,Guilong Liu; Jie Liu,199,,10.1016/j.ijar.2026.109808,https://doi.org/10.1016/j.ijar.2026.109808,article,International Journal of Approximate Reasoning,https://openalex.org/W7204223600
International Journal of Approximate Reasoning,Elsevier,2026,2026-08-26,Three-way decision and triangular thinking,Yiyu Y. Yao,199,,10.1016/j.ijar.2026.109810,https://doi.org/10.1016/j.ijar.2026.109810,article,International Journal of Approximate Reasoning,https://openalex.org/W7204220129
International Journal of Approximate Reasoning,Elsevier,2026,2026-08-28,Structure-aware causal reasoning: A neurosymbolic framework for counterfactual inference in large language models,Maiqi Wang; Haoxi Zhang; Edward Szczerbicki,199,,10.1016/j.ijar.2026.109809,https://doi.org/10.1016/j.ijar.2026.109809,article,International Journal of Approximate Reasoning,https://openalex.org/W7125495208
International Journal of Approximate Reasoning,Elsevier,2026,2026-08-29,A decision-making methodology for rough set based-formal concept reduction and hybrid machine learning under uncertainty,Xixuan Zhao; Bingzhen Sun; Jin Ye; Qiang Bao; Xiaoli Chu; Jianxiong Cai,199,,10.1016/j.ijar.2026.109814,https://doi.org/10.1016/j.ijar.2026.109814,article,International Journal of Approximate Reasoning,https://openalex.org/W7204659346
International Journal of Approximate Reasoning,Elsevier,2026,2026-08-29,Adaptive knowledge assessment based on three-way knowledge structure,Hai-Long Yang; Ya-Jie Sun; Yinfeng Zhou,199,,10.1016/j.ijar.2026.109816,https://doi.org/10.1016/j.ijar.2026.109816,article,International Journal of Approximate Reasoning,https://openalex.org/W7204642340
International Journal of Approximate Reasoning,Elsevier,2026,2026-08-29,Multi-label classification based on weighted fuzzy concept-cognitive learning,Yunshan Li; Zhiming Liu; Jinhai Li; Mengyu Yan; Huilai Zhi,199,,10.1016/j.ijar.2026.109815,https://doi.org/10.1016/j.ijar.2026.109815,article,International Journal of Approximate Reasoning,https://openalex.org/W7204648392
International Journal of Approximate Reasoning,Elsevier,2026,2026-08-31,Dual-space decoupled granular-ball computing for uncertainty-aware semi-supervised feature selection,Hua  Kang Xu; Jin Qian; Shaowei Yan; Tingfeng Wen,199,,10.1016/j.ijar.2026.109813,https://doi.org/10.1016/j.ijar.2026.109813,article,International Journal of Approximate Reasoning,https://openalex.org/W7164193864
International Journal of Approximate Reasoning,Elsevier,2026,2026-09-01,"A Cognitive, Trust-Centered Architecture for Cybersecurity Based on Personas and Epistemic Logic",Stefania Costantini; Lorenzo De Lauretis; Valentina Pitoni; Alina Vozna,,,10.1016/j.ijar.2026.109829,https://doi.org/10.1016/j.ijar.2026.109829,article,International Journal of Approximate Reasoning,https://openalex.org/W7213986217
International Journal of Approximate Reasoning,Elsevier,2026,2026-09-01,A Fast Model Counting Algorithm for Two-Variable Logic with Counting and Modulo Counting Quantifiers,Shixin Sun; Astrid Klipfel; Ondřej Kuželka; Yuanhong Wang; Yi Chang,,,10.1016/j.ijar.2026.109832,https://doi.org/10.1016/j.ijar.2026.109832,article,International Journal of Approximate Reasoning,https://openalex.org/W7214211974
International Journal of Approximate Reasoning,Elsevier,2026,2026-09-01,Formal Verification of Dark Patterns in Information-Seeking Dialogues,Andreas Brännström; Juan Carlos Nieves,,,10.1016/j.ijar.2026.109827,https://doi.org/10.1016/j.ijar.2026.109827,article,International Journal of Approximate Reasoning,https://openalex.org/W7213933263
International Journal of Approximate Reasoning,Elsevier,2026,2026-09-01,Fusion of fuzzy rule-based factual and counterfactual explanations with large language models,Pablo Miguel Perez-Ferreiro; Jose M. Alonso-Moral; Alejandro Catalá; Alberto Bugarín,,,10.1016/j.ijar.2026.109828,https://doi.org/10.1016/j.ijar.2026.109828,article,International Journal of Approximate Reasoning,https://openalex.org/W7213987096
International Journal of Approximate Reasoning,Elsevier,2026,2026-09-01,ROECS: A Novel Recommendation Approach Based on Object-Induced Three-Way Concepts,Yang Yang; Guoqing Guan; Fei Hao; Lexi Xu; Hongying Zhang,,,10.1016/j.ijar.2026.109831,https://doi.org/10.1016/j.ijar.2026.109831,article,International Journal of Approximate Reasoning,https://openalex.org/W7214100112
International Journal of Approximate Reasoning,Elsevier,2026,2026-09-08,Editorial Board,,198,,10.1016/s0888-613x(26)00195-7,https://doi.org/10.1016/s0888-613x(26)00195-7,paratext,International Journal of Approximate Reasoning,https://openalex.org/W7211929949
International Journal of Approximate Reasoning,Elsevier,2026,2026-09-11,Characterizations of distributivity and conditional distributivity of uninorms over noncontinuous t-norms TA with applications to fuzzy classifier fusion,Lijun Sun; Liteng Zheng; Gang Li; Feng Qin,199,,10.1016/j.ijar.2026.109824,https://doi.org/10.1016/j.ijar.2026.109824,article,International Journal of Approximate Reasoning,https://openalex.org/W7212324091
International Journal of Approximate Reasoning,Elsevier,2026,2026-09-11,Exploiting the impossible: Improving resilience of critical decision making against misperceptions,Martin Fränzle; Paul Kröger; Anna Nienaber,199,,10.1016/j.ijar.2026.109825,https://doi.org/10.1016/j.ijar.2026.109825,article,International Journal of Approximate Reasoning,https://openalex.org/W7212260652
International Journal of Approximate Reasoning,Elsevier,2026,2026-09-11,Rough set approach to conflict analysis and beyond,Jiajia Wang; Xiaonan Li; Huangjian Yi,199,,10.1016/j.ijar.2026.109823,https://doi.org/10.1016/j.ijar.2026.109823,article,International Journal of Approximate Reasoning,https://openalex.org/W7212301855
International Journal of Approximate Reasoning,Elsevier,2026,2026-09-17,A modular framework of neuro-fuzzy systems for multi-label tabular data classification,Haoran Liu; Hong Yu; Zuqiang Su; Guoyin Wang,199,,10.1016/j.ijar.2026.109826,https://doi.org/10.1016/j.ijar.2026.109826,article,International Journal of Approximate Reasoning,https://openalex.org/W7213512895
International Journal of Approximate Reasoning,Elsevier,2026,2026-09-18,Information-geometric hypothesis testing on the categorical statistical manifold: A geodesic test statistic for anomaly detection in decision support systems,Emre Öztürk,199,,10.1016/j.ijar.2026.109830,https://doi.org/10.1016/j.ijar.2026.109830,article,International Journal of Approximate Reasoning,https://openalex.org/W7213553604
