journal,publisher_family,year,publication_date,title,authors,volume,issue,doi,article_url,article_type,source_container_title,openalex_id
Machine Learning,Springer Nature,2025,2025-01-01,A survey on self-supervised learning for non-sequential tabular data,Wei‐Yao Wang; Weiwei Du; Derek Xu; Wei Wang; Wen-Chih Peng,114,1,10.1007/s10994-024-06674-0,https://doi.org/10.1007/s10994-024-06674-0,article,Machine Learning,https://openalex.org/W4406463978
Machine Learning,Springer Nature,2025,2025-01-01,Adaptive parameters identification for nonlinear dynamics using deep permutation invariant networks,Mouad Elaarabi; Domenico Borzacchiello; Philippe Le Bot; Yves Le Guennec; Sébastien Comas-Cardona,114,1,10.1007/s10994-024-06732-7,https://doi.org/10.1007/s10994-024-06732-7,article,Machine Learning,https://openalex.org/W4406463034
Machine Learning,Springer Nature,2025,2025-01-01,ArithmeticGPT: empowering small-size large language models with advanced arithmetic skills,Zitao Liu; Ying Zheng; Zhibo Yin; Jiahao Chen; Tianqiao Liu; Tian Mi; Weiqi Luo,114,1,10.1007/s10994-024-06681-1,https://doi.org/10.1007/s10994-024-06681-1,book-chapter,Machine Learning,https://openalex.org/W4406524039
Machine Learning,Springer Nature,2025,2025-01-01,Concentration properties of fractional posterior in 1-bit matrix completion,The Tien Mai,114,1,10.1007/s10994-024-06691-z,https://doi.org/10.1007/s10994-024-06691-z,article,Machine Learning,https://openalex.org/W4394867517
Machine Learning,Springer Nature,2025,2025-01-01,Credal ensembling in multi-class classification,Vu-Linh Nguyen; Haifei Zhang; Sébastien Destercke,114,1,10.1007/s10994-024-06703-y,https://doi.org/10.1007/s10994-024-06703-y,article,Machine Learning,https://openalex.org/W4406437131
Machine Learning,Springer Nature,2025,2025-01-01,Deep metric loss for multimodal learning,Sehwan Moon; Hyunju Lee,114,1,10.1007/s10994-024-06709-6,https://doi.org/10.1007/s10994-024-06709-6,article,Machine Learning,https://openalex.org/W4406315048
Machine Learning,Springer Nature,2025,2025-01-01,Efficient federated unlearning under plausible deniability,Ayush K. Varshney; Vicenç Torra,114,1,10.1007/s10994-024-06685-x,https://doi.org/10.1007/s10994-024-06685-x,article,Machine Learning,https://openalex.org/W4406523440
Machine Learning,Springer Nature,2025,2025-01-01,Fair prediction sets through multi-objective hyperparameter optimization,Alberto García‐Galindo; Marcos López-De-Castro; Rubén Armañanzas,114,1,10.1007/s10994-024-06721-w,https://doi.org/10.1007/s10994-024-06721-w,article,Machine Learning,https://openalex.org/W4406524087
Machine Learning,Springer Nature,2025,2025-01-01,Fast online feature selection in streaming data,Yael Hochma; Mark Last,114,1,10.1007/s10994-024-06712-x,https://doi.org/10.1007/s10994-024-06712-x,article,Machine Learning,https://openalex.org/W4406312294
Machine Learning,Springer Nature,2025,2025-01-01,Forecasting short-term passenger flow via CBGC-SCI: an in-depth comparative study on Shenzhen Metro,Yuxin He; Weihang Hong; Lishuai Li; Jinlei Zhang; Jin Qin; Qin Luo,114,1,10.1007/s10994-024-06711-y,https://doi.org/10.1007/s10994-024-06711-y,article,Machine Learning,https://openalex.org/W4406363598
Machine Learning,Springer Nature,2025,2025-01-01,Is it still fair? A comparative evaluation of fairness algorithms through the lens of covariate drift,Oscar Blessed Deho; Michael Bewong; Selasi Kwashie; Jiuyong Li; Jixue Liu; Lin Liu; Srécko Joksimovíc,114,1,10.1007/s10994-024-06698-6,https://doi.org/10.1007/s10994-024-06698-6,article,Machine Learning,https://openalex.org/W4406364305
Machine Learning,Springer Nature,2025,2025-01-01,Knoop: practical enhancement of knockoff with over-parameterization for variable selection,Xiaochen Zhang; Yunfeng Cai; Haoyi Xiong,114,1,10.1007/s10994-024-06692-y,https://doi.org/10.1007/s10994-024-06692-y,article,Machine Learning,https://openalex.org/W4406524950
Machine Learning,Springer Nature,2025,2025-01-01,Learning Tree-Structured Distributions,Fadwa Idlahcen,115,8,10.1007/978-3-032-05461-6_5,https://doi.org/10.1007/s10994-026-07127-6,conference-paper,Machine Learning,https://openalex.org/W4414809558
Machine Learning,Springer Nature,2025,2025-01-01,Learning multi-axis representation in frequency domain for medical image segmentation,Jiacheng Ruan; Jingsheng Gao; Mingye Xie; Suncheng Xiang,114,1,10.1007/s10994-024-06728-3,https://doi.org/10.1007/s10994-024-06728-3,article,Machine Learning,https://openalex.org/W4406412880
Machine Learning,Springer Nature,2025,2025-01-01,Learning to rank aspects and opinions for comparative explanations,Trung-Hoang Le; Hady Wirawan Lauw,114,1,10.1007/s10994-024-06699-5,https://doi.org/10.1007/s10994-024-06699-5,article,Machine Learning,https://openalex.org/W4406464103
Machine Learning,Springer Nature,2025,2025-01-01,Let the noise flow away: combating noisy labels using normalizing flows,Kuan‐Hao Su; Yan Su; Yun-Hsuan Lien; Yu-Shuen Wang,114,1,10.1007/s10994-024-06695-9,https://doi.org/10.1007/s10994-024-06695-9,article,Machine Learning,https://openalex.org/W4406388850
Machine Learning,Springer Nature,2025,2025-01-01,Misclassification bounds for PAC-Bayesian sparse deep learning,The Tien Mai,114,1,10.1007/s10994-024-06690-0,https://doi.org/10.1007/s10994-024-06690-0,article,Machine Learning,https://openalex.org/W4406463031
Machine Learning,Springer Nature,2025,2025-01-01,On the convergence analysis of over-parameterized variational autoencoders: a neural tangent kernel perspective,Li Wang; Wei Huang,114,1,10.1007/s10994-024-06683-z,https://doi.org/10.1007/s10994-024-06683-z,article,Machine Learning,https://openalex.org/W4406464935
Machine Learning,Springer Nature,2025,2025-01-01,PerfoRank: cluster-based performance ranking for improved performance evaluation and estimation in professional cycling,Bram Janssens; Matthias Bogaert,114,1,10.1007/s10994-024-06716-7,https://doi.org/10.1007/s10994-024-06716-7,article,Machine Learning,https://openalex.org/W4406463513
Machine Learning,Springer Nature,2025,2025-01-01,Prompt-based contrastive learning to combat the COVID-19 infodemic,Zifan Peng; Mingchen Li; Yue Wang; Daniel Y. W. Mo,114,1,10.1007/s10994-024-06731-8,https://doi.org/10.1007/s10994-024-06731-8,article,Machine Learning,https://openalex.org/W4406352510
Machine Learning,Springer Nature,2025,2025-01-01,Qualitative control learning can be much faster than reinforcement learning,Domen Šoberl; Ivan Bratko,114,1,10.1007/s10994-024-06724-7,https://doi.org/10.1007/s10994-024-06724-7,article,Machine Learning,https://openalex.org/W4406320746
Machine Learning,Springer Nature,2025,2025-01-01,Resolving power: a general approach to compare the distinguishing ability of threshold-free evaluation metrics,Colin Beam,114,1,10.1007/s10994-024-06723-8,https://doi.org/10.1007/s10994-024-06723-8,article,Machine Learning,https://openalex.org/W4406364228
Machine Learning,Springer Nature,2025,2025-01-01,SA-LfV: self-annotated labeling from videos for object detection,Arun Kumar Sivapuram; Prashanth Komuravelli; Rama Krishna Gorthi,114,1,10.1007/s10994-024-06676-y,https://doi.org/10.1007/s10994-024-06676-y,article,Machine Learning,https://openalex.org/W4406463231
Machine Learning,Springer Nature,2025,2025-01-01,SPA: A poisoning attack framework for graph neural networks through searching and pairing,Xiao Liu; Junjie Huang; Wentao Zhao; Ziyue Wang; Zihan Chen; Yi Pan,114,1,10.1007/s10994-024-06706-9,https://doi.org/10.1007/s10994-024-06706-9,article,Machine Learning,https://openalex.org/W4406464115
Machine Learning,Springer Nature,2025,2025-01-01,Scalable individual treatment effect estimator for large graphs,Xiaofeng Lin; Bao Han; Yan Cui; Koh Takeuchi; Hisashi Kashima,114,1,10.1007/s10994-024-06694-w,https://doi.org/10.1007/s10994-024-06694-w,article,Machine Learning,https://openalex.org/W4406463176
Machine Learning,Springer Nature,2025,2025-01-01,ScoreCL: augmentation-adaptive contrastive learning via score-matching function,Jin Young Kim; Soonwoo Kwon; Hyojun Go; Yunsung Lee; Seungtaek L. Choi; Hyun‐Gyoon Kim,114,1,10.1007/s10994-024-06707-8,https://doi.org/10.1007/s10994-024-06707-8,article,Machine Learning,https://openalex.org/W4406388884
Machine Learning,Springer Nature,2025,2025-01-01,Self explainable graph convolutional recurrent network for spatio-temporal forecasting,Javier García-Sigüenza; Manuel Curado; Faraón Llorens Largo; José F. Vicent,114,1,10.1007/s10994-024-06725-6,https://doi.org/10.1007/s10994-024-06725-6,article,Machine Learning,https://openalex.org/W4406320921
Machine Learning,Springer Nature,2025,2025-01-01,Time series representations classroom (TSRC): a teacher-student-based framework for interpretability-enhanced unsupervised time series representation learning,"Skaf, Wadie; Baratchi, Mitra; Hoos, Holger Hendrik",,,10.18154/rwth-2025-09896,https://doi.org/10.18154/rwth-2025-09896,article,Machine Learning,https://openalex.org/W7106534648
Machine Learning,Springer Nature,2025,2025-01-01,Unmasking deception: a topic-oriented multimodal approach to uncover false information on social media,Riccardo Cantini; Cristian Cosentino; Irene Kilanioti; Fabrizio Marozzo; Domenico Talia,114,1,10.1007/s10994-024-06727-4,https://doi.org/10.1007/s10994-024-06727-4,article,Machine Learning,https://openalex.org/W4406464349
Machine Learning,Springer Nature,2025,2025-01-18,About the author,,,,10.1016/b978-0-44-329238-5.00006-8,https://doi.org/10.1016/b978-0-44-329238-5.00006-8,paratext,Machine Learning,https://openalex.org/W4406592069
Machine Learning,Springer Nature,2025,2025-01-18,Acknowledgments,,,,10.1016/b978-0-44-329238-5.00029-9,https://doi.org/10.1016/b978-0-44-329238-5.00029-9,paratext,Machine Learning,https://openalex.org/W4406592349
Machine Learning,Springer Nature,2025,2025-01-18,Bayesian learning: approximate inference and nonparametric models,Sergios Theodoridis,,,10.1016/b978-0-44-329238-5.00019-6,https://doi.org/10.1016/b978-0-44-329238-5.00019-6,book-chapter,Machine Learning,https://openalex.org/W4406592256
Machine Learning,Springer Nature,2025,2025-01-18,Bayesian learning: inference and the EM algorithm,Sergios Theodoridis,,,10.1016/b978-0-44-329238-5.00018-4,https://doi.org/10.1016/b978-0-44-329238-5.00018-4,book-chapter,Machine Learning,https://openalex.org/W331089506
Machine Learning,Springer Nature,2025,2025-01-18,Classification: a tour of the classics,Sergios Theodoridis,,,10.1016/b978-0-44-329238-5.00013-5,https://doi.org/10.1016/b978-0-44-329238-5.00013-5,book-chapter,Machine Learning,https://openalex.org/W305201367
Machine Learning,Springer Nature,2025,2025-01-18,Contents,,,,10.1016/b978-0-44-329238-5.00005-6,https://doi.org/10.1016/b978-0-44-329238-5.00005-6,paratext,Machine Learning,https://openalex.org/W4406592268
Machine Learning,Springer Nature,2025,2025-01-18,Copyright,,,,10.1016/b978-0-44-329238-5.00003-2,https://doi.org/10.1016/b978-0-44-329238-5.00003-2,paratext,Machine Learning,https://openalex.org/W4406592076
Machine Learning,Springer Nature,2025,2025-01-18,Dedication,,,,10.1016/b978-0-44-329238-5.00004-4,https://doi.org/10.1016/b978-0-44-329238-5.00004-4,paratext,Machine Learning,https://openalex.org/W4406592365
Machine Learning,Springer Nature,2025,2025-01-18,Dimensionality reduction and latent variable modeling,Sergios Theodoridis,,,10.1016/b978-0-44-329238-5.00026-3,https://doi.org/10.1016/b978-0-44-329238-5.00026-3,book-chapter,Machine Learning,https://openalex.org/W4406592072
Machine Learning,Springer Nature,2025,2025-01-18,Front Matter,,,,10.1016/b978-0-44-329238-5.00002-0,https://doi.org/10.1016/b978-0-44-329238-5.00002-0,paratext,Machine Learning,https://openalex.org/W4406591996
Machine Learning,Springer Nature,2025,2025-01-18,Index,,,,10.1016/b978-0-44-329238-5.00027-5,https://doi.org/10.1016/b978-0-44-329238-5.00027-5,paratext,Machine Learning,https://openalex.org/W4406592066
Machine Learning,Springer Nature,2025,2025-01-18,Introduction,Sergios Theodoridis,,,10.1016/b978-0-44-329238-5.00007-x,https://doi.org/10.1016/b978-0-44-329238-5.00007-x,book-chapter,Machine Learning,https://openalex.org/W4406592039
Machine Learning,Springer Nature,2025,2025-01-18,Learning in parametric modeling: basic concepts and directions,Sergios Theodoridis,,,10.1016/b978-0-44-329238-5.00009-3,https://doi.org/10.1016/b978-0-44-329238-5.00009-3,book-chapter,Machine Learning,https://openalex.org/W4406592358
Machine Learning,Springer Nature,2025,2025-01-18,Learning in reproducing kernel Hilbert spaces,Sergios Theodoridis,,,10.1016/b978-0-44-329238-5.00017-2,https://doi.org/10.1016/b978-0-44-329238-5.00017-2,book-chapter,Machine Learning,https://openalex.org/W4406592271
Machine Learning,Springer Nature,2025,2025-01-18,Mean-square error linear estimation,Sergios Theodoridis,,,10.1016/b978-0-44-329238-5.00010-x,https://doi.org/10.1016/b978-0-44-329238-5.00010-x,book-chapter,Machine Learning,https://openalex.org/W4406592385
Machine Learning,Springer Nature,2025,2025-01-18,Monte Carlo methods,Sergios Theodoridis,,,10.1016/b978-0-44-329238-5.00020-2,https://doi.org/10.1016/b978-0-44-329238-5.00020-2,book-chapter,Machine Learning,https://openalex.org/W4406592350
Machine Learning,Springer Nature,2025,2025-01-18,Neural networks and deep learning: part I,Sergios Theodoridis,,,10.1016/b978-0-44-329238-5.00024-x,https://doi.org/10.1016/b978-0-44-329238-5.00024-x,book-chapter,Machine Learning,https://openalex.org/W4406592085
Machine Learning,Springer Nature,2025,2025-01-18,Neural networks and deep learning: part II,Sergios Theodoridis,,,10.1016/b978-0-44-329238-5.00025-1,https://doi.org/10.1016/b978-0-44-329238-5.00025-1,book-chapter,Machine Learning,https://openalex.org/W4406592253
Machine Learning,Springer Nature,2025,2025-01-18,Notation,Sergios Theodoridis,,,10.1016/b978-0-44-329238-5.00030-5,https://doi.org/10.1016/b978-0-44-329238-5.00030-5,book-chapter,Machine Learning,https://openalex.org/W4406592075
Machine Learning,Springer Nature,2025,2025-01-18,Online learning: the stochastic gradient descent family of algorithms,Sergios Theodoridis,,,10.1016/b978-0-44-329238-5.00011-1,https://doi.org/10.1016/b978-0-44-329238-5.00011-1,book-chapter,Machine Learning,https://openalex.org/W4406592146
Machine Learning,Springer Nature,2025,2025-01-18,Parameter learning: a convex analytic path,Sergios Theodoridis,,,10.1016/b978-0-44-329238-5.00014-7,https://doi.org/10.1016/b978-0-44-329238-5.00014-7,book-chapter,Machine Learning,https://openalex.org/W4406592343
Machine Learning,Springer Nature,2025,2025-01-18,Particle filtering,Sergios Theodoridis,,,10.1016/b978-0-44-329238-5.00023-8,https://doi.org/10.1016/b978-0-44-329238-5.00023-8,book-chapter,Machine Learning,https://openalex.org/W4406592347
Machine Learning,Springer Nature,2025,2025-01-18,Preface,,,,10.1016/b978-0-44-329238-5.00028-7,https://doi.org/10.1016/b978-0-44-329238-5.00028-7,paratext,Machine Learning,https://openalex.org/W4406592252
Machine Learning,Springer Nature,2025,2025-01-18,Probabilistic graphical models: part I,Sergios Theodoridis,,,10.1016/b978-0-44-329238-5.00021-4,https://doi.org/10.1016/b978-0-44-329238-5.00021-4,book-chapter,Machine Learning,https://openalex.org/W4406592059
Machine Learning,Springer Nature,2025,2025-01-18,Probabilistic graphical models: part II,Sergios Theodoridis,,,10.1016/b978-0-44-329238-5.00022-6,https://doi.org/10.1016/b978-0-44-329238-5.00022-6,book-chapter,Machine Learning,https://openalex.org/W4406592110
Machine Learning,Springer Nature,2025,2025-01-18,Probability and stochastic processes,Sergios Theodoridis,,,10.1016/b978-0-44-329238-5.00008-1,https://doi.org/10.1016/b978-0-44-329238-5.00008-1,book-chapter,Machine Learning,https://openalex.org/W4406592239
Machine Learning,Springer Nature,2025,2025-01-18,Sparsity-aware learning: algorithms and applications,Sergios Theodoridis,,,10.1016/b978-0-44-329238-5.00016-0,https://doi.org/10.1016/b978-0-44-329238-5.00016-0,book-chapter,Machine Learning,https://openalex.org/W285184178
Machine Learning,Springer Nature,2025,2025-01-18,Sparsity-aware learning: concepts and theoretical foundations,Sergios Theodoridis,,,10.1016/b978-0-44-329238-5.00015-9,https://doi.org/10.1016/b978-0-44-329238-5.00015-9,book-chapter,Machine Learning,https://openalex.org/W4406592051
Machine Learning,Springer Nature,2025,2025-01-18,The least-squares family,Sergios Theodoridis,,,10.1016/b978-0-44-329238-5.00012-3,https://doi.org/10.1016/b978-0-44-329238-5.00012-3,book-chapter,Machine Learning,https://openalex.org/W4406592199
Machine Learning,Springer Nature,2025,2025-01-27,Adapting performance metrics for ordinal classification to interval scale: length matters,Giulia Binotto; Rosario Delgado,114,2,10.1007/s10994-024-06654-4,https://doi.org/10.1007/s10994-024-06654-4,article,Machine Learning,https://openalex.org/W4406854357
Machine Learning,Springer Nature,2025,2025-01-27,Adaptive transformer modelling of density function for nonparametric survival analysis,Xin Zhang; Deval Mehta; Yanan Hu; Chao Zhu; David Darby; Zhen Yu; Daniel Merlo; Melissa M. Gresle; Anneke van der Walt; Helmut Butzkueven; Zongyuan Ge,114,2,10.1007/s10994-024-06686-w,https://doi.org/10.1007/s10994-024-06686-w,article,Machine Learning,https://openalex.org/W4406854746
Machine Learning,Springer Nature,2025,2025-01-27,Addressing data dependency in neural networks: introducing the Knowledge Enhanced Neural Network (KENN) for time series forecasting +,Muhammad Ali Chattha; Muhammad Imran Malik; Andreas R. Dengel; Sheraz Ahmed,114,2,10.1007/s10994-024-06714-9,https://doi.org/10.1007/s10994-024-06714-9,article,Machine Learning,https://openalex.org/W4406854500
Machine Learning,Springer Nature,2025,2025-01-27,An interpretable sample selection framework against numerical label noise,Gaoxia Jiang; Wenjian Wang,114,2,10.1007/s10994-024-06637-5,https://doi.org/10.1007/s10994-024-06637-5,article,Machine Learning,https://openalex.org/W4406854419
Machine Learning,Springer Nature,2025,2025-01-27,Correction to: Deep negative correlation classification,Le Zhang; Qibin Hou; Yun Liu; Jia-Wang Bian; Xun Xu; Joey Tianyi Zhou; Ce Zhu,114,2,10.1007/s10994-025-06736-x,https://doi.org/10.1007/s10994-025-06736-x,erratum,Machine Learning,https://openalex.org/W4406854491
Machine Learning,Springer Nature,2025,2025-01-27,De-biased two-sample U-statistics with application to conditional distribution testing,Yu‐Chen Chen; Jing Lei,114,2,10.1007/s10994-024-06719-4,https://doi.org/10.1007/s10994-024-06719-4,article,Machine Learning,https://openalex.org/W4406854735
Machine Learning,Springer Nature,2025,2025-01-27,Gradient-based causal discovery with latent variables,Haotian Ni; Tian-Zuo Wang; Hong Tao; Xiuqi Huang; Chenping Hou,114,2,10.1007/s10994-024-06696-8,https://doi.org/10.1007/s10994-024-06696-8,article,Machine Learning,https://openalex.org/W4406854014
Machine Learning,Springer Nature,2025,2025-01-27,Interactive sequential generative models for team sports,Dennis Fassmeyer; Moritz Cordes; Ulf Brefeld,114,2,10.1007/s10994-024-06648-2,https://doi.org/10.1007/s10994-024-06648-2,article,Machine Learning,https://openalex.org/W4406854522
Machine Learning,Springer Nature,2025,2025-01-27,Invariant representation learning via decoupling style and spurious features,Ruimeng Li; Yuanhao Pu; Zhaoyi Li; Chenwang Wu; Hong Yan Xie; Defu Lian,114,2,10.1007/s10994-024-06730-9,https://doi.org/10.1007/s10994-024-06730-9,article,Machine Learning,https://openalex.org/W4406854790
Machine Learning,Springer Nature,2025,2025-01-27,Learning global object-centric representations via disentangled slot attention,Tonglin Chen; Yinxuan Huang; Zhimeng Shen; Jinghao Huang; Bin Li; Xiangyang Xue,114,2,10.1007/s10994-024-06687-9,https://doi.org/10.1007/s10994-024-06687-9,article,Machine Learning,https://openalex.org/W4406854544
Machine Learning,Springer Nature,2025,2025-01-27,Masked autoencoder for multiagent trajectories,Yannick Rudolph; Ulf Brefeld,114,2,10.1007/s10994-024-06647-3,https://doi.org/10.1007/s10994-024-06647-3,article,Machine Learning,https://openalex.org/W4406854266
Machine Learning,Springer Nature,2025,2025-01-27,Optimal large-scale stochastic optimization of NDCG surrogates for deep learning,Zi-Hao Qiu; Quanqi Hu; Yongjian Zhong; Wei-Wei Tu; Lijun Zhang; Tianbao Yang,114,2,10.1007/s10994-024-06631-x,https://doi.org/10.1007/s10994-024-06631-x,article,Machine Learning,https://openalex.org/W4406854325
Machine Learning,Springer Nature,2025,2025-01-27,Optimizing sharpe ratio: risk-adjusted decision-making in multi-armed bandits,Sabrina Khurshid; Mohammed Shahid Abdulla; Gourab Ghatak,114,2,10.1007/s10994-024-06680-2,https://doi.org/10.1007/s10994-024-06680-2,article,Machine Learning,https://openalex.org/W4406854483
Machine Learning,Springer Nature,2025,2025-01-27,RGCVAE: relational graph conditioned variational autoencoder for molecule design,Davide Rigoni; Nicolò Navarin; Alessandro Sperduti,114,2,10.1007/s10994-024-06638-4,https://doi.org/10.1007/s10994-024-06638-4,article,Machine Learning,https://openalex.org/W4406853983
Machine Learning,Springer Nature,2025,2025-01-27,Shift guided active learning,Jianan Yang; Jimin Tan; Haobo Wang; Gang Chen; Sai Wu; Junbo Zhao,114,2,10.1007/s10994-024-06684-y,https://doi.org/10.1007/s10994-024-06684-y,article,Machine Learning,https://openalex.org/W4406854644
Machine Learning,Springer Nature,2025,2025-01-27,ShuttleFlow: learning the distribution of subsequent badminton shots using normalizing flows,Yun-Hsuan Lien; Chia-Tung Lian; Yu-Shuen Wang,114,2,10.1007/s10994-024-06682-0,https://doi.org/10.1007/s10994-024-06682-0,article,Machine Learning,https://openalex.org/W4406854532
Machine Learning,Springer Nature,2025,2025-01-27,State-novelty guided action persistence in deep reinforcement learning,Jianshu Hu; Paul Weng; Yutong Ban,114,2,10.1007/s10994-024-06675-z,https://doi.org/10.1007/s10994-024-06675-z,article,Machine Learning,https://openalex.org/W4406854267
Machine Learning,Springer Nature,2025,2025-01-27,Uncovering temporal patterns in visualizations of high-dimensional data,Pavlin G. Poličar; Blaž Zupan,114,2,10.1007/s10994-025-06734-z,https://doi.org/10.1007/s10994-025-06734-z,article,Machine Learning,https://openalex.org/W4406854733
Machine Learning,Springer Nature,2025,2025-01-27,Warping resilient robust anomaly detection for multivariate time series,S. Abilasha; Sahely Bhadra,114,2,10.1007/s10994-024-06689-7,https://doi.org/10.1007/s10994-024-06689-7,article,Machine Learning,https://openalex.org/W4406854479
Machine Learning,Springer Nature,2025,2025-01-27,iSOUP-SymRF: Symbolic feature ranking with random forests in online multi-target regression and multi-label classification,Aljaž Osojnik; Panče Panov; Sašo Džeroski,114,2,10.1007/s10994-024-06718-5,https://doi.org/10.1007/s10994-024-06718-5,article,Machine Learning,https://openalex.org/W4406854475
Machine Learning,Springer Nature,2025,2025-01-28,Assessing machine learning and data imputation approaches to handle the issue of data sparsity in sports forecasting,Fabian Wunderlich; Henrik Biermann; Weiran Yang; Manuel Bassek; Dominik Raabe; Nico Elbert; Daniel Memmert; Marc Garnica Caparrós,114,2,10.1007/s10994-024-06651-7,https://doi.org/10.1007/s10994-024-06651-7,article,Machine Learning,https://openalex.org/W4406901891
Machine Learning,Springer Nature,2025,2025-02-04,A new formulation of Lipschitz constrained with functional gradient learning for GANs,Chang Wan; Ke Fan; Xinwei Sun; Yanwei Fu; Minglu Li; Yunliang Jiang; Zheng Zheng,114,3,10.1007/s10994-024-06633-9,https://doi.org/10.1007/s10994-024-06633-9,article,Machine Learning,https://openalex.org/W4407121080
Machine Learning,Springer Nature,2025,2025-02-04,Sparse and smooth additive isotonic model in high-dimensional settings,Jiaqi Zhang; Yiqin Wang; Meng Wang; Beilun Wang,114,3,10.1007/s10994-024-06641-9,https://doi.org/10.1007/s10994-024-06641-9,article,Machine Learning,https://openalex.org/W4407121059
Machine Learning,Springer Nature,2025,2025-02-06,Accelerated algorithms for convex and non-convex optimization on manifolds,Lizhen Lin; Bayan Saparbayeva; Michael Minyi Zhang; David B. Dunson,114,3,10.1007/s10994-024-06649-1,https://doi.org/10.1007/s10994-024-06649-1,article,Machine Learning,https://openalex.org/W4287638117
Machine Learning,Springer Nature,2025,2025-02-06,Adaptive adapter routing for long-tailed class-incremental learning,Zhihong Qi; Da-Wei Zhou; Yiran Yao; Han-Jia Ye; De-Chuan Zhan,114,3,10.1007/s10994-024-06662-4,https://doi.org/10.1007/s10994-024-06662-4,article,Machine Learning,https://openalex.org/W4407201365
Machine Learning,Springer Nature,2025,2025-02-06,Alignclip: navigating the misalignments for robust vision-language generalization,Zhongyi Han; Gongxu Luo; Hao Sun; Yaqian Li; Bo Han; Mingming Gong; Kun Zhang; Tongliang Liu,114,3,10.1007/s10994-025-06742-z,https://doi.org/10.1007/s10994-025-06742-z,article,Machine Learning,https://openalex.org/W4407217526
Machine Learning,Springer Nature,2025,2025-02-06,CaCOM: customizing text-to-image diffusion models in the wild via continual active selection,Jianan Yang; Yan‐Ming Zhang; H. Y. Wang; Gang Chen; Sai Wu; Junbo Zhao,114,3,10.1007/s10994-025-06743-y,https://doi.org/10.1007/s10994-025-06743-y,article,Machine Learning,https://openalex.org/W4407201430
Machine Learning,Springer Nature,2025,2025-02-06,Conformal load prediction with transductive graph autoencoders,Rui Luo; Nicolò Colombo,114,3,10.1007/s10994-024-06713-w,https://doi.org/10.1007/s10994-024-06713-w,article,Machine Learning,https://openalex.org/W4407215714
Machine Learning,Springer Nature,2025,2025-02-06,Conformalised data synthesis,Julia A. Meister; Khuong An Nguyen,114,3,10.1007/s10994-024-06701-0,https://doi.org/10.1007/s10994-024-06701-0,article,Machine Learning,https://openalex.org/W4407197713
Machine Learning,Springer Nature,2025,2025-02-06,Deep learning of PDE correction and mesh adaption without automatic differentiation,Shaocong Ma; James Diffenderfer; Bhavya Kailkhura; Yi Zhou,114,3,10.1007/s10994-025-06746-9,https://doi.org/10.1007/s10994-025-06746-9,article,Machine Learning,https://openalex.org/W4407200752
Machine Learning,Springer Nature,2025,2025-02-06,Distribution aligned semantics adaption for lifelong person re-identification,Qizao Wang; Xuelin Qian; Bin Li; Xiangyang Xue,114,3,10.1007/s10994-024-06657-1,https://doi.org/10.1007/s10994-024-06657-1,article,Machine Learning,https://openalex.org/W4407211015
Machine Learning,Springer Nature,2025,2025-02-06,Dual-view data augmentation at subgraph level and graph contrastive learning for sequential recommendation,Caihong Mu; Haikun Yu; Lang Qin; Yi Liu,114,3,10.1007/s10994-024-06656-2,https://doi.org/10.1007/s10994-024-06656-2,article,Machine Learning,https://openalex.org/W4407201465
Machine Learning,Springer Nature,2025,2025-02-06,Hybrid additive modeling with partial dependence for supervised regression and dynamical systems forecasting,Yann Claes; Vân Anh Huynh‐Thu; Pierre Geurts,114,3,10.1007/s10994-025-06740-1,https://doi.org/10.1007/s10994-025-06740-1,article,Machine Learning,https://openalex.org/W4407211409
Machine Learning,Springer Nature,2025,2025-02-06,Interpretable optimisation-based approach for hyper-box classification,Georgios I. Liapis; Sophia Tsoka; Lazaros G. Papageorgiou,114,3,10.1007/s10994-024-06643-7,https://doi.org/10.1007/s10994-024-06643-7,article,Machine Learning,https://openalex.org/W4407218037
Machine Learning,Springer Nature,2025,2025-02-06,PT4Rec: a universal prompt-tuning framework for graph contrastive learning-based recommendations,Xiao Wei; Qifeng Zhou,114,3,10.1007/s10994-024-06658-0,https://doi.org/10.1007/s10994-024-06658-0,article,Machine Learning,https://openalex.org/W4407215588
Machine Learning,Springer Nature,2025,2025-02-06,Probabilistic scoring lists for interpretable machine learning,Jonas Hanselle; Stefan Heid; Johannes Fürnkranz; Eyke Hüllermeier,114,3,10.1007/s10994-024-06705-w,https://doi.org/10.1007/s10994-024-06705-w,article,Machine Learning,https://openalex.org/W4407197582
Machine Learning,Springer Nature,2025,2025-02-06,Progressive semantic learning for unsupervised skeleton-based action recognition,Hao Qin; Luyuan Chen; Ming Kong; Zhuoran Zhao; Xianzhou Zeng; Mengxu Lu; Qiang Zhu,114,3,10.1007/s10994-024-06667-z,https://doi.org/10.1007/s10994-024-06667-z,article,Machine Learning,https://openalex.org/W4407200705
Machine Learning,Springer Nature,2025,2025-02-06,Robust query performance prediction for dense retrievers via adaptive disturbance generation,Abbas Saleminezhad; Negar Arabzadeh; Radin Hamidi Rad; Soosan Beheshti; Ebrahim Bagheri,114,3,10.1007/s10994-024-06659-z,https://doi.org/10.1007/s10994-024-06659-z,article,Machine Learning,https://openalex.org/W4407200740
Machine Learning,Springer Nature,2025,2025-02-06,SA-CAM: Semantic-aware visual explanations for deep convolutional networks,Anni Yu; Qinglong Zhang; Lu Rao; Yu-Bin Yang,114,3,10.1007/s10994-024-06688-8,https://doi.org/10.1007/s10994-024-06688-8,article,Machine Learning,https://openalex.org/W4407198296
Machine Learning,Springer Nature,2025,2025-02-06,Sandbox: safeguarded multi-label learning through safe optimal transport,Lefei Zhang; Yu Geng; Jiangchao Yao; Yew-Soon Ong; Ivor Wai-Hung Tsang; James Tin-Yau Kwok,114,3,10.1007/s10994-024-06678-w,https://doi.org/10.1007/s10994-024-06678-w,article,Machine Learning,https://openalex.org/W4407200830
Machine Learning,Springer Nature,2025,2025-02-06,Semantic-aware contrastive learning via multi-prompt alignment,Zhuoran Zhao; Hao Qin; Ming Chai Kong; Luyuan Chen; Di Xie; Jiang Zhu; Qiang Zhu,114,3,10.1007/s10994-024-06665-1,https://doi.org/10.1007/s10994-024-06665-1,article,Machine Learning,https://openalex.org/W4407200775
Machine Learning,Springer Nature,2025,2025-02-06,SketchMLP: effectively utilize rasterized images and drawing sequences for sketch recognition,Tengjie Li; Shikui Tu; Lei Xu,114,3,10.1007/s10994-024-06677-x,https://doi.org/10.1007/s10994-024-06677-x,article,Machine Learning,https://openalex.org/W4407211059
Machine Learning,Springer Nature,2025,2025-02-06,Synthesizing efficient data with diffusion models for person re-identification pre-training,Ke Niu; Haiyang Yu; Xuelin Qian; Teng Fu; Bin Li; Xiangyang Xue,114,3,10.1007/s10994-024-06663-3,https://doi.org/10.1007/s10994-024-06663-3,article,Machine Learning,https://openalex.org/W4407200484
Machine Learning,Springer Nature,2025,2025-02-06,Toward finding strong pareto optimal policies in multi-agent reinforcement learning,Bang Giang Le; Viet Cuong Ta,114,3,10.1007/s10994-024-06700-1,https://doi.org/10.1007/s10994-024-06700-1,article,Machine Learning,https://openalex.org/W4407200586
Machine Learning,Springer Nature,2025,2025-02-06,Towards efficient pareto-optimal utility-fairness between groups in repeated rankings,Phuong Mai Dinh; Duc-Trong Le; Tuan-Anh Hoang; Dung Duy Le,114,3,10.1007/s10994-024-06679-9,https://doi.org/10.1007/s10994-024-06679-9,article,Machine Learning,https://openalex.org/W4407197496
Machine Learning,Springer Nature,2025,2025-02-07,Per-example gradient regularization improves learning signals from noisy data,Xuran Meng; Yuan Cao; Difan Zou,114,3,10.1007/s10994-024-06661-5,https://doi.org/10.1007/s10994-024-06661-5,article,Machine Learning,https://openalex.org/W4407263652
Machine Learning,Springer Nature,2025,2025-02-07,Schema-tune: noise-driven bias mitigation in transformer-based language models,Omid Shokrollahi; Ruthvik Penumatcha; Faezeh Ensan; Zeinab Noorian,114,3,10.1007/s10994-024-06670-4,https://doi.org/10.1007/s10994-024-06670-4,article,Machine Learning,https://openalex.org/W4407241185
Machine Learning,Springer Nature,2025,2025-02-10,Commonsense knowledge enhanced event graph representation learning for script event prediction,Xiang Li; Xinxi Jiang; Qifeng Zhou,114,3,10.1007/s10994-024-06669-x,https://doi.org/10.1007/s10994-024-06669-x,article,Machine Learning,https://openalex.org/W4407315025
Machine Learning,Springer Nature,2025,2025-02-10,Convergence of Adam for non-convex objectives: relaxed hyperparameters and non-ergodic case,Yuqing Liang; Meixuan He; Jinlan Liu; Dongpo Xu,114,3,10.1007/s10994-025-06737-w,https://doi.org/10.1007/s10994-025-06737-w,article,Machine Learning,https://openalex.org/W4407303621
Machine Learning,Springer Nature,2025,2025-02-10,Verification on out-of-distribution detectors under natural perturbations,Chi Zhang; Zhe Chen; Peipei Xu; Geyong Min; Wenjie Ruan,114,3,10.1007/s10994-024-06666-0,https://doi.org/10.1007/s10994-024-06666-0,article,Machine Learning,https://openalex.org/W4407315018
Machine Learning,Springer Nature,2025,2025-02-11,A new geometry-aware non-euclidean distance metric,Mehran Ghaziasgar; Hossein Mahvash Mohammadi; Peyman Adibi,114,3,10.1007/s10994-024-06702-z,https://doi.org/10.1007/s10994-024-06702-z,article,Machine Learning,https://openalex.org/W4407355985
Machine Learning,Springer Nature,2025,2025-02-11,Multivariate functional linear discriminant analysis for partially-observed time series,Rahul Bordoloi; Clémence Réda; Orell Trautmann; Saptarshi Bej; Olaf Wolkenhauer,114,3,10.1007/s10994-025-06741-0,https://doi.org/10.1007/s10994-025-06741-0,article,Machine Learning,https://openalex.org/W4407356037
Machine Learning,Springer Nature,2025,2025-02-11,Spatiotemporal-view member preference contrastive representation learning for group recommendation,Yangtao Zhou; Qingshan Li; Hua Chu; Jianan Li; Biaobiao Wei; Shuai Zhang; Jialong Han,114,3,10.1007/s10994-024-06655-3,https://doi.org/10.1007/s10994-024-06655-3,article,Machine Learning,https://openalex.org/W4407355707
Machine Learning,Springer Nature,2025,2025-02-14,Deep contrastive coordinated multi-view consistency clustering,Fuhao Shi; Shaohua Wan; Shengli Wu; Hui Wei; Hu Lu,114,3,10.1007/s10994-025-06735-y,https://doi.org/10.1007/s10994-025-06735-y,article,Machine Learning,https://openalex.org/W4407574141
Machine Learning,Springer Nature,2025,2025-02-14,Post-selection confidence bounds for prediction performance,Pascal Rink; Werner Brannath,114,3,10.1007/s10994-024-06632-w,https://doi.org/10.1007/s10994-024-06632-w,article,Machine Learning,https://openalex.org/W4407567608
Machine Learning,Springer Nature,2025,2025-02-14,Re-assessing accuracy degradation: a framework for understanding DNN behavior on similar-but-non-identical test datasets,Esla Timothy Anzaku; Haohan Wang; Ajiboye R. Babalola; Arnout Van Messem; Wesley De Neve,114,3,10.1007/s10994-024-06693-x,https://doi.org/10.1007/s10994-024-06693-x,article,Machine Learning,https://openalex.org/W4407567451
Machine Learning,Springer Nature,2025,2025-02-14,Scaling the weight parameters in Markov logic networks and relational logistic regression models,Felix Weitkämper,114,3,10.1007/s10994-024-06635-7,https://doi.org/10.1007/s10994-024-06635-7,article,Machine Learning,https://openalex.org/W3021945068
Machine Learning,Springer Nature,2025,2025-02-14,Unsupervised variational domain adaptation,Yundong Li; Yizheng Ge; Chen Lin; Guan Wang,114,3,10.1007/s10994-025-06751-y,https://doi.org/10.1007/s10994-025-06751-y,article,Machine Learning,https://openalex.org/W4407567613
Machine Learning,Springer Nature,2025,2025-02-17,A prompt-driven framework for multi-domain knowledge tracing,Zitao Liu; Shuyan Huang; Teng Guo; Mingliang Hou; Qianru Liang,114,4,10.1007/s10994-024-06660-6,https://doi.org/10.1007/s10994-024-06660-6,article,Machine Learning,https://openalex.org/W4407634259
Machine Learning,Springer Nature,2025,2025-02-17,Domain generalization via content factors isolation: a two-level latent variable modeling approach,Erdun Gao; Howard D. Bondell; Shaoli Huang; Mingming Gong,114,4,10.1007/s10994-024-06717-6,https://doi.org/10.1007/s10994-024-06717-6,article,Machine Learning,https://openalex.org/W4407634210
Machine Learning,Springer Nature,2025,2025-02-17,Reducing cross-validation variance through seed blocking in hyperparameter tuning,Giovanni Maria Merola,114,4,10.1007/s10994-024-06630-y,https://doi.org/10.1007/s10994-024-06630-y,article,Machine Learning,https://openalex.org/W4407634238
Machine Learning,Springer Nature,2025,2025-02-17,Unified convergence analysis for adaptive optimization with moving average estimator,Zhishuai Guo; Yi Xu; Wotao Yin; Rong Jin; Tianbao Yang,114,4,10.1007/s10994-024-06650-8,https://doi.org/10.1007/s10994-024-06650-8,article,Machine Learning,https://openalex.org/W4407634347
Machine Learning,Springer Nature,2025,2025-02-19,An empirical study on impact of label noise on synthetic tabular data generation,Jeong-Hoon Kim; Chao Huang; Xin Liu,114,4,10.1007/s10994-024-06629-5,https://doi.org/10.1007/s10994-024-06629-5,article,Machine Learning,https://openalex.org/W4407731879
Machine Learning,Springer Nature,2025,2025-02-19,Capturing the context-aware code change via dynamic control flow graph for commit message generation,Yali Du; Ying Li; Yi-Fan Ma; Ming Li,114,4,10.1007/s10994-024-06671-3,https://doi.org/10.1007/s10994-024-06671-3,article,Machine Learning,https://openalex.org/W4407731810
Machine Learning,Springer Nature,2025,2025-02-19,Efficient projection-free online convex optimization using stochastic gradients,Jiahao Xie; Chao Zhang; Zebang Shen; Hui Qian,114,4,10.1007/s10994-024-06640-w,https://doi.org/10.1007/s10994-024-06640-w,article,Machine Learning,https://openalex.org/W4407731838
Machine Learning,Springer Nature,2025,2025-02-19,Inductive learning of robot task knowledge from raw data and online expert feedback,Daniele Meli; Paolo Fiorini,114,4,10.1007/s10994-024-06636-6,https://doi.org/10.1007/s10994-024-06636-6,article,Machine Learning,https://openalex.org/W4407732042
Machine Learning,Springer Nature,2025,2025-02-19,Kernel density estimation for multiclass quantification,Alejandro Moreo; Pablo González; Juan José del Coz,114,4,10.1007/s10994-024-06726-5,https://doi.org/10.1007/s10994-024-06726-5,article,Machine Learning,https://openalex.org/W4407731903
Machine Learning,Springer Nature,2025,2025-02-19,Reinforced logical reasoning over KGs for interpretable recommendation system,Shirui Wang; Bohan Xie; Ling Ding; Jianting Chen; Yang Xiang,114,4,10.1007/s10994-024-06646-4,https://doi.org/10.1007/s10994-024-06646-4,article,Machine Learning,https://openalex.org/W4407731780
Machine Learning,Springer Nature,2025,2025-02-19,Transfer learning with pre-trained conditional generative models,Shin’ya Yamaguchi; Sekitoshi Kanai; Atsutoshi Kumagai; Daiki Chijiwa; Hisashi Kashima,114,4,10.1007/s10994-025-06748-7,https://doi.org/10.1007/s10994-025-06748-7,article,Machine Learning,https://openalex.org/W4407727179
Machine Learning,Springer Nature,2025,2025-02-20,A model for intelligible interaction between agents that predict and explain,A. Baskar; Ashwin Srinivasan; Michael Bain; Enrico W Coiera,114,4,10.1007/s10994-025-06750-z,https://doi.org/10.1007/s10994-025-06750-z,article,Machine Learning,https://openalex.org/W4407801335
Machine Learning,Springer Nature,2025,2025-02-20,Nettop: A light-weight network of orthogonal-plane features for image recognition,Thanh Tuan Nguyen; Thanh Phương Nguyễn,114,4,10.1007/s10994-024-06672-2,https://doi.org/10.1007/s10994-024-06672-2,article,Machine Learning,https://openalex.org/W4407765153
Machine Learning,Springer Nature,2025,2025-02-21,Calibrated explanations for regression,Tuve Löfström; Helena Löfström; Ulf Johansson; Cecilia Sönströd; Rudy Matela,114,4,10.1007/s10994-024-06642-8,https://doi.org/10.1007/s10994-024-06642-8,article,Machine Learning,https://openalex.org/W4407834622
Machine Learning,Springer Nature,2025,2025-02-21,Empirical risk minimization in the interpolating regime with application to neural network learning,Nicole Mücke; Ingo Steinwart,114,4,10.1007/s10994-025-06738-9,https://doi.org/10.1007/s10994-025-06738-9,article,Machine Learning,https://openalex.org/W4407802475
Machine Learning,Springer Nature,2025,2025-02-21,HorNets: learning from discrete and continuous signals with routing neural networks,Boshko Koloski; Nada Lavrač; Blaž Škrlj,114,4,10.1007/s10994-024-06673-1,https://doi.org/10.1007/s10994-024-06673-1,article,Machine Learning,https://openalex.org/W4407833281
Machine Learning,Springer Nature,2025,2025-02-21,Maximum causal entropy inverse constrained reinforcement learning,Mattijs Baert; Pietro Mazzaglia; Sam Leroux; Pieter Simoens,114,4,10.1007/s10994-024-06653-5,https://doi.org/10.1007/s10994-024-06653-5,article,Machine Learning,https://openalex.org/W4407831732
Machine Learning,Springer Nature,2025,2025-02-21,Testing exchangeability in the batch mode with e-values and Markov alternatives,Vladimir Vovk,114,4,10.1007/s10994-024-06720-x,https://doi.org/10.1007/s10994-024-06720-x,article,Machine Learning,https://openalex.org/W4407802434
Machine Learning,Springer Nature,2025,2025-02-24,Compression and restoration: exploring elasticity in continual test-time adaptation,Jingwei Li; Chengbao Liu; Xiwei Bai; Jie Tan; Jiaqi Chu; Yu Wang,114,4,10.1007/s10994-025-06739-8,https://doi.org/10.1007/s10994-025-06739-8,article,Machine Learning,https://openalex.org/W4407873532
Machine Learning,Springer Nature,2025,2025-02-24,Deep Errors-in-Variables using a diffusion model,Josua Faller; Jörg Martin; Clemens Elster,114,4,10.1007/s10994-025-06744-x,https://doi.org/10.1007/s10994-025-06744-x,article,Machine Learning,https://openalex.org/W4407873449
Machine Learning,Springer Nature,2025,2025-02-24,On the usefulness of the fit-on-test view on evaluating calibration of classifiers,Markus Kängsepp; Kaspar Valk; Meelis Kull,114,4,10.1007/s10994-024-06652-6,https://doi.org/10.1007/s10994-024-06652-6,article,Machine Learning,https://openalex.org/W4226336064
Machine Learning,Springer Nature,2025,2025-02-24,TCR: topologically consistent reweighting for XGBoost in regression tasks,Monty-Maximilian Zühlke; Daniel Kudenko⋆,114,4,10.1007/s10994-024-06704-x,https://doi.org/10.1007/s10994-024-06704-x,article,Machine Learning,https://openalex.org/W4407907723
Machine Learning,Springer Nature,2025,2025-02-24,Uncover the balanced geometry in long-tailed contrastive language-image pretraining,Zhihan Zhou; Yuhuan Ye; Feng Hong; Peisen Zhao; Jiangchao Yao; Ya Zhang; Qi Tian; Yanfeng Wang,114,4,10.1007/s10994-025-06745-w,https://doi.org/10.1007/s10994-025-06745-w,article,Machine Learning,https://openalex.org/W4407873490
Machine Learning,Springer Nature,2025,2025-02-25,A contrastive neural disentanglement approach for query performance prediction,Sara Salamat; Negar Arabzadeh; Shirin Seyedsalehi; Amin Bigdeli; Morteza Zihayat; Ebrahim Bagheri,114,4,10.1007/s10994-025-06752-x,https://doi.org/10.1007/s10994-025-06752-x,article,Machine Learning,https://openalex.org/W4407939460
Machine Learning,Springer Nature,2025,2025-02-28,Intramodal consistency in triplet-based cross-modal learning for image retrieval,Mario Mallea; Ricardo Ñanculef; Mauricio Araya,114,4,10.1007/s10994-024-06710-z,https://doi.org/10.1007/s10994-024-06710-z,article,Machine Learning,https://openalex.org/W4408047625
Machine Learning,Springer Nature,2025,2025-03-04,A survey on self-supervised methods for visual representation learning,Tobias Uelwer; Jan Robine; Stefan Sylvius Wagner; Marc Höftmann; Eric Upschulte; Sebastian GA Konietzny; Maike Behrendt; Stefan Harmeling,114,4,10.1007/s10994-024-06708-7,https://doi.org/10.1007/s10994-024-06708-7,article,Machine Learning,https://openalex.org/W4408126702
Machine Learning,Springer Nature,2025,2025-03-04,"Pairwise learning to rank by neural networks revisited: reconstruction, theoretical analysis and practical performance",Marius Köppel; Alexander Segner; Martin Wagener; Lukas Pensel; Andreas Karwath; Stefan Krämer,114,4,10.1007/s10994-024-06644-6,https://doi.org/10.1007/s10994-024-06644-6,article,Machine Learning,https://openalex.org/W2971675764
Machine Learning,Springer Nature,2025,2025-03-06,An end-to-end explainability framework for spatio-temporal predictive modeling,Massimiliano Altieri; Michelangelo Ceci; Roberto Corizzo,114,4,10.1007/s10994-024-06733-6,https://doi.org/10.1007/s10994-024-06733-6,article,Machine Learning,https://openalex.org/W4408185082
Machine Learning,Springer Nature,2025,2025-03-06,Generalized median of means principle for Bayesian inference,Stanislav Minsker; Shunan Yao,114,4,10.1007/s10994-025-06754-9,https://doi.org/10.1007/s10994-025-06754-9,article,Machine Learning,https://openalex.org/W4408188093
Machine Learning,Springer Nature,2025,2025-03-06,Gradient descent fails to learn high-frequency functions and modular arithmetic,Rustem Takhanov; Maxat Tezekbayev; Artur Pak; Arman Bolatov; Zhenisbek Assylbekov,114,4,10.1007/s10994-025-06747-8,https://doi.org/10.1007/s10994-025-06747-8,article,Machine Learning,https://openalex.org/W4408185500
Machine Learning,Springer Nature,2025,2025-03-06,Inferring individual direct causal effects under heterogeneous peer influence,Shishir Adhikari; Elena Zheleva,114,4,10.1007/s10994-024-06729-2,https://doi.org/10.1007/s10994-024-06729-2,article,Machine Learning,https://openalex.org/W4408185111
Machine Learning,Springer Nature,2025,2025-03-06,Likelihood-ratio-based confidence intervals for neural networks,Laurens Sluijterman; Eric Cator; Tom Heskes,114,4,10.1007/s10994-024-06639-3,https://doi.org/10.1007/s10994-024-06639-3,article,Machine Learning,https://openalex.org/W4408184590
Machine Learning,Springer Nature,2025,2025-03-10,Minimum discrepancy principle strategy for choosing k in k-NN regression,Yaroslav Averyanov; Alain Célisse,114,5,10.1007/s10994-024-06645-5,https://doi.org/10.1007/s10994-024-06645-5,article,Machine Learning,https://openalex.org/W4408293647
Machine Learning,Springer Nature,2025,2025-03-10,Theoretical guarantees for domain adaptation with hierarchical optimal transport,Mourad El Hamri; Younès Bennani; Issam Falih,114,5,10.1007/s10994-025-06749-6,https://doi.org/10.1007/s10994-025-06749-6,article,Machine Learning,https://openalex.org/W4408293766
Machine Learning,Springer Nature,2025,2025-03-17,Probabilistic instance dependent label refinement for noisy label learning,Haoyuan He; Yu Liu; R. Liu; Zheng yu Xie; Ming Li,114,5,10.1007/s10994-024-06668-y,https://doi.org/10.1007/s10994-024-06668-y,article,Machine Learning,https://openalex.org/W4408539546
Machine Learning,Springer Nature,2025,2025-03-18,Gender disentangled representation learning in neural rankers,Shirin Seyedsalehi; Sara Salamat; Negar Arabzadeh; Sajad Ebrahimi; Morteza Zihayat; Ebrahim Bagheri,114,5,10.1007/s10994-024-06664-2,https://doi.org/10.1007/s10994-024-06664-2,article,Machine Learning,https://openalex.org/W4408558613
Machine Learning,Springer Nature,2025,2025-03-19,Correction to: Conformal load prediction with transductive graph autoencoders,Rui Luo; Nicolò Colombo,114,5,10.1007/s10994-025-06762-9,https://doi.org/10.1007/s10994-025-06762-9,erratum,Machine Learning,https://openalex.org/W4408613490
Machine Learning,Springer Nature,2025,2025-03-20,Neural RELAGGS,Lukas Pensel; Stefan Krämer,114,5,10.1007/s10994-025-06753-w,https://doi.org/10.1007/s10994-025-06753-w,book-chapter,Machine Learning,https://openalex.org/W4408712259
Machine Learning,Springer Nature,2025,2025-03-24,Adaptive optimization for prediction with missing data,Dimitris Bertsimas; Arthur Delarue; Jean Pauphilet,114,5,10.1007/s10994-025-06757-6,https://doi.org/10.1007/s10994-025-06757-6,article,Machine Learning,https://openalex.org/W4408901118
Machine Learning,Springer Nature,2025,2025-03-25,DatRel: a noise-tolerant data relocation approach for effective synthetic data generation in imbalanced classifiers,Fatih Sağlam,114,5,10.1007/s10994-025-06755-8,https://doi.org/10.1007/s10994-025-06755-8,article,Machine Learning,https://openalex.org/W4408935279
Machine Learning,Springer Nature,2025,2025-03-25,Online dimensionality reduction through stacked generalization of spectral methods with deep networks,Juan Carlos Alvarado‐Pérez; Miguel Ángel García; Domènec Puig,114,5,10.1007/s10994-024-06715-8,https://doi.org/10.1007/s10994-024-06715-8,article,Machine Learning,https://openalex.org/W4408922635
Machine Learning,Springer Nature,2025,2025-03-26,An unsupervised adversarial domain adaptation based on variational auto-encoder,Mahta Hassan Pour Zonoozi; Vahid Seydi; Mahmood Deypir,114,5,10.1007/s10994-025-06760-x,https://doi.org/10.1007/s10994-025-06760-x,article,Machine Learning,https://openalex.org/W4408963113
Machine Learning,Springer Nature,2025,2025-03-26,Correction to: Nettop: A lightweight-network of orthogonal-plane features for image recognition,Thanh Tuan Nguyen; Thanh Phương Nguyễn,114,5,10.1007/s10994-025-06765-6,https://doi.org/10.1007/s10994-025-06765-6,erratum,Machine Learning,https://openalex.org/W4408873049
Machine Learning,Springer Nature,2025,2025-03-26,Enhanced route planning with calibrated uncertainty set,Lingxuan Tang; Rui Luo; Zhixin Zhou; Nicolò Colombo,114,5,10.1007/s10994-024-06697-7,https://doi.org/10.1007/s10994-024-06697-7,article,Machine Learning,https://openalex.org/W4408963140
Machine Learning,Springer Nature,2025,2025-03-26,Temporal ensemble of multiple patterns’ instances for continuous prediction of events,Nevo Itzhak; Szymon Jaroszewicz; Robert Moskovitch,114,5,10.1007/s10994-025-06756-7,https://doi.org/10.1007/s10994-025-06756-7,article,Machine Learning,https://openalex.org/W4408963678
Machine Learning,Springer Nature,2025,2025-03-31,CPAT: cross-patch aggregated transformer for time series forecasting,Bingyan Liu; Li Wu; Xiaoying Wang; Jianqiang Huang; Guojing Zhang,114,5,10.1007/s10994-025-06758-5,https://doi.org/10.1007/s10994-025-06758-5,article,Machine Learning,https://openalex.org/W4409076302
Machine Learning,Springer Nature,2025,2025-04-03,Cost-sensitive classification with cost uncertainty: do we need surrogate losses?,Viacheslav Komisarenko; Meelis Kull,114,6,10.1007/s10994-024-06634-8,https://doi.org/10.1007/s10994-024-06634-8,article,Machine Learning,https://openalex.org/W4409181419
Machine Learning,Springer Nature,2025,2025-04-10,Data-efficient reinforcement learning by generalized value estimation,Junjie Zhou; Ying Tian; Minglun Ren,114,6,10.1007/s10994-025-06763-8,https://doi.org/10.1007/s10994-025-06763-8,article,Machine Learning,https://openalex.org/W4409315720
Machine Learning,Springer Nature,2025,2025-04-11,An efficient Bayes error rate estimation method,Qingqiang Chen; Fuyuan Cao; Ying Xing; Jiye Liang,114,6,10.1007/s10994-025-06761-w,https://doi.org/10.1007/s10994-025-06761-w,article,Machine Learning,https://openalex.org/W4409361662
Machine Learning,Springer Nature,2025,2025-04-16,Low-resolution human pose estimation and action recognition via pose-driven super-resolution reconstruction,Zhizhuo Zhang; Lili Wan; Wanru Xu; Shenghui Wang,114,6,10.1007/s10994-025-06759-4,https://doi.org/10.1007/s10994-025-06759-4,article,Machine Learning,https://openalex.org/W4409487320
Machine Learning,Springer Nature,2025,2025-04-23,Improve global generalization for personalized federated learning within a Stackelberg game,Wei Xie; Runqun Xiong; Junzhou Luo,114,6,10.1007/s10994-025-06770-9,https://doi.org/10.1007/s10994-025-06770-9,article,Machine Learning,https://openalex.org/W4409718687
Machine Learning,Springer Nature,2025,2025-04-23,Inductive biases for zero-shot systematic generalization in language-informed reinforcement learning,Negin Hashemi Dijujin; Seyed Roozbeh Razavi Rohani; Mohammad Mahdi Samiei; Mahdieh Soleymani Baghshah,114,6,10.1007/s10994-025-06764-7,https://doi.org/10.1007/s10994-025-06764-7,book-chapter,Machine Learning,https://openalex.org/W4409718414
Machine Learning,Springer Nature,2025,2025-04-24,An in-depth review and analysis of mode collapse in generative adversarial networks,Farhat Lamia Barsha; William Eberle,114,6,10.1007/s10994-025-06772-7,https://doi.org/10.1007/s10994-025-06772-7,article,Machine Learning,https://openalex.org/W4409740852
Machine Learning,Springer Nature,2025,2025-04-24,Developing safe and responsible large language model: can we balance bias reduction and language understanding?,Shaina Raza; Oluwanifemi Bamgbose; Shardul Ghuge; Fatemeh Tavakoli; Deepak John Reji; Syed Raza Bashir,114,6,10.1007/s10994-025-06767-4,https://doi.org/10.1007/s10994-025-06767-4,article,Machine Learning,https://openalex.org/W4409740531
Machine Learning,Springer Nature,2025,2025-04-24,Drop-in efficient self-attention approximation method,Damien François; Mathis Saillot; Jacques Klein; Tegawendé François Bissyandé; Alexander Skupin,114,6,10.1007/s10994-025-06768-3,https://doi.org/10.1007/s10994-025-06768-3,article,Machine Learning,https://openalex.org/W4409754712
Machine Learning,Springer Nature,2025,2025-04-24,Gentle local robustness implies generalization,Khoat  Quang Than; Dat Phan; Giang Vu,114,6,10.1007/s10994-025-06775-4,https://doi.org/10.1007/s10994-025-06775-4,article,Machine Learning,https://openalex.org/W4409740879
Machine Learning,Springer Nature,2025,2025-04-24,Group feature selection using non-class data,Chun‐Na Li; Yuangang Pan; Wei-Jie Chen; Ivor Wai-Hung Tsang; Yuan‐Hai Shao,114,6,10.1007/s10994-025-06773-6,https://doi.org/10.1007/s10994-025-06773-6,article,Machine Learning,https://openalex.org/W4409758331
Machine Learning,Springer Nature,2025,2025-04-28,Navigating explanatory multiverse through counterfactual path geometry,Kacper Sokol; Edward A. Small; Yueqing Xuan,114,6,10.1007/s10994-025-06769-2,https://doi.org/10.1007/s10994-025-06769-2,article,Machine Learning,https://openalex.org/W4409880980
Machine Learning,Springer Nature,2025,2025-04-28,One transformer for all time series: representing and training with time-dependent heterogeneous tabular data,Simone Luetto; Fabrizio Garuti; Enver Sangineto; Lorenzo Forni; Rita Cucchiara,114,6,10.1007/s10994-025-06778-1,https://doi.org/10.1007/s10994-025-06778-1,article,Machine Learning,https://openalex.org/W4409873779
Machine Learning,Springer Nature,2025,2025-04-28,Prioritizing the essential: A robust evaluation framework for novelty detection,Jean-Gabriel Gaudreault; Paula Branco,114,6,10.1007/s10994-025-06777-2,https://doi.org/10.1007/s10994-025-06777-2,article,Machine Learning,https://openalex.org/W4409880954
Machine Learning,Springer Nature,2025,2025-04-29,Heat transfer flow of non-Newtonian eyring-powell fluid with mixed convection heterogeneous and homogeneous reactions using linear regression based machine learning approach,R. Ellahi; Norlin Khalid; A. Zeeshan; Sadiq M. Sait; Muhammad Imran Khan,114,6,10.1007/s10994-025-06774-5,https://doi.org/10.1007/s10994-025-06774-5,article,Machine Learning,https://openalex.org/W4409916168
Machine Learning,Springer Nature,2025,2025-04-29,Imbalanced regression pipeline recommendation,Juscimara Gomes Avelino; George D. C. Cavalcanti; Rafael M. O. Cruz,114,6,10.1007/s10994-025-06766-5,https://doi.org/10.1007/s10994-025-06766-5,article,Machine Learning,https://openalex.org/W4409921902
Machine Learning,Springer Nature,2025,2025-05-20,Learning answer set programs with aggregates via sampling and genetic programming,Damiano Azzolini,114,7,10.1007/s10994-025-06780-7,https://doi.org/10.1007/s10994-025-06780-7,article,Machine Learning,https://openalex.org/W4410533747
Machine Learning,Springer Nature,2025,2025-05-21,FLight: optimization algorithm for traffic lights based on short-term traffic state forecast,Daimin Liu; Jian Huang,114,7,10.1007/s10994-025-06785-2,https://doi.org/10.1007/s10994-025-06785-2,article,Machine Learning,https://openalex.org/W4410582526
Machine Learning,Springer Nature,2025,2025-05-22,Rope-net: deep convolutional neural network via robust principal component analysis,Baichen Liu; Zhi Jun Han; Xi’ai Chen; Yanmei Wang; Yandong Tang,114,7,10.1007/s10994-025-06782-5,https://doi.org/10.1007/s10994-025-06782-5,article,Machine Learning,https://openalex.org/W4410614521
Machine Learning,Springer Nature,2025,2025-05-23,A comparison of latent space modeling techniques in a plain-vanilla autoencoder setting,Fabian Kächele; Maximilian Coblenz; Oliver Grothe,114,7,10.1007/s10994-025-06784-3,https://doi.org/10.1007/s10994-025-06784-3,article,Machine Learning,https://openalex.org/W4410639526
Machine Learning,Springer Nature,2025,2025-05-28,A new adaptive gradient method with gradient decomposition,Zhou Shao; Hang Zhou; Tong Lin,114,7,10.1007/s10994-025-06797-y,https://doi.org/10.1007/s10994-025-06797-y,article,Machine Learning,https://openalex.org/W4410800826
Machine Learning,Springer Nature,2025,2025-05-28,Constraint guided autoencoders for joint optimization of condition indicator estimation and anomaly detection in machine condition monitoring,Michael Meire; Quinten Van Baelen; Ted Ooijevaar; Peter Karsmakers,114,7,10.1007/s10994-025-06779-0,https://doi.org/10.1007/s10994-025-06779-0,article,Machine Learning,https://openalex.org/W4410801060
Machine Learning,Springer Nature,2025,2025-05-28,Graph spring neural ODEs for link sign prediction,Andrin Rehmann; Alexandre Bovet,114,7,10.1007/s10994-025-06794-1,https://doi.org/10.1007/s10994-025-06794-1,article,Machine Learning,https://openalex.org/W4410801180
Machine Learning,Springer Nature,2025,2025-05-28,Learning using statistical invariants: when they work and when they don’t,Yang Liu; Ernest Fokoué; Daniel E. Krutz,114,7,10.1007/s10994-025-06789-y,https://doi.org/10.1007/s10994-025-06789-y,article,Machine Learning,https://openalex.org/W4410801160
Machine Learning,Springer Nature,2025,2025-05-29,Tight mixed-integer optimization formulations for prescriptive trees,Max Biggs; Georgia Perakis,114,7,10.1007/s10994-025-06771-8,https://doi.org/10.1007/s10994-025-06771-8,article,Machine Learning,https://openalex.org/W4410850291
Machine Learning,Springer Nature,2025,2025-06-05,Cherry on the cake: fairness is NOT an optimization problem,Marco Favier; Toon Calders,114,7,10.1007/s10994-025-06792-3,https://doi.org/10.1007/s10994-025-06792-3,article,Machine Learning,https://openalex.org/W4411054323
Machine Learning,Springer Nature,2025,2025-06-05,Correction to: Modeling PU learning using probabilistic logic programming,Victor Verreet; Luc De Raedt; Jessa Bekker,114,7,10.1007/s10994-025-06790-5,https://doi.org/10.1007/s10994-025-06790-5,erratum,Machine Learning,https://openalex.org/W4411053855
Machine Learning,Springer Nature,2025,2025-06-05,Jensen–Tsallis divergence for supervised classification under data imbalance,Antonio Squicciarini; Tom Trigano; David Luengo,114,7,10.1007/s10994-025-06791-4,https://doi.org/10.1007/s10994-025-06791-4,article,Machine Learning,https://openalex.org/W4411051984
Machine Learning,Springer Nature,2025,2025-06-05,Simultaneous outlier detection and elimination in hyperspectral unmixing via weighted non-negative matrix tri-factorization,Yasin Hashemi-Nazari; Farid Saberi-Movahed; Azita Tajaddini; Catarina Moreira; Xin Ning; Prayag Tiwari,114,7,10.1007/s10994-025-06793-2,https://doi.org/10.1007/s10994-025-06793-2,article,Machine Learning,https://openalex.org/W4411046759
Machine Learning,Springer Nature,2025,2025-06-05,The KANDY benchmark: Incremental neuro-symbolic learning and reasoning with Kandinsky patterns,Luca Salvatore Lorello; Marco Lippi; Stefano Melacci,114,7,10.1007/s10994-025-06798-x,https://doi.org/10.1007/s10994-025-06798-x,article,Machine Learning,https://openalex.org/W4411054363
Machine Learning,Springer Nature,2025,2025-06-05,Towards interpretable and robust UAV-based foundation model for endangered species monitoring in complex ecosystems,Jihan Zhang; Mingqiao Han; KEVIN H. LAURIE; Benyun Zhao; Lei Lei; Xi Chen; Hon Chi Judy Wan; Siu Gin Cheung; Wenxing Hong; Ben M. Chen,114,7,10.1007/s10994-025-06787-0,https://doi.org/10.1007/s10994-025-06787-0,article,Machine Learning,https://openalex.org/W4411055129
Machine Learning,Springer Nature,2025,2025-06-06,Differentially-private data synthetisation for efficient re-identification risk control,Tânia G. Carvalho; Nuno Moniz; Luís Filipe Antunes; Nitesh V. Chawla,114,7,10.1007/s10994-025-06799-w,https://doi.org/10.1007/s10994-025-06799-w,article,Machine Learning,https://openalex.org/W4411091041
Machine Learning,Springer Nature,2025,2025-06-06,Revealing vulnerable regions through diverse adversarial examples,Yunce Zhao; Wei Huang; Wei Liu; Xin Yao,114,7,10.1007/s10994-025-06788-z,https://doi.org/10.1007/s10994-025-06788-z,article,Machine Learning,https://openalex.org/W4411090978
Machine Learning,Springer Nature,2025,2025-06-09,Conformal multistep-ahead multivariate time-series forecasting,Filip Schlembach; Evgueni Nikolaevich Smirnov; Irena Koprinska; Mark H. M. Winands,114,7,10.1007/s10994-024-06722-9,https://doi.org/10.1007/s10994-024-06722-9,article,Machine Learning,https://openalex.org/W4411150191
Machine Learning,Springer Nature,2025,2025-06-11,Fedflow: a personalized federated learning framework for passenger flow prediction,Franca Rocco di Torrepadula; Marco Fisichella; Sergio Di Martino; Nicola Mazzocca,114,7,10.1007/s10994-025-06795-0,https://doi.org/10.1007/s10994-025-06795-0,article,Machine Learning,https://openalex.org/W4411209184
Machine Learning,Springer Nature,2025,2025-06-11,Leveraging differentiable NAS and abstract genetic algorithms for optimizing on-mobile VSR performance,Xuncheng Liu; Weizhan Zhang; Tieliang Gong; Caixia Yan; Rui Li,114,7,10.1007/s10994-025-06801-5,https://doi.org/10.1007/s10994-025-06801-5,article,Machine Learning,https://openalex.org/W4411203914
Machine Learning,Springer Nature,2025,2025-06-13,RCC-MAS: a new algorithm for computing all rough-set-constructs,Yanir González Díaz; Manuel S. Lazo-Cortés; José Fco. Martínez-Trinidad; Jesús Ariel Carrasco-Ochoa,114,8,10.1007/s10994-025-06786-1,https://doi.org/10.1007/s10994-025-06786-1,article,Machine Learning,https://openalex.org/W4411278154
Machine Learning,Springer Nature,2025,2025-06-17,HE-GAD: a behavior-enhanced contrastive learning framework for graph anomaly detection,Ling Zheng; Qi Xiu Song; Yihan Wang; Zhitao Wang; Xiangyang Li,114,8,10.1007/s10994-025-06809-x,https://doi.org/10.1007/s10994-025-06809-x,article,Machine Learning,https://openalex.org/W4411370299
Machine Learning,Springer Nature,2025,2025-06-17,HFIA: a parasitic feature inference attack and gradient-based defense strategy in SplitNN-based vertical federated learning,Qixuan Dong; Boyang Zhou; Zhenzhen Ru; Ying He; Jingyu Hua; Sheng Zhong,114,8,10.1007/s10994-025-06804-2,https://doi.org/10.1007/s10994-025-06804-2,article,Machine Learning,https://openalex.org/W4411370414
Machine Learning,Springer Nature,2025,2025-06-18,All-time safety and sample-efficient meta update for online safe meta reinforcement learning under Markov task transition,Zhenyuan Yuan; Siyuan Xu; Minghui Zhu,114,8,10.1007/s10994-025-06810-4,https://doi.org/10.1007/s10994-025-06810-4,article,Machine Learning,https://openalex.org/W4411399924
Machine Learning,Springer Nature,2025,2025-06-18,Entangle-then-disentangle: a novel approach for enhancing large vision-language model,J. M. Yuan; Haiting Zheng; Hang Yu; Xiangfeng Luo,114,8,10.1007/s10994-025-06811-3,https://doi.org/10.1007/s10994-025-06811-3,article,Machine Learning,https://openalex.org/W4411410675
Machine Learning,Springer Nature,2025,2025-06-18,Segmentation and feature extraction-based classification of pavement damages using hybrid computer vision and machine learning approaches,Lizette Tello-Cifuentes; Johannio Marulanda; Peter Thomson,114,8,10.1007/s10994-025-06803-3,https://doi.org/10.1007/s10994-025-06803-3,article,Machine Learning,https://openalex.org/W4411410439
Machine Learning,Springer Nature,2025,2025-06-19,Efficient and interpretable raw audio classification with diagonal state space models,Matthias Bittner; Daniel Schnöll; Matthias Wess; Axel Jantsch,114,8,10.1007/s10994-025-06807-z,https://doi.org/10.1007/s10994-025-06807-z,article,Machine Learning,https://openalex.org/W4411444742
Machine Learning,Springer Nature,2025,2025-06-19,Panda: partially approximate newton methods for distributed minimax optimization with unbalanced dimensions,Minheng Xiao; Chengchang Liu; Cheng Chen; John C. S. Lui; Sen Na,114,8,10.1007/s10994-025-06813-1,https://doi.org/10.1007/s10994-025-06813-1,article,Machine Learning,https://openalex.org/W4411448082
Machine Learning,Springer Nature,2025,2025-06-20,MUSO: achieving exact machine unlearning in over-parameterized regimes,Ruikai Yang; Mingzhen He; Zhengbao He; Youmei Qiu; Xiaolin Huang,114,8,10.1007/s10994-025-06806-0,https://doi.org/10.1007/s10994-025-06806-0,article,Machine Learning,https://openalex.org/W4403444304
Machine Learning,Springer Nature,2025,2025-06-23,JANET: Joint Adaptive predictioN-region Estimation for Time-series,Eshant English; Eliot Wong‐Toi; Matteo Fontana; Stephan Mandt; Padhraic Smyth; Christoph Lippert,114,8,10.1007/s10994-025-06812-2,https://doi.org/10.1007/s10994-025-06812-2,article,Machine Learning,https://openalex.org/W4411543332
Machine Learning,Springer Nature,2025,2025-06-24,Improving graph neural networks through feature importance learning,Fouad Alkhoury; Tamás Horváth; Christian Bauckhage; Stefan Wrobel,114,8,10.1007/s10994-025-06815-z,https://doi.org/10.1007/s10994-025-06815-z,article,Machine Learning,https://openalex.org/W4411582772
Machine Learning,Springer Nature,2025,2025-07-10,Community detection via structured adaptive block-diagonal learning with topology-subspace fusion,Ling Wu; Ziqi Cai; Yingjie Yang; Kun Guo,114,8,10.1007/s10994-025-06818-w,https://doi.org/10.1007/s10994-025-06818-w,article,Machine Learning,https://openalex.org/W4412168789
Machine Learning,Springer Nature,2025,2025-07-10,PCE-GNN: a node feature-enhanced graph neural network with pre-clustering strategy,Yongbo Li; Fangfang Xie; Xi Li; Xi Li; Kaiyan Chen; Jiangyi Yao; Xiongwei Li; Xiongwei Li,114,8,10.1007/s10994-025-06802-4,https://doi.org/10.1007/s10994-025-06802-4,article,Machine Learning,https://openalex.org/W4412169134
Machine Learning,Springer Nature,2025,2025-07-10,Physics encoded blocks in residual neural network architectures for digital twin models,Mohammed Zia; Corentin Houpert; Ashiq Anjum; Lu Liu; Anthony Conway; Anasol Peña-Ríos,114,8,10.1007/s10994-025-06808-y,https://doi.org/10.1007/s10994-025-06808-y,article,Machine Learning,https://openalex.org/W4412167280
Machine Learning,Springer Nature,2025,2025-07-10,Single image inpainting and super-resolution with simultaneous uncertainty guarantees by universal reproducing kernels,Bálint Péter Horváth; Balázs Csanád Csáji,114,8,10.1007/s10994-025-06814-0,https://doi.org/10.1007/s10994-025-06814-0,article,Machine Learning,https://openalex.org/W4412167252
Machine Learning,Springer Nature,2025,2025-07-10,TransFed: cross-domain feature alignment for semi-supervised federated transfer learning,Ling Zeng; Ruixuan Liu; Li Xiong; Joyce C. Ho,114,8,10.1007/s10994-025-06805-1,https://doi.org/10.1007/s10994-025-06805-1,article,Machine Learning,https://openalex.org/W4412167838
Machine Learning,Springer Nature,2025,2025-07-11,Analyzing the effect of residual connections to oversmoothing in graph neural networks,Dimitrios Kelesis; Dimitris A. Fotakis; Georgios Paliouras,114,8,10.1007/s10994-025-06822-0,https://doi.org/10.1007/s10994-025-06822-0,book-chapter,Machine Learning,https://openalex.org/W4412203851
Machine Learning,Springer Nature,2025,2025-07-11,Construction of the Kolmogorov-Arnold networks using the Newton-Kaczmarz method,Michael Poluektov; Andrew Polar,114,8,10.1007/s10994-025-06800-6,https://doi.org/10.1007/s10994-025-06800-6,article,Machine Learning,https://openalex.org/W4412346645
Machine Learning,Springer Nature,2025,2025-07-11,Search or split: policy gradient with adaptive policy space,Gianmarco Tedeschi; Matteo Papini; Alberto Maria Metelli; Marcello Restelli,114,8,10.1007/s10994-025-06820-2,https://doi.org/10.1007/s10994-025-06820-2,article,Machine Learning,https://openalex.org/W4412347210
Machine Learning,Springer Nature,2025,2025-07-13,Perfect counterfactuals in imperfect worlds: modelling noisy implementation of actions in sequential algorithmic recourse,Yueqing Xuan; Kacper Sokol; Mark Sanderson; Jeffrey Chan,114,8,10.1007/s10994-025-06821-1,https://doi.org/10.1007/s10994-025-06821-1,article,Machine Learning,https://openalex.org/W4412374924
Machine Learning,Springer Nature,2025,2025-07-14,Breaking domain barriers: mixture of experts for cross-domain fake news detection,Angelica Liguori; Francesco Sergio Pisani; Carmela Comito; Massimo Guarascio; Giuseppe Manco,114,8,10.1007/s10994-025-06827-9,https://doi.org/10.1007/s10994-025-06827-9,article,Machine Learning,https://openalex.org/W4412376665
Machine Learning,Springer Nature,2025,2025-07-14,ReDMan: reliable dexterous manipulation with safe reinforcement learning,Yiran Geng; Jiaming Ji; Yuanpei Chen; Haoran Geng; Fangwei Zhong; Yaodong Yang,114,8,10.1007/s10994-025-06825-x,https://doi.org/10.1007/s10994-025-06825-x,article,Machine Learning,https://openalex.org/W4412376632
Machine Learning,Springer Nature,2025,2025-07-15,Achieving collective welfare in multi-agent reinforcement learning via suggestion sharing,Yue Jin; Shuangqing Wei; Giovanni Montana,114,8,10.1007/s10994-025-06823-z,https://doi.org/10.1007/s10994-025-06823-z,article,Machine Learning,https://openalex.org/W4412434928
Machine Learning,Springer Nature,2025,2025-07-15,Deep latent force models: ODE-based process convolutions for Bayesian deep learning,Thomas Baldwin-McDonald; Xinxing Shi; Mingxin Shen; Mauricio A. Álvarez,114,8,10.1007/s10994-025-06824-y,https://doi.org/10.1007/s10994-025-06824-y,article,Machine Learning,https://openalex.org/W4412434571
Machine Learning,Springer Nature,2025,2025-07-15,Offline reinforcement learning for learning to dispatch for job shop scheduling,Jesse van Remmerden; Zaharah Allah Bukhsh; Yingqian Zhang,114,8,10.1007/s10994-025-06826-w,https://doi.org/10.1007/s10994-025-06826-w,article,Machine Learning,https://openalex.org/W4412434583
Machine Learning,Springer Nature,2025,2025-07-15,Robust partial-label learning by leveraging class activation values,Tobias Andreas Fuchs; Florian Kalinke,114,8,10.1007/s10994-025-06796-z,https://doi.org/10.1007/s10994-025-06796-z,article,Machine Learning,https://openalex.org/W4412441224
Machine Learning,Springer Nature,2025,2025-07-22,Federated causal inference from observational data,Thanh Vinh Vo; Young Lee; Tze-Yun Leong,114,8,10.1007/s10994-025-06819-9,https://doi.org/10.1007/s10994-025-06819-9,article,Machine Learning,https://openalex.org/W4412563974
Machine Learning,Springer Nature,2025,2025-07-24,Computing the distance between unbalanced distributions: the flat metric,Henri Schmidt; Christian Düll,114,8,10.1007/s10994-025-06828-8,https://doi.org/10.1007/s10994-025-06828-8,article,Machine Learning,https://openalex.org/W4412620466
Machine Learning,Springer Nature,2025,2025-07-29,Improving text processing via adversarial low-rank adaptation,Hao Wu; Xiangfeng Luo; Jianqi Gao; Dian Kai Huang,114,9,10.1007/s10994-025-06817-x,https://doi.org/10.1007/s10994-025-06817-x,article,Machine Learning,https://openalex.org/W4412723788
Machine Learning,Springer Nature,2025,2025-08-01,Enhancing interpretability in generative modeling: statistically disentangled latent spaces guided by generative factors in scientific datasets,Arkaprabha Ganguli; Nesar Ramachandra; Julie Bessac; Emil M. Constantinescu,114,9,10.1007/s10994-025-06816-y,https://doi.org/10.1007/s10994-025-06816-y,article,Machine Learning,https://openalex.org/W4412837218
Machine Learning,Springer Nature,2025,2025-08-04,Physics-informed variational autoencoders for improved robustness to environmental factors of variation,Romain Thoreau; Laurent Risser; Véronique Achard; Béatrice Berthelot; Xavier Briottet,114,9,10.1007/s10994-025-06829-7,https://doi.org/10.1007/s10994-025-06829-7,article,Machine Learning,https://openalex.org/W4412940082
Machine Learning,Springer Nature,2025,2025-08-05,A calibration test for evaluating set-based epistemic uncertainty representations,Mira Jürgens; Thomas Mortier; Eyke Hüllermeier; Viktor Bengs; Willem Waegeman,114,9,10.1007/s10994-025-06844-8,https://doi.org/10.1007/s10994-025-06844-8,article,Machine Learning,https://openalex.org/W4412977292
Machine Learning,Springer Nature,2025,2025-08-05,Auction-based incentive mechanism with personalized privacy protection in federated learning,Siqin Zeng; Xiaohong Wu; GU Yong-gen; Jie Tao; Chen BenFeng; Guoqiang Li,114,9,10.1007/s10994-025-06836-8,https://doi.org/10.1007/s10994-025-06836-8,article,Machine Learning,https://openalex.org/W4412988873
Machine Learning,Springer Nature,2025,2025-08-05,Exploration and generalization in deep learning with SwitchPath activations,Antonio Di Cecco; Andrea Papini; Carlo Metta; Marco Fantozzi; Silvia Giulia Galfrè; Francesco Morandin; Maurizio Parton,114,9,10.1007/s10994-025-06840-y,https://doi.org/10.1007/s10994-025-06840-y,article,Machine Learning,https://openalex.org/W4412985917
Machine Learning,Springer Nature,2025,2025-08-05,MbExplainer: Multilevel bandit-based explanations for downstream models with augmented graph embeddings,Ashkan Golgoon; Ryan Franks; Khashayar Filom; Arjun Ravi Kannan,114,9,10.1007/s10994-025-06830-0,https://doi.org/10.1007/s10994-025-06830-0,article,Machine Learning,https://openalex.org/W4404344834
Machine Learning,Springer Nature,2025,2025-08-06,Assessing the risk of discriminatory bias in classification datasets,Kejun Dai; Jonathan Kim; Sašo Džeroski; Jörg Simon Wicker; Gillian Dobbie; Katharina Dost,114,9,10.1007/s10994-025-06843-9,https://doi.org/10.1007/s10994-025-06843-9,article,Machine Learning,https://openalex.org/W4413013003
Machine Learning,Springer Nature,2025,2025-08-06,Uncover and unlearn nuisances: agnostic fully test-time adaptation,Ponhvoan Srey; Yaxin Shi; Hangwei Qian; Jing Li; Ivor Wai-Hung Tsang,114,9,10.1007/s10994-025-06842-w,https://doi.org/10.1007/s10994-025-06842-w,article,Machine Learning,https://openalex.org/W4413013084
Machine Learning,Springer Nature,2025,2025-08-12,A unified view of forward and backward losses for learning from weak labels,Daniel Bacaicoa-Barber; Jesús Cid‐Sueiro,114,9,10.1007/s10994-025-06841-x,https://doi.org/10.1007/s10994-025-06841-x,article,Machine Learning,https://openalex.org/W4413187992
Machine Learning,Springer Nature,2025,2025-08-12,Ensuring medical AI safety: interpretability-driven detection and mitigation of spurious model behavior and associated data,Frederik Pahde; Thomas Wiegand; Sebastian Lapuschkin; Wojciech Samek,114,9,10.1007/s10994-025-06834-w,https://doi.org/10.1007/s10994-025-06834-w,article,Machine Learning,https://openalex.org/W4413105748
Machine Learning,Springer Nature,2025,2025-08-19,Distribution estimation for time series via DNN-based GANs with an application to change-point estimation,Jianya Lu; Yingjun Mo; Zhijie Xiao; Lihu Xu; Qiuran Yao,114,9,10.1007/s10994-025-06851-9,https://doi.org/10.1007/s10994-025-06851-9,article,Machine Learning,https://openalex.org/W4413317494
Machine Learning,Springer Nature,2025,2025-08-19,Toward practical human-interpretable explanations,Alon Malach; Amiel Meiseles; Ron Bitton; S. Momiyama; Toshinori Araki; Jun Furukawa; Yuval Elovici; Asaf Shabtai,114,9,10.1007/s10994-025-06852-8,https://doi.org/10.1007/s10994-025-06852-8,article,Machine Learning,https://openalex.org/W4413317583
Machine Learning,Springer Nature,2025,2025-08-20,ALM-PU: positive and unlabeled learning with constrained optimization,Jiabin Wei; Yuefei Wu; Bin Shi; Kezhi Li; Bo Dong,114,9,10.1007/s10994-025-06849-3,https://doi.org/10.1007/s10994-025-06849-3,article,Machine Learning,https://openalex.org/W4413342647
Machine Learning,Springer Nature,2025,2025-08-22,Epidemic-guided deep learning for spatiotemporal forecasting of tuberculosis outbreak,Madhab Barman; Madhurima Panja; Nachiketa Mishra; Tanujit Chakraborty,114,10,10.1007/s10994-025-06848-4,https://doi.org/10.1007/s10994-025-06848-4,article,Machine Learning,https://openalex.org/W4413426188
Machine Learning,Springer Nature,2025,2025-08-22,Learning Green’s function efficiently using low-rank approximations,Kishan Wimalawarne; Taiji Suzuki; Sophie Langer,114,10,10.1007/s10994-025-06845-7,https://doi.org/10.1007/s10994-025-06845-7,article,Machine Learning,https://openalex.org/W4413450562
Machine Learning,Springer Nature,2025,2025-08-22,Partially trained graph convolutional networks resist oversmoothing,Dimitrios Kelesis; Dimitris A. Fotakis; Georgios Paliouras,114,10,10.1007/s10994-025-06865-3,https://doi.org/10.1007/s10994-025-06865-3,article,Machine Learning,https://openalex.org/W4413427087
Machine Learning,Springer Nature,2025,2025-08-22,Pasco (PArallel Structured COarsening): an overlay to speed up graph clustering algorithms,Lasalle Etienne; Vaudaine Rémi; Titouan Vayer; Borgnat Pierre; Gonçalves Paulo; Gribonval Rémi; Kinga Márton,114,10,10.1007/s10994-025-06837-7,https://doi.org/10.1007/s10994-025-06837-7,article,Machine Learning,https://openalex.org/W4405564341
Machine Learning,Springer Nature,2025,2025-08-26,Cluster weighted models for functional data,Cristina Antón; Iain Nicholas Smith,114,10,10.1007/s10994-025-06858-2,https://doi.org/10.1007/s10994-025-06858-2,article,Machine Learning,https://openalex.org/W4413681322
Machine Learning,Springer Nature,2025,2025-08-26,EchoRAG: a framework for enhancing language models with graph-RAG and in-context learning,William Jones Beckhauser; Renato Fileto,114,10,10.1007/s10994-025-06859-1,https://doi.org/10.1007/s10994-025-06859-1,article,Machine Learning,https://openalex.org/W4413636907
Machine Learning,Springer Nature,2025,2025-08-26,RIADNet: single image deraining network for raindrops and rain streaks removal,Changle Yu; Ping Fan; Yi Zhang; Jiyu Yang,114,10,10.1007/s10994-025-06854-6,https://doi.org/10.1007/s10994-025-06854-6,article,Machine Learning,https://openalex.org/W4413749471
Machine Learning,Springer Nature,2025,2025-08-26,Source-free domain adaptation requires penalized diversity,Laya Rafiee Sevyeri; Ivaxi Sheth; Farhood Farahnak; Alexandre See; Samira Ebrahimi Kahou; Thomas Fevens; Mohammad Havaei,114,10,10.1007/s10994-025-06863-5,https://doi.org/10.1007/s10994-025-06863-5,article,Machine Learning,https://openalex.org/W4413681754
Machine Learning,Springer Nature,2025,2025-08-27,Causal CSSE: integrating counterfactuals and causality in the explanation of machine learning models,Omar F. P. Krauss; Marcelo de Sousa Balbino; Cristiane Neri Nobre,114,10,10.1007/s10994-025-06856-4,https://doi.org/10.1007/s10994-025-06856-4,article,Machine Learning,https://openalex.org/W4413756647
Machine Learning,Springer Nature,2025,2025-08-27,Mind the gap: from plausible to valid self-explanations in large language models,Korbinian Randl; John Pavlopoulos; Aron Henriksson; Tony Lindgren,114,10,10.1007/s10994-025-06838-6,https://doi.org/10.1007/s10994-025-06838-6,article,Machine Learning,https://openalex.org/W4413756801
Machine Learning,Springer Nature,2025,2025-08-27,Splitting stump forests: tree ensemble compression for edge devices (extended version),Fouad Alkhoury; Sebastian Buschjäger; Pascal Welke,114,10,10.1007/s10994-025-06866-2,https://doi.org/10.1007/s10994-025-06866-2,article,Machine Learning,https://openalex.org/W4413756714
Machine Learning,Springer Nature,2025,2025-08-29,Novel applications of item response theory for analysing data set complexity and benchmark selection,João Luiz Junho Pereira; Alfredo Antonio Alencar Exposito de Queiroz; Telmo M. Silva Filho; Ana Carolina Lorena; Rafael Gomes Mantovani; Gisele Lobo Pappa; Ricardo B. C. Prudêncio,114,10,10.1007/s10994-025-06873-3,https://doi.org/10.1007/s10994-025-06873-3,article,Machine Learning,https://openalex.org/W4413847680
Machine Learning,Springer Nature,2025,2025-08-29,TFAS: zero-shot NAS for general time-series analysis with time-frequency aware scoring,Patara Trirat; Jae-Gil Lee,114,10,10.1007/s10994-025-06832-y,https://doi.org/10.1007/s10994-025-06832-y,article,Machine Learning,https://openalex.org/W4413847308
Machine Learning,Springer Nature,2025,2025-08-30,AI and Process Transformation in Desion and Beyond,Phil Bernstein,,,10.4324/9781003726654-5,https://doi.org/10.4324/9781003726654-5,book-chapter,Machine Learning,https://openalex.org/W4413852518
Machine Learning,Springer Nature,2025,2025-08-30,"Creating, Consuming and Curating Data",Phil Bernstein,,,10.4324/9781003726654-15,https://doi.org/10.4324/9781003726654-15,book-chapter,Machine Learning,https://openalex.org/W4413852556
Machine Learning,Springer Nature,2025,2025-08-30,"Delivery, Means and Methods",Phil Bernstein,,,10.4324/9781003726654-7,https://doi.org/10.4324/9781003726654-7,book-chapter,Machine Learning,https://openalex.org/W4413852501
Machine Learning,Springer Nature,2025,2025-08-30,"Economics, Compensation and Value",Phil Bernstein,,,10.4324/9781003726654-9,https://doi.org/10.4324/9781003726654-9,book-chapter,Machine Learning,https://openalex.org/W4413852545
Machine Learning,Springer Nature,2025,2025-08-30,"Education, Certification and Training",Phil Bernstein,,,10.4324/9781003726654-12,https://doi.org/10.4324/9781003726654-12,book-chapter,Machine Learning,https://openalex.org/W4413852567
Machine Learning,Springer Nature,2025,2025-08-30,Epilogue,Phil Bernstein,,,10.4324/9781003726654-20,https://doi.org/10.4324/9781003726654-20,book-chapter,Machine Learning,https://openalex.org/W4413852517
Machine Learning,Springer Nature,2025,2025-08-30,Labour of Design,Phil Bernstein,,,10.4324/9781003726654-17,https://doi.org/10.4324/9781003726654-17,book-chapter,Machine Learning,https://openalex.org/W4413852546
Machine Learning,Springer Nature,2025,2025-08-30,"Laws, Policy and Risk",Phil Bernstein,,,10.4324/9781003726654-10,https://doi.org/10.4324/9781003726654-10,book-chapter,Machine Learning,https://openalex.org/W4413852485
Machine Learning,Springer Nature,2025,2025-08-30,Professional Information and Knowledge,Phil Bernstein,,,10.4324/9781003726654-4,https://doi.org/10.4324/9781003726654-4,book-chapter,Machine Learning,https://openalex.org/W4413852498
Machine Learning,Springer Nature,2025,2025-08-30,Scopes of Service,Phil Bernstein,,,10.4324/9781003726654-6,https://doi.org/10.4324/9781003726654-6,book-chapter,Machine Learning,https://openalex.org/W4413852520
Machine Learning,Springer Nature,2025,2025-08-30,"Tasks, Automated",Phil Bernstein,,,10.4324/9781003726654-16,https://doi.org/10.4324/9781003726654-16,book-chapter,Machine Learning,https://openalex.org/W4413852525
Machine Learning,Springer Nature,2025,2025-08-30,The Demand for Professionals,Phil Bernstein,,,10.4324/9781003726654-11,https://doi.org/10.4324/9781003726654-11,book-chapter,Machine Learning,https://openalex.org/W4413842210
Machine Learning,Springer Nature,2025,2025-08-30,The Objectives of Design,Phil Bernstein,,,10.4324/9781003726654-14,https://doi.org/10.4324/9781003726654-14,book-chapter,Machine Learning,https://openalex.org/W4413852338
Machine Learning,Springer Nature,2025,2025-08-30,Tools and Technologies,Phil Bernstein,,,10.4324/9781003726654-2,https://doi.org/10.4324/9781003726654-2,book-chapter,Machine Learning,https://openalex.org/W4413852467
Machine Learning,Springer Nature,2025,2025-08-30,Value Propositions and Business Models,Phil Bernstein,,,10.4324/9781003726654-18,https://doi.org/10.4324/9781003726654-18,book-chapter,Machine Learning,https://openalex.org/W4413852564
Machine Learning,Springer Nature,2025,2025-08-30,What is Artificial Intelligence (AI),Phil Bernstein,,,10.4324/9781003726654-3,https://doi.org/10.4324/9781003726654-3,book-chapter,Machine Learning,https://openalex.org/W4413852479
Machine Learning,Springer Nature,2025,2025-09-03,Linearly-interpretable concept embedding models for text analysis,Francesco De Santis; Philippe Bich; Gabriele Ciravegna; Pietro Barbiero; Danilo Giordano; Tania Cerquitelli,114,10,10.1007/s10994-025-06839-5,https://doi.org/10.1007/s10994-025-06839-5,article,Machine Learning,https://openalex.org/W4414005704
Machine Learning,Springer Nature,2025,2025-09-03,Optimized YOLOv8 for lightweight and high-precision metal surface defect detection in industrial applications,Ruiping Li; Linchang Zhao; Hao Dong Wei; Bocheng Ouyang; Mu Zhang; Bing Fang; Guoqing Hu; Tan Jin,114,10,10.1007/s10994-025-06857-3,https://doi.org/10.1007/s10994-025-06857-3,article,Machine Learning,https://openalex.org/W4414005695
Machine Learning,Springer Nature,2025,2025-09-03,Region-aware Minimal Counterfactual Rules for Model-agnostic Explainable Classification,Guido Gagliardi; Antonio Luca Alfeo; Riccardo Guidotti; Mario G. C. A. Cimino,114,10,10.1007/s10994-025-06847-5,https://doi.org/10.1007/s10994-025-06847-5,article,Machine Learning,https://openalex.org/W4414005697
Machine Learning,Springer Nature,2025,2025-09-08,FediOS: decoupling orthogonal subspaces for personalization in feature-skew federated learning,Lingzhi Gao; Zexi Li; Xinyi Shang; Yang Lu; Chao Wu,114,10,10.1007/s10994-025-06861-7,https://doi.org/10.1007/s10994-025-06861-7,article,Machine Learning,https://openalex.org/W4414051000
Machine Learning,Springer Nature,2025,2025-09-08,SafeGen: safeguarding privacy and fairness through a genetic method,Martina Cinquini; Marta Marchiori Manerba; Federico Mazzoni; Francesca Pratesi; Riccardo Guidotti,114,10,10.1007/s10994-025-06835-9,https://doi.org/10.1007/s10994-025-06835-9,article,Machine Learning,https://openalex.org/W4414051554
Machine Learning,Springer Nature,2025,2025-09-09,Modelradar: aspect-based forecast evaluation,Vítor Cerqueira; Luís Roque; Carlos Soares,114,10,10.1007/s10994-025-06877-z,https://doi.org/10.1007/s10994-025-06877-z,article,Machine Learning,https://openalex.org/W4414154053
Machine Learning,Springer Nature,2025,2025-09-15,Counterfactual ensembles for interpretable churn prediction: from real-world to privacy-preserving synthetic data,Samuele Tonati; Marzio Di Vece; Fosca Giannotti; Roberto Pellungrini,114,10,10.1007/s10994-025-06880-4,https://doi.org/10.1007/s10994-025-06880-4,article,Machine Learning,https://openalex.org/W4414200532
Machine Learning,Springer Nature,2025,2025-09-16,Modeling spatio-temporal locality in multi-step forecasting of geo-referenced time series,Annunziata D’Aversa; Gianvito Pio; Michelangelo Ceci,114,10,10.1007/s10994-025-06875-1,https://doi.org/10.1007/s10994-025-06875-1,article,Machine Learning,https://openalex.org/W4414226965
Machine Learning,Springer Nature,2025,2025-09-16,Rényi divergence in hidden Markov models,Cheng–Der Fuh; Su-Chi Fuh; Yuan-Chen Liu; Chuan‐Ju Wang,114,10,10.1007/s10994-025-06872-4,https://doi.org/10.1007/s10994-025-06872-4,article,Machine Learning,https://openalex.org/W4414221447
Machine Learning,Springer Nature,2025,2025-09-17,A new filter for deformation-invariant persistence diagram,Kaifeng Zhang; Hang Zhang; Kai Ming Ting; Tianrun Liang,114,10,10.1007/s10994-025-06874-2,https://doi.org/10.1007/s10994-025-06874-2,article,Machine Learning,https://openalex.org/W4414279247
Machine Learning,Springer Nature,2025,2025-09-21,Causality from bottom to top: a survey,Abraham Itzhak Weinberg; Cristiano Premebida; Diego R. Faria,114,11,10.1007/s10994-025-06855-5,https://doi.org/10.1007/s10994-025-06855-5,article,Machine Learning,https://openalex.org/W4414453894
Machine Learning,Springer Nature,2025,2025-09-28,DP-FedSecure: a secure and efficient federated learning scheme based on adaptive differential privacy,Shuo Chen; Tanping Zhou; Huiyu Xie; Weidong Du; Xiaoyuan Yang,114,11,10.1007/s10994-025-06888-w,https://doi.org/10.1007/s10994-025-06888-w,article,Machine Learning,https://openalex.org/W4414585995
Machine Learning,Springer Nature,2025,2025-09-28,Evo-Path: a two-stage temporal knowledge graph reasoning model and its application in human behavior prediction,Mingsheng He; Lin Hua Zhu; Luyi Bai,114,11,10.1007/s10994-025-06886-y,https://doi.org/10.1007/s10994-025-06886-y,article,Machine Learning,https://openalex.org/W4414585564
Machine Learning,Springer Nature,2025,2025-09-28,Learning with confidence: training better classifiers from soft labels,Sjoerd de Vries; Dirk Thierens,114,11,10.1007/s10994-025-06860-8,https://doi.org/10.1007/s10994-025-06860-8,article,Machine Learning,https://openalex.org/W4414581705
Machine Learning,Springer Nature,2025,2025-09-28,MASS-CSP: mining with answer set solving for contrast sequential pattern mining,Gioacchino Sterlicchio; Francesca Alessandra Lisi,114,11,10.1007/s10994-025-06876-0,https://doi.org/10.1007/s10994-025-06876-0,article,Machine Learning,https://openalex.org/W4414582127
Machine Learning,Springer Nature,2025,2025-09-29,Guest editorial: special issue on machine learning in soccer,Daniel Berrar; Jesse J. Davis; Philippe Lopes; Werner Dubitzky,114,11,10.1007/s10994-025-06783-4,https://doi.org/10.1007/s10994-025-06783-4,editorial,Machine Learning,https://openalex.org/W4414597462
Machine Learning,Springer Nature,2025,2025-10-01,Analyzing RL components for Wagner’s framework via Brouwer’s conjecture,Flora Angileri; Giulia Lombardi; Andrea Fois; Renato Faraone; Carlo Metta; Michele Salvi; Luigi Amedeo Bianchi; Marco Fantozzi; Silvia Giulia Galfrè; Daniele Pavesi; Maurizio Parton; Francesco Morandin,114,11,10.1007/s10994-025-06890-2,https://doi.org/10.1007/s10994-025-06890-2,article,Machine Learning,https://openalex.org/W4414681882
Machine Learning,Springer Nature,2025,2025-10-01,LLM-based feature generation from text for interpretable machine learning,Vojtěch Balek; Lukáš Sýkora; Vilém Sklenák; Tomáš Kliegr,114,11,10.1007/s10994-025-06867-1,https://doi.org/10.1007/s10994-025-06867-1,article,Machine Learning,https://openalex.org/W4414681764
Machine Learning,Springer Nature,2025,2025-10-01,Source-free domain adaptation requires penalized diversity,Laya Rafiee Sevyeri; Ivaxi Sheth; Farhood Farahnak; Alexandre See; Samira Ebrahimi Kahou; Thomas Fevens; Mohammad Havaei,,,10.60882/cispa.32780967.v1,https://doi.org/10.60882/cispa.32780967.v1,article,Machine Learning,https://openalex.org/W7165729758
Machine Learning,Springer Nature,2025,2025-10-01,Source-free domain adaptation requires penalized diversity,Laya Rafiee Sevyeri; Ivaxi Sheth; Farhood Farahnak; Alexandre See; Samira Ebrahimi Kahou; Thomas Fevens; Mohammad Havaei,,,10.60882/cispa.32780967,https://doi.org/10.60882/cispa.32780967,article,Machine Learning,https://openalex.org/W7165743586
Machine Learning,Springer Nature,2025,2025-10-10,Adaptive collaborative minority oversampling for multi-class imbalanced classification,Su-Yang Zheng; Chouyong Chen; Xiaoxi Zhao; Zhongliang Zhang,114,11,10.1007/s10994-025-06899-7,https://doi.org/10.1007/s10994-025-06899-7,article,Machine Learning,https://openalex.org/W4415053189
Machine Learning,Springer Nature,2025,2025-10-10,Mining exceptional social behavior on attributed interaction networks,Martin Atzmueller; Carolina Centeio Jorge; Cláudio Rebelo de Sá; Behzad Momahed Heravi; Jenny L. Gibson; Rosaldo J. F. Rossetti,114,11,10.1007/s10994-025-06831-z,https://doi.org/10.1007/s10994-025-06831-z,article,Machine Learning,https://openalex.org/W4415035417
Machine Learning,Springer Nature,2025,2025-10-14,ST-PPO: a spatio-temporal attention enhanced proximal policy optimization algorithm for autonomous driving in complex traffic scenarios,Cheng Da; Yongsheng Qian; Junwei Zeng; Xunting Wei; Futao Zhang,114,11,10.1007/s10994-025-06887-x,https://doi.org/10.1007/s10994-025-06887-x,article,Machine Learning,https://openalex.org/W4415190717
Machine Learning,Springer Nature,2025,2025-10-15,Benchmarking adversarial robustness to bias elicitation in large language models: scalable automated assessment with LLM-as-a-judge,Riccardo Cantini; Alessio Orsino; Manuela De Ruggiero; Domenico Talia,114,11,10.1007/s10994-025-06862-6,https://doi.org/10.1007/s10994-025-06862-6,article,Machine Learning,https://openalex.org/W4415221540
Machine Learning,Springer Nature,2025,2025-10-15,Integrating human knowledge for explainable AI,Eleonora Cappuccio; Bahavathy Kathirgamanathan; Salvatore Rinzivillo; Gennady Andrienko; Natalia V. Andrienko,114,11,10.1007/s10994-025-06879-x,https://doi.org/10.1007/s10994-025-06879-x,article,Machine Learning,https://openalex.org/W4415200047
Machine Learning,Springer Nature,2025,2025-10-15,Mast: interpretable stress testing via meta-learning for forecasting model robustness evaluation,Ricardo Inácio; Vítor Cerqueira; Marília Barandas; Carlos Soares,114,11,10.1007/s10994-025-06881-3,https://doi.org/10.1007/s10994-025-06881-3,article,Machine Learning,https://openalex.org/W4415217351
Machine Learning,Springer Nature,2025,2025-10-15,Performance and interaction assessment of neural network architectures and bivariate smart predict-then-optimize,Junhan Wen; Thomas Abeel; Mathijs M. De Weerdt,114,11,10.1007/s10994-025-06910-1,https://doi.org/10.1007/s10994-025-06910-1,article,Machine Learning,https://openalex.org/W4415217336
Machine Learning,Springer Nature,2025,2025-10-15,Semi-supervised learning from tabular data with autoencoders: when does it work?,Sintija Stevanoska; Jurica Levatić; Sašo Džeroski,114,11,10.1007/s10994-025-06898-8,https://doi.org/10.1007/s10994-025-06898-8,article,Machine Learning,https://openalex.org/W4415221526
Machine Learning,Springer Nature,2025,2025-10-15,Temporal distillation: compressing a policy in space and time,Thomas Avé; Matthias Hutsebaut-Buysse; Kevin Mets,114,11,10.1007/s10994-025-06889-9,https://doi.org/10.1007/s10994-025-06889-9,article,Machine Learning,https://openalex.org/W4415221400
Machine Learning,Springer Nature,2025,2025-10-15,The forget-set identification problem,Andrea D’Angelo; Francesco Gullo; Giovanni Stilo,114,11,10.1007/s10994-025-06897-9,https://doi.org/10.1007/s10994-025-06897-9,article,Machine Learning,https://openalex.org/W4415218634
Machine Learning,Springer Nature,2025,2025-10-19,Adaptive differentiable trees for transparent learning on data streams,Kirsten Köbschall; Lisa Kathrin Hartung; Stefan Krämer,114,11,10.1007/s10994-025-06906-x,https://doi.org/10.1007/s10994-025-06906-x,article,Machine Learning,https://openalex.org/W4415343159
Machine Learning,Springer Nature,2025,2025-10-19,Addressing task conflicts in LLMs multi-task fine-tuning with task-specific subnetwork refinement,Yiqun Wang; Chaoqun Wan; Xiang Tian; Xuesong Liu; Yaowu Chen,114,11,10.1007/s10994-025-06885-z,https://doi.org/10.1007/s10994-025-06885-z,article,Machine Learning,https://openalex.org/W4415336385
Machine Learning,Springer Nature,2025,2025-10-19,Boolean matrix logic programming for active learning of gene functions in genome-scale metabolic network models,Lun Ai; Stephen Muggleton; Shi-Shun Liang; Geoff S. Baldwin,114,11,10.1007/s10994-025-06868-0,https://doi.org/10.1007/s10994-025-06868-0,article,Machine Learning,https://openalex.org/W4415337264
Machine Learning,Springer Nature,2025,2025-10-19,Bridging XAI and spectral analysis to investigate the inductive biases of deep graph networks,Michele Fontanesi; Alessio Micheli; Marco Podda; Domenico Tortorella,114,11,10.1007/s10994-025-06884-0,https://doi.org/10.1007/s10994-025-06884-0,article,Machine Learning,https://openalex.org/W4415336375
Machine Learning,Springer Nature,2025,2025-10-19,CLAIRE: clustering evaluation based on item response theory and model agreement,Manuel Ferreira-Junior; Eufrásio de Andrade Lima Neto; Marcelo R.P. Ferreira; Telmo M. Silva Filho; Ricardo B. C. Prudêncio,114,11,10.1007/s10994-025-06911-0,https://doi.org/10.1007/s10994-025-06911-0,article,Machine Learning,https://openalex.org/W4415342824
Machine Learning,Springer Nature,2025,2025-10-19,Enhancing workforce attendance evaluation in vocational schools: a decision support framework powered by explainable machine learning,Joseph Teguh Santoso; Hendry Hendry; Daniel H. F. Manongga,114,11,10.1007/s10994-025-06882-2,https://doi.org/10.1007/s10994-025-06882-2,article,Machine Learning,https://openalex.org/W4415342990
Machine Learning,Springer Nature,2025,2025-10-19,Squared Wasserstein-2 loss functions for efficient learning of stochastic differential equations,Mingtao Xia; Xiangting Li; Qijing Shen; Tom Chou,114,11,10.1007/s10994-025-06908-9,https://doi.org/10.1007/s10994-025-06908-9,article,Machine Learning,https://openalex.org/W4415343052
Machine Learning,Springer Nature,2025,2025-10-21,A utility-driven approach to instance-based transfer learning for relational domains,Cainã Figueiredo Pereira; Daniel Sadoc Menasché; Gerson Zaverucha; Aline Paes; Valmir Carneiro Barbosa,114,11,10.1007/s10994-025-06864-4,https://doi.org/10.1007/s10994-025-06864-4,article,Machine Learning,https://openalex.org/W4415396729
Machine Learning,Springer Nature,2025,2025-10-21,Pdarts: projected differentiable architecture search for seismic inversion,Luiz Carlos Gadelha de Souza; González-Rojas Carlos; Ricardo Cerri; Edson Satoshi Gomi; Bruno Carmo; Hermes Senger; Murilo Coelho Naldi,114,11,10.1007/s10994-025-06883-1,https://doi.org/10.1007/s10994-025-06883-1,article,Machine Learning,https://openalex.org/W4415378424
Machine Learning,Springer Nature,2025,2025-10-23,Learning de-biased environment models for delivery incentive policy optimization on food delivery platforms,Yu-Ren Liu; Xionghui Chen; Siyuan Xiao; Xinyu Yang; Xin Qi; Linjun Zhou; Yu Xin Yang; Fangsheng Huang,114,12,10.1007/s10994-025-06846-6,https://doi.org/10.1007/s10994-025-06846-6,article,Machine Learning,https://openalex.org/W4415484286
Machine Learning,Springer Nature,2025,2025-10-27,Evaluation of geographical distortions in language models,Rémy Decoupes; Roberto Interdonato; Mathieu Roche; Maguelonne Teisseire; Sarah Valentin,114,12,10.1007/s10994-025-06916-9,https://doi.org/10.1007/s10994-025-06916-9,article,Machine Learning,https://openalex.org/W4415598692
Machine Learning,Springer Nature,2025,2025-10-28,Common abductive explanations in first order logic,Céline Rouveirol; Henry Soldano; Malik Kazi Aoual; Véronique Ventos,114,12,10.1007/s10994-025-06869-z,https://doi.org/10.1007/s10994-025-06869-z,article,Machine Learning,https://openalex.org/W4415622358
Machine Learning,Springer Nature,2025,2025-10-30,Explaining word embeddings with perfect fidelity: a case study in predicting research impact,Lucie Dvořáčková; Marcin P. Joachimiak; Michal Černý; Adriana Kubecová; Vilém Sklenák; Tomáš Kliegr,114,12,10.1007/s10994-025-06870-6,https://doi.org/10.1007/s10994-025-06870-6,article,Machine Learning,https://openalex.org/W4415713017
Machine Learning,Springer Nature,2025,2025-11-04,Simplification of forest classifiers and regressors by sharing branching conditions,Naoki Marui; Atsuyoshi Nakamura; Kento Sakurada,114,12,10.1007/s10994-025-06850-w,https://doi.org/10.1007/s10994-025-06850-w,article,Machine Learning,https://openalex.org/W4415879937
Machine Learning,Springer Nature,2025,2025-11-04,Trustworthy Representation Learning via Information Funnels and Bottlenecks,João Machado de Freitas; Bernhard Claus Geiger,114,12,10.1007/s10994-025-06924-9,https://doi.org/10.1007/s10994-025-06924-9,article,Machine Learning,https://openalex.org/W4415887978
Machine Learning,Springer Nature,2025,2025-11-05,Deep sub-ensembles meets quantile regression: uncertainty-aware imputation for time series,Ying Liu; Peng Cui; Wenbo Hu; Richang Hong,114,12,10.1007/s10994-025-06922-x,https://doi.org/10.1007/s10994-025-06922-x,article,Machine Learning,https://openalex.org/W4415938103
Machine Learning,Springer Nature,2025,2025-11-07,Efficient quantification on large-scale networks,Alessio Micheli; Alejandro Moreo; Marco Podda; Fabrizio Sebastiani; William Simoni; Domenico Tortorella,114,12,10.1007/s10994-025-06915-w,https://doi.org/10.1007/s10994-025-06915-w,article,Machine Learning,https://openalex.org/W4416009033
Machine Learning,Springer Nature,2025,2025-11-07,Least-squares temporal difference with expected eligibility traces,Roy van Zuijlen; Duarte Antunes,114,12,10.1007/s10994-025-06912-z,https://doi.org/10.1007/s10994-025-06912-z,article,Machine Learning,https://openalex.org/W4416008204
Machine Learning,Springer Nature,2025,2025-11-10,Histogram approaches for imbalanced data streams regression,Ehsan Aminian; Rita P. Ribeiro; João Gama,114,12,10.1007/s10994-025-06892-0,https://doi.org/10.1007/s10994-025-06892-0,article,Machine Learning,https://openalex.org/W4416133868
Machine Learning,Springer Nature,2025,2025-11-10,LLiMe: enhancing text classifier explanations with large language models,Fabrizio Angiulli; Francesco De Luca; Fabio Fassetti; Simona Nisticò,114,12,10.1007/s10994-025-06920-z,https://doi.org/10.1007/s10994-025-06920-z,article,Machine Learning,https://openalex.org/W4416083222
Machine Learning,Springer Nature,2025,2025-11-10,Model-driven validation of visual explanations for multimodal emotion recognition,Guido Gagliardi; Antonio Luca Alfeo; Vincenzo Catrambone; Mario G. C. A. Cimino; Maarten De Vos; Gaetano Valenza,114,12,10.1007/s10994-025-06921-y,https://doi.org/10.1007/s10994-025-06921-y,article,Machine Learning,https://openalex.org/W4416141523
Machine Learning,Springer Nature,2025,2025-11-10,User migration in blockchain-based online social networks through the lens of temporal node representation shift,Manuel Dileo; Matteo Zignani,114,12,10.1007/s10994-025-06905-y,https://doi.org/10.1007/s10994-025-06905-y,article,Machine Learning,https://openalex.org/W4416083333
Machine Learning,Springer Nature,2025,2025-11-11,An efficient model training framework for green AI,Francesco Scala; Sergio Flesca; Luigi Pontieri,114,12,10.1007/s10994-025-06907-w,https://doi.org/10.1007/s10994-025-06907-w,article,Machine Learning,https://openalex.org/W4416115089
Machine Learning,Springer Nature,2025,2025-11-14,Time series representations classroom (TSRC): a teacher-student-based framework for interpretability-enhanced unsupervised time series representation learning,Wadie Skaf; Mitra Baratchi; Holger H. Hoos,114,12,10.1007/s10994-025-06895-x,https://doi.org/10.1007/s10994-025-06895-x,article,Machine Learning,https://openalex.org/W4416222820
Machine Learning,Springer Nature,2025,2025-11-18,Ddog: optimizing multi-hop inference via dual-driven retrieval and reasoning path,Yan Chen; Bruce Gu; Longxiang Gao; Kexue Fu; Youyang Qu; Lei Cui,114,12,10.1007/s10994-025-06917-8,https://doi.org/10.1007/s10994-025-06917-8,article,Machine Learning,https://openalex.org/W4416330408
Machine Learning,Springer Nature,2025,2025-11-18,Grid-Mapping Pseudo-Count Constraint for Offline Reinforcement Learning,Yi Shen; Hanyan Huang,114,12,10.1007/s10994-025-06925-8,https://doi.org/10.1007/s10994-025-06925-8,article,Machine Learning,https://openalex.org/W4416329653
Machine Learning,Springer Nature,2025,2025-11-18,MetaML: a multi-label meta-learning approach for pipeline recommendation,Cynthia Moreira Maia; Lucas Amorim; George D. C. Cavalcanti; Rafael M. O. Cruz,114,12,10.1007/s10994-025-06909-8,https://doi.org/10.1007/s10994-025-06909-8,article,Machine Learning,https://openalex.org/W4416408141
Machine Learning,Springer Nature,2025,2025-11-18,Multi-modal co-learning for Earth observation: enhancing single-modality models via modality collaboration,Francisco Mena; Dino Ienco; Cássio F. Dantas; Roberto Interdonato; Andreas R. Dengel,114,12,10.1007/s10994-025-06903-0,https://doi.org/10.1007/s10994-025-06903-0,article,Machine Learning,https://openalex.org/W4416408220
Machine Learning,Springer Nature,2025,2025-11-19,An investigation of visual foundation models robustness,Sandeep Kumar Gupta; Roberto Passerone,114,12,10.1007/s10994-025-06853-7,https://doi.org/10.1007/s10994-025-06853-7,article,Machine Learning,https://openalex.org/W4416385563
Machine Learning,Springer Nature,2025,2025-11-19,Empirical evaluation of normalizing flows in Markov chain Monte Carlo,David Nabergoj; Erik Štrumbelj,114,12,10.1007/s10994-025-06900-3,https://doi.org/10.1007/s10994-025-06900-3,article,Machine Learning,https://openalex.org/W4416375869
Machine Learning,Springer Nature,2025,2025-11-20,Beyond Limits: Enhancing the Extrapolation Performance of Regression Models by Leaving the Boundary Out,Francisco Ambrosio Garcia; Frank Naets,114,12,10.1007/s10994-025-06933-8,https://doi.org/10.1007/s10994-025-06933-8,article,Machine Learning,https://openalex.org/W4416432139
Machine Learning,Springer Nature,2025,2025-11-20,Beyond What’s Normal: Bimodal and Heaviside Alternatives to Gaussian Process Regression,Thomas M. Whitehead,114,12,10.1007/s10994-025-06934-7,https://doi.org/10.1007/s10994-025-06934-7,article,Machine Learning,https://openalex.org/W4416444675
Machine Learning,Springer Nature,2025,2025-11-20,Birds look like cars: adversarial analysis of intrinsically interpretable deep learning,Hubert Baniecki; Przemysław Biecek,114,12,10.1007/s10994-025-06896-w,https://doi.org/10.1007/s10994-025-06896-w,article,Machine Learning,https://openalex.org/W4414578621
Machine Learning,Springer Nature,2025,2025-11-20,Explaining Random Forest and XGBoost with Shallow Decision Trees by Co-clustering Feature Importance,Ruggero G. Pensa; Anton Crombach; Sergio Peignier; Christophe Rigotti,114,12,10.1007/s10994-025-06932-9,https://doi.org/10.1007/s10994-025-06932-9,article,Machine Learning,https://openalex.org/W4416509945
Machine Learning,Springer Nature,2025,2025-11-20,When Interpretability Meets Noise: An LLM-Assisted Hybrid Deep Logical Rule Learning Framework,Yulin Chen; 博幸 吉原; Chen Chen; Zhaoqun Li; Beishui Liao,114,12,10.1007/s10994-025-06931-w,https://doi.org/10.1007/s10994-025-06931-w,article,Machine Learning,https://openalex.org/W4416434584
Machine Learning,Springer Nature,2025,2025-11-25,Interpretable Deep Reinforcement Learning Via Concept-Based Policy Distillation,Yanzhe Bekkemoen; Helge Langseth,114,12,10.1007/s10994-025-06928-5,https://doi.org/10.1007/s10994-025-06928-5,article,Machine Learning,https://openalex.org/W4416657212
Machine Learning,Springer Nature,2025,2025-11-25,Learning Complementary Knowledge via Trusted Multi-view Space Decomposition for Self-Supervised Contrastive Learning,Jiangmeng Li; Yunze Zhao; Y. Jin; Changwen Zheng; Wenwen Qiang,114,12,10.1007/s10994-025-06927-6,https://doi.org/10.1007/s10994-025-06927-6,article,Machine Learning,https://openalex.org/W4416660965
Machine Learning,Springer Nature,2025,2025-11-25,Minimal learning machine for multi-label learning,Joonas Hämäläinen; Antoine Hubermont; Amauri Holanda de Souza Junior; Cesar Lincoln Cavalcante Mattos; João P. P. Gomes; Tommi Kärkkäinen,114,12,10.1007/s10994-025-06923-w,https://doi.org/10.1007/s10994-025-06923-w,article,Machine Learning,https://openalex.org/W4416659625
Machine Learning,Springer Nature,2025,2025-11-26,A robust adversarial ensemble with causal (feature interaction) interpretations for image classification,Chunheng Zhao; Pierluigi Pisu; Gurcan Comert; Negash Begashaw; Varghese Mathew Vaidyan; Nina Hubig,114,12,10.1007/s10994-025-06894-y,https://doi.org/10.1007/s10994-025-06894-y,article,Machine Learning,https://openalex.org/W4416714333
Machine Learning,Springer Nature,2025,2025-11-26,Preference-based opponent shaping in differentiable games,Xinyu Qiao; Yudong Hu; Congying Han; Weiyan Wu; Tiande Guo,114,12,10.1007/s10994-025-06893-z,https://doi.org/10.1007/s10994-025-06893-z,article,Machine Learning,https://openalex.org/W4416714319
Machine Learning,Springer Nature,2025,2025-12-01,LEAP: Linear equations for classifier accuracy prediction under prior probability shift,Lorenzo Volpi; Alejandro Moreo; Fabrizio Sebastiani,114,12,10.1007/s10994-025-06878-y,https://doi.org/10.1007/s10994-025-06878-y,article,Machine Learning,https://openalex.org/W4416914517
Machine Learning,Springer Nature,2025,2025-12-03,Physiological and Morphological Responses of Plants to Heavy Metal Stress,Anil Kumar,,,10.5281/zenodo.18149909,https://doi.org/10.5281/zenodo.18149909,article,Machine Learning,https://openalex.org/W7118579043
Machine Learning,Springer Nature,2025,2025-12-03,Physiological and Morphological Responses of Plants to Heavy Metal Stress,Anil Kumar,,,10.5281/zenodo.18149908,https://doi.org/10.5281/zenodo.18149908,article,Machine Learning,https://openalex.org/W7119036141
Machine Learning,Springer Nature,2025,2025-12-04,KannadaLipi: A Deep Learning Approach for Kannada Manuscript Character Recognition,Mahaveer; Basavanna Mahadevappa; Monika Sharma D.,,,10.5281/zenodo.18334490,https://doi.org/10.5281/zenodo.18334490,article,Machine Learning,https://openalex.org/W7125373472
Machine Learning,Springer Nature,2025,2025-12-04,KannadaLipi: A Deep Learning Approach for Kannada Manuscript Character Recognition,Mahaveer; Basavanna Mahadevappa; Monika Sharma D.,,,10.5281/zenodo.18334491,https://doi.org/10.5281/zenodo.18334491,article,Machine Learning,https://openalex.org/W7125398684
Machine Learning,Springer Nature,2025,2025-12-11,DiverSeed: Integrating Active Learning for Target Domain Data Generation in Instruction Tuning,Jingsheng Gao; Mengnan Qi; Xian Gao; Suncheng Xiang; Ke Ji; Jiacheng Ruan; Ting Liu; Yuzhuo Fu,115,1,10.1007/s10994-025-06926-7,https://doi.org/10.1007/s10994-025-06926-7,article,Machine Learning,https://openalex.org/W4417257961
Machine Learning,Springer Nature,2025,2025-12-14,Anticipating to Change: A Proactive Approach for Concept Drift Adaptation in Data Streams,Juan Valentín Guerrero Cano; Gabriel Jonas Aguiar; Alberto Cano,115,1,10.1007/s10994-025-06945-4,https://doi.org/10.1007/s10994-025-06945-4,article,Machine Learning,https://openalex.org/W4417307440
Machine Learning,Springer Nature,2025,2025-12-14,Evaluating the robustness of explainable AI in medical image recognition under natural and adversarial data corruption,Sara Repetto; Igor Maljkovic; Michele Lotto; Antonio Emanuele Ciná; Sebastiano Vascon; Fabio Roli,115,1,10.1007/s10994-025-06919-6,https://doi.org/10.1007/s10994-025-06919-6,article,Machine Learning,https://openalex.org/W4417307594
Machine Learning,Springer Nature,2025,2025-12-14,The FFN as a Key-Value Memory: Functional Specialization in Transformer Computation,Zaryab Rahman; Fakhrud Din; Shah Khalid; R. Karthikeyan,115,1,10.1007/s10994-025-06948-1,https://doi.org/10.1007/s10994-025-06948-1,article,Machine Learning,https://openalex.org/W4417307102
Machine Learning,Springer Nature,2025,2025-12-15,Enhancing Low-Degree Graph Neural Networks via Joint Training and Improved Message Passing,Zedong Sun; Jian Li; Guanjun Liu,115,1,10.1007/s10994-025-06944-5,https://doi.org/10.1007/s10994-025-06944-5,article,Machine Learning,https://openalex.org/W4417342936
Machine Learning,Springer Nature,2025,2025-12-18,A Hybrid Cryptographic Framework for Enhancing End to-End Network Security in Distributed Systems,Dr. K. Sundaramoorthy; Dr. R. Anitha,,,10.5281/zenodo.17971899,https://doi.org/10.5281/zenodo.17971899,article,Machine Learning,https://openalex.org/W7116055676
Machine Learning,Springer Nature,2025,2025-12-18,A Hybrid Cryptographic Framework for Enhancing End to-End Network Security in Distributed Systems,Dr. K. Sundaramoorthy; Dr. R. Anitha,,,10.5281/zenodo.17971898,https://doi.org/10.5281/zenodo.17971898,article,Machine Learning,https://openalex.org/W7116066340
Machine Learning,Springer Nature,2025,2025-12-25,DISTFormer: Enhance 3D Human Pose Estimation via Dual Inverse-Order Spatial-Temporal Transformer,Ruidong Li; Hua Huo,115,1,10.1007/s10994-025-06938-3,https://doi.org/10.1007/s10994-025-06938-3,article,Machine Learning,https://openalex.org/W7117295840
Machine Learning,Springer Nature,2025,2025-12-25,Extended UCB Policies for Multi-armed Bandit Problems,Keqin Liu; Tianshuo Zheng; Zhi-Hua Zhou,115,1,10.1007/s10994-025-06943-6,https://doi.org/10.1007/s10994-025-06943-6,article,Machine Learning,https://openalex.org/W7117323897
Machine Learning,Springer Nature,2025,2025-12-25,FedGES: A Federated Learning Approach for Bayesian Network Structure Learning,Pablo Torrijos; José A. Gámez; Jose Miguel Puerta,115,1,10.1007/s10994-025-06939-2,https://doi.org/10.1007/s10994-025-06939-2,article,Machine Learning,https://openalex.org/W7117316949
Machine Learning,Springer Nature,2025,2025-12-25,Low-Rank Fully-Connected Tensor Network Learning for Tensor-on-Tensor Regression,Mengyu Wang; Feng Li; Hanyu Li,115,1,10.1007/s10994-025-06942-7,https://doi.org/10.1007/s10994-025-06942-7,article,Machine Learning,https://openalex.org/W7117297113
Machine Learning,Springer Nature,2025,2025-12-25,Temporal Graph Network Framework for Quantifying Pass Reception Probabilities Against Defensive Structures,Pegah Rahimian; Jesse Davis; László Toka,115,1,10.1007/s10994-025-06935-6,https://doi.org/10.1007/s10994-025-06935-6,article,Machine Learning,https://openalex.org/W7117316690
Machine Learning,Springer Nature,2025,2025-12-26,Feature based wound healing prediction through Machine Learning approach,Harish B.G; Basavanna M,,,10.5281/zenodo.18159904,https://doi.org/10.5281/zenodo.18159904,article,Machine Learning,https://openalex.org/W7118334495
Machine Learning,Springer Nature,2025,2025-12-26,Feature based wound healing prediction through Machine Learning approach,Harish B.G; Basavanna M,,,10.5281/zenodo.18159905,https://doi.org/10.5281/zenodo.18159905,article,Machine Learning,https://openalex.org/W7118336203
Machine Learning,Springer Nature,2025,2025-12-27,A Deep Learning Approach for Diagnosing Nutrient Deficiencies in Okra Leaves,Dipankar Das; U. Sharma; G. C. Nandi,,,10.5281/zenodo.18066359,https://doi.org/10.5281/zenodo.18066359,article,Machine Learning,https://openalex.org/W7117408433
Machine Learning,Springer Nature,2025,2025-12-27,A Deep Learning Approach for Diagnosing Nutrient Deficiencies in Okra Leaves,Dipankar Das; U. Sharma; G. C. Nandi,,,10.5281/zenodo.18066358,https://doi.org/10.5281/zenodo.18066358,article,Machine Learning,https://openalex.org/W7117416169
Machine Learning,Springer Nature,2025,2025-12-28,Stochastic Online Optimization for Cyber-Physical and Robotic Systems,Hao Ma; Melanie N. Zeilinger; Michael Muehlebach,115,1,10.1007/s10994-025-06929-4,https://doi.org/10.1007/s10994-025-06929-4,article,Machine Learning,https://openalex.org/W7117429434
Machine Learning,Springer Nature,2025,2025-12-28,Uncertainty Quantification in Pairwise Difference Learning for Classification,Mohamed Karim Belaid; Maximilian Rabus; Eyke Hüllermeier,115,1,10.1007/s10994-025-06949-0,https://doi.org/10.1007/s10994-025-06949-0,article,Machine Learning,https://openalex.org/W7117465449
Machine Learning,Springer Nature,2025,2025-12-29,Correction to: Segmentation and feature extraction-based classification of pavement damages using hybrid computer vision and machine learning approaches,Lizette Tello-Cifuentes; Johannio Marulanda; P.F. Thomson,115,1,10.1007/s10994-025-06958-z,https://doi.org/10.1007/s10994-025-06958-z,erratum,Machine Learning,https://openalex.org/W7117474507
Machine Learning,Springer Nature,2025,2025-12-29,VE-cGAN: Improved Generalization Analysis of Conditional Generative Adversarial Networks Using Vicinal Estimation,Ki Joung Jang; Ganguk Hwang,115,1,10.1007/s10994-025-06953-4,https://doi.org/10.1007/s10994-025-06953-4,article,Machine Learning,https://openalex.org/W7117471134
Machine Learning,Springer Nature,2025,2025-12-30,Comprehensive Analysis of BLEU Score Calculation for Image Captioning Evaluation,Supriya Kurlekar; M. R. Dixit,,,10.5281/zenodo.18172074,https://doi.org/10.5281/zenodo.18172074,article,Machine Learning,https://openalex.org/W7118581741
Machine Learning,Springer Nature,2025,2025-12-30,Comprehensive Analysis of BLEU Score Calculation for Image Captioning Evaluation,Supriya Kurlekar; M. R. Dixit,,,10.5281/zenodo.18172073,https://doi.org/10.5281/zenodo.18172073,article,Machine Learning,https://openalex.org/W7119126504
Machine Learning,Springer Nature,2025,2025-12-30,Feature based wound healing prediction through Machine Learning approach,Harish B.G; Basavanna M,,,10.5281/zenodo.18336537,https://doi.org/10.5281/zenodo.18336537,article,Machine Learning,https://openalex.org/W7125390313
Machine Learning,Springer Nature,2025,2025-12-30,Feature based wound healing prediction through Machine Learning approach,Harish B.G; Basavanna M,,,10.5281/zenodo.18336536,https://doi.org/10.5281/zenodo.18336536,article,Machine Learning,https://openalex.org/W7125421272
Machine Learning,Springer Nature,2025,2025-12-31,Artificial Intelligence and Digital Twins in Building Design and Performance Management,Roza Saber Maarof; Karzan Abdulla Shafeah,,,10.5281/zenodo.18796929,https://doi.org/10.5281/zenodo.18796929,article,Machine Learning,https://openalex.org/W7131825583
Machine Learning,Springer Nature,2025,2025-12-31,Artificial Intelligence and Digital Twins in Building Design and Performance Management,Roza Saber Maarof; Karzan Abdulla Shafeah,,,10.5281/zenodo.18796930,https://doi.org/10.5281/zenodo.18796930,article,Machine Learning,https://openalex.org/W7131897216
Machine Learning,Springer Nature,2025,2025-12-31,Artificial Intelligence-based Omni Channel Retailing - Customer Experience in the Digital Age,Ridhika Chatterjee; Dr. Manoj Mehrotra; Shubhendra Singh Parihar; Mr. Reshabh Dev,,,10.5281/zenodo.19123827,https://doi.org/10.5281/zenodo.19123827,article,Machine Learning,https://openalex.org/W7139921991
Machine Learning,Springer Nature,2025,2025-12-31,Artificial Intelligence-based Omni Channel Retailing - Customer Experience in the Digital Age,Ridhika Chatterjee; Dr. Manoj Mehrotra; Shubhendra Singh Parihar; Mr. Reshabh Dev,,,10.5281/zenodo.19123826,https://doi.org/10.5281/zenodo.19123826,article,Machine Learning,https://openalex.org/W7139945266
Machine Learning,Springer Nature,2026,2026-01-01,FDGReID: Federated Domain Generalization for Person Re-identification,Ke Niu; Haiyang Yu; Teng Fu; Mengyang Zhao; Bin Li; Xuelin Qian; Xiangyang Xue,115,1,10.1007/s10994-025-06974-z,https://doi.org/10.1007/s10994-025-06974-z,article,Machine Learning,https://openalex.org/W7123347046
Machine Learning,Springer Nature,2026,2026-01-01,Filtering Instances and Rejecting Predictions to Obtain Reliable Models in Healthcare,Maria Gabriela Valeriano; David Kohan Marzagão; Alfredo Montelongo; Carlos Roberto Veiga Kiffer; Natan Katz; Ana Carolina Lorena,115,1,10.1007/s10994-025-06941-8,https://doi.org/10.1007/s10994-025-06941-8,article,Machine Learning,https://openalex.org/W7119125718
Machine Learning,Springer Nature,2026,2026-01-01,Learning Fair Policies in Multi-objective Preference-Based Reinforcement Learning,Umer Siddique; Abhinav Sinha; Yongcan Cao,115,1,10.1007/s10994-025-06959-y,https://doi.org/10.1007/s10994-025-06959-y,article,Machine Learning,https://openalex.org/W7123339682
Machine Learning,Springer Nature,2026,2026-01-01,Low-Light Scene Text Image Enhancement in the Wild,Haiyang Yu; Wei Lu; Yinglian Zhu; Ke Niu; Xiangyang Xue; Bin Li,115,1,10.1007/s10994-025-06981-0,https://doi.org/10.1007/s10994-025-06981-0,article,Machine Learning,https://openalex.org/W7123347839
Machine Learning,Springer Nature,2026,2026-01-01,MORE-PLR: multi-output regression employed for partial label ranking,Santo M. A. R. Thies; Juan Carlos Alfaro; Viktor Bengs,115,1,10.1007/s10994-025-06913-y,https://doi.org/10.1007/s10994-025-06913-y,article,Machine Learning,https://openalex.org/W7119540135
Machine Learning,Springer Nature,2026,2026-01-01,Mechanistic Interpretability of ReLU Neural Networks Through Piecewise-Affine Mapping,Arnab Barua; Mobyen Uddin Ahmed; Shahina Begum,115,1,10.1007/s10994-025-06957-0,https://doi.org/10.1007/s10994-025-06957-0,article,Machine Learning,https://openalex.org/W7119528082
Machine Learning,Springer Nature,2026,2026-01-01,Science-Gym: a simple testbed for AI-driven scientific discovery,Mattia Cerrato; Lennart Baur; Jannis Brugger; Sajjad Shumaly; Nicholas Schmitt; Edward Finkelstein; Selina Jukic; Lars Münzel; Felix Peter Paul; Pascal Pfannes; Benedikt Rohr; Julius Schellenberg; Philipp Wolf; Stefan Kramer,115,1,10.1007/s10994-025-06914-x,https://doi.org/10.1007/s10994-025-06914-x,article,Machine Learning,https://openalex.org/W7119102778
Machine Learning,Springer Nature,2026,2026-01-01,The urban impact of AI: modelling feedback loops in location-based recommender systems,Giovanni Mauro; Marco Minici; Luca Pappalardo,115,1,10.1007/s10994-025-06904-z,https://doi.org/10.1007/s10994-025-06904-z,article,Machine Learning,https://openalex.org/W7119529442
Machine Learning,Springer Nature,2026,2026-01-01,When Redundancy Matters: Machine Teaching of Representations,C sar Ferri; Darío Garigliotti; Jose Hernandez-Orallo; Brigt Håvardstun; Jan Arne Telle,115,1,10.1007/s10994-025-06954-3,https://doi.org/10.1007/s10994-025-06954-3,article,Machine Learning,https://openalex.org/W7119502164
Machine Learning,Springer Nature,2026,2026-01-07,Neural Inference of Political Bias in Hashtag and Entity Usage Across Platforms,K. Venkataramana; N. Kumaran; Sitharamulu V,,,10.5281/zenodo.19044583,https://doi.org/10.5281/zenodo.19044583,article,Machine Learning,https://openalex.org/W7136264280
Machine Learning,Springer Nature,2026,2026-01-07,Neural Inference of Political Bias in Hashtag and Entity Usage Across Platforms,K. Venkataramana; N. Kumaran; Sitharamulu V,,,10.5281/zenodo.19044584,https://doi.org/10.5281/zenodo.19044584,article,Machine Learning,https://openalex.org/W7136305232
Machine Learning,Springer Nature,2026,2026-01-20,Federated SHAP: Privacy-Preserving and Consistent Post-hoc Explainability in Federated Learning,Pietro Ducange; Francesco Marcelloni; Giustino Claudio Miglionico; Alessandro Renda; F. Ruffini,115,2,10.1007/s10994-025-06956-1,https://doi.org/10.1007/s10994-025-06956-1,article,Machine Learning,https://openalex.org/W7124977666
Machine Learning,Springer Nature,2026,2026-01-22,A Robust Approach for Image Clustering with Outliers via Tensor Low-Rank Representation,Tong Wu,115,2,10.1007/s10994-025-06951-6,https://doi.org/10.1007/s10994-025-06951-6,article,Machine Learning,https://openalex.org/W7125699647
Machine Learning,Springer Nature,2026,2026-01-22,Bias‐Variance Trade‐Off,Steven W. Knox,,,10.1002/9781394325313.ch05,https://doi.org/10.1002/9781394325313.ch05,other,Machine Learning,https://openalex.org/W7128524270
Machine Learning,Springer Nature,2026,2026-01-22,Bibliography,Steven W. Knox,,,10.1002/9781394325313.biblio,https://doi.org/10.1002/9781394325313.biblio,paratext,Machine Learning,https://openalex.org/W7128545986
Machine Learning,Springer Nature,2026,2026-01-22,Classification,Steven W. Knox,,,10.1002/9781394325313.ch04,https://doi.org/10.1002/9781394325313.ch04,other,Machine Learning,https://openalex.org/W7128516408
Machine Learning,Springer Nature,2026,2026-01-22,Clustering,Steven W. Knox,,,10.1002/9781394325313.ch09,https://doi.org/10.1002/9781394325313.ch09,other,Machine Learning,https://openalex.org/W7128506333
Machine Learning,Springer Nature,2026,2026-01-22,Combining Classifiers,Steven W. Knox,,,10.1002/9781394325313.ch06,https://doi.org/10.1002/9781394325313.ch06,other,Machine Learning,https://openalex.org/W7128542778
Machine Learning,Springer Nature,2026,2026-01-22,Communication with Clients,Steven W. Knox,,,10.1002/9781394325313.ch12,https://doi.org/10.1002/9781394325313.ch12,other,Machine Learning,https://openalex.org/W7128526678
Machine Learning,Springer Nature,2026,2026-01-22,Consistency,Steven W. Knox,,,10.1002/9781394325313.ch08,https://doi.org/10.1002/9781394325313.ch08,other,Machine Learning,https://openalex.org/W7128468988
Machine Learning,Springer Nature,2026,2026-01-22,Converting Between Normal Parameters and Level‐Curve Ellipsoids,Steven W. Knox,,,10.1002/9781394325313.app03,https://doi.org/10.1002/9781394325313.app03,other,Machine Learning,https://openalex.org/W7128467759
Machine Learning,Springer Nature,2026,2026-01-22,Current Challenges in Machine Learning,Steven W. Knox,,,10.1002/9781394325313.ch13,https://doi.org/10.1002/9781394325313.ch13,other,Machine Learning,https://openalex.org/W7128533849
Machine Learning,Springer Nature,2026,2026-01-22,High‐Dimensional Data,Steven W. Knox,,,10.1002/9781394325313.ch11,https://doi.org/10.1002/9781394325313.ch11,other,Machine Learning,https://openalex.org/W7128546757
Machine Learning,Springer Nature,2026,2026-01-22,Index,Steven W. Knox,,,10.1002/9781394325313.index,https://doi.org/10.1002/9781394325313.index,paratext,Machine Learning,https://openalex.org/W7128491906
Machine Learning,Springer Nature,2026,2026-01-22,Introduction – Examples from Real Life,Steven W. Knox,,,10.1002/9781394325313.ch01,https://doi.org/10.1002/9781394325313.ch01,other,Machine Learning,https://openalex.org/W7128540773
Machine Learning,Springer Nature,2026,2026-01-22,List of Symbols,Steven W. Knox,,,10.1002/9781394325313.app01,https://doi.org/10.1002/9781394325313.app01,paratext,Machine Learning,https://openalex.org/W7128527429
Machine Learning,Springer Nature,2026,2026-01-22,Machine Learning,Steven W. Knox,,,10.1002/9781394325313.fmatter,https://doi.org/10.1002/9781394325313.fmatter,other,Machine Learning,https://openalex.org/W7128518068
Machine Learning,Springer Nature,2026,2026-01-22,Machine Learning to Identify a New Digital Biomarker to Monitor Everyday Upper Limb Use in Children with Unilateral Cerebral Palsy,Silvia Filogna; Giuseppe Prencipe; Alina Sîrbu; Elena Beani; Davide Marchi; Giordano Scerra; Giuseppina Sgandurra,115,2,10.1007/s10994-025-06950-7,https://doi.org/10.1007/s10994-025-06950-7,article,Machine Learning,https://openalex.org/W7125645357
Machine Learning,Springer Nature,2026,2026-01-22,Optimization,Steven W. Knox,,,10.1002/9781394325313.ch10,https://doi.org/10.1002/9781394325313.ch10,other,Machine Learning,https://openalex.org/W7128505578
Machine Learning,Springer Nature,2026,2026-01-22,R and Python Source Code,Steven W. Knox,,,10.1002/9781394325313.ch14,https://doi.org/10.1002/9781394325313.ch14,other,Machine Learning,https://openalex.org/W7128549773
Machine Learning,Springer Nature,2026,2026-01-22,Regression,Steven W. Knox,,,10.1002/9781394325313.ch03,https://doi.org/10.1002/9781394325313.ch03,other,Machine Learning,https://openalex.org/W7128499413
Machine Learning,Springer Nature,2026,2026-01-22,Risk Estimation and Model Selection,Steven W. Knox,,,10.1002/9781394325313.ch07,https://doi.org/10.1002/9781394325313.ch07,other,Machine Learning,https://openalex.org/W7128534148
Machine Learning,Springer Nature,2026,2026-01-22,Solutions to Selected Exercises,Steven W. Knox,,,10.1002/9781394325313.app06,https://doi.org/10.1002/9781394325313.app06,other,Machine Learning,https://openalex.org/W7128472166
Machine Learning,Springer Nature,2026,2026-01-22,The Condition Number of a Matrix with Respect to a Norm,Steven W. Knox,,,10.1002/9781394325313.app02,https://doi.org/10.1002/9781394325313.app02,other,Machine Learning,https://openalex.org/W7128552631
Machine Learning,Springer Nature,2026,2026-01-22,The Geometry of Linear Functions and Linear Classifiers,Steven W. Knox,,,10.1002/9781394325313.app04,https://doi.org/10.1002/9781394325313.app04,other,Machine Learning,https://openalex.org/W7128530131
Machine Learning,Springer Nature,2026,2026-01-22,The Problem of Learning,Steven W. Knox,,,10.1002/9781394325313.ch02,https://doi.org/10.1002/9781394325313.ch02,other,Machine Learning,https://openalex.org/W7128491405
Machine Learning,Springer Nature,2026,2026-01-22,Training Data and Fitted Parameters,Steven W. Knox,,,10.1002/9781394325313.app05,https://doi.org/10.1002/9781394325313.app05,other,Machine Learning,https://openalex.org/W7128542228
Machine Learning,Springer Nature,2026,2026-01-23,Generating Efficiently Realistic Counterfactual Explanations,Victor Guyomard; Françoise Fessant; Tassadit Bouadi; Thomas Guyet,115,2,10.1007/s10994-025-06947-2,https://doi.org/10.1007/s10994-025-06947-2,article,Machine Learning,https://openalex.org/W7125489942
Machine Learning,Springer Nature,2026,2026-01-23,Obstructive Sleep Apnea Prediction: A Comprehensive Review and Comparative Study,Huynh Thi Khanh Chi; Amonae Dabbs‐Brown; Anna Jurek; James Mulhall; Tuan Dung Pham; Ngoc Phu Doan; Viet Hung Tran; Zichi Zhang; Xuan Hoang Nguyen; Yimeng An; Peixin Li; Phi Hung Nguyen; Thi Linh Hoang; Xinming Shi; Hans Vandierendonck; Sébastien Bailly; Jean‐Louis Pépin; Thai Son,115,2,10.1007/s10994-025-06937-4,https://doi.org/10.1007/s10994-025-06937-4,article,Machine Learning,https://openalex.org/W7125497118
Machine Learning,Springer Nature,2026,2026-01-23,Weakly Supervised Classification with Pre-Trained Models: A Robust Fine-Tuning Approach,Ming Li; Wei Wang; Shaojun Ma,115,2,10.1007/s10994-025-06966-z,https://doi.org/10.1007/s10994-025-06966-z,article,Machine Learning,https://openalex.org/W7125610441
Machine Learning,Springer Nature,2026,2026-01-27,Geometric-k-means: a bound free approach to fast and eco-friendly k-means,Parichit Sharma; Marcin Malec; Hasan Kurban; Oğuzhan Külekci; Mehmet Dalkilic,115,2,10.1007/s10994-025-06891-1,https://doi.org/10.1007/s10994-025-06891-1,article,Machine Learning,https://openalex.org/W7125872416
Machine Learning,Springer Nature,2026,2026-01-29,Enhanced Hybrid Meta-Learning Mode (EHMLM): A Quantum-Inspired Architecture for Advanced Sentiment Analysis with Adaptive Ensemble Classification,Lateshwari; Sushil Kumar Bansal,,,10.5281/zenodo.18453543,https://doi.org/10.5281/zenodo.18453543,article,Machine Learning,https://openalex.org/W7127072365
Machine Learning,Springer Nature,2026,2026-01-29,Enhanced Hybrid Meta-Learning Mode (EHMLM): A Quantum-Inspired Architecture for Advanced Sentiment Analysis with Adaptive Ensemble Classification,Lateshwari; Sushil Kumar Bansal,,,10.5281/zenodo.18453544,https://doi.org/10.5281/zenodo.18453544,article,Machine Learning,https://openalex.org/W7127132191
Machine Learning,Springer Nature,2026,2026-01-30,AI-Driven Intrusion Detection Leveraging Deep Learning for Enhanced Cybersecurity,Dr. Mohammed Zabeeulla A; Dr. Anupam,,,10.5281/zenodo.18492000,https://doi.org/10.5281/zenodo.18492000,article,Machine Learning,https://openalex.org/W7127981671
Machine Learning,Springer Nature,2026,2026-01-30,AI-Driven Intrusion Detection Leveraging Deep Learning for Enhanced Cybersecurity,Dr. Mohammed Zabeeulla A; Dr. Anupam,,,10.5281/zenodo.18491999,https://doi.org/10.5281/zenodo.18491999,article,Machine Learning,https://openalex.org/W7127982969
Machine Learning,Springer Nature,2026,2026-02-01,Attention-Enhanced Cross-Modality Alignment for Adapting Vision-Language Models,Shaoying Xue; Xiaochen Yang; Xiaoxu Li; Jie Cao; Zhanyu Ma,115,2,10.1007/s10994-025-06952-5,https://doi.org/10.1007/s10994-025-06952-5,article,Machine Learning,https://openalex.org/W7128511396
Machine Learning,Springer Nature,2026,2026-02-01,PC-MoE: memory-efficient and privacy-preserving collaborative training for Mixture-of-Experts LLMs,Zeyu Zhang; Bolin Ding; Bryan Kian Hsiang Low,115,2,10.1007/s10994-025-06901-2,https://doi.org/10.1007/s10994-025-06901-2,article,Machine Learning,https://openalex.org/W7127634686
Machine Learning,Springer Nature,2026,2026-02-01,"Select First, Transfer Later: Choosing a Proper Dataset for SRL and GNN Based Transfer Learning",Thais Luca; Aline Paes; Gerson Zaverucha,115,2,10.1007/s10994-025-06940-9,https://doi.org/10.1007/s10994-025-06940-9,book-chapter,Machine Learning,https://openalex.org/W7127650557
Machine Learning,Springer Nature,2026,2026-02-07,Influence of Elevated CO₂ on Yield Attributes and Productivity of Mungbean (Vigna radiata L.),Dr. Amita Sharma; Shashi S. Yadav; Lakhan Singh Mohaniya; Mr. Deepak Tomar; Dr. S.K. Trivedi,,,10.5281/zenodo.18638181,https://doi.org/10.5281/zenodo.18638181,article,Machine Learning,https://openalex.org/W7128905644
Machine Learning,Springer Nature,2026,2026-02-07,Influence of Elevated CO₂ on Yield Attributes and Productivity of Mungbean (Vigna radiata L.),Dr. Amita Sharma; Shashi S. Yadav; Lakhan Singh Mohaniya; Mr. Deepak Tomar; Dr. S.K. Trivedi,,,10.5281/zenodo.18638180,https://doi.org/10.5281/zenodo.18638180,article,Machine Learning,https://openalex.org/W7128929455
Machine Learning,Springer Nature,2026,2026-02-09,How Robust are Large Language Models Against Word-Level Spurious Correlations? A Causal Discovery Approach,Xin Miao; Yongqi Li; Hankun Kang; Mayi Xu; Jintao Wen; Yuyang Ren; Tieyun Qian,115,3,10.1007/s10994-026-07011-3,https://doi.org/10.1007/s10994-026-07011-3,article,Machine Learning,https://openalex.org/W7134067367
Machine Learning,Springer Nature,2026,2026-02-17,Linear Causal Discovery with Interventional Constraints,Zhigao Guo; Feng Dong,115,3,10.1007/s10994-026-06998-z,https://doi.org/10.1007/s10994-026-06998-z,article,Machine Learning,https://openalex.org/W7129421118
Machine Learning,Springer Nature,2026,2026-02-17,Location and Scale-Invariant Power Transformations for Transforming Data to Normality,Alex Zwanenburg; Steffen Löck,115,3,10.1007/s10994-026-06994-3,https://doi.org/10.1007/s10994-026-06994-3,article,Machine Learning,https://openalex.org/W7129669759
Machine Learning,Springer Nature,2026,2026-02-18,An Interpretable Model for Multi-target Predictions with Ordinal Outputs,Arthur Batel; Marc Plantevit; Idir Benouaret; Céline Robardet,115,4,10.1007/s10994-026-07021-1,https://doi.org/10.1007/s10994-026-07021-1,article,Machine Learning,https://openalex.org/W7147629347
Machine Learning,Springer Nature,2026,2026-02-19,Correction to: When Interpretability Meets Noise: An LLM-Assisted Hybrid Deep Logical Rule Learning Framework,Yulin Chen; Bo Yuan; Chen Chen; Zhaoqun Li; Beishui Liao,115,3,10.1007/s10994-026-07002-4,https://doi.org/10.1007/s10994-026-07002-4,erratum,Machine Learning,https://openalex.org/W7130533673
Machine Learning,Springer Nature,2026,2026-02-19,"The Impact of COVID-19 on Twitter Ego Networks: Structure, Sentiment, and Topics",Kamer Cekini; Elisabetta Biondi; Chiara Boldrini; Andrea Passarella; Marco Conti,115,3,10.1007/s10994-026-07007-z,https://doi.org/10.1007/s10994-026-07007-z,article,Machine Learning,https://openalex.org/W7130541869
Machine Learning,Springer Nature,2026,2026-02-23,"Correction to: Select First, Transfer Later: Choosing a Proper Dataset for SRL and GNN Based Transfer Learning",Thais Luca; Aline Paes; Gerson Zaverucha,115,3,10.1007/s10994-026-07017-x,https://doi.org/10.1007/s10994-026-07017-x,erratum,Machine Learning,https://openalex.org/W7131109843
Machine Learning,Springer Nature,2026,2026-02-24,Automated Machine Learning for Unsupervised Tabular Tasks,P. M. Singh; Pieter Gijsbers; Elif Ceren Gok Yildirim; Murat Onur Yildirim; Joaquin Vanschoren,115,3,10.1007/s10994-025-06984-x,https://doi.org/10.1007/s10994-025-06984-x,article,Machine Learning,https://openalex.org/W7131278152
Machine Learning,Springer Nature,2026,2026-02-24,Dual-granularity Sinkhorn Distillation for Enhanced Learning from Long-Tailed Noisy Data,Feng Hong; Y. Huang; Zihua Zhao; Zhihan Zhou; Jiangchao Yao; Dongsheng Li; Yan Zhang; Yanfeng Wang,115,3,10.1007/s10994-025-06987-8,https://doi.org/10.1007/s10994-025-06987-8,article,Machine Learning,https://openalex.org/W7131228750
Machine Learning,Springer Nature,2026,2026-02-24,Net-Zero Energy Buildings (NZEB): Integrated Design and Performance Optimization,Karzan Abdulla Shafeah; Roza Saber Maarof,,,10.5281/zenodo.18797023,https://doi.org/10.5281/zenodo.18797023,article,Machine Learning,https://openalex.org/W7131816865
Machine Learning,Springer Nature,2026,2026-02-24,Net-Zero Energy Buildings (NZEB): Integrated Design and Performance Optimization,Karzan Abdulla Shafeah; Roza Saber Maarof,,,10.5281/zenodo.18797022,https://doi.org/10.5281/zenodo.18797022,article,Machine Learning,https://openalex.org/W7131829832
Machine Learning,Springer Nature,2026,2026-02-24,ReCUR: Bipartite Graph Contrastive Unlearning with Influence Estimation for Privacy-Preserved Recommendation,Tzu-Hsuan Yang; Cheng-Te Li,115,3,10.1007/s10994-025-06979-8,https://doi.org/10.1007/s10994-025-06979-8,article,Machine Learning,https://openalex.org/W7131316422
Machine Learning,Springer Nature,2026,2026-02-26,Apprenticeship Learning with Prior Beliefs Using Inverse Optimization,Mauricio Junca; Esteban Leiva,115,3,10.1007/s10994-026-07019-9,https://doi.org/10.1007/s10994-026-07019-9,article,Machine Learning,https://openalex.org/W7131645258
Machine Learning,Springer Nature,2026,2026-02-26,Performative Prediction in the Wild: Adapting to Arbitrary Data Distribution Maps,Guangzheng Zhong; Ying Liu; Ruichen Liu; Jiming Liu,115,3,10.1007/s10994-025-06980-1,https://doi.org/10.1007/s10994-025-06980-1,article,Machine Learning,https://openalex.org/W7131665713
Machine Learning,Springer Nature,2026,2026-02-26,RhoMARL: Robust Learning for Heterogeneous Multi-agent Systems in Dynamic Environments,Zaipeng Xie; Wenhao Fang; C Y Qiao; Yiming Zhao; Wenli Song,115,3,10.1007/s10994-025-06972-1,https://doi.org/10.1007/s10994-025-06972-1,article,Machine Learning,https://openalex.org/W7131653254
Machine Learning,Springer Nature,2026,2026-02-27,Generalized Probabilistic Attention Mechanism in Transformers,DongNyeong Heo; Heeyoul Choi,115,3,10.1007/s10994-025-06983-y,https://doi.org/10.1007/s10994-025-06983-y,article,Machine Learning,https://openalex.org/W7131795609
Machine Learning,Springer Nature,2026,2026-02-28,A Deep Dive into Feature Engineering and Class Imbalance in Customer Purchase Prediction: A Systematic Literature Review,Saucha Diwandari; Adhistya Erna Permansari; Indriana Hidayah,115,3,10.1007/s10994-025-06991-y,https://doi.org/10.1007/s10994-025-06991-y,review,Machine Learning,https://openalex.org/W7132831471
Machine Learning,Springer Nature,2026,2026-03-01,A Task Allocation Algorithm in Mobile Crowdsensing Under Time Constraints,Qijia Wang; Bing Shi,115,3,10.1007/s10994-025-06986-9,https://doi.org/10.1007/s10994-025-06986-9,article,Machine Learning,https://openalex.org/W7133303725
Machine Learning,Springer Nature,2026,2026-03-01,AALF: Almost Always Linear Forecasting,Matthias Jakobs; Thomas Liebig,115,3,10.1007/s10994-026-07020-2,https://doi.org/10.1007/s10994-026-07020-2,article,Machine Learning,https://openalex.org/W7134044295
Machine Learning,Springer Nature,2026,2026-03-01,ABANet: An Atom-Bond Attention-Enhanced Neural Network for End-to-End Retrosynthesis,Qing-Xiao Wang; Lei Chen; Xue-Ling Zhang; Xiaoxin Li,115,3,10.1007/s10994-025-06975-y,https://doi.org/10.1007/s10994-025-06975-y,article,Machine Learning,https://openalex.org/W7134967354
Machine Learning,Springer Nature,2026,2026-03-01,Aleatoric and Epistemic Uncertainty Measures for Ordinal Classification Through Binary Reduction,Stefan Haas; Eyke Hüllermeier,115,3,10.1007/s10994-025-06960-5,https://doi.org/10.1007/s10994-025-06960-5,article,Machine Learning,https://openalex.org/W7134050469
Machine Learning,Springer Nature,2026,2026-03-01,Break a Lag: Triple Exponential Moving Average for Enhanced Optimization,Roi Peleg; Yair Smadar; Teddy Lazebnik; Assaf Hoogi,115,3,10.1007/s10994-025-06992-x,https://doi.org/10.1007/s10994-025-06992-x,article,Machine Learning,https://openalex.org/W7134038993
Machine Learning,Springer Nature,2026,2026-03-01,Collaborative Multivariate Time Series Forecasting via Variable-Tailored Inter-temporal Graph and Adaptive-Smooth Frequency Fusion,Jierui Lei; Peng Peng; H.G. Tang; Xi Zhang; F Y Chen; Wenjian Zhang,115,3,10.1007/s10994-025-06963-2,https://doi.org/10.1007/s10994-025-06963-2,article,Machine Learning,https://openalex.org/W7133324131
Machine Learning,Springer Nature,2026,2026-03-01,FedBNR: A Fully Global Federated Gaussian Process,Haolin Yu; Kaiyang Guo; Mahdi Karami; Guojun Zhang; Hongliang Li; Xi Chen; Pascal Poupart,115,3,10.1007/s10994-025-06936-5,https://doi.org/10.1007/s10994-025-06936-5,article,Machine Learning,https://openalex.org/W7135382218
Machine Learning,Springer Nature,2026,2026-03-01,FuDoBa: Fusing Document and Knowledge Graph Based Representations with Bayesian Optimisation,Boshko Koloski; Senja Pollak; Roberto Navigli; Blaž Škrlj,115,3,10.1007/s10994-026-07008-y,https://doi.org/10.1007/s10994-026-07008-y,article,Machine Learning,https://openalex.org/W7134037105
Machine Learning,Springer Nature,2026,2026-03-01,GaPaTTA: Gaussian Entropy-Guided Prompt Placement for Test-Time Adaptation in Semantic Segmentation,Jixiang Lei; Franz Pernkopf,115,3,10.1007/s10994-025-06988-7,https://doi.org/10.1007/s10994-025-06988-7,article,Machine Learning,https://openalex.org/W7134266723
Machine Learning,Springer Nature,2026,2026-03-01,Impartial Games: A Challenge for Reinforcement Learning,Bei Zhou; Soren Riis,115,3,10.1007/s10994-026-06996-1,https://doi.org/10.1007/s10994-026-06996-1,article,Machine Learning,https://openalex.org/W7134055742
Machine Learning,Springer Nature,2026,2026-03-01,LADA: Label Disambiguation and Domain-Aware Learning for Domain Generalization,Z. J. Xiao; Hao Wang; Yali Ye; Wentao Ye; Hao Chen; Gang Chen; Junbo Zhao; Rex Ying,115,3,10.1007/s10994-025-06977-w,https://doi.org/10.1007/s10994-025-06977-w,article,Machine Learning,https://openalex.org/W7133356105
Machine Learning,Springer Nature,2026,2026-03-01,"On Convex Clustering: Convexity, Bounding Balls and Characteristics",Canh Hao Nguyen; Hiroshi Mamitsuka,115,3,10.1007/s10994-026-07013-1,https://doi.org/10.1007/s10994-026-07013-1,article,Machine Learning,https://openalex.org/W7133337445
Machine Learning,Springer Nature,2026,2026-03-01,Online Neural Networks for Change-Point Detection,Mikhail Hushchyn; Kenenbek Arzymatov; Denis Derkach,115,3,10.1007/s10994-026-07000-6,https://doi.org/10.1007/s10994-026-07000-6,article,Machine Learning,https://openalex.org/W7134073047
Machine Learning,Springer Nature,2026,2026-03-01,Optimal Control of Fluid Restless Multi-armed Bandits: A Machine Learning Approach,Dimitris Bertsimas; Cheol Woo Kim; José Niño-Mora,115,3,10.1007/s10994-026-07022-0,https://doi.org/10.1007/s10994-026-07022-0,article,Machine Learning,https://openalex.org/W7134918660
Machine Learning,Springer Nature,2026,2026-03-01,Ordinal Classification with Label-Dependent Loss,Rosario Delgado,115,3,10.1007/s10994-026-07023-z,https://doi.org/10.1007/s10994-026-07023-z,article,Machine Learning,https://openalex.org/W7134039339
Machine Learning,Springer Nature,2026,2026-03-01,Performance Estimation in Binary Classification Using Calibrated Confidence,Juhani Kivimäki; Jakub Białek; Wojtek Kuberski; Jukka K. Nurminen,115,3,10.1007/s10994-025-06970-3,https://doi.org/10.1007/s10994-025-06970-3,article,Machine Learning,https://openalex.org/W7134236902
Machine Learning,Springer Nature,2026,2026-03-01,Physics-Guided Encoder-Decoder Transformers for Path Planning of Autonomous Marine Vehicles: Development and Idealized Applications,Rohit Chowdhury; Deepak N. Subramani,115,3,10.1007/s10994-025-06962-3,https://doi.org/10.1007/s10994-025-06962-3,article,Machine Learning,https://openalex.org/W7133309521
Machine Learning,Springer Nature,2026,2026-03-01,Positional Relation Contextual Mixing for Imbalanced Classification,Yucheng Jiang; Jiateng Li; Yuan Tian; Jiangchao Yao; Yu Xin; Wei Ye; Xiaofeng Cao,115,3,10.1007/s10994-026-07004-2,https://doi.org/10.1007/s10994-026-07004-2,article,Machine Learning,https://openalex.org/W7134076191
Machine Learning,Springer Nature,2026,2026-03-01,Randomized Approach to Matrix Completion: Applications in Recommendation Systems and Image Inpainting,Antonina Krajewska; Ewa Niewiadomska‐Szynkiewicz,115,3,10.1007/s10994-026-06995-2,https://doi.org/10.1007/s10994-026-06995-2,article,Machine Learning,https://openalex.org/W7134069002
Machine Learning,Springer Nature,2026,2026-03-01,S2TE: Staged Scale-Free Topology Evolution for Sparse Spiking Neural Networks,Zaipeng Xie; Wei Zhu; Peixin Li; Haotian Ding; Wenli Song,115,3,10.1007/s10994-025-06982-z,https://doi.org/10.1007/s10994-025-06982-z,article,Machine Learning,https://openalex.org/W7133340388
Machine Learning,Springer Nature,2026,2026-03-01,TRAIL: Trajectory-Based Representation and Integration for Limiting Over-Smoothing,Seung Hyun Ham; Jay Hoon Jung,115,3,10.1007/s10994-026-07015-z,https://doi.org/10.1007/s10994-026-07015-z,article,Machine Learning,https://openalex.org/W7134070359
Machine Learning,Springer Nature,2026,2026-03-01,Using Synthetic Data to Estimate the True Error is Theoretically and Practically Doable,Hoi Nguyen Thanh; Duy-Tung Nguyen; Hung The Tran; Khoat  Quang Than,115,3,10.1007/s10994-025-06971-2,https://doi.org/10.1007/s10994-025-06971-2,article,Machine Learning,https://openalex.org/W7134265814
Machine Learning,Springer Nature,2026,2026-03-01,VADA-NF: Improved Data-Driven Simulation of Nanopore Sequencing,Simon Koop; Mohammad Mahdi Mehmanchi; Jonas Niederle; Marc Pagès-Gallego; Vlado Menkovski,115,3,10.1007/s10994-026-07001-5,https://doi.org/10.1007/s10994-026-07001-5,article,Machine Learning,https://openalex.org/W7134280459
Machine Learning,Springer Nature,2026,2026-03-01,W2S: Weak-to-Strong Prompt Correction for Large Language Models,Lu Gao; Xinyi Wang; Hao Chen; Ru Shu Peng; Qianzhe Zhang; Yiming Zhang; Wentao Ye; Hui Li; Haobo Wang; Junbo Zhao,115,3,10.1007/s10994-025-06969-w,https://doi.org/10.1007/s10994-025-06969-w,article,Machine Learning,https://openalex.org/W7133192192
Machine Learning,Springer Nature,2026,2026-03-01,“Let’s agree to disagree”: investigating the disagreement problem in explainable AI for text summarization,Seema Aswani; Sujala D. Shetty,115,3,10.1007/s10994-025-06918-7,https://doi.org/10.1007/s10994-025-06918-7,article,Machine Learning,https://openalex.org/W7134921741
Machine Learning,Springer Nature,2026,2026-03-10,GSM-Identity: Evaluating Mathematical Reasoning in LLMs via Equivalence Transformations,Kajal Negi; Giovanni Puccetti; Andrea Esuli,115,4,10.1007/s10994-026-07029-7,https://doi.org/10.1007/s10994-026-07029-7,article,Machine Learning,https://openalex.org/W7148671215
Machine Learning,Springer Nature,2026,2026-03-23,Aggregated Multi-output Gaussian Processes with Knowledge Transfer Across Domains,Yusuke Zn Tanaka; Toshiyuki Tanaka; Tomoharu Iwata; Takeshi Kurashima; Maya Okawa; Yasunori Akagi; Hiroyuki Toda,115,4,10.1007/s10994-025-06989-6,https://doi.org/10.1007/s10994-025-06989-6,article,Machine Learning,https://openalex.org/W7140112548
Machine Learning,Springer Nature,2026,2026-03-23,DGNet: Dynamic Graph Networks for Multivariate Time Series Prediction,Ying Zhang; H. F. Wang; Ya Cheng; Shaohao Tan; Xi Liu; Fanyu Wang; Jicen Tan,115,4,10.1007/s10994-026-07027-9,https://doi.org/10.1007/s10994-026-07027-9,article,Machine Learning,https://openalex.org/W7140132566
Machine Learning,Springer Nature,2026,2026-03-23,Vector Optimization with Gaussian Process Bandits,İlter Onat Korkmaz; Yaşar Cahit Yıldırım; Çağın Ararat; Cem Tekin,115,4,10.1007/s10994-026-07024-y,https://doi.org/10.1007/s10994-026-07024-y,article,Machine Learning,https://openalex.org/W7140083128
Machine Learning,Springer Nature,2026,2026-03-31,Bias Mitigation in Large Language Models for Tabular Data Classification,Haohui Lu; Zhiqi Shao; Junbin Gao; Shahadat Uddin,115,4,10.1007/s10994-026-07030-0,https://doi.org/10.1007/s10994-026-07030-0,article,Machine Learning,https://openalex.org/W7144018920
Machine Learning,Springer Nature,2026,2026-03-31,Combating Noisy Labels in Object Detection Datasets,Krystian Chachuła; Bartłomiej Olber; Jakub Łyskawa; Adam Popowicz; Krystian Radlak,115,4,10.1007/s10994-025-06976-x,https://doi.org/10.1007/s10994-025-06976-x,article,Machine Learning,https://openalex.org/W7147700698
Machine Learning,Springer Nature,2026,2026-03-31,Confidence Controls Deep Metric Learning,Jinhee Park; Hee Bin Yoo; Byoung-Tak Zhang; Junseok Kwon,115,4,10.1007/s10994-026-07032-y,https://doi.org/10.1007/s10994-026-07032-y,article,Machine Learning,https://openalex.org/W7147027569
Machine Learning,Springer Nature,2026,2026-03-31,ConstellationNet: Reinventing Clustering Through GNNs,Aidan Gao; Junhong Lin,115,4,10.1007/s10994-026-07025-x,https://doi.org/10.1007/s10994-026-07025-x,article,Machine Learning,https://openalex.org/W7143668786
Machine Learning,Springer Nature,2026,2026-03-31,DeNAV: Decentralized Self-Supervised Learning with a Training Navigator,Xuanyu Chen; Nan Yang; Charles Z. Liu; Dong Yuan,115,4,10.1007/s10994-025-06965-0,https://doi.org/10.1007/s10994-025-06965-0,article,Machine Learning,https://openalex.org/W7143644058
Machine Learning,Springer Nature,2026,2026-03-31,Deep Clustering Using the Soft Silhouette Score: Towards Compact and Well-Separated Clusters,Georgios Vardakas; Ioannis D. Papakostas; Aristidis C. Likas,115,4,10.1007/s10994-026-07026-w,https://doi.org/10.1007/s10994-026-07026-w,article,Machine Learning,https://openalex.org/W7147131866
Machine Learning,Springer Nature,2026,2026-03-31,Your Next State-of-the-Art Could Come from Another Domain: A Cross-Domain Analysis of Hierarchical Text Classification,Nan Li; Bo Kang; Tijl De Bie,115,4,10.1007/s10994-025-06993-w,https://doi.org/10.1007/s10994-025-06993-w,article,Machine Learning,https://openalex.org/W7147505262
Machine Learning,Springer Nature,2026,2026-04-01,A Regularization Framework for Gender Bias Mitigation in Dense Neural Rankers,Shirin Seyedsalehi; Morteza Zihayat; Ebrahim Bagheri,115,4,10.1007/s10994-025-06964-1,https://doi.org/10.1007/s10994-025-06964-1,article,Machine Learning,https://openalex.org/W7152576327
Machine Learning,Springer Nature,2026,2026-04-01,A software architecture for verifiable and explainable classification,Raul Barbosa; Salvatore Rinzivillo; Jacques P. Robin; Andrea Beretta; Henrique Madeira,115,4,10.1007/s10994-026-07006-0,https://doi.org/10.1007/s10994-026-07006-0,article,Machine Learning,https://openalex.org/W7151306175
Machine Learning,Springer Nature,2026,2026-04-01,Adversarial Distribution Balancing for Counterfactual Reasoning,Stefan Schrod; Fabian H. Sinz; Michael Altenbuchinger,115,4,10.1007/s10994-026-07034-w,https://doi.org/10.1007/s10994-026-07034-w,article,Machine Learning,https://openalex.org/W4389156774
Machine Learning,Springer Nature,2026,2026-04-01,Auto-Clustering with Continuous Distribution Estimation on Centroids,Yuangang Pan; Yinghua Yao; Atsushi Nitanda; Joey Tianyi Zhou; Ivor Wai-Hung Tsang,115,4,10.1007/s10994-025-06973-0,https://doi.org/10.1007/s10994-025-06973-0,article,Machine Learning,https://openalex.org/W7148435622
Machine Learning,Springer Nature,2026,2026-04-01,Boosting Efficient Experience Exchange in Sparse-Reward Multi-Agent Reinforcement Learning,J J Zhang; Zaipeng Xie; Nuo Yang; Juguang Jin; Wenli Song,115,4,10.1007/s10994-025-06967-y,https://doi.org/10.1007/s10994-025-06967-y,article,Machine Learning,https://openalex.org/W7154481218
Machine Learning,Springer Nature,2026,2026-04-01,Class Incremental Learning and Auxiliary Unlabelled Data: The Importance of Neutral Examples,Igor Sieradzki; Łukasz Struski; Igor T. Podolak; Romuald Aleksander Janik,115,4,10.1007/s10994-026-07009-x,https://doi.org/10.1007/s10994-026-07009-x,book-chapter,Machine Learning,https://openalex.org/W7148250688
Machine Learning,Springer Nature,2026,2026-04-01,Empirical Gradient-Driven Continuous-Time SGD: Generalization Gap Dynamics and Practical Adaptive Training,Kai Cui; Wan Li,115,4,10.1007/s10994-026-07031-z,https://doi.org/10.1007/s10994-026-07031-z,article,Machine Learning,https://openalex.org/W7149004587
Machine Learning,Springer Nature,2026,2026-04-01,Evaluating line-level localization ability of learning-based code vulnerability detection models,Marco Pintore; Giorgio Piras; Angelo Sotgiu; Maura Pintor; Battista Biggio,115,4,10.1007/s10994-025-06902-1,https://doi.org/10.1007/s10994-025-06902-1,article,Machine Learning,https://openalex.org/W7152459569
Machine Learning,Springer Nature,2026,2026-04-01,Federated Learning on Riemannian Manifolds with Differential Privacy,Zhenwei Huang; Wen Huang; Pratik Jawanpuria; Bamdev Mishra,115,4,10.1007/s10994-026-07018-w,https://doi.org/10.1007/s10994-026-07018-w,article,Machine Learning,https://openalex.org/W7148540367
Machine Learning,Springer Nature,2026,2026-04-01,Integrating Multimodal Learning and Explainable AI for Enhanced and Interpretable Prostate Lesion Classification,Claudio Giovannoni; Carlo Metta; Andrea Berti; Sara Colantonio; Anna Monreale; Francesca Pratesi; Salvatore Rinzivillo,115,4,10.1007/s10994-026-07033-x,https://doi.org/10.1007/s10994-026-07033-x,article,Machine Learning,https://openalex.org/W7148764277
Machine Learning,Springer Nature,2026,2026-04-01,MultiScale Knowledge Distillation,Siyuan Liu; Zikang Yao; Jianwu Li,115,4,10.1007/s10994-026-07035-9,https://doi.org/10.1007/s10994-026-07035-9,article,Machine Learning,https://openalex.org/W7148930685
Machine Learning,Springer Nature,2026,2026-04-01,Smoothing the Edges: Smooth Optimization for Sparse Regularization Using Hadamard Overparametrization,Chris Kolb; Christian L. Müller; Bernd Bischl; David Rügamer,115,4,10.1007/s10994-026-06997-0,https://doi.org/10.1007/s10994-026-06997-0,article,Machine Learning,https://openalex.org/W7148240716
Machine Learning,Springer Nature,2026,2026-04-16,Expanding Domain Generalization Theory: Error Bound Beyond Convex Combination Assumption,Xi Wang; Liang Bai; Xian Yang; Jiye Liang,115,5,10.1007/s10994-026-07003-3,https://doi.org/10.1007/s10994-026-07003-3,article,Machine Learning,https://openalex.org/W7154583195
Machine Learning,Springer Nature,2026,2026-04-16,"If Concept Bottlenecks are the Question, are Foundation Models the Answer?",Nicola Debole; Pietro Barbiero; Francesco Giannini; Andrea Passerini; Stefano Teso; Emanuele Marconato,115,5,10.1007/s10994-026-06999-y,https://doi.org/10.1007/s10994-026-06999-y,book-chapter,Machine Learning,https://openalex.org/W4417167341
Machine Learning,Springer Nature,2026,2026-04-16,Moving average randomized tree,V. K. Giri; Rahul Goswami,115,5,10.1007/s10994-025-06978-9,https://doi.org/10.1007/s10994-025-06978-9,article,Machine Learning,https://openalex.org/W7154630811
Machine Learning,Springer Nature,2026,2026-04-20,Attribute Completion for Heterogeneous Graphs Based on Heterogeneous Relation Context Aware and Noisy Node Filtering,Ling Wu; Y F Tian; Huajie Xu; Weijun Chen; Kun Guo,115,5,10.1007/s10994-026-07047-5,https://doi.org/10.1007/s10994-026-07047-5,article,Machine Learning,https://openalex.org/W7154958384
Machine Learning,Springer Nature,2026,2026-04-20,Improvement of Diffusion Models Based on Radial Basis Function Neural Networks and Consistency Regularization,Jingsheng Zhao; Jiashang Zheng; Yuehua Chen; Huaijun Fu; Ruiqi Zhang,115,5,10.1007/s10994-026-07028-8,https://doi.org/10.1007/s10994-026-07028-8,article,Machine Learning,https://openalex.org/W7154988482
Machine Learning,Springer Nature,2026,2026-04-20,On the Communication Complexity of Decentralized Stochastic Bilevel Optimization,Yihan Zhang; My T. Thai; Jie Wu; Hongchang Gao,115,5,10.1007/s10994-026-07040-y,https://doi.org/10.1007/s10994-026-07040-y,article,Machine Learning,https://openalex.org/W7154991079
Machine Learning,Springer Nature,2026,2026-04-22,SCI-IDEA: Context-Aware Scientific Ideation Using Token and Sentence Embeddings,Farhana Keya; Gollam Rabby; Sören Auer; Sahar Vahdati; Prasenjit Mitra; Mohamad Yaser Jaradeh,115,5,10.1007/s10994-026-07036-8,https://doi.org/10.1007/s10994-026-07036-8,article,Machine Learning,https://openalex.org/W7155200753
Machine Learning,Springer Nature,2026,2026-04-29,An Objective Function for Order Preserving Hierarchical Clustering,Daniel Bakkelund,115,5,10.1007/s10994-026-07046-6,https://doi.org/10.1007/s10994-026-07046-6,article,Machine Learning,https://openalex.org/W3197958301
Machine Learning,Springer Nature,2026,2026-04-29,Automated Scientific Discovery: From Equation Discovery to Autonomous Discovery Systems,Stefan Krämer; Mattia Cerrato; Jannis Brugger; Sašo Džeroski; Ross D. King,115,5,10.1007/s10994-025-06955-2,https://doi.org/10.1007/s10994-025-06955-2,article,Machine Learning,https://openalex.org/W4368755578
Machine Learning,Springer Nature,2026,2026-04-29,DTSformer: A Dual-Branch Transformer with Multi-scale Decomposition for Long-Term Time Series Forecasting,Meijia Wang; Hua Wang; Fan Zhang,115,5,10.1007/s10994-025-06961-4,https://doi.org/10.1007/s10994-025-06961-4,article,Machine Learning,https://openalex.org/W7159959448
Machine Learning,Springer Nature,2026,2026-04-29,Faster Adaptive Momentum-Based Federated Methods for Distributed Composition Optimization,Feihu Huang; Xinrui Wang; Siqi Zhang; Soncan Chen,115,5,10.1007/s10994-025-06968-x,https://doi.org/10.1007/s10994-025-06968-x,article,Machine Learning,https://openalex.org/W4308244816
Machine Learning,Springer Nature,2026,2026-04-29,GNN-Based Spatio-Temporal Manifold Learning: An Application of Landslide Prediction,Yu Liu; Rongfan Li; Kunpeng Zhang; Siyuan Liu; Goce Trajcevski; Jin Wu; Fan Zhou,115,5,10.1007/s10994-025-06990-z,https://doi.org/10.1007/s10994-025-06990-z,article,Machine Learning,https://openalex.org/W7159962353
Machine Learning,Springer Nature,2026,2026-04-29,PrunePrivyTune: Accelerating Language Models with Pruning and Differentially Private Fine-Tuning,Sonakshi Garg; Vicenç Torra,115,5,10.1007/s10994-026-07016-y,https://doi.org/10.1007/s10994-026-07016-y,article,Machine Learning,https://openalex.org/W7159950817
Machine Learning,Springer Nature,2026,2026-04-30,FigBO: A Generalized Acquisition Function Framework with Look-Ahead Capability for Bayesian Optimization,Hui Chen; Xuhui Fan; Zhiyi Wu; Longbing Cao,115,5,10.1007/s10994-026-07039-5,https://doi.org/10.1007/s10994-026-07039-5,article,Machine Learning,https://openalex.org/W4417168589
Machine Learning,Springer Nature,2026,2026-05-01,Aggregating Distribution Forecasts from Deep Ensembles,Benedikt Schulz; Lutz Köhler; Sebastian Lerch,115,5,10.1007/s10994-025-06946-3,https://doi.org/10.1007/s10994-025-06946-3,article,Machine Learning,https://openalex.org/W4226061209
Machine Learning,Springer Nature,2026,2026-05-01,Automated Membership Inference via Prompt-Based Attacks in Generative Models,Daniela Gallo; Angelica Liguori; Ettore Ritacco; Luca Caviglione; Fabrizio Durante; Giuseppe Manco,115,5,10.1007/s10994-026-07010-4,https://doi.org/10.1007/s10994-026-07010-4,article,Machine Learning,https://openalex.org/W7161056394
Machine Learning,Springer Nature,2026,2026-05-01,Correction: Break a Lag: Triple Exponential Moving Average for Enhanced Optimization,Roi Peleg; Yair Smadar; Teddy Lazebnik; Assaf Hoogi,115,5,10.1007/s10994-026-07048-4,https://doi.org/10.1007/s10994-026-07048-4,erratum,Machine Learning,https://openalex.org/W7161229700
Machine Learning,Springer Nature,2026,2026-05-01,Counterfactual Explanation Bake-Off: A Review and Experimental Evaluation for Time Series Classification,Peiyu Li; Omar Bahri; Soukaina Filali Boubrahimi; Shah Muhammad Hamdi,115,5,10.1007/s10994-026-07056-4,https://doi.org/10.1007/s10994-026-07056-4,article,Machine Learning,https://openalex.org/W7160382214
Machine Learning,Springer Nature,2026,2026-05-01,Data-Driven Projection Generation for Efficiently Solving Heterogeneous Quadratic Programming Problems,Tomoharu Iwata; Futoshi Futami,115,5,10.1007/s10994-026-07055-5,https://doi.org/10.1007/s10994-026-07055-5,article,Machine Learning,https://openalex.org/W7160706045
Machine Learning,Springer Nature,2026,2026-05-01,Enhancing Graph-based Recommendations with Majority-Voting LLM-Rerank Augmentation,Minh-Anh Nguyen; Bao Nguyen; N. T. Ha Lan; Tuan-Anh Hoang; Duc-Trong Le; Dung D. Le; Dung D. Le; Dung D. Le,115,5,10.1007/s10994-026-07051-9,https://doi.org/10.1007/s10994-026-07051-9,article,Machine Learning,https://openalex.org/W7160696283
Machine Learning,Springer Nature,2026,2026-05-01,FicClaim: A Framework for Claim Verification in Fictional Domains Using Synthetic Data Generation,Viswanath Chadalapaka; Mohammad Rostami,115,5,10.1007/s10994-026-07012-2,https://doi.org/10.1007/s10994-026-07012-2,article,Machine Learning,https://openalex.org/W7160711662
Machine Learning,Springer Nature,2026,2026-05-01,Harnessing Generative Flow Networks for Effective Structural Inference,Aoran Wang; Jun Pang,115,5,10.1007/s10994-025-06985-w,https://doi.org/10.1007/s10994-025-06985-w,article,Machine Learning,https://openalex.org/W7160312493
Machine Learning,Springer Nature,2026,2026-05-01,LLM-Driven Compliance Checking for Natural-Language Policies over Data Product Descriptors,Francesco Simbola; Diego Reforgiato Recupero; Daniele Riboni; Martina Salis,115,5,10.1007/s10994-026-07038-6,https://doi.org/10.1007/s10994-026-07038-6,article,Machine Learning,https://openalex.org/W7160830587
Machine Learning,Springer Nature,2026,2026-05-01,LMTree: Leveraging LLMs with Monte Carlo Tree Search for Automated Feature Engineering,Guozhong Qin; Yutian Xu; Panfeng Chen; Dan Ma; Huarong Xu; Mei Chen; Hui Li; Yanhao Wang,115,5,10.1007/s10994-026-07044-8,https://doi.org/10.1007/s10994-026-07044-8,article,Machine Learning,https://openalex.org/W7160706898
Machine Learning,Springer Nature,2026,2026-05-01,Learning to Process Relational Information for Cloud Computing Task Scheduling,Seong-Hyun Hong; Myunsoo Kim; Byung-Jun Lee,115,5,10.1007/s10994-026-07043-9,https://doi.org/10.1007/s10994-026-07043-9,article,Machine Learning,https://openalex.org/W7160708134
Machine Learning,Springer Nature,2026,2026-05-01,Local Learning with Boosting-based Backpropagation-Free Graph Neural Networks,Luca Pasa; Paolo Frazzetto; Nicolò Navarin; Alessandro Sperduti,115,5,10.1007/s10994-026-07041-x,https://doi.org/10.1007/s10994-026-07041-x,article,Machine Learning,https://openalex.org/W7160299364
Machine Learning,Springer Nature,2026,2026-05-01,Reducing Aleatoric and Epistemic Uncertainty Through Multi-modal Data Acquisition,Arthur Hoarau; Benjamin Quost; Sébastien Destercke; Willem Waegeman,115,5,10.1007/s10994-026-07042-w,https://doi.org/10.1007/s10994-026-07042-w,article,Machine Learning,https://openalex.org/W4407012274
Machine Learning,Springer Nature,2026,2026-05-01,Regression-Based Estimation of Causal Effects in the Presence of Selection Bias and Confounding,Marlies Hafer; Alexander Marx,115,5,10.1007/s10994-026-07054-6,https://doi.org/10.1007/s10994-026-07054-6,article,Machine Learning,https://openalex.org/W4409045944
Machine Learning,Springer Nature,2026,2026-05-01,Searching to Evolve for Heterophily-Agnostic Network Learning,Shuhan Guo; Lanning Wei; Haiquan Qiu; Quanming Yao,115,5,10.1007/s10994-026-07014-0,https://doi.org/10.1007/s10994-026-07014-0,article,Machine Learning,https://openalex.org/W7160399652
Machine Learning,Springer Nature,2026,2026-05-18,LLM-SocRec: Enhancing Graph-based Social Recommendation via Collaborative Large Language Models,Ziyu Li; Zhijie Tan; Weiping Li; Tong Mo,115,6,10.1007/s10994-026-07063-5,https://doi.org/10.1007/s10994-026-07063-5,article,Machine Learning,https://openalex.org/W7161590837
Machine Learning,Springer Nature,2026,2026-05-18,Monotone Composite Quantile Regression via Second-Order Gradient Boosting Framework,Sangjun Moon; Sungchul Hong; Beomjin Park,115,6,10.1007/s10994-026-07058-2,https://doi.org/10.1007/s10994-026-07058-2,article,Machine Learning,https://openalex.org/W7161590258
Machine Learning,Springer Nature,2026,2026-05-18,Tuning Derivatives for Causal Fairness in Machine Learning,Filip Edström; Guilherme W. F. Barros; Tetiana Gorbach; Xavier de Luna,115,6,10.1007/s10994-026-07061-7,https://doi.org/10.1007/s10994-026-07061-7,article,Machine Learning,https://openalex.org/W7161577208
Machine Learning,Springer Nature,2026,2026-05-19,Approximating Shapley Interactions with Marginal Contributions,Patrick Kolpaczki; Felix Edelmann; Maximilian Muschalik; Eyke Hüllermeier,115,6,10.1007/s10994-026-07062-6,https://doi.org/10.1007/s10994-026-07062-6,article,Machine Learning,https://openalex.org/W7161637873
Machine Learning,Springer Nature,2026,2026-05-20,"Survey on LLM Safety: Attacks, Defenses, Alignment, Metrics, and Guardrails",Pratik Jalan; Vadivel Abishethvarman; Bhavik Chandna; Usman Naseem,115,6,10.1007/s10994-026-07060-8,https://doi.org/10.1007/s10994-026-07060-8,article,Machine Learning,https://openalex.org/W7161761904
Machine Learning,Springer Nature,2026,2026-05-21,Predictive Low Rank Matrix Learning Under Partial Observations: Mixed-Projection ADMM,Dimitris Bertsimas; Nicholas A. G. Johnson,115,6,10.1007/s10994-026-07005-1,https://doi.org/10.1007/s10994-026-07005-1,article,Machine Learning,https://openalex.org/W4406060242
Machine Learning,Springer Nature,2026,2026-05-23,CCJA: Context-Coherent Jailbreak Attack for Aligned Large Language Models,Guanghao Zhou; Cen Chen; Panjia Qiu; Mingyuan Fan; Mingyuan Chu; Xin Zhang; Jun Zhou,115,6,10.1007/s10994-026-07069-z,https://doi.org/10.1007/s10994-026-07069-z,article,Machine Learning,https://openalex.org/W4407697890
Machine Learning,Springer Nature,2026,2026-05-23,Guidance Not Obstruction: A Conjugate Consistent Enhanced Strategy for Domain Generalization,Meng Cao; Songcan Chen,115,6,10.1007/s10994-026-07074-2,https://doi.org/10.1007/s10994-026-07074-2,article,Machine Learning,https://openalex.org/W4405433451
Machine Learning,Springer Nature,2026,2026-05-23,Mitigating Security Risks in Large Language Models: A Full Lifecycle Perspective,Y.K. Wang; Zhixin Bai; Jing Huo; Boyan Wang; Jiaheng Liu; Hongye Cao; Fanyu Meng; Xi Yang; Yang Gao,115,6,10.1007/s10994-025-06930-x,https://doi.org/10.1007/s10994-025-06930-x,article,Machine Learning,https://openalex.org/W7162189629
Machine Learning,Springer Nature,2026,2026-05-23,Predicate Renaming via Large Language Models,Elisabetta Gentili; Tony Ribeiro; Fabrizio Riguzzi; Katsumi Inoue,115,6,10.1007/s10994-026-07075-1,https://doi.org/10.1007/s10994-026-07075-1,article,Machine Learning,https://openalex.org/W7162215952
Machine Learning,Springer Nature,2026,2026-05-25,From Latent to Lucid: Transforming Knowledge Graph Embeddings into Interpretable Structures with KGEPrisma,Christoph Wehner; Chrysa Iliopoulou; Ute Schmid; Tarek R. Besold,115,6,10.1007/s10994-026-07052-8,https://doi.org/10.1007/s10994-026-07052-8,article,Machine Learning,https://openalex.org/W7162307553
Machine Learning,Springer Nature,2026,2026-05-27,AdaArc: Adaptive Weighted Bidirectional Angular Margin Loss for Single-Stage Large-Scale Visual Place Recognition,Sheng Han; W Y Gao; Zhanyi Hu,115,6,10.1007/s10994-026-07053-7,https://doi.org/10.1007/s10994-026-07053-7,article,Machine Learning,https://openalex.org/W7162552558
Machine Learning,Springer Nature,2026,2026-05-27,Transforming Customer Support in a Startup Environment: From Machine Learning Classification to Retrieval-Augmented Generation,Catarina Lima Amorim; Diogo Mendes Correia; Julia Silge; João Marques,115,6,10.1007/s10994-026-07073-3,https://doi.org/10.1007/s10994-026-07073-3,article,Machine Learning,https://openalex.org/W7162512066
Machine Learning,Springer Nature,2026,2026-05-29,Interpreting User Opinions: A Multidimensional Approach Leveraging Explainable AI and Generative Models,Cristian Cosentino; Merve Gündüz Cüre; Fabrizio Marozzo; Şule Öztürk Birim,115,6,10.1007/s10994-026-07037-7,https://doi.org/10.1007/s10994-026-07037-7,article,Machine Learning,https://openalex.org/W7162802150
Machine Learning,Springer Nature,2026,2026-05-29,Symbolic Recovery of Differential Equations: The Identifiability Problem,Philipp Scholl; Aras Bacho; Holger Boche; Gitta Kutyniok,115,6,10.1007/s10994-026-07068-0,https://doi.org/10.1007/s10994-026-07068-0,article,Machine Learning,https://openalex.org/W4306818537
Machine Learning,Springer Nature,2026,2026-06-01,Correction to: MUSO: achieving exact machine unlearning in over‑parameterized regimes,Ruikai Yang; Mingzhen He; Zhengbao He; Youmei Qiu; Xiaolin Huang,115,6,10.1007/s10994-026-07091-1,https://doi.org/10.1007/s10994-026-07091-1,erratum,Machine Learning,https://openalex.org/W7163908822
Machine Learning,Springer Nature,2026,2026-06-01,Exploring the Potential of ChatGPT 5.0 and LexiBot as Automated Essay Scorers for IELTS Writing Task 2: A Comparison with Human Raters,Pham Xuan Phuong Ho,115,6,10.1007/s10994-026-07082-2,https://doi.org/10.1007/s10994-026-07082-2,article,Machine Learning,https://openalex.org/W7163713247
Machine Learning,Springer Nature,2026,2026-06-01,Forecasting the Evolution of Scientific Knowledge: A Dynamic Knowledge Graph Approach Integrating Temporal Embeddings and Large Language Models,Mithila Arman; Md Farhad Kabir; Fakir Mashuque Alamgir; Kazi Aklima; Mohammad Kasedullah; Efaz Kabir; Abdullah Rakib Akand; Abdullah Al Imtihan; Miguel Ángel Rodríguez Sánchez,115,6,10.1007/s10994-026-07095-x,https://doi.org/10.1007/s10994-026-07095-x,article,Machine Learning,https://openalex.org/W7164855681
Machine Learning,Springer Nature,2026,2026-06-01,KALM4Rec: Keyword-Driven Retrieval-Augmented Large Language Models for Cold-Start User Recommendations,Hai-Dang Kieu; Minh-Duc Nguyen; Wray Buntine; Thanh-Son Nguyen; Dung D. Le,115,6,10.1007/s10994-026-07066-2,https://doi.org/10.1007/s10994-026-07066-2,article,Machine Learning,https://openalex.org/W7163637169
Machine Learning,Springer Nature,2026,2026-06-01,Meta-learning-Based Integration of Set Encoder Outputs for MoonBoard Difficulty Estimation,Patrick Dharma; Takayasu Fushimi,115,6,10.1007/s10994-026-07089-9,https://doi.org/10.1007/s10994-026-07089-9,article,Machine Learning,https://openalex.org/W7164428459
Machine Learning,Springer Nature,2026,2026-06-01,On the Stability of Local Interpretable Model-Agnostic Explanations for Quantum Classifiers,Giovanni Acampora; Autilia Vitiello,115,6,10.1007/s10994-026-07071-5,https://doi.org/10.1007/s10994-026-07071-5,article,Machine Learning,https://openalex.org/W7163134215
Machine Learning,Springer Nature,2026,2026-06-01,Race Strategy Reinforcement Learning: Optimising Pitstop Strategy with Emergent Tactics in Formula One,D C Thomas; Junqi Jiang; Avinash Kori; Aaron Russo; Steffen Winkler; Stuart E. Sale; Joseph McMillan; Francesco Belardinelli; Antonio Rago,115,6,10.1007/s10994-026-07081-3,https://doi.org/10.1007/s10994-026-07081-3,article,Machine Learning,https://openalex.org/W7164025774
Machine Learning,Springer Nature,2026,2026-06-01,SAMD: Span-Aware Matryoshka Distillation for Cross-Tokenizer Embedding Models,Thang Duc Tran; Minh-Phuc Truong; Thuan Do Phan; Thuan Do Phan; Linh Ngo Van,115,6,10.1007/s10994-026-07076-0,https://doi.org/10.1007/s10994-026-07076-0,article,Machine Learning,https://openalex.org/W7163642891
Machine Learning,Springer Nature,2026,2026-06-16,Constraint- and Score-Based Nonlinear Granger Causality Discovery with Kernels,Fiona Louise Mary Murphy; Alessio Benavoli,115,7,10.1007/s10994-026-07093-z,https://doi.org/10.1007/s10994-026-07093-z,article,Machine Learning,https://openalex.org/W7164900948
Machine Learning,Springer Nature,2026,2026-06-16,Improving Selective Classification with Pairwise Queries for Binary Classification,Harsh Vardhan; Sunav Choudhary; Natwar Modani; Arya Mazumdar,115,7,10.1007/s10994-026-07078-y,https://doi.org/10.1007/s10994-026-07078-y,article,Machine Learning,https://openalex.org/W7163195639
Machine Learning,Springer Nature,2026,2026-06-18,Improving Random Forests by Smoothing,Ziyi Liu; Phuc Luong; Mario Boley; Daniel F. Schmidt,115,7,10.1007/s10994-026-07077-z,https://doi.org/10.1007/s10994-026-07077-z,article,Machine Learning,https://openalex.org/W4417514313
Machine Learning,Springer Nature,2026,2026-06-18,Progressive Induction-Aware Optimization for LLMs Safety Under Multi-turn Jailbreaks,Sijia Jing; Hongye Cao; Boyan Wang; Jing Huo; Yang Gao,115,7,10.1007/s10994-026-07067-1,https://doi.org/10.1007/s10994-026-07067-1,article,Machine Learning,https://openalex.org/W7165163869
Machine Learning,Springer Nature,2026,2026-06-20,Correction: Multivariate functional linear discriminant analysis for partially‑observed time series,Rahul Bordoloi; Clémence Réda; Orell Trautmann; Saptarshi Bej; Olaf Wolkenhauer,115,7,10.1007/s10994-026-07086-y,https://doi.org/10.1007/s10994-026-07086-y,erratum,Machine Learning,https://openalex.org/W7165355800
Machine Learning,Springer Nature,2026,2026-06-20,Optimal Confidence Bounds for Sparse Random Projections,Maciej Skórski,115,7,10.1007/s10994-026-07057-3,https://doi.org/10.1007/s10994-026-07057-3,article,Machine Learning,https://openalex.org/W7165405598
Machine Learning,Springer Nature,2026,2026-06-24,Activation Trained Layer Based Controls Continual Knowledge Editing Approach,Yilin Huang; Yimin Wen; Junying Zeng; Xudong Jia; Tao Chen,115,7,10.1007/s10994-026-07100-3,https://doi.org/10.1007/s10994-026-07100-3,article,Machine Learning,https://openalex.org/W7165744501
Machine Learning,Springer Nature,2026,2026-06-24,Contrastive Learning for Explanation Ranking,Miguel Escarda-Fernández; Brais Cancela; Carlos Eiras‐Franco; Bertha Guijarro‐Berdiñas; Amparo Alonso‐Betanzos,115,7,10.1007/s10994-026-07099-7,https://doi.org/10.1007/s10994-026-07099-7,article,Machine Learning,https://openalex.org/W7165804515
Machine Learning,Springer Nature,2026,2026-06-24,Prevalidated Ridge Regression is a Highly-Efficient Drop-In Replacement for Logistic Regression for High-dimensional Data,Angus Dempster; Geoffrey I. Webb; Daniel Francis Schmidt,115,7,10.1007/s10994-026-07059-1,https://doi.org/10.1007/s10994-026-07059-1,article,Machine Learning,https://openalex.org/W4391376400
Machine Learning,Springer Nature,2026,2026-06-24,TAD-Bench: A Comprehensive Benchmark for Embedding-Based Text Anomaly Detection,Yang Cao; Sikun Yang; Chen Li; Haolong Xiang; Lianyong Qi; Бо Лю; Rongsheng Li; Ming Liu,115,7,10.1007/s10994-026-07080-4,https://doi.org/10.1007/s10994-026-07080-4,article,Machine Learning,https://openalex.org/W4406745381
Machine Learning,Springer Nature,2026,2026-06-25,HEADS: An End-to-End Adversarial Framework for Heterogeneous Semi-Supervised Domain Adaptation,Giuseppe Guarino; Cassio F. Dantas; Dino Ienco; Raffaele Gaetano; Gemine Vivone; Matteo Ciotola; Giuseppe Scarpa,115,7,10.1007/s10994-026-07090-2,https://doi.org/10.1007/s10994-026-07090-2,article,Machine Learning,https://openalex.org/W7165853805
Machine Learning,Springer Nature,2026,2026-06-26,KT-STFormer: Parallel Kinematic-Trajectory and Spatial-Temporal Fusion Transformer for 3D Human Pose Estimation,Yake Wang; Hua Huo; Ruidong Li,115,7,10.1007/s10994-026-07105-y,https://doi.org/10.1007/s10994-026-07105-y,article,Machine Learning,https://openalex.org/W7165929140
Machine Learning,Springer Nature,2026,2026-06-29,On the Evaluation of Machine Unlearning Methods: A Multi-domain Classification Benchmark,Andrea D’Angelo; Claudio Savelli; Flavio Giobergia; Elena Baralis; Giovanni Stilo,115,7,10.1007/s10994-026-07094-y,https://doi.org/10.1007/s10994-026-07094-y,article,Machine Learning,https://openalex.org/W7166544363
Machine Learning,Springer Nature,2026,2026-06-29,Surface Target Detection Method Based on YOLO with Wavelet Analysis,Jie Shi; Hu Shichao; Yang Gu; Yuankun Peng; W.L. Zhong,115,7,10.1007/s10994-026-07106-x,https://doi.org/10.1007/s10994-026-07106-x,article,Machine Learning,https://openalex.org/W7166545434
Machine Learning,Springer Nature,2026,2026-07-01,A Temporal Graph Learning Framework for Lead-Lag Detection in Financial Markets,Ivan Krstev; Davide Rigoni; Igor Mishkovski; Luca Pasa,115,7,10.1007/s10994-026-07113-y,https://doi.org/10.1007/s10994-026-07113-y,article,Machine Learning,https://openalex.org/W7167743395
Machine Learning,Springer Nature,2026,2026-07-01,Adaptive Swarm Mesh Refinement Using Deep Reinforcement Learning with Local Rewards,Niklas Freymuth; Philipp Dahlinger; Tobias Würth; Simon Reisch; Luise Kärger; Gerhard M. Neumann,115,7,10.1007/s10994-026-07064-4,https://doi.org/10.1007/s10994-026-07064-4,article,Machine Learning,https://openalex.org/W4399657662
Machine Learning,Springer Nature,2026,2026-07-01,Adversarial Bandit Optimization with Globally Bounded Perturbations to Linear Losses,Z. Cheng; Kohei Hatano; Eiji Takimoto,115,7,10.1007/s10994-026-07070-6,https://doi.org/10.1007/s10994-026-07070-6,article,Machine Learning,https://openalex.org/W7167487169
Machine Learning,Springer Nature,2026,2026-07-01,Deep Linear Discriminant Analysis Revisited,Maxat Tezekbayev; Rustem Takhanov; Arman Bolatov; Zhenisbek Assylbekov,115,7,10.1007/s10994-026-07097-9,https://doi.org/10.1007/s10994-026-07097-9,article,Machine Learning,https://openalex.org/W7168018504
Machine Learning,Springer Nature,2026,2026-07-01,Fast Rashomon Sets of Sparse Rule Sets,Cristina Molero-Río; Boxuan Li; Tong Wang; Cynthia Rudin,115,7,10.1007/s10994-026-07108-9,https://doi.org/10.1007/s10994-026-07108-9,article,Machine Learning,https://openalex.org/W7167099033
Machine Learning,Springer Nature,2026,2026-07-01,GE-PEFT: Gated Expandable Parameter-Efficient Fine-Tuning for Continual Learning,Janna Omeliyanenko; Andreas Hotho; Daniel Schlör,115,7,10.1007/s10994-026-07104-z,https://doi.org/10.1007/s10994-026-07104-z,article,Machine Learning,https://openalex.org/W7167488232
Machine Learning,Springer Nature,2026,2026-07-01,Inverting Non-injective Functions with Twin Neural Network Regression,Sebastian J. Wetzel,115,7,10.1007/s10994-026-07083-1,https://doi.org/10.1007/s10994-026-07083-1,article,Machine Learning,https://openalex.org/W7166831541
Machine Learning,Springer Nature,2026,2026-07-01,Median-of-Means as an Extremal Convex Estimator and a Nonconvex Route to the Trimmed Oracle,Angshul Majumdar,115,7,10.1007/s10994-026-07101-2,https://doi.org/10.1007/s10994-026-07101-2,book-chapter,Machine Learning,https://openalex.org/W7167619807
Machine Learning,Springer Nature,2026,2026-07-01,Photon: Efficient Prefix-Conditioned Image Captioning with Lightweight Transformer Decoding,Lakshmi Ganapathi Kodi; Dharmendra Chauhan -; Dhanush Reddy Gangireddy; Sonam Kumari Chaudhary; Kalidas Yeturu; Nikhil Srivastava,115,7,10.1007/s10994-026-07072-4,https://doi.org/10.1007/s10994-026-07072-4,article,Machine Learning,https://openalex.org/W7168396912
Machine Learning,Springer Nature,2026,2026-07-01,SAMix: Calibrated and Accurate Continual Learning via Sphere-Adaptive Mixup and Neural Collapse,Trung-Anh Dang; Vincent Q. Nguyen; Ngoc‐Son Vu; Christel Vrain,115,7,10.1007/s10994-026-07049-3,https://doi.org/10.1007/s10994-026-07049-3,article,Machine Learning,https://openalex.org/W4415885352
Machine Learning,Springer Nature,2026,2026-07-01,Soft Dice Confidence: A Near-Optimal Confidence Estimator for Selective Prediction in Semantic Segmentation,B W Borges; Bruno M. Pacheco; D Maria Guerreiro Vieira Da Silva,115,7,10.1007/s10994-026-07096-w,https://doi.org/10.1007/s10994-026-07096-w,article,Machine Learning,https://openalex.org/W7168168698
Machine Learning,Springer Nature,2026,2026-07-01,Top-k Diverse Polarized Communities in Signed Networks,Francesco Gullo; Domenico Mandaglio; Andrea Tagarelli,115,7,10.1007/s10994-026-07098-8,https://doi.org/10.1007/s10994-026-07098-8,article,Machine Learning,https://openalex.org/W7167080441
Machine Learning,Springer Nature,2026,2026-07-01,Towards Adaptive and Communication-Efficient Dynamic Federated Learning,Shunxin Guo; Jiaqi Lv; Qiufeng Wang; Xin Geng,115,7,10.1007/s10994-026-07102-1,https://doi.org/10.1007/s10994-026-07102-1,article,Machine Learning,https://openalex.org/W7167139804
Machine Learning,Springer Nature,2026,2026-07-01,Trading-Off Statistical and Computational Efficiency via W-Step Markov Decision Processes: A Policy Gradient Approach,Gianmarco Tedeschi; Marco Mussi; Alberto Maria Metelli; Marcello Restelli,115,7,10.1007/s10994-026-07085-z,https://doi.org/10.1007/s10994-026-07085-z,article,Machine Learning,https://openalex.org/W7168032845
Machine Learning,Springer Nature,2026,2026-07-01,What Should an AI Assessor Optimise for?,Daniel Romero-Alvarado; Fernando Martínez‐Plumed; José Hernández‐Orallo,115,7,10.1007/s10994-026-07084-0,https://doi.org/10.1007/s10994-026-07084-0,article,Machine Learning,https://openalex.org/W4407123461
Machine Learning,Springer Nature,2026,2026-07-17,Enhancing Offline Model-Based RL via Active Model Selection: A Bayesian Optimization Perspective,Yuwei Yang; Wei Hung; Yun-Ming Chan; Xi Liu; Ping-Chun Hsieh,115,8,10.1007/s10994-026-07119-6,https://doi.org/10.1007/s10994-026-07119-6,article,Machine Learning,https://openalex.org/W4407710110
Machine Learning,Springer Nature,2026,2026-07-17,Generalization Error Bounds for Multiple-Source Domain Adaptation,Na Chen; Deliang Zhu; Yujie Ning; Jiangtao Peng; Weiwei Sun,115,8,10.1007/s10994-026-07120-z,https://doi.org/10.1007/s10994-026-07120-z,article,Machine Learning,https://openalex.org/W7169526033
Machine Learning,Springer Nature,2026,2026-07-20,Causal Post-hoc XAI: Categorisation and Systematic Literature Review,Anna Rodum Bjøru; Helge Langseth; Inga Strümke; Kerstin Bach,115,8,10.1007/s10994-026-07103-0,https://doi.org/10.1007/s10994-026-07103-0,review,Machine Learning,https://openalex.org/W7169800812
Machine Learning,Springer Nature,2026,2026-07-20,FUSE: Fast Semi-Supervised Node Embedding Learning via Structural and Label-Aware Optimization,Sujan Chakraborty; Rahul Bordoloi; Anindya Sengupta; Olaf Wolkenhauer; Saptarshi Bej,115,8,10.1007/s10994-026-07111-0,https://doi.org/10.1007/s10994-026-07111-0,article,Machine Learning,https://openalex.org/W4417102370
Machine Learning,Springer Nature,2026,2026-07-20,Neural MCTS with LLM Guidance for Effective Program Synthesis on Abstraction and Reasoning Corpus,Jinwoo Jeon; Seongwoong Shim; S R Kim; Sundong Kim; Byung-Jun Lee,115,8,10.1007/s10994-026-07110-1,https://doi.org/10.1007/s10994-026-07110-1,article,Machine Learning,https://openalex.org/W7169757898
Machine Learning,Springer Nature,2026,2026-07-20,Reinforcement Learning Guided Neural Deconstruction Search for Flexible Job Scheduling,Davide Zago; André Hottung; Fynn Martin Gilbert; R. Cancelliere; Kevin Tierney,115,8,10.1007/s10994-026-07116-9,https://doi.org/10.1007/s10994-026-07116-9,article,Machine Learning,https://openalex.org/W7169815016
Machine Learning,Springer Nature,2026,2026-07-21,Discovery of Exact Equations via Computing the Gröbner Basis,Boštjan Gec; Sašo Džeroski; Ljupčo Todorovski,115,8,10.1007/s10994-026-07112-z,https://doi.org/10.1007/s10994-026-07112-z,article,Machine Learning,https://openalex.org/W7169898561
Machine Learning,Springer Nature,2026,2026-07-21,Learning from Dynamic Protein Interaction Networks with State-Memory Temporal Graph Neural Networks,Manuel Dileo; Andrea Sottoriva,115,8,10.1007/s10994-026-07122-x,https://doi.org/10.1007/s10994-026-07122-x,article,Machine Learning,https://openalex.org/W7169831018
Machine Learning,Springer Nature,2026,2026-07-22,Disentangling Faithfulness Hallucinations in Retrieval-Augmented Generation: A Systematic Benchmark and Analysis,Chandana Sree Mala; Gizem Gezici; Fosca Giannotti,115,8,10.1007/s10994-026-07121-y,https://doi.org/10.1007/s10994-026-07121-y,article,Machine Learning,https://openalex.org/W7170043460
Machine Learning,Springer Nature,2026,2026-07-22,Should LLM Safety be More Than Refusing Harmful Instructions?,Utsav Maskey; Mark Dras; Usman Naseem,115,8,10.1007/s10994-026-07107-w,https://doi.org/10.1007/s10994-026-07107-w,article,Machine Learning,https://openalex.org/W4416071100
Machine Learning,Springer Nature,2026,2026-07-25,Invariance Pair Guidance: Robustness to Spurious Correlations via Corrective Gradients,Martin Surner; Abdelmajid Khelil; Ludwig Bothmann,115,8,10.1007/s10994-026-07092-0,https://doi.org/10.1007/s10994-026-07092-0,article,Machine Learning,https://openalex.org/W4416043550
Machine Learning,Springer Nature,2026,2026-07-27,Correction: Machine Learning to Identify a New Digital Biomarker to Monitor Everyday Upper Limb Use in Children with Unilateral Cerebral Palsy,Silvia Filogna; Giuseppe Prencipe; Alina Sîrbu; Elena Beani; Davide Marchi; Giordano Scerra; Giuseppina Sgandurra,115,8,10.1007/s10994-026-07123-w,https://doi.org/10.1007/s10994-026-07123-w,erratum,Machine Learning,https://openalex.org/W7171421439
Machine Learning,Springer Nature,2026,2026-07-27,From Relevance to Utility: Faith-Rank for Utility-Driven Evidence Re-ranking and Reliable Answering in Retrieval-Augmented Generation,Jianmin Wu; Jiakang Li; Zefei Ning; L Wang,115,8,10.1007/s10994-026-07109-8,https://doi.org/10.1007/s10994-026-07109-8,article,Machine Learning,https://openalex.org/W7171358535
Machine Learning,Springer Nature,2026,2026-07-27,Investment Universe Complex Network: A Framework for Optimizing Asset Selection in Dynamic Financial Markets,Mert Arda Asar; Günce Keziban Orman,115,8,10.1007/s10994-026-07124-9,https://doi.org/10.1007/s10994-026-07124-9,article,Machine Learning,https://openalex.org/W7171400584
Machine Learning,Springer Nature,2026,2026-07-27,Monotone Bandits: Power of Maximum Likelihood Estimation in Online Decision-Making,Junpei Komiyama; Koji Tabata; Shoma Nameki; Atsuyoshi Nakamura,115,8,10.1007/s10994-026-07130-x,https://doi.org/10.1007/s10994-026-07130-x,article,Machine Learning,https://openalex.org/W7171459281
Machine Learning,Springer Nature,2026,2026-07-27,Unboxing the Black Box: A Survey on Mechanistic Interpretability for Algorithmic Understanding of Neural Networks,Bianka Kowalska; Halina Kwaśnicka,115,8,10.1007/s10994-026-07129-4,https://doi.org/10.1007/s10994-026-07129-4,article,Machine Learning,https://openalex.org/W7171470562
Machine Learning,Springer Nature,2026,2026-07-30,MZEN: Multi-zoom Enhanced NeRF for 3-D Reconstruction with Unknown Camera Poses,Jong‐Ik Park; Gary K. Fedder; Carlee Joe‐Wong,115,8,10.1007/s10994-026-07114-x,https://doi.org/10.1007/s10994-026-07114-x,article,Machine Learning,https://openalex.org/W4415191527
Machine Learning,Springer Nature,2026,2026-08-01,Towards Performatively Stable Equilibria in Decision-Dependent Games for Arbitrary Data Distribution Maps,Guangzheng Zhong; Yang Liu; Jiming Liu,115,8,10.1007/s10994-026-07115-w,https://doi.org/10.1007/s10994-026-07115-w,article,Machine Learning,https://openalex.org/W4417408864
Machine Learning,Springer Nature,2026,2026-08-04,"Federated Learning for Large Language Models: Opportunities, Challenges, and Open Research Directions",Fatiha Ait Baali; Chaima Lhasnaoui; Addi Ait‐Mlouk; Tarik Agouti,115,9,10.1007/s10994-026-07142-7,https://doi.org/10.1007/s10994-026-07142-7,article,Machine Learning,https://openalex.org/W7204242265
Machine Learning,Springer Nature,2026,2026-08-20,Reinforcement Learning Pruning with Dynamic Reward Function and Joint Selecting Mechanism,Rui Cai; Yixin Zhao,115,9,10.1007/s10994-026-07135-6,https://doi.org/10.1007/s10994-026-07135-6,article,Machine Learning,https://openalex.org/W7203825034
Machine Learning,Springer Nature,2026,2026-08-22,Instruction Learning Paradigms: A Dual Perspective on White-Box and Black-Box LLMs,Yanwei Ren; Liu Liu; Baosheng Yu; Jiayan Qiu; Quan Chen,115,9,10.1007/s10994-026-07137-4,https://doi.org/10.1007/s10994-026-07137-4,article,Machine Learning,https://openalex.org/W4416260131
Machine Learning,Springer Nature,2026,2026-08-22,Modeling Soft Intervention Effects for Implicit Causal Representation Learning,Shayan Shirahmad Gale Bagi; Zahra Gharaee; Oliver Schulte; Mark Crowley,115,9,10.1007/s10994-026-07144-5,https://doi.org/10.1007/s10994-026-07144-5,article,Machine Learning,https://openalex.org/W7203983821
Machine Learning,Springer Nature,2026,2026-08-26,Certainty-Aware Partition and Sufficient Utilization of Noisy Samples,Jia Zhang; Gaoxia Jiang; Senyu Hou; Haijun Zhang; Wenjian Wang,115,9,10.1007/s10994-026-07138-3,https://doi.org/10.1007/s10994-026-07138-3,article,Machine Learning,https://openalex.org/W7204246401
Machine Learning,Springer Nature,2026,2026-08-26,Improving GraphRAG with Multi-hop Knowledge Graph Completion on the Example of the Telecommunications Domain,A.O. Golovin; Nataly A. Zhukova; Tianxing Man,115,9,10.1007/s10994-026-07141-8,https://doi.org/10.1007/s10994-026-07141-8,article,Machine Learning,https://openalex.org/W7204240622
Machine Learning,Springer Nature,2026,2026-08-26,Probing Spatial Robustness in OCR-Dependent Document Understanding: Adversarial Attacks on Bounding Box Metadata Across Layout-Aware Architectures,Dong Nguyen Tien; Dung D. Le; Dang Nguyen Hoang; Hoang Vu Viet; Vinh Nguyen Thanh; Minh Nguyen Anh,115,9,10.1007/s10994-026-07087-x,https://doi.org/10.1007/s10994-026-07087-x,article,Machine Learning,https://openalex.org/W7204264296
Machine Learning,Springer Nature,2026,2026-08-28,Imagining Trajectories for Anomaly Detection in Reinforcement Learning from Images,Tom Haider; Karsten Roscher; Stephan Günnemann,115,9,10.1007/s10994-026-07126-7,https://doi.org/10.1007/s10994-026-07126-7,article,Machine Learning,https://openalex.org/W7204599126
Machine Learning,Springer Nature,2026,2026-08-28,Morphing-Based Sensitivity Analysis: A Comparative Study of Linear and Non-linear Temporal Transformations in TSC Robustness,Antónia Brito; Duarte Folgado; Carlos Soares; Moisés Santos,115,9,10.1007/s10994-026-07132-9,https://doi.org/10.1007/s10994-026-07132-9,article,Machine Learning,https://openalex.org/W7204522771
Machine Learning,Springer Nature,2026,2026-08-29,Less is More: Unlabeled Data Selection for Efficient Tabular Self-supervised Learning,Sintija Stevanoska; Christian Leonardo Camacho Villalón; Sašo Džeroski; Katharina Dost,115,9,10.1007/s10994-026-07133-8,https://doi.org/10.1007/s10994-026-07133-8,article,Machine Learning,https://openalex.org/W7204652129
Machine Learning,Springer Nature,2026,2026-08-29,Neural Probabilistic Circuits: Enabling Compositional and Interpretable Predictions Through Logical Reasoning,Weixin Chen; Simon C.H. Yu; Huajie Shao; Lui Sha; Han Zhao,115,9,10.1007/s10994-026-07118-7,https://doi.org/10.1007/s10994-026-07118-7,article,Machine Learning,https://openalex.org/W4406692178
Machine Learning,Springer Nature,2026,2026-08-31,Generative Distribution Prediction: A Unified Approach to Multimodal Learning,Xinyu Tian; Xiaotong T. Shen,115,9,10.1007/s10994-026-07148-1,https://doi.org/10.1007/s10994-026-07148-1,article,Machine Learning,https://openalex.org/W4407424148
Machine Learning,Springer Nature,2026,2026-09-01,A Hypernetwork Framework for Data-Free Unlearning and Continual Learning,Sayanta Adhikari; Vishnuprasadh Kumaravelu; P. K. Srijith,115,9,10.1007/s10994-026-07125-8,https://doi.org/10.1007/s10994-026-07125-8,article,Machine Learning,https://openalex.org/W7213326797
Machine Learning,Springer Nature,2026,2026-09-01,Distribution-Free Deviation Bounds and the Role of Domain Knowledge in Learning via Model Selection with Cross-Validation Risk Estimation,Diego Marcondes; Cláudia Peixoto,115,9,10.1007/s10994-026-07150-7,https://doi.org/10.1007/s10994-026-07150-7,article,Machine Learning,https://openalex.org/W7211874464
Machine Learning,Springer Nature,2026,2026-09-01,Equation Discovery for Classification: Finding Interpretable Symbolic Specifications of the Decision Boundary,Godfried Toussaint; Arno Knobbe,115,9,10.1007/s10994-026-07156-1,https://doi.org/10.1007/s10994-026-07156-1,article,Machine Learning,https://openalex.org/W7208828088
Machine Learning,Springer Nature,2026,2026-09-01,Graph Spectral Client Scheduling for Reliable Federated Learning in Safety-Critical LEO Satellite Networks,Bilal Ahmad,115,9,10.1007/s10994-026-07159-y,https://doi.org/10.1007/s10994-026-07159-y,article,Machine Learning,https://openalex.org/W7208809892
Machine Learning,Springer Nature,2026,2026-09-01,Learning Without Forgetting for Continual Learning in LLMs Through Adaptive LoRA Ranks,Fuli Qiao; Mehrdad Mahdavi,115,9,10.1007/s10994-026-07145-4,https://doi.org/10.1007/s10994-026-07145-4,article,Machine Learning,https://openalex.org/W7204987730
Machine Learning,Springer Nature,2026,2026-09-01,P$$^{2}$$CE: Model-Agnostic Plausible Pareto-Optimal Counterfactual Explanations,Ananda Oliveira; Giovani Valdrighi; Marcos M. Raimundo,115,9,10.1007/s10994-026-07143-6,https://doi.org/10.1007/s10994-026-07143-6,article,Machine Learning,https://openalex.org/W7165186286
Machine Learning,Springer Nature,2026,2026-09-01,ReliFuse: Reliability-Calibrated Posterior Fusion for Histological Vessel Segmentation,Truong P. Le; Truong N. Nguyen; Vinh Le H. Tran; Tram T. Doan; Binh T. Nguyen; Son T. Huynh,115,9,10.1007/s10994-026-07154-3,https://doi.org/10.1007/s10994-026-07154-3,article,Machine Learning,https://openalex.org/W7212177435
Machine Learning,Springer Nature,2026,2026-09-01,Robust Multi-label Classification via Preference Learning,Vu-Linh Nguyen; Xuan-Truong Hoang; Sébastien Destercke; Cassio de Campos; Van‐Nam Huynh,115,9,10.1007/s10994-026-07147-2,https://doi.org/10.1007/s10994-026-07147-2,article,Machine Learning,https://openalex.org/W7204954070
Machine Learning,Springer Nature,2026,2026-09-01,SWIFT-KD: Sliding Window Intelligent Federated Transformer Learning with Knowledge Distillation for Building Energy Prediction,Jessica Al Achy; Hassan Harb; Abdallah Makhoul,115,9,10.1007/s10994-026-07153-4,https://doi.org/10.1007/s10994-026-07153-4,article,Machine Learning,https://openalex.org/W7211866627
Machine Learning,Springer Nature,2026,2026-09-01,The Unreasonable Effectiveness of Randomized Representations in Online Continual Graph Learning,Giovanni Donghi; Daniele Zambon; Luca Pasa; Cesare Alippi; Nicolò Navarin,115,9,10.1007/s10994-026-07128-5,https://doi.org/10.1007/s10994-026-07128-5,article,Machine Learning,https://openalex.org/W4415317325
Machine Learning,Springer Nature,2026,2026-09-01,What is Attention Mechanism? A Comprehensive Survey of Attention Methods and Transformer Models,Farhad Mortezapour Shiri; Fateme Memar; Maryam Parhizgar,115,9,10.1007/s10994-026-07131-w,https://doi.org/10.1007/s10994-026-07131-w,article,Machine Learning,https://openalex.org/W7213354589
Machine Learning,Springer Nature,2026,2026-09-16,Similarity-Promoting Resilient Adaptive Aggregation in Peer-to-Peer Machine Learning,Chandreyee Bhowmick; Xenofon Koutsoukos,115,10,10.1007/s10994-026-07162-3,https://doi.org/10.1007/s10994-026-07162-3,article,Machine Learning,https://openalex.org/W7213228199
Machine Learning,Springer Nature,2026,2026-09-16,"Stay Rational, Resist Illusions: De-biasing Source-Free Domain Adaptation with CLIP-Verified Pseudo-Source Domain",Qing Tian; Yongjiang Liu; Keyang Cheng; Weihua Ou; Jianping Gou,115,10,10.1007/s10994-026-07163-2,https://doi.org/10.1007/s10994-026-07163-2,article,Machine Learning,https://openalex.org/W7213303009
Machine Learning,Springer Nature,2026,2026-09-18,Incremental Graph Construction Enables Robust Spectral Clustering of Texts,Marko Pranjić; Boshko Koloski; Nada Lavrač; Senja Pollak; Marko Robnik-Šikonja,115,10,10.1007/s10994-026-07158-z,https://doi.org/10.1007/s10994-026-07158-z,article,Machine Learning,https://openalex.org/W7133540731
Machine Learning,Springer Nature,2026,2026-09-18,On the Minimization of Graph Counterfactual Explanations: Theory and a Local Bounded Search Algorithm,Rodrigo García; Mario Alfonso Prado-Romero; Francesco Gullo; Giovanni Stilo,115,10,10.1007/s10994-026-07157-0,https://doi.org/10.1007/s10994-026-07157-0,article,Machine Learning,https://openalex.org/W7213556576
Machine Learning,Springer Nature,2026,2026-09-22,Cortex: A Retrieval-Augmented Framework for Career-Aligned Learning Paths,Vatsala Ramachandran; Manasvi Vedanta; Sonia Khetarpaul,115,10,10.1007/s10994-026-07160-5,https://doi.org/10.1007/s10994-026-07160-5,article,Machine Learning,https://openalex.org/W7213982213
Machine Learning,Springer Nature,2026,2026-09-22,Sequential Estimation of Remaining Useful Life Through VAE-Based Deep Reinforcement Learning With Reward Shaping,Hima Soni; Vibha Patel; Arnav Modanwal; Hepil Italiya; Aastha Patel,115,10,10.1007/s10994-026-07152-5,https://doi.org/10.1007/s10994-026-07152-5,article,Machine Learning,https://openalex.org/W7213978542
Machine Learning,Springer Nature,2026,2026-09-24,Explainable Federated Learning for Trustworthy Thoracic Disease Detection Under Non-IID Data Distributions,Suresh Arumugam; A. Sindhu; M. Saroja; Dr. S. Kannan; A. Esakkiammal,115,10,10.1007/s10994-026-07174-z,https://doi.org/10.1007/s10994-026-07174-z,article,Machine Learning,https://openalex.org/W7214166230
Machine Learning,Springer Nature,2026,2026-09-24,SentiMatrix: Parameter-Efficient Fine-Tuning of Encoder-Based Transformers for Multidimensional Sentiment Analysis,Md. Easin Arafat; Muhammad Usman Akmal; Ali S. Abosinnee; Tamás Orosz,115,10,10.1007/s10994-026-07161-4,https://doi.org/10.1007/s10994-026-07161-4,article,Machine Learning,https://openalex.org/W7214189663
