journal,publisher_family,year,publication_date,title,authors,volume,issue,doi,article_url,article_type,source_container_title,openalex_id
Applied Intelligence,Springer Nature,2025,2025-01-02,Advanced stacking models for machine fault diagnosis with ensemble trees and SVM,Yuhua Liao; Ming Li; Qingshuai Sun; P.L. Li,55,4,10.1007/s10489-024-06206-2,https://doi.org/10.1007/s10489-024-06206-2,article,Applied Intelligence,https://openalex.org/W4405983120
Applied Intelligence,Springer Nature,2025,2025-01-02,An enhanced hybrid adaptive physics-informed neural network for forward and inverse PDE problems,Kuang Luo; Shaolin Liao; Zhong Guan; Baiquan Liu,55,4,10.1007/s10489-024-06195-2,https://doi.org/10.1007/s10489-024-06195-2,article,Applied Intelligence,https://openalex.org/W4406001038
Applied Intelligence,Springer Nature,2025,2025-01-02,Attribute selection for incomplete decision systems by maximizing correlation and independence with mutual granularity,Chucai Zhang; Yongkang Zhang; Jianhua Dai,55,4,10.1007/s10489-024-06170-x,https://doi.org/10.1007/s10489-024-06170-x,article,Applied Intelligence,https://openalex.org/W4406003426
Applied Intelligence,Springer Nature,2025,2025-01-02,Automation of observational gait assessment through an optical 3D motion system and transformers,David Carneros-Prado; Sergio González-Velázquez; Cosmin C. Dobrescu; Iván Lyra González; Jesús Fontecha; Ramón Hervás,55,4,10.1007/s10489-024-06163-w,https://doi.org/10.1007/s10489-024-06163-w,article,Applied Intelligence,https://openalex.org/W4405983028
Applied Intelligence,Springer Nature,2025,2025-01-02,Mapless autonomous navigation for UGV in cluttered off-road environment with the guidance of wayshowers using deep reinforcement learning,Zhijian Li; Li Xu; Jinchao Hu; Xixiang Liu,55,4,10.1007/s10489-024-06054-0,https://doi.org/10.1007/s10489-024-06054-0,article,Applied Intelligence,https://openalex.org/W4406001023
Applied Intelligence,Springer Nature,2025,2025-01-02,Parameters security strategy formulated by hyperchaos in federal learning,Zhen Yang; Tiancheng Yang; Shouliang Li; H.Y. Li,55,4,10.1007/s10489-024-06209-z,https://doi.org/10.1007/s10489-024-06209-z,article,Applied Intelligence,https://openalex.org/W4406002185
Applied Intelligence,Springer Nature,2025,2025-01-02,Tracking-removed neural network with graph information for classification of incomplete data,Xiaochen Lai; Zheng Zhang; Hui Chen; Liyong Zhang; Zhuohan Li; Wei Lu,55,4,10.1007/s10489-024-06031-7,https://doi.org/10.1007/s10489-024-06031-7,article,Applied Intelligence,https://openalex.org/W4406015864
Applied Intelligence,Springer Nature,2025,2025-01-03,CG-MCFNet: cross-layer guidance-based multi-scale correlation fusion network for 3D face recognition,Panzi Zhao; Yue Ming; Hui Ling Yu; Yuting Hu; Jiangwan Zhou; Yuanan Liu,55,4,10.1007/s10489-024-06221-3,https://doi.org/10.1007/s10489-024-06221-3,article,Applied Intelligence,https://openalex.org/W4406036244
Applied Intelligence,Springer Nature,2025,2025-01-03,Comparative study on ballistic impact detection in helicopter transmission shafts using NARX and LSTM models,Vasiliki Christina Panagiotopoulou; Lorenzo Brancato; Emanuele Petriconi; A. Baldi; U. Mariani; Marco Giglio; Claudio Sbarufatti,55,4,10.1007/s10489-024-06118-1,https://doi.org/10.1007/s10489-024-06118-1,article,Applied Intelligence,https://openalex.org/W4406034548
Applied Intelligence,Springer Nature,2025,2025-01-03,Dynamic point-line SLAM based on lightweight object detection,Jiaqi Zhong; Huaming Qian,55,4,10.1007/s10489-024-06164-9,https://doi.org/10.1007/s10489-024-06164-9,article,Applied Intelligence,https://openalex.org/W4406055977
Applied Intelligence,Springer Nature,2025,2025-01-03,Feature selection for label distribution learning using Dempster-Shafer evidence theory,Zhengwei Zhao; Rongrong Wang; Wei Pang; Zhaowen Li,55,4,10.1007/s10489-024-05879-z,https://doi.org/10.1007/s10489-024-05879-z,article,Applied Intelligence,https://openalex.org/W4406055944
Applied Intelligence,Springer Nature,2025,2025-01-03,HSTforU: anomaly detection in aerial and ground-based videos with hierarchical spatio-temporal transformer for U-net,Viet-Tuan Le; Hulin Jin; Yong-Guk Kim,55,4,10.1007/s10489-024-06042-4,https://doi.org/10.1007/s10489-024-06042-4,article,Applied Intelligence,https://openalex.org/W4406036184
Applied Intelligence,Springer Nature,2025,2025-01-03,Improved distance correlation estimation,Blanca E. Monroy-Castillo; María Amalia Jácome; Ricardo Cao,55,4,10.1007/s10489-024-05940-x,https://doi.org/10.1007/s10489-024-05940-x,article,Applied Intelligence,https://openalex.org/W4406036186
Applied Intelligence,Springer Nature,2025,2025-01-03,Intelligent mask image reconstruction for cardiac image segmentation through local–global fusion,Assia Boukhamla; Nabiha Azizi; Samir Brahim Belhaouari,55,4,10.1007/s10489-024-06085-7,https://doi.org/10.1007/s10489-024-06085-7,article,Applied Intelligence,https://openalex.org/W4406020458
Applied Intelligence,Springer Nature,2025,2025-01-03,RamIR: Reasoning and action prompting with Mamba for all-in-one image restoration,A. H. Tang; Yan Wu; Yuwei Zhang,55,4,10.1007/s10489-024-06226-y,https://doi.org/10.1007/s10489-024-06226-y,article,Applied Intelligence,https://openalex.org/W4406039833
Applied Intelligence,Springer Nature,2025,2025-01-04,A data-centric framework for combating domain shift in underwater object detection with image enhancement,Lukas Folkman; Kylie Anne Pitt; Bela Stantić,55,4,10.1007/s10489-024-06224-0,https://doi.org/10.1007/s10489-024-06224-0,article,Applied Intelligence,https://openalex.org/W4406053323
Applied Intelligence,Springer Nature,2025,2025-01-04,A fault diagnosis method based on interpretable machine learning model and decision visualization for HVs,Dengji Zhou; Dawen Huang; Ming Tie; Xing Zhang; Jiarui Hao; Yadong Wu; Yaoxin Shen; Yulin Wang,55,4,10.1007/s10489-024-06219-x,https://doi.org/10.1007/s10489-024-06219-x,article,Applied Intelligence,https://openalex.org/W4406067121
Applied Intelligence,Springer Nature,2025,2025-01-04,Batch-mode active ordinal classification based on expected model output change and leadership tree,Deniu He; Naveed Taimoor,55,4,10.1007/s10489-024-06152-z,https://doi.org/10.1007/s10489-024-06152-z,article,Applied Intelligence,https://openalex.org/W4406052707
Applied Intelligence,Springer Nature,2025,2025-01-04,DT4PEIS: detection transformers for parasitic egg instance segmentation,Jesús Ruiz-Santaquiteria; Aníbal Pedraza; Óscar Déniz; Gloria Bueno,55,4,10.1007/s10489-024-06199-y,https://doi.org/10.1007/s10489-024-06199-y,article,Applied Intelligence,https://openalex.org/W4406053403
Applied Intelligence,Springer Nature,2025,2025-01-04,Enhancing real-time and day-ahead load forecasting accuracy with deep learning and weighed ensemble approach,Zeyu Li; Zhirui Tian,55,4,10.1007/s10489-024-06155-w,https://doi.org/10.1007/s10489-024-06155-w,article,Applied Intelligence,https://openalex.org/W4406064990
Applied Intelligence,Springer Nature,2025,2025-01-04,Granular-ball-matrix-based incremental semi-supervised feature selection approach to high-dimensional variation using neighbourhood discernibility degree for ordered partially labelled dataset,Weihua Xu; Jinlong Li,55,4,10.1007/s10489-024-06134-1,https://doi.org/10.1007/s10489-024-06134-1,article,Applied Intelligence,https://openalex.org/W4406067917
Applied Intelligence,Springer Nature,2025,2025-01-04,Hierarchical loop closure detection with weighted local patch features and global descriptors,Mingrong Ren; Xiurui Zhang; Bin Liu; Yuehui Zhu,55,4,10.1007/s10489-024-06135-0,https://doi.org/10.1007/s10489-024-06135-0,article,Applied Intelligence,https://openalex.org/W4406057415
Applied Intelligence,Springer Nature,2025,2025-01-04,Image denoising via double-weighted correlated total variation regularization,Zhihao Zhang; Peng Zhang; Xinling Liu; Jingyao Hou; Qingrong Feng; Jianjun Wang,55,4,10.1007/s10489-024-06024-6,https://doi.org/10.1007/s10489-024-06024-6,article,Applied Intelligence,https://openalex.org/W4406067047
Applied Intelligence,Springer Nature,2025,2025-01-04,"Metaheuristics and strategic behavior of markovian retrial queue under breakdown, vacation and bernoulli feedback",Sibasish Dhibar; Madhu Jain,55,4,10.1007/s10489-024-05978-x,https://doi.org/10.1007/s10489-024-05978-x,article,Applied Intelligence,https://openalex.org/W4406064981
Applied Intelligence,Springer Nature,2025,2025-01-04,Predicting the value of football players: machine learning techniques and sensitivity analysis based on FIFA and real-world statistical datasets,Qijie Shen,55,4,10.1007/s10489-024-06189-0,https://doi.org/10.1007/s10489-024-06189-0,article,Applied Intelligence,https://openalex.org/W4406033559
Applied Intelligence,Springer Nature,2025,2025-01-06,A self-calibration algorithm for soil moisture sensors using deep learning,Diego Alberto Aranda Britez; Alejandro Tapia Córdoba; Pablo Millán Gata,55,4,10.1007/s10489-024-05921-0,https://doi.org/10.1007/s10489-024-05921-0,article,Applied Intelligence,https://openalex.org/W4406105676
Applied Intelligence,Springer Nature,2025,2025-01-06,A self-correction algorithm for transparent object shadow detection,Jiaqi Li; Shuhuan Wen; Rongting Chen; Di Lu; Jianyi Hu; Hong Zhang,55,4,10.1007/s10489-024-06001-z,https://doi.org/10.1007/s10489-024-06001-z,book-chapter,Applied Intelligence,https://openalex.org/W4406110658
Applied Intelligence,Springer Nature,2025,2025-01-07,A novel embedded cross framework for high-resolution salient object detection,Baoyu Wang; Mao Yang; Pingping Cao; Yan Liu,55,4,10.1007/s10489-024-06073-x,https://doi.org/10.1007/s10489-024-06073-x,article,Applied Intelligence,https://openalex.org/W4406129025
Applied Intelligence,Springer Nature,2025,2025-01-07,Enhanced causal effects estimation based on offline reinforcement learning,Huan Xia; Chaozhe Jiang; Chenyang Zhang,55,4,10.1007/s10489-024-06009-5,https://doi.org/10.1007/s10489-024-06009-5,article,Applied Intelligence,https://openalex.org/W4406149362
Applied Intelligence,Springer Nature,2025,2025-01-08,A comparative study of handling imbalanced data using generative adversarial networks for machine learning based software fault prediction,Ha Thi Minh Phuong; Pham Vu Thu Nguyet; Nguyen Huu Nhat Minh; Le Thi My Hanh; Nguyen Thanh Binh,55,4,10.1007/s10489-024-05930-z,https://doi.org/10.1007/s10489-024-05930-z,article,Applied Intelligence,https://openalex.org/W4406184536
Applied Intelligence,Springer Nature,2025,2025-01-08,DDet3D: embracing 3D object detector with diffusion,Gopi Krishna Erabati; Hélder Araújo,55,4,10.1007/s10489-024-06045-1,https://doi.org/10.1007/s10489-024-06045-1,article,Applied Intelligence,https://openalex.org/W4406166104
Applied Intelligence,Springer Nature,2025,2025-01-08,DeepSCNN: a simplicial convolutional neural network for deep learning,Chunyang Tang; Zhonglin Ye; Haixing Zhao; Libing Bai; Jingjing Lin,55,4,10.1007/s10489-024-06121-6,https://doi.org/10.1007/s10489-024-06121-6,article,Applied Intelligence,https://openalex.org/W4406177494
Applied Intelligence,Springer Nature,2025,2025-01-08,Enhancing few-shot learning using targeted mixup,Yaw Darkwah; Dae-Ki Kang,55,4,10.1007/s10489-024-06157-8,https://doi.org/10.1007/s10489-024-06157-8,article,Applied Intelligence,https://openalex.org/W4406151054
Applied Intelligence,Springer Nature,2025,2025-01-08,Utility-based agent model for intermodal behaviors: a case study for urban toll in Lille,Azise Oumar Diallo; Guillaume Lozenguez; Arnaud Doniec; René Mandiau,55,4,10.1007/s10489-024-05869-1,https://doi.org/10.1007/s10489-024-05869-1,article,Applied Intelligence,https://openalex.org/W4406192539
Applied Intelligence,Springer Nature,2025,2025-01-09,A new multivariate decomposition-ensemble approach with denoised neighborhood rough set for stock price forecasting over time-series information system,Juncheng Bai; Bingzhen Sun; Yuqi Guo; Xiaoli Chu,55,4,10.1007/s10489-024-06070-0,https://doi.org/10.1007/s10489-024-06070-0,article,Applied Intelligence,https://openalex.org/W4406192187
Applied Intelligence,Springer Nature,2025,2025-01-09,Adaptive spiking neuron with population coding for a residual spiking neural network,Yongping Dan; Changhao Sun; Hengyi Li; Lin Meng,55,4,10.1007/s10489-024-06128-z,https://doi.org/10.1007/s10489-024-06128-z,article,Applied Intelligence,https://openalex.org/W4406234932
Applied Intelligence,Springer Nature,2025,2025-01-09,Application of switching-input LSTM network for vessel trajectory prediction,Weihong Wang; Yi Zuo; Licheng Zhao; Peng Jia; Haibo Kuang,55,4,10.1007/s10489-024-06079-5,https://doi.org/10.1007/s10489-024-06079-5,article,Applied Intelligence,https://openalex.org/W4406217724
Applied Intelligence,Springer Nature,2025,2025-01-09,EMD empowered neural network for predicting spatio-temporal non-stationary channel in UAV communications,Qiuyun Zhang; Qiumei Guo; Hong Jiang; Xinfan Yin; Muhammad Umer Mushtaq; Ying Luo; Wu Chun,55,4,10.1007/s10489-024-06165-8,https://doi.org/10.1007/s10489-024-06165-8,article,Applied Intelligence,https://openalex.org/W4406193232
Applied Intelligence,Springer Nature,2025,2025-01-09,F2RAIL: panoptic segmentation integrating Fpn and transFormer towards RAILway,Bai Dingyuan; Guo Baoqing; Tao Ruan; Zhou Xingfang; Sun Tao; Yu Wang; Tao Liu,55,4,10.1007/s10489-024-06158-7,https://doi.org/10.1007/s10489-024-06158-7,article,Applied Intelligence,https://openalex.org/W4406221665
Applied Intelligence,Springer Nature,2025,2025-01-09,Visible and thermal image fusion network with diffusion models for high-level visual tasks,Jin Meng; Jiahui Zou; Zhuoheng Xiang; Cui Wang; Shifeng Wang; Yan Li; Jonghyuk Kim,55,4,10.1007/s10489-024-06210-6,https://doi.org/10.1007/s10489-024-06210-6,article,Applied Intelligence,https://openalex.org/W4406227237
Applied Intelligence,Springer Nature,2025,2025-01-10,A two-stage cyberbullying detection based on multi-view features and decision fusion strategy,Tingting Li; Ziming Zeng; Shouqiang Sun,55,4,10.1007/s10489-024-06049-x,https://doi.org/10.1007/s10489-024-06049-x,article,Applied Intelligence,https://openalex.org/W4406232008
Applied Intelligence,Springer Nature,2025,2025-01-10,An efficient PSO-based evolutionary model for closed high-utility itemset mining,Simen Carstensen; Jerry Chun‐Wei Lin,55,4,10.1007/s10489-024-06151-0,https://doi.org/10.1007/s10489-024-06151-0,article,Applied Intelligence,https://openalex.org/W4406247225
Applied Intelligence,Springer Nature,2025,2025-01-10,Effectiveness of encoder-decoder deep learning approach for colorectal polyp segmentation in colonoscopy images,Ameer Hamza; Muhammad Qamar Bilal; Muhammad Ramzan; Nadia Shamshad Malik,55,4,10.1007/s10489-024-06167-6,https://doi.org/10.1007/s10489-024-06167-6,article,Applied Intelligence,https://openalex.org/W4406234191
Applied Intelligence,Springer Nature,2025,2025-01-10,Multi-level adaptive feature representation based on task augmentation for Cross-Domain Few-Shot learning,Ling Yue; Lin Feng; Qiuping Shuai; Zihao Li; Lingxiao Xu,55,4,10.1007/s10489-024-06110-9,https://doi.org/10.1007/s10489-024-06110-9,book-chapter,Applied Intelligence,https://openalex.org/W4406246809
Applied Intelligence,Springer Nature,2025,2025-01-10,Three-way conflict analysis based on multi-scale situation tables,C.-C. Lu; Hai-Long Yang; Zhi-Lian Guo,55,4,10.1007/s10489-024-06188-1,https://doi.org/10.1007/s10489-024-06188-1,article,Applied Intelligence,https://openalex.org/W4406231926
Applied Intelligence,Springer Nature,2025,2025-01-11,A chaotic variant of the Golden Jackal Optimizer and its application for medical image segmentation,Amir Hamza; Morad Grimes; Abdelkrim Boukabou; Badis Lekouaghet; Diego A. Oliva; Samira Dib; Yassine Himeur,55,4,10.1007/s10489-024-06084-8,https://doi.org/10.1007/s10489-024-06084-8,article,Applied Intelligence,https://openalex.org/W4406273308
Applied Intelligence,Springer Nature,2025,2025-01-11,Crowd evacuation path planning and simulation method based on deep reinforcement learning and repulsive force field,Hongyue Wang; Liu Hong; Wenhao Li,55,4,10.1007/s10489-024-06074-w,https://doi.org/10.1007/s10489-024-06074-w,article,Applied Intelligence,https://openalex.org/W4406275100
Applied Intelligence,Springer Nature,2025,2025-01-11,Cyclic deformable medical image registration with prompt: deep fusion of diffeomorphic and transformer methods,Longhao Li; Li Li; Yunfeng Zhang; Fangxun Bao; Xunxiang Yao; Caiming Zhang,55,4,10.1007/s10489-025-06232-8,https://doi.org/10.1007/s10489-025-06232-8,article,Applied Intelligence,https://openalex.org/W4406273278
Applied Intelligence,Springer Nature,2025,2025-01-11,Skeleton-based human action recognition using LSTM and depthwise separable convolutional neural network,Hoangcong Le; Cheng‐Kai Lu; Chen-Chien James Hsu; Shao-Kang Huang,55,5,10.1007/s10489-024-06082-w,https://doi.org/10.1007/s10489-024-06082-w,article,Applied Intelligence,https://openalex.org/W4406279706
Applied Intelligence,Springer Nature,2025,2025-01-13,CaVIT: An integrated method for image style transfer using parallel CNN and vision transformer,Zaifang Zhang; Shunlu Lu; Qing Guo; Nan Gao; YuXiao Yang,55,5,10.1007/s10489-024-06114-5,https://doi.org/10.1007/s10489-024-06114-5,article,Applied Intelligence,https://openalex.org/W4406333429
Applied Intelligence,Springer Nature,2025,2025-01-13,DGMI: A diffusion-based generative adversarial framework for multivariate air quality imputation,Nuo Cheng; Qingjian Ni,55,5,10.1007/s10489-025-06240-8,https://doi.org/10.1007/s10489-025-06240-8,article,Applied Intelligence,https://openalex.org/W4406332112
Applied Intelligence,Springer Nature,2025,2025-01-13,DGT: Depth-guided RGB-D occluded target detection with transformers,Kaiqiang Xu; Chunyan Wang; Wanzhong Zhao; Jinqiang Liu,55,5,10.1007/s10489-024-06192-5,https://doi.org/10.1007/s10489-024-06192-5,article,Applied Intelligence,https://openalex.org/W4406298121
Applied Intelligence,Springer Nature,2025,2025-01-13,Enhancing suicidal ideation detection through advanced feature selection and stacked deep learning models,Shiv Shankar Prasad Shukla; Maheshwari Prasad Singh,55,5,10.1007/s10489-025-06256-0,https://doi.org/10.1007/s10489-025-06256-0,article,Applied Intelligence,https://openalex.org/W4406334249
Applied Intelligence,Springer Nature,2025,2025-01-13,From spatial to semantic: attribute-aware fashion similarity learning via iterative positioning and attribute diverging,Yongquan Wan; Jianfei Zheng; Cairong Yan; Guobing Zou,55,5,10.1007/s10489-024-06173-8,https://doi.org/10.1007/s10489-024-06173-8,article,Applied Intelligence,https://openalex.org/W4406335567
Applied Intelligence,Springer Nature,2025,2025-01-13,Intelligent gear shifting strategy of mining truck based on deep learning and real-time vehicle condition,Qinghua Su; Xiaoyu Xu; Liyong Wang; Dingge Zhang; Min Xie; Pengbo Zhang,55,5,10.1007/s10489-024-06142-1,https://doi.org/10.1007/s10489-024-06142-1,article,Applied Intelligence,https://openalex.org/W4406295195
Applied Intelligence,Springer Nature,2025,2025-01-13,LSTM-SVM-Weibull modeling for decommissioning amount prediction of power batteries based on attention mechanism and ISPBO algorithm,Mengna Zhao; Shiping Chen,55,5,10.1007/s10489-024-05941-w,https://doi.org/10.1007/s10489-024-05941-w,article,Applied Intelligence,https://openalex.org/W4406333863
Applied Intelligence,Springer Nature,2025,2025-01-13,MPBE: Multi-perspective boundary enhancement network for aspect sentiment triplet extraction,Kun Yang; Liansong Zong; Mingwei Tang; Yanxi Zheng; Yu-Jung Chen; Mingfeng Zhao; Zhongyuan Jiang,55,5,10.1007/s10489-024-06144-z,https://doi.org/10.1007/s10489-024-06144-z,article,Applied Intelligence,https://openalex.org/W4406299490
Applied Intelligence,Springer Nature,2025,2025-01-13,Privacy constrained fairness estimation for decision trees,Florian van der Steen; Fré Vink; Heysem Kaya,55,5,10.1007/s10489-024-05953-6,https://doi.org/10.1007/s10489-024-05953-6,article,Applied Intelligence,https://openalex.org/W4406331630
Applied Intelligence,Springer Nature,2025,2025-01-13,The relationship among some special concepts from the perspective of formal context restoration,Siyu Zhao; Jianjun Qi; Ling Wei; Qing Wan,55,5,10.1007/s10489-025-06227-5,https://doi.org/10.1007/s10489-025-06227-5,article,Applied Intelligence,https://openalex.org/W4406346475
Applied Intelligence,Springer Nature,2025,2025-01-14,A learning artificial visual system and its application to orientation detection,Tianqi Chen; Yuki Kobayashi; Chenyang Yan; Zhiyu Qiu; Yuxiao Hua; Yuki Todo; Zheng Tang,55,5,10.1007/s10489-024-05991-0,https://doi.org/10.1007/s10489-024-05991-0,article,Applied Intelligence,https://openalex.org/W4406315939
Applied Intelligence,Springer Nature,2025,2025-01-14,A meta-heuristic approach to estimate and explain classifier uncertainty,Andrew David Houston; Georgina Cosma,55,5,10.1007/s10489-024-06127-0,https://doi.org/10.1007/s10489-024-06127-0,article,Applied Intelligence,https://openalex.org/W4406376099
Applied Intelligence,Springer Nature,2025,2025-01-14,Autonomous navigation of UAV in complex environment : a deep reinforcement learning method based on temporal attention,Shuyuan Liu; Shufan Zou; Xinghua Chang; Huayong Liu; Laiping Zhang; Xiaogang Deng,55,5,10.1007/s10489-024-06036-2,https://doi.org/10.1007/s10489-024-06036-2,article,Applied Intelligence,https://openalex.org/W4406378216
Applied Intelligence,Springer Nature,2025,2025-01-14,Counterfactual regret minimization for the safety verification of autonomous driving,Yong Wang; Pengchao Sun; Daifeng Zhang; Yanqiang Li,55,5,10.1007/s10489-024-06194-3,https://doi.org/10.1007/s10489-024-06194-3,article,Applied Intelligence,https://openalex.org/W4406380313
Applied Intelligence,Springer Nature,2025,2025-01-14,Enhanced interpretation of novel datasets by summarizing clustering results using deep-learning based linguistic models,Karthik V. Natarajan; Srikar Verma; Dheeraj Kumar,55,5,10.1007/s10489-025-06250-6,https://doi.org/10.1007/s10489-025-06250-6,article,Applied Intelligence,https://openalex.org/W4406340363
Applied Intelligence,Springer Nature,2025,2025-01-14,"FineDiffusion: scaling up diffusion models for fine-grained image generation with 10,000 classes",Ziying Pan; Kun Wang; Gang Li; Feihong He; Yongxuan Lai,55,5,10.1007/s10489-024-06215-1,https://doi.org/10.1007/s10489-024-06215-1,article,Applied Intelligence,https://openalex.org/W4406315933
Applied Intelligence,Springer Nature,2025,2025-01-14,Personalized federated knowledge graph embedding with client-wise relation graph,Xiaoxiong Zhang; Zhiwei Zeng; Xin Zhou; Dusit Tao Niyato; Zhiqi Shen,55,5,10.1007/s10489-024-06211-5,https://doi.org/10.1007/s10489-024-06211-5,article,Applied Intelligence,https://openalex.org/W4406378170
Applied Intelligence,Springer Nature,2025,2025-01-14,Research on small-scale face detection methods in dense scenes,Yuan Cao; Bei Zhang; Changqing Wang; Meng Wang,55,5,10.1007/s10489-025-06231-9,https://doi.org/10.1007/s10489-025-06231-9,article,Applied Intelligence,https://openalex.org/W4406380237
Applied Intelligence,Springer Nature,2025,2025-01-14,SSSA: low data sentiment analysis using boosting semi-supervised approach and deep feature learning network,Shima Rashidi; Jafar Tanha; Arash Sharifi; Mehdi Hosseinzadeh,55,5,10.1007/s10489-024-06071-z,https://doi.org/10.1007/s10489-024-06071-z,article,Applied Intelligence,https://openalex.org/W4406323599
Applied Intelligence,Springer Nature,2025,2025-01-14,STNeRF: symmetric triplane neural radiance fields for novel view synthesis from single-view vehicle images,Zhao Liu; Zhongliang Fu; Gang Li; J. Y. Hu; Yang Yang,55,5,10.1007/s10489-024-06005-9,https://doi.org/10.1007/s10489-024-06005-9,article,Applied Intelligence,https://openalex.org/W4406375609
Applied Intelligence,Springer Nature,2025,2025-01-14,Self-supervised motion forecasting with local information interaction in autonomous driving,Xinyu Lei; Longjun Liu; Haoteng Li; Haonan Zhang,55,5,10.1007/s10489-024-06030-8,https://doi.org/10.1007/s10489-024-06030-8,article,Applied Intelligence,https://openalex.org/W4406341480
Applied Intelligence,Springer Nature,2025,2025-01-14,TSHDNet: temporal-spatial heterogeneity decoupling network for multi-mode traffic flow prediction,Mei Wu; Wenchao Weng; Xinran Wang; Dewen Seng,55,5,10.1007/s10489-024-06218-y,https://doi.org/10.1007/s10489-024-06218-y,article,Applied Intelligence,https://openalex.org/W4406375596
Applied Intelligence,Springer Nature,2025,2025-01-14,TableGPT: a novel table understanding method based on table recognition and large language model collaborative enhancement,Yijun Ren; Chenglong Yu; Weibin Li; Wei Li; Wei Li; Wei Li; Zixuan Zhu; Tianyi Zhang; Chenhao Qin; Wenbo Ji; Jianjun Zhang,55,5,10.1007/s10489-024-05937-6,https://doi.org/10.1007/s10489-024-05937-6,article,Applied Intelligence,https://openalex.org/W4406315890
Applied Intelligence,Springer Nature,2025,2025-01-14,Three-way reductions of conflict analysis based on relation matrices and integration measures,Jiang Chen; Xianyong Zhang,55,5,10.1007/s10489-024-06020-w,https://doi.org/10.1007/s10489-024-06020-w,article,Applied Intelligence,https://openalex.org/W4406340057
Applied Intelligence,Springer Nature,2025,2025-01-15,Cross-project defect prediction based on autoencoder with dynamic adversarial adaptation,Wen Zhang; Jiangpeng Zhao; Guangjie Qin; Song Wang,55,5,10.1007/s10489-024-06087-5,https://doi.org/10.1007/s10489-024-06087-5,article,Applied Intelligence,https://openalex.org/W4406421069
Applied Intelligence,Springer Nature,2025,2025-01-15,Time optimal trajectory planning of robotic arm based on improved sand cat swarm optimization algorithm,Zhenkun Lu; Zhichao You; B. Xia,55,5,10.1007/s10489-024-06124-3,https://doi.org/10.1007/s10489-024-06124-3,article,Applied Intelligence,https://openalex.org/W4406399813
Applied Intelligence,Springer Nature,2025,2025-01-16,A temporal-spatial encoder convolutional network model for multitasking prediction,Chengying Zhao; Huaitao Shi; Xianzhen Huang; Yongchao Zhang; Fengxia He,55,5,10.1007/s10489-024-06145-y,https://doi.org/10.1007/s10489-024-06145-y,article,Applied Intelligence,https://openalex.org/W4406408364
Applied Intelligence,Springer Nature,2025,2025-01-16,DiffGen: a data-driven framework for generating truncated differentials,Mohamed Fadl Idris; Je Sen Teh; Mohd Najwadi Yusoff,55,5,10.1007/s10489-025-06248-0,https://doi.org/10.1007/s10489-025-06248-0,article,Applied Intelligence,https://openalex.org/W4406476207
Applied Intelligence,Springer Nature,2025,2025-01-16,Fooling machine learning models: a novel out-of-distribution attack through generative adversarial networks,Hailong Hu; Jun Pang,55,5,10.1007/s10489-024-05974-1,https://doi.org/10.1007/s10489-024-05974-1,article,Applied Intelligence,https://openalex.org/W4406482134
Applied Intelligence,Springer Nature,2025,2025-01-16,Hybridization of differential evolution and particle swarm optimization with distributed acceleration constants to solve economic load dispatch problem,Naresh Kumar Yadav,55,5,10.1007/s10489-024-06051-3,https://doi.org/10.1007/s10489-024-06051-3,article,Applied Intelligence,https://openalex.org/W4406430739
Applied Intelligence,Springer Nature,2025,2025-01-16,Knowledge-aware recommendation based on hypergraph representation learning and transformer model optimization,Yuqi Zuo; Yunfeng Zhang; Qiuyue Zhang; Wenbo Zhang,55,5,10.1007/s10489-025-06257-z,https://doi.org/10.1007/s10489-025-06257-z,article,Applied Intelligence,https://openalex.org/W4406408514
Applied Intelligence,Springer Nature,2025,2025-01-16,STViT+: improving self-supervised multi-camera depth estimation with spatial-temporal context and adversarial geometry regularization,Zhuo Chen; Haimei Zhao; Xiaoshuai Hao; Bo Yuan; Xiu Li,55,5,10.1007/s10489-024-06191-6,https://doi.org/10.1007/s10489-024-06191-6,book-chapter,Applied Intelligence,https://openalex.org/W4406479954
Applied Intelligence,Springer Nature,2025,2025-01-16,Symmetric perception and ordinal regression for detecting scoliosis natural image,Xiaojia Zhu; Rui Chen; Xiaoqi Guo; Zhiwen Shao; Yuhu Dai; Ming Zhang; Chuandong Lang,55,5,10.1007/s10489-024-05849-5,https://doi.org/10.1007/s10489-024-05849-5,article,Applied Intelligence,https://openalex.org/W4404986850
Applied Intelligence,Springer Nature,2025,2025-01-16,Two-stage graph attention networks and Q-learning based maintenance tasks scheduling,Xiaoyong Gao; Diao Peng; Yixu Yang; Fuyu Huang; Yu Han Yuan; Chaodong Tan; Li Fei-Fei,55,5,10.1007/s10489-025-06249-z,https://doi.org/10.1007/s10489-025-06249-z,article,Applied Intelligence,https://openalex.org/W4406473027
Applied Intelligence,Springer Nature,2025,2025-01-17,A knowledge graph completion model based on weighted fusion description information and transform of the dimension and the scale,Panfei Yin; Erping Zhao; ‘ BianBaDroMa; Ngodrup,55,5,10.1007/s10489-025-06230-w,https://doi.org/10.1007/s10489-025-06230-w,article,Applied Intelligence,https://openalex.org/W4406451176
Applied Intelligence,Springer Nature,2025,2025-01-17,An LSTM approach to predict emergency events using spatial features,Felipe Vieira Roque; Antônio Augusto Fröhlich; Mateus Grellert,55,5,10.1007/s10489-025-06261-3,https://doi.org/10.1007/s10489-025-06261-3,article,Applied Intelligence,https://openalex.org/W4406448719
Applied Intelligence,Springer Nature,2025,2025-01-17,Discriminative identification of redundant features for multi-label feature selection,Qingwei Jia; Tingquan Deng; Ziang Zhang; Yan Wang; Changzhong Wang,55,5,10.1007/s10489-025-06258-y,https://doi.org/10.1007/s10489-025-06258-y,article,Applied Intelligence,https://openalex.org/W4406456949
Applied Intelligence,Springer Nature,2025,2025-01-17,Double-level discriminative domain adaptation network for cross-domain fault diagnosis,Yufeng Li; Xinghan Xu; Lei Hu; Kai Sun; Min Han,55,5,10.1007/s10489-024-06016-6,https://doi.org/10.1007/s10489-024-06016-6,article,Applied Intelligence,https://openalex.org/W4406449246
Applied Intelligence,Springer Nature,2025,2025-01-17,Forecasting PPI components using a hybrid hierarchical prediction framework with parameter adaptive transfer algorithm,Jiaming Zhu; Dai Wan; Jie Wu; Xiang Zhang; Huayou Chen,55,5,10.1007/s10489-025-06275-x,https://doi.org/10.1007/s10489-025-06275-x,article,Applied Intelligence,https://openalex.org/W4406485364
Applied Intelligence,Springer Nature,2025,2025-01-17,Novel adaptive predefined-time complete tracking control of nonlinear systems via ELM,Chunwu Yin; Saleem Riaz,55,5,10.1007/s10489-024-06153-y,https://doi.org/10.1007/s10489-024-06153-y,article,Applied Intelligence,https://openalex.org/W4406547097
Applied Intelligence,Springer Nature,2025,2025-01-17,Real-time trajectory prediction of a ping-pong ball using a GRU-TAE,Baptiste Toussaint; Maxime Raison,55,5,10.1007/s10489-024-06204-4,https://doi.org/10.1007/s10489-024-06204-4,article,Applied Intelligence,https://openalex.org/W4406483886
Applied Intelligence,Springer Nature,2025,2025-01-17,Transformer-based neural marked spatio temporal point process model for analyzing football match events,Calvin Yeung; Tony Sit; Keisuke Fujii,55,5,10.1007/s10489-024-05996-9,https://doi.org/10.1007/s10489-024-05996-9,article,Applied Intelligence,https://openalex.org/W4406452079
Applied Intelligence,Springer Nature,2025,2025-01-17,User similarity-based graph convolutional neural network for shilling attack detection,Yan Zhang; Qingbo Hao; Wenguang Zheng; Yingyuan Xiao,55,5,10.1007/s10489-025-06254-2,https://doi.org/10.1007/s10489-025-06254-2,article,Applied Intelligence,https://openalex.org/W4406485587
Applied Intelligence,Springer Nature,2025,2025-01-18,Adaptive archive exploitation for Gaussian estimation of distribution algorithm,Dongmin Zhao; Yi Tian; Lingshun Zeng; Chunquan Liang,55,5,10.1007/s10489-025-06237-3,https://doi.org/10.1007/s10489-025-06237-3,article,Applied Intelligence,https://openalex.org/W4406580152
Applied Intelligence,Springer Nature,2025,2025-01-18,Automatic pruning rate adjustment for dynamic token reduction in vision transformer,Ryuto Ishibashi; Lin Meng,55,5,10.1007/s10489-025-06265-z,https://doi.org/10.1007/s10489-025-06265-z,article,Applied Intelligence,https://openalex.org/W4406505715
Applied Intelligence,Springer Nature,2025,2025-01-18,Matrix-based incremental local feature selection with dynamic covering granularity,Qi Shi; Yan-Lan Zhang,55,5,10.1007/s10489-025-06253-3,https://doi.org/10.1007/s10489-025-06253-3,article,Applied Intelligence,https://openalex.org/W4406577462
Applied Intelligence,Springer Nature,2025,2025-01-18,Multi-view prototype balance and temporary proxy constraint for exemplar-free class-incremental learning,Heng Tian; Qian Zhang; Zhe Wang; Yu Zhang; Xinlei Xu; Zhiling Fu,55,5,10.1007/s10489-025-06233-7,https://doi.org/10.1007/s10489-025-06233-7,article,Applied Intelligence,https://openalex.org/W4406588138
Applied Intelligence,Springer Nature,2025,2025-01-18,The synchronisation control of fractional 4-D quantum game chaotic map with its application in image encryption,Zeyu Liu; Binshuai Feng; Yuxin Yao; Xujing Wang,55,5,10.1007/s10489-025-06281-z,https://doi.org/10.1007/s10489-025-06281-z,article,Applied Intelligence,https://openalex.org/W4406548715
Applied Intelligence,Springer Nature,2025,2025-01-20,A masked autoencoder network for spatiotemporal predictive learning,Fengzhen Sun; Weidong Jin,55,5,10.1007/s10489-024-06214-2,https://doi.org/10.1007/s10489-024-06214-2,article,Applied Intelligence,https://openalex.org/W4406593726
Applied Intelligence,Springer Nature,2025,2025-01-20,BAM-SORT: border-guided activated matching for online multi-object tracking,Yuan Chao; Huaiyang Zhu; Hengyu Lu,55,5,10.1007/s10489-024-06037-1,https://doi.org/10.1007/s10489-024-06037-1,article,Applied Intelligence,https://openalex.org/W4406632316
Applied Intelligence,Springer Nature,2025,2025-01-20,Deep reinforcement learning portfolio model based on mixture of experts,Ziqiang Wei; Deng Chen; Yanduo Zhang; Dawei Wen; Xin Nie; Liang Xie,55,5,10.1007/s10489-025-06242-6,https://doi.org/10.1007/s10489-025-06242-6,article,Applied Intelligence,https://openalex.org/W4406633991
Applied Intelligence,Springer Nature,2025,2025-01-20,Retraction Note: A framework to evaluate the barriers for adopting the internet of medical things using the extended generalized TODIM method under the hesitant fuzzy environment,Khalid A. Alattas; Qun Wu,55,5,10.1007/s10489-024-06187-2,https://doi.org/10.1007/s10489-024-06187-2,retraction,Applied Intelligence,https://openalex.org/W4406624802
Applied Intelligence,Springer Nature,2025,2025-01-20,Semantic-spatial guided context propagation network for camouflaged object detection,Junchao Ren; Qiao Zhang; Bingbing Kang; Yuxi Zhong; Min He; Yanliang Ge; Hongbo Bi,55,5,10.1007/s10489-025-06264-0,https://doi.org/10.1007/s10489-025-06264-0,article,Applied Intelligence,https://openalex.org/W4406596887
Applied Intelligence,Springer Nature,2025,2025-01-20,Sine and cosine based learning rate for gradient descent method,Krutika Verma; Abyayananda Maiti,55,5,10.1007/s10489-025-06235-5,https://doi.org/10.1007/s10489-025-06235-5,article,Applied Intelligence,https://openalex.org/W4406633685
Applied Intelligence,Springer Nature,2025,2025-01-21,A convex Kullback-Leibler divergence and critical-descriptor prototypes for semi-supervised few-shot learning,Yukun Liu; Daming Shi,55,5,10.1007/s10489-025-06239-1,https://doi.org/10.1007/s10489-025-06239-1,article,Applied Intelligence,https://openalex.org/W4406689035
Applied Intelligence,Springer Nature,2025,2025-01-21,Contrastive pre-training and instruction tuning for cross-lingual aspect-based sentiment analysis,Wenwen Zhao; Zhisheng Yang; Yu Song; Shiyu Zhu; Li Li,55,5,10.1007/s10489-025-06251-5,https://doi.org/10.1007/s10489-025-06251-5,article,Applied Intelligence,https://openalex.org/W4406679848
Applied Intelligence,Springer Nature,2025,2025-01-21,Contrastive prototype loss based discriminative feature network for few-shot learning,Leilei Yan; Feihong He; Xiaohan Zheng; Li Zhang; Yiqi Zhang; Jiangzhen He; Weidong Du; Yansong Wang; Fanzhang Li,55,5,10.1007/s10489-025-06234-6,https://doi.org/10.1007/s10489-025-06234-6,article,Applied Intelligence,https://openalex.org/W4406685911
Applied Intelligence,Springer Nature,2025,2025-01-21,CrowdFPN: crowd counting via scale-enhanced and location-aware feature pyramid network,Ying Yu; Feng Zhu; Jin H. Qian; Hamido Fujita; Jiamao Yu; Kangli Zeng; Enhong Chen,55,5,10.1007/s10489-025-06263-1,https://doi.org/10.1007/s10489-025-06263-1,article,Applied Intelligence,https://openalex.org/W4406676608
Applied Intelligence,Springer Nature,2025,2025-01-21,Deep subspace clustering via latent representation learning,Shenglei Pei; Qinghao Han; Zepu Hao; Hong Zhao,55,5,10.1007/s10489-025-06255-1,https://doi.org/10.1007/s10489-025-06255-1,article,Applied Intelligence,https://openalex.org/W4406629467
Applied Intelligence,Springer Nature,2025,2025-01-21,Extended topic classification utilizing LDA and BERTopic: A call center case study on robot agents and human agents,Nevra Kazancı,55,5,10.1007/s10489-024-06106-5,https://doi.org/10.1007/s10489-024-06106-5,article,Applied Intelligence,https://openalex.org/W4406689310
Applied Intelligence,Springer Nature,2025,2025-01-21,Graph reconstruction and attraction method for community detection,Xunlian Wu; Da Teng; Han Zhang; Jingqi Hu; Yining Quan; Qiguang Miao; Peng Gang Sun,55,5,10.1007/s10489-024-05858-4,https://doi.org/10.1007/s10489-024-05858-4,article,Applied Intelligence,https://openalex.org/W4406681441
Applied Intelligence,Springer Nature,2025,2025-01-21,Neural network adaptive terminal sliding mode trajectory tracking control for mechanical leg systems with uncertainty,Minbo Chen; Likun Hu; Zhifeng Liao,55,5,10.1007/s10489-025-06228-4,https://doi.org/10.1007/s10489-025-06228-4,article,Applied Intelligence,https://openalex.org/W4406683718
Applied Intelligence,Springer Nature,2025,2025-01-21,Novel dropout approach for mitigating over-smoothing in graph neural networks,El houssaine Hssayni; Ali Boufssasse; Nour‐Eddine Joudar; Mohamed Ettaouil,55,5,10.1007/s10489-025-06285-9,https://doi.org/10.1007/s10489-025-06285-9,article,Applied Intelligence,https://openalex.org/W4406633762
Applied Intelligence,Springer Nature,2025,2025-01-22,A modified dueling DQN algorithm for robot path planning incorporating priority experience replay and artificial potential fields,Chang Li; Xiaofeng Yue; Zeyuan Liu; Guoyuan Ma; Hongbo Zhang; Yuan Zhou; Juan Zhu,55,6,10.1007/s10489-024-06149-8,https://doi.org/10.1007/s10489-024-06149-8,article,Applied Intelligence,https://openalex.org/W4406705755
Applied Intelligence,Springer Nature,2025,2025-01-22,A non-parameter oversampling approach for imbalanced data classification based on hybrid natural neighbors,Junyue Lin; Lu Liang,55,5,10.1007/s10489-025-06236-4,https://doi.org/10.1007/s10489-025-06236-4,article,Applied Intelligence,https://openalex.org/W4406642482
Applied Intelligence,Springer Nature,2025,2025-01-22,A review of the emotion recognition model of robots,Mingyi Zhao; Linrui Gong; Abdul Sattar Din,55,6,10.1007/s10489-025-06245-3,https://doi.org/10.1007/s10489-025-06245-3,article,Applied Intelligence,https://openalex.org/W4406715887
Applied Intelligence,Springer Nature,2025,2025-01-22,Insulator defect detection from aerial images in adverse weather conditions,Song Deng; Lin Chen; Yi He,55,6,10.1007/s10489-025-06280-0,https://doi.org/10.1007/s10489-025-06280-0,article,Applied Intelligence,https://openalex.org/W4406716708
Applied Intelligence,Springer Nature,2025,2025-01-22,Knowledge guided relation enhancement for human-object interaction detection,Rui Su; Yongbin Gao; Wenjun Yu; Chenmou Wu; Xiaoyan Jiang; Shubo Zhou,55,6,10.1007/s10489-025-06279-7,https://doi.org/10.1007/s10489-025-06279-7,article,Applied Intelligence,https://openalex.org/W4406721913
Applied Intelligence,Springer Nature,2025,2025-01-23,Advances in deep neural network-based hyperspectral image classification and feature learning with limited samples: a survey,Farhan Ullah; Irfan Ullah; Khalil Khan; Salabat Khan; Farhan Amin,55,6,10.1007/s10489-024-06139-w,https://doi.org/10.1007/s10489-024-06139-w,article,Applied Intelligence,https://openalex.org/W4406746504
Applied Intelligence,Springer Nature,2025,2025-01-23,Fake advertisements detection using automated multimodal learning: a case study for Vietnamese real estate data,Duy Duan Nguyen; Trung Thanh Nguyen; Cuong V. Nguyen,55,6,10.1007/s10489-025-06238-2,https://doi.org/10.1007/s10489-025-06238-2,article,Applied Intelligence,https://openalex.org/W4406736175
Applied Intelligence,Springer Nature,2025,2025-01-23,Multi-instance embedding space set-kernel fusion with discriminability metric,Mei Yang; Jingyu Zhang; Pan Zhen; Fan Min,55,6,10.1007/s10489-024-06160-z,https://doi.org/10.1007/s10489-024-06160-z,article,Applied Intelligence,https://openalex.org/W4406747424
Applied Intelligence,Springer Nature,2025,2025-01-23,RWGCN: Random walk graph convolutional network for group activity recognition,Junpeng Kang; Jing Zhang; Lin Chen; Hui Zhang; Zhuo Li,55,6,10.1007/s10489-024-06017-5,https://doi.org/10.1007/s10489-024-06017-5,article,Applied Intelligence,https://openalex.org/W4406762573
Applied Intelligence,Springer Nature,2025,2025-01-24,A novel sub-model selection algorithm considering model interactions in combination forecasting for carbon price forecasting,Jingling Yang; Liren Chen; Huayou Chen,55,6,10.1007/s10489-025-06252-4,https://doi.org/10.1007/s10489-025-06252-4,article,Applied Intelligence,https://openalex.org/W4406808853
Applied Intelligence,Springer Nature,2025,2025-01-24,Multimodal information fusion detection of fall-related disability based on video images and sensing signals,Yuke Qiu; Yuchen He; Yangwei Ying; Xiaoyu Ma; Hong Zhou; Kewei Liang,55,6,10.1007/s10489-024-06193-4,https://doi.org/10.1007/s10489-024-06193-4,article,Applied Intelligence,https://openalex.org/W4406804111
Applied Intelligence,Springer Nature,2025,2025-01-24,Room-level localization method in industrial workshops using LiDAR-based point cloud registration and object recognition,Yunzhi Li; Libin Tan; Xiang‐Rong Xu; Zequn Zhang,55,6,10.1007/s10489-025-06244-4,https://doi.org/10.1007/s10489-025-06244-4,article,Applied Intelligence,https://openalex.org/W4406799916
Applied Intelligence,Springer Nature,2025,2025-01-26,The utility of hyperplane angle metric in detecting financial concept drift,ZhiPeng Jiang; Dengyi Zhang; Xiaolei Luo; Fazhi He,55,6,10.1007/s10489-025-06292-w,https://doi.org/10.1007/s10489-025-06292-w,article,Applied Intelligence,https://openalex.org/W4406878801
Applied Intelligence,Springer Nature,2025,2025-01-27,Rate maximization based on soft actor-critic reset for RIS-assisted MU-MISO symbiotic radio systems,Kaitian Cao; Yancheng Ji,55,6,10.1007/s10489-025-06297-5,https://doi.org/10.1007/s10489-025-06297-5,article,Applied Intelligence,https://openalex.org/W4406860277
Applied Intelligence,Springer Nature,2025,2025-01-28,A user preference knowledge graph incorporating spatio-temporal transfer features for next POI recommendation,Chunyan Sang; Yang Yang; Yibo Zhang; Shi-Gen Liao,55,6,10.1007/s10489-025-06290-y,https://doi.org/10.1007/s10489-025-06290-y,article,Applied Intelligence,https://openalex.org/W4406914884
Applied Intelligence,Springer Nature,2025,2025-01-28,Adaptive sparsity detection-based evolutionary algorithm for large-scale sparse multi-objective optimization problems,Feiyue Qiu; D. A. Long; Qi Chen; Huizhen Hu; Qicang Qiu,55,6,10.1007/s10489-025-06291-x,https://doi.org/10.1007/s10489-025-06291-x,article,Applied Intelligence,https://openalex.org/W4406891589
Applied Intelligence,Springer Nature,2025,2025-01-28,Control of traffic network signals based on deep deterministic policy gradients,Huifeng Hu; Shu Zhong Lin; Ping Wang; Jungang Xu,55,6,10.1007/s10489-024-06208-0,https://doi.org/10.1007/s10489-024-06208-0,article,Applied Intelligence,https://openalex.org/W4406913814
Applied Intelligence,Springer Nature,2025,2025-01-28,Daily power generation forecasting for a grid-connected solar power plant using transfer learning technique,Salwan Tajjour; Shyam Singh Chandel; Hasmat Malik; Fausto Pedro Garcı́a Márquez; Majed A. Alotaibi,55,6,10.1007/s10489-024-06090-w,https://doi.org/10.1007/s10489-024-06090-w,article,Applied Intelligence,https://openalex.org/W4406887893
Applied Intelligence,Springer Nature,2025,2025-01-28,"Facial StO2-based personal identification: dataset construction, feasibility study, and recognition framework",Zheyuan Zhang; Xinyu Liu; Yingjuan Jia; Ju Zhou; Hanpu Wang; Jiaxiu Wang; Tong Chen,55,6,10.1007/s10489-025-06267-x,https://doi.org/10.1007/s10489-025-06267-x,article,Applied Intelligence,https://openalex.org/W4406919357
Applied Intelligence,Springer Nature,2025,2025-01-28,Freeway optimal control based on emission oriented microscopic graph convolutional neural network,Jie Fang; Mingwen Lu; Lina Fu; Juanmeizi Wang; Mengyun Xu,55,6,10.1007/s10489-024-06143-0,https://doi.org/10.1007/s10489-024-06143-0,book-chapter,Applied Intelligence,https://openalex.org/W4406882132
Applied Intelligence,Springer Nature,2025,2025-01-28,PTLO: A model-agnostic training strategy based on progressive training and label optimization for fine-grained image classification,Yiming Chen; Xiuting Tao; Bo Chen; Jian Guo; Shi Li,55,6,10.1007/s10489-025-06276-w,https://doi.org/10.1007/s10489-025-06276-w,article,Applied Intelligence,https://openalex.org/W4406881179
Applied Intelligence,Springer Nature,2025,2025-01-28,Reinforcement knowledge graph reasoning based on dual agents and attention mechanism,Xu-Hua Yang; Tao Wang; Junqi Gan; Liang-Yu Gao; Gangfeng Ma; Yanbo Zhou,55,6,10.1007/s10489-024-06162-x,https://doi.org/10.1007/s10489-024-06162-x,article,Applied Intelligence,https://openalex.org/W4406911841
Applied Intelligence,Springer Nature,2025,2025-01-28,Unsupervised feature learning using locality-preserved auto-encoder with complexity-invariant distance for intelligent fault diagnosis of machinery,Zhenghua Lu; Zhaobi Chu; Zhu Min; Xueping Dong,55,6,10.1007/s10489-025-06278-8,https://doi.org/10.1007/s10489-025-06278-8,article,Applied Intelligence,https://openalex.org/W4406919254
Applied Intelligence,Springer Nature,2025,2025-01-29,Enhancing the imitation game: a trust-based model for distinguishing human and machine participants,Tanisha Gupta; Akarsh Tripathi; Ashutosh Kumar Dubey; Ravita Chahar,55,6,10.1007/s10489-024-06133-2,https://doi.org/10.1007/s10489-024-06133-2,article,Applied Intelligence,https://openalex.org/W4406934803
Applied Intelligence,Springer Nature,2025,2025-01-29,Feature selections based on uncertainty measurements from dual-quantitative improvement and double-hierarchical fusion,Qian Wang; Xianyong Zhang; Zhiying Lv; Zhiwen Mo,55,6,10.1007/s10489-024-06075-9,https://doi.org/10.1007/s10489-024-06075-9,article,Applied Intelligence,https://openalex.org/W4406935657
Applied Intelligence,Springer Nature,2025,2025-01-29,Improving vehicle detection accuracy in complex traffic scenes through context attention and multi-scale feature fusion module,Wenbo Liu; Binglin Zhao; Yuxin Zhu; Tao Deng; Fei Yan,55,6,10.1007/s10489-024-06146-x,https://doi.org/10.1007/s10489-024-06146-x,article,Applied Intelligence,https://openalex.org/W4406929386
Applied Intelligence,Springer Nature,2025,2025-01-29,Multi-view human point cloud registration method with overlapping regions semantic constraints and feature weighting,Ming Li; Guiqin Li; Xihang Li; Tiancai Li,55,6,10.1007/s10489-025-06296-6,https://doi.org/10.1007/s10489-025-06296-6,article,Applied Intelligence,https://openalex.org/W4406937292
Applied Intelligence,Springer Nature,2025,2025-01-29,You are what your feeds make you: A study of user aggressive behavior on Twitter,Swapnil Mane; Suman Kundu; Rajesh R. Sharma,55,6,10.1007/s10489-025-06286-8,https://doi.org/10.1007/s10489-025-06286-8,article,Applied Intelligence,https://openalex.org/W4406937657
Applied Intelligence,Springer Nature,2025,2025-01-30,Applications of pre-trained CNN models and data fusion techniques in Unity3D for connected vehicles,Mojtaba Norouzi; Seyed Hossein Hosseini; Mohammad Khoshnevisan; Behzad Moshiri,55,6,10.1007/s10489-024-06213-3,https://doi.org/10.1007/s10489-024-06213-3,article,Applied Intelligence,https://openalex.org/W4406960887
Applied Intelligence,Springer Nature,2025,2025-01-31,Computational analysis of virus-host protein-protein interactions using gene ontology and natural language processing,Pınar Cihan; Zeynep Banu Özger; Zeynep ÇAKABAY,55,6,10.1007/s10489-024-06223-1,https://doi.org/10.1007/s10489-024-06223-1,article,Applied Intelligence,https://openalex.org/W4407037743
Applied Intelligence,Springer Nature,2025,2025-01-31,Hypergraph denoising neural network for session-based recommendation,Jiawei Ding; Zhiyi Tan; Guanming Lu; Jinsheng Wei,55,6,10.1007/s10489-025-06283-x,https://doi.org/10.1007/s10489-025-06283-x,article,Applied Intelligence,https://openalex.org/W4407041218
Applied Intelligence,Springer Nature,2025,2025-01-31,Multiple instance learning with hierarchical discrimination and smoothing attention for histopathological diagnosis,Jing Zhao; Zhikang Zhao; Xueru Song; Shiliang Sun,55,6,10.1007/s10489-025-06300-z,https://doi.org/10.1007/s10489-025-06300-z,article,Applied Intelligence,https://openalex.org/W4407006167
Applied Intelligence,Springer Nature,2025,2025-02-02,Long-tailed classification by efficient contrast learning with high quality and high relevance latent features,Hongli Yuan; Jian–wei Liu,55,6,10.1007/s10489-025-06269-9,https://doi.org/10.1007/s10489-025-06269-9,article,Applied Intelligence,https://openalex.org/W4407112781
Applied Intelligence,Springer Nature,2025,2025-02-03,A complex history browsing text categorization method with improved BERT embedding layer,Yuanhang Wang; Yonghua Zhou; Huiyu Qi; Dingyi Wang; Annan Huang,55,6,10.1007/s10489-025-06298-4,https://doi.org/10.1007/s10489-025-06298-4,article,Applied Intelligence,https://openalex.org/W4407080876
Applied Intelligence,Springer Nature,2025,2025-02-03,Complex layout generation for large-scale floor plans via deep edge-aware GNNs,Zhengyang Lu; Yifan Li; Feng Wang,55,6,10.1007/s10489-025-06311-w,https://doi.org/10.1007/s10489-025-06311-w,article,Applied Intelligence,https://openalex.org/W4407104635
Applied Intelligence,Springer Nature,2025,2025-02-03,MOEA/D with adaptive weight vector adjustment and parameter selection based on Q-learning,Fei Xue; Yuezheng Chen; Tingting Dong; Peiwen Wang; Wenyu Fan,55,6,10.1007/s10489-024-05906-z,https://doi.org/10.1007/s10489-024-05906-z,article,Applied Intelligence,https://openalex.org/W4407113255
Applied Intelligence,Springer Nature,2025,2025-02-03,Mind the naive forecast! a rigorous evaluation of forecasting models for time series with low predictability,Niels C. Beck; Jonas Dovern; Stefanie Vogl,55,6,10.1007/s10489-025-06268-w,https://doi.org/10.1007/s10489-025-06268-w,article,Applied Intelligence,https://openalex.org/W4407111967
Applied Intelligence,Springer Nature,2025,2025-02-03,Predictive control approach incorporating incremental learning,Jianxin Chen; Haiwei Pan; Kejia Zhang; Haiyan Lan; Xu Xu; Wenhui Luo,55,6,10.1007/s10489-025-06243-5,https://doi.org/10.1007/s10489-025-06243-5,article,Applied Intelligence,https://openalex.org/W4407090631
Applied Intelligence,Springer Nature,2025,2025-02-03,Rethinking probability volume for multi-view stereo: A probability analysis method,Zonghua Yu; Huaijun Wang; Junhuai Li; Haiyan Jin; Ting Cao; Kuanhong Cheng,55,6,10.1007/s10489-025-06284-w,https://doi.org/10.1007/s10489-025-06284-w,article,Applied Intelligence,https://openalex.org/W4407080966
Applied Intelligence,Springer Nature,2025,2025-02-03,Semi-supervised symmetric non-negative matrix factorization with graph quality improvement and constraints,Xiaowan Ren; Youlong Yang,55,6,10.1007/s10489-025-06282-y,https://doi.org/10.1007/s10489-025-06282-y,article,Applied Intelligence,https://openalex.org/W4407080802
Applied Intelligence,Springer Nature,2025,2025-02-04,Chaotic opposition-based plant propagation algorithm for engineering problem,Alfe Suny; Maimuna Akter Liza; Md Forkan Hossain Fahim; Ahmed Wasif Reza; Nazmul Haque Siddique,55,6,10.1007/s10489-025-06320-9,https://doi.org/10.1007/s10489-025-06320-9,article,Applied Intelligence,https://openalex.org/W4407146834
Applied Intelligence,Springer Nature,2025,2025-02-04,DAAR: Dual attention cooperative adaptive pruning rate by data-driven for filter pruning,Suyun Lian; Zhao Yang; Jihong Pei,55,6,10.1007/s10489-025-06332-5,https://doi.org/10.1007/s10489-025-06332-5,article,Applied Intelligence,https://openalex.org/W4407148885
Applied Intelligence,Springer Nature,2025,2025-02-04,MVSRF: Point cloud semantic segmentation and optimization method for granular construction objects,Lunhui Zhang; Guangjun Liu; Jiaqi Lu; Changxin Wang,55,6,10.1007/s10489-025-06326-3,https://doi.org/10.1007/s10489-025-06326-3,article,Applied Intelligence,https://openalex.org/W4407146121
Applied Intelligence,Springer Nature,2025,2025-02-04,Multi-view learning based on product and process metrics for software defect prediction,Ying Sun; Ying Sun; Di Wu; Di Wu; Xiao‐Yuan Jing; Yanfei Sun; Yanfei Sun,55,6,10.1007/s10489-025-06288-6,https://doi.org/10.1007/s10489-025-06288-6,article,Applied Intelligence,https://openalex.org/W4407143122
Applied Intelligence,Springer Nature,2025,2025-02-04,WLKA-RVS: a retinal vessel segmentation method using weighted large kernel attention,Jiayao Li; Min Zeng; Chenxi Wu; Qianxiang Cheng; Qiuyan Guo; Li Song,55,6,10.1007/s10489-025-06309-4,https://doi.org/10.1007/s10489-025-06309-4,article,Applied Intelligence,https://openalex.org/W4407148917
Applied Intelligence,Springer Nature,2025,2025-02-05,NPGCL: neighbor enhancement and embedding perturbation with graph contrastive learning for recommendation,Xing Wu; Haodong Wang; Junfeng Yao; Quan Qian; Song Jun,55,6,10.1007/s10489-025-06301-y,https://doi.org/10.1007/s10489-025-06301-y,article,Applied Intelligence,https://openalex.org/W4407151899
Applied Intelligence,Springer Nature,2025,2025-02-05,Rail-PatchCore: unsupervised learning-based detection of visual anomalies in the railway-turnout environment,YuanHao Zhang; Zujun Yu; Liqiang Zhu; Baoqing Guo; Yao Wang,55,6,10.1007/s10489-025-06294-8,https://doi.org/10.1007/s10489-025-06294-8,article,Applied Intelligence,https://openalex.org/W4407175174
Applied Intelligence,Springer Nature,2025,2025-02-06,Dynamically modulated robot compliance via online fuzzy neural networks for individualized ankle rehabilitation,Jianfeng Li; Yu Meng Zhou; Shiping Zuo; Mingjie Dong,55,6,10.1007/s10489-025-06317-4,https://doi.org/10.1007/s10489-025-06317-4,book-chapter,Applied Intelligence,https://openalex.org/W4407228901
Applied Intelligence,Springer Nature,2025,2025-02-06,ED-END: robust watermarking technology based on deep coupling of feature extractors,Jun Li; Yixiang Fang; Yi Zhao; Kang Xu; Junxiang Wang,55,6,10.1007/s10489-025-06333-4,https://doi.org/10.1007/s10489-025-06333-4,article,Applied Intelligence,https://openalex.org/W4407230299
Applied Intelligence,Springer Nature,2025,2025-02-06,Overview of the application of intelligent optimization algorithms in multi-attribute group decision making,Kaiying Kang; Jialiang Xie; Xiaohui Liu; Honghui Wang,55,6,10.1007/s10489-025-06324-5,https://doi.org/10.1007/s10489-025-06324-5,article,Applied Intelligence,https://openalex.org/W4407230663
Applied Intelligence,Springer Nature,2025,2025-02-07,A 3D-CNN and multi-loss video prediction architecture,H. R. Qi; Qun Dai,55,6,10.1007/s10489-025-06328-1,https://doi.org/10.1007/s10489-025-06328-1,article,Applied Intelligence,https://openalex.org/W4407237756
Applied Intelligence,Springer Nature,2025,2025-02-07,Concept agent network for zero-base generalized few-shot learning,Xuan Wang; Ji Kang Zhong; Xiyao Liu; Yanwei Pang; Xuelong Li,55,6,10.1007/s10489-025-06331-6,https://doi.org/10.1007/s10489-025-06331-6,article,Applied Intelligence,https://openalex.org/W4407255332
Applied Intelligence,Springer Nature,2025,2025-02-07,Cross-attention fusion and edge-guided fully supervised contrastive learning network for rail surface defect detection,Jinxin Yang; Wujie Zhou,55,6,10.1007/s10489-025-06314-7,https://doi.org/10.1007/s10489-025-06314-7,article,Applied Intelligence,https://openalex.org/W4407249525
Applied Intelligence,Springer Nature,2025,2025-02-07,Cross-contextual stress prediction: Simple methodology for comparing features and sample domain adaptation techniques in vital sign analysis,Samson Mihirette; Enrique de la Cal; Qing Tan; Javier Sedano,55,6,10.1007/s10489-025-06277-9,https://doi.org/10.1007/s10489-025-06277-9,article,Applied Intelligence,https://openalex.org/W4407251511
Applied Intelligence,Springer Nature,2025,2025-02-07,E-GCDT: advanced reinforcement learning with GAN-enhanced data for continuous excavation system,Qianyou Zhao; Le Gao; Duidi Wu; Yihao Lei; Lingyu Wang; Jin Qi; Jie Hu,55,6,10.1007/s10489-025-06308-5,https://doi.org/10.1007/s10489-025-06308-5,article,Applied Intelligence,https://openalex.org/W4407268822
Applied Intelligence,Springer Nature,2025,2025-02-07,Evaluating cruise user satisfaction through online reviews: a method based on sentiment analysis and large-scale group decision-making,Jing Shi; Chen Jing; Jian Wu; Yujia Liu,55,6,10.1007/s10489-025-06241-7,https://doi.org/10.1007/s10489-025-06241-7,article,Applied Intelligence,https://openalex.org/W4407254280
Applied Intelligence,Springer Nature,2025,2025-02-07,Reusability of Bayesian Networks case studies: a survey,Nikolay Babakov; Adarsa Sivaprasad; Ehud Reiter; Alberto Bugarín,55,6,10.1007/s10489-025-06289-5,https://doi.org/10.1007/s10489-025-06289-5,article,Applied Intelligence,https://openalex.org/W4407254206
Applied Intelligence,Springer Nature,2025,2025-02-07,Robust decision-making for autonomous vehicles via deep reinforcement learning and expert guidance,Feng-Jie Li; Chun-Yang Zhang; C. L. Philip Chen,55,6,10.1007/s10489-025-06319-2,https://doi.org/10.1007/s10489-025-06319-2,article,Applied Intelligence,https://openalex.org/W4407231661
Applied Intelligence,Springer Nature,2025,2025-02-07,TITD: enhancing optimized temporal position encoding with time intervals and temporal decay in irregular time series forecasting,Jinquan Ji; Yu Cao; Yukun Ma; Jianzhuo Yan,55,6,10.1007/s10489-025-06293-9,https://doi.org/10.1007/s10489-025-06293-9,article,Applied Intelligence,https://openalex.org/W4407254909
Applied Intelligence,Springer Nature,2025,2025-02-07,Vision transformer-based generalized zero-shot learning with data criticizing,Quan Zhou; Yucuan Liang; Zhenqi Zhang; Wenming Cao,55,6,10.1007/s10489-025-06271-1,https://doi.org/10.1007/s10489-025-06271-1,article,Applied Intelligence,https://openalex.org/W4407254261
Applied Intelligence,Springer Nature,2025,2025-02-08,Correction To: Dirichlet stochastic weights averaging for graph neural networks,Minhoi Park; Rakwoo Chang; Kyungwoo Song,55,6,10.1007/s10489-024-06099-1,https://doi.org/10.1007/s10489-024-06099-1,erratum,Applied Intelligence,https://openalex.org/W4407277400
Applied Intelligence,Springer Nature,2025,2025-02-08,Correction to: Dynamic interactive weighted feature selection using fuzzy interaction information,Ma Xiao; Hao Xu; Yi Liu,55,6,10.1007/s10489-025-06273-z,https://doi.org/10.1007/s10489-025-06273-z,erratum,Applied Intelligence,https://openalex.org/W4407277401
Applied Intelligence,Springer Nature,2025,2025-02-08,Correction to: Explainable cognitive decline detection in free dialogues with a Machine Learning approach based on pre-trained Large Language Models,Francisco de Arriba-Pérez; Silvia García-Méndez; Javier Otero-Mosquera; Francisco Javier González-Castaño,55,6,10.1007/s10489-024-06169-4,https://doi.org/10.1007/s10489-024-06169-4,erratum,Applied Intelligence,https://openalex.org/W4407277264
Applied Intelligence,Springer Nature,2025,2025-02-08,TADST: reconstruction with spatio-temporal feature fusion for deviation-based time series anomaly detection,Bin Yang; Tinghuai Ma; Huan Rong; Xuejian Huang; Yubo Wang; Bowen Zhao; Chaoming Wang,55,6,10.1007/s10489-025-06310-x,https://doi.org/10.1007/s10489-025-06310-x,article,Applied Intelligence,https://openalex.org/W4407276635
Applied Intelligence,Springer Nature,2025,2025-02-09,An end-to-end audio classification framework with diverse features for obstructive sleep apnea-hypopnea syndrome diagnosis,Bin Li; Xihe Qiu; Xiaoyu Tan; Long Yang; Tao Jing; Zhijun Fang; Jingjing Huang,55,6,10.1007/s10489-025-06299-3,https://doi.org/10.1007/s10489-025-06299-3,article,Applied Intelligence,https://openalex.org/W4407344519
Applied Intelligence,Springer Nature,2025,2025-02-09,Boundary-sensitive Adaptive Decoupled Knowledge Distillation For Acne Grading,Xinyang Zhou; Wenjie Liu; Lei Zhang; Xianliang Zhang,55,6,10.1007/s10489-025-06260-4,https://doi.org/10.1007/s10489-025-06260-4,article,Applied Intelligence,https://openalex.org/W4407287972
Applied Intelligence,Springer Nature,2025,2025-02-09,Deep random walk inspired multi-view graph convolutional networks for semi-supervised classification,Zexi Chen; Weibin Chen; Jie Yao; Jingbo Li; Shiping Wang,55,6,10.1007/s10489-025-06322-7,https://doi.org/10.1007/s10489-025-06322-7,article,Applied Intelligence,https://openalex.org/W4407344709
Applied Intelligence,Springer Nature,2025,2025-02-10,A novel drift detection method using parallel detection and anti-noise techniques,Qian Zhang; Guanjun Liu,55,6,10.1007/s10489-024-05988-9,https://doi.org/10.1007/s10489-024-05988-9,article,Applied Intelligence,https://openalex.org/W4407290958
Applied Intelligence,Springer Nature,2025,2025-02-10,A proactive approach for random forest,Nayma Cepero-Pérez; Mailyn Moreno Espino; Eduardo F. Morales; Ariel López-González; Cornelio Yáñez-Márquéz; Juán Pavón,55,6,10.1007/s10489-025-06339-y,https://doi.org/10.1007/s10489-025-06339-y,article,Applied Intelligence,https://openalex.org/W4407308732
Applied Intelligence,Springer Nature,2025,2025-02-10,Domain adaptation for improving automatic airborne pollen classification with expert-verified measurements,Predrag Matavulj; Slobodan Jelić; Domagoj Ševerdija; Sanja Brdar; Miloš Radovanović; Danijela Tešendić; Branko Šikoparija,55,6,10.1007/s10489-024-06021-9,https://doi.org/10.1007/s10489-024-06021-9,article,Applied Intelligence,https://openalex.org/W4407290842
Applied Intelligence,Springer Nature,2025,2025-02-10,Hybrid network intrusion detection system based on sliding window and information entropy in imbalanced dataset,Jingrong Mo; Jie Ke; Huiyi Zhou; Xunzhang Li,55,6,10.1007/s10489-025-06307-6,https://doi.org/10.1007/s10489-025-06307-6,article,Applied Intelligence,https://openalex.org/W4407324123
Applied Intelligence,Springer Nature,2025,2025-02-10,Subgraph retrieval and link scoring model for multi-hop question answering in knowledge graphs,Changshun Zhou; Wenhao Ying; Shan Zhong; Shengrong Gong; Han Yan,55,6,10.1007/s10489-024-05935-8,https://doi.org/10.1007/s10489-024-05935-8,article,Applied Intelligence,https://openalex.org/W4407344899
Applied Intelligence,Springer Nature,2025,2025-02-11,A large scale group decision making with expert guidance via discrete conditional variational autoencoder,Hengshan Zhang; Anrui He; Jiaze Sun; Yanping Chen,55,6,10.1007/s10489-025-06345-0,https://doi.org/10.1007/s10489-025-06345-0,book-chapter,Applied Intelligence,https://openalex.org/W4407362728
Applied Intelligence,Springer Nature,2025,2025-02-11,Composite Gaussian processes flows for learning discontinuous multimodal policies,Shu-yuan Wang; Hikaru Sasaki; Takamitsu Matsubara,55,6,10.1007/s10489-025-06302-x,https://doi.org/10.1007/s10489-025-06302-x,article,Applied Intelligence,https://openalex.org/W4407386955
Applied Intelligence,Springer Nature,2025,2025-02-11,Deep learning-based visual SLAM for indoor dynamic scenes,Zhendong Xu; Yong Hua Song; Bao Jun Pang; Qingyang Xu; Xianfeng Yuan,55,6,10.1007/s10489-024-05886-0,https://doi.org/10.1007/s10489-024-05886-0,article,Applied Intelligence,https://openalex.org/W4407376001
Applied Intelligence,Springer Nature,2025,2025-02-11,Graph regularized independent latent low-rank representation for image clustering,Bo Li; Linfeng Pan,55,6,10.1007/s10489-025-06312-9,https://doi.org/10.1007/s10489-025-06312-9,article,Applied Intelligence,https://openalex.org/W4407422026
Applied Intelligence,Springer Nature,2025,2025-02-11,Solution of reliable p-median problem with at-facility service using multi-start hyper-heuristic approaches,Edukondalu Chappidi; Alok Pratap Singh,55,6,10.1007/s10489-024-05995-w,https://doi.org/10.1007/s10489-024-05995-w,article,Applied Intelligence,https://openalex.org/W4407350578
Applied Intelligence,Springer Nature,2025,2025-02-12,A novel data-driven model for explainable hog price forecasting,Binrong Wu; Huanze Zeng; Huanling Hu; Lin Wang,55,7,10.1007/s10489-025-06323-6,https://doi.org/10.1007/s10489-025-06323-6,article,Applied Intelligence,https://openalex.org/W4407402259
Applied Intelligence,Springer Nature,2025,2025-02-12,An echo state network with adaptive improved pigeon-inspired optimization for time series prediction,Xu Yang; Lei Wang; Qili Chen,55,7,10.1007/s10489-025-06347-y,https://doi.org/10.1007/s10489-025-06347-y,article,Applied Intelligence,https://openalex.org/W4407411204
Applied Intelligence,Springer Nature,2025,2025-02-12,Correction to: A diverse/converged individual competition algorithm for computationally expensive many-objective optimization,Jie Lin; Sheng Xin Zhang; Shaoyong Zheng,55,6,10.1007/s10489-024-06225-z,https://doi.org/10.1007/s10489-024-06225-z,erratum,Applied Intelligence,https://openalex.org/W4407386263
Applied Intelligence,Springer Nature,2025,2025-02-12,Feature selection based on multi-perspective dynamic neighbourhood entropy measures in a dynamic neighbourhood rough set,Jiucheng Xu; Miaoxian Ma; Shan Zhang; Wulin Niu,55,6,10.1007/s10489-025-06336-1,https://doi.org/10.1007/s10489-025-06336-1,article,Applied Intelligence,https://openalex.org/W4407420355
Applied Intelligence,Springer Nature,2025,2025-02-12,Multi-dimensional time-dependent dynamic graph neural network for metro passenger flow prediction,Rongfeng Li; Liqiang Zhao; Jinjin Tang; Shuixiong Tang; Zhenxing Hao,55,6,10.1007/s10489-025-06346-z,https://doi.org/10.1007/s10489-025-06346-z,article,Applied Intelligence,https://openalex.org/W4407416516
Applied Intelligence,Springer Nature,2025,2025-02-12,SCSNet: a novel transformer-CNN fusion architecture for enhanced segmentation and classification on high-resolution semiconductor micro-scale defects,Yuening Luo; Zhouzhouzhou Mei; Yibo Qiao; Yining Chen,55,6,10.1007/s10489-024-06122-5,https://doi.org/10.1007/s10489-024-06122-5,article,Applied Intelligence,https://openalex.org/W4407420765
Applied Intelligence,Springer Nature,2025,2025-02-12,Spatial-temporal clustering enhanced multi-graph convolutional network for traffic flow prediction,Yinxin Bao; Qin-Qin Shen; Yang Cao; Quan Shi,55,7,10.1007/s10489-025-06329-0,https://doi.org/10.1007/s10489-025-06329-0,article,Applied Intelligence,https://openalex.org/W4407398632
Applied Intelligence,Springer Nature,2025,2025-02-13,Enhanced decision framework for two-player zero-sum Markov games with diverse opponent policies,Jin Song Zhu; Xuan Wang; Dannie Jerome E,55,7,10.1007/s10489-025-06344-1,https://doi.org/10.1007/s10489-025-06344-1,book-chapter,Applied Intelligence,https://openalex.org/W4407589989
Applied Intelligence,Springer Nature,2025,2025-02-13,Heterogeneous multi-modal graph network for arterial travel time prediction,Jie Fang; Hangyu He; Mengyun Xu; Xiongwei Wu,55,7,10.1007/s10489-024-05895-z,https://doi.org/10.1007/s10489-024-05895-z,article,Applied Intelligence,https://openalex.org/W4407550047
Applied Intelligence,Springer Nature,2025,2025-02-13,LGCGNet: A local-global context guided network for real-time water surface semantic segmentation,Ting Liu; Peiqi Luo; Guofeng Wang; Yuxin Zhang; Xiangyi Lu; Mengyu Dong,55,7,10.1007/s10489-025-06351-2,https://doi.org/10.1007/s10489-025-06351-2,article,Applied Intelligence,https://openalex.org/W4407543800
Applied Intelligence,Springer Nature,2025,2025-02-13,Loop closure detection based on image feature matching and motion trajectory similarity for mobile robot,Weilong Hao; Peng Wang; Cui Ni; Wenjun Huangfu; Zhu Liu; Kaiyuan Qi,55,7,10.1007/s10489-024-05874-4,https://doi.org/10.1007/s10489-024-05874-4,article,Applied Intelligence,https://openalex.org/W4407551033
Applied Intelligence,Springer Nature,2025,2025-02-14,A code completion approach combining pointer network and Transformer-XL network,Xiangping Zhang; Jianxun Liu; Teng Long; Haize Hu,55,7,10.1007/s10489-025-06315-6,https://doi.org/10.1007/s10489-025-06315-6,article,Applied Intelligence,https://openalex.org/W4407565066
Applied Intelligence,Springer Nature,2025,2025-02-14,Dynamic fusion of multi-source heterogeneous data using MOE mechanism for stock prediction,Yuxin Dong; Zirui Wu; Yongtao Hao,55,7,10.1007/s10489-025-06330-7,https://doi.org/10.1007/s10489-025-06330-7,article,Applied Intelligence,https://openalex.org/W4407574143
Applied Intelligence,Springer Nature,2025,2025-02-15,A BERT-based review helpfulness prediction model utilizing consistency of ratings and texts,Xinzhe Li; Qinglong Li; DongYeop Ryu; Jaekyeong Kim,55,7,10.1007/s10489-024-06100-x,https://doi.org/10.1007/s10489-024-06100-x,article,Applied Intelligence,https://openalex.org/W4407592299
Applied Intelligence,Springer Nature,2025,2025-02-15,A novel consensus reaching approach for large-scale multi-attribute emergency group decision-making under social network clustering based on graph attention mechanism,Mi Zhou; Ying Zhang; Xin-Yu Fan; Ting Wu; Bayi Cheng; Jian Wu,55,7,10.1007/s10489-024-05992-z,https://doi.org/10.1007/s10489-024-05992-z,article,Applied Intelligence,https://openalex.org/W4407602265
Applied Intelligence,Springer Nature,2025,2025-02-15,GANet: geometry-aware network for RGB-D semantic segmentation,Chunqi Tian; XU Wei-rong; Lizhi Bai; Jun Yang; Yanjun Xu,55,7,10.1007/s10489-025-06337-0,https://doi.org/10.1007/s10489-025-06337-0,article,Applied Intelligence,https://openalex.org/W4407606071
Applied Intelligence,Springer Nature,2025,2025-02-15,Intelligent forecasting algorithm of power industry expansion based on time series and entropy weight method,Guoyao Wu; Zhiqiang Lan; Xiaofang Wu; Xiaoying Huang; Linling Mao,55,7,10.1007/s10489-025-06321-8,https://doi.org/10.1007/s10489-025-06321-8,article,Applied Intelligence,https://openalex.org/W4407593638
Applied Intelligence,Springer Nature,2025,2025-02-15,Knowledge-guided classification and regression surrogates co-assisted multi-objective soft subspace clustering algorithm,Feng Zhao; Lu Li; Hanqiang Liu,55,7,10.1007/s10489-025-06266-y,https://doi.org/10.1007/s10489-025-06266-y,article,Applied Intelligence,https://openalex.org/W4407594473
Applied Intelligence,Springer Nature,2025,2025-02-15,NoRD: A framework for noise-resilient self-distillation through relative supervision,Saurabh Sharma; Shikhar Singh Lodhi; V.J. Srivastava; Joydeep Chandra,55,7,10.1007/s10489-025-06355-y,https://doi.org/10.1007/s10489-025-06355-y,article,Applied Intelligence,https://openalex.org/W4407579369
Applied Intelligence,Springer Nature,2025,2025-02-15,Scnet: spectral convolutional networks for multivariate time series classification,Xing Wu; Xinyu Xing; Junfeng Yao; Quan Qian; Jun S. Song,55,7,10.1007/s10489-025-06352-1,https://doi.org/10.1007/s10489-025-06352-1,article,Applied Intelligence,https://openalex.org/W4407592494
Applied Intelligence,Springer Nature,2025,2025-02-17,Design and analysis of a variable-parameter noise-tolerant ZNN for solving time-variant nonlinear equations and applications,Yu Zhang; Liming Wang; Guomin Zhong,55,7,10.1007/s10489-025-06304-9,https://doi.org/10.1007/s10489-025-06304-9,article,Applied Intelligence,https://openalex.org/W4407614145
Applied Intelligence,Springer Nature,2025,2025-02-17,Learning sparse filters-based convolutional networks without offline training for robust visual tracking,Xu Qi; Zhuoming Xu; Zhe Chen; Yun Chen; Huabin Wang; Liang Tao,55,7,10.1007/s10489-025-06350-3,https://doi.org/10.1007/s10489-025-06350-3,article,Applied Intelligence,https://openalex.org/W4407613946
Applied Intelligence,Springer Nature,2025,2025-02-19,FinCaKG-Onto: the financial expertise depiction via causality knowledge graph and domain ontology,Ziwei Xu; Ryutaro Ichise,55,7,10.1007/s10489-025-06247-1,https://doi.org/10.1007/s10489-025-06247-1,article,Applied Intelligence,https://openalex.org/W4407755700
Applied Intelligence,Springer Nature,2025,2025-02-19,GenKP: generative knowledge prompts for enhancing large language models,X. Li; Shaowen Peng; Shuntaro Yada; Shoko Wakamiya; Eiji Aramaki,55,7,10.1007/s10489-025-06318-3,https://doi.org/10.1007/s10489-025-06318-3,article,Applied Intelligence,https://openalex.org/W4407746323
Applied Intelligence,Springer Nature,2025,2025-02-19,IPAttack: imperceptible adversarial patch to attack object detectors,Yongming Wen; Peiyuan Si; Wei Zhou; Ling Zhao; Yi Chao; Renyang Liu,55,7,10.1007/s10489-025-06246-2,https://doi.org/10.1007/s10489-025-06246-2,article,Applied Intelligence,https://openalex.org/W4407751734
Applied Intelligence,Springer Nature,2025,2025-02-19,Precise spiking neurons for fitting any activation function in ANN-to-SNN Conversion,Tianqi Wang; Qianzi Shen; Xuhang Li; Yanting Zhang; Zijian Wang; Cairong Yan,55,7,10.1007/s10489-025-06354-z,https://doi.org/10.1007/s10489-025-06354-z,book-chapter,Applied Intelligence,https://openalex.org/W4407746997
Applied Intelligence,Springer Nature,2025,2025-02-20,Lbgcn: Lightweight bilinear graph convolutional network with attention mechanism for recommendation,Yu Su; Pingzhu Wei; Linbo Zhu; Lixiang Xu; Xianquan Wang; Tong He; Ze‐Guang Han,55,7,10.1007/s10489-025-06357-w,https://doi.org/10.1007/s10489-025-06357-w,book-chapter,Applied Intelligence,https://openalex.org/W4407772885
Applied Intelligence,Springer Nature,2025,2025-02-20,NNBSVR: Neural Network-Based Semantic Vector Representations of ICD-10 codes,Monah Bou Hatoum; Jean‐Claude Charr; Alia Ghaddar; Christophe Guyeux; David Laiymani,55,7,10.1007/s10489-025-06349-w,https://doi.org/10.1007/s10489-025-06349-w,article,Applied Intelligence,https://openalex.org/W4407773580
Applied Intelligence,Springer Nature,2025,2025-02-22,Feature optimization based on multi-order fusion and adaptive recursive elimination for motion classification in doppler radar,Tong Sun; Yipeng Ding; Yuxin Chen; Ping Lv,55,7,10.1007/s10489-025-06342-3,https://doi.org/10.1007/s10489-025-06342-3,article,Applied Intelligence,https://openalex.org/W4407857124
Applied Intelligence,Springer Nature,2025,2025-02-22,Learning discriminative features for multi-hop knowledge graph reasoning,Hao Liu; Dong Li; Bing Zeng; Xu Yang,55,7,10.1007/s10489-025-06327-2,https://doi.org/10.1007/s10489-025-06327-2,article,Applied Intelligence,https://openalex.org/W4407857721
Applied Intelligence,Springer Nature,2025,2025-02-22,Self-supervised heterogeneous graph neural network based on deep and broad neighborhood encoding,Qianyu Song; Chao Li; Jinhu Fu; Qingtian Zeng; Nengfu Xie,55,7,10.1007/s10489-025-06348-x,https://doi.org/10.1007/s10489-025-06348-x,article,Applied Intelligence,https://openalex.org/W4407861261
Applied Intelligence,Springer Nature,2025,2025-02-24,Analysis of deep non-smooth symmetric nonnegative matrix factorization on hierarchical clustering,Shunli Li; Linzhang Lu; Qilong Liu; Zhen Chen,55,7,10.1007/s10489-025-06367-8,https://doi.org/10.1007/s10489-025-06367-8,article,Applied Intelligence,https://openalex.org/W4407889972
Applied Intelligence,Springer Nature,2025,2025-02-24,DropMismatch: removing mismatched UI elements for better pixel to code generation,Ming Li; Tao Lin,55,7,10.1007/s10489-025-06384-7,https://doi.org/10.1007/s10489-025-06384-7,article,Applied Intelligence,https://openalex.org/W4407876703
Applied Intelligence,Springer Nature,2025,2025-02-24,PAG-Unet: multi-task dense scene understanding with pixel-attention-guided Unet,Yi Tian Xu; Changhao Li,55,7,10.1007/s10489-025-06389-2,https://doi.org/10.1007/s10489-025-06389-2,article,Applied Intelligence,https://openalex.org/W4407896093
Applied Intelligence,Springer Nature,2025,2025-02-25,A framework for solving bias in graph-based recommender systems with a causal perspective,Ke Yang; Guogang Li; L. Wang; Jianrong Xie,55,7,10.1007/s10489-025-06388-3,https://doi.org/10.1007/s10489-025-06388-3,article,Applied Intelligence,https://openalex.org/W4407932182
Applied Intelligence,Springer Nature,2025,2025-02-25,A local generation-mix cascade network for image translation with limited data,Yusen Zhang; Min Li; Yao Gou; Xianjie Zhang; Yujie He,55,7,10.1007/s10489-025-06379-4,https://doi.org/10.1007/s10489-025-06379-4,article,Applied Intelligence,https://openalex.org/W4407925653
Applied Intelligence,Springer Nature,2025,2025-02-25,DSFL: a blockchain-based data sharing and federated learning framework,Haiqian Niu; Xing Zhang; Zhiguang Chu; Wei Shi,55,7,10.1007/s10489-025-06400-w,https://doi.org/10.1007/s10489-025-06400-w,article,Applied Intelligence,https://openalex.org/W4407931580
Applied Intelligence,Springer Nature,2025,2025-02-25,FreqFaceNet: an enhanced transformer architecture with dual-order frequency attention for deepfake detection,Varun Gupta; Vaibhav Srivastava; Ankit Kumar Yadav; Dinesh Kumar Vishwakarma; Ch. Narendra Kumar,55,7,10.1007/s10489-024-06168-5,https://doi.org/10.1007/s10489-024-06168-5,article,Applied Intelligence,https://openalex.org/W4407912177
Applied Intelligence,Springer Nature,2025,2025-02-25,HiProIBM: unsupervised continual learning through hierarchical prototypical cross-level discrimination along with information bottleneck subnetwork masking,Ankit Malviya; Chandresh Kumar Maurya,55,7,10.1007/s10489-025-06362-z,https://doi.org/10.1007/s10489-025-06362-z,article,Applied Intelligence,https://openalex.org/W4407945986
Applied Intelligence,Springer Nature,2025,2025-02-25,Instructed fine-tuning based on semantic consistency constraint for deep multi-view stereo,Yan Zhang; Hongping Yan; Kun Ding; Tingting Cai; Yueyue Zhou,55,7,10.1007/s10489-025-06382-9,https://doi.org/10.1007/s10489-025-06382-9,article,Applied Intelligence,https://openalex.org/W4407935147
Applied Intelligence,Springer Nature,2025,2025-02-25,NVS-Former: A more efficient medical image segmentation model,Xiangdong Huang; Junxia Huang; Noor Farizah Ibrahim,55,7,10.1007/s10489-025-06387-4,https://doi.org/10.1007/s10489-025-06387-4,article,Applied Intelligence,https://openalex.org/W4407926556
Applied Intelligence,Springer Nature,2025,2025-02-26,Predicting gas flow rates of wellhead chokes based on a cascade forwards neural network with a historically limited penetrable visibility graph,Youshi Jiang; Junjun Hu; Xiyu Chen; Weiren Mo,55,7,10.1007/s10489-025-06365-w,https://doi.org/10.1007/s10489-025-06365-w,article,Applied Intelligence,https://openalex.org/W4407983316
Applied Intelligence,Springer Nature,2025,2025-02-26,Predicting hemodynamic parameters based on arterial blood pressure waveform using self-supervised learning and fine-tuning,Ke Liao; Armağan Elibol; Ziyan Gao; Lingzhong Meng; Nak Young Chong,55,7,10.1007/s10489-025-06391-8,https://doi.org/10.1007/s10489-025-06391-8,article,Applied Intelligence,https://openalex.org/W4407977842
Applied Intelligence,Springer Nature,2025,2025-02-27,Anchoring actions using conditional behavior trees and genetic programming,Diego Escudero-Rodrigo; René Alquézar; Joan Aranda,55,7,10.1007/s10489-025-06373-w,https://doi.org/10.1007/s10489-025-06373-w,article,Applied Intelligence,https://openalex.org/W4408055289
Applied Intelligence,Springer Nature,2025,2025-02-27,Composed image retrieval: a survey on recent research and development,Yongquan Wan; Guobing Zou; Bofeng Zhang,55,7,10.1007/s10489-025-06372-x,https://doi.org/10.1007/s10489-025-06372-x,article,Applied Intelligence,https://openalex.org/W4408005474
Applied Intelligence,Springer Nature,2025,2025-02-27,Mixmamba-fewshot: mamba and attention mixer-based method with few-shot learning for bearing fault diagnosis,Nhu-Linh Than; Van Quang Nguyen; Gia-Bao Truong; Van-Truong Pham; Thi-Thao Tran,55,7,10.1007/s10489-025-06361-0,https://doi.org/10.1007/s10489-025-06361-0,article,Applied Intelligence,https://openalex.org/W4408001686
Applied Intelligence,Springer Nature,2025,2025-02-27,Multi-scale contrastive learning via aggregated subgraph for link prediction,Yabing Yao; Pingxia Guo; Zhiheng Mao; Ziyu Ti; Yangyang He; Fuzhong Nian; Ruisheng Zhang; Ning Ma,55,7,10.1007/s10489-025-06394-5,https://doi.org/10.1007/s10489-025-06394-5,article,Applied Intelligence,https://openalex.org/W4408008744
Applied Intelligence,Springer Nature,2025,2025-02-27,"Non-local modeling of enhancer-promoter interactions, a correspondence on “LOCO-EPI: Leave-one-chromosome-out (LOCO) as a benchmarking paradigm for deep learning based prediction of enhancer-promoter interactions”",M Beer,55,7,10.1007/s10489-025-06378-5,https://doi.org/10.1007/s10489-025-06378-5,article,Applied Intelligence,https://openalex.org/W4408027921
Applied Intelligence,Springer Nature,2025,2025-02-27,STGFP: information enhanced spatio-temporal graph neural network for traffic flow prediction,Qi Lecky Li; Fan Wang; Chen Wang,55,7,10.1007/s10489-025-06377-6,https://doi.org/10.1007/s10489-025-06377-6,article,Applied Intelligence,https://openalex.org/W4408027898
Applied Intelligence,Springer Nature,2025,2025-02-27,Self-supervised learning for intelligent disease diagnosis using audio signals: beyond copd to a spectrum of diseases,W. Y. Sun; Gang Wu; Ming Ming; Jiameng Zhang; Chun Shi; Linlin Qin,55,7,10.1007/s10489-024-06028-2,https://doi.org/10.1007/s10489-024-06028-2,article,Applied Intelligence,https://openalex.org/W4408055517
Applied Intelligence,Springer Nature,2025,2025-02-27,VAEneu: a new avenue for VAE application on probabilistic forecasting,Alireza Koochali; Ensiye Tahaei; Andreas R. Dengel; Sheraz Ahmed,55,7,10.1007/s10489-024-06203-5,https://doi.org/10.1007/s10489-024-06203-5,article,Applied Intelligence,https://openalex.org/W4408004776
Applied Intelligence,Springer Nature,2025,2025-02-28,A novel fuzzy knowledge graph structure for decision making of multimodal big data,Nguyen Hong Tan; Cu Kim Long; Trần Mạnh Tuấn; Pham Minh Chuan; Pham Van Hai; Phan Hung Khanh; Lê Hoàng Sơn,55,7,10.1007/s10489-025-06381-w,https://doi.org/10.1007/s10489-025-06381-w,book-chapter,Applied Intelligence,https://openalex.org/W4408029824
Applied Intelligence,Springer Nature,2025,2025-02-28,A statistical categorization-based curriculum learning approach for multi-task classification of images,Ozan Veranyurt; C. Okan Sakar,55,7,10.1007/s10489-025-06270-2,https://doi.org/10.1007/s10489-025-06270-2,article,Applied Intelligence,https://openalex.org/W4408056060
Applied Intelligence,Springer Nature,2025,2025-02-28,"ADIMPL: a dynamic, real-time and robustness attack detection model for industrial cyber-physical systems based on improved meta pseudo labels",Bohan Zhang; Pan Zhang; Zhiwen Wang; Jiaqi Lv; Wei Miao,55,7,10.1007/s10489-025-06374-9,https://doi.org/10.1007/s10489-025-06374-9,article,Applied Intelligence,https://openalex.org/W4408037720
Applied Intelligence,Springer Nature,2025,2025-02-28,Novel ensemble bagging-logistic regression algorithm for NoSQL database security,Anuradha Shantanu Kanade; Amol Dattatraya Vibhute; Shantanu Kanade,55,7,10.1007/s10489-025-06358-9,https://doi.org/10.1007/s10489-025-06358-9,article,Applied Intelligence,https://openalex.org/W4408066290
Applied Intelligence,Springer Nature,2025,2025-03-01,A self-supervised anomalous machine sound detection model based on spectrogram decomposition and parallel sub-network,Tao Zhang; Lingguo Kong; Xin Wayne Zhao; Donglei Li; Yanzhang Geng; Biyun Ding; Chao Wang,55,7,10.1007/s10489-025-06366-9,https://doi.org/10.1007/s10489-025-06366-9,article,Applied Intelligence,https://openalex.org/W4408068862
Applied Intelligence,Springer Nature,2025,2025-03-01,ROCIP: robust continuous inertial position tracking for complex actions emerging from the interaction of human actors and environment,Xinyu Hou; Jeroen Bergmann,55,7,10.1007/s10489-025-06409-1,https://doi.org/10.1007/s10489-025-06409-1,article,Applied Intelligence,https://openalex.org/W4408076136
Applied Intelligence,Springer Nature,2025,2025-03-03,A robust hierarchical clustering algorithm for automatic identification of clusters,Jianwu Long; Qiang Wang; Luping Liu,55,7,10.1007/s10489-025-06376-7,https://doi.org/10.1007/s10489-025-06376-7,article,Applied Intelligence,https://openalex.org/W4408095099
Applied Intelligence,Springer Nature,2025,2025-03-03,Adversarial network embedding with bootstrapped representations for sparse networks,Zelong Wu; Yidan Wang; Guoliang Lin; Junlong Liu,55,7,10.1007/s10489-025-06343-2,https://doi.org/10.1007/s10489-025-06343-2,article,Applied Intelligence,https://openalex.org/W4408095007
Applied Intelligence,Springer Nature,2025,2025-03-03,Dense image-mask attention-guided transformer network for jaw lesions classification and segmentation in dental cone-beam computed tomography images,Xiang Li; Wei Liu; Wei Tang; Jixiang Guo,55,7,10.1007/s10489-025-06408-2,https://doi.org/10.1007/s10489-025-06408-2,article,Applied Intelligence,https://openalex.org/W4408137980
Applied Intelligence,Springer Nature,2025,2025-03-03,Investigating potential causes of Sepsis with Bayesian network structure learning,Bruno Petrungaro; Neville  Kenneth Kitson; Anthony Costa Constantinou,55,7,10.1007/s10489-025-06405-5,https://doi.org/10.1007/s10489-025-06405-5,article,Applied Intelligence,https://openalex.org/W4408095349
Applied Intelligence,Springer Nature,2025,2025-03-04,Dual-channel graph-level anomaly detection method based on multi-graph representation learning,Yongjun Jing; Hao Wang; Jiale Chen; Xu Chen,55,7,10.1007/s10489-024-05852-w,https://doi.org/10.1007/s10489-024-05852-w,article,Applied Intelligence,https://openalex.org/W4408136260
Applied Intelligence,Springer Nature,2025,2025-03-04,Evaluation of traditional machine learning algorithms for featuring educational exercises,Alberto Jiménez; Pedro J. Muñoz‐Merino; Pedro Manuel Moreno-Marcos; Carlos Delgado Kloos,55,7,10.1007/s10489-025-06386-5,https://doi.org/10.1007/s10489-025-06386-5,article,Applied Intelligence,https://openalex.org/W4408134579
Applied Intelligence,Springer Nature,2025,2025-03-04,Improved data-driven model-free adaptive control method for an upper extremity power-assist exoskeleton,Shurun Wang; Hao Jie Tang; Zhaowu Ping; Qi Tan; Bin Wang,55,7,10.1007/s10489-025-06415-3,https://doi.org/10.1007/s10489-025-06415-3,article,Applied Intelligence,https://openalex.org/W4408131739
Applied Intelligence,Springer Nature,2025,2025-03-04,StackMFF: end-to-end multi-focus image stack fusion network,Xinzhe Xie; Jiang Qingyan; Dong Chen; Buyu Guo; Peiliang Li; Sangjun Zhou,55,7,10.1007/s10489-025-06383-8,https://doi.org/10.1007/s10489-025-06383-8,article,Applied Intelligence,https://openalex.org/W4408154467
Applied Intelligence,Springer Nature,2025,2025-03-04,The improved mountain gazelle optimizer for spatiotemporal support vector regression: a novel method for railway subgrade settlement prediction integrating multi-source information,Guangwu Chen; Shilin Zhao; Peng Li; Shilin Wang; Xin Hua Zhou; Vyacheslav V. Potekhin,55,7,10.1007/s10489-025-06397-2,https://doi.org/10.1007/s10489-025-06397-2,article,Applied Intelligence,https://openalex.org/W4408164288
Applied Intelligence,Springer Nature,2025,2025-03-05,Constructive sample partition-based parameter-free sampling for class-overlapped imbalanced data classification,Weiqing Wang; Yuanting Yan; Peng Zhou; Shu Guo Zhao; Yiwen Zhang,55,7,10.1007/s10489-025-06385-6,https://doi.org/10.1007/s10489-025-06385-6,article,Applied Intelligence,https://openalex.org/W4408208807
Applied Intelligence,Springer Nature,2025,2025-03-05,Convolutional neural networks for advanced adhesive joints application patterns,Kiro Scholtes; Florian Flaig; Marvin Kaufmann; Frank Guido Lehne; Till Vallée; Holger Fricke; Michael Müller,55,7,10.1007/s10489-025-06340-5,https://doi.org/10.1007/s10489-025-06340-5,article,Applied Intelligence,https://openalex.org/W4408221081
Applied Intelligence,Springer Nature,2025,2025-03-05,Prediction of reservoir water levels via an improved attention mechanism based on CNN − LSTM,Haoran Li; Lili Zhang; Yunsheng Yao; Yaowen Zhang,55,7,10.1007/s10489-025-06393-6,https://doi.org/10.1007/s10489-025-06393-6,article,Applied Intelligence,https://openalex.org/W4408158728
Applied Intelligence,Springer Nature,2025,2025-03-06,Attention ensemble mixture: a novel offline reinforcement learning algorithm for autonomous vehicles,Xinchen Han; Hossam Afifi; Hassine Moungla; Michel Marot,55,7,10.1007/s10489-025-06403-7,https://doi.org/10.1007/s10489-025-06403-7,article,Applied Intelligence,https://openalex.org/W4408205572
Applied Intelligence,Springer Nature,2025,2025-03-06,Correction to: Implicit regularization of a deep augmented neural network model for human motion prediction,Gaurav Kumar Yadav; Mohamed Abdel‐Nasser; Hatem A. Rashwan; Domènec Puig; G. C. Nandi,55,7,10.1007/s10489-024-06148-9,https://doi.org/10.1007/s10489-024-06148-9,erratum,Applied Intelligence,https://openalex.org/W4408200426
Applied Intelligence,Springer Nature,2025,2025-03-06,Learning missing instances in intact and projection spaces for incomplete multi-view unsupervised feature selection,Jian-Sheng Wu; Hongwei Yu; Yanlan Li; Weidong Min,55,7,10.1007/s10489-025-06406-4,https://doi.org/10.1007/s10489-025-06406-4,article,Applied Intelligence,https://openalex.org/W4408199414
Applied Intelligence,Springer Nature,2025,2025-03-06,Pursuit-evasion game with online planning using deep reinforcement learning,Yong Chen; Yu Shi; Xunhua Dai; Qing Xiang Meng; Tao Yu,55,7,10.1007/s10489-025-06396-3,https://doi.org/10.1007/s10489-025-06396-3,article,Applied Intelligence,https://openalex.org/W4408175292
Applied Intelligence,Springer Nature,2025,2025-03-06,TANGAN: solving Tangram puzzles using generative adversarial network,Fernanda Miyuki Yamada; Harlen Costa Batagelo; João Paulo Gois; Hiroki Takahashi,55,7,10.1007/s10489-025-06364-x,https://doi.org/10.1007/s10489-025-06364-x,article,Applied Intelligence,https://openalex.org/W4408199777
Applied Intelligence,Springer Nature,2025,2025-03-08,3D-FaIR: 3D facial imperfection regeneration with defects by fully convolutional mesh autoencoder,Phuong D. Nguyen; Thinh D. Le; Duong Q. Nguyen; Thanh Quang Nguyen; Li‐Wei Chou; Hung Nguyen‐Xuan,55,7,10.1007/s10489-024-05880-6,https://doi.org/10.1007/s10489-024-05880-6,article,Applied Intelligence,https://openalex.org/W4408257552
Applied Intelligence,Springer Nature,2025,2025-03-08,Automated echocardiogram image quality assessment with YOLO and resnet in the left ventricular myocardium of A4C views,Weiyang Liu; Qiushuang Wang; Peifang Zhang; Yujiao Deng; Yawei Zhao; Yongming Zhang; Hongli Xu; Xiaowan Qiu; Chen Xu; Jiayu Xu; Kunlun He,55,7,10.1007/s10489-025-06419-z,https://doi.org/10.1007/s10489-025-06419-z,article,Applied Intelligence,https://openalex.org/W4408241322
Applied Intelligence,Springer Nature,2025,2025-03-08,Batch process quality prediction based on denoising autoencoder-spatial temporal convolutional attention mechanism fusion network,Yan Zhang; Jie Cao; Xiaoqiang Zhao; Yongyong Hui,55,7,10.1007/s10489-025-06368-7,https://doi.org/10.1007/s10489-025-06368-7,article,Applied Intelligence,https://openalex.org/W4408246791
Applied Intelligence,Springer Nature,2025,2025-03-10,A personalized consensus-reaching method for large-group decision-making in social networks combining self-confidence and trust relationships,Zhengmin Liu; Ri Jia Ding; Wenxin Wang; Пэйдэ Лю; Shanshan Gao,55,7,10.1007/s10489-025-06395-4,https://doi.org/10.1007/s10489-025-06395-4,article,Applied Intelligence,https://openalex.org/W4408277374
Applied Intelligence,Springer Nature,2025,2025-03-10,An online self-organizing radial basis function neural network based on Gaussian Membership,Lijie Jia; Wenjing Li; Junfei Qiao; Xinliang Zhang,55,7,10.1007/s10489-024-05989-8,https://doi.org/10.1007/s10489-024-05989-8,article,Applied Intelligence,https://openalex.org/W4408280400
Applied Intelligence,Springer Nature,2025,2025-03-10,Anomaly detection in crowd scenes via cross trajectories,Murat Akpulat; Murat Ekіncі,55,7,10.1007/s10489-025-06338-z,https://doi.org/10.1007/s10489-025-06338-z,article,Applied Intelligence,https://openalex.org/W4408293767
Applied Intelligence,Springer Nature,2025,2025-03-10,Attention-based spatial-temporal synchronous graph convolution networks for traffic flow forecasting,Xiaoduo Wei; Dawen Xia; Yunsong Li; Yuce Ao; Yan Chen; Yang Hu; Yantao Li; Huaqing Li,55,7,10.1007/s10489-025-06341-4,https://doi.org/10.1007/s10489-025-06341-4,article,Applied Intelligence,https://openalex.org/W4408282051
Applied Intelligence,Springer Nature,2025,2025-03-10,Dynamic graph-based graph attention network for anomaly detection in industrial multivariate time series data,Cong Gao; Hongye Ma; Qingqi Pei; Yanping Chen,55,7,10.1007/s10489-025-06412-6,https://doi.org/10.1007/s10489-025-06412-6,article,Applied Intelligence,https://openalex.org/W4408273432
Applied Intelligence,Springer Nature,2025,2025-03-10,High-order consensus graph learning for incomplete multi-view clustering,Wei Guo; Hangjun Che; Man-Fai Leung,55,7,10.1007/s10489-025-06375-8,https://doi.org/10.1007/s10489-025-06375-8,article,Applied Intelligence,https://openalex.org/W4408276406
Applied Intelligence,Springer Nature,2025,2025-03-10,NTFNet: Narrowing-Then-Fusing network for RGB-TIR semantic segmentation,Yichen Liu; Junjie Ye; Wangpeng He; Zhihua Qu; Ren Ping Xu,55,7,10.1007/s10489-025-06411-7,https://doi.org/10.1007/s10489-025-06411-7,article,Applied Intelligence,https://openalex.org/W4408275284
Applied Intelligence,Springer Nature,2025,2025-03-10,Parallel recurrent neural network with transformer for anomalous trajectory detection,Dawen Xia; Yunsong Li; Yu‐Fei Ao; Xiaoduo Wei; Yan Chen; Yang Hu; Yantao Li; Huaqing Li,55,7,10.1007/s10489-024-06069-7,https://doi.org/10.1007/s10489-024-06069-7,article,Applied Intelligence,https://openalex.org/W4408275587
Applied Intelligence,Springer Nature,2025,2025-03-10,Real-like synthetic sperm video generation from learned behaviors,Sergio Hernández-García; Alfredo Cuesta‐Infante; Dimitrios Makris; Antonio Sanz Montemayor,55,7,10.1007/s10489-025-06407-3,https://doi.org/10.1007/s10489-025-06407-3,article,Applied Intelligence,https://openalex.org/W4408297611
Applied Intelligence,Springer Nature,2025,2025-03-10,Real-time AI-driven quality control for laboratory automation: a novel computer vision solution for the opentrons OT-2 liquid handling robot,Sana Ullah Khan; Vilhelm Krarup Møller; Rasmus John Normand Frandsen; Marjan Mansourvar,55,7,10.1007/s10489-025-06334-3,https://doi.org/10.1007/s10489-025-06334-3,article,Applied Intelligence,https://openalex.org/W4408293710
Applied Intelligence,Springer Nature,2025,2025-03-11,DARTS-EAST: an edge-adaptive selection with topology first differentiable architecture selection method,Xuwei Fang; Weisheng Xie; Hui Li; Wenbin Zhou; Hang Chen; Xiangxiang Gao,55,7,10.1007/s10489-025-06353-0,https://doi.org/10.1007/s10489-025-06353-0,article,Applied Intelligence,https://openalex.org/W4408316244
Applied Intelligence,Springer Nature,2025,2025-03-11,DiffusionLight:a multi-agent reinforcement learning approach for traffic signal control based on shortcut-diffusion model,Jilin Yu; Zhiwen Wang; Ruonan Zhang,55,7,10.1007/s10489-025-06359-8,https://doi.org/10.1007/s10489-025-06359-8,article,Applied Intelligence,https://openalex.org/W4408339553
Applied Intelligence,Springer Nature,2025,2025-03-13,Entropy guidance hierarchical rich-scale feature network for remote sensing image semantic segmentation of high resolution,Haoxue Zhang; Linjuan Li; Xinlin Xie; Yun He; Jinchang Ren; Gang Xie,55,7,10.1007/s10489-025-06433-1,https://doi.org/10.1007/s10489-025-06433-1,article,Applied Intelligence,https://openalex.org/W4408413106
Applied Intelligence,Springer Nature,2025,2025-03-13,TsDa-ASAM: Balancing efficiency and accuracy in coke image particle size segmentation via two-stage distillation-aware adaptive segment anything model,Yalin Wang; Yubin Peng; Xujie Tan; Yuqing Pan; Chenliang Liu,55,7,10.1007/s10489-025-06427-z,https://doi.org/10.1007/s10489-025-06427-z,article,Applied Intelligence,https://openalex.org/W4408421649
Applied Intelligence,Springer Nature,2025,2025-03-14,A comparison study of several strategies in multivariate time series clustering based on graph community detection,Hanlin Sun; Wei Jie; Yanping Chen; Zhongmin Wang,55,7,10.1007/s10489-025-06444-y,https://doi.org/10.1007/s10489-025-06444-y,article,Applied Intelligence,https://openalex.org/W4408456039
Applied Intelligence,Springer Nature,2025,2025-03-14,Effect of continuous S-shaped rectified linear function on deep convolutional neural network,Anahita Ghazvini; Siti Norul Huda Sheikh Abdullah; Masri Binti Ayob,55,7,10.1007/s10489-025-06399-0,https://doi.org/10.1007/s10489-025-06399-0,article,Applied Intelligence,https://openalex.org/W4408429394
Applied Intelligence,Springer Nature,2025,2025-03-15,"AI-computing, deep reinforcement learning-based predictive human-robot neuromechanical simulation for wearable robots",Mingyi Wang; Shuzhen Luo,55,7,10.1007/s10489-025-06360-1,https://doi.org/10.1007/s10489-025-06360-1,article,Applied Intelligence,https://openalex.org/W4408485500
Applied Intelligence,Springer Nature,2025,2025-03-15,Performance of machine learning methods for cattle identification and recognition from retinal images,Pınar Cihan; Ahmet Saygılı; Muhammed Akyüzlü; Nihat Eren Özmen; Celal Şahin Ermutlu; Uğur Aydın; Alican Yılmaz; Özgür Aksoy,55,7,10.1007/s10489-025-06398-1,https://doi.org/10.1007/s10489-025-06398-1,article,Applied Intelligence,https://openalex.org/W4408479159
Applied Intelligence,Springer Nature,2025,2025-03-15,QuinNet: Quintuple u-shape networks for scale- and shape-variant lesion segmentation,Gaojuan Fan; Jie Wang; Ruixue Xia; Funa Zhou; Chongsheng Zhang,55,7,10.1007/s10489-025-06448-8,https://doi.org/10.1007/s10489-025-06448-8,article,Applied Intelligence,https://openalex.org/W4408477174
Applied Intelligence,Springer Nature,2025,2025-03-15,SFP: temporal knowledge graph completion based on sequence-focus patterns representation learning,Jingbin Wang; Xifan Ke; Fuyuan Zhang; Yuwei Wu; Sirui Zhang; Kun Guo,55,7,10.1007/s10489-025-06306-7,https://doi.org/10.1007/s10489-025-06306-7,article,Applied Intelligence,https://openalex.org/W4408479186
Applied Intelligence,Springer Nature,2025,2025-03-15,Uncertainty weighted policy optimization based on Bayesian approximation,Tianyi Li; Genke Yang; Jian Chu,55,7,10.1007/s10489-025-06303-w,https://doi.org/10.1007/s10489-025-06303-w,article,Applied Intelligence,https://openalex.org/W4408490095
Applied Intelligence,Springer Nature,2025,2025-03-15,Use of artificial intelligence techniques in characterization of vibration signals for application in agri-food engineering,Amalia Luque Sendra; Daniel Campos Olivares; Mirko Mazzoleni; Antonio Ferramosca; Fabio Previdi; Alejandro Carrasco,55,7,10.1007/s10489-025-06424-2,https://doi.org/10.1007/s10489-025-06424-2,article,Applied Intelligence,https://openalex.org/W4408474504
Applied Intelligence,Springer Nature,2025,2025-03-17,A reinforcement learning malware detection model based on heterogeneous information network path representation,Kang Yang; Lizhi Cai; Jianhua Wu; Zhenyu Liu; Meng Zhang,55,7,10.1007/s10489-025-06417-1,https://doi.org/10.1007/s10489-025-06417-1,article,Applied Intelligence,https://openalex.org/W4408535842
Applied Intelligence,Springer Nature,2025,2025-03-17,FA3-Net: feature aggregation and augmentation with attention network for sound event localization and detection,Chuan Wang; Qinghua Huang,55,7,10.1007/s10489-025-06437-x,https://doi.org/10.1007/s10489-025-06437-x,article,Applied Intelligence,https://openalex.org/W4408586847
Applied Intelligence,Springer Nature,2025,2025-03-17,MSF-SegFormer: a feature fusion algorithm for magnetic leakage image segmentation,Zhujun Wang; Ruiqing Ni; Tianhe Sun; Yulong Jiang; Bin Liu,55,7,10.1007/s10489-025-06453-x,https://doi.org/10.1007/s10489-025-06453-x,article,Applied Intelligence,https://openalex.org/W4408535007
Applied Intelligence,Springer Nature,2025,2025-03-18,Federated learning-based road surveillance system in distributed CCTV environment: Pedestrian fall recognition using spatio-temporal attention networks,김병훈; Jaegyun Im; Byeongjoon Noh,55,7,10.1007/s10489-025-06451-z,https://doi.org/10.1007/s10489-025-06451-z,article,Applied Intelligence,https://openalex.org/W4408579950
Applied Intelligence,Springer Nature,2025,2025-03-18,Improved DAB-DETR model for irregular traffic obstacles detection in vision based driving environment perception scenario,Junchao Yang; Hui Zhang; Yuting Zhou; Zhiwei Guo; Feng Lin,55,7,10.1007/s10489-025-06440-2,https://doi.org/10.1007/s10489-025-06440-2,article,Applied Intelligence,https://openalex.org/W4408585505
Applied Intelligence,Springer Nature,2025,2025-03-18,Locomotion mode prediction in real-life walking with and without ankle–foot exoskeleton assistance,Simão P. Carvalho; Joana Figueiredo; João Cerqueira; Cristina P. Santos,55,7,10.1007/s10489-025-06416-2,https://doi.org/10.1007/s10489-025-06416-2,article,Applied Intelligence,https://openalex.org/W4408645493
Applied Intelligence,Springer Nature,2025,2025-03-18,Multi-dimensional requirements for reinforcement recommendation reasoning,Yinggang Li; Xiangrong Tong; Zhongming Lv,55,7,10.1007/s10489-024-05854-8,https://doi.org/10.1007/s10489-024-05854-8,article,Applied Intelligence,https://openalex.org/W4408590387
Applied Intelligence,Springer Nature,2025,2025-03-18,Multi-scale dual-stream visual feature extraction and graph reasoning for visual question answering,Abdulganiyu Abdu Yusuf; Chong Feng; Xian-Ling Mao; Xinyan Li; Yunusa Haruna; Ramadhani Ally Duma,55,7,10.1007/s10489-025-06325-4,https://doi.org/10.1007/s10489-025-06325-4,article,Applied Intelligence,https://openalex.org/W4408549799
Applied Intelligence,Springer Nature,2025,2025-03-18,Ship pipeline defect detection method based on deep learning and transfer fusion of ultrasonic guided wave signals,Ruoli Tang; Yongzhe Li; Shangyu Zhang,55,7,10.1007/s10489-025-06390-9,https://doi.org/10.1007/s10489-025-06390-9,article,Applied Intelligence,https://openalex.org/W4408582303
Applied Intelligence,Springer Nature,2025,2025-03-19,A scale-cross non-local network with higher-level semantics guidance for smoke segmentation,Lin Zhang; Jing Wu; Yun Zhao; Feiniu Yuan,55,7,10.1007/s10489-025-06420-6,https://doi.org/10.1007/s10489-025-06420-6,article,Applied Intelligence,https://openalex.org/W4408591752
Applied Intelligence,Springer Nature,2025,2025-03-19,HKGAT: heterogeneous knowledge graph attention network for explainable recommendation system,Y. Zhang; Jingyun Tian; Jing Ping Sun; H. Anthony Chan; Agen Qiu; C. Liu,55,7,10.1007/s10489-025-06446-w,https://doi.org/10.1007/s10489-025-06446-w,article,Applied Intelligence,https://openalex.org/W4408623961
Applied Intelligence,Springer Nature,2025,2025-03-19,"ISL-Net: dual-stream interaction network with task-optimized modules for more accurate, complete iris segmentation and localization",Lei He; Xiaokai Yang; Xiaokai Yang; Jian Ying Zheng; Zhaobang Liu; Xiaoguo Yang; Xiaoguo Yang,55,7,10.1007/s10489-024-05862-8,https://doi.org/10.1007/s10489-024-05862-8,article,Applied Intelligence,https://openalex.org/W4408627079
Applied Intelligence,Springer Nature,2025,2025-03-19,SDDP: sensitive data detection method for user-controlled data pricing,Yuchuan Hu; Bitao Hu; Bing Beverly Guo; Cheng Dai; Yan Hong Shen,55,7,10.1007/s10489-025-06229-3,https://doi.org/10.1007/s10489-025-06229-3,article,Applied Intelligence,https://openalex.org/W4408623603
Applied Intelligence,Springer Nature,2025,2025-03-20,Leveraging CQT-VMD and pre-trained AlexNet architecture for accurate pulmonary disease classification from lung sound signals,Zakaria Neili; Kenneth Sundaraj,55,7,10.1007/s10489-025-06452-y,https://doi.org/10.1007/s10489-025-06452-y,article,Applied Intelligence,https://openalex.org/W4408657364
Applied Intelligence,Springer Nature,2025,2025-03-20,OTMKGRL: a universal multimodal knowledge graph representation learning framework using optimal transport and cross-modal relation,Tao Wang; Bo Shen,55,7,10.1007/s10489-025-06459-5,https://doi.org/10.1007/s10489-025-06459-5,article,Applied Intelligence,https://openalex.org/W4408692328
Applied Intelligence,Springer Nature,2025,2025-03-21,3DGCformer: 3-Dimensional Graph Convolutional transformer for multi-step origin–destination matrix forecasting,Yiou Huang; Hao Deng; Shengjie Zhao,55,7,10.1007/s10489-025-06371-y,https://doi.org/10.1007/s10489-025-06371-y,article,Applied Intelligence,https://openalex.org/W4408738161
Applied Intelligence,Springer Nature,2025,2025-03-21,Enhancing graph representation learning via type-aware decoupling and node influence allocation,Guo-Chang Zhu; Jun Hu; Li Liu; Qinghua Zhang; Guoyin Wang,55,7,10.1007/s10489-025-06443-z,https://doi.org/10.1007/s10489-025-06443-z,article,Applied Intelligence,https://openalex.org/W4408732163
Applied Intelligence,Springer Nature,2025,2025-03-21,Frequency-enhanced and decomposed transformer for multivariate time series anomaly detection,Shijiang Li; Zhihai Wang; Xiaokang Wang; Zihao Yin; Muyun Yao,55,7,10.1007/s10489-025-06441-1,https://doi.org/10.1007/s10489-025-06441-1,article,Applied Intelligence,https://openalex.org/W4408732566
Applied Intelligence,Springer Nature,2025,2025-03-21,HRMG-EA: Heterogeneous graph neural network recommendation with multi-level guidance based on enhanced-attributes,Li-Min Wang; Guiyuan Yuan; Chao Li; Yufei Zhao; Hua Duan; Qingtian Zeng,55,7,10.1007/s10489-025-06428-y,https://doi.org/10.1007/s10489-025-06428-y,article,Applied Intelligence,https://openalex.org/W4408731535
Applied Intelligence,Springer Nature,2025,2025-03-22,A new deep learning-based approach for predicting the geothermal heat pump’s thermal power of a real bioclimatic house,Francisco Zayas‐Gato; Antonio Díaz-Longueira; Paula Arcano-Bea; Álvaro Michelena; JOSE LUIS CALVO  ROLLE; Esteban Jove,55,7,10.1007/s10489-025-06457-7,https://doi.org/10.1007/s10489-025-06457-7,article,Applied Intelligence,https://openalex.org/W4408734573
Applied Intelligence,Springer Nature,2025,2025-03-22,An approach to software defect prediction for small-sized datasets,Pravas Ranjan Bal; Suyash Shukla; Sandeep Kumar,55,7,10.1007/s10489-025-06458-6,https://doi.org/10.1007/s10489-025-06458-6,article,Applied Intelligence,https://openalex.org/W4408741861
Applied Intelligence,Springer Nature,2025,2025-03-22,REFD:recurrent encoder and fusion decoder for temporal knowledge graph reasoning,Qian Liu; Siling Feng; Mengxing Huang; Uzair Aslam Bhatti,55,7,10.1007/s10489-025-06445-x,https://doi.org/10.1007/s10489-025-06445-x,article,Applied Intelligence,https://openalex.org/W4408765572
Applied Intelligence,Springer Nature,2025,2025-03-22,Semi-supervised text classification method based on three-way decision with evidence theory,Ziping Yang; Chunmao Jiang; Chunmei Huang,55,7,10.1007/s10489-024-06129-y,https://doi.org/10.1007/s10489-024-06129-y,article,Applied Intelligence,https://openalex.org/W4408734428
Applied Intelligence,Springer Nature,2025,2025-03-22,Separable N-soft sets: A tool for multinary descriptions with large-scale parameter sets,Muhammad Jabir Khan; José Carlos R. Alcantud; Muhammad Akram; Weiping Ding,55,7,10.1007/s10489-025-06435-z,https://doi.org/10.1007/s10489-025-06435-z,article,Applied Intelligence,https://openalex.org/W4408764258
Applied Intelligence,Springer Nature,2025,2025-03-23,Mastering table tennis with hierarchy: a reinforcement learning approach with progressive self-play training,Hongxu Ma; Jianyin Fan; Haoran Xu; Qiang Wang,55,7,10.1007/s10489-025-06450-0,https://doi.org/10.1007/s10489-025-06450-0,article,Applied Intelligence,https://openalex.org/W4408759069
Applied Intelligence,Springer Nature,2025,2025-03-24,Dark-ControlNet: an enhanced dehazing universal plug-in based on the dark channel prior,Yang Yu; Xuesong Yin; Yigang Wang,55,7,10.1007/s10489-025-06439-9,https://doi.org/10.1007/s10489-025-06439-9,article,Applied Intelligence,https://openalex.org/W4408776194
Applied Intelligence,Springer Nature,2025,2025-03-24,Sparse pinball Universum nonparallel support vector machine and its safe screening rule,Hongmei Wang; Ping Li; Yuyan Zheng; Kun Jiang; Yitian Xu,55,7,10.1007/s10489-025-06356-x,https://doi.org/10.1007/s10489-025-06356-x,article,Applied Intelligence,https://openalex.org/W4408769186
Applied Intelligence,Springer Nature,2025,2025-03-24,Vision-based attention deep q-network with prior-based knowledge,Jialin Ma; Ce Li; Hong Liang; Kailun Wei; Shutian Zhao; Hangfei Jiang; Yanyun Qu,55,6,10.1007/s10489-024-05850-y,https://doi.org/10.1007/s10489-024-05850-y,article,Applied Intelligence,https://openalex.org/W4408876256
Applied Intelligence,Springer Nature,2025,2025-03-25,A robust stochastic quasi-Newton algorithm for non-convex machine learning,Hanger Liu; Yuqing Liang; Jinlan Liu; Dongpo Xu,55,7,10.1007/s10489-025-06475-5,https://doi.org/10.1007/s10489-025-06475-5,article,Applied Intelligence,https://openalex.org/W4408892076
Applied Intelligence,Springer Nature,2025,2025-03-25,Demystifying the black box: AI-enhanced logistic regression for lead scoring,B. Liu,55,7,10.1007/s10489-025-06430-4,https://doi.org/10.1007/s10489-025-06430-4,article,Applied Intelligence,https://openalex.org/W4408897874
Applied Intelligence,Springer Nature,2025,2025-03-25,Dual heterogeneous graph contrastive learning for QoS prediction,Yuting Xiu; Ding Ding; Ziteng Wu; Yuekun Zhao; Jiaqi Liu,55,7,10.1007/s10489-025-06431-3,https://doi.org/10.1007/s10489-025-06431-3,article,Applied Intelligence,https://openalex.org/W4408891916
Applied Intelligence,Springer Nature,2025,2025-03-25,Dual-layer contrastive learning for aspect-aligned multimodal sentiment analysis,Junjun Guo; Zida Yan; Guanghua Zhang,55,7,10.1007/s10489-025-06483-5,https://doi.org/10.1007/s10489-025-06483-5,article,Applied Intelligence,https://openalex.org/W4408893354
Applied Intelligence,Springer Nature,2025,2025-03-25,Harmful data enhanced anomaly detection for quasi-periodic multivariate time series,Liyuan Wang; Yong Zhang Zhou; Wuping Ke; Desheng Zheng; Fan Min; Hui Li,55,7,10.1007/s10489-025-06461-x,https://doi.org/10.1007/s10489-025-06461-x,article,Applied Intelligence,https://openalex.org/W4408894704
Applied Intelligence,Springer Nature,2025,2025-03-25,Hierarchical-enhanced graph convolutional networks leveraging causal inference for aspect-based sentiment analysis,Fengling Zhou; Zhixin Li; Canlong Zhang; Huifang Ma,55,7,10.1007/s10489-025-06465-7,https://doi.org/10.1007/s10489-025-06465-7,article,Applied Intelligence,https://openalex.org/W4408891718
Applied Intelligence,Springer Nature,2025,2025-03-25,Multi-view clustering with filtered bipartite graph,Jintian Ji; Hailei Peng; Songhe Feng,55,7,10.1007/s10489-025-06476-4,https://doi.org/10.1007/s10489-025-06476-4,article,Applied Intelligence,https://openalex.org/W4408892057
Applied Intelligence,Springer Nature,2025,2025-03-25,Probabilistic linguistic hesitant fuzzy multi-attribute decision making for rural revitalization project selection of China,Jiu-Ying Dong; Si-Hang Gong; Shu‐Ping Wan,55,7,10.1007/s10489-025-06305-8,https://doi.org/10.1007/s10489-025-06305-8,article,Applied Intelligence,https://openalex.org/W4408936290
Applied Intelligence,Springer Nature,2025,2025-03-25,ResU-KAN: a medical image segmentation model integrating residual convolutional attention and atrous spatial pyramid pooling,Haibin Wang; Zhenfeng Zhao; Qi Liu; Shenwen Wang,55,7,10.1007/s10489-025-06467-5,https://doi.org/10.1007/s10489-025-06467-5,article,Applied Intelligence,https://openalex.org/W4408892047
Applied Intelligence,Springer Nature,2025,2025-03-25,Unveiling the frontiers of deep learning: Innovations shaping diverse domains,Shams Forruque Ahmed; Md. Sakib Bin Alam; Maliha Kabir; Shaila Afrin; Sabiha Jannat Rafa; Aanushka Mehjabin; Amir H. Gandomi,55,7,10.1007/s10489-025-06259-x,https://doi.org/10.1007/s10489-025-06259-x,article,Applied Intelligence,https://openalex.org/W4408897831
Applied Intelligence,Springer Nature,2025,2025-03-26,A filter-wrapper model for high-dimensional feature selection based on evolutionary computation,Pei Hu; Jiulong Zhu,55,7,10.1007/s10489-025-06474-6,https://doi.org/10.1007/s10489-025-06474-6,article,Applied Intelligence,https://openalex.org/W4408968224
Applied Intelligence,Springer Nature,2025,2025-03-26,Deep attribute graph clustering based on bisymmetric network information fusion and mutual influence,Shuqiu Tan; Lei Zhang; Yahui Liu; Jianxun Zhang,55,7,10.1007/s10489-025-06295-7,https://doi.org/10.1007/s10489-025-06295-7,article,Applied Intelligence,https://openalex.org/W4408959945
Applied Intelligence,Springer Nature,2025,2025-03-26,Effective selection of public IoT services by learning uncertain environmental factors using fingerprint attention,KyeongDeok Baek; In‐Young Ko,55,7,10.1007/s10489-025-06472-8,https://doi.org/10.1007/s10489-025-06472-8,article,Applied Intelligence,https://openalex.org/W4408953353
Applied Intelligence,Springer Nature,2025,2025-03-26,IAMTrack: interframe appearance and modality tokens propagation with temporal modeling for RGBT tracking,Huiwei Shi; Xiaodong Mu; Hao He; Chengliang Zhong; Bo Zhang; Peng Zhao,55,7,10.1007/s10489-025-06438-w,https://doi.org/10.1007/s10489-025-06438-w,article,Applied Intelligence,https://openalex.org/W4408959878
Applied Intelligence,Springer Nature,2025,2025-03-26,Interpretable multi-agent reinforcement learning via multi-head variational autoencoders,Peizhang Li; Qing Fei; Zhen Chen,55,7,10.1007/s10489-025-06473-7,https://doi.org/10.1007/s10489-025-06473-7,article,Applied Intelligence,https://openalex.org/W4408952435
Applied Intelligence,Springer Nature,2025,2025-03-26,LPPSLF: a lightweight privacy-preserving split learning framework for smart surveillance systems,Liang Wang; Hao Chen; Lina Zuo; Haibo Liu,55,7,10.1007/s10489-025-06489-z,https://doi.org/10.1007/s10489-025-06489-z,article,Applied Intelligence,https://openalex.org/W4408958231
Applied Intelligence,Springer Nature,2025,2025-03-26,Multi-scale spatiotemporal normality learning for unsupervised video anomaly detection,Caitian Liu; Linxiao Gong; Xiong Chen,55,7,10.1007/s10489-025-06485-3,https://doi.org/10.1007/s10489-025-06485-3,article,Applied Intelligence,https://openalex.org/W4408960433
Applied Intelligence,Springer Nature,2025,2025-03-26,Spatial-temporal context-aware network for 3D-Craft generation,Ruyi Ji; Qunbo Wang; Boying Wang; Hangu Zhang; Wentao Zhang; Lin Dai; Yanni Wang,55,7,10.1007/s10489-025-06468-4,https://doi.org/10.1007/s10489-025-06468-4,article,Applied Intelligence,https://openalex.org/W4408953755
Applied Intelligence,Springer Nature,2025,2025-03-26,WMFusion: a W-shaped dual encoder and single decoder network for multimodal medical image fusion,Yu Feng Shao; Lei Yu; Haozhe Tang,55,7,10.1007/s10489-025-06477-3,https://doi.org/10.1007/s10489-025-06477-3,article,Applied Intelligence,https://openalex.org/W4408958432
Applied Intelligence,Springer Nature,2025,2025-03-27,A novel classification method based on an online extended belief rule base with a human-in-the-loop strategy,Jinyuan Li; Guangyu Qian; Wei He; Hailong Zhu; Guohui Zhou,55,7,10.1007/s10489-025-06434-0,https://doi.org/10.1007/s10489-025-06434-0,article,Applied Intelligence,https://openalex.org/W4408987328
Applied Intelligence,Springer Nature,2025,2025-03-27,Adaptive federated deep reinforcement learning for edge offloading in heterogeneous AGI-MEC networks,Chenchen Fan; Qingling Wang,55,7,10.1007/s10489-025-06486-2,https://doi.org/10.1007/s10489-025-06486-2,article,Applied Intelligence,https://openalex.org/W4408988606
Applied Intelligence,Springer Nature,2025,2025-03-27,AuGQ: Augmented quantization granularity to overcome accuracy degradation for sub-byte quantized deep neural networks,Ahmed Mujtaba; Wai‐Kong Lee; Byoung Chul Ko; Hyung Jin Chang; Seong Oun Hwang,55,7,10.1007/s10489-025-06495-1,https://doi.org/10.1007/s10489-025-06495-1,article,Applied Intelligence,https://openalex.org/W4408984847
Applied Intelligence,Springer Nature,2025,2025-03-27,Convolution-aware networks for random missing traffic data imputation,Zhenzhen Zhao; Guojiang Shen; Wenfeng Zhou; Wenjie Gu; Chao Chen; Xiangjie Kong,55,7,10.1007/s10489-025-06506-1,https://doi.org/10.1007/s10489-025-06506-1,article,Applied Intelligence,https://openalex.org/W4408991126
Applied Intelligence,Springer Nature,2025,2025-03-27,Enhanced frustrum multi-scale VoteNet for 3D object detection in cluttered indoor scene,Xuesong Zhang; Yu Qi He; Cunli Song; Yan Zhuang,55,7,10.1007/s10489-025-06492-4,https://doi.org/10.1007/s10489-025-06492-4,article,Applied Intelligence,https://openalex.org/W4408984916
Applied Intelligence,Springer Nature,2025,2025-03-27,New 2D hyperchaotic Cubic-Tent map and improved 3D Hilbert diffusion for image encryption,Xinli Xu; Xin-guang Song; Si-hang Liu; Nanrun Zhou; Meng-meng Wang,55,7,10.1007/s10489-025-06414-4,https://doi.org/10.1007/s10489-025-06414-4,article,Applied Intelligence,https://openalex.org/W4408972359
Applied Intelligence,Springer Nature,2025,2025-03-28,A deep reinforcement learning approach and its application in multi-USV adversarial game simulation,Jinjun Rao; Cong Wang; Mei Liu; Jinbo Chen; Jingtao Lei; Wojciech Giernacki,55,7,10.1007/s10489-025-06380-x,https://doi.org/10.1007/s10489-025-06380-x,article,Applied Intelligence,https://openalex.org/W4408978797
Applied Intelligence,Springer Nature,2025,2025-03-28,Automated text annotation: a new paradigm for generalizable text-to-image person retrieval,Delong Liu; Peng Wang; Zhicheng Zhao; Fei Su,55,7,10.1007/s10489-025-06487-1,https://doi.org/10.1007/s10489-025-06487-1,article,Applied Intelligence,https://openalex.org/W4408981580
Applied Intelligence,Springer Nature,2025,2025-03-28,DRHGNN: a dynamic residual hypergraph neural network for aspect sentiment triplet extraction,Peng Wei Guo; Zihao Yu; Chao Li; Jun Jie Sun,55,7,10.1007/s10489-025-06466-6,https://doi.org/10.1007/s10489-025-06466-6,article,Applied Intelligence,https://openalex.org/W4408979965
Applied Intelligence,Springer Nature,2025,2025-03-29,An integrated interpretation and clustering model based on attribute grouping,Liang Chen; Leming Sun; Caiming Zhong,55,7,10.1007/s10489-025-06262-2,https://doi.org/10.1007/s10489-025-06262-2,article,Applied Intelligence,https://openalex.org/W4409033465
Applied Intelligence,Springer Nature,2025,2025-03-29,COFA: counterfactual attention framework for trustworthy wafer map failure classification,Kaiyue Feng; Jia Wang; Chenke Yin; Andong Li,55,7,10.1007/s10489-025-06488-0,https://doi.org/10.1007/s10489-025-06488-0,article,Applied Intelligence,https://openalex.org/W4409229193
Applied Intelligence,Springer Nature,2025,2025-03-29,Continual learning with selective nets,Hai Tung Luu; Márton Szemenyei,55,7,10.1007/s10489-025-06497-z,https://doi.org/10.1007/s10489-025-06497-z,article,Applied Intelligence,https://openalex.org/W4409000459
Applied Intelligence,Springer Nature,2025,2025-03-29,Decomposition dynamic multi-graph convolutional recurrent network for traffic forecasting,Longfei Hu; Lai Wei; Yeqing Lin,55,7,10.1007/s10489-025-06503-4,https://doi.org/10.1007/s10489-025-06503-4,article,Applied Intelligence,https://openalex.org/W4409230299
Applied Intelligence,Springer Nature,2025,2025-03-29,Machine sound anomaly detection based on dual-channel feature fusion variational auto-encoder,Chen Zhang; Yongkang Wei; Xiaofeng Wang; Xiaoxuan Wu; Xuhui Zhu,55,7,10.1007/s10489-025-06449-7,https://doi.org/10.1007/s10489-025-06449-7,article,Applied Intelligence,https://openalex.org/W4409277428
Applied Intelligence,Springer Nature,2025,2025-03-29,Maximizing diversity in k-pattern set mining through constraint programming and entropy,Mohamed El Amine Douad; Noureddine Aribi; Samir Loudni; Arnold Hien; Yahia Lebbah,55,7,10.1007/s10489-025-06482-6,https://doi.org/10.1007/s10489-025-06482-6,article,Applied Intelligence,https://openalex.org/W4409277070
Applied Intelligence,Springer Nature,2025,2025-03-31,A novel three-way heterogeneous multi-attribute group decision method based on LINMAP for college teacher introduction,Shu‐Ping Wan; Yu Gao; Jiu-Ying Dong,55,7,10.1007/s10489-025-06369-6,https://doi.org/10.1007/s10489-025-06369-6,article,Applied Intelligence,https://openalex.org/W4409037623
Applied Intelligence,Springer Nature,2025,2025-03-31,DAGAF: A directed acyclic generative adversarial framework for joint structure learning and tabular data synthesis,Hristo Petkov; Calum MacLellan; Feng Dong,55,7,10.1007/s10489-025-06410-8,https://doi.org/10.1007/s10489-025-06410-8,article,Applied Intelligence,https://openalex.org/W4409049399
Applied Intelligence,Springer Nature,2025,2025-03-31,Generality-aware self-supervised transformer for multivariate time series anomaly detection,Yucheol Cho; Jae-Hyeok Lee; Gyeongdo Ham; Donggon Jang; Dae‐Shik Kim,55,7,10.1007/s10489-025-06481-7,https://doi.org/10.1007/s10489-025-06481-7,article,Applied Intelligence,https://openalex.org/W4409051266
Applied Intelligence,Springer Nature,2025,2025-03-31,Leveraging BiLSTM-GAT for enhanced stock market prediction: a dual-graph approach to portfolio optimization,Xiaojian Lu; Josiah Poon; Matloob Khushi,55,7,10.1007/s10489-025-06462-w,https://doi.org/10.1007/s10489-025-06462-w,article,Applied Intelligence,https://openalex.org/W4409038163
Applied Intelligence,Springer Nature,2025,2025-03-31,SentimentMapper: A framework for mapping of sentiments towards disaster response using social media data,Tanu Gupta; Akshara Rai; Sudip Kumar Roy,55,7,10.1007/s10489-025-06442-0,https://doi.org/10.1007/s10489-025-06442-0,article,Applied Intelligence,https://openalex.org/W4409051179
Applied Intelligence,Springer Nature,2025,2025-03-31,Structured 3D gaussian splatting for novel view synthesis based on single RGB-LiDAR View,Libin Liu; Zhiqun Zhao; Wei Ma; Siyuan Zhang; Hongbin Zha,55,7,10.1007/s10489-025-06494-2,https://doi.org/10.1007/s10489-025-06494-2,article,Applied Intelligence,https://openalex.org/W4409049832
Applied Intelligence,Springer Nature,2025,2025-03-31,Towards accurate post-training quantization for reparameterized models,Luoming Zhang; Yefei He; Fei Wen; Zhenyu Lou; Weijia Wu; Yangwei Ying; Hong Zhou,55,7,10.1007/s10489-025-06418-0,https://doi.org/10.1007/s10489-025-06418-0,article,Applied Intelligence,https://openalex.org/W4409052694
Applied Intelligence,Springer Nature,2025,2025-04-01,Adaptive patch selection to improve Vision Transformers through Reinforcement Learning,Francesco Cauteruccio; Michele Marchetti; Davide Traini; Domenico Ursino; Luca Virgili,55,7,10.1007/s10489-025-06516-z,https://doi.org/10.1007/s10489-025-06516-z,article,Applied Intelligence,https://openalex.org/W4409118116
Applied Intelligence,Springer Nature,2025,2025-04-01,Advanced IDS: a comparative study of datasets and machine learning algorithms for network flow-based intrusion detection systems,Julio Cesar Munguía Mondragón; Paula Branco; Guy-Vincent Jourdan; Andres E. Gutierrez-Rodríguez; Rajesh Roshan Biswal,55,7,10.1007/s10489-025-06422-4,https://doi.org/10.1007/s10489-025-06422-4,article,Applied Intelligence,https://openalex.org/W4409140393
Applied Intelligence,Springer Nature,2025,2025-04-01,SiamYOLOv8: a rapid conditional detection framework for one-shot object detection,Matthieu Desmarescaux; Wissam Kaddah; Ayman Alfalou; Isabelle Badoc,55,7,10.1007/s10489-025-06513-2,https://doi.org/10.1007/s10489-025-06513-2,article,Applied Intelligence,https://openalex.org/W4409137290
Applied Intelligence,Springer Nature,2025,2025-04-02,"A cutting-edge framework for industrial intrusion detection: Privacy-preserving, cost-friendly, and powered by federated learning",Lingzi Zhu; Bo Zhao; Jiabao Guo; Minzhi Ji; Junru Peng,55,7,10.1007/s10489-025-06404-6,https://doi.org/10.1007/s10489-025-06404-6,article,Applied Intelligence,https://openalex.org/W4409174734
Applied Intelligence,Springer Nature,2025,2025-04-02,A modified SimRank++ approach for searching crash simulation data,Anahita Pakiman; Jochen Garcke; Axel Schumacher,55,7,10.1007/s10489-024-05945-6,https://doi.org/10.1007/s10489-024-05945-6,article,Applied Intelligence,https://openalex.org/W4409169032
Applied Intelligence,Springer Nature,2025,2025-04-02,Large-scale stochastic sparse subspace representation with consensus anchor guidance,Ge Yang; Tingquan Deng; Shuicheng Yan; Changzhong Wang,55,7,10.1007/s10489-025-06392-7,https://doi.org/10.1007/s10489-025-06392-7,article,Applied Intelligence,https://openalex.org/W4409170065
Applied Intelligence,Springer Nature,2025,2025-04-02,Multimodal feature adaptive fusion for anchor-free 3D object detection,Yanli Wu; Junyin Wang; Hui Li; Xiaoxue Ai; Xiao Li,55,7,10.1007/s10489-025-06454-w,https://doi.org/10.1007/s10489-025-06454-w,article,Applied Intelligence,https://openalex.org/W4409172468
Applied Intelligence,Springer Nature,2025,2025-04-03,DBFF-GRU: dual-branch temporal feature fusion network with fast GRU for multivariate time series forecasting,Jinglei Li; Dongsheng Liu; Guofang Ma; Yaning Chen; Hongwei Jiang,55,7,10.1007/s10489-025-06447-9,https://doi.org/10.1007/s10489-025-06447-9,article,Applied Intelligence,https://openalex.org/W4409178982
Applied Intelligence,Springer Nature,2025,2025-04-03,Dual-branch contrastive learning for weakly supervised object localization,Zebin Guo; Dong Li; Zhengjun Du; Bingfeng Seng,55,7,10.1007/s10489-025-06514-1,https://doi.org/10.1007/s10489-025-06514-1,article,Applied Intelligence,https://openalex.org/W4409150165
Applied Intelligence,Springer Nature,2025,2025-04-03,FutuTP: Future-based trajectory prediction for autonomous driving,Qingchao Xu; Yandong Liu; Shixi Wen; Xin Yang; Dongsheng Zhou,55,7,10.1007/s10489-025-06510-5,https://doi.org/10.1007/s10489-025-06510-5,article,Applied Intelligence,https://openalex.org/W4409150643
Applied Intelligence,Springer Nature,2025,2025-04-03,Global and local co-attention networks enhanced by learning state for knowledge tracing,Xinhua Wang; Yibang Cao; Liancheng Xu; Ke Sun,55,7,10.1007/s10489-025-06463-9,https://doi.org/10.1007/s10489-025-06463-9,article,Applied Intelligence,https://openalex.org/W4409160531
Applied Intelligence,Springer Nature,2025,2025-04-03,Intra-frame scan-free video state spaces model for video moment retrieval,Fengzhen Yu; Xiaodong Gu,55,7,10.1007/s10489-025-06517-y,https://doi.org/10.1007/s10489-025-06517-y,article,Applied Intelligence,https://openalex.org/W4409174777
Applied Intelligence,Springer Nature,2025,2025-04-03,Multiple disease diagnoses using heterogeneous EHR curated knowledge graph and machine learning models,Shivani Dhiman; Anjali Thukral; Punam Bedi,55,7,10.1007/s10489-024-05952-7,https://doi.org/10.1007/s10489-024-05952-7,article,Applied Intelligence,https://openalex.org/W4409179113
Applied Intelligence,Springer Nature,2025,2025-04-03,StealthMask: Highly stealthy adversarial attack on face recognition system,Jian‐Xun Mi; Mingxuan Chen; Tao Chen; Cheng Xiao,55,7,10.1007/s10489-025-06511-4,https://doi.org/10.1007/s10489-025-06511-4,article,Applied Intelligence,https://openalex.org/W4409178357
Applied Intelligence,Springer Nature,2025,2025-04-03,Topology-preserving and structure-aware (hyper)graph contrastive learning for node classification,Minhao Zou; Zhongxue Gan; Yutong Wang; Junheng Zhang; Chun Ying Guan; Siyang Leng,55,7,10.1007/s10489-025-06491-5,https://doi.org/10.1007/s10489-025-06491-5,article,Applied Intelligence,https://openalex.org/W4409160024
Applied Intelligence,Springer Nature,2025,2025-04-03,Unsupervised learning with physics informed graph networks for partial differential equations,Lin Lu; Yiye Zou; J.H. Wang; Shufan Zou; Laiping Zhang; Xiaogang Deng,55,7,10.1007/s10489-025-06479-1,https://doi.org/10.1007/s10489-025-06479-1,article,Applied Intelligence,https://openalex.org/W4409159889
Applied Intelligence,Springer Nature,2025,2025-04-04,Exploring the application of ChatGPT in scientific topic analysis: a novel paradigm for enhanced analysis and efficiency,Muretijiang Muhetaer; Fan Hao,55,7,10.1007/s10489-025-06498-y,https://doi.org/10.1007/s10489-025-06498-y,article,Applied Intelligence,https://openalex.org/W4409189274
Applied Intelligence,Springer Nature,2025,2025-04-04,Federated fine-grained prompts for vision-language models based on open-vocabulary object detection,Yu Li,55,7,10.1007/s10489-025-06527-w,https://doi.org/10.1007/s10489-025-06527-w,article,Applied Intelligence,https://openalex.org/W4409186953
Applied Intelligence,Springer Nature,2025,2025-04-04,How to find opinion leader on the online social network?,Bailu Jin; Mengbang Zou; Zhuangkun Wei; Weisi Guo,55,7,10.1007/s10489-025-06525-y,https://doi.org/10.1007/s10489-025-06525-y,article,Applied Intelligence,https://openalex.org/W4409187363
Applied Intelligence,Springer Nature,2025,2025-04-05,DCSR: A deep continual learning-based scheme for image super resolution using knowledge distillation,Alireza Esmaeilzehi; Hossein Zaredar; M. Omair Ahmad,55,7,10.1007/s10489-025-06490-6,https://doi.org/10.1007/s10489-025-06490-6,article,Applied Intelligence,https://openalex.org/W4409189862
Applied Intelligence,Springer Nature,2025,2025-04-05,Intention-aware neural networks with session disentanglement for noise filtering in session-based recommendation,Feihu Huang; Haoyu Xu; Ning Yang; Jince Wang; Peiyu Yi; Yuan Jiang,55,7,10.1007/s10489-025-06519-w,https://doi.org/10.1007/s10489-025-06519-w,article,Applied Intelligence,https://openalex.org/W4409189934
Applied Intelligence,Springer Nature,2025,2025-04-05,Multi-perspective semantic decoupling and enhancement in graph attention network for knowledge graph completion,Tianyi Xu; Yan Wang; Wenbin Zhang; Yue Zhao; Jian Feng Yu; Mei Yu; Jiujiang Guo; Mankun Zhao,55,7,10.1007/s10489-025-06520-3,https://doi.org/10.1007/s10489-025-06520-3,article,Applied Intelligence,https://openalex.org/W4409189796
Applied Intelligence,Springer Nature,2025,2025-04-06,A novel hybrid statistical and neural network model for forecasting multivariate time series parameters in forging process,Ning‐Fu Zeng; Y.C. Lin; Miao Wan; Gui-Cheng Wu; Ming-Song Chen; Chao Li,55,7,10.1007/s10489-025-06523-0,https://doi.org/10.1007/s10489-025-06523-0,article,Applied Intelligence,https://openalex.org/W4409202772
Applied Intelligence,Springer Nature,2025,2025-04-06,HT-STNet: a hierarchical Tucker decomposition and spatio-temporal LSTM network for accurate and efficient shared mobility demand forecasting on sparse data,Hongyu Yan; Jianbo Li; Benjia Chu; Zhihao Xu,55,7,10.1007/s10489-025-06500-7,https://doi.org/10.1007/s10489-025-06500-7,article,Applied Intelligence,https://openalex.org/W4409202854
Applied Intelligence,Springer Nature,2025,2025-04-07,A digital twin-based framework for load identification using odd harmonic current plots,Dimitra Mylona; Aggelos S. Bouhouras,55,7,10.1007/s10489-025-06512-3,https://doi.org/10.1007/s10489-025-06512-3,article,Applied Intelligence,https://openalex.org/W4409263409
Applied Intelligence,Springer Nature,2025,2025-04-07,E-GAIL: efficient GAIL through including negative corruption and long-term rewards for robotic manipulations,Jiayi Tan; Gang Chen; Zeyuan Huang; Haofeng Liu; Marcelo H. Ang,55,7,10.1007/s10489-025-06335-2,https://doi.org/10.1007/s10489-025-06335-2,article,Applied Intelligence,https://openalex.org/W4409210461
Applied Intelligence,Springer Nature,2025,2025-04-07,Pgcnn: an interpretable graph convolutional neural network for predicting the mechanical properties of Ti-6Al-4V alloy,Zihao Gao; Changsheng Zhu; Yafeng Shu; Canglong Wang; Yupeng Chen; Shaohui Wang,55,7,10.1007/s10489-025-06401-9,https://doi.org/10.1007/s10489-025-06401-9,article,Applied Intelligence,https://openalex.org/W4409276258
Applied Intelligence,Springer Nature,2025,2025-04-07,Reducing oversmoothing through informed weight initialization in graph neural networks,Dimitrios Kelesis; Dimitris A. Fotakis; Georgios Paliouras,55,7,10.1007/s10489-025-06426-0,https://doi.org/10.1007/s10489-025-06426-0,article,Applied Intelligence,https://openalex.org/W4409235930
Applied Intelligence,Springer Nature,2025,2025-04-08,2D-Variation convolution-based generative adversarial network for unsupervised time series anomaly detection: a MSTL enhanced data preprocessing approach,Qingdong Wang; Lei Zou; Weibo Liu,55,7,10.1007/s10489-025-06469-3,https://doi.org/10.1007/s10489-025-06469-3,article,Applied Intelligence,https://openalex.org/W4409309371
Applied Intelligence,Springer Nature,2025,2025-04-08,An innovative deep learning-driven technique for restoration of lost high-density surface electromyography signals,Juzheng Mao; Honghan Li; Yongkun Zhao,55,7,10.1007/s10489-025-06471-9,https://doi.org/10.1007/s10489-025-06471-9,article,Applied Intelligence,https://openalex.org/W4409309330
Applied Intelligence,Springer Nature,2025,2025-04-08,Optimal transport-based fusion of two-stream convolutional networks for action recognition,Sravani Yenduri; Madhavi Gudavalli; Chippalthurthy Gayathri,55,7,10.1007/s10489-025-06518-x,https://doi.org/10.1007/s10489-025-06518-x,article,Applied Intelligence,https://openalex.org/W4409309358
Applied Intelligence,Springer Nature,2025,2025-04-08,Recommendation system for frequent item sets using multi-objective chaotic optimization with convolutional BiLSTM model,D Sudha; M. Krishnamurthy,55,7,10.1007/s10489-025-06432-2,https://doi.org/10.1007/s10489-025-06432-2,article,Applied Intelligence,https://openalex.org/W4409250477
Applied Intelligence,Springer Nature,2025,2025-04-08,Tensorized graph-guided view recovery for incomplete multi-view clustering,Zheng Li; Guanghui Yan; Chunyang Tang; Tianfeng Yan,55,7,10.1007/s10489-025-06515-0,https://doi.org/10.1007/s10489-025-06515-0,article,Applied Intelligence,https://openalex.org/W4409255745
Applied Intelligence,Springer Nature,2025,2025-04-08,Upgraded decision making in continuous domains for autonomous vehicles in high complexity scenarios using escalated DDPG,Khouloud Zouaidia; Mohamed Saber Rais; Lamine Bougueroua,55,7,10.1007/s10489-025-06505-2,https://doi.org/10.1007/s10489-025-06505-2,article,Applied Intelligence,https://openalex.org/W4409255348
Applied Intelligence,Springer Nature,2025,2025-04-09,Efficient seizure detection by lightweight Informer combined with fusion of time–frequency–spatial features,Xiangwen Zhong; Guijuan Jia; Haozhou Cui; Haotian Li; Chuanyu Li; Guoyang Liu; Yi Li; Weidong Zhou,55,7,10.1007/s10489-025-06521-2,https://doi.org/10.1007/s10489-025-06521-2,article,Applied Intelligence,https://openalex.org/W4409282754
Applied Intelligence,Springer Nature,2025,2025-04-09,EnsembleSleepNet: a novel ensemble deep learning model based on transformers and attention mechanisms using multimodal data for sleep stages classification,Sahar Hassanzadeh Mostafaei; Jafar Tanha; Amir Sharafkhaneh,55,7,10.1007/s10489-025-06484-4,https://doi.org/10.1007/s10489-025-06484-4,article,Applied Intelligence,https://openalex.org/W4409291398
Applied Intelligence,Springer Nature,2025,2025-04-09,PSCNet: Long sequence time-series forecasting for photovoltaic power via period selection and cross-variable attention,Hao Tan; Jinghui Qin; Zizheng Li; Weiyan Wu,55,7,10.1007/s10489-025-06526-x,https://doi.org/10.1007/s10489-025-06526-x,article,Applied Intelligence,https://openalex.org/W4409308871
Applied Intelligence,Springer Nature,2025,2025-04-09,Power-GNN: a graph over-sampling method to mitigate power-law distribution in graph neural networks,Peidong Li; Zhenghong Zhong; Yangguang Zhao; Changheng Shao; Yi Sui; Rencheng Sun,55,7,10.1007/s10489-025-06421-5,https://doi.org/10.1007/s10489-025-06421-5,article,Applied Intelligence,https://openalex.org/W4409345994
Applied Intelligence,Springer Nature,2025,2025-04-09,Toward imperceptible and robust image watermarking against screen-shooting with dense blocks and CBAM,Jiamin Wang; Xiaobing Kang; Wei Li; Jing Geng; Yalin Miao; Yajun Chen,55,7,10.1007/s10489-025-06496-0,https://doi.org/10.1007/s10489-025-06496-0,article,Applied Intelligence,https://openalex.org/W4409306187
Applied Intelligence,Springer Nature,2025,2025-04-10,DF$$^2$$Net: deformable fourier filter network for hyperspectral image classification,Chengcheng Zhong; Chengcheng Zhong; Zitong Zhang; Yanan Jiang; Chunlei Zhang,55,7,10.1007/s10489-025-06493-3,https://doi.org/10.1007/s10489-025-06493-3,article,Applied Intelligence,https://openalex.org/W4409338714
Applied Intelligence,Springer Nature,2025,2025-04-10,Diagnosis test selection for distributed systems under communication and privacy constraints,Anna Sztyber; Élodie Chanthery; Louise Travé-Massuyès; Gustavo Pérez-Zúñiga,55,7,10.1007/s10489-025-06543-w,https://doi.org/10.1007/s10489-025-06543-w,article,Applied Intelligence,https://openalex.org/W4409342717
Applied Intelligence,Springer Nature,2025,2025-04-10,TRSD: tensor spatial reconstruction and spectral metric decision fusion for hyperspectral anomaly detection with noise,Zhenhua Mu; Yihan Wang; Xianghai Wang,55,7,10.1007/s10489-025-06504-3,https://doi.org/10.1007/s10489-025-06504-3,article,Applied Intelligence,https://openalex.org/W4409343707
Applied Intelligence,Springer Nature,2025,2025-04-11,Intelligent fault diagnosis method based on data generation and long-patch vision transformer under small samples,Jian Cen; Weiwei Si; Xi Liu; Bichuang Zhao; Hankun Huang; Junfu Liu,55,7,10.1007/s10489-025-06535-w,https://doi.org/10.1007/s10489-025-06535-w,article,Applied Intelligence,https://openalex.org/W4409346226
Applied Intelligence,Springer Nature,2025,2025-04-11,Trajectory optimization of train cooperative energy-saving operation using a safe deep reinforcement learning approach,Wenguang Niu; Yonghua Zhou; Xiangmeng Jiao; Hamido Fujita; Hanan Aljuaid,55,7,10.1007/s10489-025-06542-x,https://doi.org/10.1007/s10489-025-06542-x,article,Applied Intelligence,https://openalex.org/W4409377086
Applied Intelligence,Springer Nature,2025,2025-04-14,Few-shot segmentation combined with domain adaptation: a flexible paradigm for parsing astronaut work environments,Qingwei Sun; Jiangang Chao; Wanhong Lin; Wei Chen; Zhenying Xu; Jin Yang,55,7,10.1007/s10489-025-06508-z,https://doi.org/10.1007/s10489-025-06508-z,article,Applied Intelligence,https://openalex.org/W4409428614
Applied Intelligence,Springer Nature,2025,2025-04-14,MGMP: Multi-granularity semantic relation learning and meta-path structure interaction learning for fake news detection,Baozhen Lee; Dandan Cao; Tingting Zhang,55,7,10.1007/s10489-025-06560-9,https://doi.org/10.1007/s10489-025-06560-9,article,Applied Intelligence,https://openalex.org/W4409409349
Applied Intelligence,Springer Nature,2025,2025-04-14,MKDFusion: modality knowledge decoupled for infrared and visible image fusion,Yuncheng Zhang; You Ma; Lin Chai,55,7,10.1007/s10489-025-06470-w,https://doi.org/10.1007/s10489-025-06470-w,article,Applied Intelligence,https://openalex.org/W4409404111
Applied Intelligence,Springer Nature,2025,2025-04-14,Measurement of adulteration in liquids by optical interferograms analysis and deep learning,Patricia Prieto-Cortés; Elizabeth López-Meléndez; Ricardo Iván Álvarez-Tamayo; Antonio Barcelata-Pinzón; Luis David Lara-Rodríguez,55,7,10.1007/s10489-025-06550-x,https://doi.org/10.1007/s10489-025-06550-x,article,Applied Intelligence,https://openalex.org/W4409409372
Applied Intelligence,Springer Nature,2025,2025-04-15,A multilevel attention network with sub-instructions for continuous vision-and-language navigation,Zongtao He; Liuyi Wang; Li Shu; Qingqing Yan; Chengju Liu; Qijun Chen,55,7,10.1007/s10489-025-06544-9,https://doi.org/10.1007/s10489-025-06544-9,article,Applied Intelligence,https://openalex.org/W4409460482
Applied Intelligence,Springer Nature,2025,2025-04-15,An attributed network features learning method for over-indebtedness prediction,Fengzhang Chen; Zewei Long; Wei Wang; Kun Qi,55,7,10.1007/s10489-025-06538-7,https://doi.org/10.1007/s10489-025-06538-7,article,Applied Intelligence,https://openalex.org/W4409472636
Applied Intelligence,Springer Nature,2025,2025-04-15,Dueling double deep Q-network-based stamping resources intelligent scheduling for automobile manufacturing in cloud manufacturing environment,Yanjuan Hu; Leiting Pan; Ziang Wen; You Zhou,55,7,10.1007/s10489-025-06524-z,https://doi.org/10.1007/s10489-025-06524-z,article,Applied Intelligence,https://openalex.org/W4409457730
Applied Intelligence,Springer Nature,2025,2025-04-15,Out-of-distribution detection using normalizing flows on the data manifold,Seyedeh Fatemeh Razavi; Mohammad Mahdi Mehmanchi; Reshad Hosseini; Mostafa Tavassolipour,55,7,10.1007/s10489-025-06499-x,https://doi.org/10.1007/s10489-025-06499-x,article,Applied Intelligence,https://openalex.org/W4409458968
Applied Intelligence,Springer Nature,2025,2025-04-16,A two-stage knowledge graph completion based on LLMs’ data augmentation and atrous spatial pyramid pooling,N. Zhou; Yuan Yuan; Lei Chen,55,7,10.1007/s10489-025-06556-5,https://doi.org/10.1007/s10489-025-06556-5,article,Applied Intelligence,https://openalex.org/W4409511911
Applied Intelligence,Springer Nature,2025,2025-04-16,Correction to: Novel ensemble bagging-logistic regression algorithm for NoSQL database security,Anuradha Shantanu Kanade; Amol Dattatraya Vibhute; Shantanu Kanade,55,7,10.1007/s10489-025-06456-8,https://doi.org/10.1007/s10489-025-06456-8,erratum,Applied Intelligence,https://openalex.org/W4409510284
Applied Intelligence,Springer Nature,2025,2025-04-16,DFF-HGNN: Dual-Feature Fusion Heterogeneous Graph Neural Network,Shengen Xue; Hua Duan; Yufei Zhao; Wei Fan,55,7,10.1007/s10489-025-06480-8,https://doi.org/10.1007/s10489-025-06480-8,article,Applied Intelligence,https://openalex.org/W4409511778
Applied Intelligence,Springer Nature,2025,2025-04-16,Deep learning solutions for audio event detection in a swine barn using environmental audio and weak labels,André Moreira Souza; Livia Lissa Kobayashi; Lucas Andrietta Tassoni; César Augusto Pospissil Garbossa; Ricardo Vieira Ventura; Elaine Parros Machado de Sousa,55,7,10.1007/s10489-025-06555-6,https://doi.org/10.1007/s10489-025-06555-6,article,Applied Intelligence,https://openalex.org/W4409560283
Applied Intelligence,Springer Nature,2025,2025-04-16,Emp-EEK: generating empathetic responses via exemplars and external knowledge,Zikun Wang; Jing Li; Jinshui Lai; Donghong Han; Baiyou Qiao; Gang Wu,55,7,10.1007/s10489-025-06464-8,https://doi.org/10.1007/s10489-025-06464-8,article,Applied Intelligence,https://openalex.org/W4409481823
Applied Intelligence,Springer Nature,2025,2025-04-16,Radial-based oversampling based on differential evolution for imbalanced data,Jun Chen; Meng Xia; Zhijie Wang,55,7,10.1007/s10489-025-06460-y,https://doi.org/10.1007/s10489-025-06460-y,article,Applied Intelligence,https://openalex.org/W4409483593
Applied Intelligence,Springer Nature,2025,2025-04-16,Rapid deployment of digital twin for life prediction of rolling bearings,Jun Wang; Lei Xiao; Ximing Liu,55,7,10.1007/s10489-025-06536-9,https://doi.org/10.1007/s10489-025-06536-9,article,Applied Intelligence,https://openalex.org/W4409492805
Applied Intelligence,Springer Nature,2025,2025-04-16,Temporal subgraph contrastive learning for anomaly detection on dynamic attributed graphs,Yu Yang; Xin Li; Minglai Shao; Ying Sun; Wenjun Wang,55,7,10.1007/s10489-025-06402-8,https://doi.org/10.1007/s10489-025-06402-8,article,Applied Intelligence,https://openalex.org/W4409489554
Applied Intelligence,Springer Nature,2025,2025-04-17,A fast approach based on divide-and-conquer for instance selection in classification problem,Hamid Saadatfar; Sayed Iqbal Nawin; Edris Hosseini Gol,55,7,10.1007/s10489-025-06541-y,https://doi.org/10.1007/s10489-025-06541-y,article,Applied Intelligence,https://openalex.org/W4409519259
Applied Intelligence,Springer Nature,2025,2025-04-17,Generalization of neural network for manipulator inverse dynamics model learning,Wenhui Huang; Lin Yunhan; Jie Chen; Liu Mingxin; Huasong Min,55,7,10.1007/s10489-025-06564-5,https://doi.org/10.1007/s10489-025-06564-5,article,Applied Intelligence,https://openalex.org/W4409559033
Applied Intelligence,Springer Nature,2025,2025-04-21,A comprehensive study on enhanced QR extraction techniques with deep learning-based verification,Nur Alam; A S M Sharifuzzaman Sagar; Wenqi Zhang; Taicheng Jin; Arailym Dosset; L. Minh Dang; Hyeonjoon Moon,55,7,10.1007/s10489-025-06509-y,https://doi.org/10.1007/s10489-025-06509-y,article,Applied Intelligence,https://openalex.org/W4409623621
Applied Intelligence,Springer Nature,2025,2025-04-21,A keyframe weighted dual-channel attention GCN model for human skeleton motion prediction,Wenwen Zhang; Jian‐Feng Tu; Siyu Li; Lingfeng Liu,55,7,10.1007/s10489-025-06532-z,https://doi.org/10.1007/s10489-025-06532-z,article,Applied Intelligence,https://openalex.org/W4409623143
Applied Intelligence,Springer Nature,2025,2025-04-21,Big data fusion with knowledge graph: a comprehensive overview,Jia Liu; Ruotian Lan; Yajun Du; Xipeng Yuan; Huan Xu; Tianrui Li; Wei Xiao Huang; Pengfei Zhang,55,7,10.1007/s10489-025-06549-4,https://doi.org/10.1007/s10489-025-06549-4,article,Applied Intelligence,https://openalex.org/W4409651777
Applied Intelligence,Springer Nature,2025,2025-04-21,Block-diagonal graph embedding for unsupervised feature selection,Kun Jiang; Zhihai Yang; Qindong Sun,55,7,10.1007/s10489-025-06558-3,https://doi.org/10.1007/s10489-025-06558-3,article,Applied Intelligence,https://openalex.org/W4409621367
Applied Intelligence,Springer Nature,2025,2025-04-21,Causal graph convolution neural differential equation for spatio-temporal time series prediction,Qipeng Wang; Shoubo Feng; Min Han,55,7,10.1007/s10489-025-06287-7,https://doi.org/10.1007/s10489-025-06287-7,article,Applied Intelligence,https://openalex.org/W4409651726
Applied Intelligence,Springer Nature,2025,2025-04-21,Deep learning based computer aided diagnosis (CAD) tool supported by explainable artificial intelligence for breast cancer exploration,Marwa Naas; Hiba Mzoughi; Ines Njeh; Mohamed Ben Slima,55,7,10.1007/s10489-025-06561-8,https://doi.org/10.1007/s10489-025-06561-8,article,Applied Intelligence,https://openalex.org/W4409639885
Applied Intelligence,Springer Nature,2025,2025-04-21,Dual-channel context-aware contrastive learning graph neural networks for session-based recommendation,Jiawei Cao; Yumin Fan; Tao Zhang; Jiahui Liu; Weihua Yuan; Xuanfeng Zhang; Zhijun Zhang,55,7,10.1007/s10489-024-06140-3,https://doi.org/10.1007/s10489-024-06140-3,article,Applied Intelligence,https://openalex.org/W4409643086
Applied Intelligence,Springer Nature,2025,2025-04-21,Multistage decomposition transformer network for predicting complex long time series of heavy oil parameters,Xingpeng Zhang; Hongwei Liu; Bin Xiao; Min Wang; Bing Wang,55,7,10.1007/s10489-025-06413-5,https://doi.org/10.1007/s10489-025-06413-5,article,Applied Intelligence,https://openalex.org/W4409623581
Applied Intelligence,Springer Nature,2025,2025-04-21,Understanding and leveraging vocoder fingerprints for synthetic speech attribution,Jianpeng Ke; Lina Wang,55,7,10.1007/s10489-025-06272-0,https://doi.org/10.1007/s10489-025-06272-0,article,Applied Intelligence,https://openalex.org/W4409649293
Applied Intelligence,Springer Nature,2025,2025-04-22,Context-dependent probabilistic linguistic multi-attribute decision-making methods,Yaojia Zhang; Zhinan Hao; Zaiwu Gong; Ren Zhang,55,7,10.1007/s10489-024-06059-9,https://doi.org/10.1007/s10489-024-06059-9,article,Applied Intelligence,https://openalex.org/W4409678260
Applied Intelligence,Springer Nature,2025,2025-04-22,DifNet: Difference-based multi-resolution decomposition for time series anomaly detection,Honglan Wang; Jing Li; Yu Chen; Xuxi Zou; Zeng Zeng; Jinlong Wu; Chenlin Pan; Yuqi Lu; Rongbin Gu; Xudong He; Rui Zhang,55,7,10.1007/s10489-025-06551-w,https://doi.org/10.1007/s10489-025-06551-w,article,Applied Intelligence,https://openalex.org/W4409685033
Applied Intelligence,Springer Nature,2025,2025-04-22,FedFAA: knowledge filtering for adaptive model aggregation in federated learning,Zihao Lu; Junli Wang; Mingjian Guang,55,7,10.1007/s10489-025-06530-1,https://doi.org/10.1007/s10489-025-06530-1,article,Applied Intelligence,https://openalex.org/W4409668423
Applied Intelligence,Springer Nature,2025,2025-04-23,AI-driven 5G IoT e-nose for whiskey classification,Jaume Segura-García; Rafael Fayos-Jordán; Mohammad Alselek; Sergi Maicas; Miguel Arevalillo‐Herráez; Enrique A. Navarro; José M. Alcaraz Calero,55,10,10.1007/s10489-025-06425-1,https://doi.org/10.1007/s10489-025-06425-1,article,Applied Intelligence,https://openalex.org/W4409752450
Applied Intelligence,Springer Nature,2025,2025-04-23,Enhancing robust node classification via information competition: An improved adversarial resilience method for graph attacks,Yong Yi Huang; Yao Yang; Qiao Han; Xinling Guo; Yiteng Zhai; Baoping Cheng,55,10,10.1007/s10489-025-06478-2,https://doi.org/10.1007/s10489-025-06478-2,article,Applied Intelligence,https://openalex.org/W4409752447
Applied Intelligence,Springer Nature,2025,2025-04-23,PD-type iterative learning consensus control approach for an electromechanical actuator-based multiagent system,Bingqiang Li; Saleem Riaz; Omer Saleem; Yiyun Zhao; Jamshed Iqbal,55,10,10.1007/s10489-025-06559-2,https://doi.org/10.1007/s10489-025-06559-2,article,Applied Intelligence,https://openalex.org/W4409727052
Applied Intelligence,Springer Nature,2025,2025-04-23,Real-time pickup and delivery scheduling for inter-island logistics using waterborne AGVs,Huarong Zheng; Jianpeng Tian; Anqing Wang; Dongfang Ma,55,7,10.1007/s10489-025-06570-7,https://doi.org/10.1007/s10489-025-06570-7,article,Applied Intelligence,https://openalex.org/W4409700864
Applied Intelligence,Springer Nature,2025,2025-04-24,Multi-step prediction method of temperature and humidity based on TCN-FECAM-iTransformer,Zongxu Xie; Zhi Tao; X. Xie; Yuan James Rao; Ke Li; Wei Li; Jun Zhu,55,10,10.1007/s10489-025-06572-5,https://doi.org/10.1007/s10489-025-06572-5,article,Applied Intelligence,https://openalex.org/W4409769720
Applied Intelligence,Springer Nature,2025,2025-04-24,Tensor completion via leverage sampling and tensor QR decomposition for network latency estimation,Jun Lei; Jiqian Zhao; Wang Jingqi; An-Bao Xu,55,10,10.1007/s10489-025-06573-4,https://doi.org/10.1007/s10489-025-06573-4,article,Applied Intelligence,https://openalex.org/W4409773161
Applied Intelligence,Springer Nature,2025,2025-04-25,ATTD and ATDS detecting abnormal trajectory detection for urban traffic data,Xi-Te Wang; Zheng Xu; Xiao-Yue Liao; Mei Bai; Qian Ma,55,10,10.1007/s10489-025-06370-z,https://doi.org/10.1007/s10489-025-06370-z,article,Applied Intelligence,https://openalex.org/W4409789469
Applied Intelligence,Springer Nature,2025,2025-04-25,An adaptive quantitative trading strategy optimization framework based on meta reinforcement learning and cognitive game theory,Zhiheng Shen; Hanchi Huang,55,10,10.1007/s10489-025-06423-3,https://doi.org/10.1007/s10489-025-06423-3,article,Applied Intelligence,https://openalex.org/W4409753104
Applied Intelligence,Springer Nature,2025,2025-04-25,Breaking barriers in hotspot mining: a novel approach to reflecting domain characteristics and correlations,Wei Chen; Zhengtao Yu; Shengxiang Gao; Yantuan Xian,55,10,10.1007/s10489-024-06136-z,https://doi.org/10.1007/s10489-024-06136-z,article,Applied Intelligence,https://openalex.org/W4409820217
Applied Intelligence,Springer Nature,2025,2025-04-25,HLNet: high-level attention mechanism U-Net + + for brain tumor segmentation in MRI,Wenyang Yang; Zhiming Li; Chao‐Hai Du; Steven Kwok Keung Chow,55,10,10.1007/s10489-025-06568-1,https://doi.org/10.1007/s10489-025-06568-1,article,Applied Intelligence,https://openalex.org/W4409806725
Applied Intelligence,Springer Nature,2025,2025-04-25,Multimodal intent recognition based on text-guided cross-modal attention,Zhengyi Li; Junjie Peng; Xujie Lin; Zesu Cai,55,10,10.1007/s10489-025-06583-2,https://doi.org/10.1007/s10489-025-06583-2,article,Applied Intelligence,https://openalex.org/W4409821478
Applied Intelligence,Springer Nature,2025,2025-04-27,MMCA: Multi-stage multi-order context aggregation framework for LDCT denoising,J. Li; Li Wang; Shengxiang Wang; Yakang Li; F. Z. Qi,55,10,10.1007/s10489-025-06553-8,https://doi.org/10.1007/s10489-025-06553-8,article,Applied Intelligence,https://openalex.org/W4409858070
Applied Intelligence,Springer Nature,2025,2025-04-28,Anchor-based incomplete multi-view clustering with graph convolution network,Ao Li; Tianyu Gao; Yanbing Wang; Cong Feng,55,10,10.1007/s10489-025-06580-5,https://doi.org/10.1007/s10489-025-06580-5,article,Applied Intelligence,https://openalex.org/W4409868558
Applied Intelligence,Springer Nature,2025,2025-04-28,EPDNet: Light-weight small target detection algorithm based on pruning and logical distillation,Gaofeng Zhu; Zhixue Wang; Fenghua Zhu; Gang Xiong; Zheng Li,55,10,10.1007/s10489-025-06582-3,https://doi.org/10.1007/s10489-025-06582-3,article,Applied Intelligence,https://openalex.org/W4409896528
Applied Intelligence,Springer Nature,2025,2025-04-28,Enhancing model learning in reinforcement learning through Q-function-guided trajectory alignment,Xin Du; Shan Zhong; Shengrong Gong; Yali Si; Zhenyu Qi,55,10,10.1007/s10489-024-06083-9,https://doi.org/10.1007/s10489-024-06083-9,article,Applied Intelligence,https://openalex.org/W4409877609
Applied Intelligence,Springer Nature,2025,2025-04-28,LiDAR-based perception system for logistics in industrial environments,Martín Palos; Irene Cortés; Ángel Madridano; Francisco Daniel Navas Lorenzo; Carmen Barbero; Vicente Milanés; Fernando García,55,10,10.1007/s10489-025-06528-9,https://doi.org/10.1007/s10489-025-06528-9,article,Applied Intelligence,https://openalex.org/W4409865529
Applied Intelligence,Springer Nature,2025,2025-04-28,Orthogonal and spherical quaternion features for weakly supervised learning with label confidence optimization,Heng Zhou; Ping Zhong,55,10,10.1007/s10489-025-06575-2,https://doi.org/10.1007/s10489-025-06575-2,article,Applied Intelligence,https://openalex.org/W4409899069
Applied Intelligence,Springer Nature,2025,2025-04-28,TFP-mixer: A lightweight time and frequency combining model for multivariate long-term time series forecasting,Z.-L. Zhang; Guangpo Tian; Fenghua Guo; Pengfei Wang,55,10,10.1007/s10489-025-06562-7,https://doi.org/10.1007/s10489-025-06562-7,article,Applied Intelligence,https://openalex.org/W4409864722
Applied Intelligence,Springer Nature,2025,2025-04-29,A transfer-based decision-making method based on expert risk attitude and reliability,Xuefei Jia; Chao Fu; Wenjun Chang,55,10,10.1007/s10489-025-06548-5,https://doi.org/10.1007/s10489-025-06548-5,article,Applied Intelligence,https://openalex.org/W4409906668
Applied Intelligence,Springer Nature,2025,2025-04-29,AdaFT: An efficient domain-adaptive fine-tuning framework for sentiment analysis in chinese financial texts,Guofeng Yan; Kuashuai Peng; Yongfeng Wang; Hengliang Tan; Jiao Du; Heng Wu,55,10,10.1007/s10489-025-06578-z,https://doi.org/10.1007/s10489-025-06578-z,article,Applied Intelligence,https://openalex.org/W4409957554
Applied Intelligence,Springer Nature,2025,2025-04-29,Adaptive robust cost-sensitive online classification algorithm for class-imbalanced datasets,Xian Shan; Jinyu You; Xiaoying Li; Zheshuo Zhang; Yu Xheng Xie,55,10,10.1007/s10489-025-06567-2,https://doi.org/10.1007/s10489-025-06567-2,article,Applied Intelligence,https://openalex.org/W4409906964
Applied Intelligence,Springer Nature,2025,2025-04-29,Consistent coding guided domain adaptation retrieval,Tianle Hu; Yonghao Chen; Weijun Lv; Yu Chen; Xiaozhao Fang,55,10,10.1007/s10489-025-06563-6,https://doi.org/10.1007/s10489-025-06563-6,article,Applied Intelligence,https://openalex.org/W4409946510
Applied Intelligence,Springer Nature,2025,2025-04-29,Learning nested attentional feature fusion network for high performance visual tracking,Peng Gao; Xinyue Zhang; Tao Yu,55,10,10.1007/s10489-025-06588-x,https://doi.org/10.1007/s10489-025-06588-x,article,Applied Intelligence,https://openalex.org/W4409955588
Applied Intelligence,Springer Nature,2025,2025-04-29,LiteSpiralGCN: Lightweight 3D hand mesh reconstruction via spiral graph convolution,Y.P. Wang; Minqi Li; Kaibing Zhang; Xiangjian He,55,10,10.1007/s10489-025-06585-0,https://doi.org/10.1007/s10489-025-06585-0,article,Applied Intelligence,https://openalex.org/W4409948818
Applied Intelligence,Springer Nature,2025,2025-04-29,NS-FUO: Fourier U-type operator based on nested structure,Jingjian Chen; Jie Nie; Ning Xi Song; Min Ye; Zhiqiang Wei,55,10,10.1007/s10489-025-06552-9,https://doi.org/10.1007/s10489-025-06552-9,article,Applied Intelligence,https://openalex.org/W4409955749
Applied Intelligence,Springer Nature,2025,2025-04-30,Key class identification: a comprehensive dataset and a new GNN model,Shizhou Wang; Yuhang Chen; Liangyu Chen,55,10,10.1007/s10489-025-06574-3,https://doi.org/10.1007/s10489-025-06574-3,article,Applied Intelligence,https://openalex.org/W4409966124
Applied Intelligence,Springer Nature,2025,2025-04-30,Leveraging subdomain alignment for enhanced anomaly detection in time series,Bo Chen; Min Fang; Haizhou Li; Guizhi Wang,55,10,10.1007/s10489-025-06589-w,https://doi.org/10.1007/s10489-025-06589-w,article,Applied Intelligence,https://openalex.org/W4409966700
Applied Intelligence,Springer Nature,2025,2025-05-01,Enhancing keyphrase extraction from long scientific documents using graph embeddings,Roberto Martínez-Cruz; Debanjan Mahata; Alvaro J. López-López; José Portela,55,10,10.1007/s10489-025-06579-y,https://doi.org/10.1007/s10489-025-06579-y,article,Applied Intelligence,https://openalex.org/W4410008791
Applied Intelligence,Springer Nature,2025,2025-05-01,Group equivariant learning for few-shot image classification,Mingjie Su; Leilei Yan; Fanzhang Li,55,10,10.1007/s10489-025-06546-7,https://doi.org/10.1007/s10489-025-06546-7,article,Applied Intelligence,https://openalex.org/W4410014420
Applied Intelligence,Springer Nature,2025,2025-05-02,Deep metric learning-based side-channel analysis with improved robustness and efficiency,Kaibin Li; Yihuai Liang; Hua Meng; Zhengchun Zhou,55,10,10.1007/s10489-025-06586-z,https://doi.org/10.1007/s10489-025-06586-z,article,Applied Intelligence,https://openalex.org/W4410042692
Applied Intelligence,Springer Nature,2025,2025-05-02,Learning unified denoised representations for sequential recommendation,Runsen Jiang; Jiajin Huang; Yadong Xiao; Jian Yu Yang,55,10,10.1007/s10489-025-06597-w,https://doi.org/10.1007/s10489-025-06597-w,article,Applied Intelligence,https://openalex.org/W4410042826
Applied Intelligence,Springer Nature,2025,2025-05-02,Two-stage effective attentional generative adversarial network,Mingyu Jin; Qinkai Yu; Chong Zhang; Haochen Xue; Shuliang Zhao,55,10,10.1007/s10489-025-06576-1,https://doi.org/10.1007/s10489-025-06576-1,article,Applied Intelligence,https://openalex.org/W4410036858
Applied Intelligence,Springer Nature,2025,2025-05-02,VFE: A large-scale video future event description dataset for evaluating video temporal prediction,Chenghang Lai; Haibo Wang,55,10,10.1007/s10489-025-06547-6,https://doi.org/10.1007/s10489-025-06547-6,article,Applied Intelligence,https://openalex.org/W4410035440
Applied Intelligence,Springer Nature,2025,2025-05-03,Small sample pipeline DR defect detection based on smooth variational autoencoder and enhanced detection head faster RCNN,Ting Zhang; Tian-Yu You; Zhaoying Liu; Sadaqat Ur Rehman; Yanan Shi; Amr Munshi,55,10,10.1007/s10489-025-06590-3,https://doi.org/10.1007/s10489-025-06590-3,article,Applied Intelligence,https://openalex.org/W4410059589
Applied Intelligence,Springer Nature,2025,2025-05-05,Adaptive unsupervised deep learning denoising for medical imaging with unbiased estimation and Hessian-based regularization,Cheng Zhang; Kin Sam Yen,55,10,10.1007/s10489-025-06591-2,https://doi.org/10.1007/s10489-025-06591-2,article,Applied Intelligence,https://openalex.org/W4410077221
Applied Intelligence,Springer Nature,2025,2025-05-05,Deep RGB-guided generative network for unsupervised hyperspectral image super-resolution,Xian‐Hua Han; Zhe Liu,55,10,10.1007/s10489-025-06595-y,https://doi.org/10.1007/s10489-025-06595-y,article,Applied Intelligence,https://openalex.org/W4410076500
Applied Intelligence,Springer Nature,2025,2025-05-05,Quadruped robot locomotion via soft actor-critic with muti-head critic and dynamic policy gradient,Yanan Fan; Zhongcai Pei; Hongbing Shi; Meng Li; Tianyuan Guo; Zhiyong Tang,55,10,10.1007/s10489-025-06584-1,https://doi.org/10.1007/s10489-025-06584-1,article,Applied Intelligence,https://openalex.org/W4410080834
Applied Intelligence,Springer Nature,2025,2025-05-05,Real-numbered singular matrix transformation for non-invertible and cancelable biometric templates,Onkar Singh; Ajay Jaiswal; Naveen Kumar,55,10,10.1007/s10489-025-06534-x,https://doi.org/10.1007/s10489-025-06534-x,article,Applied Intelligence,https://openalex.org/W4410095603
Applied Intelligence,Springer Nature,2025,2025-05-05,Selective output smoothing regularization: Regularize neural networks by softening output distributions,Xuan Cheng; Tianshu Xie; Xiaomin Wang; Meiyi Yang; Jiali Deng; Minghui Liu; Ming Liu,55,10,10.1007/s10489-025-06539-6,https://doi.org/10.1007/s10489-025-06539-6,article,Applied Intelligence,https://openalex.org/W4410136251
Applied Intelligence,Springer Nature,2025,2025-05-06,"Dual-decoupling inter-correction multitemporal framework for high-, medium-, and low-resolution optical remote sensing image reconstruction",Weiling Liu; Changqing Huang; Yonghua Jiang; Jingyin Wang; Guo Zhang; Huaibo Song; Xinghua Li,55,10,10.1007/s10489-025-06522-1,https://doi.org/10.1007/s10489-025-06522-1,article,Applied Intelligence,https://openalex.org/W4410104429
Applied Intelligence,Springer Nature,2025,2025-05-06,One-bit distributed compressed sensing with partial gaussian circulant matrices,Yue Leng; Jingyao Hou; Xinling Liu; Jianjun Wang,55,10,10.1007/s10489-025-06599-8,https://doi.org/10.1007/s10489-025-06599-8,article,Applied Intelligence,https://openalex.org/W4410127699
Applied Intelligence,Springer Nature,2025,2025-05-07,Adventurer: exploration with BiGAN for deep reinforcement learning,Yongshuai Liu; Xin Liu,55,10,10.1007/s10489-025-06600-4,https://doi.org/10.1007/s10489-025-06600-4,article,Applied Intelligence,https://openalex.org/W4410175613
Applied Intelligence,Springer Nature,2025,2025-05-07,Linear self-attention with multi-relational graph for knowledge graph completion,Weida Liu; Baohua Qiang; Ruidong Chen; Yuan Xie; Lirui Chen; Zhiqin Chen,55,10,10.1007/s10489-025-06592-1,https://doi.org/10.1007/s10489-025-06592-1,article,Applied Intelligence,https://openalex.org/W4410173160
Applied Intelligence,Springer Nature,2025,2025-05-07,NLC-block: Enhancing neural network training robustness with noisy label reweighting,Ben Liu; Qiao Hu,55,10,10.1007/s10489-025-06594-z,https://doi.org/10.1007/s10489-025-06594-z,article,Applied Intelligence,https://openalex.org/W4410137644
Applied Intelligence,Springer Nature,2025,2025-05-07,Structural decomposition-based learning of large bayesian networks for detecting conditionally independent overlapping superstructure communities,Xiaolong Jia; Hongru Li,55,10,10.1007/s10489-025-06601-3,https://doi.org/10.1007/s10489-025-06601-3,article,Applied Intelligence,https://openalex.org/W4410144203
Applied Intelligence,Springer Nature,2025,2025-05-07,TsAFN: A two-stage adaptive fusion network for multimodal sentiment analysis,Jiaqi Liu; Yong Wang; Jing Bing Yang; Xu Yu; Meng Zhao,55,10,10.1007/s10489-025-06577-0,https://doi.org/10.1007/s10489-025-06577-0,article,Applied Intelligence,https://openalex.org/W4410178155
Applied Intelligence,Springer Nature,2025,2025-05-08,DFPN: a dynamic fusion prototypical network for few-shot learning,Mengping Dong; Fei Li; Zhenbo Li; Xue Liu,55,10,10.1007/s10489-025-06581-4,https://doi.org/10.1007/s10489-025-06581-4,article,Applied Intelligence,https://openalex.org/W4410186523
Applied Intelligence,Springer Nature,2025,2025-05-08,MSR-GAN: multi-scales decomposition representations for unsupervised anomaly detection,Dongwei Xu; Tianhao Xia; Jiaye Hou; Yun Xiang; Qi Xuan,55,10,10.1007/s10489-025-06606-y,https://doi.org/10.1007/s10489-025-06606-y,article,Applied Intelligence,https://openalex.org/W4410189937
Applied Intelligence,Springer Nature,2025,2025-05-09,AEP: An adaptive ensemble P300-BCI classifier based on user-feedback and knowledge-transfer,Zhihua Huang; Qingzhi Chen; Xuewei Chen; Wenming Zheng; Zhixiong Lin; Tian-jian Luo,55,10,10.1007/s10489-025-06612-0,https://doi.org/10.1007/s10489-025-06612-0,article,Applied Intelligence,https://openalex.org/W4410248341
Applied Intelligence,Springer Nature,2025,2025-05-09,An intelligent MIMO run-to-run controller for semiconductor manufacturing processes based on an enhanced twin-delayed deep deterministic policy gradient algorithm,Zhu Ma; Yonglin Chen; Tianhong Pan,55,10,10.1007/s10489-025-06615-x,https://doi.org/10.1007/s10489-025-06615-x,article,Applied Intelligence,https://openalex.org/W4410246811
Applied Intelligence,Springer Nature,2025,2025-05-09,DMC-Watermark: A backdoor richer watermark for dual identity verification by dynamic mask covering,Yujia Zhu; Ruoxi Wang; Daoxun Xia,55,10,10.1007/s10489-025-06608-w,https://doi.org/10.1007/s10489-025-06608-w,book-chapter,Applied Intelligence,https://openalex.org/W4410243341
Applied Intelligence,Springer Nature,2025,2025-05-21,Consensus guided incomplete multi-view clustering via geometric consistency learning,Huibing Wang; Wei Wang; Mingze Yao; Yawei Chen; Jinjia Peng; Guangqi Jiang; Xianping Fu,55,8,10.1007/s10489-025-06618-8,https://doi.org/10.1007/s10489-025-06618-8,article,Applied Intelligence,https://openalex.org/W4410546187
Applied Intelligence,Springer Nature,2025,2025-05-22,Multi-source medical knowledge adaptive fusion network for combinatorial medication recommendation,Yiming Zhou; Jiedong Wei; Xiaodi Hou; Meiyu Duan; Yijia Zhang,55,8,10.1007/s10489-025-06619-7,https://doi.org/10.1007/s10489-025-06619-7,article,Applied Intelligence,https://openalex.org/W4410611660
Applied Intelligence,Springer Nature,2025,2025-06-01,Fpa-GCN: enhancing aspect sentiment triplet extraction with feature-rich prediction-aware graph convolutional networks,Haoyu Jiang; Xiaoliang Chen; Duoqian Miao; Hongyun Zhang; Xiaolin Qin; Xu Gu; Peng Lu; Xianyong Li,55,9,10.1007/s10489-025-06313-8,https://doi.org/10.1007/s10489-025-06313-8,article,Applied Intelligence,https://openalex.org/W4411380165
Applied Intelligence,Springer Nature,2025,2025-06-01,From unaltered raw waveform to emotion: Synergizing convolutional and gated recurrent networks for holistic speech emotion analysis,Alaa Nfissi; Wassim Bouachir; Nizar Bouguila; Brian L. Mishara,55,8,10.1007/s10489-025-06620-0,https://doi.org/10.1007/s10489-025-06620-0,article,Applied Intelligence,https://openalex.org/W4410983687
Applied Intelligence,Springer Nature,2025,2025-06-01,Improved attribute reductions based on combined measures from dependency-roughness-entropy fusion and classification-class-level integration,Yixiao Yuan; Xianyong Zhang; Qian Wang; Zhiwen Mo,55,9,10.1007/s10489-025-06646-4,https://doi.org/10.1007/s10489-025-06646-4,article,Applied Intelligence,https://openalex.org/W4411349080
Applied Intelligence,Springer Nature,2025,2025-06-01,NSE: Node sequence encoding for link prediction in heterogeneous graphs,Ying Tang; Xi Chen; Chenggang Zeng; Ji Ma,55,9,10.1007/s10489-025-06622-y,https://doi.org/10.1007/s10489-025-06622-y,article,Applied Intelligence,https://openalex.org/W4411203269
Applied Intelligence,Springer Nature,2025,2025-06-01,Research on the model updating strategy about sex discrimination of silkworm pupae with new varieties based on semi-supervised learning,Dan Tao; Suyuan Deng; Guangying Qiu; Guanglin Li,55,8,10.1007/s10489-025-06644-6,https://doi.org/10.1007/s10489-025-06644-6,article,Applied Intelligence,https://openalex.org/W4411004443
Applied Intelligence,Springer Nature,2025,2025-06-18,A review of federated learning technology and its research progress in healthcare applications,Zezhong Ma; Nur Intan Raihana Ruhaiyem; Meng Zhang; Kamarul Imran Musa; Tengku Muhammad Hanis; T. Danny Xiao; Dianbo Hua; Hao Li,55,10,10.1007/s10489-025-06627-7,https://doi.org/10.1007/s10489-025-06627-7,article,Applied Intelligence,https://openalex.org/W4411425942
Applied Intelligence,Springer Nature,2025,2025-06-18,An emotional preference ensemble clustering based on directional increment and non-linear cosine adaptive crossover and mutation,Mingzhi Dai; Xiang Feng; Huiqun Yu; Weibin Guo,55,10,10.1007/s10489-025-06647-3,https://doi.org/10.1007/s10489-025-06647-3,article,Applied Intelligence,https://openalex.org/W4411427876
Applied Intelligence,Springer Nature,2025,2025-06-18,An unsupervised software bug count prediction model based on selected software metrics,Rakesh Kumar; Amrita Chaturvedi,55,10,10.1007/s10489-025-06557-4,https://doi.org/10.1007/s10489-025-06557-4,article,Applied Intelligence,https://openalex.org/W4411424369
Applied Intelligence,Springer Nature,2025,2025-06-18,CLCFE: complementary loss coupling for feature-enhanced few-shot fine-grained visual recognition,Heng Wu; Zijun Zheng; Laishui Lv; Changchun Zhang; Yifeng Xu; Dalal Bardou; Shanzhou Niu; Gaohang Yu,55,10,10.1007/s10489-025-06613-z,https://doi.org/10.1007/s10489-025-06613-z,article,Applied Intelligence,https://openalex.org/W4411427999
Applied Intelligence,Springer Nature,2025,2025-06-18,ClotheDreamer: Text-guided garment generation with 3D gaussians,Yufei Liu; Junshu Tang; Zheng Chu; Junwei Zhu; Chengjie Wang; Dongjin Huang,55,10,10.1007/s10489-025-06596-x,https://doi.org/10.1007/s10489-025-06596-x,article,Applied Intelligence,https://openalex.org/W4411425891
Applied Intelligence,Springer Nature,2025,2025-06-18,DedustNet: a frequency-dominated Swin Transformer-based wavelet network for agricultural dust removal,Shengli Zhang; Zhiyong Tao; Sen Lin,55,10,10.1007/s10489-025-06635-7,https://doi.org/10.1007/s10489-025-06635-7,article,Applied Intelligence,https://openalex.org/W4411426677
Applied Intelligence,Springer Nature,2025,2025-06-18,Differential evolution with dual-space-based population size adaptation and dynamic classification-based mutation strategy,Libao Deng; Zhihui Meng; Chunlei Li; Lili Zhang,55,10,10.1007/s10489-025-06609-9,https://doi.org/10.1007/s10489-025-06609-9,article,Applied Intelligence,https://openalex.org/W4411406618
Applied Intelligence,Springer Nature,2025,2025-06-18,Diffusion-based high dimensional subspace mapping for ECG generation with structured state space models,Baofeng Zhu; Chengbao Peng; Xia Zhang; J. Y. Liu,55,10,10.1007/s10489-025-06640-w,https://doi.org/10.1007/s10489-025-06640-w,article,Applied Intelligence,https://openalex.org/W4411425999
Applied Intelligence,Springer Nature,2025,2025-06-18,Dynamic anchor-based tensor learning for incomplete multi-view clustering,Yao Dong; Y. W. Fu; Yongfeng Dong; Jin Shi; Zhihao Guo,55,10,10.1007/s10489-025-06569-0,https://doi.org/10.1007/s10489-025-06569-0,article,Applied Intelligence,https://openalex.org/W4411428235
Applied Intelligence,Springer Nature,2025,2025-06-18,ECLNet: enhancing the CNN-LSTM networks for multivariate long-term time series forecasting,Jiachen Xie; Jiwei Qin; Xizhong Qin; Qiang Li; Daishun Cui; Dezhi Sun,55,10,10.1007/s10489-025-06537-8,https://doi.org/10.1007/s10489-025-06537-8,article,Applied Intelligence,https://openalex.org/W4411427885
Applied Intelligence,Springer Nature,2025,2025-06-18,Enhancing few-shot class-incremental learning through prototype optimization,Mengjuan Jiang; Jiaqing Fan; Fanzhang Li,55,10,10.1007/s10489-025-06605-z,https://doi.org/10.1007/s10489-025-06605-z,article,Applied Intelligence,https://openalex.org/W4411428343
Applied Intelligence,Springer Nature,2025,2025-06-18,GTIBS: secure smart home monitoring through gateway traffic analysis and behavioral signature identification,Yingjie Hu; Weiping Wang; Shigeng Zhang,55,10,10.1007/s10489-025-06639-3,https://doi.org/10.1007/s10489-025-06639-3,article,Applied Intelligence,https://openalex.org/W4411425949
Applied Intelligence,Springer Nature,2025,2025-06-18,GraphCKSA: Innovative dual-strategy GNN for imbalanced node classification with CENN-KCQ resampling and dual-view edge optimization,Zhang Li-ying; Lumeng Chen; Tianbo Zou; Zhiguang Wang; Xinzhu Zheng,55,10,10.1007/s10489-025-06660-6,https://doi.org/10.1007/s10489-025-06660-6,article,Applied Intelligence,https://openalex.org/W4411428203
Applied Intelligence,Springer Nature,2025,2025-06-18,HANE-SHC: Heterogeneous attributed network embedding with structural homophily contents,Yue Fu; Shuliang Zhao; Yongliang Wu,55,10,10.1007/s10489-025-06545-8,https://doi.org/10.1007/s10489-025-06545-8,article,Applied Intelligence,https://openalex.org/W4411426529
Applied Intelligence,Springer Nature,2025,2025-06-18,MaskMatch: uncertainty calibration for dynamic masking in semi-supervised image segmentation,Aihua Liao; Kuangrong Hao; Bing Wei; Xue‐song Tang,55,10,10.1007/s10489-025-06614-y,https://doi.org/10.1007/s10489-025-06614-y,article,Applied Intelligence,https://openalex.org/W4411426487
Applied Intelligence,Springer Nature,2025,2025-06-18,Metallic surface defect detection via NWD-WIoU based on grayscale co-generation entropy gain,Jinghua Xu; Dingwei Ye; Shuyou Zhang; Kang Wang; Shenghao Chen,55,10,10.1007/s10489-025-06363-y,https://doi.org/10.1007/s10489-025-06363-y,article,Applied Intelligence,https://openalex.org/W4411426973
Applied Intelligence,Springer Nature,2025,2025-06-18,Multi-block local outlier factor anomaly detection of complex industrial systems,Alexandre Gaffet; Pauline Ribot; Élodie Chanthery; Christophe Merle,55,10,10.1007/s10489-025-06603-1,https://doi.org/10.1007/s10489-025-06603-1,book-chapter,Applied Intelligence,https://openalex.org/W4411426919
Applied Intelligence,Springer Nature,2025,2025-06-18,Multi-granularity decision information integration network for hierarchical classification via local and global constraints,Haoyang Liu; Peipei Li; Xuegang Hu; Shengxing Bai; Yaojin Lin,55,10,10.1007/s10489-025-06611-1,https://doi.org/10.1007/s10489-025-06611-1,article,Applied Intelligence,https://openalex.org/W4411426561
Applied Intelligence,Springer Nature,2025,2025-06-18,Multi-view semi-supervised feature selection based on adaptive graph and tensor learning,Hangyu Chen; Xijiong Xie; Guoqing Chao,55,10,10.1007/s10489-025-06637-5,https://doi.org/10.1007/s10489-025-06637-5,article,Applied Intelligence,https://openalex.org/W4411406600
Applied Intelligence,Springer Nature,2025,2025-06-18,Real-time dynamic path planning for distributed unmanned surface vehicles in coordinated formations with maneuverability constraints,Xizhe Chen; Shihong Yin; Yujing Li; Zhengrong Xiang,55,10,10.1007/s10489-025-06626-8,https://doi.org/10.1007/s10489-025-06626-8,article,Applied Intelligence,https://openalex.org/W4411425985
Applied Intelligence,Springer Nature,2025,2025-06-18,Real-time manufacturing process monitoring using GRU with PSO algorithm,Atinkut Atinafu Yilma; Chao-Lung Yang; Bereket Haile Woldegiorgis,55,10,10.1007/s10489-025-06617-9,https://doi.org/10.1007/s10489-025-06617-9,article,Applied Intelligence,https://openalex.org/W4411423878
Applied Intelligence,Springer Nature,2025,2025-06-18,SCANSleepNet: A spatial-channel attention network for sleep stage classification,Yuyun Liu; Qilei Li; Mingliang Gao; Xiangyu Guo; Wenzhe Zhai,55,10,10.1007/s10489-025-06587-y,https://doi.org/10.1007/s10489-025-06587-y,article,Applied Intelligence,https://openalex.org/W4411407775
Applied Intelligence,Springer Nature,2025,2025-06-18,SGEU: enhancing LLM reasoning via backward exemplar generation and verification,Zhen Wang; Xi Zhou; Yating Yang; Bo Ma; Lei Wang; Rui Dong,55,10,10.1007/s10489-025-06529-8,https://doi.org/10.1007/s10489-025-06529-8,article,Applied Intelligence,https://openalex.org/W4411427431
Applied Intelligence,Springer Nature,2025,2025-06-18,Telling fortunes? Evaluation of traffic forecasting models using traffic and context features,Marius Hadry; André Bauer; Robert Leppich; Veronika Lesch; Samuel Kounev,55,10,10.1007/s10489-025-06565-4,https://doi.org/10.1007/s10489-025-06565-4,article,Applied Intelligence,https://openalex.org/W4411426477
Applied Intelligence,Springer Nature,2025,2025-06-18,Towards automation of warehouse management: Counting boxes on pallets via 3D reconstruction from a single image,Ikram Eddahmani; Thibault Napoléon; Chi-Hieu Pham; Isabelle Badoc; Marwa El-Bouz,55,10,10.1007/s10489-025-06621-z,https://doi.org/10.1007/s10489-025-06621-z,article,Applied Intelligence,https://openalex.org/W4411425960
Applied Intelligence,Springer Nature,2025,2025-06-18,Unsupervised outlier detection based on multi-granularity neighborhood information,Yi Li; Xinyu Su; Zhong Yuan; Benwen Zhang; Jiabin Liu; Xingqiang Tan,55,10,10.1007/s10489-025-06598-9,https://doi.org/10.1007/s10489-025-06598-9,article,Applied Intelligence,https://openalex.org/W4411406617
Applied Intelligence,Springer Nature,2025,2025-06-18,Weighted cross-integrated fusion network based on knowledge distillation for multi-modal personality recognition,Yongtang Bao; Xiang Liu; Lizhi Xiao; Zhihui Wang; Yue Qi,55,10,10.1007/s10489-025-06623-x,https://doi.org/10.1007/s10489-025-06623-x,article,Applied Intelligence,https://openalex.org/W4411425998
Applied Intelligence,Springer Nature,2025,2025-06-19,A comprehensive survey of imputation methods in medical missing data analysis,Karima Benhamza; Razane Benselim; Hanane Naidja; Hamid Séridi,55,11,10.1007/s10489-025-06602-2,https://doi.org/10.1007/s10489-025-06602-2,article,Applied Intelligence,https://openalex.org/W4411437096
Applied Intelligence,Springer Nature,2025,2025-06-19,A new class correlation-based dynamic sample weighting method for medical image classification,Guanxiu Yi; Ma Ling; Xiabi Liu; Zhaoyang Hai; Yunlong Li; Mengqiao Han; Chao Yang; Lijuan Niu; Yuehao Song,55,11,10.1007/s10489-025-06690-0,https://doi.org/10.1007/s10489-025-06690-0,article,Applied Intelligence,https://openalex.org/W4411453276
Applied Intelligence,Springer Nature,2025,2025-06-19,A novel cognitive diagnosis system with attention residual mechanism and broad learning,Jing Wang; Jialin Miao; Junwei Duan; Xiping Jia; Zhiyong Lin,55,11,10.1007/s10489-025-06666-0,https://doi.org/10.1007/s10489-025-06666-0,article,Applied Intelligence,https://openalex.org/W4411453549
Applied Intelligence,Springer Nature,2025,2025-06-19,A novel path planning scheme based on Fast-IBi-RRT* algorithm for industrial robots,Miao Zhang; Shengwei Liu; Quan Fa Zhou; Xiaoguang Han,55,11,10.1007/s10489-025-06694-w,https://doi.org/10.1007/s10489-025-06694-w,article,Applied Intelligence,https://openalex.org/W4411453675
Applied Intelligence,Springer Nature,2025,2025-06-19,A spatiotemporal fusion method based on two-stream high temporal sensitive convolutional neural network,Yujia Li; Dajiang Lei; Qianwei Zhu; Junmin Wang; Liping Zhang; Weisheng Li,55,11,10.1007/s10489-025-06667-z,https://doi.org/10.1007/s10489-025-06667-z,article,Applied Intelligence,https://openalex.org/W4411453504
Applied Intelligence,Springer Nature,2025,2025-06-19,Angular triangle distance for ordinal metric learning,Imam Mustafa Kamal; Hyerim Bae; Ling Liu,55,11,10.1007/s10489-025-06630-y,https://doi.org/10.1007/s10489-025-06630-y,article,Applied Intelligence,https://openalex.org/W4411453669
Applied Intelligence,Springer Nature,2025,2025-06-19,Beyond just saying it’s false: explainable AI for multimodal misinformation detection,Saswata Roy; Manish Bhanu; Shalini Priya; Joydeep Chandra; Sourav Kumar Dandapat,55,11,10.1007/s10489-025-06656-2,https://doi.org/10.1007/s10489-025-06656-2,article,Applied Intelligence,https://openalex.org/W4411453943
Applied Intelligence,Springer Nature,2025,2025-06-19,"CAMFv2: Better, faster and stronger for electrochemiluminescence image denoising",Jun Li; Jun Yang; Xinhang Jiang; Bing Yang; Guan-Yu Chen,55,11,10.1007/s10489-025-06652-6,https://doi.org/10.1007/s10489-025-06652-6,article,Applied Intelligence,https://openalex.org/W4411453802
Applied Intelligence,Springer Nature,2025,2025-06-19,Casting defect-detection method based on multi-image feature of fusion artificial intelligence model,Deyan Yang; Hongquan Jiang; Yang He; Yonghong Wang; Zhen Liu; Xinguang Zhang; Huyue Cheng,55,11,10.1007/s10489-025-06429-x,https://doi.org/10.1007/s10489-025-06429-x,article,Applied Intelligence,https://openalex.org/W4411453715
Applied Intelligence,Springer Nature,2025,2025-06-19,DaptDiffusion: Enhancing pixel-level interactive editing with dense-UNet and Adam point update in diffusion models,Dawei Guan; Wei Li,55,11,10.1007/s10489-025-06673-1,https://doi.org/10.1007/s10489-025-06673-1,article,Applied Intelligence,https://openalex.org/W4411453540
Applied Intelligence,Springer Nature,2025,2025-06-19,Data-driven models for electricity theft and anomalous power consumption detection: a systematic review,Rajesh Nayak; C. D. Jaidhar,55,11,10.1007/s10489-025-06663-3,https://doi.org/10.1007/s10489-025-06663-3,review,Applied Intelligence,https://openalex.org/W4411437098
Applied Intelligence,Springer Nature,2025,2025-06-19,"Deep integration of conditional gan, attention mechanism, and image clustering for automated color separation and correction in textile screen printing",Chao-Lung Yang; Yulius Harjoseputro; Chi-Hao Chien; Yung-Yao Chen,55,11,10.1007/s10489-025-06628-6,https://doi.org/10.1007/s10489-025-06628-6,article,Applied Intelligence,https://openalex.org/W4411453898
Applied Intelligence,Springer Nature,2025,2025-06-19,Dynamic dual mining framework for long-tailed out-of-distribution detection,Bin Sheng; Dengye Pan; Xiaoqiang Li,55,11,10.1007/s10489-025-06679-9,https://doi.org/10.1007/s10489-025-06679-9,book-chapter,Applied Intelligence,https://openalex.org/W4411453661
Applied Intelligence,Springer Nature,2025,2025-06-19,Dynamic obstacle avoidance and grasping planning for mobile robotic arm in complex environment based on improved TD3,Yong Li; Lingchen Ke; Chaoxing Zhang,55,11,10.1007/s10489-025-06671-3,https://doi.org/10.1007/s10489-025-06671-3,article,Applied Intelligence,https://openalex.org/W4411453659
Applied Intelligence,Springer Nature,2025,2025-06-19,Dynamic optimal decision-making for scaling cleaning in the sodium aluminate solution evaporation process,Liang Zhu; Jie Han; Zhuo Zhao; Yishun Liu; Kai Wang; Chunhua Yang,55,11,10.1007/s10489-025-06624-w,https://doi.org/10.1007/s10489-025-06624-w,article,Applied Intelligence,https://openalex.org/W4411453756
Applied Intelligence,Springer Nature,2025,2025-06-19,FTA-DFI: a framework for generalizable deepfake detection based on distinctive features from various manipulations compared to genuine images,Zheng Zou; Dunlu Peng; Yu Zhao; Zekun Tian; Jun Cai,55,11,10.1007/s10489-025-06677-x,https://doi.org/10.1007/s10489-025-06677-x,article,Applied Intelligence,https://openalex.org/W4411453654
Applied Intelligence,Springer Nature,2025,2025-06-19,Focal weighting strategy with multi-label multi-scale granularity-aware for out-of-distribution detection,Xin Peng; Yifei Cheng; Yusheng Cheng; Yusheng Cheng; Yusheng Cheng,55,11,10.1007/s10489-025-06633-9,https://doi.org/10.1007/s10489-025-06633-9,article,Applied Intelligence,https://openalex.org/W4411453543
Applied Intelligence,Springer Nature,2025,2025-06-19,Game-theoretic dynamic ensemble for oncogene diagnosis: integrating neighborhood and precision rough sets,Weihua Xu; Xinpeng Zhao,55,11,10.1007/s10489-025-06653-5,https://doi.org/10.1007/s10489-025-06653-5,article,Applied Intelligence,https://openalex.org/W4411437086
Applied Intelligence,Springer Nature,2025,2025-06-19,How to learn new knowledge: a multimodal contrastive learning framework for open-world knowledge graph completion,Shensi Wang; Kun Fu; Xian Sun; Zequn Zhang; Jin Li; Yuying Shang; Shiyao Yan,55,11,10.1007/s10489-025-06642-8,https://doi.org/10.1007/s10489-025-06642-8,article,Applied Intelligence,https://openalex.org/W4411453685
Applied Intelligence,Springer Nature,2025,2025-06-19,IACFormer: a transformer framework with instantaneous average convolution for temporal action detection,Haiping Zhang; Dongyang Xu; Hai Xiang Lin; Dongjing Wang; Dongjin Yu; Liming Guan; Wanjun Zhang,55,11,10.1007/s10489-025-06636-6,https://doi.org/10.1007/s10489-025-06636-6,article,Applied Intelligence,https://openalex.org/W4411453551
Applied Intelligence,Springer Nature,2025,2025-06-19,Image-based instance segmentation dense point cloud multimodal 3D object detection,Yuxiang Xu; Rongyun Zhang; Peicheng Shi; Bo Zhou; Hongwei Ou; Rongxiang Wang,55,11,10.1007/s10489-025-06661-5,https://doi.org/10.1007/s10489-025-06661-5,article,Applied Intelligence,https://openalex.org/W4411453631
Applied Intelligence,Springer Nature,2025,2025-06-19,Improving crowdsourced label quality by peer-to-peer federated learning,Xiaoquan Lu; Jiangbo Qian; Chong Wang; Diqun Yan; Youhui Zhang,55,11,10.1007/s10489-025-06686-w,https://doi.org/10.1007/s10489-025-06686-w,article,Applied Intelligence,https://openalex.org/W4411453524
Applied Intelligence,Springer Nature,2025,2025-06-19,Increment and decrement consistency for semi-supervised endoscopic surgical instrument segmentation,Liping Sun; Xiaoxiang Han; Xiong Chen,55,11,10.1007/s10489-025-06625-9,https://doi.org/10.1007/s10489-025-06625-9,article,Applied Intelligence,https://openalex.org/W4411453757
Applied Intelligence,Springer Nature,2025,2025-06-19,Kolmogrov Anorld carbon informed network orchestration,Charles Z. Liu; Ying Zhang; Qin Lu; Farookh Khadeer Hussain,55,11,10.1007/s10489-025-06669-x,https://doi.org/10.1007/s10489-025-06669-x,article,Applied Intelligence,https://openalex.org/W4411437093
Applied Intelligence,Springer Nature,2025,2025-06-19,Label sparse self-representation for multi-label learning with missing labels,Zhiwei Xing; Lifeng Xi; Xiaofei Yang; Yingcang Ma,55,11,10.1007/s10489-025-06664-2,https://doi.org/10.1007/s10489-025-06664-2,article,Applied Intelligence,https://openalex.org/W4411453682
Applied Intelligence,Springer Nature,2025,2025-06-19,MTAD-Kanformer: multivariate time-series anomaly detection via kan and transformer,Xin Xie; Wenbin Zheng; Shenping Xiong; Tao Wang,55,11,10.1007/s10489-025-06650-8,https://doi.org/10.1007/s10489-025-06650-8,article,Applied Intelligence,https://openalex.org/W4411453535
Applied Intelligence,Springer Nature,2025,2025-06-19,Multi-modal anomaly detection for microservice system through nested graph diffusion reconstruction,Mengwei Fan; Xiuguo Zhang; Peipeng Wang; Zhiying Cao,55,11,10.1007/s10489-025-06681-1,https://doi.org/10.1007/s10489-025-06681-1,article,Applied Intelligence,https://openalex.org/W4411453583
Applied Intelligence,Springer Nature,2025,2025-06-19,Multiple kernel subspace clustering with dual tensors learning,Yi Liao; Zhenwen Ren; Bin Wu; Chunyu Zhao,55,11,10.1007/s10489-025-06648-2,https://doi.org/10.1007/s10489-025-06648-2,article,Applied Intelligence,https://openalex.org/W4411453855
Applied Intelligence,Springer Nature,2025,2025-06-19,Neural robust optimal tracking control for nonlinear state-constrained systems with input saturation and external disturbances,Yuzhu Huang; Zhaoyan Zhang; Shuo Zhao,55,11,10.1007/s10489-025-06682-0,https://doi.org/10.1007/s10489-025-06682-0,article,Applied Intelligence,https://openalex.org/W4411453224
Applied Intelligence,Springer Nature,2025,2025-06-19,Pulse-strategy collective learning swarm optimizer for large-scale global optimization,Xiaoyu Liu; Qingke Zhang; Shuzhao Pang; Jiajun Sun; Huaxiang Zhang,55,11,10.1007/s10489-025-06674-0,https://doi.org/10.1007/s10489-025-06674-0,article,Applied Intelligence,https://openalex.org/W4411437118
Applied Intelligence,Springer Nature,2025,2025-06-19,RA-EPNet: A novel network fusing residual axial attention and edge prediction for medical image segmentation,Lijun Yang; Hongying Zhang; Xue Li; Ziyuan Qi; Julei Tang; Xiaoxia Li,55,11,10.1007/s10489-025-06629-5,https://doi.org/10.1007/s10489-025-06629-5,article,Applied Intelligence,https://openalex.org/W4411453846
Applied Intelligence,Springer Nature,2025,2025-06-19,Reducing the value function over-estimation by Kullback-Leibler divergence regularized distributional actor-critic,Ming Gong; Zhengkun Yi; Yidong Chen; Huiyun Li; Yunduan Cui,55,11,10.1007/s10489-025-06693-x,https://doi.org/10.1007/s10489-025-06693-x,article,Applied Intelligence,https://openalex.org/W4411453433
Applied Intelligence,Springer Nature,2025,2025-06-19,Res2coder: A two-stage residual autoencoder for unsupervised time series anomaly detection,Hao Wang; Yingjian Liu; Haoyu Yin; Xiangyun Zheng; Zonghai Zha; Mengqiang Lv; Zhongwen Guo,55,11,10.1007/s10489-025-06684-y,https://doi.org/10.1007/s10489-025-06684-y,article,Applied Intelligence,https://openalex.org/W4411453301
Applied Intelligence,Springer Nature,2025,2025-06-19,Self-supervised and semi-supervised learning for few-shot specific emitter identification using CNN-transformer with virtual adversarial training,Minhong Sun; Liang Wei; Chunlai Yu; Zhaoyang Qiu; J. X. Teng,55,11,10.1007/s10489-025-06645-5,https://doi.org/10.1007/s10489-025-06645-5,article,Applied Intelligence,https://openalex.org/W4411453429
Applied Intelligence,Springer Nature,2025,2025-06-19,Self-supervised deep clustering for spammer group detection,Changwu Wang; Zhong-kai Feng; Kun Zhang; Fuzhi Zhang,55,11,10.1007/s10489-025-06675-z,https://doi.org/10.1007/s10489-025-06675-z,article,Applied Intelligence,https://openalex.org/W4411453870
Applied Intelligence,Springer Nature,2025,2025-06-19,TFFC: time-frequency fusion consistency for semi-supervised time series classification,Liang Xi; Xianglong Meng; Han Liu,55,11,10.1007/s10489-025-06695-9,https://doi.org/10.1007/s10489-025-06695-9,article,Applied Intelligence,https://openalex.org/W4411453816
Applied Intelligence,Springer Nature,2025,2025-06-19,Vision-based real-time traffic flow monitoring system for road intersections in Dhaka city,Taslim Arif; Abu Salyh Muhammad Mussa; Moshiur Rahman; Mahbubul Alam Joarder,55,11,10.1007/s10489-025-06631-x,https://doi.org/10.1007/s10489-025-06631-x,article,Applied Intelligence,https://openalex.org/W4411453601
Applied Intelligence,Springer Nature,2025,2025-06-19,X modality assisting RGBT object tracking,Zhaisheng Ding; Haiyan Li; Ruichao Hou; Yanyu Liu; Shidong Xie,55,11,10.1007/s10489-025-06658-0,https://doi.org/10.1007/s10489-025-06658-0,book-chapter,Applied Intelligence,https://openalex.org/W4411453713
Applied Intelligence,Springer Nature,2025,2025-06-20,ISSMLCF: an inductive semi-supervised multi-label learning algorithm with co-forest paradigm,Wenhao Liu; Jicong Duan; Changbin Shao; Xibei Yang; Sen Xu; Hualong Yu,55,11,10.1007/s10489-025-06688-8,https://doi.org/10.1007/s10489-025-06688-8,article,Applied Intelligence,https://openalex.org/W4411479260
Applied Intelligence,Springer Nature,2025,2025-06-20,MSTD: A multimodal vehicle trajectory prediction method based on multi-level spatiotemporal decoupling,Xiaoqing Lu; Suting Chen; Yong Meng; Xiao Shu; Xuefen Zhou,55,11,10.1007/s10489-025-06665-1,https://doi.org/10.1007/s10489-025-06665-1,article,Applied Intelligence,https://openalex.org/W4411476086
Applied Intelligence,Springer Nature,2025,2025-06-20,SC-COO: A feedback-based service composition algorithm combining offline and online reinforcement learning,Xiaoming Yu; Wenjun Wu; Jiadong Wang; Xin Ji,55,11,10.1007/s10489-025-06683-z,https://doi.org/10.1007/s10489-025-06683-z,article,Applied Intelligence,https://openalex.org/W4411498096
Applied Intelligence,Springer Nature,2025,2025-06-20,SFNS: Spatial-frequency image noise suppression for low-power industrial cone-beam computed tomography,Yimin Zhu; Xing Wu; Junfeng Yao; Quan Qian; Jun Song; Shouwei Gao,55,11,10.1007/s10489-025-06703-y,https://doi.org/10.1007/s10489-025-06703-y,article,Applied Intelligence,https://openalex.org/W4411467302
Applied Intelligence,Springer Nature,2025,2025-06-21,A dynamic graph-based multiscale spatio-temporal feature enhancement network applied to ENSO prediction,Wei Shao; Guoxiang Tong,55,11,10.1007/s10489-025-06691-z,https://doi.org/10.1007/s10489-025-06691-z,article,Applied Intelligence,https://openalex.org/W4411504959
Applied Intelligence,Springer Nature,2025,2025-06-21,Multi-UAV intelligent decision-making method with layer delay dual-center MAPPO for air combat,Zhengkun Ding; Xingmei Wang; Chengtao Cai; Luyu Jia; Zhou Xu,55,11,10.1007/s10489-025-06654-4,https://doi.org/10.1007/s10489-025-06654-4,article,Applied Intelligence,https://openalex.org/W4411505406
Applied Intelligence,Springer Nature,2025,2025-06-23,Adaptive weighted noise constraint-based low-rank representation learning for robust multi-view subspace clustering,Xiaolan Liu; Wenyuan Wu; Mengying Xie,55,11,10.1007/s10489-025-06502-5,https://doi.org/10.1007/s10489-025-06502-5,article,Applied Intelligence,https://openalex.org/W4411568682
Applied Intelligence,Springer Nature,2025,2025-06-23,DMDMN: distraction mining and dual mutual network for curvilinear structure segmentation,Qingbo Wu; Shuofei Meng; Wei Huang; Shengyong Chen,55,11,10.1007/s10489-025-06710-z,https://doi.org/10.1007/s10489-025-06710-z,article,Applied Intelligence,https://openalex.org/W4411569382
Applied Intelligence,Springer Nature,2025,2025-06-23,Deep graph clustering method with improved cluster structure feature learning,Peng Wei Lv; Chenghan Zhang; Mengmeng Jia; Yan Liu,55,11,10.1007/s10489-025-06662-4,https://doi.org/10.1007/s10489-025-06662-4,article,Applied Intelligence,https://openalex.org/W4411534613
Applied Intelligence,Springer Nature,2025,2025-06-23,Domain adaptation with category-level contrastive learning for semi-supervised cross-modal hashing,Zhichao Han; Azreen Azman; Mas Rina Mustaffa; Fatimah Khalid,55,11,10.1007/s10489-025-06712-x,https://doi.org/10.1007/s10489-025-06712-x,article,Applied Intelligence,https://openalex.org/W4411534585
Applied Intelligence,Springer Nature,2025,2025-06-23,Textual similarity calculation techniques in the medical field: a retrospective review,Hongzhen Cui; Shichao Wang; Haoming Ma; Xiaoyue Zhu; Longhao Zhang; Meihua Piao; Yunfeng Peng,55,11,10.1007/s10489-025-06634-8,https://doi.org/10.1007/s10489-025-06634-8,article,Applied Intelligence,https://openalex.org/W4411534603
Applied Intelligence,Springer Nature,2025,2025-06-25,DSSLNet: dual-stream self-supervised learning network for end-to-end speech recognition,Boyang Lyu; Chunxiao Fan; Yue Ming; Nannan Hu,55,11,10.1007/s10489-025-06713-w,https://doi.org/10.1007/s10489-025-06713-w,article,Applied Intelligence,https://openalex.org/W4411625012
Applied Intelligence,Springer Nature,2025,2025-06-25,Topological Fusion Model for Molecular Property Prediction,Xia Rong; Haotian Xu; Junwei Wu; Zhang Shufei; Mingjie Sun; Liu Jiejie; Zhang Quan,55,11,10.1007/s10489-025-06721-w,https://doi.org/10.1007/s10489-025-06721-w,article,Applied Intelligence,https://openalex.org/W4411625025
Applied Intelligence,Springer Nature,2025,2025-06-25,Trajectory tracking control for robotic manipulator with disturbances: a double-Q reinforcement learning method,Dehai Yu; Weiwei Sun; Yongshu Li; Zhuangzhuang Luan; Zhongcai Zhang,55,11,10.1007/s10489-025-06655-3,https://doi.org/10.1007/s10489-025-06655-3,article,Applied Intelligence,https://openalex.org/W4411625441
Applied Intelligence,Springer Nature,2025,2025-06-26,Capturing spatio-temporal patterns of falls individuals using efficient graph convolutional network model,Oumaima Guendoul; Maryem Zobi; Hamd Ait Abdelali; Youness Tabii; Rachid Oulad Haj Thami; Omar Bourja,55,11,10.1007/s10489-025-06316-5,https://doi.org/10.1007/s10489-025-06316-5,article,Applied Intelligence,https://openalex.org/W4411679946
Applied Intelligence,Springer Nature,2025,2025-06-26,Conformal prediction for out-of-distribution time-series classification,Alexandros Nanopoulos; Krisztián Búza,55,11,10.1007/s10489-025-06708-7,https://doi.org/10.1007/s10489-025-06708-7,article,Applied Intelligence,https://openalex.org/W4411679854
Applied Intelligence,Springer Nature,2025,2025-06-26,Model-free sliding mode resilient control of cyber-physical system based on reinforcement learning,Chunwu Yin,55,11,10.1007/s10489-025-06649-1,https://doi.org/10.1007/s10489-025-06649-1,article,Applied Intelligence,https://openalex.org/W4411679855
Applied Intelligence,Springer Nature,2025,2025-06-26,Overview on evidential fusion approaches in the context of collaborative perception for occupancy modeling,Safa Ben Ayed; Jihed Dachraoui; Hind Laghmara; Rémi Boutteau,55,11,10.1007/s10489-025-06670-4,https://doi.org/10.1007/s10489-025-06670-4,article,Applied Intelligence,https://openalex.org/W4411672287
Applied Intelligence,Springer Nature,2025,2025-06-26,R2GAN: Enhancing unseen image fusion with reconstruction-guided generative adversarial network,Abderrazak Chahi; Mohamed Kas; Ibrahim Kajo; Yassine Ruichek,55,11,10.1007/s10489-025-06610-2,https://doi.org/10.1007/s10489-025-06610-2,article,Applied Intelligence,https://openalex.org/W4411672282
Applied Intelligence,Springer Nature,2025,2025-06-27,A real-time application employing back- or side-view images of individuals to search for specific faces,Chao Du; Jiali Deng; Tong Zixuan; Xiaomin Wang; Kai Cheng; Xiaolong Zhou; Ming Liu,55,12,10.1007/s10489-025-06668-y,https://doi.org/10.1007/s10489-025-06668-y,article,Applied Intelligence,https://openalex.org/W4411710944
Applied Intelligence,Springer Nature,2025,2025-06-27,End-to-end multidimensional interpretable tourism demand combined forecasting model based on feature fusion,Binrong Wu; Jiacheng Lin; Sheng-Xiang Lv; Lin Wang,55,12,10.1007/s10489-025-06715-8,https://doi.org/10.1007/s10489-025-06715-8,article,Applied Intelligence,https://openalex.org/W4411735149
Applied Intelligence,Springer Nature,2025,2025-06-28,Multi-scale dual dynamic spatiotemporal graph convolutional network for traffic flow prediction,Hong Zhang; Min Yi; Xijun Zhang; Jiaoyun Wei,55,12,10.1007/s10489-025-06685-x,https://doi.org/10.1007/s10489-025-06685-x,article,Applied Intelligence,https://openalex.org/W4411747554
Applied Intelligence,Springer Nature,2025,2025-06-30,PointCoCa: Point contrastive captioner pre-trained with prompt-driven datasets generation enhances point cloud shape understanding,Fenglin Liu; Tao Zhou; Wei Wang; Jianliang Ma; Dong Li; Wei Xi,55,12,10.1007/s10489-025-06680-2,https://doi.org/10.1007/s10489-025-06680-2,article,Applied Intelligence,https://openalex.org/W4411779811
Applied Intelligence,Springer Nature,2025,2025-07-01,A hybrid prediction model for stock trend based on gated recurrent unit and wavelet transform,Zhuoxuan Li; Youxin Wang; Jinde Cao; Chuangxia Huang,55,12,10.1007/s10489-025-06702-z,https://doi.org/10.1007/s10489-025-06702-z,article,Applied Intelligence,https://openalex.org/W4411909433
Applied Intelligence,Springer Nature,2025,2025-07-01,BinRec: addressing data sparsity and cold-start challenges in recommender systems with biclustering,Domingo S. Rodríguez–Baena; Francisco Gómez-Vela; Aurelio López López; Miguel García-Torres; Federico Divina,55,12,10.1007/s10489-025-06725-6,https://doi.org/10.1007/s10489-025-06725-6,article,Applied Intelligence,https://openalex.org/W4411914816
Applied Intelligence,Springer Nature,2025,2025-07-01,Deep learning-based multi-element identification system for percutaneous endoscopic spine surgery: development and comparative evaluation of neural network models,Jinhui Bu; Yari Wang; Jiaqi Zhao; Sen Huang; Jun Liang; Zhenfei Wang; Long Xu; Lei Yan; Bo He; Minghui Dong; Guangpu Liu; Ru Niu; Ru Niu; Chao Ma; Guangwang Liu; Guangwang Liu,55,11,10.1007/s10489-025-06641-9,https://doi.org/10.1007/s10489-025-06641-9,article,Applied Intelligence,https://openalex.org/W4413888966
Applied Intelligence,Springer Nature,2025,2025-07-01,Dual cross transformer based on multi-scale fusion for fine-grained action recognition,Jirui Di; Zhengping Hu; Hehao Zhang; Qiming Zhang; Zhe Sun,55,12,10.1007/s10489-025-06742-5,https://doi.org/10.1007/s10489-025-06742-5,article,Applied Intelligence,https://openalex.org/W4411913021
Applied Intelligence,Springer Nature,2025,2025-07-01,SWADA: slide-window-based active domain adaptation for cross-modality medical image segmentation,Yongjun Wang; Yongmei Wang; Yongmei Wang; Yongmei Wang; Yifeng Zhou; Wenxi Chen; Sijian Wen,55,12,10.1007/s10489-025-06554-7,https://doi.org/10.1007/s10489-025-06554-7,article,Applied Intelligence,https://openalex.org/W4411913072
Applied Intelligence,Springer Nature,2025,2025-07-02,A deep semi-supervised echo state network-based distributed operating performance assessment framework for manufacturing processes optimized by enhanced black-winged kite algorithm,Chuanfang Zhang; Wenxiao Yin; Kaixiang Peng; Xueyi Zhang,55,12,10.1007/s10489-025-06734-5,https://doi.org/10.1007/s10489-025-06734-5,article,Applied Intelligence,https://openalex.org/W4411924013
Applied Intelligence,Springer Nature,2025,2025-07-02,CProtoNet: A conceptual prototype network based on conceptual similarity,Lijun Gao; SuRan Wang; WenWen Gu; Zeyang Sun; Jin Feng Xiao; Y. T. Zhang; Jiehong Wu,55,12,10.1007/s10489-025-06719-4,https://doi.org/10.1007/s10489-025-06719-4,article,Applied Intelligence,https://openalex.org/W4411964845
Applied Intelligence,Springer Nature,2025,2025-07-02,Multi-query network learning for hoi detection via vision-language models,Leideng Shi; Juan Zhang,55,12,10.1007/s10489-025-06709-6,https://doi.org/10.1007/s10489-025-06709-6,article,Applied Intelligence,https://openalex.org/W4411938891
Applied Intelligence,Springer Nature,2025,2025-07-03,Credibilistic skewness of LR power fuzzy numbers with applications in portfolio selection,Pawan Kumar Mandal; Bhisham Dev Verma; Manoj Thakur; Garima Mittal,55,12,10.1007/s10489-025-06678-w,https://doi.org/10.1007/s10489-025-06678-w,article,Applied Intelligence,https://openalex.org/W4411975949
Applied Intelligence,Springer Nature,2025,2025-07-03,Imitation learning-driven approximation of stochastic control models,Andrea Pozzi; Alessandro Incremona; Daniele Toti,55,12,10.1007/s10489-025-06704-x,https://doi.org/10.1007/s10489-025-06704-x,article,Applied Intelligence,https://openalex.org/W4411974211
Applied Intelligence,Springer Nature,2025,2025-07-03,Personalized clothing matching recommendation algorithm based on user portrait,Xueping Su; Yihang Lei; Can Wang; Yunhong Li; Yunxia Ren,55,12,10.1007/s10489-025-06701-0,https://doi.org/10.1007/s10489-025-06701-0,article,Applied Intelligence,https://openalex.org/W4411974332
Applied Intelligence,Springer Nature,2025,2025-07-03,YOLO-MSD: a robust industrial surface defect detection model via multi-scale feature fusion,Yifei Ge; Zhuo Li; Lin Meng,55,12,10.1007/s10489-025-06739-0,https://doi.org/10.1007/s10489-025-06739-0,article,Applied Intelligence,https://openalex.org/W4412008146
Applied Intelligence,Springer Nature,2025,2025-07-05,Adaptive variable-length subsequence pattern extraction in time series,Ke Zhang; Jiangyong Duan; Tiantian Yang; Lili Guo; Congmin Lv,55,12,10.1007/s10489-025-06752-3,https://doi.org/10.1007/s10489-025-06752-3,book-chapter,Applied Intelligence,https://openalex.org/W4412045420
Applied Intelligence,Springer Nature,2025,2025-07-05,Application of multi-attribute large-scale group decision-making based on adaptive multi-threshold constraints in selecting the optimal site of a wastewater treatment plant,Shanshan Yang; Wenqi Jiang; Witold Pedrycz; Xiwen Tao; Jiali Wang; Tianqi Xu,55,12,10.1007/s10489-025-06540-z,https://doi.org/10.1007/s10489-025-06540-z,article,Applied Intelligence,https://openalex.org/W4412045797
Applied Intelligence,Springer Nature,2025,2025-07-05,FBP-diffusion: diffusion model combining MobileViT and dynamic loss correction for facial beauty prediction,Junying Gan; Haolong Li; Xiaoshan Xie; Hantian Chen; Zhenxin Zhuang,55,12,10.1007/s10489-025-06723-8,https://doi.org/10.1007/s10489-025-06723-8,article,Applied Intelligence,https://openalex.org/W4412045414
Applied Intelligence,Springer Nature,2025,2025-07-05,Improving SMOTE via fusing conditional VAE for data-adaptive noise filtering,Sungchul Hong; Seunghwan An; Jong‐June Jeon,55,12,10.1007/s10489-025-06692-y,https://doi.org/10.1007/s10489-025-06692-y,article,Applied Intelligence,https://openalex.org/W4412045602
Applied Intelligence,Springer Nature,2025,2025-07-05,Improving retail sales through unsupervised collective-contextual anomaly detection: a deep reconstruction autoencoder for network-wide sales analysis,Tehara Fonseka; Anton Tulenkov; Katarina Grolinger,55,12,10.1007/s10489-025-06749-y,https://doi.org/10.1007/s10489-025-06749-y,article,Applied Intelligence,https://openalex.org/W4412045316
Applied Intelligence,Springer Nature,2025,2025-07-05,Large language models for predicting perioperative sepsis,Yuwen Chen; Lijun Zhang; Jiang Liu; Yi Bin,55,12,10.1007/s10489-025-06741-6,https://doi.org/10.1007/s10489-025-06741-6,article,Applied Intelligence,https://openalex.org/W4412045751
Applied Intelligence,Springer Nature,2025,2025-07-05,Self-adaptive data-driven evolutionary algorithm based on random forest feature selection and incremental Gaussian process regression on personalized antidepressant medication research,Ruxin Zhao; Hongtan Zhang; Chang Liu; Yulin Xie; Yue Qin Cao; Yang Shi,55,12,10.1007/s10489-025-06698-6,https://doi.org/10.1007/s10489-025-06698-6,article,Applied Intelligence,https://openalex.org/W4412045539
Applied Intelligence,Springer Nature,2025,2025-07-07,Dynamic brain effective connectivity network for identifying neurological disorders,Saqib Mamoon; Zhengwang Xia; Amani Alfakih; Jianfeng Lu,55,12,10.1007/s10489-025-06700-1,https://doi.org/10.1007/s10489-025-06700-1,article,Applied Intelligence,https://openalex.org/W4412078617
Applied Intelligence,Springer Nature,2025,2025-07-07,Dynamic preventive maintenance strategy for a heterogeneous multi-unit redundant system: A deep reinforcement learning approach with weighted network estimator,Deming Xu; Yan Wang; Xiang Liu; Hao Ma; Zhicheng Ji,55,12,10.1007/s10489-025-06744-3,https://doi.org/10.1007/s10489-025-06744-3,article,Applied Intelligence,https://openalex.org/W4412086841
Applied Intelligence,Springer Nature,2025,2025-07-07,Trans embedded encoding volume for stereo matching,Xiaoyang Zhao; Zhuo Wang; Zhongchao Deng; Hongde Qin; Zhongben Zhu,55,12,10.1007/s10489-025-06736-3,https://doi.org/10.1007/s10489-025-06736-3,article,Applied Intelligence,https://openalex.org/W4412087153
Applied Intelligence,Springer Nature,2025,2025-07-08,Deep multi-scale multi-head attention network for aero-engine remaining useful life prediction,Lianbing Xie; Hongkai Jiang; Yutong Dong; Yunpeng Liu,55,12,10.1007/s10489-025-06705-w,https://doi.org/10.1007/s10489-025-06705-w,article,Applied Intelligence,https://openalex.org/W4412104587
Applied Intelligence,Springer Nature,2025,2025-07-09,An open-set image classification algorithm based on hardness-aware angular margin loss and label noise filtering,Jinpeng Cao; Hao Wang; Wei Zhang; Shi‐Chao Ren; Chi-Sing Leung,55,12,10.1007/s10489-025-06718-5,https://doi.org/10.1007/s10489-025-06718-5,article,Applied Intelligence,https://openalex.org/W4412152906
Applied Intelligence,Springer Nature,2025,2025-07-09,Multi-modal parameter-efficient fine-tuning via graph neural network,Bin Cheng; Jiaxuan Lu,55,12,10.1007/s10489-025-06754-1,https://doi.org/10.1007/s10489-025-06754-1,article,Applied Intelligence,https://openalex.org/W4412152448
Applied Intelligence,Springer Nature,2025,2025-07-09,Multi-step spatio-temporal passenger flow prediction based on a dual-layer convolutional long short-term memory model with residual correction,Zhiwei Chen; Xiao-Lan Jiang; Lijun Tian; Peng Wu,55,12,10.1007/s10489-025-06716-7,https://doi.org/10.1007/s10489-025-06716-7,article,Applied Intelligence,https://openalex.org/W4412153554
Applied Intelligence,Springer Nature,2025,2025-07-09,Overestimated stock market forecasts resulting from the one-time denoising,Mengyuan Xiong; Kunliang Xu; Jiayi Yin; W. C. Wang,55,12,10.1007/s10489-025-06720-x,https://doi.org/10.1007/s10489-025-06720-x,article,Applied Intelligence,https://openalex.org/W4412153642
Applied Intelligence,Springer Nature,2025,2025-07-09,Runtime analysis of adaptive selection variation operators in evolutionary algorithm with reinforcement learning,Tianyi Yang; Zhou Yuren,55,12,10.1007/s10489-025-06687-9,https://doi.org/10.1007/s10489-025-06687-9,article,Applied Intelligence,https://openalex.org/W4412152458
Applied Intelligence,Springer Nature,2025,2025-07-09,Transformer-variational autoencoder for estimating individual treatment effect using causal inference framework,Sohail Ahmad; Hong Wang,55,12,10.1007/s10489-025-06738-1,https://doi.org/10.1007/s10489-025-06738-1,article,Applied Intelligence,https://openalex.org/W4412154006
Applied Intelligence,Springer Nature,2025,2025-07-10,Adaptive structure graph embedding for unsupervised feature extraction,Qiqi Chen; Xuesong Yin; Jianhao Ding; Qi Huang; Ting Shu; Yigang Wang,55,12,10.1007/s10489-025-06746-1,https://doi.org/10.1007/s10489-025-06746-1,article,Applied Intelligence,https://openalex.org/W4412158932
Applied Intelligence,Springer Nature,2025,2025-07-10,Human-object interaction detection based on adaptive contrastive learning and class-specific feature enhancement,Huanchun Peng; Kejun Xue; Xincheng Wang; Yongbin Gao; Zhijun Fang; Xiaoyan Jiang; Wenjun Yu; Chenmou Wu,55,12,10.1007/s10489-025-06730-9,https://doi.org/10.1007/s10489-025-06730-9,article,Applied Intelligence,https://openalex.org/W4412173137
Applied Intelligence,Springer Nature,2025,2025-07-10,NLPA-AD: normal label propagation algorithm for zero-shot texture anomaly detection,Jiajun Zhang; Yanzhi Song; Zhouwang Yang; Chencheng Wang,55,12,10.1007/s10489-025-06733-6,https://doi.org/10.1007/s10489-025-06733-6,article,Applied Intelligence,https://openalex.org/W4412172956
Applied Intelligence,Springer Nature,2025,2025-07-10,STFRCN: spatial-temporal fusion residual convolutional network for traffic flow prediction,Ye Chen; Xiang Yin; Junyang Yu; Xiaoli Liang; Lei Chen,55,12,10.1007/s10489-025-06748-z,https://doi.org/10.1007/s10489-025-06748-z,article,Applied Intelligence,https://openalex.org/W4412172986
Applied Intelligence,Springer Nature,2025,2025-07-11,Empowering classroom behavior recognition through hybrid spatial-temporal feature fusion,Hung Dinh Nguyen; Nha Tran; Minh Nguyen; Hien D. Nguyen,55,12,10.1007/s10489-025-06638-4,https://doi.org/10.1007/s10489-025-06638-4,article,Applied Intelligence,https://openalex.org/W4412186853
Applied Intelligence,Springer Nature,2025,2025-07-12,Adaptive copy move forgery detection based on new keypoint feature and matching,Xiangyang Wang; Huiying Zhang; Dawei Wang; Panpan Niu,55,12,10.1007/s10489-025-06735-4,https://doi.org/10.1007/s10489-025-06735-4,article,Applied Intelligence,https://openalex.org/W4412361827
Applied Intelligence,Springer Nature,2025,2025-07-12,Convolutional attention-based contrastive learning for partial label learning,Bo Gong; Ruojin Zhou; Ling Jing,55,12,10.1007/s10489-025-06757-y,https://doi.org/10.1007/s10489-025-06757-y,article,Applied Intelligence,https://openalex.org/W4412361924
Applied Intelligence,Springer Nature,2025,2025-07-12,Fast Micro-Expression recognition method based on Bi-Directional optical flow,Yukun Zhang; Zixiang Fei; Wenju Zhou; Minrui Fei,55,12,10.1007/s10489-025-06722-9,https://doi.org/10.1007/s10489-025-06722-9,article,Applied Intelligence,https://openalex.org/W4412361404
Applied Intelligence,Springer Nature,2025,2025-07-12,Joint spatial-frequency deepfake detection network based on dual-domain attention-enhanced deformable convolution,Lan Qiusong; Yang Chengfu; A Qinhua; Zhao Jianlong; Jin Li,55,12,10.1007/s10489-025-06761-2,https://doi.org/10.1007/s10489-025-06761-2,article,Applied Intelligence,https://openalex.org/W4412361936
Applied Intelligence,Springer Nature,2025,2025-07-12,Multi-dimensional feature driven GPU usage prediction model based on task and system environment classification,Chunhui Xu,55,12,10.1007/s10489-025-06763-0,https://doi.org/10.1007/s10489-025-06763-0,article,Applied Intelligence,https://openalex.org/W4412364622
Applied Intelligence,Springer Nature,2025,2025-07-12,Short-term traffic flow prediction model based on multi-attributes,Chaolong Jia; Siyan Huang; Gang‐Ding Peng; Fu Jiang; Zigao Huang; Rong Wang; Yunpeng Xiao,55,12,10.1007/s10489-025-06760-3,https://doi.org/10.1007/s10489-025-06760-3,article,Applied Intelligence,https://openalex.org/W4412361939
Applied Intelligence,Springer Nature,2025,2025-07-14,"MTS-Net: research on multi-modal, multi-task, multi-stage tumor segmentation model for PET/CT",Yongwei Zheng; Zhanquan Sun; Suyun Chen; Hongliang Fu; Chaoli Wang; Ji Zhu,55,12,10.1007/s10489-025-06759-w,https://doi.org/10.1007/s10489-025-06759-w,article,Applied Intelligence,https://openalex.org/W4412408059
Applied Intelligence,Springer Nature,2025,2025-07-15,Advancing suspicious object detection in unconstrained environments using computer vision,Kanagasabai Thiruthanigesan; Ruwan Dharshana Nawarathna; Roshan Ragel,55,12,10.1007/s10489-025-06753-2,https://doi.org/10.1007/s10489-025-06753-2,article,Applied Intelligence,https://openalex.org/W4412455447
Applied Intelligence,Springer Nature,2025,2025-07-15,Efficient high utility itemsets mining over data streams with compact utility list structure,Gufeng Li; Jialong Wang; W. Fang; Jiawei Xiang; Tao Shang,55,12,10.1007/s10489-025-06729-2,https://doi.org/10.1007/s10489-025-06729-2,article,Applied Intelligence,https://openalex.org/W4412425851
Applied Intelligence,Springer Nature,2025,2025-07-15,HM-DRL: Enhancing multi-agent pathfinding with a heatmap-based heuristic for distributed deep reinforcement learning,Mouad Boumediene; Abderraouf Maoudj; Anders Lyhne Christensen,55,12,10.1007/s10489-025-06747-0,https://doi.org/10.1007/s10489-025-06747-0,article,Applied Intelligence,https://openalex.org/W4412425843
Applied Intelligence,Springer Nature,2025,2025-07-16,Automated machine learning for positive-unlabelled learning,Jack D. Saunders; Alex Alves Freitas,55,12,10.1007/s10489-025-06706-9,https://doi.org/10.1007/s10489-025-06706-9,article,Applied Intelligence,https://openalex.org/W4412475085
Applied Intelligence,Springer Nature,2025,2025-07-16,Multi-view fusion neural networks for heterogeneous graph representation learning,Zhenquan Shi; Bowen Wang; Jiashuang Huang,55,12,10.1007/s10489-025-06657-1,https://doi.org/10.1007/s10489-025-06657-1,article,Applied Intelligence,https://openalex.org/W4412475075
Applied Intelligence,Springer Nature,2025,2025-07-16,TransSSVs: a Transformer-based deep learning model for accurate detection of somatic small variants in paired tumor and normal sequencing data,Jing Meng; Jiangyuan Wang; Jingze Liu; Wenkai Song; Ming Li; Aiping Wu; Taijiao Jiang,55,12,10.1007/s10489-025-06607-x,https://doi.org/10.1007/s10489-025-06607-x,article,Applied Intelligence,https://openalex.org/W4412475032
Applied Intelligence,Springer Nature,2025,2025-07-17,Extracting cross-modal semantic incongruity with attention for multimodal sarcasm detection,Sajal Aggarwal; Ananya Pandey; Dinesh Kumar Vishwakarma,55,12,10.1007/s10489-025-06717-6,https://doi.org/10.1007/s10489-025-06717-6,article,Applied Intelligence,https://openalex.org/W4413076955
Applied Intelligence,Springer Nature,2025,2025-07-17,Semantic image segmentation via dynamic curriculum learning,Xiang Zhang; Wanqing Zhao; Chenji Wang; Hangzai Luo; Sheng Zhong; Lei Tang; Jinye Peng; Jianping Fan,55,12,10.1007/s10489-025-06616-w,https://doi.org/10.1007/s10489-025-06616-w,article,Applied Intelligence,https://openalex.org/W4413076076
Applied Intelligence,Springer Nature,2025,2025-07-18,Cross patient seizure detection via unsupervised domain adaptation based on uncertainty estimation,Shuai Wang; Hongbin Lv; Hailing Feng; Hao Peng; Wenqian Feng; Chenxi Nie; Yanna Zhao,55,12,10.1007/s10489-025-06755-0,https://doi.org/10.1007/s10489-025-06755-0,article,Applied Intelligence,https://openalex.org/W4413061195
Applied Intelligence,Springer Nature,2025,2025-07-19,Open-vocabulary object detection with regionwise prompt selection and patch-based category-aware maximal activation,Zhaocheng Xu; Ruili Wang; Yan Tao Tian; Tao Yang,55,12,10.1007/s10489-025-06651-7,https://doi.org/10.1007/s10489-025-06651-7,article,Applied Intelligence,https://openalex.org/W4412872775
Applied Intelligence,Springer Nature,2025,2025-07-19,Source-free domain adaptation with aligned transfer and self-supervised learning,Yetao Weng; Jian-Ping Mei; Chengyang Hu; Hongbo Zhao,55,12,10.1007/s10489-025-06777-8,https://doi.org/10.1007/s10489-025-06777-8,article,Applied Intelligence,https://openalex.org/W4412961049
Applied Intelligence,Springer Nature,2025,2025-07-22,A multi-modal genomic knowledge distillation framework for drug response prediction,Shuang Ge; Shuqing Sun; Huan Xu; Qiang Cheng; Zhixiang Ren,55,12,10.1007/s10489-025-06768-9,https://doi.org/10.1007/s10489-025-06768-9,article,Applied Intelligence,https://openalex.org/W4412572700
Applied Intelligence,Springer Nature,2025,2025-07-22,Active continual learning with Energy Alignment Sampling Strategy (EASS) for structural damage classification,Xingzhong Zhang; Chu Kiong Loo; Joon Huang Chuah,55,12,10.1007/s10489-025-06743-4,https://doi.org/10.1007/s10489-025-06743-4,article,Applied Intelligence,https://openalex.org/W4412572597
Applied Intelligence,Springer Nature,2025,2025-07-22,OAN-DA: online adaptive learning with distribution awareness for continuous time series forecasting,Ren Liu; Liwen Tao; Wenan Zhou,55,12,10.1007/s10489-025-06756-z,https://doi.org/10.1007/s10489-025-06756-z,article,Applied Intelligence,https://openalex.org/W4412572604
Applied Intelligence,Springer Nature,2025,2025-07-22,Predicting faults in diesel engines with kernel machines regression techniques,Denys P. Viana; Dionísio Henrique Carvalho de Sá Só Martins; Diego B. Haddad; Fabrício Lopes e Silva; Milena Faria Pinto; Ricardo H. R. Gutiérrez; Ulisses Admar Barbosa Vicente Monteiro; Luiz A. Vaz; Thiago de M. Prego; Fabio A. A. Andrade; Luís Domingues Tomé Jardim Tarrataca; Amaro Azevedo De Lima,55,12,10.1007/s10489-025-06643-7,https://doi.org/10.1007/s10489-025-06643-7,article,Applied Intelligence,https://openalex.org/W4412572683
Applied Intelligence,Springer Nature,2025,2025-07-22,Supervised deep learning algorithms for process fault detection and diagnosis under different temporal subsequence length of process data,Terence Chia Yi Kai; Agus Saptoro; Zulfan Adi Putra; King Hann Lim; Wan Sieng Yeo; Jaka Sunarso,55,12,10.1007/s10489-025-06711-y,https://doi.org/10.1007/s10489-025-06711-y,article,Applied Intelligence,https://openalex.org/W4412572847
Applied Intelligence,Springer Nature,2025,2025-07-23,None of the above: comparing scenarios for answerability detection in question answering systems,Julio Reyes-Montesinos; Álvaro Rodrigo; Anselmo Peñas,55,12,10.1007/s10489-025-06765-y,https://doi.org/10.1007/s10489-025-06765-y,article,Applied Intelligence,https://openalex.org/W4412581454
Applied Intelligence,Springer Nature,2025,2025-07-24,Spatial-temporal fuzzy cognitive maps based on adaptive graph learning for multivariate time series interpretable prediction,Tang Jiacheng; Fengqian Ding; Shao Rui; Chao Luo,55,12,10.1007/s10489-025-06745-2,https://doi.org/10.1007/s10489-025-06745-2,article,Applied Intelligence,https://openalex.org/W4412633332
Applied Intelligence,Springer Nature,2025,2025-07-26,Privacy-preserving semi-decentralized matrix factorization for personalized recommendations with grouping and random transmission,Jinhua Cai; Bilian Chen; Langcai Cao,55,12,10.1007/s10489-025-06781-y,https://doi.org/10.1007/s10489-025-06781-y,article,Applied Intelligence,https://openalex.org/W4412661736
Applied Intelligence,Springer Nature,2025,2025-07-26,Style-Content progressive aggregation network with stable diffusion,Tiebiao Yuan; Yingjie Yu; Vincent Ji,55,12,10.1007/s10489-025-06751-4,https://doi.org/10.1007/s10489-025-06751-4,article,Applied Intelligence,https://openalex.org/W4412672225
Applied Intelligence,Springer Nature,2025,2025-07-28,Multi-scale feature extraction and gradient attention-based method for sketch extraction of painted cultural relics,Shenglin Peng; Shan Cui; Xingguo Zhao; Jun Wang; Shuyi Qu; Xianlin Peng,55,12,10.1007/s10489-025-06788-5,https://doi.org/10.1007/s10489-025-06788-5,article,Applied Intelligence,https://openalex.org/W4412697082
Applied Intelligence,Springer Nature,2025,2025-07-28,PIGPVAE: physics-informed gaussian process variational autoencoders,Michail Spitieris; Massimiliano Ruocco; Abdulmajid Murad; Alessandro Nocente,55,12,10.1007/s10489-025-06776-9,https://doi.org/10.1007/s10489-025-06776-9,article,Applied Intelligence,https://openalex.org/W4412696750
Applied Intelligence,Springer Nature,2025,2025-07-28,Semi-supervised prototype network with domain adversarial for few-shot fault diagnosis,Haohao Song; Jie Yang; Xiaowei Wan; Anke Xue,55,12,10.1007/s10489-025-06789-4,https://doi.org/10.1007/s10489-025-06789-4,article,Applied Intelligence,https://openalex.org/W4412903922
Applied Intelligence,Springer Nature,2025,2025-07-29,A granular XGBoost classification algorithm,Biyun Lan; Yumin Chen; Keshou Wu,55,13,10.1007/s10489-025-06762-1,https://doi.org/10.1007/s10489-025-06762-1,article,Applied Intelligence,https://openalex.org/W4412900882
Applied Intelligence,Springer Nature,2025,2025-07-29,Pedestrian flow prediction using a spatiotemporal multi-head attention graph convolutional network integrated with knowledge graph,Lei Du; Hong Liu; Wenhao Li,55,13,10.1007/s10489-025-06793-8,https://doi.org/10.1007/s10489-025-06793-8,article,Applied Intelligence,https://openalex.org/W4412900845
Applied Intelligence,Springer Nature,2025,2025-07-30,DATrack: direction attention based transformer tracker,Jinfen Liu; Yun Tao Gao; Zhijia Shi; Tao Wang,55,13,10.1007/s10489-025-06791-w,https://doi.org/10.1007/s10489-025-06791-w,article,Applied Intelligence,https://openalex.org/W4412759386
Applied Intelligence,Springer Nature,2025,2025-07-30,Fuzzy granularity entropy-based incremental attribute reduction for dynamic incomplete real-valued decision systems,Chucai Zhang; Zhengxiang Lu; Yongkang Zhang; Jianhua Dai,55,13,10.1007/s10489-025-06697-7,https://doi.org/10.1007/s10489-025-06697-7,article,Applied Intelligence,https://openalex.org/W4412758890
Applied Intelligence,Springer Nature,2025,2025-07-30,Maximum group utility consensus and fairness-oriented cross-efficiency in multi-attribute group decision-making with a focus on inequality concern,Jinpei Liu; Wenqing Xu; Longlong Shao; Feifei Jin; Jiangfeng Hao,55,13,10.1007/s10489-025-06714-9,https://doi.org/10.1007/s10489-025-06714-9,article,Applied Intelligence,https://openalex.org/W4412758909
Applied Intelligence,Springer Nature,2025,2025-08-01,3D ME-Net: multi-scale and edge-guided enhancement network for intracranial aneurysm segmentation,Jiaqi Wang; Juntong Liu; Jun Li; Aiping Wu; Yunfeng Zhou; Mingquan Ye,55,13,10.1007/s10489-025-06779-6,https://doi.org/10.1007/s10489-025-06779-6,article,Applied Intelligence,https://openalex.org/W4413429412
Applied Intelligence,Springer Nature,2025,2025-08-01,A deep feature refinement self-supervised learning algorithm for medical image annotation,Jiyong Zhang; Deguang Li; Yue Wu; Zhengwei Zhao; Yanlei Wang; Li Yang; B Zhang,55,13,10.1007/s10489-025-06737-2,https://doi.org/10.1007/s10489-025-06737-2,article,Applied Intelligence,https://openalex.org/W4413283613
Applied Intelligence,Springer Nature,2025,2025-08-01,A hierarchical interaction multimodal model for feature fusion based on RoBERTa-Keyword-ViT,Yuanhang Wang; Yonghua Zhou; Min Zhong; Yiduo Mei; Hamido Fujita; Hanan Aljuaid,55,13,10.1007/s10489-025-06764-z,https://doi.org/10.1007/s10489-025-06764-z,article,Applied Intelligence,https://openalex.org/W4412823535
Applied Intelligence,Springer Nature,2025,2025-08-01,A multi-feature fusion-based evolutionary algorithm for large-scale sparse multi-objective optimization problems,Liping Wang; Bangjin Che; Qicang Qiu; Yuyan Gao; Peipei Zhao,55,13,10.1007/s10489-025-06772-z,https://doi.org/10.1007/s10489-025-06772-z,article,Applied Intelligence,https://openalex.org/W4413308644
Applied Intelligence,Springer Nature,2025,2025-08-01,A multi-head adaptive actor-critic algorithm for solving vehicle routing problems,Dawen Xia; Youlong Jin; Mingyue Huang; Yang Hu; Yujia Huo; Ziqiang Wang; Fujian Feng; Yantao Li; Huaqing Li,55,13,10.1007/s10489-025-06778-7,https://doi.org/10.1007/s10489-025-06778-7,article,Applied Intelligence,https://openalex.org/W4412932469
Applied Intelligence,Springer Nature,2025,2025-08-01,A multi-scale granular framework for detecting anomalies in time series data,Junjun Yang; Bin Tang Yang; Yanjun Zhou,55,13,10.1007/s10489-025-06810-w,https://doi.org/10.1007/s10489-025-06810-w,article,Applied Intelligence,https://openalex.org/W4413259974
Applied Intelligence,Springer Nature,2025,2025-08-01,A new truncated non-convex loss based support vector machine for robust binary classification,Feihong Li; Kai Qi; Hu Yang,55,13,10.1007/s10489-025-06799-2,https://doi.org/10.1007/s10489-025-06799-2,article,Applied Intelligence,https://openalex.org/W4412860199
Applied Intelligence,Springer Nature,2025,2025-08-01,A non-adaptive segmentation algorithm for particle images in controlled environments with uniform backgrounds based on two-round superpixel segmentation and ensemble learning,Shiming Zhang; Zhikang Ma; Yan Ma,55,13,10.1007/s10489-025-06792-9,https://doi.org/10.1007/s10489-025-06792-9,article,Applied Intelligence,https://openalex.org/W4413413655
Applied Intelligence,Springer Nature,2025,2025-08-01,A review on the effectiveness of recent approaches to few-shot learning for image analysis,Deepak Suresh Asudani; Naresh Kumar Nagwani; Pradeep Singh,55,13,10.1007/s10489-025-06676-y,https://doi.org/10.1007/s10489-025-06676-y,article,Applied Intelligence,https://openalex.org/W4413260078
Applied Intelligence,Springer Nature,2025,2025-08-01,Advancing image super-resolution reconstruction: the efficacy of the composite downsampling model based on wavelet transform and bicubic interpolation (CDWB),Xiaoshi Jin; Tianyu Li; Nan Liu; Xi Liu,55,13,10.1007/s10489-025-06672-2,https://doi.org/10.1007/s10489-025-06672-2,article,Applied Intelligence,https://openalex.org/W4412932487
Applied Intelligence,Springer Nature,2025,2025-08-01,An improved high-dimensional Bayesian optimization algorithm,Juan Guan; Yanhua Wang,55,13,10.1007/s10489-025-06750-5,https://doi.org/10.1007/s10489-025-06750-5,article,Applied Intelligence,https://openalex.org/W4413259482
Applied Intelligence,Springer Nature,2025,2025-08-01,Balanced Loss Function for Long-tailed Semi-supervised Ship Detection,Li‐Ying Hao; Jiarui Yang; Yunze Zhang,55,13,10.1007/s10489-025-06838-y,https://doi.org/10.1007/s10489-025-06838-y,article,Applied Intelligence,https://openalex.org/W4413849414
Applied Intelligence,Springer Nature,2025,2025-08-01,Correction to: Dynamic preventive maintenance strategy for a heterogeneous multi-unit redundant system: A deep reinforcement learning approach with weighted network estimator,Deming Xu; Yan Wang; Xiang Liu; Hao Ma; Zhicheng Ji,55,13,10.1007/s10489-025-06804-8,https://doi.org/10.1007/s10489-025-06804-8,erratum,Applied Intelligence,https://openalex.org/W4413796571
Applied Intelligence,Springer Nature,2025,2025-08-01,Crack segmentation network based on hybrid-window transformer and dual-branch fusion,Jianxin Wang; Jin Wang; Jin Wang; Jin Wang; Yi Li; Dongdong Ge; Siyuan Zhou,55,13,10.1007/s10489-025-06822-6,https://doi.org/10.1007/s10489-025-06822-6,article,Applied Intelligence,https://openalex.org/W4413849438
Applied Intelligence,Springer Nature,2025,2025-08-01,Deep learning applied for abnormal human behavior recognition in video surveillance systems: A systematic review,Olfa Saket; Anis Ben Aicha; Habib Fathallah,55,13,10.1007/s10489-025-06797-4,https://doi.org/10.1007/s10489-025-06797-4,review,Applied Intelligence,https://openalex.org/W4412847839
Applied Intelligence,Springer Nature,2025,2025-08-01,Deep reinforcement learning with graph attention mechanism for vehicle routing problem with time windows,Fan Zhang; Huiling Hu; Yuqian Zhao,55,13,10.1007/s10489-025-06829-z,https://doi.org/10.1007/s10489-025-06829-z,article,Applied Intelligence,https://openalex.org/W4413751570
Applied Intelligence,Springer Nature,2025,2025-08-01,Diffusion-augmented nematode dataset improves few-shot classification of nematodes,Ying Zhu; Pengjun Wang; Jiayan Zhuang; Jiangjian Xiao; Jianfeng Gu; Weilun Ren; Xiong Ouyang,55,13,10.1007/s10489-025-06783-w,https://doi.org/10.1007/s10489-025-06783-w,article,Applied Intelligence,https://openalex.org/W4413220038
Applied Intelligence,Springer Nature,2025,2025-08-01,Don’t get me wrong: How to apply deep visual interpretations to time series,Christoffer Löffler; Wei-Cheng Lai; Dario Zanca; Lukas Emanuel Schmidt; Bjoern M. Eskofier; Christopher Mutschler,55,13,10.1007/s10489-025-06798-3,https://doi.org/10.1007/s10489-025-06798-3,article,Applied Intelligence,https://openalex.org/W4413192228
Applied Intelligence,Springer Nature,2025,2025-08-01,DynKGCL: Contrastive learning for recommendation with dynamic dual-channel positive expansion and adaptive negative sampling,Ling Wen; Qihuiyang Liang; Shichao Li; Yuanyuan Zhang,55,13,10.1007/s10489-025-06766-x,https://doi.org/10.1007/s10489-025-06766-x,article,Applied Intelligence,https://openalex.org/W4413192685
Applied Intelligence,Springer Nature,2025,2025-08-01,EGNet: explainable graph neural network with similarity explanation for medication recommendation,Minh-Van Nguyen; Duy-Thinh Nguyen; Bac Hoai Le,55,13,10.1007/s10489-025-06806-6,https://doi.org/10.1007/s10489-025-06806-6,article,Applied Intelligence,https://openalex.org/W4413460255
Applied Intelligence,Springer Nature,2025,2025-08-01,Edge-based graph neighbor filtering network for recommendation,Qian Yan; Yunbo Tang; Liang Xue,55,13,10.1007/s10489-025-06800-y,https://doi.org/10.1007/s10489-025-06800-y,article,Applied Intelligence,https://openalex.org/W4413259505
Applied Intelligence,Springer Nature,2025,2025-08-01,Educational knowledge graph based intelligent question answering for automatic control disciplines,Zhiwei Cai; Nuoying Xu; Linqin Cai; Bo Ren; Yu Xiong,55,13,10.1007/s10489-025-06847-x,https://doi.org/10.1007/s10489-025-06847-x,article,Applied Intelligence,https://openalex.org/W4413849431
Applied Intelligence,Springer Nature,2025,2025-08-01,ExQUAL: an explainable quantum machine learning classifier,Karuna Kadian; Sunita Garhwal; Ajay Kumar,55,13,10.1007/s10489-025-06732-7,https://doi.org/10.1007/s10489-025-06732-7,article,Applied Intelligence,https://openalex.org/W4413796490
Applied Intelligence,Springer Nature,2025,2025-08-01,Explainable breast cancer prediction from 3-dimensional dynamic contrast-enhanced magnetic resonance imaging,Arslan Akbar; Suya Han; Naveed Urr Rehman; Kanwal Ahmed; Hassan Eshkiki; Fabio Caraffini,55,13,10.1007/s10489-025-06803-9,https://doi.org/10.1007/s10489-025-06803-9,article,Applied Intelligence,https://openalex.org/W4412838960
Applied Intelligence,Springer Nature,2025,2025-08-01,Explicit-implicit feature modeling in drama videos: dataset and benchmark,Zexing Du; Xuemei Wu,55,13,10.1007/s10489-025-06699-5,https://doi.org/10.1007/s10489-025-06699-5,article,Applied Intelligence,https://openalex.org/W4412824769
Applied Intelligence,Springer Nature,2025,2025-08-01,Federated trajectory clustering based on multi-feature similarity calculation,Kun Guo; Xinglong Hu; Zhiyu Zhang; Chuyu Liu; Qishan Zhang,55,13,10.1007/s10489-025-06813-7,https://doi.org/10.1007/s10489-025-06813-7,article,Applied Intelligence,https://openalex.org/W4413655783
Applied Intelligence,Springer Nature,2025,2025-08-01,High-confidence alignment and clustering for multi-view clustering,Xiang You; Min Meng; Jigang Liu; Jigang Wu,55,13,10.1007/s10489-025-06812-8,https://doi.org/10.1007/s10489-025-06812-8,article,Applied Intelligence,https://openalex.org/W4413260168
Applied Intelligence,Springer Nature,2025,2025-08-01,Hybrid CNN-RWKV with high-frequency enhancement for real-world chinese-english scene text image super-resolution,Yanbin Liu; Yu Michael Zhu; Hangyu Li; Xiaofeng Ling,55,13,10.1007/s10489-025-06785-8,https://doi.org/10.1007/s10489-025-06785-8,article,Applied Intelligence,https://openalex.org/W4413849393
Applied Intelligence,Springer Nature,2025,2025-08-01,Incomplete multi-view clustering based on enhanced view-feature learning and balanced consensus principle,Mengying Xie; Pei Huang; Xiaolan Liu,55,13,10.1007/s10489-025-06767-w,https://doi.org/10.1007/s10489-025-06767-w,article,Applied Intelligence,https://openalex.org/W4412860165
Applied Intelligence,Springer Nature,2025,2025-08-01,Incomplete multiview clustering with bipartite tensors,Jiaquan Luo; Changming Zhu,55,13,10.1007/s10489-025-06814-6,https://doi.org/10.1007/s10489-025-06814-6,article,Applied Intelligence,https://openalex.org/W4413308667
Applied Intelligence,Springer Nature,2025,2025-08-01,Industrial-application-oriented 2D image and 3D object anomaly detection technology: a comprehensive review,Gang Li; Cheng Jiang; Min Li; Jiachen Li; Delong Han; Mingle Zhou,55,13,10.1007/s10489-025-06689-7,https://doi.org/10.1007/s10489-025-06689-7,article,Applied Intelligence,https://openalex.org/W4413814331
Applied Intelligence,Springer Nature,2025,2025-08-01,Instance-aware context with mutually guided vision-language attention for referring image segmentation,Qiule Sun; Jianxin Zhang; Bingbing Zhang; Peihua Li,55,13,10.1007/s10489-025-06851-1,https://doi.org/10.1007/s10489-025-06851-1,article,Applied Intelligence,https://openalex.org/W4413849803
Applied Intelligence,Springer Nature,2025,2025-08-01,Knee-cartilage segmentation from MR images using Multi-view Hypergraph Convolutional Neural Networks,Christos G. Chadoulos; John B. Theocharis; Andreas L. Symeonidis; Serafeim Moustakidis,55,13,10.1007/s10489-025-06808-4,https://doi.org/10.1007/s10489-025-06808-4,book-chapter,Applied Intelligence,https://openalex.org/W4413795725
Applied Intelligence,Springer Nature,2025,2025-08-01,MDT: A multiscale differencing transformer with sequence feature relationship mining for robust action recognition,Zengzhao Chen; Fengying Ma; Hai Liu; Wenkai Huang; Tingting Liu,55,13,10.1007/s10489-025-06861-z,https://doi.org/10.1007/s10489-025-06861-z,article,Applied Intelligence,https://openalex.org/W4413849382
Applied Intelligence,Springer Nature,2025,2025-08-01,Memristive Bi-Path Wavelet Transformer for low-light image enhancement,Dirui Xie; Qi Cheng; Yue Zhou; Xiaofang Hu,55,13,10.1007/s10489-025-06771-0,https://doi.org/10.1007/s10489-025-06771-0,article,Applied Intelligence,https://openalex.org/W4413355430
Applied Intelligence,Springer Nature,2025,2025-08-01,Multi-agent neighborhood coordinated and holistic optimized actor-critic framework for adaptive traffic signal control,Qinghong Deng; Lijun Wu; Zhiyuan Li; Kaile Su; Weitiao Wu; Weiwei Duan,55,13,10.1007/s10489-025-06758-x,https://doi.org/10.1007/s10489-025-06758-x,article,Applied Intelligence,https://openalex.org/W4413684736
Applied Intelligence,Springer Nature,2025,2025-08-01,Multi-domain perspective trajectory prediction for autonomous driving,Dongwei Xu; Tongcheng Gu; Chengju Sun; Yu Hao; Yewanze Liu,55,13,10.1007/s10489-025-06775-w,https://doi.org/10.1007/s10489-025-06775-w,article,Applied Intelligence,https://openalex.org/W4413259506
Applied Intelligence,Springer Nature,2025,2025-08-01,Multiview unsupervised domain adaptation through consensus augmented masking for subspace alignment,Chenyang Zhu; Weibin Luo; Yunxin Xie; Lipei Fu,55,13,10.1007/s10489-025-06834-2,https://doi.org/10.1007/s10489-025-06834-2,article,Applied Intelligence,https://openalex.org/W4413849388
Applied Intelligence,Springer Nature,2025,2025-08-01,Neural-FCM: a deep learning approach for weight matrix optimization in Fuzzy Cognitive Map classifiers,Theodoros Tziolas; Konstantinos I. Papageorgiou; Ioannis D. Apostolopoulos; Elpiniki I. Papageorgiou,55,13,10.1007/s10489-025-06795-6,https://doi.org/10.1007/s10489-025-06795-6,article,Applied Intelligence,https://openalex.org/W4413849408
Applied Intelligence,Springer Nature,2025,2025-08-01,RDM2: a two-stage model based on residual learning diffusion model and multi-scale convolution for Low Dose CT denoising,Zhencun Jiang; Kangrui Ren; Kefan Wang; Zhongjie Wang,55,13,10.1007/s10489-025-06604-0,https://doi.org/10.1007/s10489-025-06604-0,article,Applied Intelligence,https://openalex.org/W4413685654
Applied Intelligence,Springer Nature,2025,2025-08-01,Reinforcement learning-based distributed appointed-time optimal trajectory tracking formation control for quadrotor UAVs,H. Q. Zheng; Haitao Liu; Xuehong Tian; Qingqun Mai,55,13,10.1007/s10489-025-06784-9,https://doi.org/10.1007/s10489-025-06784-9,article,Applied Intelligence,https://openalex.org/W4413260278
Applied Intelligence,Springer Nature,2025,2025-08-01,Remote sensing image change detection method based on dual-branch multi-level feature difference interactive learning,Songtao Ding; Xinyu Li; Hongyu Wang; Shiwen Gao,55,13,10.1007/s10489-025-06728-3,https://doi.org/10.1007/s10489-025-06728-3,article,Applied Intelligence,https://openalex.org/W4413476977
Applied Intelligence,Springer Nature,2025,2025-08-01,Robust dynamic spatio-temporal graph neural network for traffic forecasting,Yanguo Huang; W. Y. Han; Yingmin Xie,55,13,10.1007/s10489-025-06815-5,https://doi.org/10.1007/s10489-025-06815-5,article,Applied Intelligence,https://openalex.org/W4413219376
Applied Intelligence,Springer Nature,2025,2025-08-01,SSRepVM-UNet: a lightweight hybrid model for medical image segmentation based on channel parallelism,Yijing Guo; Fuhang Li; Kunhua Li; Huawei Wang; Pengyu Xu,55,13,10.1007/s10489-025-06780-z,https://doi.org/10.1007/s10489-025-06780-z,article,Applied Intelligence,https://openalex.org/W4413260085
Applied Intelligence,Springer Nature,2025,2025-08-01,Seeking fixed-time practical consensus tracking of networked nonlinear agent systems with saturation via improved extended state observer,Chenglin Han; Mengji Shi; Meng Li; Boxian Lin; Weihao Li; Kaiyu Qin,55,13,10.1007/s10489-025-06794-7,https://doi.org/10.1007/s10489-025-06794-7,article,Applied Intelligence,https://openalex.org/W4413448180
Applied Intelligence,Springer Nature,2025,2025-08-01,SimRMKGC: Simple relational contrastive learning on multilingual knowledge graph completion,Xiaohan Fang; Qian Zang; Jibing Gong; Tao Fang; Yili Xu; Xi Wu,55,13,10.1007/s10489-025-06782-x,https://doi.org/10.1007/s10489-025-06782-x,article,Applied Intelligence,https://openalex.org/W4412824565
Applied Intelligence,Springer Nature,2025,2025-08-01,Simultaneous fault prediction in evolving industrial environments with ensembles of Hoeffding adaptive trees,Aurora Esteban; Alberto Cano; Sebastián Ventura; Amelia Zafra,55,13,10.1007/s10489-025-06786-7,https://doi.org/10.1007/s10489-025-06786-7,article,Applied Intelligence,https://openalex.org/W4413470429
Applied Intelligence,Springer Nature,2025,2025-08-01,Survey on Tabular Data Privacy and Synthetic Data Generation in Industry 4.0,Hadi Koubeissy; Amir Amine; Marc Kamradt; Abdallah Makhoul,55,13,10.1007/s10489-025-06823-5,https://doi.org/10.1007/s10489-025-06823-5,article,Applied Intelligence,https://openalex.org/W4413630082
Applied Intelligence,Springer Nature,2025,2025-08-01,TrajDiffRefine: refinement of spatio-temporal stochastic trajectory prediction via diffusion,Xiangyun Tan; Qi Zou,55,13,10.1007/s10489-025-06805-7,https://doi.org/10.1007/s10489-025-06805-7,article,Applied Intelligence,https://openalex.org/W4413308387
Applied Intelligence,Springer Nature,2025,2025-08-01,Uncovering connections: a reference network approach to statute law retrieval,Thi-Hai-Yen Vuong; Hai-Long Nguyen; Tan-Minh Nguyen; Ha-Thanh Nguyen; Le-Minh Nguyen; Xuan-Hieu Phan,55,13,10.1007/s10489-025-06818-2,https://doi.org/10.1007/s10489-025-06818-2,article,Applied Intelligence,https://openalex.org/W4413748750
Applied Intelligence,Springer Nature,2025,2025-08-01,VAHMSE: an efficient anomaly detection model based on variational autoencoder and heterogeneous multi-stacking ensemble learning,Rui Ting Wang; Jiayao Li,55,13,10.1007/s10489-025-06845-z,https://doi.org/10.1007/s10489-025-06845-z,article,Applied Intelligence,https://openalex.org/W4413849436
Applied Intelligence,Springer Nature,2025,2025-09-01,A gradient inversion attack defense method based on data augmentation,Yingge Li; Xianlin Wu; Yuwen Chen; Haiyang Yu; Zhen Yang,55,14,10.1007/s10489-025-06533-y,https://doi.org/10.1007/s10489-025-06533-y,article,Applied Intelligence,https://openalex.org/W4414210704
Applied Intelligence,Springer Nature,2025,2025-09-01,A self-attention multisource precipitation fusion model for improving long-sequence precipitation estimation accuracy,Shaojie You; Xiaodan Zhang; Hongyu Wang; Quan Chen; Tong Zhao; Yongkun Zhang; Chang Liu,55,14,10.1007/s10489-025-06832-4,https://doi.org/10.1007/s10489-025-06832-4,article,Applied Intelligence,https://openalex.org/W4414063877
Applied Intelligence,Springer Nature,2025,2025-09-01,A transfer learning-based fault diagnosis method for rolling bearings with variable operating conditions,Cunli Song; Xiaomeng Yuan,55,14,10.1007/s10489-025-06811-9,https://doi.org/10.1007/s10489-025-06811-9,article,Applied Intelligence,https://openalex.org/W4414020569
Applied Intelligence,Springer Nature,2025,2025-09-01,Adaptive deep shared latent representation enables novel multi-omics cancer subtype classification,Min Li; Zhifang Qi; Shaobo Deng; Lei Wang; Yu Xiang,55,14,10.1007/s10489-025-06848-w,https://doi.org/10.1007/s10489-025-06848-w,article,Applied Intelligence,https://openalex.org/W4414020218
Applied Intelligence,Springer Nature,2025,2025-09-01,An unsupervised domain adaptation method for cross-domain deceptive reviews detection,Ning Cao; Shujuan Ji; Fuzhen Zhuang; Dickson K.W. Chiu; Yajie Guo; Maoguo Gong,55,14,10.1007/s10489-025-06825-3,https://doi.org/10.1007/s10489-025-06825-3,article,Applied Intelligence,https://openalex.org/W4414160927
Applied Intelligence,Springer Nature,2025,2025-09-01,Cluster-infused low-rank subspace learning for robust multi-label classification,Ziyue Zhu; Conghua Zhou; Shijie Sun; Emmanuel Ntaye; Xiang‐Jun Shen; Zhifeng Liu,55,14,10.1007/s10489-025-06837-z,https://doi.org/10.1007/s10489-025-06837-z,article,Applied Intelligence,https://openalex.org/W4414063822
Applied Intelligence,Springer Nature,2025,2025-09-01,DMSE: An efficient malicious traffic detection model based on deep multi-stacking ensemble learning,Saihua Cai; Yang Zhang; Yanghang Li; Yupeng Wang; Jiayao Li; Xiang Zhou,55,14,10.1007/s10489-025-06819-1,https://doi.org/10.1007/s10489-025-06819-1,article,Applied Intelligence,https://openalex.org/W4414149692
Applied Intelligence,Springer Nature,2025,2025-09-01,EMERALD-O: efficient multi-agent reinforcement learning framework for optimised deep learning hyperparameter tuning and selection,Akhila VH; Anu Mary Chacko; Ponnurangam Kumaraguru,55,14,10.1007/s10489-025-06878-4,https://doi.org/10.1007/s10489-025-06878-4,article,Applied Intelligence,https://openalex.org/W4414058886
Applied Intelligence,Springer Nature,2025,2025-09-01,Enhancing multi-level cross-modal interaction with false negative-aware contrastive learning for text-video retrieval,Eungyeop Kim; Changhee Lee,55,14,10.1007/s10489-025-06821-7,https://doi.org/10.1007/s10489-025-06821-7,article,Applied Intelligence,https://openalex.org/W4414020414
Applied Intelligence,Springer Nature,2025,2025-09-01,GAN-CLC-DGSR: Generative adversarial network framework with contrastive learning classifier for simultaneous time series data generation and state recognition,Weidong Wang; Yuxin Wu; Yang Song; Xuan Zhao; Yao Cui; Yuhan Fan; Yanbo Liu; Ziqi Lv,55,14,10.1007/s10489-025-06856-w,https://doi.org/10.1007/s10489-025-06856-w,article,Applied Intelligence,https://openalex.org/W4413876948
Applied Intelligence,Springer Nature,2025,2025-09-01,Micro-dynamics prediction of well water level based on GRU and attention mechanism,Xiaoyu Fang; Lili Zhang; Haoran Li; Yaowen Zhang; Yunsheng Yao,55,14,10.1007/s10489-025-06855-x,https://doi.org/10.1007/s10489-025-06855-x,article,Applied Intelligence,https://openalex.org/W4414160925
Applied Intelligence,Springer Nature,2025,2025-09-01,Mitigating noisy labels in long-tailed image classification via multi-level collaborative learning,Xinyang Zhou; Zhijie Wen; Yuan‐Di Zhao; Jun Shi; Shihui Ying,55,14,10.1007/s10489-025-06809-3,https://doi.org/10.1007/s10489-025-06809-3,article,Applied Intelligence,https://openalex.org/W4414108341
Applied Intelligence,Springer Nature,2025,2025-09-01,Multi-3D pose tracking based on multi-view fusion feature correlation,Kai Chen; Yujie Huang; Xiaodong Zhao; Guoyu Fang; Ziyuan Wang,55,14,10.1007/s10489-025-06774-x,https://doi.org/10.1007/s10489-025-06774-x,article,Applied Intelligence,https://openalex.org/W4414063733
Applied Intelligence,Springer Nature,2025,2025-09-01,Multi-view contrastive learning with Static attributes and Dynamic interests for Sequential Recommendation,Mukun Chen; Jia Wu; Shirui Pan; Xiantao Cai; Bo Du; Wenbin Hu; Huiting Xu,55,14,10.1007/s10489-025-06816-4,https://doi.org/10.1007/s10489-025-06816-4,article,Applied Intelligence,https://openalex.org/W4414149459
Applied Intelligence,Springer Nature,2025,2025-09-01,PC-UNet: a pure convolutional UNet with channel shuffle average for medical image segmentation,Wei Liu; Qian Dong; Shiren Li; Cong Wang; Yongliang Xiong; Guangguang Yang,55,14,10.1007/s10489-025-06887-3,https://doi.org/10.1007/s10489-025-06887-3,article,Applied Intelligence,https://openalex.org/W4414210911
Applied Intelligence,Springer Nature,2025,2025-09-01,Using composite attribute similarity multi-graph convolutional network for recommendation,Weichao He; Yi Zhu; Mei Song; Yi-Juan Su; Guosheng Hao,55,14,10.1007/s10489-025-06840-4,https://doi.org/10.1007/s10489-025-06840-4,article,Applied Intelligence,https://openalex.org/W4414059886
Applied Intelligence,Springer Nature,2025,2025-09-16,Multi-discriminator generative adversarial networks with dynamic penalty to over-sample imbalanced credit datasets,Xiaogang Dong; Lifei Wang; Xiwen Qin; Hongyu Shi,55,15,10.1007/s10489-025-06836-0,https://doi.org/10.1007/s10489-025-06836-0,article,Applied Intelligence,https://openalex.org/W4414250162
Applied Intelligence,Springer Nature,2025,2025-09-16,Stochastic gradient accelerated by negative momentum for training deep neural networks,Xiaotian Li; Zhuang Yang; Yang Wang,55,15,10.1007/s10489-025-06900-9,https://doi.org/10.1007/s10489-025-06900-9,article,Applied Intelligence,https://openalex.org/W4414250142
Applied Intelligence,Springer Nature,2025,2025-09-17,Preprocessing method for shield operational parameters adaptable to geological survey data characteristic for predicting disc cutter wear,Deyun Mo; Liping Bai; Wenjiang Liao; Xin Tian; Wei Huang,55,15,10.1007/s10489-025-06846-y,https://doi.org/10.1007/s10489-025-06846-y,article,Applied Intelligence,https://openalex.org/W4414301830
Applied Intelligence,Springer Nature,2025,2025-09-18,A graph convolutional network for time series classification using recurrence plots,Hyewon Kang; Taek-Ho Lee; Junghye Lee,55,15,10.1007/s10489-025-06841-3,https://doi.org/10.1007/s10489-025-06841-3,article,Applied Intelligence,https://openalex.org/W4414329777
Applied Intelligence,Springer Nature,2025,2025-09-18,PretopoMD: pretopology-based mixed data hierarchical clustering,Loup-Noé Lévy; Guillaume Guérard; Sonia Djebali; Soufian Ben Amor,55,15,10.1007/s10489-025-06770-1,https://doi.org/10.1007/s10489-025-06770-1,article,Applied Intelligence,https://openalex.org/W4414329781
Applied Intelligence,Springer Nature,2025,2025-09-22,Enhanced inverted transformer: advancing variate token encoding and blending for time series forecasting,Xinyi Li; Yu-Bin Yang,55,15,10.1007/s10489-025-06886-4,https://doi.org/10.1007/s10489-025-06886-4,article,Applied Intelligence,https://openalex.org/W4414429378
Applied Intelligence,Springer Nature,2025,2025-09-22,Robust low-rank representation with structured similarity learning for multi-label classification,Emmanuel Ntaye; Conghua Zhou; Zhifeng Liu; Heping Song; Fadilul-lah Yassaanah Issahaku; Xiang‐Jun Shen,55,15,10.1007/s10489-025-06879-3,https://doi.org/10.1007/s10489-025-06879-3,article,Applied Intelligence,https://openalex.org/W4414409350
Applied Intelligence,Springer Nature,2025,2025-09-22,Towards understanding the optimization mechanisms in deep learning,Binchuan Qi; Wei Gong; Li Li,55,15,10.1007/s10489-025-06875-7,https://doi.org/10.1007/s10489-025-06875-7,article,Applied Intelligence,https://openalex.org/W4414409313
Applied Intelligence,Springer Nature,2025,2025-09-24,External information-augmented contrastive learning framework for fake news detection,Xiaochang Fang; Huaxiang Zhang; Hongchen Wu; Li Liu; Hongzhu Yu; Hongxuan Li; Zhaorong Jing,55,15,10.1007/s10489-025-06807-5,https://doi.org/10.1007/s10489-025-06807-5,article,Applied Intelligence,https://openalex.org/W4414449200
Applied Intelligence,Springer Nature,2025,2025-09-24,Multi-stimulus generalized and corrected canonical correlation analysis for enhancing SSVEP detection,Yuanyuan Lv; Tian-jian Luo,55,15,10.1007/s10489-025-06859-7,https://doi.org/10.1007/s10489-025-06859-7,article,Applied Intelligence,https://openalex.org/W4414433685
Applied Intelligence,Springer Nature,2025,2025-09-25,A large-scale group decision-making approach for quality function deployment based on Dempster-Shafer evidence theory and hierarchical clustering algorithm,Zhengmin Liu; Xuan Feng; Jihao Zhang; Bo Zhang; Wenxin Wang; Пэйдэ Лю,55,15,10.1007/s10489-025-06724-7,https://doi.org/10.1007/s10489-025-06724-7,article,Applied Intelligence,https://openalex.org/W4414508544
Applied Intelligence,Springer Nature,2025,2025-09-25,KRMNet: learning core representations for partial discharge pattern recognition via masked autoencoders and mixed position coding,Yi Deng; Jiawen Chen; Quan Xie; Dapeng Tan; Hai Liu,55,15,10.1007/s10489-025-06899-z,https://doi.org/10.1007/s10489-025-06899-z,article,Applied Intelligence,https://openalex.org/W4414493258
Applied Intelligence,Springer Nature,2025,2025-09-25,Rapid federated unlearning with tuning parameters based on fisher information matrix,Fengda Zhao; Q. Xu; Hao Wang; Dingding Guo,55,15,10.1007/s10489-025-06593-0,https://doi.org/10.1007/s10489-025-06593-0,article,Applied Intelligence,https://openalex.org/W4414493214
Applied Intelligence,Springer Nature,2025,2025-09-25,Semantic interaction-enhanced encoding network for math word problem solving,Lingsheng Xiao; Yuzhong Chen; Zhanghui Liu; Jiayuan Zhong; Yu Bing Dong,55,15,10.1007/s10489-025-06850-2,https://doi.org/10.1007/s10489-025-06850-2,article,Applied Intelligence,https://openalex.org/W4414510427
Applied Intelligence,Springer Nature,2025,2025-09-25,Three-way clustering ensemble based on shadowed sets with five approximation regions,Huangjian Yi; Dongkai Guo; Qinran Zhang; Xiaowei He; Ruisi Ren,55,15,10.1007/s10489-025-06726-5,https://doi.org/10.1007/s10489-025-06726-5,article,Applied Intelligence,https://openalex.org/W4414510117
Applied Intelligence,Springer Nature,2025,2025-09-27,CLDM-Palm: A controllable latent diffusion model for high-fidelity palmprint generation based on Bézier curves,Yuanpan Zhu; Donghuai Jia; Kevin Chu; Wenshuang Zhi; Weide Li; Shukai Chen,55,15,10.1007/s10489-025-06923-2,https://doi.org/10.1007/s10489-025-06923-2,article,Applied Intelligence,https://openalex.org/W4414564728
Applied Intelligence,Springer Nature,2025,2025-09-29,Detection method for improving shape perception of small object defects on metal surfaces,Xingfei Zhu; Christophe Montagne; Qimeng Wang; Lingxiang Hu; Jinghu Yu; Hedi Tabia; Qianqian Hu,55,15,10.1007/s10489-025-06873-9,https://doi.org/10.1007/s10489-025-06873-9,article,Applied Intelligence,https://openalex.org/W4414614739
Applied Intelligence,Springer Nature,2025,2025-09-29,Enhancing adversarial robustness in power quality classification systems: an attention-based defense framework,Mubarak A. Alanazi; Nasser S. Alkhaldi,55,15,10.1007/s10489-025-06865-9,https://doi.org/10.1007/s10489-025-06865-9,article,Applied Intelligence,https://openalex.org/W4414613631
Applied Intelligence,Springer Nature,2025,2025-09-29,Enhancing vitiligo stage diagnosis through a reliable multimodal model with uncertainty calibration,Zhiming Li; Shuying Sue Jiang; Xiang Fan; Chunying Li; Shuli Li; Tianwen Gao; Kaiqiao He; Jianru Chen; Junpeng Zhang; Junran Zhang; Junran Zhang; Junran Zhang,55,15,10.1007/s10489-025-06839-x,https://doi.org/10.1007/s10489-025-06839-x,book-chapter,Applied Intelligence,https://openalex.org/W4414598486
Applied Intelligence,Springer Nature,2025,2025-09-29,Prototypes guided model transformations between personalization and generalization in federated learning,Yuan Xi; Qiong Li; Haokun Mao,55,15,10.1007/s10489-025-06566-3,https://doi.org/10.1007/s10489-025-06566-3,article,Applied Intelligence,https://openalex.org/W4414612523
Applied Intelligence,Springer Nature,2025,2025-09-29,TransMambaCC: Integrating Transformer and Pyramid Mamba Network for RGB-T Crowd Counting,Yangjian Chen; Huailin Zhao; Liangjun Huang; Yubo Yang; Wencan Kang; Jianwei Zhang,55,15,10.1007/s10489-025-06912-5,https://doi.org/10.1007/s10489-025-06912-5,article,Applied Intelligence,https://openalex.org/W4414590123
Applied Intelligence,Springer Nature,2025,2025-09-29,Visual residual aggregation network for visual-language prompt tuning,Yunqian Yu; Feng Guo; Xianlong Tian; Biao Chen; Mengmeng Jing; Lin Zuo,55,15,10.1007/s10489-025-06866-8,https://doi.org/10.1007/s10489-025-06866-8,article,Applied Intelligence,https://openalex.org/W4414614144
Applied Intelligence,Springer Nature,2025,2025-09-30,Balancing act: engagement detection in online learning through master-assistant models with an enhanced hierarchical attention mechanism,Tingting Han; Ruqian Liu; Shuwei Dou; Wei Wang; Xiaoming Ding; Wenxia Zhang; Jihao Lang; Wenxuan Li; Jixing Han,55,15,10.1007/s10489-025-06893-5,https://doi.org/10.1007/s10489-025-06893-5,article,Applied Intelligence,https://openalex.org/W4414671146
Applied Intelligence,Springer Nature,2025,2025-09-30,Deep learning techniques for point cloud tasks: a review,Xiaona Song; Haozhe Zhang; Lijun Wang; Jinxing Niu; Ying Zhu; Junjie Nian; Ruixue Cheng,55,15,10.1007/s10489-025-06854-y,https://doi.org/10.1007/s10489-025-06854-y,article,Applied Intelligence,https://openalex.org/W4414620330
Applied Intelligence,Springer Nature,2025,2025-10-01,A 3D efficient and essentialized swin transformer network for alzheimer’s disease diagnosis,Shengchao Huang; Qun Dai,55,15,10.1007/s10489-025-06884-6,https://doi.org/10.1007/s10489-025-06884-6,article,Applied Intelligence,https://openalex.org/W4414812211
Applied Intelligence,Springer Nature,2025,2025-10-01,A comprehensive approach to enhance fault prediction through code-comment analysis with CodeBERT,Monika Yadav; Lov Kumar; Vishal Passricha,55,15,10.1007/s10489-025-06820-8,https://doi.org/10.1007/s10489-025-06820-8,article,Applied Intelligence,https://openalex.org/W4414987954
Applied Intelligence,Springer Nature,2025,2025-10-01,"A comprehensive review of machine learning and deep learning models for non-intrusive load monitoring: performance, analyses, practical insights, and emerging trends",Muhammad Hammad Saleem; Muhammad Taha; Muhammad Asif Ali Rehmani; Shafiqur Rahman Tito; Snjezana Soltic; Pieter Nieuwoudt; Neel Pandey; Mollah Daud Ahmed,55,15,10.1007/s10489-025-06921-4,https://doi.org/10.1007/s10489-025-06921-4,article,Applied Intelligence,https://openalex.org/W4415115773
Applied Intelligence,Springer Nature,2025,2025-10-01,A manufacturing knowledge graph completion method based on a lightweight dual encoding model,Qi Xing; Xiaoyu Shen; Yucheng Zhang; Bo Yang; Keqiang Xie; Nan Dong,55,15,10.1007/s10489-025-06909-0,https://doi.org/10.1007/s10489-025-06909-0,article,Applied Intelligence,https://openalex.org/W4414888275
Applied Intelligence,Springer Nature,2025,2025-10-01,A multi-agent system for outbound container storage location assignment problem based on hierarchical reinforcement learning,Liangcai Dong; Yuheng Liu; Zhen Zhu; Fan Yang,55,15,10.1007/s10489-025-06880-w,https://doi.org/10.1007/s10489-025-06880-w,article,Applied Intelligence,https://openalex.org/W4415094735
Applied Intelligence,Springer Nature,2025,2025-10-01,AI-crafted narratives: an empirical study on generating interactive stories using generative pre-training transformers,Ana Carolina de Souza Mendes; Mason Adsero; Joshua Palicka; Nurulla Zholdoshov; Zhao Xin,55,15,10.1007/s10489-025-06833-3,https://doi.org/10.1007/s10489-025-06833-3,article,Applied Intelligence,https://openalex.org/W4414846515
Applied Intelligence,Springer Nature,2025,2025-10-01,An explainable prediction of shale gas ultimate recovery based on Tree-Based ensemble machine learning and Shapley additive explanations,Zheyuan Zhang; Min Pang; Zhaoming Zhou; Yichang Zhang,55,15,10.1007/s10489-025-06787-6,https://doi.org/10.1007/s10489-025-06787-6,article,Applied Intelligence,https://openalex.org/W4415116477
Applied Intelligence,Springer Nature,2025,2025-10-01,Anti-loss downsampling and dual-granularity context learning for tiny object detection in remote sensing images,Jie Hu; Jiaming Zhang; Xinbei Zha; Bo Peng; Tianrui Li,55,15,10.1007/s10489-025-06874-8,https://doi.org/10.1007/s10489-025-06874-8,article,Applied Intelligence,https://openalex.org/W4415116456
Applied Intelligence,Springer Nature,2025,2025-10-01,Classifier enhancement based on credible sample selection for partial multi-label learning,Junjin Mu; Yu Chen; Weijun Sun; Zhenyu Wan; Shengwei Wang; Tao Tao,55,15,10.1007/s10489-025-06769-8,https://doi.org/10.1007/s10489-025-06769-8,article,Applied Intelligence,https://openalex.org/W4414888044
Applied Intelligence,Springer Nature,2025,2025-10-01,Constructing a knowledge base from remote sensing indicators for deforestation assessment,Giacomo Albamonte; Giorgio Falcone; Manilo Monaco; Sabrina Senatore,55,15,10.1007/s10489-025-06896-2,https://doi.org/10.1007/s10489-025-06896-2,article,Applied Intelligence,https://openalex.org/W4415039073
Applied Intelligence,Springer Nature,2025,2025-10-01,DDSPNet: A Two-stage defect detection and severity prediction model for industrial products,Kai Tian; Shuai Yang; Liming Chen; Kai You Wang; Yongzhen Ke; Zhengyu Miao; Jianghong Hu; Changku Sun; Xiaodong Zhang,55,15,10.1007/s10489-025-06924-1,https://doi.org/10.1007/s10489-025-06924-1,article,Applied Intelligence,https://openalex.org/W4415204003
Applied Intelligence,Springer Nature,2025,2025-10-01,DIMCAR: dynamic intent modeling and context-aware recommendations in sparse data environment towards next basket prediction,John Kingsley Arthur; Conghua Zhou; Xiang‐Jun Shen; Ronky Wrancis Amber-Doh; Eric Appiah Mantey; Jeremiah Osei-Kwakye,55,15,10.1007/s10489-025-06796-5,https://doi.org/10.1007/s10489-025-06796-5,article,Applied Intelligence,https://openalex.org/W4414782598
Applied Intelligence,Springer Nature,2025,2025-10-01,DWMGrad: an innovative neural network optimization approach using dynamic window data for adaptive updating of momentum and learning rate,Zhifeng Wang; Longlong Li; Chunyan Zeng,55,15,10.1007/s10489-025-06868-6,https://doi.org/10.1007/s10489-025-06868-6,article,Applied Intelligence,https://openalex.org/W4415203663
Applied Intelligence,Springer Nature,2025,2025-10-01,EGPT-SPE: story point effort estimation using improved GPT-2 by removing inefficient attention heads,Amna Shahid Cheemaa; Muhammad Hassnain Azhar; Fahim Arif; Qazi Mazhar ul Haq; Muhammad Umer Sohail; Asma Iqbal,55,15,10.1007/s10489-025-06824-4,https://doi.org/10.1007/s10489-025-06824-4,article,Applied Intelligence,https://openalex.org/W4414745145
Applied Intelligence,Springer Nature,2025,2025-10-01,Efficient relational context perception for knowledge graph completion,Wanzhu Tu; Guojia Wan; Zhen Shang; Bo Du,55,15,10.1007/s10489-025-06902-7,https://doi.org/10.1007/s10489-025-06902-7,article,Applied Intelligence,https://openalex.org/W4414878199
Applied Intelligence,Springer Nature,2025,2025-10-01,Emotion recognition by global and local feature fusion for people with facial defects,Qianqian Niu; Dongsheng Wu; Yifan Chen; Lei Su,55,15,10.1007/s10489-025-06903-6,https://doi.org/10.1007/s10489-025-06903-6,article,Applied Intelligence,https://openalex.org/W4415055815
Applied Intelligence,Springer Nature,2025,2025-10-01,Feature selection based on information entropy with variable precision fuzzy mixed granularity,Jiaxin Wang; Jingqian Wang; Xiaohong Zhang; Jun Liu,55,15,10.1007/s10489-025-06890-8,https://doi.org/10.1007/s10489-025-06890-8,article,Applied Intelligence,https://openalex.org/W4414812193
Applied Intelligence,Springer Nature,2025,2025-10-01,GPSP-CLIP: learning generic pseudo-state prompts for flexible zero-shot anomaly detection,Weiyu Hu; Shubo Zhou; Yongbin Gao; Xueqin Jiang,55,15,10.1007/s10489-025-06843-1,https://doi.org/10.1007/s10489-025-06843-1,article,Applied Intelligence,https://openalex.org/W4414903842
Applied Intelligence,Springer Nature,2025,2025-10-01,GSV-Pose: Pose estimation based on geometric similarity voting,Xi Zhao; Yuekun Zhang; Jinji Wu,55,15,10.1007/s10489-025-06853-z,https://doi.org/10.1007/s10489-025-06853-z,article,Applied Intelligence,https://openalex.org/W4414979726
Applied Intelligence,Springer Nature,2025,2025-10-01,Learning promotion policies with attention-based deep Q-networks,Yingnan Xu; Xuchun Wu; Zhenjun Li; Congli Liu; Yansheng Zhang,55,15,10.1007/s10489-025-06914-3,https://doi.org/10.1007/s10489-025-06914-3,article,Applied Intelligence,https://openalex.org/W4414781669
Applied Intelligence,Springer Nature,2025,2025-10-01,Multimodal prompt learning with selective feature fusion: towards robust cross-modal alignment,Jiabao Han; Yahui Wang; Wei Zhong; Ying Zhang; Xichao Yuan,55,15,10.1007/s10489-025-06919-y,https://doi.org/10.1007/s10489-025-06919-y,article,Applied Intelligence,https://openalex.org/W4414782890
Applied Intelligence,Springer Nature,2025,2025-10-01,PromptGNN: a prompt-enhanced graph neural network for continual learning on temporal graphs,Qiang Xu; Lele Tong; Shengwei Ji,55,15,10.1007/s10489-025-06888-2,https://doi.org/10.1007/s10489-025-06888-2,article,Applied Intelligence,https://openalex.org/W4415166068
Applied Intelligence,Springer Nature,2025,2025-10-01,Question answering system based on the combination of large language model and knowledge graph,Jihong Wang; Yichen Zhang; Wei Liu,55,15,10.1007/s10489-025-06828-0,https://doi.org/10.1007/s10489-025-06828-0,article,Applied Intelligence,https://openalex.org/W4414812220
Applied Intelligence,Springer Nature,2025,2025-10-01,RXNet: cross-modality person re-identification based on a dual-branch network,Weiyang Zhang; Jiong Guo; Qiang Liu; Maoyang Zou; Honggang Chen; Jing Yun Peng,55,15,10.1007/s10489-025-06501-6,https://doi.org/10.1007/s10489-025-06501-6,article,Applied Intelligence,https://openalex.org/W4414714935
Applied Intelligence,Springer Nature,2025,2025-10-01,Real-time task scheduling strategy for 3D printing cloud platforms in health scenes,Jianjia He; Jian Wu; J. Ni; Yuning Zhang; Keng Leng Siau,55,15,10.1007/s10489-025-06907-2,https://doi.org/10.1007/s10489-025-06907-2,article,Applied Intelligence,https://openalex.org/W4414812318
Applied Intelligence,Springer Nature,2025,2025-10-01,Reinforcement learning-based optimal bipartite formation tracking for uncertain networked agents via enhanced adaptive policy iteration,Zhai Peiyu; Qin Kaiyu; Yue Jiangfeng; Boxian Lin; Weihao Li; Mengji Shi,55,15,10.1007/s10489-025-06913-4,https://doi.org/10.1007/s10489-025-06913-4,article,Applied Intelligence,https://openalex.org/W4415038905
Applied Intelligence,Springer Nature,2025,2025-10-01,Research on full lifecycle health management of permanent magnet synchronous electric drum driven by digital twin with dynamic update,Wei Chen; Weimin Wu; Mei Zhang; Huashun Li; Qing Shi,55,15,10.1007/s10489-025-06910-7,https://doi.org/10.1007/s10489-025-06910-7,article,Applied Intelligence,https://openalex.org/W4414812208
Applied Intelligence,Springer Nature,2025,2025-10-01,SEMFNet: Multi-path dynamic fusion text detection model combined with scale estimation module,Junru Liao; Jie Li; Jian Ji,55,15,10.1007/s10489-025-06933-0,https://doi.org/10.1007/s10489-025-06933-0,article,Applied Intelligence,https://openalex.org/W4415203685
Applied Intelligence,Springer Nature,2025,2025-10-01,Semantic segmentation in power grid scenarios using scale-transforming transformer,Wenjie Pan; Linhan Huang; Yutao Chen; Yuqing Fu; Jianqing Zhu; Yibing Zhan,55,15,10.1007/s10489-025-06883-7,https://doi.org/10.1007/s10489-025-06883-7,article,Applied Intelligence,https://openalex.org/W4415028585
Applied Intelligence,Springer Nature,2025,2025-10-01,Three-way density peak clustering in incomplete information systems,Zhao Li; Ju‐Sheng Mi; Leijun Li,55,15,10.1007/s10489-025-06911-6,https://doi.org/10.1007/s10489-025-06911-6,article,Applied Intelligence,https://openalex.org/W4414812979
Applied Intelligence,Springer Nature,2025,2025-10-01,Towards identification and explainable localization of slopes in autonomous excavation: a feature fused CAM approach,Xinrui Zou; Ziwei Wang; Yancheng Song; Liang-Jiu Jia; Gangju Wang; Guangjun Liu,55,15,10.1007/s10489-025-06881-9,https://doi.org/10.1007/s10489-025-06881-9,article,Applied Intelligence,https://openalex.org/W4414888283
Applied Intelligence,Springer Nature,2025,2025-10-16,ASBI: Leveraging informative real-world data for active black-box simulator tuning,G. Kim; Takamitsu Matsubara,55,16,10.1007/s10489-025-06934-z,https://doi.org/10.1007/s10489-025-06934-z,article,Applied Intelligence,https://openalex.org/W4415879044
Applied Intelligence,Springer Nature,2025,2025-10-16,Collaborative penetration testing suite for emerging generative AI algorithms,Petar Radanliev,55,16,10.1007/s10489-025-06908-1,https://doi.org/10.1007/s10489-025-06908-1,article,Applied Intelligence,https://openalex.org/W4415263980
Applied Intelligence,Springer Nature,2025,2025-10-16,Combined probability tests for multivariate skew normality,Aurora Monter-Pozos; Elizabeth González‐Estrada,55,16,10.1007/s10489-025-06872-w,https://doi.org/10.1007/s10489-025-06872-w,article,Applied Intelligence,https://openalex.org/W4415263989
Applied Intelligence,Springer Nature,2025,2025-10-16,Enhancing histopathological image classification through multi-view momentum encoding learning,Chuangui Cao; Shifei Ding; Lili Guo; Xiaohao Xie,55,16,10.1007/s10489-025-06931-2,https://doi.org/10.1007/s10489-025-06931-2,article,Applied Intelligence,https://openalex.org/W4415247655
Applied Intelligence,Springer Nature,2025,2025-10-16,Multi-focal semantic consistency assignment for category-sensitive information access,Youjia Shao; Li Wang; Na Tian; Xiangfu Ding; Wencang Zhao,55,16,10.1007/s10489-025-06930-3,https://doi.org/10.1007/s10489-025-06930-3,article,Applied Intelligence,https://openalex.org/W4415244625
Applied Intelligence,Springer Nature,2025,2025-10-17,Enhancing knowledge retention for continual learning with domain-specific adapters and features gating,Oussama Hadjerci; Mohamed Abbas Hedjazi; Antoine Letienne; Adel Hafiane,55,16,10.1007/s10489-025-06941-0,https://doi.org/10.1007/s10489-025-06941-0,article,Applied Intelligence,https://openalex.org/W4415273924
Applied Intelligence,Springer Nature,2025,2025-10-18,A novel probabilistic linguistic group decision-making method driven by DEA cross-efficiency and trust relationship,Feifei Jin; Shuyan Guo; Jinpei Liu,55,16,10.1007/s10489-025-06696-8,https://doi.org/10.1007/s10489-025-06696-8,article,Applied Intelligence,https://openalex.org/W4415310924
Applied Intelligence,Springer Nature,2025,2025-10-18,A personalized recommendation framework through exploiting jump-enhanced random walk based multiple heterogeneous graph neural networks,Yufeng Wang; Fei Xie; Xun Huang; Jianhua Ma; Qun Jin,55,16,10.1007/s10489-025-06938-9,https://doi.org/10.1007/s10489-025-06938-9,article,Applied Intelligence,https://openalex.org/W4415310254
Applied Intelligence,Springer Nature,2025,2025-10-18,"A systematic review of semantic segmentation methods for histopathology images: a focused survey on breast, colon, and prostate cancers",Danial Iqbal Tan Muhammad Hakimi Tan; Xiao Jian Tan; Li Li Lim; Khairul Shakir Ab Rahman; Joseph Jiun Wen Siet,55,16,10.1007/s10489-025-06906-3,https://doi.org/10.1007/s10489-025-06906-3,review,Applied Intelligence,https://openalex.org/W4415321752
Applied Intelligence,Springer Nature,2025,2025-10-18,A visual design-based intervention model for reducing mind wandering in online learning,Hao Xu; Masitah Ghazali; Nur Zuraifah Syazrah Othman,55,16,10.1007/s10489-025-06943-y,https://doi.org/10.1007/s10489-025-06943-y,article,Applied Intelligence,https://openalex.org/W4415322128
Applied Intelligence,Springer Nature,2025,2025-10-18,SAE-GAN: integrating stacked attention autoencoder and generative adversarial networks for multivariate time series anomaly detection,Shimin Sun; Xiangyun Liu; Han Li; Ze Wang; Yong Zhu,55,16,10.1007/s10489-025-06927-y,https://doi.org/10.1007/s10489-025-06927-y,article,Applied Intelligence,https://openalex.org/W4415325237
Applied Intelligence,Springer Nature,2025,2025-10-20,A joint sparse self-representation learning method for multiview clustering,Mengxue Jia; Zhihua Allen-Zhao; You Zhao; Sanyang Liu,55,16,10.1007/s10489-025-06937-w,https://doi.org/10.1007/s10489-025-06937-w,article,Applied Intelligence,https://openalex.org/W4415370275
Applied Intelligence,Springer Nature,2025,2025-10-20,LSTM-based text analysis to automatically adapt cyberattack detection capabilities,Miguel Calvo; Anca Butnar; Marta Beltrán,55,16,10.1007/s10489-025-06891-7,https://doi.org/10.1007/s10489-025-06891-7,article,Applied Intelligence,https://openalex.org/W4415370366
Applied Intelligence,Springer Nature,2025,2025-10-21,GCDR: Graph Contrastive learning adversarial Defense algorithm for Recommendation,Bowen Deng; Lin Xian Feng; Fancheng Yang; Siwen Li; Shuo Qin,55,16,10.1007/s10489-025-06918-z,https://doi.org/10.1007/s10489-025-06918-z,article,Applied Intelligence,https://openalex.org/W4415380210
Applied Intelligence,Springer Nature,2025,2025-10-23,Dynamic analysis of the Qing dynasty’s imperial examination system based on natural language processing,Yuesen Wang; Jinshan Yuan,55,16,10.1007/s10489-025-06867-7,https://doi.org/10.1007/s10489-025-06867-7,article,Applied Intelligence,https://openalex.org/W4415474662
Applied Intelligence,Springer Nature,2025,2025-10-23,GANMem-Siamese: GAN-enhanced deep feature generation for robust object tracking with memory fusion,Yashuo Bai; Li Wang; Yingbo He; Ya Zhou; Meng Zheng; Yiqian Huang; Hongyu He; Shuqi Liu; Teng Luo; Nan Wang; Yong Song,55,16,10.1007/s10489-025-06948-7,https://doi.org/10.1007/s10489-025-06948-7,article,Applied Intelligence,https://openalex.org/W4415474599
Applied Intelligence,Springer Nature,2025,2025-10-23,GenDetect-GAN: generative adversarial network model for machine-generated text detection,Bin Xu; Wenjun Yu; Qin Wen; Qiulan Cui; Jin Qi,55,16,10.1007/s10489-025-06898-0,https://doi.org/10.1007/s10489-025-06898-0,article,Applied Intelligence,https://openalex.org/W4415488114
Applied Intelligence,Springer Nature,2025,2025-10-23,Relation learning with neighborhood fusion interaction for few-shot knowledge graph completion,Bin Yang; Shuai Liu; Mengqi Shi; Mengxiang Peng,55,16,10.1007/s10489-025-06946-9,https://doi.org/10.1007/s10489-025-06946-9,article,Applied Intelligence,https://openalex.org/W4415488568
Applied Intelligence,Springer Nature,2025,2025-10-23,Spatio-temporal unsupervised individual clustering for operating room videos,K. Yokoyama; Goshiro Yamamoto; Chang Liu; Sho Mitarai; Kazumasa Kishimoto; Yukiko Mori; Tomohiro Kuroda,55,16,10.1007/s10489-025-06917-0,https://doi.org/10.1007/s10489-025-06917-0,article,Applied Intelligence,https://openalex.org/W4415474479
Applied Intelligence,Springer Nature,2025,2025-10-24,A dynamic traffic flow prediction method based on spatio-temporal graph transformer,Chaolong Jia; Fu Jiang; Zhenying Chen; Rong Wang; Yunpeng Xiao,55,16,10.1007/s10489-025-06895-3,https://doi.org/10.1007/s10489-025-06895-3,article,Applied Intelligence,https://openalex.org/W4415497628
Applied Intelligence,Springer Nature,2025,2025-10-25,A multi-modal speech emotion recognition method based on graph neural networks,Yan Li; Yapeng Wang; Xu Yang; Lap Man Hoi; Sio‐Kei Im,55,16,10.1007/s10489-025-06953-w,https://doi.org/10.1007/s10489-025-06953-w,article,Applied Intelligence,https://openalex.org/W4415533499
Applied Intelligence,Springer Nature,2025,2025-10-25,An improved graph attention network combined with reinforcement learning for capacitated vehicle routing problem,Y. Bai; Xiaohan Xing; Jian Wang,55,16,10.1007/s10489-025-06932-1,https://doi.org/10.1007/s10489-025-06932-1,article,Applied Intelligence,https://openalex.org/W4415534398
Applied Intelligence,Springer Nature,2025,2025-10-25,Bird eye-view to street-view: A survey,Khawlah Bajbaa; Muhammad Usman; Saeed Anwar; Ibrahim Radwan; Abdul Bais,55,16,10.1007/s10489-025-06940-1,https://doi.org/10.1007/s10489-025-06940-1,article,Applied Intelligence,https://openalex.org/W4415533474
Applied Intelligence,Springer Nature,2025,2025-10-25,Tri-stream network with dynamically weighted three-way decision for cloth-changing person re-identification,Ruiqi He; Zihan Wang; Xiang Zhou,55,16,10.1007/s10489-025-06858-8,https://doi.org/10.1007/s10489-025-06858-8,article,Applied Intelligence,https://openalex.org/W4415533457
Applied Intelligence,Springer Nature,2025,2025-10-27,Local differential privacy protection for trajectory data based on three-way decisions,Jin Gui Qian; Guangjin Yang; Ying Yu; Xibei Yang; Shang Gao,55,16,10.1007/s10489-025-06926-z,https://doi.org/10.1007/s10489-025-06926-z,article,Applied Intelligence,https://openalex.org/W4415571228
Applied Intelligence,Springer Nature,2025,2025-10-27,Recognizing unknowns: a survey on visual open-set recognition,Xiwen Li; Wei Quan; Jia Huang; Peiyuan Hong,55,16,10.1007/s10489-025-06956-7,https://doi.org/10.1007/s10489-025-06956-7,article,Applied Intelligence,https://openalex.org/W4415570704
Applied Intelligence,Springer Nature,2025,2025-10-27,Robust optimization of aircraft maintenance routing based on the adaptive reinforcement learning algorithm,Haoyu Zhang; Weiwei Wu; Chengjin Ding; Jiahui Yu,55,16,10.1007/s10489-025-06844-0,https://doi.org/10.1007/s10489-025-06844-0,article,Applied Intelligence,https://openalex.org/W4415571305
Applied Intelligence,Springer Nature,2025,2025-10-28,MFA-Net: Morphological Fusion Attention Network for Image Dehazing,Madhuchhanda Dasgupta; Oishila Bandyopadhyay; Sanjay Chatterji,55,16,10.1007/s10489-025-06877-5,https://doi.org/10.1007/s10489-025-06877-5,article,Applied Intelligence,https://openalex.org/W4415603898
Applied Intelligence,Springer Nature,2025,2025-10-28,MgRCL: a multi-granular representation contrastive learning approach for hierarchical multi-label classification,Xiaoxia Zhang; Xin Xu; Xianjun Zhou; Hong Yu; Feng Hu,55,16,10.1007/s10489-025-06863-x,https://doi.org/10.1007/s10489-025-06863-x,article,Applied Intelligence,https://openalex.org/W4415603662
Applied Intelligence,Springer Nature,2025,2025-10-29,Blossom: Boosting sparse attribute learning with optimized vector quantization for graph representation learning,Huizhi Li; Xian Mu; Dagang Li,55,16,10.1007/s10489-025-06955-8,https://doi.org/10.1007/s10489-025-06955-8,article,Applied Intelligence,https://openalex.org/W4415647226
Applied Intelligence,Springer Nature,2025,2025-10-29,Learning to schedule dynamic job-shop problems by graph attention network with reinforcement learning,Chao Huang; Haibo Hu; Yanlai Zhou,55,16,10.1007/s10489-025-06949-6,https://doi.org/10.1007/s10489-025-06949-6,article,Applied Intelligence,https://openalex.org/W4415649663
Applied Intelligence,Springer Nature,2025,2025-10-29,Swift-SegEdgeNet: an edge guided multi-task learning network for road extraction from remote sensing images,Zhaoying Liu; Shuo Zhang; Yingshan Jing; Ting Zhang; Lijuan Duan,55,16,10.1007/s10489-025-06870-y,https://doi.org/10.1007/s10489-025-06870-y,article,Applied Intelligence,https://openalex.org/W4415647378
Applied Intelligence,Springer Nature,2025,2025-10-30,Diffattack-X: An effective transferable adversarial attack based on diffusion models,Lisha Li; Xiaolin Zhang; Jingyu Wang; Lixin Liu; Yongping Wang; Yunfei Pu; Pengju Ren; Jiaxing Chu,55,16,10.1007/s10489-025-06957-6,https://doi.org/10.1007/s10489-025-06957-6,article,Applied Intelligence,https://openalex.org/W4415699306
Applied Intelligence,Springer Nature,2025,2025-10-30,HIDyG: heterogeneous information perception in dynamic graphs via contrastive learning,Runshuo Liu; Chao Li; Qianyu Song; Hui Xiang Zhou; Qingtian Zeng,55,16,10.1007/s10489-025-06935-y,https://doi.org/10.1007/s10489-025-06935-y,article,Applied Intelligence,https://openalex.org/W4415699283
Applied Intelligence,Springer Nature,2025,2025-10-30,Physics-informed autoencoder for feature extraction from multidimensional sensor measurement data,Cristina Gentili; Christofer Hierold; Cosmin Ioan Roman,55,16,10.1007/s10489-025-06892-6,https://doi.org/10.1007/s10489-025-06892-6,article,Applied Intelligence,https://openalex.org/W4415699348
Applied Intelligence,Springer Nature,2025,2025-11-01,A bias extraction and penalty method for robust visual question answering,Lixia Zhang; Bingqian Huang; Zichao Pang; Yun Juan Liang,55,16,10.1007/s10489-025-06962-9,https://doi.org/10.1007/s10489-025-06962-9,article,Applied Intelligence,https://openalex.org/W4416022777
Applied Intelligence,Springer Nature,2025,2025-11-01,"A competitive benchmarking among geometric deep learning, generative adversarial network, and point transformer for 3-D skull part segmentation",Thi Thu Trang Pham; Duc-Phong Nguyen; Hien-Duyen Nguyen-Le; Tan–Nhu Nguyen; Tien Tuan Dao,55,16,10.1007/s10489-025-06864-w,https://doi.org/10.1007/s10489-025-06864-w,article,Applied Intelligence,https://openalex.org/W4415776027
Applied Intelligence,Springer Nature,2025,2025-11-01,A deep reinforcement learning model for traffic signal control with multi-expert participating in exploration,Hui Zhang; Zhicheng Zhou; Shiyi Gu; Ya Zhang,55,17,10.1007/s10489-025-07020-0,https://doi.org/10.1007/s10489-025-07020-0,article,Applied Intelligence,https://openalex.org/W7107949222
Applied Intelligence,Springer Nature,2025,2025-11-01,A generalized CNN decision boundary theory based on non-Euclidean space,Yunlan Zhou; Qinglei Li; Chenyang Wu; Yuanyuan Xiao; Yuquan Li; Qi Wang,55,16,10.1007/s10489-025-06882-8,https://doi.org/10.1007/s10489-025-06882-8,article,Applied Intelligence,https://openalex.org/W4415786916
Applied Intelligence,Springer Nature,2025,2025-11-01,A generalized nonconvex algorithm framework for low-rank and sparse matrix decomposition,Angang Cui; Lijun Zhang; Haizhen He; Shengli Xue,55,16,10.1007/s10489-025-06971-8,https://doi.org/10.1007/s10489-025-06971-8,article,Applied Intelligence,https://openalex.org/W4416023924
Applied Intelligence,Springer Nature,2025,2025-11-01,A mobile platform-friendly lightweight traffic light detection and recognition model,Tinglin Chen; Junyan Han; Jingheng Wang; Xiaoyuan Wang; Cheng Shen; Zhenwei Lv; Yanan Sun; Yunfei Guo; Jianbo Sun,55,17,10.1007/s10489-025-06993-2,https://doi.org/10.1007/s10489-025-06993-2,article,Applied Intelligence,https://openalex.org/W7107879420
Applied Intelligence,Springer Nature,2025,2025-11-01,A multimodal fusion and symmetric dual-encoder based generation method for KB-VQA,Hongyan Zheng; Tao Sun; Hao Liu; Zhiping Zhang; Zhi Yang; Xiaoyu Wang; Gengchen Liu,55,17,10.1007/s10489-025-06992-3,https://doi.org/10.1007/s10489-025-06992-3,article,Applied Intelligence,https://openalex.org/W7105839092
Applied Intelligence,Springer Nature,2025,2025-11-01,A novel time-frequency augmented perception method for multivariate time series anomaly detection,Xiaocui Wang; Wenkang Ma; Zongmin Li,55,16,10.1007/s10489-025-06966-5,https://doi.org/10.1007/s10489-025-06966-5,article,Applied Intelligence,https://openalex.org/W4415776616
Applied Intelligence,Springer Nature,2025,2025-11-01,A thresholdless wildfire pixel detection employing color contrast features,Alberto Lopez-Alanis; Héctor De la Torre Gutiérrez; Arturo Hernández-Aguirre,55,17,10.1007/s10489-025-07004-0,https://doi.org/10.1007/s10489-025-07004-0,article,Applied Intelligence,https://openalex.org/W4416531149
Applied Intelligence,Springer Nature,2025,2025-11-01,A time series long-short term codec for compression and representation,Hong‐Xia Zuo; Junjie Wu; King Hann Lim; Yinping Liao; Luping Song; Yanping Zhu; Zhenjun Li; Chenhui Zhang,55,17,10.1007/s10489-025-06842-2,https://doi.org/10.1007/s10489-025-06842-2,article,Applied Intelligence,https://openalex.org/W4416104108
Applied Intelligence,Springer Nature,2025,2025-11-01,A visual state space Model-Based Cross-Domain adaptive detection method for imbalanced medical image distribution,Xiang Li; Long Lan; Husam Lahza; Shaowu Yang; Shuihua Wang‎; Yong Liang; Hudan Pan; Wenjing Yang; Hengzhu Liu; Yudong Zhang,55,17,10.1007/s10489-025-06928-x,https://doi.org/10.1007/s10489-025-06928-x,article,Applied Intelligence,https://openalex.org/W4416308528
Applied Intelligence,Springer Nature,2025,2025-11-01,Adaptive joint entropy reward: a mechanism to efficient exploration in reinforcement learning,Chun-Ru Dong; Yang Wang; Aoxiang Wang; Qiang Hua; Feng Zhang,55,17,10.1007/s10489-025-06963-8,https://doi.org/10.1007/s10489-025-06963-8,article,Applied Intelligence,https://openalex.org/W4416335446
Applied Intelligence,Springer Nature,2025,2025-11-01,Advanced prognostics techniques for machinery under time-varying operating conditions: a review,Bin Xue; Yang Yu; Hailing Fu; Jinli Zhu; Zhongbin Xu,55,16,10.1007/s10489-025-06894-4,https://doi.org/10.1007/s10489-025-06894-4,article,Applied Intelligence,https://openalex.org/W4415776029
Applied Intelligence,Springer Nature,2025,2025-11-01,Airport ground cargo transportation scheduling problem: simultaneously considering logistics vehicles and handling facilities under strict time restriction,Ran Feng; Wanru Gao; Yafei Li; Zhihao Cai; Guoliang Chen; Mingliang Xu,55,17,10.1007/s10489-025-06947-8,https://doi.org/10.1007/s10489-025-06947-8,article,Applied Intelligence,https://openalex.org/W4416196414
Applied Intelligence,Springer Nature,2025,2025-11-01,An analytical comparison of machine learning- based techniques for test case generation across diverse reaction wheel systems,Fotis Aisopos; Dimitrios Vogiatzis; Mário Pinto; Paschalis Veskos; Georgios Paliouras; Robert Blommestijn,55,17,10.1007/s10489-025-06944-x,https://doi.org/10.1007/s10489-025-06944-x,article,Applied Intelligence,https://openalex.org/W4416105455
Applied Intelligence,Springer Nature,2025,2025-11-01,An end-to-end distributed deep learning system for real-time passenger flow measurement in transport interchanges,Eduardo Salas; Pedro Navarro; Francisca Rosique; Juan José Benavente; Ana Rivadeneira,55,16,10.1007/s10489-025-06954-9,https://doi.org/10.1007/s10489-025-06954-9,article,Applied Intelligence,https://openalex.org/W4415959188
Applied Intelligence,Springer Nature,2025,2025-11-01,BAFPN: bidirectionally aligning features to improve object localization accuracy in remote sensing images,Jiakun Li; Qingqing Wang; Hongbin Dong,55,16,10.1007/s10489-025-06852-0,https://doi.org/10.1007/s10489-025-06852-0,article,Applied Intelligence,https://openalex.org/W4415776606
Applied Intelligence,Springer Nature,2025,2025-11-01,Choose your explanation: a comparison of SHAP and Grad-CAM in human activity recognition,Felix Tempel; Daniel Groos; Espen A. F. Ihlen; Lars Adde; Inga Strümke,55,17,10.1007/s10489-025-06968-3,https://doi.org/10.1007/s10489-025-06968-3,article,Applied Intelligence,https://openalex.org/W4416442739
Applied Intelligence,Springer Nature,2025,2025-11-01,Complex mixer for MedMNIST classification decathlon,Shuning Sun; Xiuyi Jia; Zhuoran Zheng,55,16,10.1007/s10489-025-06967-4,https://doi.org/10.1007/s10489-025-06967-4,article,Applied Intelligence,https://openalex.org/W4415991190
Applied Intelligence,Springer Nature,2025,2025-11-01,Corner Sparse R-CNN for Pedestrian Detection in Dense Scenes,Jun Wang; Cong Wu; Lei Wan; Xin Zhang; Shuaiqi Liu,55,17,10.1007/s10489-025-06984-3,https://doi.org/10.1007/s10489-025-06984-3,article,Applied Intelligence,https://openalex.org/W4416104318
Applied Intelligence,Springer Nature,2025,2025-11-01,Correction to: Deep learning-based visual slam for indoor dynamic scenes,Zhendong Xu; Yong Song; Bao Jun Pang; Qingyang Xu; Xianfeng Yuan,55,16,10.1007/s10489-025-06455-9,https://doi.org/10.1007/s10489-025-06455-9,erratum,Applied Intelligence,https://openalex.org/W4415860820
Applied Intelligence,Springer Nature,2025,2025-11-01,D$$^2$$M: Decomposition-diffusion model for enhanced multimodal sentiment analysis,Liansong Zong; Wenzhuo Xu; Dongfeng Hu; Jie Wang,55,16,10.1007/s10489-025-06979-0,https://doi.org/10.1007/s10489-025-06979-0,article,Applied Intelligence,https://openalex.org/W4415984890
Applied Intelligence,Springer Nature,2025,2025-11-01,DABC-Net: a hierarchical deformation feature aggregation network with boundary-aware supervision for cardiac structure segmentation,Fei Peng; Xuchu Wang,55,17,10.1007/s10489-025-06973-6,https://doi.org/10.1007/s10489-025-06973-6,article,Applied Intelligence,https://openalex.org/W4416591315
Applied Intelligence,Springer Nature,2025,2025-11-01,Dataset ownership verification with invisible backdoors,SeokHee Kim; Changhee Hahn,55,17,10.1007/s10489-025-06994-1,https://doi.org/10.1007/s10489-025-06994-1,article,Applied Intelligence,https://openalex.org/W4416683898
Applied Intelligence,Springer Nature,2025,2025-11-01,Deep reinforcement learning for UAV attitude control via adaptive gain optimization,Muhammad Zorain; Fawad Salam Khan; Noman Hasany; Zia Mohy Ud Din; Jahan Zeb Gul,55,17,10.1007/s10489-025-06978-1,https://doi.org/10.1007/s10489-025-06978-1,article,Applied Intelligence,https://openalex.org/W4416068138
Applied Intelligence,Springer Nature,2025,2025-11-01,Discovering top-k periodic and high-utility patterns,Qingfeng Zhou; Wensheng Gan; Guoting Chen,55,17,10.1007/s10489-025-06995-0,https://doi.org/10.1007/s10489-025-06995-0,article,Applied Intelligence,https://openalex.org/W4416592628
Applied Intelligence,Springer Nature,2025,2025-11-01,ELITE: a novel approach of knowledge integration in pre-trained language models for text classification,Weidong Zhang; Raymond Chiong,55,16,10.1007/s10489-024-06141-2,https://doi.org/10.1007/s10489-024-06141-2,article,Applied Intelligence,https://openalex.org/W4416026414
Applied Intelligence,Springer Nature,2025,2025-11-01,ESG disclosure in supply chain finance risk: A research based on interpretable machine learning models,Guanglan Zhou; Shiru Wang,55,16,10.1007/s10489-025-06974-5,https://doi.org/10.1007/s10489-025-06974-5,article,Applied Intelligence,https://openalex.org/W4416026023
Applied Intelligence,Springer Nature,2025,2025-11-01,Elite quantum ant colony algorithm based on double chain encoding for static optimization problems,Xiaowei Fu; Hao Yu Zhao; Huanyu Li; Yiming Sun,55,17,10.1007/s10489-025-06958-5,https://doi.org/10.1007/s10489-025-06958-5,article,Applied Intelligence,https://openalex.org/W4416441109
Applied Intelligence,Springer Nature,2025,2025-11-01,Energy service selection method based on deep reinforcement learning and blockchain smart contract,Ziyi Meng; Wenting Wu; Jing Li; Ming Zhu,55,17,10.1007/s10489-025-07022-y,https://doi.org/10.1007/s10489-025-07022-y,article,Applied Intelligence,https://openalex.org/W7107948954
Applied Intelligence,Springer Nature,2025,2025-11-01,Enhancing counterfactual explanations with causal inference: integrating DirectLiNGAM and variational autoencoders for constraint-aware generation,Dinh Dinh; Thanh-An Nguyen; Ngoc-Thao Nguyen; Nghia Le; Bac Hoai Le,55,16,10.1007/s10489-025-06945-w,https://doi.org/10.1007/s10489-025-06945-w,article,Applied Intelligence,https://openalex.org/W4415860709
Applied Intelligence,Springer Nature,2025,2025-11-01,Extreme learning machine optimized by multi-strategy improved weighted mean of vectors algorithm for intrusion detection classification,Jingsen Liu; Chennan Zhao; Yu Li; Ping Hu,55,17,10.1007/s10489-025-06964-7,https://doi.org/10.1007/s10489-025-06964-7,article,Applied Intelligence,https://openalex.org/W7107955858
Applied Intelligence,Springer Nature,2025,2025-11-01,FC-DRL-based framework considering wheel-rail excitation: a speed-interval-oriented active control scheme for high-speed railway pantographs,Zhun Han; Qingsheng Feng; Wangyang Liu; Hangtao Yang; Yan Cui; Hong Li; Yinping Shao,55,17,10.1007/s10489-025-06960-x,https://doi.org/10.1007/s10489-025-06960-x,article,Applied Intelligence,https://openalex.org/W7106534316
Applied Intelligence,Springer Nature,2025,2025-11-01,Fairness consensus adjustment and bifocal expert weight integration in multi-attribute group decision-making with parallel expert evaluation systems,Jinpei Liu; Rong Xu; Wenqing Xu; Longlong Shao,55,17,10.1007/s10489-025-06942-z,https://doi.org/10.1007/s10489-025-06942-z,article,Applied Intelligence,https://openalex.org/W4416067603
Applied Intelligence,Springer Nature,2025,2025-11-01,Feature selection based on fuzzy rough fitting model with nominal distribution metric,Jin Gui Qian; Shaowei Yan; Yingfeng Yu; Yuan Ni; Duoqian Miao,55,16,10.1007/s10489-025-06936-x,https://doi.org/10.1007/s10489-025-06936-x,article,Applied Intelligence,https://openalex.org/W4415858509
Applied Intelligence,Springer Nature,2025,2025-11-01,Few-shot fault diagnosis of rolling bearing under variable conditions based on deep meta-transfer learning,Liang Zeng; Xinyu Chang; Junjie Jian; Shanshan Wang,55,16,10.1007/s10489-025-06920-5,https://doi.org/10.1007/s10489-025-06920-5,article,Applied Intelligence,https://openalex.org/W4415776614
Applied Intelligence,Springer Nature,2025,2025-11-01,Generating survey databases with Wasserstein Generative Adversarial Networks,Hugues Annoye; Cédric Heuchenne,55,17,10.1007/s10489-025-06871-x,https://doi.org/10.1007/s10489-025-06871-x,article,Applied Intelligence,https://openalex.org/W4416103861
Applied Intelligence,Springer Nature,2025,2025-11-01,Graph structure prompt learning: A novel methodology to improve performance of graph neural networks,Zhenhua Huang; Kunhao Li; Shaojie Wang; Zhaohong Jia; Wentao Zhu; Sharad Mehrotra,55,17,10.1007/s10489-025-06952-x,https://doi.org/10.1007/s10489-025-06952-x,article,Applied Intelligence,https://openalex.org/W4416592640
Applied Intelligence,Springer Nature,2025,2025-11-01,Harnessing transformer-based attention mechanisms for multi-scale feature fusion in medical image segmentation,Rabeea Fatma Khan; Mu Sook Lee; Byoung-Dai Lee,55,17,10.1007/s10489-025-07009-9,https://doi.org/10.1007/s10489-025-07009-9,article,Applied Intelligence,https://openalex.org/W4416772695
Applied Intelligence,Springer Nature,2025,2025-11-01,Hybrid multi-output regression with residual correction for smart agriculture: a scalable and interpretable approach,Nguyễn Minh Sơn; Do Si Truong; Thanh Quang Nguyen,55,16,10.1007/s10489-025-06876-6,https://doi.org/10.1007/s10489-025-06876-6,article,Applied Intelligence,https://openalex.org/W4415984813
Applied Intelligence,Springer Nature,2025,2025-11-01,HyperFast: a spectral-spatial guided filtering framework for efficient UAV-borne hyperspectral crop classification,A. Cherid; Noureddine Aribi; Mohammed Said Belaid; Yahia Lebbah,55,16,10.1007/s10489-025-06857-9,https://doi.org/10.1007/s10489-025-06857-9,article,Applied Intelligence,https://openalex.org/W4415776607
Applied Intelligence,Springer Nature,2025,2025-11-01,Knowledge graph-extended retrieval augmented generation for question answering,Jasper Linders; Jakub M. Tomczak,55,17,10.1007/s10489-025-06885-5,https://doi.org/10.1007/s10489-025-06885-5,article,Applied Intelligence,https://openalex.org/W4416354085
Applied Intelligence,Springer Nature,2025,2025-11-01,Large-area damage inpainting of ancient paintings based on spatial Fourier convolution,Zengguo Sun; Jiaxing Liu; Xiaojun Wu,55,17,10.1007/s10489-025-07006-y,https://doi.org/10.1007/s10489-025-07006-y,article,Applied Intelligence,https://openalex.org/W4416591391
Applied Intelligence,Springer Nature,2025,2025-11-01,MDIF: A multimodal dynamic inference framework for traffic video question answering,Wenhao Guo; Lingling Zi; Xin Cong,55,16,10.1007/s10489-025-06980-7,https://doi.org/10.1007/s10489-025-06980-7,article,Applied Intelligence,https://openalex.org/W4416025927
Applied Intelligence,Springer Nature,2025,2025-11-01,MMI-FM: Multimodal Interaction and Fusion Mechanism for Video Anomaly Detection,Binghui Wang; Chuanxu Wang; Jiajiong Li; Song Da; Yishuo Liu,55,16,10.1007/s10489-025-06975-4,https://doi.org/10.1007/s10489-025-06975-4,article,Applied Intelligence,https://openalex.org/W4416026001
Applied Intelligence,Springer Nature,2025,2025-11-01,Multi-task reinforcement learning via mixture-of-patterns meta-learning,Zhixiong Xu; Xiliang Chen; Jun Wang; Zhiruo Zhao,55,17,10.1007/s10489-025-06951-y,https://doi.org/10.1007/s10489-025-06951-y,article,Applied Intelligence,https://openalex.org/W4416355653
Applied Intelligence,Springer Nature,2025,2025-11-01,Multi-view subspace clustering via double-constrained matrix factorization and graph filter,Zhaohan Cai; Qi Zhang; Jinyuan Liu; Zijian Chen; Muke Chen; Zhanpeng Huang,55,17,10.1007/s10489-025-06985-2,https://doi.org/10.1007/s10489-025-06985-2,article,Applied Intelligence,https://openalex.org/W4416308526
Applied Intelligence,Springer Nature,2025,2025-11-01,Novel L-fuzzy rough approximation operators induced by overlap and grouping functions on complete lattices and its application to three-way decisions,Nana Han; Junsheng Qiao; Tengbiao Li,55,17,10.1007/s10489-025-06991-4,https://doi.org/10.1007/s10489-025-06991-4,article,Applied Intelligence,https://openalex.org/W4416807729
Applied Intelligence,Springer Nature,2025,2025-11-01,Offline-to-online reinforcement learning with policy ensemble and policy-extended value,Jiacheng Chen; Jin Zhu; Lin Forrest Yang,55,16,10.1007/s10489-025-06972-7,https://doi.org/10.1007/s10489-025-06972-7,article,Applied Intelligence,https://openalex.org/W4415776615
Applied Intelligence,Springer Nature,2025,2025-11-01,Optimized traffic signal control system incorporating mixed traffic flow and adverse weather,Li‐Juan Liu; Tingting Huang; Hamid Reza Karimi; Yanhua Ma; Jiao Su,55,17,10.1007/s10489-025-07000-4,https://doi.org/10.1007/s10489-025-07000-4,article,Applied Intelligence,https://openalex.org/W4416684000
Applied Intelligence,Springer Nature,2025,2025-11-01,Personalized federated learning with exact stochastic gradient descent,Sotirios Nikoloutsopoulos; Iordanis Koutsopoulos; Michalis K. Titsias,55,17,10.1007/s10489-025-06989-y,https://doi.org/10.1007/s10489-025-06989-y,article,Applied Intelligence,https://openalex.org/W4225929918
Applied Intelligence,Springer Nature,2025,2025-11-01,Quantum-transformer integration in H2STGCN: a novel approach for spatiotemporal pattern modeling,Zhenghao Sui; Zhongrong Zhang; Ruiqi Wang; Shuo Li; Yuyuan Pan,55,16,10.1007/s10489-025-06976-3,https://doi.org/10.1007/s10489-025-06976-3,article,Applied Intelligence,https://openalex.org/W4415983696
Applied Intelligence,Springer Nature,2025,2025-11-01,Quarrels occurred matters: relevant-aware rumor detection with FK-BERT-enhanced Maak convolution,Hongchen Wu; Xiaochang Fang; Hongzhu Yu; Bing Yu; Meng Li; Hongxuan Li; Zhaorong Jing; Chenfei Sun; Shuang Gao; Huaxiang Zhang,55,16,10.1007/s10489-025-06961-w,https://doi.org/10.1007/s10489-025-06961-w,article,Applied Intelligence,https://openalex.org/W4415899934
Applied Intelligence,Springer Nature,2025,2025-11-01,Residual-ChebNet: A residual connection graph convolutional network for mild cognitive impairment classification based on multimodal imaging data,Shengbin Liang; Sun Hao-ran; Tingting Chen; Fuqi Sun; Huawei Ma; Wencai Du,55,16,10.1007/s10489-025-06904-5,https://doi.org/10.1007/s10489-025-06904-5,article,Applied Intelligence,https://openalex.org/W4415776585
Applied Intelligence,Springer Nature,2025,2025-11-01,Robust Geometric Reconstruction of RGB-D Data Based on Gaussian Splatting,Yibin Zhao; Jianjun Yi; Yihan Pan; Liwei Chen,55,17,10.1007/s10489-025-07015-x,https://doi.org/10.1007/s10489-025-07015-x,article,Applied Intelligence,https://openalex.org/W7107865218
Applied Intelligence,Springer Nature,2025,2025-11-01,Scene-aware contrastive regression for multi-person action quality assessment,Xini Ding; Chunting Wang; Xuan Zhao; Huiliang Shang; Miao Wang; Lin Gu,55,16,10.1007/s10489-025-06901-8,https://doi.org/10.1007/s10489-025-06901-8,article,Applied Intelligence,https://openalex.org/W4416022779
Applied Intelligence,Springer Nature,2025,2025-11-01,Self-supervised collaborative contrast learning for multi-behavior recommendation with adaptive fusion of cross dependency,Jianxing Zheng; Ting Zhang; Suge Wang; Deyu Li; Jian Liao,55,17,10.1007/s10489-025-06981-6,https://doi.org/10.1007/s10489-025-06981-6,article,Applied Intelligence,https://openalex.org/W4416768749
Applied Intelligence,Springer Nature,2025,2025-11-01,TopoRN: A topology-aware reconstruction network for infrared image super-resolution,Jun Dan; Tao Jin; Hao Chi; Zhao Luo; Keying Cao; Yang Xinjing; Xiao Yang,55,17,10.1007/s10489-025-06999-w,https://doi.org/10.1007/s10489-025-06999-w,article,Applied Intelligence,https://openalex.org/W4416379516
Applied Intelligence,Springer Nature,2025,2025-11-01,Transformer++: a long sequence modeling method based on direction-aware dual attention and multi-head sampling,Ruiqin Wang; Qishun Ji; Zhenzhen Sheng; Yang Qi,55,17,10.1007/s10489-025-06965-6,https://doi.org/10.1007/s10489-025-06965-6,article,Applied Intelligence,https://openalex.org/W4416355669
Applied Intelligence,Springer Nature,2025,2025-11-01,Two top-k HUIM algorithms based on the particle filter theory,Yang Yang; Hafiz Mohd Sarim; Honghai Wang,55,17,10.1007/s10489-025-06969-2,https://doi.org/10.1007/s10489-025-06969-2,article,Applied Intelligence,https://openalex.org/W4416068657
Applied Intelligence,Springer Nature,2025,2025-11-01,Unsupervised adaptive learning method for salient object detection under weak observation conditions,Ying Tong; Xiangfeng Luo; Liyan Ma; Shaorong Xie; Hao Qiu,55,17,10.1007/s10489-025-07005-z,https://doi.org/10.1007/s10489-025-07005-z,article,Applied Intelligence,https://openalex.org/W7106580896
Applied Intelligence,Springer Nature,2025,2025-12-01,A brain information decomposition mechanism inspired evolutionary algorithm for large-scale multi-objective optimization,Tongxuan Wu; Junzhong Ji; Cuicui Yang,55,18,10.1007/s10489-025-07001-3,https://doi.org/10.1007/s10489-025-07001-3,article,Applied Intelligence,https://openalex.org/W7115010180
Applied Intelligence,Springer Nature,2025,2025-12-01,A neural network with reject option approach for equalization and error detection,Wellington D. Almeida; Ajalmar R. Rocha Neto,55,18,10.1007/s10489-025-06998-x,https://doi.org/10.1007/s10489-025-06998-x,article,Applied Intelligence,https://openalex.org/W4416930085
Applied Intelligence,Springer Nature,2025,2025-12-01,A remaining useful life prediction method for rotating machinery based on trend encoding and multi-scale spatio-temporal feature fusion,Yurong Guo; Jie Zhang; Junliang Wang; Jian Mao; Feifan Lu,55,18,10.1007/s10489-025-07007-x,https://doi.org/10.1007/s10489-025-07007-x,article,Applied Intelligence,https://openalex.org/W4417260631
Applied Intelligence,Springer Nature,2025,2025-12-01,A stability analysis for the online retailing cyber security situation piecewise variable weight rating method,Gaofeng Yu; Zhen Zhang; Jian Wu,55,18,10.1007/s10489-025-06860-0,https://doi.org/10.1007/s10489-025-06860-0,article,Applied Intelligence,https://openalex.org/W7115021139
Applied Intelligence,Springer Nature,2025,2025-12-01,A time-series progressive generative adversarial network for improving imbalanced fetal heart rate signal classification,Yanjun Deng; Yefei Zhang; Hao Wang; Pengfei Jiao; Gang Li; Zhidong Zhao,55,18,10.1007/s10489-025-07008-w,https://doi.org/10.1007/s10489-025-07008-w,article,Applied Intelligence,https://openalex.org/W7109354770
Applied Intelligence,Springer Nature,2025,2025-12-01,Attributes reduction for incomplete data by bidirectional fuzzy similarity discriminability,Xiangjian Chen; Jiabao Tang; Jianhua Dai,55,18,10.1007/s10489-025-07025-9,https://doi.org/10.1007/s10489-025-07025-9,article,Applied Intelligence,https://openalex.org/W7114889858
Applied Intelligence,Springer Nature,2025,2025-12-01,CARM-Diff: a cross-attention guided diffusion model for game trajectory prediction,Zhiheng Zhang; Lina Lu; Yi Cheng; Tingting Wei; Jing Chen,55,18,10.1007/s10489-025-07019-7,https://doi.org/10.1007/s10489-025-07019-7,article,Applied Intelligence,https://openalex.org/W4417322511
Applied Intelligence,Springer Nature,2025,2025-12-01,CMA-ES hyperparameter optimization of the densenet model for biometric retina identification,Aïcha Mokhtari; Zine-Eddine Hadj Slimane,55,18,10.1007/s10489-025-07014-y,https://doi.org/10.1007/s10489-025-07014-y,article,Applied Intelligence,https://openalex.org/W4416947553
Applied Intelligence,Springer Nature,2025,2025-12-01,DSNMF: Deep symmetric non-negative matrix factorization representation algorithm for clustering,Ping Deng; Xinlin Yan; Yunzhou Shi; Dexian Wang; Tianrui Li,55,18,10.1007/s10489-025-07018-8,https://doi.org/10.1007/s10489-025-07018-8,article,Applied Intelligence,https://openalex.org/W4416993175
Applied Intelligence,Springer Nature,2025,2025-12-01,Decoupled pre-training and multi-modality fusion for fine-grained action quality assessment,Jiahao Guan; Chengming Liu; Lei Shi,55,18,10.1007/s10489-025-07028-6,https://doi.org/10.1007/s10489-025-07028-6,article,Applied Intelligence,https://openalex.org/W4416991502
Applied Intelligence,Springer Nature,2025,2025-12-01,Dependency-driven spectral embedding based multi-view clustering,Zien Liang; Zhuojie Huang; Shuping Zhao; Jigang Wu,55,18,10.1007/s10489-025-07026-8,https://doi.org/10.1007/s10489-025-07026-8,article,Applied Intelligence,https://openalex.org/W4417148873
Applied Intelligence,Springer Nature,2025,2025-12-01,FMC-Net: A Human-Guided Deep Learning Framework for Adaptable and Transparent Facial Expression Recognition in Real-World Scenarios,Ines Rieger; Jaspar Pahl; Ute Schmid,55,18,10.1007/s10489-025-07017-9,https://doi.org/10.1007/s10489-025-07017-9,article,Applied Intelligence,https://openalex.org/W4416930110
Applied Intelligence,Springer Nature,2025,2025-12-01,Fuzzy reinforced hyperbox neural network: analysis and design,Mingjie Gao; Wei Huang; Mingxi Sun,55,18,10.1007/s10489-025-06869-5,https://doi.org/10.1007/s10489-025-06869-5,article,Applied Intelligence,https://openalex.org/W4417322076
Applied Intelligence,Springer Nature,2025,2025-12-01,Generating samples for covariance to update prototype in few-shot class-incremental learning,Hong Zhi Yu; Qiwei Luo; Ye Wang; Guoyin Wang,55,18,10.1007/s10489-025-07012-0,https://doi.org/10.1007/s10489-025-07012-0,article,Applied Intelligence,https://openalex.org/W4416852567
Applied Intelligence,Springer Nature,2025,2025-12-01,Granular-ball representation-based two-stage deep learning model for text classification,Wenbin Qian; Ying He; Xingxing Cai; Jintao Huang,55,18,10.1007/s10489-025-07010-2,https://doi.org/10.1007/s10489-025-07010-2,article,Applied Intelligence,https://openalex.org/W4416930096
Applied Intelligence,Springer Nature,2025,2025-12-01,Industrial anomaly detection via curriculum-based deep learning,Devilliers Caleb Dube; Mehmet Akar,55,18,10.1007/s10489-025-07032-w,https://doi.org/10.1007/s10489-025-07032-w,article,Applied Intelligence,https://openalex.org/W4417163865
Applied Intelligence,Springer Nature,2025,2025-12-01,Manifold transfer and ensemble filter strategy for axial piston pump fault diagnosis under varied pressure pulsation,Weixiong Jiang; Jun Wu; Zuoyi Chen; Haiping Zhu; Yaqiong Lv,55,18,10.1007/s10489-025-06922-3,https://doi.org/10.1007/s10489-025-06922-3,article,Applied Intelligence,https://openalex.org/W4417023248
Applied Intelligence,Springer Nature,2025,2025-12-01,Multimodal contextual transformer augmented fusion for emotion recognition,Wesagn Dawit Chemma; Adane Letta Mamuye; Marco Piangerelli,55,18,10.1007/s10489-025-07027-7,https://doi.org/10.1007/s10489-025-07027-7,article,Applied Intelligence,https://openalex.org/W4417297054
Applied Intelligence,Springer Nature,2025,2025-12-01,Sample-efficient multi-agent reinforcement learning with high update-to-data ratio and state-action embedding,Chenyang Miao; Yingzhuo Jiang; Yunduan Cui; Yidong Chen; Tianfu Sun,55,18,10.1007/s10489-025-07035-7,https://doi.org/10.1007/s10489-025-07035-7,article,Applied Intelligence,https://openalex.org/W4417152415
Applied Intelligence,Springer Nature,2025,2025-12-01,Semantic-assisted report generation with memory enhanced transformer using context-aware visual extractor,Peketi Divya; Partha Sarathi Chakraborty; Krishna Mohan Chalavadi; Yen‐Wei Chen,55,18,10.1007/s10489-025-07031-x,https://doi.org/10.1007/s10489-025-07031-x,article,Applied Intelligence,https://openalex.org/W4417027767
Applied Intelligence,Springer Nature,2025,2025-12-01,Three-way experience replay for the prediction under concept drift,Jing Wang; Yanbing Ju; Peiwu Dong; Tian Ju,55,18,10.1007/s10489-025-07024-w,https://doi.org/10.1007/s10489-025-07024-w,article,Applied Intelligence,https://openalex.org/W4417156056
Applied Intelligence,Springer Nature,2025,2025-12-16,A joint question-answering model based on split-hop information propagation and heterogeneous representation alignment,Gui Chen; Xianhui Liu; Wenlong Hou; Qiujun Deng,56,1,10.1007/s10489-025-07039-3,https://doi.org/10.1007/s10489-025-07039-3,article,Applied Intelligence,https://openalex.org/W4417347355
Applied Intelligence,Springer Nature,2025,2025-12-16,PRANet: Pathological relationship perception and dual attention guided network for diabetic retinopathy grading,Yanfei Guo; Hangli Du; Zhenhua Zhang; Yuncui Wang; Dapeng Li; Dengwang Li; Dengwang Li; Dengwang Li,56,1,10.1007/s10489-025-07036-6,https://doi.org/10.1007/s10489-025-07036-6,article,Applied Intelligence,https://openalex.org/W4417351202
Applied Intelligence,Springer Nature,2025,2025-12-16,Personalized dialogue generation through knowledge expansion and in-context learning,Zhewen Wang; Tinghuai Ma; Huan Rong; Li Jia,56,1,10.1007/s10489-025-07030-y,https://doi.org/10.1007/s10489-025-07030-y,article,Applied Intelligence,https://openalex.org/W4417348519
Applied Intelligence,Springer Nature,2025,2025-12-16,Self-supervised learning radiomics nomogram integrating anatomical structures can identify cerebellar hypoplasia in prenatal ultrasound,Ruo He; Yue Ma; Xiaoxiao Wu; Xiaoxiao Wu; Liuyue Li; Liuyue Li; Guoping Xu; Guoping Xu; Chen Cheng; Sheng Zhao; Xinglong Wu; Xinglong Wu,56,1,10.1007/s10489-025-06986-1,https://doi.org/10.1007/s10489-025-06986-1,article,Applied Intelligence,https://openalex.org/W4417348296
Applied Intelligence,Springer Nature,2025,2025-12-17,A dual-pathway transformer utilizing dynamic weighting strategy for time series forecasting,Wenjie Liu; Sen Wang,56,1,10.1007/s10489-025-07033-9,https://doi.org/10.1007/s10489-025-07033-9,article,Applied Intelligence,https://openalex.org/W4417423985
Applied Intelligence,Springer Nature,2025,2025-12-17,Multimodal biometric recognition with cancelable template protection using deep learning and an optimized bloom filter,Md Sabuj Khan; Ting Zhong; Hengjian Li; Fan Zhou,56,1,10.1007/s10489-025-07029-5,https://doi.org/10.1007/s10489-025-07029-5,article,Applied Intelligence,https://openalex.org/W4417424736
Applied Intelligence,Springer Nature,2025,2025-12-18,A hybrid CNN-transformer network with difference enhancement and frequency fusion for remote sensing image change detection,Meiru Wang; Sheng En Fang; Yunfan Li; Xingli Zhang; Zhe Li,56,1,10.1007/s10489-025-07034-8,https://doi.org/10.1007/s10489-025-07034-8,article,Applied Intelligence,https://openalex.org/W4417451717
Applied Intelligence,Springer Nature,2025,2025-12-18,A review of predictive healthcare treatment based on text mining,Mukun Cao; Bing Li,56,1,10.1007/s10489-025-06849-9,https://doi.org/10.1007/s10489-025-06849-9,article,Applied Intelligence,https://openalex.org/W7115941298
Applied Intelligence,Springer Nature,2025,2025-12-18,UMLGA: unsupervised graph meta-learning via local subgraph augmentation,Ningbo Huang; Gang Zhou; Meng Zhang; Yi Xia; Shunhang Li,56,1,10.1007/s10489-025-06274-y,https://doi.org/10.1007/s10489-025-06274-y,article,Applied Intelligence,https://openalex.org/W4417454049
Applied Intelligence,Springer Nature,2025,2025-12-19,CMCTS: A Constrained Monte Carlo Tree Search framework for mathematical reasoning in large language model,Qingwen Lin; Boyan Xu; Guimin Hu; Zijian Li; Zhifeng Hao; Keli Zhang; Ruichu Cai,56,1,10.1007/s10489-025-07044-6,https://doi.org/10.1007/s10489-025-07044-6,article,Applied Intelligence,https://openalex.org/W4407690453
Applied Intelligence,Springer Nature,2025,2025-12-19,Integrating textual data and knowledge graphs for intelligent fault diagnosis in railway operational equipment,Xiaorui Yang; Honghui Li; Junwen Zhang; Yunhao Deng; Huijing Yuan,56,1,10.1007/s10489-025-07011-1,https://doi.org/10.1007/s10489-025-07011-1,article,Applied Intelligence,https://openalex.org/W4417477727
Applied Intelligence,Springer Nature,2025,2025-12-19,PerQoDA: strength of association between data and labels as a measure of dataset quality in network traffic classification,Katarzyna Wasielewska; Dominik Soukup; Tomáš Čejka; Joe Carthy; José Camacho,56,1,10.1007/s10489-025-06925-0,https://doi.org/10.1007/s10489-025-06925-0,article,Applied Intelligence,https://openalex.org/W4417477835
Applied Intelligence,Springer Nature,2025,2025-12-19,Popularity debiasing of multi-behavior recommendation via causal inference and data augmentation,Chenzhong Bin; Hong Chen; Feng Zhang,56,1,10.1007/s10489-025-07053-5,https://doi.org/10.1007/s10489-025-07053-5,article,Applied Intelligence,https://openalex.org/W4417477723
Applied Intelligence,Springer Nature,2025,2025-12-20,"Fast, small and robust hyperspectral 3DGS based on spectral compression",Runchuan Ma; Ting Chen; Sailing He,56,1,10.1007/s10489-025-06983-4,https://doi.org/10.1007/s10489-025-06983-4,article,Applied Intelligence,https://openalex.org/W4417516296
Applied Intelligence,Springer Nature,2025,2025-12-20,MS-DCSNet: Global-local feature interaction and multi-scale dynamic channel shuffle attention for medical image segmentation,Hao Zhai; Yang Zhang; Yang Zhang; Ping Yu; Ping Yu; Yuanzhe Zhang; Yuanzhe Zhang,56,1,10.1007/s10489-025-06987-0,https://doi.org/10.1007/s10489-025-06987-0,article,Applied Intelligence,https://openalex.org/W7128216767
Applied Intelligence,Springer Nature,2025,2025-12-20,Multi-attribute prediction decision-making method based on rough fuzzy sets of causal analysis,Yao Chen; Bin Yu; Zeshui Xu,56,1,10.1007/s10489-025-07049-1,https://doi.org/10.1007/s10489-025-07049-1,article,Applied Intelligence,https://openalex.org/W7128242085
Applied Intelligence,Springer Nature,2025,2025-12-27,Bipartite graph regularized robust low-rank matrix factorization for fast semi-supervised image clustering,Nan Zhou; Wenjun Luo; Zezhong Wu; Yuanhua Du; Kaibo Shi; Badong Chen,56,1,10.1007/s10489-025-07040-w,https://doi.org/10.1007/s10489-025-07040-w,article,Applied Intelligence,https://openalex.org/W7117361161
Applied Intelligence,Springer Nature,2025,2025-12-27,Column coordinate based dynamic gain aging-aware quantized iterative learning control,Tianyi Lan; Meng Zhou; Saleem Riaz,56,1,10.1007/s10489-025-07003-1,https://doi.org/10.1007/s10489-025-07003-1,article,Applied Intelligence,https://openalex.org/W7117372960
Applied Intelligence,Springer Nature,2025,2025-12-27,Cultural relic image restoration using two-stage transformer-CNN framework,Xing Wu; Deyu Gao; Zhi Li; Junfeng Yao; Quan QIAN; Jun Song,56,1,10.1007/s10489-025-07058-0,https://doi.org/10.1007/s10489-025-07058-0,article,Applied Intelligence,https://openalex.org/W7117353681
Applied Intelligence,Springer Nature,2025,2025-12-27,GMKAT: Geospatial Multipath Kolmogorov-Arnold Transformer for flood susceptibility mapping,Minzhen Cao; Hao Jiang Deng; Hongwei Dai; Shengjie Zhao,56,1,10.1007/s10489-025-06939-8,https://doi.org/10.1007/s10489-025-06939-8,article,Applied Intelligence,https://openalex.org/W7117367092
Applied Intelligence,Springer Nature,2025,2025-12-27,Lane mark segmentation from sparse event image via lightweight large kernel network,Mingyong Zhuang; Xinbo Chen; Yixiong Zhang; Jianyang Zhou,56,1,10.1007/s10489-025-07047-3,https://doi.org/10.1007/s10489-025-07047-3,article,Applied Intelligence,https://openalex.org/W7117361265
Applied Intelligence,Springer Nature,2025,2025-12-27,MSLP-Gruformer: a hybrid model based on iTransformer for day-ahead photovoltaic power forecasting,Dongcheng Mo; Yue Gao; Zhi Shen Wu; Yonggang Wang; Shengzhou Feng,56,1,10.1007/s10489-025-07055-3,https://doi.org/10.1007/s10489-025-07055-3,article,Applied Intelligence,https://openalex.org/W7117374914
Applied Intelligence,Springer Nature,2025,2025-12-27,UCRT: a two-stage noisy label learning framework with uniform consistency selection and robust training,Qian Zhang; Qiu Chen,56,1,10.1007/s10489-025-07051-7,https://doi.org/10.1007/s10489-025-07051-7,book-chapter,Applied Intelligence,https://openalex.org/W7117358770
Applied Intelligence,Springer Nature,2025,2025-12-29,A group decision-making model based on public big data and minority opinions for sudden events,Donghong Tian; Xiaojuan Chen; Xinran Peng; Yang Xiao,56,1,10.1007/s10489-025-07061-5,https://doi.org/10.1007/s10489-025-07061-5,article,Applied Intelligence,https://openalex.org/W7117458653
Applied Intelligence,Springer Nature,2025,2025-12-29,Adaptive disentangled learning recommendation via similarity popularity,Jianmei Ye; Heming Wang; Jiangzhou Deng; Zhiqiang Zhang; Yong Wang; Zeshui Xu; Kobiljon Kh. Khushvakhtzoda,56,1,10.1007/s10489-025-07050-8,https://doi.org/10.1007/s10489-025-07050-8,article,Applied Intelligence,https://openalex.org/W7117478860
Applied Intelligence,Springer Nature,2026,2026-01-01,A deep metric framework for reliable semi-supervised learning on evolving data streams,Hongliang Wang; Liangxv Pan; Zhonglin Wu; Lei Liu; Haifeng Peng; Yulin Tao; Qinli Yang; Junming Shao,56,2,10.1007/s10489-025-07072-2,https://doi.org/10.1007/s10489-025-07072-2,book-chapter,Applied Intelligence,https://openalex.org/W7124430786
Applied Intelligence,Springer Nature,2026,2026-01-01,A lightweight digital twin of cold metal transfer welding based on twin data and improved C-DCGAN algorithm,Xiangxing Li; Kai Yang; Haisong Huang; Jiadui Chen; Jinwei Yang,56,1,10.1007/s10489-025-07042-8,https://doi.org/10.1007/s10489-025-07042-8,article,Applied Intelligence,https://openalex.org/W7122830769
Applied Intelligence,Springer Nature,2026,2026-01-01,A novel membrane-inspired evolutionary algorithm framework for VRPTW,Zhonghai Bai; Václav Snåšel; Seyedali Mirjalili; Bay Vo; Lingping Kong; Xiaopeng Wang Xiaopeng Wang,56,2,10.1007/s10489-025-07068-y,https://doi.org/10.1007/s10489-025-07068-y,article,Applied Intelligence,https://openalex.org/W7125589229
Applied Intelligence,Springer Nature,2026,2026-01-01,AFFNet: Adaptive feature fusion network for defect detection of industrial product surface,Zhicheng Jia; S. Wang; Jing‐Hua Zheng; Xiaobo Han; Yongwei Tang; Fuzhen Sun,56,2,10.1007/s10489-026-07099-z,https://doi.org/10.1007/s10489-026-07099-z,article,Applied Intelligence,https://openalex.org/W7125593565
Applied Intelligence,Springer Nature,2026,2026-01-01,AMCNN: attention-based multi-column neural network for multivariate multi-step time series prediction,Wenjing Li; Zhiqian Chen; Rong Qiu,56,1,10.1007/s10489-025-07057-1,https://doi.org/10.1007/s10489-025-07057-1,article,Applied Intelligence,https://openalex.org/W7119899728
Applied Intelligence,Springer Nature,2026,2026-01-01,An adaptive dynamic multi-objective evolutionary algorithm using two-stage correlation-based decision variable analysis,Tianyu Liu; Siyue Xu; Xiangfei Wu,56,1,10.1007/s10489-025-07069-x,https://doi.org/10.1007/s10489-025-07069-x,article,Applied Intelligence,https://openalex.org/W7119512264
Applied Intelligence,Springer Nature,2026,2026-01-01,Attentive Q-matrix learning for knowledge tracing,Zhongfeng Jia; Wei Su; Jiamin Liu; Wenli Yue,56,1,10.1007/s10489-025-07064-2,https://doi.org/10.1007/s10489-025-07064-2,article,Applied Intelligence,https://openalex.org/W7119470291
Applied Intelligence,Springer Nature,2026,2026-01-01,Attribute reduction based on generalized weighted neighborhood rough sets in generalized interval set information systems,H. J. Yang; He Wang; Zhi-Lian Guo,56,1,10.1007/s10489-025-07043-7,https://doi.org/10.1007/s10489-025-07043-7,article,Applied Intelligence,https://openalex.org/W7120025238
Applied Intelligence,Springer Nature,2026,2026-01-01,BSAN: bilateral synergistic aggregation network for aspect-based sentiment analysis,Yanxi Zheng; Mingwei Tang; Yujun Chen; Kun Yang; Jie Hu,56,1,10.1007/s10489-025-07082-0,https://doi.org/10.1007/s10489-025-07082-0,article,Applied Intelligence,https://openalex.org/W7124321784
Applied Intelligence,Springer Nature,2026,2026-01-01,"Carbon emission, footprint and pricing prediction using machine learning: A survey",Zhaoyu Li; Huanqing Zheng; Xinyi Fan; Zhiyan You; Jiangtao Hu; Yi Min Xie; Jielei Chu; Tianrui Li,56,2,10.1007/s10489-025-07037-5,https://doi.org/10.1007/s10489-025-07037-5,article,Applied Intelligence,https://openalex.org/W7126256580
Applied Intelligence,Springer Nature,2026,2026-01-01,Collaborative deep learning framework based on adaptive feature fusion for malignancy prediction of lung nodules,Ruoyu Wu; Changyu Liang; Yuan Li; Qijuan Tan; Jiuquan Zhang; Hong Huang,56,2,10.1007/s10489-025-07073-1,https://doi.org/10.1007/s10489-025-07073-1,article,Applied Intelligence,https://openalex.org/W7125607299
Applied Intelligence,Springer Nature,2026,2026-01-01,Conditional guided diffusion model in latent space for social recommendation,Yijun Hu; Rui Tang; Xian Mo,56,2,10.1007/s10489-026-07094-4,https://doi.org/10.1007/s10489-026-07094-4,book-chapter,Applied Intelligence,https://openalex.org/W7125390572
Applied Intelligence,Springer Nature,2026,2026-01-01,Correction to: E-GAIL: efficient GAIL through including negative corruption and long-term rewards for robotic manipulations,Jiayi Tan; Gang Chen; Zeyuan Huang; Haofeng Liu; Marcelo H. Jr. Ang,56,1,10.1007/s10489-025-06830-6,https://doi.org/10.1007/s10489-025-06830-6,erratum,Applied Intelligence,https://openalex.org/W7118188385
Applied Intelligence,Springer Nature,2026,2026-01-01,Cross-staining pathological diagnosis based on spatially enriched multiple instance learning with clinical embedding,Qiming He; Shuang Ge; Qiang Huang; Jing Li; Tian Guan; Zhe Wang; Yonghong He,56,2,10.1007/s10489-026-07109-0,https://doi.org/10.1007/s10489-026-07109-0,article,Applied Intelligence,https://openalex.org/W7126201590
Applied Intelligence,Springer Nature,2026,2026-01-01,DA-NGF: A Domain-Adaptive Neurogenerative Framework for Few-Shot Railway Fastener Defect Synthesis and Transferable Representation Learning,Qasim Zaheer; Haleema Ehsan; Wei Wang; Syed Faizan Hussain Shah; Chengbo Ai; Jin Wang; Shi Qiu,56,1,10.1007/s10489-025-07054-4,https://doi.org/10.1007/s10489-025-07054-4,article,Applied Intelligence,https://openalex.org/W7118629984
Applied Intelligence,Springer Nature,2026,2026-01-01,DEA statistical analysis and Shannon entropy-driven interval multiplicative probabilistic linguistic group decision-making,Feifei Jin; Yiping Cao; Jinpei Liu,56,1,10.1007/s10489-025-06977-2,https://doi.org/10.1007/s10489-025-06977-2,article,Applied Intelligence,https://openalex.org/W7119051840
Applied Intelligence,Springer Nature,2026,2026-01-01,DG-Morph: dense convolutional and gated feature extraction network for multimodal 3D prostate MRI registration,Mengxing Huang; Zhihao Huang; Zehao Ni; Yu Zhang; N. N. Liu; Uzair Aslam Bhatti; Jing M. Chen; Gang Wang; Zhiming Bai,56,2,10.1007/s10489-025-07078-w,https://doi.org/10.1007/s10489-025-07078-w,article,Applied Intelligence,https://openalex.org/W7125419012
Applied Intelligence,Springer Nature,2026,2026-01-01,Event-triggered fixed-time adaptive control for constrained nonlinear systems with input dead-zone and saturation,Mohamed Kharrat; Paolo Mercorelli,56,2,10.1007/s10489-026-07085-5,https://doi.org/10.1007/s10489-026-07085-5,article,Applied Intelligence,https://openalex.org/W7124423536
Applied Intelligence,Springer Nature,2026,2026-01-01,Few-shot object detection via dynamic feature enhancement and attention template matching,Ruqi Su; Kai Zhang; Songhao Zhu,56,1,10.1007/s10489-025-06997-y,https://doi.org/10.1007/s10489-025-06997-y,article,Applied Intelligence,https://openalex.org/W7118170238
Applied Intelligence,Springer Nature,2026,2026-01-01,Gender biases in online communication: A case study of soccer,Mariana Gomes da Motta Macedo; Akrati Saxena,56,1,10.1007/s10489-025-06988-z,https://doi.org/10.1007/s10489-025-06988-z,article,Applied Intelligence,https://openalex.org/W7118341742
Applied Intelligence,Springer Nature,2026,2026-01-01,Hybrid stock price forecasting model using LSTM of attention mechanism combining noise removal and neighborhood rough set,Yuqi Guo; Bingzhen Sun; Juncheng Bai; Weiping Ding,56,2,10.1007/s10489-025-07048-2,https://doi.org/10.1007/s10489-025-07048-2,article,Applied Intelligence,https://openalex.org/W7125118576
Applied Intelligence,Springer Nature,2026,2026-01-01,KA-AttLSTMnet: a Kolmogorov-Arnold attentional architecture for egocentric navigation prediction from hippocampal CA1 spikes,Xiaolong Wu; Jianhong Yang; Zhanhong Jeff Du,56,1,10.1007/s10489-025-07070-4,https://doi.org/10.1007/s10489-025-07070-4,article,Applied Intelligence,https://openalex.org/W7118865463
Applied Intelligence,Springer Nature,2026,2026-01-01,MMTSleepNet: a multi-modal fusion network via temporal sequence for sleep staging,Jie Pan; Wenlong Lv; Xiaoyu Zou; Ying Gao; Ying Liu; Ying Liu; Xuelin Peng,56,1,10.1007/s10489-025-07016-w,https://doi.org/10.1007/s10489-025-07016-w,article,Applied Intelligence,https://openalex.org/W7119533496
Applied Intelligence,Springer Nature,2026,2026-01-01,Mapping creditworthiness for Chinese small and medium-sized enterprises: integrating knowledge graphs and graph neural networks,Cuixia Jiang; Jingyuan Zheng; Qifa Xu,56,1,10.1007/s10489-025-07013-z,https://doi.org/10.1007/s10489-025-07013-z,article,Applied Intelligence,https://openalex.org/W7123409249
Applied Intelligence,Springer Nature,2026,2026-01-01,Metric learning based weighted linear discriminant analysis for imbalanced multi-label classification,Tingquan Deng; Jintian Huang; Yiying Chen,56,1,10.1007/s10489-025-07045-5,https://doi.org/10.1007/s10489-025-07045-5,article,Applied Intelligence,https://openalex.org/W7118396876
Applied Intelligence,Springer Nature,2026,2026-01-01,Multi-level supervised and fine-grained feature enhancement for person search,Xuyang Zhang; Sijie Yang; H H Liu; Heyan Jin; Guangqiang Yin; Ye Li,56,2,10.1007/s10489-025-06996-z,https://doi.org/10.1007/s10489-025-06996-z,article,Applied Intelligence,https://openalex.org/W7125601185
Applied Intelligence,Springer Nature,2026,2026-01-01,Multimodal fusion network with multi-scale structure and metabolic focus for enhancing Alzheimer’s disease prediction,Jiayuan Cheng; Fei Liu; Shicheng Wei,56,2,10.1007/s10489-026-07105-4,https://doi.org/10.1007/s10489-026-07105-4,article,Applied Intelligence,https://openalex.org/W7126272846
Applied Intelligence,Springer Nature,2026,2026-01-01,Non-destructive evaluation of material hardness using micromagnetic sensors and complex neural networks,Diyar Altinses; David Orlando Salazar Torres; Viktor Holstein; Matthias Hermes; Andreas Schwung,56,1,10.1007/s10489-026-07089-1,https://doi.org/10.1007/s10489-026-07089-1,article,Applied Intelligence,https://openalex.org/W7119537443
Applied Intelligence,Springer Nature,2026,2026-01-01,PAPET: piece attention and position-aware embedding with Top-k network for multi-domain spoken language understanding,Xu Jia; Ruochen Zhang; Min Peng,56,2,10.1007/s10489-025-07046-4,https://doi.org/10.1007/s10489-025-07046-4,article,Applied Intelligence,https://openalex.org/W7124766079
Applied Intelligence,Springer Nature,2026,2026-01-01,Random neighborhood ensemble-based one-class classification algorithm for anomaly detection,Sungho Park; Jaehong Yu,56,1,10.1007/s10489-025-07038-4,https://doi.org/10.1007/s10489-025-07038-4,article,Applied Intelligence,https://openalex.org/W7118086100
Applied Intelligence,Springer Nature,2026,2026-01-01,Research on improved fast-RCNN target detection algorithm based on Kolmogorov-Arnold network,Zhigang Ren; Xiangjun Tang; Guoquan Ren; Dinghai Wu,56,2,10.1007/s10489-025-06817-3,https://doi.org/10.1007/s10489-025-06817-3,article,Applied Intelligence,https://openalex.org/W7125952786
Applied Intelligence,Springer Nature,2026,2026-01-01,Revisiting multi-view semi-supervised classification: a reinforcement learning perspective,Zhicheng Wei; Zhiling Cai; Zhibin Shi; Zihan Fang; Mingjian Fu; Shiping Wang,56,1,10.1007/s10489-025-06929-w,https://doi.org/10.1007/s10489-025-06929-w,article,Applied Intelligence,https://openalex.org/W7119471629
Applied Intelligence,Springer Nature,2026,2026-01-01,SDLK-Net: Enhanced squeezed directional large kernel multi-scale multi-modal fusion network for salient object detection,Lingyu Yan; Ting Zhou; Rong Gao; Zengmao Wang; Zhiwei Ye; Xinyun Wu,56,1,10.1007/s10489-025-07060-6,https://doi.org/10.1007/s10489-025-07060-6,article,Applied Intelligence,https://openalex.org/W7118481558
Applied Intelligence,Springer Nature,2026,2026-01-01,SFM_MF: A streamflow forecasting model based on model fusion for small-sample data in small and medium-sized rivers,Suhe Zhang; Yufeng Yu; Qingqing Chen; Qun Zhao; Ziyang Chen,56,2,10.1007/s10489-025-07074-0,https://doi.org/10.1007/s10489-025-07074-0,article,Applied Intelligence,https://openalex.org/W7125684508
Applied Intelligence,Springer Nature,2026,2026-01-01,SIPA: a self-iterative preference alignment method for generative language models,Yongping Du; Binrui Wang; Yin Hou; Honggui Han,56,2,10.1007/s10489-025-07079-9,https://doi.org/10.1007/s10489-025-07079-9,article,Applied Intelligence,https://openalex.org/W7125968853
Applied Intelligence,Springer Nature,2026,2026-01-01,Scheduling all-scale multi-point manufacturing problems with a single neural model,Jie Liu; Hwa Jen Yap; Anis Salwa Mohd Khairuddin,56,2,10.1007/s10489-026-07091-7,https://doi.org/10.1007/s10489-026-07091-7,book-chapter,Applied Intelligence,https://openalex.org/W7125612966
Applied Intelligence,Springer Nature,2026,2026-01-01,SevenNet: rethinking convolutional neural networks with a formula-based architecture,Amira Bendaoud; Fella Hachouf,56,2,10.1007/s10489-026-07084-6,https://doi.org/10.1007/s10489-026-07084-6,article,Applied Intelligence,https://openalex.org/W7125823147
Applied Intelligence,Springer Nature,2026,2026-01-01,SiamDMCF: a dynamic multi-order context fusion siamese network for robust visual tracking,Yu-e Lin; Xingyuan Ge; Xingzhu Liang; Jinliang Zhang,56,2,10.1007/s10489-025-07077-x,https://doi.org/10.1007/s10489-025-07077-x,article,Applied Intelligence,https://openalex.org/W7124943388
Applied Intelligence,Springer Nature,2026,2026-01-01,Socially aware navigation for mobile robots: a survey on deep reinforcement learning approaches,Ibrahim Khalil Kabir; Muhammad Faizan Mysorewala,56,1,10.1007/s10489-025-06982-5,https://doi.org/10.1007/s10489-025-06982-5,article,Applied Intelligence,https://openalex.org/W7119513244
Applied Intelligence,Springer Nature,2026,2026-01-01,Spatiotemporal decoupling-gated transformer: modeling high-dimensional coupling for traffic flow prediction,Gong Wang; Wei Sun; Junbo Gao; Chunyu Wang; Lai Wei,56,1,10.1007/s10489-025-07056-2,https://doi.org/10.1007/s10489-025-07056-2,article,Applied Intelligence,https://openalex.org/W7119525080
Applied Intelligence,Springer Nature,2026,2026-01-01,Spill-free liquid container handling using deep reinforcement learning agents in feedback control,Ashish Kumar Shakya; Mike Fogel; G. N. Pillai; Laurent Burlion; Sohom Chakrabarty,56,2,10.1007/s10489-025-07041-9,https://doi.org/10.1007/s10489-025-07041-9,article,Applied Intelligence,https://openalex.org/W7125909988
Applied Intelligence,Springer Nature,2026,2026-01-01,Three-stage medical few-shot classification based on adaptive regularization with HMCE loss,Yiming Chen; Shuhua Mao; Yingjie Yang,56,2,10.1007/s10489-026-07125-0,https://doi.org/10.1007/s10489-026-07125-0,article,Applied Intelligence,https://openalex.org/W7126150157
Applied Intelligence,Springer Nature,2026,2026-01-01,"Three-way conflict analysis: Relative alliance, neutrality, and conflict reducts in a three-valued decision situation table",Guangming Lang; Xuemei Ran,56,1,10.1007/s10489-025-07052-6,https://doi.org/10.1007/s10489-025-07052-6,article,Applied Intelligence,https://openalex.org/W7118070954
Applied Intelligence,Springer Nature,2026,2026-01-16,Event-triggered fixed-time adaptive control for constrained nonlinear systems with input dead-zone and saturation,Mohamed Kharrat; Paolo Mercorelli,,,10.48548/pubdata-2853,https://doi.org/10.48548/pubdata-2853,article,Applied Intelligence,https://openalex.org/W7124744769
Applied Intelligence,Springer Nature,2026,2026-01-31,A line shape descriptor for LiDAR loop-closure detection,Fanrui Luo; Yang Cheng; Zhenyu Liu,56,3,10.1007/s10489-025-07075-z,https://doi.org/10.1007/s10489-025-07075-z,article,Applied Intelligence,https://openalex.org/W7126430147
Applied Intelligence,Springer Nature,2026,2026-01-31,A scale-adaptive spatio-temporal modeling approach for multivariate time-series anomaly detection,Luoyao Chen; Cheng Wang; Huangxing Lin; Lincong Chen; Jin Jiang; Xiongming Lai,56,3,10.1007/s10489-026-07120-5,https://doi.org/10.1007/s10489-026-07120-5,article,Applied Intelligence,https://openalex.org/W7126376720
Applied Intelligence,Springer Nature,2026,2026-02-01,A hybrid machine learning model for flood prediction with recursive feature elimination informed by training performance,Liying Gong; Wai Lok Woo; Yue Ivan Wu; Xiujuan Zheng,56,4,10.1007/s10489-025-06959-4,https://doi.org/10.1007/s10489-025-06959-4,article,Applied Intelligence,https://openalex.org/W7130382325
Applied Intelligence,Springer Nature,2026,2026-02-01,"A stacked ensemble of LSTM, GRU and XGBoost with residual learning for corn futures price forecasting",Xin‐Jiang He; Zezhou Chen; Sha Lin,56,4,10.1007/s10489-026-07087-3,https://doi.org/10.1007/s10489-026-07087-3,article,Applied Intelligence,https://openalex.org/W7130507100
Applied Intelligence,Springer Nature,2026,2026-02-01,AlignNet: spatiotemporal alignment and multi-scale feature fusion for enhanced LiDAR semantic segmentation,Shuyi Tan; Yi Zhang; Yan Hua. Li; Byeong‐Seok Shin,56,4,10.1007/s10489-025-07021-z,https://doi.org/10.1007/s10489-025-07021-z,article,Applied Intelligence,https://openalex.org/W7132831044
Applied Intelligence,Springer Nature,2026,2026-02-01,An explainable graph neural network framework for illicit financial transaction detection,Xiaosong He; Huang Jie; Kai Ma; Hongjing He; Mingdong Li,56,4,10.1007/s10489-026-07138-9,https://doi.org/10.1007/s10489-026-07138-9,article,Applied Intelligence,https://openalex.org/W7130511675
Applied Intelligence,Springer Nature,2026,2026-02-01,Attribute reduction algorithm based on variable precision neighborhood rough set with bivariate and inclusion degree,Shangzhi Wu; Jie Liu; Zhengwei Hao,56,4,10.1007/s10489-026-07106-3,https://doi.org/10.1007/s10489-026-07106-3,article,Applied Intelligence,https://openalex.org/W7131350290
Applied Intelligence,Springer Nature,2026,2026-02-01,Automated explainable machine learning for squeeze-casting: automatic relationship analysis,Jianxin Deng; Bolin Dai; Yanyun Yang; Zhanghua Nong; Zheng Yin,56,4,10.1007/s10489-026-07088-2,https://doi.org/10.1007/s10489-026-07088-2,article,Applied Intelligence,https://openalex.org/W7131652400
Applied Intelligence,Springer Nature,2026,2026-02-01,Benefit-cost frontier-aware semantic reasoning for zero-shot object navigation,Hanrui Chen; Liqi Yan; Qifan Wang; Jianhui Zhang; Fangli Guan; Pan Li,56,4,10.1007/s10489-026-07144-x,https://doi.org/10.1007/s10489-026-07144-x,article,Applied Intelligence,https://openalex.org/W7131117265
Applied Intelligence,Springer Nature,2026,2026-02-01,Blunder prediction in chess,Yarden Rokach; Bracha Shapira,56,4,10.1007/s10489-026-07131-2,https://doi.org/10.1007/s10489-026-07131-2,article,Applied Intelligence,https://openalex.org/W7128950371
Applied Intelligence,Springer Nature,2026,2026-02-01,CCNN-SCD: a deep composite architecture for skin cancer detection using feature engineering-aided convolutional neural networks for dermatological diagnosis,Madiha Hameed; Aneela Zameer Jaffery; Muhammad Yousaf Hamza; Muhammad Asif Zahoor Raja,56,4,10.1007/s10489-026-07111-6,https://doi.org/10.1007/s10489-026-07111-6,article,Applied Intelligence,https://openalex.org/W7131357786
Applied Intelligence,Springer Nature,2026,2026-02-01,Comparative performance analysis of quantum machine learning architectures for credit card fraud detection,Mansour El Alami; Nouhaila Innan; Muhammad Shafique; Mohamed Bennai,56,3,10.1007/s10489-026-07110-7,https://doi.org/10.1007/s10489-026-07110-7,article,Applied Intelligence,https://openalex.org/W7128488094
Applied Intelligence,Springer Nature,2026,2026-02-01,Correction to: Personalized federated learning with exact stochastic gradient descent,Sotirios Nikoloutsopoulos; I. Koutsopoulos; Michalis K. Titsias,56,3,10.1007/s10489-026-07123-2,https://doi.org/10.1007/s10489-026-07123-2,erratum,Applied Intelligence,https://openalex.org/W7127942314
Applied Intelligence,Springer Nature,2026,2026-02-01,DSAN: a dual-scale spatial-temporal aggregation network for robust gait recognition in one-shot and cross-view scenarios,Liang Ren; XiuHui Wang; Wei Qi Yan,56,4,10.1007/s10489-026-07146-9,https://doi.org/10.1007/s10489-026-07146-9,article,Applied Intelligence,https://openalex.org/W7131346567
Applied Intelligence,Springer Nature,2026,2026-02-01,Detection of transcoding from HEVC to VVC based on CU types and Motion Vector Map,Jiajian Lin; Jianlin Zhang; Shan Bian; Chuntao Wang,56,4,10.1007/s10489-026-07134-z,https://doi.org/10.1007/s10489-026-07134-z,article,Applied Intelligence,https://openalex.org/W7128961302
Applied Intelligence,Springer Nature,2026,2026-02-01,EFNet: enhanced activation and fine-grained information auxiliary network for salient object detection,Chao Yang; Zheng Guan; Xue Wang; Wenbi Ma,56,4,10.1007/s10489-026-07103-6,https://doi.org/10.1007/s10489-026-07103-6,article,Applied Intelligence,https://openalex.org/W7129262877
Applied Intelligence,Springer Nature,2026,2026-02-01,EPHG-CR: embedding propagation for heterogeneous graphs with class refinement,Brucce Neves dos Santos; Ricardo Marcondes Marcacini; Alí­pio Jorge; Ricardo Campos; Solange Oliveira Rezende,56,4,10.1007/s10489-026-07108-1,https://doi.org/10.1007/s10489-026-07108-1,article,Applied Intelligence,https://openalex.org/W7132829512
Applied Intelligence,Springer Nature,2026,2026-02-01,Enhancing hyperspectral image prediction with contrastive learning in low-label regimes,Salma Haidar; José Oramas,56,3,10.1007/s10489-025-07071-3,https://doi.org/10.1007/s10489-025-07071-3,article,Applied Intelligence,https://openalex.org/W7127571380
Applied Intelligence,Springer Nature,2026,2026-02-01,Entity injection with contrastive learning encoder for Chinese few-shot natural language inference,Peichao Lai; Feiyang Ye; Yanggeng Fu; Ruiqing Wang; Yingjie Wu; Yilei Wang,56,3,10.1007/s10489-026-07124-1,https://doi.org/10.1007/s10489-026-07124-1,article,Applied Intelligence,https://openalex.org/W7128731230
Applied Intelligence,Springer Nature,2026,2026-02-01,Explainable classifier with adaptive optimisation for medical data,José Ramón Trillo; María José Del Moral; Juan Miguel Tapia; Julia García-Cabello; Francisco Javier Cabrerizo,56,3,10.1007/s10489-025-07081-1,https://doi.org/10.1007/s10489-025-07081-1,article,Applied Intelligence,https://openalex.org/W7128090843
Applied Intelligence,Springer Nature,2026,2026-02-01,Extending neighborhood aggregation: fine-grained node representation learning for text-attributed graphs under community structures,Yuyi Wang; Qiang Zhou; Tianhua Ran; Dedong Lu; Yunqi Mi; Naibin He; Xueming Qian; Guoshuai Zhao,56,4,10.1007/s10489-026-07118-z,https://doi.org/10.1007/s10489-026-07118-z,article,Applied Intelligence,https://openalex.org/W7130348502
Applied Intelligence,Springer Nature,2026,2026-02-01,FCFCNN: frequency coupled fusion convolutional neural network for hyperspectral and LiDAR data classification,Yin Yin; Yining Feng; Chuanming Song; Xianghai Wang,56,4,10.1007/s10489-026-07126-z,https://doi.org/10.1007/s10489-026-07126-z,article,Applied Intelligence,https://openalex.org/W7130711950
Applied Intelligence,Springer Nature,2026,2026-02-01,FREQuency ATTribution: benchmarking frequency-based occlusion for time series data,Dominique Mercier; Andreas R. Dengel; Sheraz Ahmed,56,4,10.1007/s10489-026-07116-1,https://doi.org/10.1007/s10489-026-07116-1,article,Applied Intelligence,https://openalex.org/W7131300048
Applied Intelligence,Springer Nature,2026,2026-02-01,Fault diagnosis for railway point machines based on improved multi-scale derivative wavelet packet energy entropy and two-stage feature selection,Yongkui Sun; Yuan Cao; Peng Li; Shuai Su,56,4,10.1007/s10489-025-06773-y,https://doi.org/10.1007/s10489-025-06773-y,article,Applied Intelligence,https://openalex.org/W7131691135
Applied Intelligence,Springer Nature,2026,2026-02-01,FinBERT-BiLSTM: a deep learning model for predicting volatile cryptocurrency market prices using market sentiment dynamics,Mabsur Fatin Bin Hossain; L. Lamia; Md Mahmudur Rahman; Md. Mosaddek Khan,56,3,10.1007/s10489-026-07086-4,https://doi.org/10.1007/s10489-026-07086-4,article,Applied Intelligence,https://openalex.org/W7128911372
Applied Intelligence,Springer Nature,2026,2026-02-01,Forged anomaly detection using advanced deep learning,Nomica Choudhry; Jemal Abawajy; Shamsul Huda; Imran Rao,56,3,10.1007/s10489-026-07114-3,https://doi.org/10.1007/s10489-026-07114-3,article,Applied Intelligence,https://openalex.org/W7128693711
Applied Intelligence,Springer Nature,2026,2026-02-01,Hierarchical structure-guided incomplete multi-view tensor clustering,Jiaxin Yang; Qian Liu; Honglin Liu; Chunyan Yang; Wengeng Chen; Wenzhe Liu; Huibing Wang,56,4,10.1007/s10489-025-07076-y,https://doi.org/10.1007/s10489-025-07076-y,article,Applied Intelligence,https://openalex.org/W7130311427
Applied Intelligence,Springer Nature,2026,2026-02-01,HyperKGLinker: A method for solving link prediction in hyper-relational knowledge graphs,Xiaochao Dang; Xiaoling Shu; Xiaohui Dong; Fenfang Li,56,3,10.1007/s10489-026-07104-5,https://doi.org/10.1007/s10489-026-07104-5,article,Applied Intelligence,https://openalex.org/W7128522726
Applied Intelligence,Springer Nature,2026,2026-02-01,Hypergraph random field model for multiple object tracking in dense scenarios,Junwen Zhang; Xiaolong Zhang; Ziqi Zhu; Chunhua Deng,56,4,10.1007/s10489-025-07063-3,https://doi.org/10.1007/s10489-025-07063-3,article,Applied Intelligence,https://openalex.org/W7129016261
Applied Intelligence,Springer Nature,2026,2026-02-01,Improving Non-IID federated survival analysis with data augmentation and gradient boosted trees,Xinyi Zhang; Yi Zou; Yanni Huang; Shu Kay Ng; Hong Wang,56,4,10.1007/s10489-026-07147-8,https://doi.org/10.1007/s10489-026-07147-8,article,Applied Intelligence,https://openalex.org/W7129037757
Applied Intelligence,Springer Nature,2026,2026-02-01,Incremental methods for incomplete neighborhood multi-granularity three-way approximations with time-varying attributes,Xiaobiao Chang; Chengxiang Hu; Xiaoling Huang,56,3,10.1007/s10489-025-07067-z,https://doi.org/10.1007/s10489-025-07067-z,article,Applied Intelligence,https://openalex.org/W7128061250
Applied Intelligence,Springer Nature,2026,2026-02-01,Label distribution learning via robust interval estimation,Peiqiu Yu; Xiuyi Jia,56,4,10.1007/s10489-026-07101-8,https://doi.org/10.1007/s10489-026-07101-8,article,Applied Intelligence,https://openalex.org/W7129778539
Applied Intelligence,Springer Nature,2026,2026-02-01,MQSF-AC: Multi-Q with selective forgetting actor-critic for robot path planning,Yuwan Gu; Yan Chen; Fang Meng; Ronghai Miao; Jie Hao; Jidong Lv,56,4,10.1007/s10489-026-07090-8,https://doi.org/10.1007/s10489-026-07090-8,article,Applied Intelligence,https://openalex.org/W7131678546
Applied Intelligence,Springer Nature,2026,2026-02-01,Mamba-integrated spatio-temporal attention graph convolutional network for session-based recommendation,Yafang Li; Miao Wang; Baokai Zu; Caiyan Jia; Hongyuan Wang,56,3,10.1007/s10489-026-07097-1,https://doi.org/10.1007/s10489-026-07097-1,article,Applied Intelligence,https://openalex.org/W7128512596
Applied Intelligence,Springer Nature,2026,2026-02-01,Matrix-based multi-granularity multi-source fuzzy information fusion for three-dimensional dynamic data,Xiaoyan Zhang; Jiaxin Guo,56,4,10.1007/s10489-026-07098-0,https://doi.org/10.1007/s10489-026-07098-0,article,Applied Intelligence,https://openalex.org/W7131358413
Applied Intelligence,Springer Nature,2026,2026-02-01,Multimodal hand feature recognition base on modality-related feature interaction,Huabin Wang; Li Zhang; Shicheng Wei; Fei Liu; Liang Tao,56,3,10.1007/s10489-026-07128-x,https://doi.org/10.1007/s10489-026-07128-x,article,Applied Intelligence,https://openalex.org/W7128903912
Applied Intelligence,Springer Nature,2026,2026-02-01,Multiscale contrast-limited image enhancement for palmprint recognition with VisionInceptNet,Rinkal Jain; Chintan B. Bhatt; Shakti Mishra; Thanh Thi Nguyen,56,3,10.1007/s10489-026-07119-y,https://doi.org/10.1007/s10489-026-07119-y,article,Applied Intelligence,https://openalex.org/W7128079443
Applied Intelligence,Springer Nature,2026,2026-02-01,Online recommendation in non-stationary environments based on knowledge graph enhancement and time-varying reward mechanism,Jiaxin Li; Jinyun Fang,56,3,10.1007/s10489-025-07083-z,https://doi.org/10.1007/s10489-025-07083-z,article,Applied Intelligence,https://openalex.org/W7127411664
Applied Intelligence,Springer Nature,2026,2026-02-01,Outlier detection for Riemannian manifold-valued functional data with applications to long-haul flight trajectories,Xiaokang Wang; Kun Cheng; Rui Zhou; Hao Shi; Chao Liu,56,3,10.1007/s10489-026-07107-2,https://doi.org/10.1007/s10489-026-07107-2,article,Applied Intelligence,https://openalex.org/W7128295460
Applied Intelligence,Springer Nature,2026,2026-02-01,Privacy-enhanced case-based reasoning prediction method with adaptive noise allocation,Yuanyuan Fu; Decui Liang; Qiang Zheng; Alessio Ishizaka,56,4,10.1007/s10489-026-07149-6,https://doi.org/10.1007/s10489-026-07149-6,book-chapter,Applied Intelligence,https://openalex.org/W7131660756
Applied Intelligence,Springer Nature,2026,2026-02-01,STVAD: A Spatio-temporal Coupled Based Transformer for Unsupervised Video Anomaly Detection,Huiyu Mu; Luhui Wang; Hongjian Yin; Yonggan Li; Lanxue Dang; Yang Liu; Xianyu Zuo,56,4,10.1007/s10489-025-07065-1,https://doi.org/10.1007/s10489-025-07065-1,article,Applied Intelligence,https://openalex.org/W7129033504
Applied Intelligence,Springer Nature,2026,2026-02-01,Simplicity meets power: robust traffic flow prediction with ST-ConvLSTMNet model,Cheng Peng; Yuan Cheng; Ao Li,56,3,10.1007/s10489-025-07062-4,https://doi.org/10.1007/s10489-025-07062-4,article,Applied Intelligence,https://openalex.org/W7128299586
Applied Intelligence,Springer Nature,2026,2026-02-01,Stream-DINO: exploring DETR-based online object detection with streaming perception,Man Zhang; Yongqiang Zhang; Yongqiang Zhang; Rui Tian; Zian Zhang; Yin Zhang; Zian Zhang; Jinwei Sun,56,3,10.1007/s10489-026-07139-8,https://doi.org/10.1007/s10489-026-07139-8,article,Applied Intelligence,https://openalex.org/W7128915135
Applied Intelligence,Springer Nature,2026,2026-02-01,TRTP: a three-stage robust task planning framework for open worlds via visual-language models and digital twin simulation,Yi Qu; Xiangtao Hu; Feifei Chen; Zhihong Wei,56,4,10.1007/s10489-026-07143-y,https://doi.org/10.1007/s10489-026-07143-y,article,Applied Intelligence,https://openalex.org/W7131100655
Applied Intelligence,Springer Nature,2026,2026-02-01,To fuse or not to fuse: enhancing military operation object detection with multimodal late fusion and color space optimization,Andrzej D. Dobrzycki; Ana M. Bernardos,56,4,10.1007/s10489-026-07142-z,https://doi.org/10.1007/s10489-026-07142-z,article,Applied Intelligence,https://openalex.org/W7130405830
Applied Intelligence,Springer Nature,2026,2026-02-01,Tracking a fixed-wing unmanned aerial vehicle: an experimental evaluation,Yong Wang; Xiangyu Zhu; Z. J. Sun; Robert Laganière; Lu Ding,56,4,10.1007/s10489-026-07148-7,https://doi.org/10.1007/s10489-026-07148-7,article,Applied Intelligence,https://openalex.org/W7131280770
Applied Intelligence,Springer Nature,2026,2026-02-01,Type dynamics theory-driven personality detection with LLM-enhanced social profiling,Ruwen Zhang; Bo Liu; Xiaorong Hao; Xinhui Huang; Jiuxin Cao,56,3,10.1007/s10489-026-07093-5,https://doi.org/10.1007/s10489-026-07093-5,article,Applied Intelligence,https://openalex.org/W7128297968
Applied Intelligence,Springer Nature,2026,2026-02-01,"UniVoice: a unified framework for text-to-speech, singing voice synthesis, and opera singing synthesis",Yue Zhou; Peng Bai; Xiaodong Shi,56,4,10.1007/s10489-026-07137-w,https://doi.org/10.1007/s10489-026-07137-w,article,Applied Intelligence,https://openalex.org/W7130591768
Applied Intelligence,Springer Nature,2026,2026-02-01,Using transformers to learn system models,Alfredo Ibias; Manuel Méndez; Manuel Núñez; Francisco Palomo‐Lozano,56,3,10.1007/s10489-025-07066-0,https://doi.org/10.1007/s10489-025-07066-0,article,Applied Intelligence,https://openalex.org/W7127050567
Applied Intelligence,Springer Nature,2026,2026-02-01,"Video violence detection using pre-trained VGG19 combined with manual logic, LSTM layers and Bi-LSTM layers",Pablo Negre; Ricardo S. Alonso; Javier Prieto; Óscar García,56,3,10.1007/s10489-026-07122-3,https://doi.org/10.1007/s10489-026-07122-3,article,Applied Intelligence,https://openalex.org/W7127291719
Applied Intelligence,Springer Nature,2026,2026-02-01,Visual design for empathy in virtual reality: a systematic review of emotional engagement (2018–2023),Wenjing Liu; Amirrudin Kamsin; Hanafi Hussin,56,3,10.1007/s10489-025-06970-9,https://doi.org/10.1007/s10489-025-06970-9,review,Applied Intelligence,https://openalex.org/W7128810356
Applied Intelligence,Springer Nature,2026,2026-03-02,KGFR: Knowledge-infused GraphFuseRec - a dual-channel graph fusion recommender for industrial expert systems,Shize Yan; Zhijun Fang; Guohao Sun,56,5,10.1007/s10489-025-06632-w,https://doi.org/10.1007/s10489-025-06632-w,article,Applied Intelligence,https://openalex.org/W7133201886
Applied Intelligence,Springer Nature,2026,2026-03-03,Adaptive triple collaborative learning for contrastive community discovery in heterogeneous graphs with fuzzy boundaries,Weimin Li; Yue Jin Jiang; Mengying Dai; Yan Zhao; Bin Sheng; Quanke Panf; Qun Jin; Can Wang,56,5,10.1007/s10489-026-07112-5,https://doi.org/10.1007/s10489-026-07112-5,article,Applied Intelligence,https://openalex.org/W7133309005
Applied Intelligence,Springer Nature,2026,2026-03-03,DRCM: A Dense Residual Connection Mechanism for Remote Sensing Image Enhancement,Yuan Fang; Guobin Gong; Lei Fan,56,5,10.1007/s10489-026-07168-3,https://doi.org/10.1007/s10489-026-07168-3,article,Applied Intelligence,https://openalex.org/W7133349383
Applied Intelligence,Springer Nature,2026,2026-03-03,PACAN-CGH: a physics-aware complex-valued attention network for real-time and high-quality computer-generated hologram,Xiaofei Nie; Yudi Zhao; Qiang He; Kai Zhao,56,5,10.1007/s10489-026-07136-x,https://doi.org/10.1007/s10489-026-07136-x,article,Applied Intelligence,https://openalex.org/W7133347362
Applied Intelligence,Springer Nature,2026,2026-03-03,SFJD-Net: spatial-frequency domain joint feature enhancement with differential learning for brain stroke segmentation,Xin Huang; Yu Zhu; YaTong Liu; Yuhao Zhang,56,5,10.1007/s10489-026-07121-4,https://doi.org/10.1007/s10489-026-07121-4,article,Applied Intelligence,https://openalex.org/W7133314498
Applied Intelligence,Springer Nature,2026,2026-03-04,Knowledge graph enhancement exercise recommendation algorithm based on multi-task learning,Yuliang Zhang; Ying Hua Chen; Zeye Long; Yudi Xie; Huiling Chen; Feiyang Lei,56,5,10.1007/s10489-025-07059-z,https://doi.org/10.1007/s10489-025-07059-z,article,Applied Intelligence,https://openalex.org/W7133356266
Applied Intelligence,Springer Nature,2026,2026-03-04,Multiscale feature attention and edge refinement for improved camouflaged locust segmentation,Jiaqi Li; Yafei Liu; Jiangtao Wu; Jie Yang; Shuli Mei,56,5,10.1007/s10489-026-07152-x,https://doi.org/10.1007/s10489-026-07152-x,article,Applied Intelligence,https://openalex.org/W7133328462
Applied Intelligence,Springer Nature,2026,2026-03-04,Panic emotion aware path planning for crowd evacuation,Baoxu An; Guijuan Zhang; Chuanmiao Zhao; Pingshan Liu; Dianjie Lu,56,5,10.1007/s10489-026-07154-9,https://doi.org/10.1007/s10489-026-07154-9,article,Applied Intelligence,https://openalex.org/W7133321687
Applied Intelligence,Springer Nature,2026,2026-03-05,Deep learning methodology for the identification of wood species using high-resolution macroscopic images and patch-voting,David Herrera-Poyatos; Andrés Herrera-Poyatos; Rosana Montes; Paloma de Palacios; Luis García Esteban; Alberto García‐Iruela; Francisco García Fernández; Francisco Herrera,56,5,10.1007/s10489-025-06731-8,https://doi.org/10.1007/s10489-025-06731-8,article,Applied Intelligence,https://openalex.org/W7133948561
Applied Intelligence,Springer Nature,2026,2026-03-06,A novel digital watermarking algorithm utilizing discrete memristor chaos and enhanced by hopfield neural networks,Shaobo He; Kai Hu; Yuexi Peng; Mengjiao Wang; Zhijun Li,56,5,10.1007/s10489-026-07159-4,https://doi.org/10.1007/s10489-026-07159-4,article,Applied Intelligence,https://openalex.org/W7133989982
Applied Intelligence,Springer Nature,2026,2026-03-06,KDC-NER: A knowledge-guided data augmentation and large model fine-tuning framework for nested named entity recognition in traditional Chinese medicine electronic medical records,Jia Wu; Minghao Luo; Qing Ye; Deng Ye,56,5,10.1007/s10489-026-07095-3,https://doi.org/10.1007/s10489-026-07095-3,article,Applied Intelligence,https://openalex.org/W7133846457
Applied Intelligence,Springer Nature,2026,2026-03-06,Spectrum-guided denoising and two-stage fusion for multimodal recommendation,Fumao Xu; Mingyong Li; Chengying Wu; Yijie Zhu; Hangshen Nong,56,5,10.1007/s10489-026-07160-x,https://doi.org/10.1007/s10489-026-07160-x,article,Applied Intelligence,https://openalex.org/W7133846014
Applied Intelligence,Springer Nature,2026,2026-03-07,Cross-domain recommendation based on three-phase cross-attention and multi-granularity transfer meta-network,Yujun Tu; Xin Shu; Xin Fan; Ying Ma; Xilong Duan,56,5,10.1007/s10489-025-06950-z,https://doi.org/10.1007/s10489-025-06950-z,article,Applied Intelligence,https://openalex.org/W7134131613
Applied Intelligence,Springer Nature,2026,2026-03-09,Exploiting distribution-based confidence integration in graph neural network recommenders,Joel Machado Pires; Eduardo Ferreira da Silva; Frederico Araújo Dur�ão,56,5,10.1007/s10489-026-07187-0,https://doi.org/10.1007/s10489-026-07187-0,article,Applied Intelligence,https://openalex.org/W7134242927
Applied Intelligence,Springer Nature,2026,2026-03-09,FBAO: backdoor attack against object detection via frequency noise injection,Qiuhua Wang; Haojie Shen; Lin Wang; Lifeng Yuan; Yizhi Ren; Xiyuan Jia; Shuochao Sun; Weizhi Meng,56,5,10.1007/s10489-026-07156-7,https://doi.org/10.1007/s10489-026-07156-7,article,Applied Intelligence,https://openalex.org/W7134246657
Applied Intelligence,Springer Nature,2026,2026-03-09,GTBAD: GVSAO-Transformer-BiLSTM-based time-series anomaly detection for photovoltaic power generation,Lin Hua Zhu; Shaojuan Ma; Changlin Xu; Xinyi Xu; Haichuan Du,56,5,10.1007/s10489-026-07171-8,https://doi.org/10.1007/s10489-026-07171-8,article,Applied Intelligence,https://openalex.org/W7134274289
Applied Intelligence,Springer Nature,2026,2026-03-09,Infrared small target detection using multi-scale attention and dilated separable convolution,Wenjuan Tang; Qun Dai; Yuning Zhu; Yue Ma,56,5,10.1007/s10489-026-07181-6,https://doi.org/10.1007/s10489-026-07181-6,article,Applied Intelligence,https://openalex.org/W7134242606
Applied Intelligence,Springer Nature,2026,2026-03-09,Learning temporal and correlated features from multivariate time series for auxiliary diagnosis of lumbar disc herniation,Xian Yang; Yahui Zhao; Fei Yin; Zhenguo Zhang,56,5,10.1007/s10489-026-07173-6,https://doi.org/10.1007/s10489-026-07173-6,article,Applied Intelligence,https://openalex.org/W7134263495
Applied Intelligence,Springer Nature,2026,2026-03-09,Leveraging systems and control theory for social robotics: a model-based behavioral control approach to human-robot interaction,Maria L. Morão Patrício; Anahita Jamshidnejad,56,5,10.1007/s10489-026-07100-9,https://doi.org/10.1007/s10489-026-07100-9,article,Applied Intelligence,https://openalex.org/W7134241797
Applied Intelligence,Springer Nature,2026,2026-03-09,MIT-CA: Multi-modal interaction transformer with cross-attention for malware classification,Meng Zhao; Peng Yin; Hu Wang; Fangyuan Hou; Xuesong Wang; Yurong Song; Chunyu Yao,56,5,10.1007/s10489-026-07178-1,https://doi.org/10.1007/s10489-026-07178-1,article,Applied Intelligence,https://openalex.org/W7134257715
Applied Intelligence,Springer Nature,2026,2026-03-09,Proposed dynamic fish counting method in a multivariate environment based on YOLO model and ONNX format,Nguyen Minh Son; Huynh Cao Tuan; Phan Thi Huong; Nguyen Khac Hoang; Niusha Shafiabady; Thanh Quang Nguyen,56,5,10.1007/s10489-026-07153-w,https://doi.org/10.1007/s10489-026-07153-w,article,Applied Intelligence,https://openalex.org/W7134263044
Applied Intelligence,Springer Nature,2026,2026-03-09,Region feature enhancement and multi-view diffusion graph convolutional network for traffic accident risk prediction,Xinlu Zong; Jiawei Guo; Siyu Dong,56,5,10.1007/s10489-026-07140-1,https://doi.org/10.1007/s10489-026-07140-1,article,Applied Intelligence,https://openalex.org/W7134272639
Applied Intelligence,Springer Nature,2026,2026-03-09,STDGFN: A spatio-temporal dual-graph fusion network for traffic flow prediction,Ruotian Ye; Yitong Tao; Qingjian Ni,56,5,10.1007/s10489-026-07170-9,https://doi.org/10.1007/s10489-026-07170-9,article,Applied Intelligence,https://openalex.org/W7134237461
Applied Intelligence,Springer Nature,2026,2026-03-10,From data to actionable knowledge: AI-AR integration framework for industrial knowledge management,Sara Scheffer; Wanting Mao; Arnab Majumdar,56,5,10.1007/s10489-026-07184-3,https://doi.org/10.1007/s10489-026-07184-3,article,Applied Intelligence,https://openalex.org/W7134843988
Applied Intelligence,Springer Nature,2026,2026-03-10,Physics-informed Kolmogorov-Arnold networks with residual-based adaptive distribution for scattered acoustic field prediction,Yi Ren; Ligang Wang; Haitao Ma,56,5,10.1007/s10489-026-07180-7,https://doi.org/10.1007/s10489-026-07180-7,article,Applied Intelligence,https://openalex.org/W7134841705
Applied Intelligence,Springer Nature,2026,2026-03-11,A cascaded residual vision transformer with wavelet transform and application in behavior recognition,Jing-Wei Liu; Haotian Ren; Yu-Ran Du; Jia-Ming Chen; Jing Zhang,56,5,10.1007/s10489-025-07002-2,https://doi.org/10.1007/s10489-025-07002-2,article,Applied Intelligence,https://openalex.org/W7134892368
Applied Intelligence,Springer Nature,2026,2026-03-11,MSCFNet: mixed-scale context fusion network for medical image segmentation,Lingyi Xu; Dewen Tang; Ting Xiao; Hao Wang; Zhe Wang; Wen Gao,56,5,10.1007/s10489-026-07176-3,https://doi.org/10.1007/s10489-026-07176-3,article,Applied Intelligence,https://openalex.org/W7134901663
Applied Intelligence,Springer Nature,2026,2026-03-11,SCWE+: A multi-class imbalanced drifting data stream classification algorithm based on sample difficulty weighting and dynamic ensemble selection,Meng Han; Shineng Zhu; Ang Li; Jian Ding,56,5,10.1007/s10489-026-07129-w,https://doi.org/10.1007/s10489-026-07129-w,article,Applied Intelligence,https://openalex.org/W7134929706
Applied Intelligence,Springer Nature,2026,2026-03-12,Anchor-based tensor clustering of multi-view data through high order relational fusion,Yan Gong; Tao Yang; Yanying Mei; Yanhua Shao,56,5,10.1007/s10489-026-07166-5,https://doi.org/10.1007/s10489-026-07166-5,article,Applied Intelligence,https://openalex.org/W7135090728
Applied Intelligence,Springer Nature,2026,2026-03-12,Capability of large language models in assisting GPs with diagnoses,Ruibin Wang; Abdul Rehman; Tingting Li; Rupert A. Page; Hailing Li; Xiaokun Wang; Xiaosong Yang; Jian Jun Zhang,56,5,10.1007/s10489-025-06827-1,https://doi.org/10.1007/s10489-025-06827-1,article,Applied Intelligence,https://openalex.org/W7135074221
Applied Intelligence,Springer Nature,2026,2026-03-12,Deep Rayleigh quotient iteration for solving eigenvalue problems of linear differential operators,Yiwen Guo; Liangxing Li; Jiabin Gui,56,5,10.1007/s10489-026-07127-y,https://doi.org/10.1007/s10489-026-07127-y,article,Applied Intelligence,https://openalex.org/W7135098058
Applied Intelligence,Springer Nature,2026,2026-03-12,Fast multi-view clustering with geometric structures,Yukai Zhao; Xuesong Yin; Ting Shu; Jianhao Ding; Yigang Wang,56,5,10.1007/s10489-026-07169-2,https://doi.org/10.1007/s10489-026-07169-2,article,Applied Intelligence,https://openalex.org/W7135010602
Applied Intelligence,Springer Nature,2026,2026-03-14,A hybrid decision tree-Markowitz framework for intelligent trading portfolio optimization,Emrah Korhan; Burak Gülmez,56,5,10.1007/s10489-026-07133-0,https://doi.org/10.1007/s10489-026-07133-0,article,Applied Intelligence,https://openalex.org/W7135411428
Applied Intelligence,Springer Nature,2026,2026-03-14,Unsupervised anomaly detection in industrial images via multi-scale attention fusion and strong-weak defect collaborative synthesis,Yuhan Wang; Lin Chai,56,5,10.1007/s10489-026-07183-4,https://doi.org/10.1007/s10489-026-07183-4,article,Applied Intelligence,https://openalex.org/W7135370307
Applied Intelligence,Springer Nature,2026,2026-03-14,Unsupervised multimodal graph-based model for geo-social analysis,Ehsaneddin Jalilian; Bernd Resch,56,5,10.1007/s10489-026-07175-4,https://doi.org/10.1007/s10489-026-07175-4,article,Applied Intelligence,https://openalex.org/W7135219207
Applied Intelligence,Springer Nature,2026,2026-03-16,TS-TFMAE: time series self-supervised learning with time–frequency masked autoencoders,S. N. Liu; Hongru Li; Yinghua Yang,56,5,10.1007/s10489-026-07145-w,https://doi.org/10.1007/s10489-026-07145-w,article,Applied Intelligence,https://openalex.org/W7136942294
Applied Intelligence,Springer Nature,2026,2026-03-17,A novel binary data classifier based on a modified Lengyel-Epstein equation,Haozhe Wang; Zean Dai; Haixiao Wang; Jian Wang,56,5,10.1007/s10489-026-07164-7,https://doi.org/10.1007/s10489-026-07164-7,article,Applied Intelligence,https://openalex.org/W7136249368
Applied Intelligence,Springer Nature,2026,2026-03-17,A two-stage weight determination method for subgroups to reach minimum cost consensus in social network group decision making,Xiaozheng Hu; Feixia Ji; Qi Sun; Jing Shi; Jian Wu,56,5,10.1007/s10489-026-07179-0,https://doi.org/10.1007/s10489-026-07179-0,article,Applied Intelligence,https://openalex.org/W7136905722
Applied Intelligence,Springer Nature,2026,2026-03-17,Generative augmentation and early time-series prediction of gas concentrations: a Beta-Conditional Variational Autoencoder–Gated Recurrent Unit approach,Halil Ibrahim Turan; Mohand Djeziri; Lisa Weber; Virginie Martini; Marc Bendahan; Harun Taha Hayvaci,56,5,10.1007/s10489-026-07196-z,https://doi.org/10.1007/s10489-026-07196-z,article,Applied Intelligence,https://openalex.org/W7136318540
Applied Intelligence,Springer Nature,2026,2026-03-17,Hierarchical spatial-temporal semantic-enhancement network for traffic forecasting,Tao Xu; Zhilong Zhao; Juntao Zhang; Jiaming Deng; Yingying Zhao; Xinming Yang; Peiru Wang,56,5,10.1007/s10489-026-07113-4,https://doi.org/10.1007/s10489-026-07113-4,article,Applied Intelligence,https://openalex.org/W7138332844
Applied Intelligence,Springer Nature,2026,2026-03-17,IRM-UNet: backbone-agnostic implicit refinement for enhanced pancreatic CT segmentation,Chaohui Zhang; Anusha Achuthan,56,5,10.1007/s10489-026-07162-9,https://doi.org/10.1007/s10489-026-07162-9,article,Applied Intelligence,https://openalex.org/W7136444418
Applied Intelligence,Springer Nature,2026,2026-03-17,Multi-view clustering via hybrid matrix factorization and label correction,Fan Yongchi; Hou Shudong; Zhao Le; Zhou Yuyang,56,5,10.1007/s10489-026-07135-y,https://doi.org/10.1007/s10489-026-07135-y,article,Applied Intelligence,https://openalex.org/W7137318548
Applied Intelligence,Springer Nature,2026,2026-03-18,DBMIF: a deep balanced multimodal iterative fusion framework for air- and bone-conduction speech enhancement,Yilei Wu; Changyan Zheng; Xingyu Zhang; Yakun Zhang; Chengshi Zheng; Shuang Yang; Ye Yan; Erwei Yin,56,5,10.1007/s10489-026-07150-z,https://doi.org/10.1007/s10489-026-07150-z,article,Applied Intelligence,https://openalex.org/W7137905732
Applied Intelligence,Springer Nature,2026,2026-03-18,Multi-round self-optimization with large language models for conversational recommendation,Qinyang He; Yihao Zhang; Kaibei Li; Xiaokang Li; XiBin Wang,56,5,10.1007/s10489-026-07165-6,https://doi.org/10.1007/s10489-026-07165-6,article,Applied Intelligence,https://openalex.org/W7138974925
Applied Intelligence,Springer Nature,2026,2026-03-18,Multilingual sentiment analysis for cross-border e-commerce reviews based on DeepSeek model: the M3SA-Adapter approach,Jiecheng Wang; Yanan Lv; Ying Liu,56,5,10.1007/s10489-026-07197-y,https://doi.org/10.1007/s10489-026-07197-y,article,Applied Intelligence,https://openalex.org/W7138165471
Applied Intelligence,Springer Nature,2026,2026-03-18,Real-time rehabilitation assessment and corrective guidance driven by dual regulation pose analysis,Yi Qiao; Zilong Wang,56,5,10.1007/s10489-026-07193-2,https://doi.org/10.1007/s10489-026-07193-2,article,Applied Intelligence,https://openalex.org/W7138347787
Applied Intelligence,Springer Nature,2026,2026-03-18,SAMER-Net: speaker-aware multimodal emotion recognition with context-aware attention and graph convolutional networks,Bhavana Verma; Priyanka Meel; Dinesh Kumar Vishwakarma,56,5,10.1007/s10489-026-07163-8,https://doi.org/10.1007/s10489-026-07163-8,article,Applied Intelligence,https://openalex.org/W7137990808
Applied Intelligence,Springer Nature,2026,2026-03-18,WalFusion: A fast and efficient LiDAR-camera fusion 3D object detection framework,Y. Q. Zhang; Wanwei Yang; Zihui Yang; Yongjian Zhu,56,5,10.1007/s10489-026-07151-y,https://doi.org/10.1007/s10489-026-07151-y,article,Applied Intelligence,https://openalex.org/W7138871289
Applied Intelligence,Springer Nature,2026,2026-03-19,Isolated Q-learning for offline reinforcement learning,Huihui Zhang,56,5,10.1007/s10489-026-07157-6,https://doi.org/10.1007/s10489-026-07157-6,article,Applied Intelligence,https://openalex.org/W7139022015
Applied Intelligence,Springer Nature,2026,2026-03-19,MSCFormer: a multiscale convolutional transformer for multivariate time series classification,Jingchao Xie; Mingxin Yang; Yang Wu; Rui Hou; Wei Li; Mianxiong Dong; Kaoru Ota,56,5,10.1007/s10489-026-07158-5,https://doi.org/10.1007/s10489-026-07158-5,article,Applied Intelligence,https://openalex.org/W7139037351
Applied Intelligence,Springer Nature,2026,2026-03-20,Generating Transferrable Adversarial Examples via Local Mixing and Spatially Regularized Logit Optimization for Remote Sensing Object Recognition,Chun Liu; Hailong Wang; Bo Zhu; Panpan Ding; Zheng Zheng; Tao Xu; Zhigang Han; Jiayao Wang,56,5,10.1007/s10489-026-07188-z,https://doi.org/10.1007/s10489-026-07188-z,article,Applied Intelligence,https://openalex.org/W7138903751
Applied Intelligence,Springer Nature,2026,2026-03-21,Adaptive assessment of operating performance for multiprocess industrial process based on hierarchical and multiblock self-maintenance model,Hui Cao; Honghe Du; Dongnian Jiang; Wei Li; Jianfeng Yang,56,5,10.1007/s10489-026-07172-7,https://doi.org/10.1007/s10489-026-07172-7,article,Applied Intelligence,https://openalex.org/W7139950163
Applied Intelligence,Springer Nature,2026,2026-03-23,Advancing semi-supervised phishing website detection in noisy conditions via optimal transport,Zipeng Wang; Kunpeng Li; Andy Song; Zhi Xun; Qin Zhou,56,5,10.1007/s10489-026-07207-z,https://doi.org/10.1007/s10489-026-07207-z,article,Applied Intelligence,https://openalex.org/W7140077827
Applied Intelligence,Springer Nature,2026,2026-03-25,Towards sustainable artificial intelligence: a comprehensive review and comparative analysis of deep learning models’ carbon footprint,Samar Garrab; Sarra Boughriou; Manel BenSassi,56,5,10.1007/s10489-026-07208-y,https://doi.org/10.1007/s10489-026-07208-y,article,Applied Intelligence,https://openalex.org/W7140298169
Applied Intelligence,Springer Nature,2026,2026-03-26,ICCPNet: inter-layer coupling channel pruning network based on elastic scaling scoring for complex traffic scene,Cuijin Li; Jianyu Liu; Zhong Qu,56,5,10.1007/s10489-026-07191-4,https://doi.org/10.1007/s10489-026-07191-4,article,Applied Intelligence,https://openalex.org/W7140440399
Applied Intelligence,Springer Nature,2026,2026-03-26,Semi-supervised outlier detection for partially labeled numerical data using generalized multigranulation fuzzy neighborhood rough set,Wenhao Shu; Yueming Jiang; Wenbin Qian,56,5,10.1007/s10489-026-07203-3,https://doi.org/10.1007/s10489-026-07203-3,article,Applied Intelligence,https://openalex.org/W7140298434
Applied Intelligence,Springer Nature,2026,2026-03-27,3DA-net: a dual-attention-based network integrating global and local context for enhanced 3D object detection,Soumya A; Linga Reddy Cenkeramaddi; Krishna Mohan C,56,5,10.1007/s10489-026-07190-5,https://doi.org/10.1007/s10489-026-07190-5,article,Applied Intelligence,https://openalex.org/W7141551348
Applied Intelligence,Springer Nature,2026,2026-03-28,Optimal prenatal diagnosis model for fetal heart ventricular septal defect detection using hybrid deep learning,Ruchi Mittal; Megha Bhushan,56,5,10.1007/s10489-026-07174-5,https://doi.org/10.1007/s10489-026-07174-5,article,Applied Intelligence,https://openalex.org/W7142077753
Applied Intelligence,Springer Nature,2026,2026-03-30,BeautyMark: A diffusion model for aesthetic QR code generation with robust watermark authentication,Jiayi Xu; P. Y. Li; Hangpeng Ren; Jianfeng Lu; Lei Li; Mahmoud Emam,56,5,10.1007/s10489-026-07204-2,https://doi.org/10.1007/s10489-026-07204-2,article,Applied Intelligence,https://openalex.org/W7143417617
Applied Intelligence,Springer Nature,2026,2026-03-30,Large-scale traceable and robust watermarking for diffusion models with precise affine coupling flow encoding,Jiayue Zhang; Xiaobing Kang; Yiting Guan; Jiayi Du,56,5,10.1007/s10489-026-07217-x,https://doi.org/10.1007/s10489-026-07217-x,article,Applied Intelligence,https://openalex.org/W7143430338
Applied Intelligence,Springer Nature,2026,2026-03-31,ED-SCMA: encoder-decoder with skip-connection and multi-scale attention module for low-dose CT denoising,Temitope Emmanuel Komolafe; Liang Zhou; Adegbola Oyedotun Adeniji; Blessing Funmi Komolafe; Jingzhen Guo; Asad Saleem; W. Zhao; Oluwarotimi Williams Samuel,56,5,10.1007/s10489-026-07192-3,https://doi.org/10.1007/s10489-026-07192-3,article,Applied Intelligence,https://openalex.org/W7143955509
Applied Intelligence,Springer Nature,2026,2026-03-31,ESMT: Context-adaptive vision-language tracking with episodic-semantic memory,Jiapeng Zhang; Ying Wei; Yongfeng Li; Gang Yang,56,5,10.1007/s10489-026-07218-w,https://doi.org/10.1007/s10489-026-07218-w,article,Applied Intelligence,https://openalex.org/W7144182842
Applied Intelligence,Springer Nature,2026,2026-03-31,Efficient mining of compact high average utility patterns using the tightest weak lower bound,Thong Tran; Hai Duong; Tin Truong; Bac Le,56,5,10.1007/s10489-026-07130-3,https://doi.org/10.1007/s10489-026-07130-3,article,Applied Intelligence,https://openalex.org/W7143766373
Applied Intelligence,Springer Nature,2026,2026-04-01,A contrastive graph-transformer network model for multimodal sentiment analysis,Hoang Nam Do; Huyen Trang Phan; Ngoc Thanh Nguyen,56,6,10.1007/s10489-026-07235-9,https://doi.org/10.1007/s10489-026-07235-9,article,Applied Intelligence,https://openalex.org/W7154601011
Applied Intelligence,Springer Nature,2026,2026-04-01,A graph neural network–based cellular localization method for urban GNSS–denied environments,Hieu Pham Quang; Thuan Nguyen Dinh; Hiep Hoang Van,56,6,10.1007/s10489-026-07246-6,https://doi.org/10.1007/s10489-026-07246-6,article,Applied Intelligence,https://openalex.org/W7155414115
Applied Intelligence,Springer Nature,2026,2026-04-01,A matroid-induced dependence space-based approach to attribute reduction in decision systems,Lirun Su; Fusheng Yu,56,5,10.1007/s10489-026-07132-1,https://doi.org/10.1007/s10489-026-07132-1,article,Applied Intelligence,https://openalex.org/W7147632113
Applied Intelligence,Springer Nature,2026,2026-04-01,A multi-view information transfer driven surrogate-assisted multi-objective evolutionary rough fuzzy clustering algorithm,Yujie Yang; Feng Zhao; Hanqiang Liu,56,6,10.1007/s10489-026-07231-z,https://doi.org/10.1007/s10489-026-07231-z,article,Applied Intelligence,https://openalex.org/W7154854602
Applied Intelligence,Springer Nature,2026,2026-04-01,A review of recent advances in Gaussian splatting,Shuaitao Fan; Lu Zeng; Wei He; Lunning Zhang; Wenhe Chen; Zhenhua Pan,56,5,10.1007/s10489-026-07227-9,https://doi.org/10.1007/s10489-026-07227-9,article,Applied Intelligence,https://openalex.org/W7147366082
Applied Intelligence,Springer Nature,2026,2026-04-01,A timeslot-based method for learner profiling,Pengzhan Ma; Junxi Zhuang; Yingxu Lai; Y Zhang; J. Z. Bai; Tianrun Zhan,56,6,10.1007/s10489-026-07182-5,https://doi.org/10.1007/s10489-026-07182-5,article,Applied Intelligence,https://openalex.org/W7154696638
Applied Intelligence,Springer Nature,2026,2026-04-01,Advanced ensemble learning method for electrical impedance tomography image reconstruction,Mariem Hafsa; Eya Bouzaiene; Oumayma Kahouli; Najoua Essoukri Ben Amara; Olfa Kanoun,56,6,10.1007/s10489-026-07194-1,https://doi.org/10.1007/s10489-026-07194-1,article,Applied Intelligence,https://openalex.org/W7154853498
Applied Intelligence,Springer Nature,2026,2026-04-01,BFNet: A real-time edge-deployable dual-stream boundary-aware network for defect detection of aquatic photovoltaic systems,Mingyu Zhang; Jiacheng Cui; Zizhen Zhao; 方二超; Xiaolei Liu; Shinan Zhao; Jianlin Gao; Yujiang Hong; Mingxi Li,56,6,10.1007/s10489-026-07228-8,https://doi.org/10.1007/s10489-026-07228-8,article,Applied Intelligence,https://openalex.org/W7154915818
Applied Intelligence,Springer Nature,2026,2026-04-01,CASET: a cascaded attention-based framework for semantic explainability of toxicity in large language models,C. L. Philip Chen; Hanyang Xia; Weidong Zhou; Chunhe Xia; Mengyao Liu; Rui Hao; Tianbo Wang,56,6,10.1007/s10489-026-07102-7,https://doi.org/10.1007/s10489-026-07102-7,article,Applied Intelligence,https://openalex.org/W7153157207
Applied Intelligence,Springer Nature,2026,2026-04-01,Code generation with large language models: a survey from neural program synthesis to autonomous software development,Burak Gülmez,56,6,10.1007/s10489-026-07230-0,https://doi.org/10.1007/s10489-026-07230-0,article,Applied Intelligence,https://openalex.org/W7153290859
Applied Intelligence,Springer Nature,2026,2026-04-01,Constructing binary relations in interval-valued information tables using optimized methods,Zhuyun Dong; Zhaohao Wang,56,6,10.1007/s10489-026-07185-2,https://doi.org/10.1007/s10489-026-07185-2,article,Applied Intelligence,https://openalex.org/W7153101965
Applied Intelligence,Springer Nature,2026,2026-04-01,CovMADT: efficient offline multi-agent reinforcement learning via convex Markov games,Sikong Wen; Rui Wang; Dechen Wu; Zixuan Wang,56,6,10.1007/s10489-026-07241-x,https://doi.org/10.1007/s10489-026-07241-x,book-chapter,Applied Intelligence,https://openalex.org/W7160017460
Applied Intelligence,Springer Nature,2026,2026-04-01,DAMT-Former: Dynamic Attention and Multi-scale Temporal Former for Facial Expression Recognition,Daipeng Guo; Fei Xu,56,6,10.1007/s10489-026-07195-0,https://doi.org/10.1007/s10489-026-07195-0,article,Applied Intelligence,https://openalex.org/W7152668776
Applied Intelligence,Springer Nature,2026,2026-04-01,DGKD: Depth-Guided knowledge distillation network for monocular 3D object detection,Xi Zhang; Qiang Ling,56,6,10.1007/s10489-026-07242-w,https://doi.org/10.1007/s10489-026-07242-w,article,Applied Intelligence,https://openalex.org/W7155543297
Applied Intelligence,Springer Nature,2026,2026-04-01,Deep learning-based classification and FPGA implementation of a new 4-D hyperchaotic pan system with curve equilibrium point,Aceng Sambas; Sundarapandian V. Vaidyanathan; Omar Guillén-Fernández; Esteban Tlelo‐Cuautle; Sezgin Kaçar; Süleyman Uzun; Muhammed Telçeken; Khaled Benkouider,56,6,10.1007/s10489-026-07239-5,https://doi.org/10.1007/s10489-026-07239-5,article,Applied Intelligence,https://openalex.org/W7154300138
Applied Intelligence,Springer Nature,2026,2026-04-01,Dominance-based neighborhood rough set model in bipolar fuzzy information system and Its attribute reduction,Asiya Mijit; Zengtai Gong,56,5,10.1007/s10489-026-07201-5,https://doi.org/10.1007/s10489-026-07201-5,article,Applied Intelligence,https://openalex.org/W7150783065
Applied Intelligence,Springer Nature,2026,2026-04-01,DyStaFusion: Dynamic State-Space fusion network for multimodal tourist emotion dynamics prediction in social media,Enming Zhang (416565); Lin Zhou,56,6,10.1007/s10489-025-06990-5,https://doi.org/10.1007/s10489-025-06990-5,article,Applied Intelligence,https://openalex.org/W7159576053
Applied Intelligence,Springer Nature,2026,2026-04-01,EETTE: Efficient evolutionary travel time estimation with deep meta learning,Chenxing Wang; Fang Zhao; Haichao Zhang; Haiyong Luo; Haoyu Xiong,56,6,10.1007/s10489-026-07237-7,https://doi.org/10.1007/s10489-026-07237-7,article,Applied Intelligence,https://openalex.org/W7154224130
Applied Intelligence,Springer Nature,2026,2026-04-01,Ensemble multi-stream threshold network for malware open-set recognition,Zhanyu Chi; Yu Zhang; Yuanquan Shi; Qingzhong Liu,56,6,10.1007/s10489-026-07229-7,https://doi.org/10.1007/s10489-026-07229-7,article,Applied Intelligence,https://openalex.org/W7152963579
Applied Intelligence,Springer Nature,2026,2026-04-01,Evaluating the adversarial robustness of detection transformers,Amirhossein Nazeri; Chunheng Zhao; Pierluigi Pisu,56,6,10.1007/s10489-026-07220-2,https://doi.org/10.1007/s10489-026-07220-2,article,Applied Intelligence,https://openalex.org/W4405900241
Applied Intelligence,Springer Nature,2026,2026-04-01,FMD-TransUNet: abdominal multi-organ segmentation based on frequency domain multi-axis representation learning and dual attention mechanisms,Fang Lu; Jingyu Xu; Qinxiu Sun; Qiong Lou,56,6,10.1007/s10489-026-07240-y,https://doi.org/10.1007/s10489-026-07240-y,article,Applied Intelligence,https://openalex.org/W7154573891
Applied Intelligence,Springer Nature,2026,2026-04-01,From static to dynamic: a hybrid directed graph neural network approach for entity recognition in information propagation networks,Xince Wang; Qingmei Tan,56,6,10.1007/s10489-026-07216-y,https://doi.org/10.1007/s10489-026-07216-y,article,Applied Intelligence,https://openalex.org/W7152993914
Applied Intelligence,Springer Nature,2026,2026-04-01,Global-relationship-aware multi-view clustering via random walk with restart,Yaoying Wang; Kaiwu Zhang; Shiqiang Du; Wenxu Zhang; Yuqing Shi,56,6,10.1007/s10489-026-07253-7,https://doi.org/10.1007/s10489-026-07253-7,article,Applied Intelligence,https://openalex.org/W7157186012
Applied Intelligence,Springer Nature,2026,2026-04-01,Graph diffusion arithmetic feature interaction transformer with temporal information for bitcoin anti-money laundering,Meng Li; Lu Jia; Xinyi Ma; Xin Su,56,6,10.1007/s10489-026-07232-y,https://doi.org/10.1007/s10489-026-07232-y,article,Applied Intelligence,https://openalex.org/W7152509636
Applied Intelligence,Springer Nature,2026,2026-04-01,Group consensus decision method for probabilistic language complex project scheme based on cloud model and Q-learning algorithm,Jikai Wang; Qiu Zhiran; Yajie Dou; Weijun Ouyang; Kewei Yang; Yuejin Tan,56,6,10.1007/s10489-026-07117-0,https://doi.org/10.1007/s10489-026-07117-0,article,Applied Intelligence,https://openalex.org/W7155388787
Applied Intelligence,Springer Nature,2026,2026-04-01,HAKformer: an efficient transformer with hybrid temporal-channel attention and Kolmogorov-Arnold networks for time series forecasting,Jiaqi Lv; Zhiyong An; Yi Wang,56,6,10.1007/s10489-026-07209-x,https://doi.org/10.1007/s10489-026-07209-x,article,Applied Intelligence,https://openalex.org/W7153972365
Applied Intelligence,Springer Nature,2026,2026-04-01,KG-guided proactive questioning for LLMs in multi-turn interactive medical reasoning,Yu-Chen Li; Tzu-Ni Yang; Li‐Chen Fu; Yung-Jen Hsu,56,5,10.1007/s10489-026-07186-1,https://doi.org/10.1007/s10489-026-07186-1,article,Applied Intelligence,https://openalex.org/W7150808277
Applied Intelligence,Springer Nature,2026,2026-04-01,Kernel Transposed Projection Envelope Linear Discriminant Analysis Mode,Yongming Li; Wenqiang Zhao; Fan Li; Jie Ma; Xiaoheng Zhang; Pin Wang; Yinghua Shen,56,6,10.1007/s10489-026-07225-x,https://doi.org/10.1007/s10489-026-07225-x,article,Applied Intelligence,https://openalex.org/W7155418524
Applied Intelligence,Springer Nature,2026,2026-04-01,Leverage visual attention and multimodal scene graph for visual navigation,Zengkai Wang; Cong Li; Kang Zhou,56,6,10.1007/s10489-026-07222-0,https://doi.org/10.1007/s10489-026-07222-0,article,Applied Intelligence,https://openalex.org/W7155383908
Applied Intelligence,Springer Nature,2026,2026-04-01,Local geometry mean divergence learned from data manifold for deep domain adaptation,Bo Li; Zhao-Jie Yang; Yu-Mei Luo,56,6,10.1007/s10489-026-07223-z,https://doi.org/10.1007/s10489-026-07223-z,article,Applied Intelligence,https://openalex.org/W7153601485
Applied Intelligence,Springer Nature,2026,2026-04-01,MADETFE : Mask aware dual expert with transformers and FFC based high-fidelity image inpainting,Amit Chauhan; Rounak Gera; Rajni Mohana,56,6,10.1007/s10489-026-07200-6,https://doi.org/10.1007/s10489-026-07200-6,article,Applied Intelligence,https://openalex.org/W7154907415
Applied Intelligence,Springer Nature,2026,2026-04-01,MDEBert-DTA: drug-target affinity prediction using multimodal contrastive learning and dynamic graph aggregation,Huaizhou Yang; Xiaohan Tong,56,5,10.1007/s10489-026-07096-2,https://doi.org/10.1007/s10489-026-07096-2,article,Applied Intelligence,https://openalex.org/W7151914441
Applied Intelligence,Springer Nature,2026,2026-04-01,Machine learning-based 2D and 3D traffic noise modelling in campus environments: a framework for vertical façade exposure assessment,Khaled Yousef Almansi; U. Ujang; Suhaibah Azri; Nevil Vidyamanee Wickramathilaka,56,6,10.1007/s10489-026-07221-1,https://doi.org/10.1007/s10489-026-07221-1,article,Applied Intelligence,https://openalex.org/W7152986132
Applied Intelligence,Springer Nature,2026,2026-04-01,Metaheuristic approaches for maximum general budgeted dominating set problem,Mohd Danish Rasheed; Alok Singh,56,6,10.1007/s10489-026-07199-w,https://doi.org/10.1007/s10489-026-07199-w,article,Applied Intelligence,https://openalex.org/W7154991060
Applied Intelligence,Springer Nature,2026,2026-04-01,Multi-granularity alignment proxy hashing for cross-modal retrieval,Jiayi Yang; Xiuyuan Li; Qinze Zhu; Mingyong Li,56,6,10.1007/s10489-026-07243-9,https://doi.org/10.1007/s10489-026-07243-9,article,Applied Intelligence,https://openalex.org/W7154827018
Applied Intelligence,Springer Nature,2026,2026-04-01,Multi-granularity rough k-means clustering in the optimization of collaborative filtering algorithms,Ziru Wang; Jusheng Mi; Ziyun Li,56,6,10.1007/s10489-026-07224-y,https://doi.org/10.1007/s10489-026-07224-y,article,Applied Intelligence,https://openalex.org/W7153323658
Applied Intelligence,Springer Nature,2026,2026-04-01,Multi-model adversarial and collaborative forecasting network for quality prediction modeling of high dimensional imbalanced sequences in process industry,Gaolu Huang; Xin Shi; Xiaochen Hao; Junze Jiao; Xiaodie Ren,56,6,10.1007/s10489-026-07212-2,https://doi.org/10.1007/s10489-026-07212-2,article,Applied Intelligence,https://openalex.org/W7154322391
Applied Intelligence,Springer Nature,2026,2026-04-01,Multi-view partial multi-label feature selection based on label disambiguation and shared subspace,Yemin Han; Jing Chai; Fa Zhu; Xingchi Chen; David Camacho,56,6,10.1007/s10489-026-07206-0,https://doi.org/10.1007/s10489-026-07206-0,article,Applied Intelligence,https://openalex.org/W7154405713
Applied Intelligence,Springer Nature,2026,2026-04-01,"Optimized road traffic forecasting via multi-convolutional fusion and spatio-temporal feature extraction networks: An adaptive, anomaly-responsive framework",Zhiwen Wang; Jingxiao Zeng; Long Li; Kangkang Yang; Yaoke Shi; Guobi Ling; Jingjing Sun,56,5,10.1007/s10489-026-07219-9,https://doi.org/10.1007/s10489-026-07219-9,article,Applied Intelligence,https://openalex.org/W7151541951
Applied Intelligence,Springer Nature,2026,2026-04-01,Parameter adaptive competitive differential evolution with local search,Rui Zhong; Zhongmin Wang; Yaning Xiao; Yujun Zhang; Junbo Jacob Lian; Jun Yu; ZhenNao Cai; Zhiyong Pan; Huiling Chen; Sudan Yu,56,5,10.1007/s10489-026-07141-0,https://doi.org/10.1007/s10489-026-07141-0,article,Applied Intelligence,https://openalex.org/W7151557354
Applied Intelligence,Springer Nature,2026,2026-04-01,Partial multi–label learning with local reconstruction and indirect guidance,Yanan Wu; Yu Chen; Hui Chen; Yu Wang; Xiaozhao Fang; Guoxu Zhou; Zhouqiang Qiu; Junqiu Fan,56,6,10.1007/s10489-026-07250-w,https://doi.org/10.1007/s10489-026-07250-w,article,Applied Intelligence,https://openalex.org/W7159791869
Applied Intelligence,Springer Nature,2026,2026-04-01,Probing subjective judgment variance in LLM evaluators: A framework for robust IR evaluation,Ritesh Kumar,56,6,10.1007/s10489-026-07244-8,https://doi.org/10.1007/s10489-026-07244-8,article,Applied Intelligence,https://openalex.org/W7159781118
Applied Intelligence,Springer Nature,2026,2026-04-01,Rethinking urban region representation: adaptive soft-thresholding and attentive graph learning for robust data fusion,Weiliang Chen; Qianqian Ren; Jinbao Li,56,6,10.1007/s10489-026-07238-6,https://doi.org/10.1007/s10489-026-07238-6,article,Applied Intelligence,https://openalex.org/W7155405261
Applied Intelligence,Springer Nature,2026,2026-04-01,Retraction Note: Semi-supervised medical image classification via increasing prediction diversity,P. L. Liu; Wenhua Qian; Jinde Cao; Dan Xu,56,5,10.1007/s10489-026-07236-8,https://doi.org/10.1007/s10489-026-07236-8,retraction,Applied Intelligence,https://openalex.org/W7151305981
Applied Intelligence,Springer Nature,2026,2026-04-01,SSS-TT: Self-supervised sequential spatio-temporal transformers with adaptive multimodal fusion for automated neonatal pain assessment,Oussama El Othmani; Riadh Ouersighni,56,6,10.1007/s10489-026-07233-x,https://doi.org/10.1007/s10489-026-07233-x,article,Applied Intelligence,https://openalex.org/W7155416312
Applied Intelligence,Springer Nature,2026,2026-04-01,Social conflict network-driven Wasserstein distributionally robust minimum cost consensus model under uncertain cost with risk aversion,K. J. Zhu; Shaojian Qu; Ying Ji; Yifan Ma,56,6,10.1007/s10489-026-07155-8,https://doi.org/10.1007/s10489-026-07155-8,article,Applied Intelligence,https://openalex.org/W7153069965
Applied Intelligence,Springer Nature,2026,2026-04-01,Spatial-spectral Pufferfish algorithm: A dynamic approach to unsupervised hyperspectral band selection,Sushil Kumar Janardan; Ritik Mohite; Rekh Ram Janghel; Himanshu Govil,56,6,10.1007/s10489-026-07210-4,https://doi.org/10.1007/s10489-026-07210-4,article,Applied Intelligence,https://openalex.org/W7154564175
Applied Intelligence,Springer Nature,2026,2026-04-01,Surrogate-assisted multitask evolutionary optimization with adaptive knowledge transfer,Le Wang; Xuefeng Yan,56,6,10.1007/s10489-026-07226-w,https://doi.org/10.1007/s10489-026-07226-w,article,Applied Intelligence,https://openalex.org/W7153482642
Applied Intelligence,Springer Nature,2026,2026-04-01,Tuning the hyperparameter in ADAM optimizer,Vigneshwara Raj A G; Punniyamoorthy Murugesan; Nanmaran M,56,5,10.1007/s10489-026-07177-2,https://doi.org/10.1007/s10489-026-07177-2,article,Applied Intelligence,https://openalex.org/W7150892765
Applied Intelligence,Springer Nature,2026,2026-04-01,Unsupervised multidimensional sample dynamic optimization for cross-modal hashing,Hao Du; Li Liu; Huaxiang Zhang; Dongmei Liu; Kang Du,56,6,10.1007/s10489-026-07161-w,https://doi.org/10.1007/s10489-026-07161-w,article,Applied Intelligence,https://openalex.org/W7154460388
Applied Intelligence,Springer Nature,2026,2026-04-01,Visual pattern mining with similarity metrics for model-free trading in the Korean futures market,Juhyeon Jang; Jaeyun Kim; David L. Enke,56,6,10.1007/s10489-026-07254-6,https://doi.org/10.1007/s10489-026-07254-6,article,Applied Intelligence,https://openalex.org/W7155794050
Applied Intelligence,Springer Nature,2026,2026-05-01,A legal text semantic generation framework based on multimodal feature fusion and dynamic weight optimization,Songling Qian; Yun Liu; Zheng Yang,56,7,10.1007/s10489-026-07167-4,https://doi.org/10.1007/s10489-026-07167-4,article,Applied Intelligence,https://openalex.org/W7160309952
Applied Intelligence,Springer Nature,2026,2026-05-01,A simple parallel multi-population evolutionary algorithm for analysis,Tianyi Yang; Yuren Zhou,56,7,10.1007/s10489-026-07115-2,https://doi.org/10.1007/s10489-026-07115-2,article,Applied Intelligence,https://openalex.org/W4408180014
Applied Intelligence,Springer Nature,2026,2026-05-01,An accelerator and feature selection using fuzzy information granularity to partially labeled data,Zhenchao Yan; Songlin He; Jianhui Yu; Wenhao Shu; Chase Wu,56,7,10.1007/s10489-026-07260-8,https://doi.org/10.1007/s10489-026-07260-8,article,Applied Intelligence,https://openalex.org/W7161008236
Applied Intelligence,Springer Nature,2026,2026-05-01,An efficient channel attention-enhanced time-frequency masked autoencoder-based time series anomaly detection method,Yashuang Mu; Zeng Kong; Maoqing Zhang; Hongyue Guo; Lidong Wang,56,7,10.1007/s10489-026-07248-4,https://doi.org/10.1007/s10489-026-07248-4,article,Applied Intelligence,https://openalex.org/W7160518952
Applied Intelligence,Springer Nature,2026,2026-05-01,Attribute reduction learning based on double-quantitative similarity granulations and fusion measures in interval-set decision systems,Xin Xie; Xianyong Zhang; Xiaoling Yang; Jilin Yang,56,7,10.1007/s10489-026-07198-x,https://doi.org/10.1007/s10489-026-07198-x,article,Applied Intelligence,https://openalex.org/W7160388028
Applied Intelligence,Springer Nature,2026,2026-05-01,Audio–visual segmentation via hierarchical side tuning with state space model,Wenyi Xia; Qingwei Geng; Xiaodong Gu,56,7,10.1007/s10489-026-07249-3,https://doi.org/10.1007/s10489-026-07249-3,article,Applied Intelligence,https://openalex.org/W7160337146
Applied Intelligence,Springer Nature,2026,2026-05-01,Auto-Correct OCR: a novel method for enhancing character recognition accuracy through error correction,Yanlin Ruan; Xiaoye Wang; Zhiwei Wen; Hongliang Gao,56,7,10.1007/s10489-026-07247-5,https://doi.org/10.1007/s10489-026-07247-5,article,Applied Intelligence,https://openalex.org/W7160040267
Applied Intelligence,Springer Nature,2026,2026-05-01,BiFP-ATFL-YOLO11: an enhanced YOLO11-based object detector with BiFPN and adaptive threshold focal loss for street view perception,Min Zhong; Yonghua Zhou; Yue Wang; Yiduo Mei; Y Zhang; Hongyi Xue,56,7,10.1007/s10489-026-07268-0,https://doi.org/10.1007/s10489-026-07268-0,article,Applied Intelligence,https://openalex.org/W7160998109
Applied Intelligence,Springer Nature,2026,2026-05-01,Communication scheduling via proposed multi-agent reinforcement learning with centralized learning and distributed execution,Ajay Nagendra Nama,56,7,10.1007/s10489-026-07202-4,https://doi.org/10.1007/s10489-026-07202-4,article,Applied Intelligence,https://openalex.org/W7160262617
Applied Intelligence,Springer Nature,2026,2026-05-01,Community partitioning and node belonging prediction method based on neighborhood attribute reduction and fuzzy rough set with application in clinical decision making,Haoran Sun; Xiangtang Chen; Bingzhen Sun; Xixuan Zhao; Xiaoli Chu; Jianxiong Cai,56,7,10.1007/s10489-026-07258-2,https://doi.org/10.1007/s10489-026-07258-2,article,Applied Intelligence,https://openalex.org/W7160539966
Applied Intelligence,Springer Nature,2026,2026-05-01,Correction: Real-time rehabilitation assessment and corrective guidance driven by dual regulation pose analysis,Yi Qiao; Zilong Wang,56,7,10.1007/s10489-026-07266-2,https://doi.org/10.1007/s10489-026-07266-2,erratum,Applied Intelligence,https://openalex.org/W7160698435
Applied Intelligence,Springer Nature,2026,2026-05-01,DRSFormer: A transformer with ring-star topology for multivariate time series forecasting,Xing Wu; Ying Zhou; Xinyi Duan; Quan Qian; Jun Song; Jianbiao Dai,56,7,10.1007/s10489-026-07234-w,https://doi.org/10.1007/s10489-026-07234-w,article,Applied Intelligence,https://openalex.org/W7161012996
Applied Intelligence,Springer Nature,2026,2026-05-01,Data-driven and explainable forecasting of global video game sales: a hybrid machine learning approach,Omid Abdolazimi; Sina Salamat Mostaghim; Mustafa Rezaei; Junfeng Ma,56,7,10.1007/s10489-026-07271-5,https://doi.org/10.1007/s10489-026-07271-5,article,Applied Intelligence,https://openalex.org/W7161063247
Applied Intelligence,Springer Nature,2026,2026-05-01,Deep learning models for digital medical imaging: a survey,Bing Liu; Xueju Sophie Wang; Yujia Cong; Lele Cong; Xianling Cong; Shisong Tang; Hechang Chen,56,7,10.1007/s10489-026-07211-3,https://doi.org/10.1007/s10489-026-07211-3,article,Applied Intelligence,https://openalex.org/W4404691168
Applied Intelligence,Springer Nature,2026,2026-05-01,Efficient learning for active wrist compensation strategy of ledge-climbing robot,Andi Alfian Kartika Aji; Chi-Ying Lin,56,7,10.1007/s10489-026-07245-7,https://doi.org/10.1007/s10489-026-07245-7,article,Applied Intelligence,https://openalex.org/W7160131997
Applied Intelligence,Springer Nature,2026,2026-05-01,Evolutionary multitasking by dynamic adaptive knowledge transfer for high-dimensional feature selection,Yujia Wei; Hongkun Lin; Binbin Chen; Juehan Lu; Shiguo Huang; Xiaolin Li,56,7,10.1007/s10489-026-07257-3,https://doi.org/10.1007/s10489-026-07257-3,article,Applied Intelligence,https://openalex.org/W7160020347
Applied Intelligence,Springer Nature,2026,2026-05-01,Identification and empirical investigation of factors influencing cost estimation in Agile development,Xiaoyan Zhao; Zulkefli Mansor; Rozilawati Razali; Mohd Zakree Ahmad Nazri; Liangyu Li; Xuwei Guo,56,7,10.1007/s10489-026-07259-1,https://doi.org/10.1007/s10489-026-07259-1,article,Applied Intelligence,https://openalex.org/W7160421206
Applied Intelligence,Springer Nature,2026,2026-05-01,Improve domain generalization through curve enhancement and style structure decoupling for medical image segmentation,Ruibing Fu; Haoran Zhou; Ziyuan Zhang; Runze Lu; Guangyao Li,56,7,10.1007/s10489-026-07263-5,https://doi.org/10.1007/s10489-026-07263-5,article,Applied Intelligence,https://openalex.org/W7160538920
Applied Intelligence,Springer Nature,2026,2026-05-01,Probabilistic linguistic interval functional evaluation mechanism under high-frequency aperiodic reviews: A hotel screening application,Bo Li; Jie Peng; Ka Li; Zeshui Xu; Chonghui Zhang,56,7,10.1007/s10489-026-07205-1,https://doi.org/10.1007/s10489-026-07205-1,article,Applied Intelligence,https://openalex.org/W7160438768
Applied Intelligence,Springer Nature,2026,2026-05-01,Robust minimax multi-agent deep deterministic policy gradient for reward uncertainty,Daicheng Song; Qiming Yang; Yixuan Lin; Haoxuan Zeng; Jingwen Chong; Li Song,56,7,10.1007/s10489-026-07255-5,https://doi.org/10.1007/s10489-026-07255-5,article,Applied Intelligence,https://openalex.org/W7160397266
Applied Intelligence,Springer Nature,2026,2026-05-01,SADGE: a status-aware graph embedding method for link prediction in directed graphs,Wenhua Yu; Xiaofei Qin; L X Zhang; Changxiang He; Zhenlin Yu,56,7,10.1007/s10489-026-07261-7,https://doi.org/10.1007/s10489-026-07261-7,article,Applied Intelligence,https://openalex.org/W7160857801
Applied Intelligence,Springer Nature,2026,2026-05-01,SFMamba: a novel spatial-frequency collaborative learning for multimodal medical image fusion with mamba,Zhaijuan Ding; Zhaisheng Ding; Zhaisheng Ding; Zhaisheng Ding; Yunzhe Men; Yanyu Liu; Shengyang Luan; Shufang Tian,56,7,10.1007/s10489-026-07252-8,https://doi.org/10.1007/s10489-026-07252-8,article,Applied Intelligence,https://openalex.org/W7160496847
Applied Intelligence,Springer Nature,2026,2026-05-01,Sentiment analysis on review texts using category of words information and string kernels,José Manuel Cuevas-Muñoz; Nicolás García‐Pedrajas; Aida de Haro-García,56,7,10.1007/s10489-026-07256-4,https://doi.org/10.1007/s10489-026-07256-4,article,Applied Intelligence,https://openalex.org/W7160090550
Applied Intelligence,Springer Nature,2026,2026-05-01,TrafficMCA: an effective LLM-empowered framework for traffic flow prediction via mutual cross-attention,Yiwu Xu; Yun Chen,56,7,10.1007/s10489-026-07251-9,https://doi.org/10.1007/s10489-026-07251-9,article,Applied Intelligence,https://openalex.org/W7160407774
Applied Intelligence,Springer Nature,2026,2026-05-01,VoicePathNet: classifier fusion with CNN-driven multiclass voice disorder diagnosis with enhanced preprocessing,Jotirmoy Roy; Md. Mahmodul Hasan; Md Hasan Uz Zaman; Mohammad Motiur Rahman,56,7,10.1007/s10489-026-07264-4,https://doi.org/10.1007/s10489-026-07264-4,article,Applied Intelligence,https://openalex.org/W7160895714
Applied Intelligence,Springer Nature,2026,2026-05-16,Analyzing the performance of large language models on statement-level code summarization,Jie Zhu; Jie Zhu; Zhihui Wang; Tingting Xu; Junwu Zhu; Junwu Zhu; Yonglong Zhang,56,8,10.1007/s10489-026-07214-0,https://doi.org/10.1007/s10489-026-07214-0,article,Applied Intelligence,https://openalex.org/W7161388407
Applied Intelligence,Springer Nature,2026,2026-05-18,Enhancing feature quality for small object detection in lightweight models via self-distillation and optimized SAHI,Wuzhen Dong; Wenting He; Wei Qiu; Ying Ma; Weixing Huang; Ying Chen; Fengyu Yang,56,8,10.1007/s10489-025-07023-x,https://doi.org/10.1007/s10489-025-07023-x,article,Applied Intelligence,https://openalex.org/W7161593610
Applied Intelligence,Springer Nature,2026,2026-05-18,LRKG: integrating large language models with logical rule for knowledge graph reasoning,Kaiyue Ji; Zili Zhou; Peng Gao; Zhaoai Wang,56,8,10.1007/s10489-026-07277-z,https://doi.org/10.1007/s10489-026-07277-z,article,Applied Intelligence,https://openalex.org/W7161601405
Applied Intelligence,Springer Nature,2026,2026-05-19,A reinforcement learning decision-making method with multi-granularity semantic prompts from large language models,Shilin Hao; Gang Liu; Xiaotian Guo; Xiong Liu; Dong Huang; Wu Li,56,8,10.1007/s10489-026-07270-6,https://doi.org/10.1007/s10489-026-07270-6,article,Applied Intelligence,https://openalex.org/W7161639412
Applied Intelligence,Springer Nature,2026,2026-05-19,An unsupervised hybrid feature selection approach using scalable laplacian score and binary particle swarm optimization,Abhishek Tripathi; Aruna Tiwari; Narendra S. Chaudhari; Milind Ratnaparkhe; Rajesh Dwivedi,56,8,10.1007/s10489-026-07276-0,https://doi.org/10.1007/s10489-026-07276-0,article,Applied Intelligence,https://openalex.org/W7161650336
Applied Intelligence,Springer Nature,2026,2026-05-19,SemNav: Enhancing visual semantic navigation in robotics through semantic segmentation,Rafael Flor-Rodríguez-Rabadán; Carlos Gutiérrez-Álvarez; Francisco Javier Acevedo-Rodríguez; Sergio Lafuente-Arroyo; Roberto Javier López-Sastre,56,8,10.1007/s10489-026-07275-1,https://doi.org/10.1007/s10489-026-07275-1,article,Applied Intelligence,https://openalex.org/W7161627242
Applied Intelligence,Springer Nature,2026,2026-05-20,A fuzzy method for semantic interpretation of clustering results: application to customer profiling in tourism,Itzcóatl Bueno; R. A. Carrasco; Carlos Porcel; M. A. Martínez Sánchez,56,8,10.1007/s10489-026-07267-1,https://doi.org/10.1007/s10489-026-07267-1,article,Applied Intelligence,https://openalex.org/W4296167661
Applied Intelligence,Springer Nature,2026,2026-05-20,Correction to: Semi-supervised outlier detection for partially labeled numerical data using generalized multigranulation fuzzy neighborhood rough set,Wenhao Shu; Yueming Jiang; Wenbin Qian,56,8,10.1007/s10489-026-07265-3,https://doi.org/10.1007/s10489-026-07265-3,erratum,Applied Intelligence,https://openalex.org/W7161753664
Applied Intelligence,Springer Nature,2026,2026-05-21,An explainable deep learning method based on spectral co-clustering for ozone time series forecasting,Naeem Ullah; Francisco Martínez-Álvarez; Ivanoe De Falco; Giovanna Sannino,56,8,10.1007/s10489-026-07278-y,https://doi.org/10.1007/s10489-026-07278-y,article,Applied Intelligence,https://openalex.org/W7161994406
Applied Intelligence,Springer Nature,2026,2026-05-22,CPG-GCN: consensus-prototype guided graph convolutional network,Jiaxin Cheng; Qihang Guo; Yuge Wang; Wenrui Guan; Keyu Liu; Xibei Yang,56,8,10.1007/s10489-026-07272-4,https://doi.org/10.1007/s10489-026-07272-4,article,Applied Intelligence,https://openalex.org/W7162083229
Applied Intelligence,Springer Nature,2026,2026-05-22,Dual-structure enhanced multi-view subspace clustering: a voting-based ensemble approach,Xiaohuan Lan; Wenbin Gao; Ruibin Ren,56,8,10.1007/s10489-026-07213-1,https://doi.org/10.1007/s10489-026-07213-1,article,Applied Intelligence,https://openalex.org/W7162098896
Applied Intelligence,Springer Nature,2026,2026-05-22,Hybrid convNeXt-ViT architecture with focal self-attention for emergency vehicle classification in urban traffic,Anant Saini; Jyoti Srivastava,56,8,10.1007/s10489-026-07281-3,https://doi.org/10.1007/s10489-026-07281-3,article,Applied Intelligence,https://openalex.org/W7162066285
Applied Intelligence,Springer Nature,2026,2026-05-23,Colorectal polyp segmentation using an adolescent identity search algorithm with gradient Q-learning and asynchronous N-step updates,Amir Hamza; Yassine Himeur; Badis Lekouaghet; Morad Grimes; Abdelkarim Boukabou; Adel Oulefki,56,8,10.1007/s10489-026-07262-6,https://doi.org/10.1007/s10489-026-07262-6,article,Applied Intelligence,https://openalex.org/W7162093810
Applied Intelligence,Springer Nature,2026,2026-05-25,LTFDyG: A learnable temporal function-based dynamic graph neural network with dual-channel encoding,Xinzhi Shi; Chao Li; Xingshuo Han; 苏世和; Junyan Wu,56,8,10.1007/s10489-026-07273-3,https://doi.org/10.1007/s10489-026-07273-3,article,Applied Intelligence,https://openalex.org/W7162309278
Applied Intelligence,Springer Nature,2026,2026-05-25,Performance analysis of subsampled LiDAR point clouds using deep learning based semantic segmentation,Pyare Lal Chauhan; Aakash Singh Bais; Vaibhav Kumar,56,8,10.1007/s10489-026-07282-2,https://doi.org/10.1007/s10489-026-07282-2,article,Applied Intelligence,https://openalex.org/W7162339682
Applied Intelligence,Springer Nature,2026,2026-05-27,A sustainable and resource-efficient AIGC art design framework using an enhanced GAN for performance-optimized computing systems,Yunan Wu; Haitao Zhang,56,8,10.1007/s10489-026-07280-4,https://doi.org/10.1007/s10489-026-07280-4,article,Applied Intelligence,https://openalex.org/W7162408594
Applied Intelligence,Springer Nature,2026,2026-05-27,DRS-GCN: Counteracting over-smoothing in graph convolutional networks through dynamic reorganization and smoothness loss,Qi Cheng; lang long; Min Zhang; Chengkui Zhao; Weixing Feng,56,8,10.1007/s10489-026-07286-y,https://doi.org/10.1007/s10489-026-07286-y,article,Applied Intelligence,https://openalex.org/W7162447179
Applied Intelligence,Springer Nature,2026,2026-05-28,Constrained multi-objective optimization based on deep Q-Network and time series prediction,Peng Zhao; Jie Cao; Jianglin Zhang; Zuohan Chen; Chengzhi Liu,56,8,10.1007/s10489-026-07274-2,https://doi.org/10.1007/s10489-026-07274-2,article,Applied Intelligence,https://openalex.org/W7162655668
Applied Intelligence,Springer Nature,2026,2026-05-29,Hoist fault diagnosis method integrating time series signal denoising model,Xiaojie Yu; Chaowei Zang; Huayu Shou; Qiang Niu,56,8,10.1007/s10489-026-07290-2,https://doi.org/10.1007/s10489-026-07290-2,article,Applied Intelligence,https://openalex.org/W7162794113
Applied Intelligence,Springer Nature,2026,2026-05-30,"AI-driven carbon capture, utilization, and storage (CCUS) for decarbonizing energy systems",Seyedeh Azadeh Alavi-Borazjani; Dr Muhammad Noman Shafique; Shehar Yar Khan,56,8,10.1007/s10489-026-07298-8,https://doi.org/10.1007/s10489-026-07298-8,article,Applied Intelligence,https://openalex.org/W7162848697
Applied Intelligence,Springer Nature,2026,2026-05-30,EMD-based combined attention mechanism RNN for multivariate time series forecasting,Weifu Ding; Chunxia Zhang; Huachuan Huang; Zizhao Guo; Li Long; Nannan Ji,56,8,10.1007/s10489-026-07287-x,https://doi.org/10.1007/s10489-026-07287-x,article,Applied Intelligence,https://openalex.org/W7162876580
Applied Intelligence,Springer Nature,2026,2026-05-30,Mamba-UNet for reference-based super-resolution reconstruction,Bo Ding; Zihui Wang; Huiqiang Wang; Yongjun He; Jun Zhou,56,8,10.1007/s10489-026-07292-0,https://doi.org/10.1007/s10489-026-07292-0,article,Applied Intelligence,https://openalex.org/W7162871886
Applied Intelligence,Springer Nature,2026,2026-05-30,NBICUT: an unsupervised throat image translation method based on hierarchical feature fusion and feature focusing,Xiaoying Pan; Tianxin Zhang; Xin Wang; Xinyuan Luo; Yan Wang; Wulin Wen,56,8,10.1007/s10489-026-07305-y,https://doi.org/10.1007/s10489-026-07305-y,article,Applied Intelligence,https://openalex.org/W7162860224
Applied Intelligence,Springer Nature,2026,2026-06-01,A granularity-consistent feature selection method based on relative fuzzy combination mutual information,Tingfeng Wen; Jin Qian; Shaowei Yan; Houbing Xu; Shimin Yang; Ying Yu,56,8,10.1007/s10489-026-07291-1,https://doi.org/10.1007/s10489-026-07291-1,article,Applied Intelligence,https://openalex.org/W7163129668
Applied Intelligence,Springer Nature,2026,2026-06-01,A hybrid CNN-BiLSTM model with squeeze-and-excitation attention and GSABO optimization for rock drilling time prediction in underground mines,Ding Liu; Ning Li; Qizhou Wang,56,8,10.1007/s10489-026-07317-8,https://doi.org/10.1007/s10489-026-07317-8,article,Applied Intelligence,https://openalex.org/W7163426884
Applied Intelligence,Springer Nature,2026,2026-06-01,A hybrid granular model with decomposition-integration strategy toward long-term prediction of time series,Xingxing Chen; Hongyue Guo; Lidong Wang,56,8,10.1007/s10489-026-07312-z,https://doi.org/10.1007/s10489-026-07312-z,article,Applied Intelligence,https://openalex.org/W7163917375
Applied Intelligence,Springer Nature,2026,2026-06-01,A reinforcement learning hyper-heuristic for opposition-enhanced shuffled multi-strategy evolutionary algorithms with adaptive population sizing,Morteza Alinia Ahandani; Hosein Alavi-Rad; Hamed Kharrti; Mehrdad Saif; Mohammad Reza Chalak Qazani,56,8,10.1007/s10489-026-07279-x,https://doi.org/10.1007/s10489-026-07279-x,article,Applied Intelligence,https://openalex.org/W7163123521
Applied Intelligence,Springer Nature,2026,2026-06-01,A triple-head network with loss-aware label assignment for object detection,Wenjie Lin; Jun Chu; Lu Leng; Xingbo Dong,56,9,10.1007/s10489-026-07329-4,https://doi.org/10.1007/s10489-026-07329-4,article,Applied Intelligence,https://openalex.org/W7165554282
Applied Intelligence,Springer Nature,2026,2026-06-01,Autonomous markerless augmented reality for perforator visualization in DIEP surgery,Zitan Shi; J J Li; Jinhua Li; Cong Su; Shu Wang; Jian Yin; Jianmin Li; Jian Yin; Bo Guan; Jianchang Zhao,56,8,10.1007/s10489-026-07303-0,https://doi.org/10.1007/s10489-026-07303-0,article,Applied Intelligence,https://openalex.org/W7164197575
Applied Intelligence,Springer Nature,2026,2026-06-01,Comparative analysis of models capturing foot trajectory complexity across ambulation modes: application to robotic prostheses,Hamza Al Kouzbary; Mouaz Al Kouzbary; Jinjing Liu; Hamam Mokayed; Nooranida Arifin; Noor Azuan Abu Osman,56,9,10.1007/s10489-026-07315-w,https://doi.org/10.1007/s10489-026-07315-w,article,Applied Intelligence,https://openalex.org/W7165015681
Applied Intelligence,Springer Nature,2026,2026-06-01,ControlMambaIR: conditional controls with state-space model for image restoration,Cheng Yu Yang; Lijing Liang; Zhixun Su,56,8,10.1007/s10489-026-07301-2,https://doi.org/10.1007/s10489-026-07301-2,article,Applied Intelligence,https://openalex.org/W4415134001
Applied Intelligence,Springer Nature,2026,2026-06-01,Cross-scale fusion method for multimodal marine meteorological data,Jingbo Li; Li Ma; Yang Li; Yingxun Fu; Dongchao Ma,56,9,10.1007/s10489-026-07319-6,https://doi.org/10.1007/s10489-026-07319-6,article,Applied Intelligence,https://openalex.org/W7166466880
Applied Intelligence,Springer Nature,2026,2026-06-01,"DFB: A Data-Free, Low-Budget, and High-EfficacyClean-Label Backdoor Attack",Binhao Ma; Jiahui Wang; Dejun Wang; Bo Meng,56,9,10.1007/s10489-026-07328-5,https://doi.org/10.1007/s10489-026-07328-5,article,Applied Intelligence,https://openalex.org/W7166184684
Applied Intelligence,Springer Nature,2026,2026-06-01,DMSA: a dual-mask spatiatemporal autoencoder for multivariate time series anomaly detection,Yiping Bao,56,8,10.1007/s10489-026-07310-1,https://doi.org/10.1007/s10489-026-07310-1,article,Applied Intelligence,https://openalex.org/W7163760588
Applied Intelligence,Springer Nature,2026,2026-06-01,Domain generalization for face anti-spoofing with CBAM and adaptive gradient alignment,Huifen Xing; Siok Yee Tan; Faizan Qamar; Yuqing Jiao,56,9,10.1007/s10489-026-07324-9,https://doi.org/10.1007/s10489-026-07324-9,article,Applied Intelligence,https://openalex.org/W7166183080
Applied Intelligence,Springer Nature,2026,2026-06-01,Explainable academic advising via category-routed knowledge graph retrieval and generation,Huu-Hoa Nguyen; Tri-Tam La; Thanh Ma,56,8,10.1007/s10489-026-07300-3,https://doi.org/10.1007/s10489-026-07300-3,article,Applied Intelligence,https://openalex.org/W7163009780
Applied Intelligence,Springer Nature,2026,2026-06-01,From black box to transparent farming: eXplainable AI in agriculture recommendation systems,Parijata Majumdar; Subhradip Das,56,8,10.1007/s10489-026-07306-x,https://doi.org/10.1007/s10489-026-07306-x,article,Applied Intelligence,https://openalex.org/W7163713214
Applied Intelligence,Springer Nature,2026,2026-06-01,Generative AI-augmented multimodal graph model with parallel contrastive learning for game recommendation,Yang Huang; Duen‐Ren Liu; Chi-Yun Chao,56,8,10.1007/s10489-025-07080-2,https://doi.org/10.1007/s10489-025-07080-2,article,Applied Intelligence,https://openalex.org/W7163001085
Applied Intelligence,Springer Nature,2026,2026-06-01,Global exponential synchronization of BAM neural networks with proportional delays and uncertain parameters for image encryption,Wenyue Zheng; Liqun Zhou,56,8,10.1007/s10489-026-07288-w,https://doi.org/10.1007/s10489-026-07288-w,article,Applied Intelligence,https://openalex.org/W7164814858
Applied Intelligence,Springer Nature,2026,2026-06-01,"Harnessing Artificial Intelligence (AI) for a greener future: a review of AI advancements in green chemistry, chemical processes and sustainable materials",Ahmed M. Elkhatat; Shaheen A. Al‐Muhtaseb,56,8,10.1007/s10489-026-07326-7,https://doi.org/10.1007/s10489-026-07326-7,article,Applied Intelligence,https://openalex.org/W7164495388
Applied Intelligence,Springer Nature,2026,2026-06-01,Improve robustness of few-shot cross-domain graph anomaly detection via scenario statistics pseudo-labeling,Hang Yu; Rui Ma; Yang Liu,56,8,10.1007/s10489-026-07320-z,https://doi.org/10.1007/s10489-026-07320-z,article,Applied Intelligence,https://openalex.org/W7164866263
Applied Intelligence,Springer Nature,2026,2026-06-01,"Improving text classification on small-sized, imbalanced datasets with selective few-random-shot augmentation",Lingshu Hu; Peter D. Dolan; Can Li; Wenbo Wang; Bin Pang; Yi Shang,56,9,10.1007/s10489-026-07299-7,https://doi.org/10.1007/s10489-026-07299-7,article,Applied Intelligence,https://openalex.org/W4409785640
Applied Intelligence,Springer Nature,2026,2026-06-01,Incomplete multi-view clustering based on discriminative anchor-feature mining-assisted adaptive sample completion,Mengying Xie; Gaojian Luo; Yi Xu; Wenjun Zhao; Xiaolan Liu,56,9,10.1007/s10489-026-07330-x,https://doi.org/10.1007/s10489-026-07330-x,article,Applied Intelligence,https://openalex.org/W7165184177
Applied Intelligence,Springer Nature,2026,2026-06-01,LHPS-Net: Lipschitz hierarchical pyramid for medical image registration with spatial recurrent encoders,Chao Fan; Huijun Zhao; Xinru Zhu; Zhihui Xuan; Zhentong Zhu; R F Li; Guo Xiaodong,56,9,10.1007/s10489-026-07344-5,https://doi.org/10.1007/s10489-026-07344-5,article,Applied Intelligence,https://openalex.org/W7166044649
Applied Intelligence,Springer Nature,2026,2026-06-01,LogSoft: A stable and calibrated drop-in alternative to Softmax,Anjali; Jolly Puri; M.K. Sharma; R. K. Sharma,56,8,10.1007/s10489-026-07331-w,https://doi.org/10.1007/s10489-026-07331-w,article,Applied Intelligence,https://openalex.org/W7164858990
Applied Intelligence,Springer Nature,2026,2026-06-01,MSTN-ISNet: A probability-guided spatio-temporal decoding for alleviating imbalance in sleep stage classification,Dongrui Gao; Shibing Li; Haokai Zhang; Qian Wu; Zongyao Peng; Shihong Liu; Liping Xie; Shaofei Ying; Jiaxin Xie,56,9,10.1007/s10489-026-07314-x,https://doi.org/10.1007/s10489-026-07314-x,article,Applied Intelligence,https://openalex.org/W7164891869
Applied Intelligence,Springer Nature,2026,2026-06-01,Modality-balanced federated learning via cross-client regional prototypes and gradient weighting,Mengmeng Li; Xin He; Jinhua Chen,56,8,10.1007/s10489-026-07327-6,https://doi.org/10.1007/s10489-026-07327-6,article,Applied Intelligence,https://openalex.org/W7164552828
Applied Intelligence,Springer Nature,2026,2026-06-01,MotrajGAT: a graph attention network for trajectory prediction based on road network motifs,Yunhe Zhu; Guiling Wang; Jiayu Zhang; Ao Huang; Bingxian Xiao; Yifei Shi; Wenwen Zhu; Jing Gao; Jian Yu,56,8,10.1007/s10489-026-07294-y,https://doi.org/10.1007/s10489-026-07294-y,article,Applied Intelligence,https://openalex.org/W7163715446
Applied Intelligence,Springer Nature,2026,2026-06-01,Multi-HypPre: a multi-source data fusion framework for drug-induced hypertension prediction,Xueqiang Gao; Chen Ge; Kui Lu; Guodong Wang (115333); Fengjun Zhou; Yilei Wang; Huiyu Zhou; Xiaoying Wang; Wei Dai,56,8,10.1007/s10489-026-07321-y,https://doi.org/10.1007/s10489-026-07321-y,article,Applied Intelligence,https://openalex.org/W7164139624
Applied Intelligence,Springer Nature,2026,2026-06-01,Multi-agent graph reinforcement learning for real-time traffic signal control with spatio-temporal awareness,Tarek Amine Haddad; Abdessalam Hattab,56,9,10.1007/s10489-026-07336-5,https://doi.org/10.1007/s10489-026-07336-5,article,Applied Intelligence,https://openalex.org/W7165392320
Applied Intelligence,Springer Nature,2026,2026-06-01,Multi-granularity intent learning fused with temporal augmentation for sequential recommendation,Xuegang Wu; Ting Wang,56,8,10.1007/s10489-026-07304-z,https://doi.org/10.1007/s10489-026-07304-z,article,Applied Intelligence,https://openalex.org/W7163645302
Applied Intelligence,Springer Nature,2026,2026-06-01,Multi-operator differential evolution with a novel local search framework based on reinforcement learning for engineering optimization problems,Lei Peng; M.C. Chi; Guangming Dai; Maocai Wang; Zhuoming Yuan,56,8,10.1007/s10489-026-07318-7,https://doi.org/10.1007/s10489-026-07318-7,article,Applied Intelligence,https://openalex.org/W7164004486
Applied Intelligence,Springer Nature,2026,2026-06-01,Multi-region satellite-derived bathymetry and cross-regional generalization assessment based on CNN–Transformer,Ze Liu; Lili Zhang; Hui Li; Xiaoyu Fang; Yaowen Zhang,56,8,10.1007/s10489-026-07308-9,https://doi.org/10.1007/s10489-026-07308-9,article,Applied Intelligence,https://openalex.org/W7163758149
Applied Intelligence,Springer Nature,2026,2026-06-01,Multi-view clustering via anchor graph matrix tri-factorization,Yong Wang; 馬自莊,56,8,10.1007/s10489-026-07309-8,https://doi.org/10.1007/s10489-026-07309-8,article,Applied Intelligence,https://openalex.org/W7163870662
Applied Intelligence,Springer Nature,2026,2026-06-01,Optimizing time slot allocation in complex multi-dock truck loading and unloading operations using evolutionary algorithms,Enol García González; Jose R. Villar; Javier Sedano; Camelia Chira,56,9,10.1007/s10489-026-07334-7,https://doi.org/10.1007/s10489-026-07334-7,article,Applied Intelligence,https://openalex.org/W7166059444
Applied Intelligence,Springer Nature,2026,2026-06-01,Overcoming modality laziness in multi-modal multi-instance learning for immune repertoire classification,Yu-xuan Zhang; Zhengchun Zhou; Hanjie Luo; Weisha Liu; Ming Li,56,9,10.1007/s10489-026-07295-x,https://doi.org/10.1007/s10489-026-07295-x,article,Applied Intelligence,https://openalex.org/W7165785029
Applied Intelligence,Springer Nature,2026,2026-06-01,PESatNet: Mitigating embedding saturation in knowledge graph recommendation via parameter-embedding synergistic enhancement,Yan Guo; Songsong Hou; X.C. Li; Yuanping Zhang; Yan Sun; Wei Wang,56,8,10.1007/s10489-026-07316-9,https://doi.org/10.1007/s10489-026-07316-9,article,Applied Intelligence,https://openalex.org/W7163742344
Applied Intelligence,Springer Nature,2026,2026-06-01,Patient-level information extraction by consistent integration of textual and tabular evidence with Bayesian networks,Paloma Rabaey; Adrick Tench; Stefan Heytens; Thomas R. DeMeester,56,8,10.1007/s10489-026-07322-x,https://doi.org/10.1007/s10489-026-07322-x,article,Applied Intelligence,https://openalex.org/W4416595468
Applied Intelligence,Springer Nature,2026,2026-06-01,Random consensus model integrated with pseudo-label similarity matching,Liu Zongxiang; Zikang Qiu; Gao Zhijian,56,8,10.1007/s10489-026-07189-y,https://doi.org/10.1007/s10489-026-07189-y,article,Applied Intelligence,https://openalex.org/W7163413182
Applied Intelligence,Springer Nature,2026,2026-06-01,Real-time implementation of a hybrid MPPT method for PV systems under non-uniform irradiance conditions,Mehmet Yılmaz; Muhammed Fatih Çorapsız,56,8,10.1007/s10489-026-07293-z,https://doi.org/10.1007/s10489-026-07293-z,article,Applied Intelligence,https://openalex.org/W7163176082
Applied Intelligence,Springer Nature,2026,2026-06-01,Reference image guided industrial defect generation with specified region and strength,Shuai Yang; Zhenyu Miao; Kai Tian; Kai Wang; Liming Chen; Yongzhen Ke; Jianghong Hu; Bin Cao,56,8,10.1007/s10489-026-07332-9,https://doi.org/10.1007/s10489-026-07332-9,article,Applied Intelligence,https://openalex.org/W7164491149
Applied Intelligence,Springer Nature,2026,2026-06-01,Robust R-peak detection in ECG signals using mamba-enhanced 1D diffusion model,Chunyu Tan; Jinlong Li; Yun Zhou,56,8,10.1007/s10489-026-07297-9,https://doi.org/10.1007/s10489-026-07297-9,article,Applied Intelligence,https://openalex.org/W7164140760
Applied Intelligence,Springer Nature,2026,2026-06-01,STA-HRNN-BiGRU: a spatiotemporal sequence multivariate forecasting model integrating spatiotemporal information,Junyan Sun; Zhongrong Zhang; Yulin Shen; Kang Lin; Zeyu Duan; Jisheng Li,56,8,10.1007/s10489-026-07325-8,https://doi.org/10.1007/s10489-026-07325-8,article,Applied Intelligence,https://openalex.org/W7164413024
Applied Intelligence,Springer Nature,2026,2026-06-01,Unsupervised anomaly detection method for rotating machinery based on discrete latent space modeling,Long Cui; Teng Zhang; Xiuyu Wang; Qingzhe Wei; Xincheng Tian; Yanli Li; S.-F. Zhu,56,8,10.1007/s10489-026-07296-w,https://doi.org/10.1007/s10489-026-07296-w,article,Applied Intelligence,https://openalex.org/W7163771506
Applied Intelligence,Springer Nature,2026,2026-06-01,WTO: weighted triangular regions-based oversampling technique for imbalanced classification,Jianjian Yan; 钱奇城; Zhaoqi Yuan; Ziyi Wang; Min Deng; Benting Wan,56,8,10.1007/s10489-026-07302-1,https://doi.org/10.1007/s10489-026-07302-1,article,Applied Intelligence,https://openalex.org/W7164823687
Applied Intelligence,Springer Nature,2026,2026-07-01,A coarse-to-fine dual-stage collaborative medical image segmentation network based on memristive neural networks,Nana Ren; Huaikun Zhang; J J Liu; Bin Shi; Jing Lian,56,11,10.1007/s10489-026-07368-x,https://doi.org/10.1007/s10489-026-07368-x,article,Applied Intelligence,https://openalex.org/W7169799615
Applied Intelligence,Springer Nature,2026,2026-07-01,A consensus model in multi-attribute large-scale group decision-making based on the relative projection of preference relations with self-confidence,Zulin Liu; Jiawei Zhang; Yi Song,56,10,10.1007/s10489-026-07347-2,https://doi.org/10.1007/s10489-026-07347-2,article,Applied Intelligence,https://openalex.org/W7168407083
Applied Intelligence,Springer Nature,2026,2026-07-01,A few-shot sample method for source camera identification based on residual information distillation,Huimin Liu; Jiayao Hou; Jiaqi Chi; Bo Wang,56,10,10.1007/s10489-026-07351-6,https://doi.org/10.1007/s10489-026-07351-6,article,Applied Intelligence,https://openalex.org/W7167475579
Applied Intelligence,Springer Nature,2026,2026-07-01,A granular time series forecasting model incorporating three-way decision and quadratic fuzzy information granules,Jianuan Qiu; Shuhua Su,56,10,10.1007/s10489-026-07338-3,https://doi.org/10.1007/s10489-026-07338-3,article,Applied Intelligence,https://openalex.org/W7166877434
Applied Intelligence,Springer Nature,2026,2026-07-01,A novel graph attention network based on low rank factorization and linear attention for field reconstruction,Qiao Li; Congcong Jin; S Y Wang; Sihan Zhang; Weile Xu; Xingchen Li,56,10,10.1007/s10489-026-07366-z,https://doi.org/10.1007/s10489-026-07366-z,article,Applied Intelligence,https://openalex.org/W7167941283
Applied Intelligence,Springer Nature,2026,2026-07-01,A novel industrial equipment fault diagnosis method combining unseen class recognition and few-shot augmentation,Qianhui Chen; Zhongjun Yin; Tian Han; Jiachen Pang,56,10,10.1007/s10489-026-07379-8,https://doi.org/10.1007/s10489-026-07379-8,article,Applied Intelligence,https://openalex.org/W7168141251
Applied Intelligence,Springer Nature,2026,2026-07-01,A quick reduct method using covering operator in incomplete neighborhood rough sets,Hao Ge; Bo Li; Chuanjian Yang; Yi Xu; Yuanting Yan,56,11,10.1007/s10489-026-07343-6,https://doi.org/10.1007/s10489-026-07343-6,article,Applied Intelligence,https://openalex.org/W7169674548
Applied Intelligence,Springer Nature,2026,2026-07-01,A review of IRS-assisted communication for medical robotics: enabling intelligent wireless control in 6G healthcare systems,Siwen Zhang; Asad Saleem; L C Zhou; Sun Meiling; Temitope Emmanuel Komolafe; Yan Xu,56,10,10.1007/s10489-026-07353-4,https://doi.org/10.1007/s10489-026-07353-4,article,Applied Intelligence,https://openalex.org/W7167709769
Applied Intelligence,Springer Nature,2026,2026-07-01,A survey of transformers based on their input modalities,Priyanka Sharma; Sanjay Kumar Jain,56,10,10.1007/s10489-026-07378-9,https://doi.org/10.1007/s10489-026-07378-9,article,Applied Intelligence,https://openalex.org/W7167938910
Applied Intelligence,Springer Nature,2026,2026-07-01,A systematic evaluation of large language models for autonomous cyber defense,Thibaut Jacques,56,11,10.1007/s10489-026-07386-9,https://doi.org/10.1007/s10489-026-07386-9,article,Applied Intelligence,https://openalex.org/W7171566831
Applied Intelligence,Springer Nature,2026,2026-07-01,An adaptive rule-correcting fuzzy neural network for partial multi-label learning,Haoran Liu; Hong Zhi Yu; Feng Hu; Guoyin Wang,56,11,10.1007/s10489-026-07391-y,https://doi.org/10.1007/s10489-026-07391-y,article,Applied Intelligence,https://openalex.org/W7171655040
Applied Intelligence,Springer Nature,2026,2026-07-01,An improved multi-agent combat algorithm for large-scale swarms based on DDPG,Yuxin Zhang; Enjiao Zhao; Dong Han; Hong Liang,56,10,10.1007/s10489-026-07269-z,https://doi.org/10.1007/s10489-026-07269-z,article,Applied Intelligence,https://openalex.org/W7167464615
Applied Intelligence,Springer Nature,2026,2026-07-01,Appliance identification using Kolmogorov–Arnold networks with extended feature extraction and saliency analysis,Muhammad Asad; Manar Amayri; Nizar Bouguila,56,10,10.1007/s10489-026-07377-w,https://doi.org/10.1007/s10489-026-07377-w,article,Applied Intelligence,https://openalex.org/W7168430353
Applied Intelligence,Springer Nature,2026,2026-07-01,Attribute reduction based on multi-neighborhood triple consistency measure,Xia Ji; Yanqi Shen; Yuchen Cao; Mengxin You; Peng Zhao,56,10,10.1007/s10489-026-07289-9,https://doi.org/10.1007/s10489-026-07289-9,article,Applied Intelligence,https://openalex.org/W7167804948
Applied Intelligence,Springer Nature,2026,2026-07-01,BPEFNet: a bit plane enhanced fusion network for echocardiographic segmentation,Dang Li; Chi Kin Lam; Xintao Pang; Dashun Zheng; Wei Li; Penny Wong-On Chao; Patrick Cheong‐Iao Pang; Tao Tan,56,10,10.1007/s10489-026-07372-1,https://doi.org/10.1007/s10489-026-07372-1,article,Applied Intelligence,https://openalex.org/W7167891627
Applied Intelligence,Springer Nature,2026,2026-07-01,BinEncoder: Binary code similarity detection across compilation configurations via microcode,Zheng Zhao; Tianhao Zhang; Qian Mao; Qi Zhao; Xiangyang Luo; Xiaoya Fan,56,11,10.1007/s10489-026-07390-z,https://doi.org/10.1007/s10489-026-07390-z,article,Applied Intelligence,https://openalex.org/W7171674348
Applied Intelligence,Springer Nature,2026,2026-07-01,Content-orthogonal projection for disentangled style transfer in diffusion models,Hang Chen; Jiahao Cui; Xinlei Tang; Zeng Jinyun; Yanzhe Zou; Xuan Li; L X Zhang,56,10,10.1007/s10489-026-07376-x,https://doi.org/10.1007/s10489-026-07376-x,article,Applied Intelligence,https://openalex.org/W7167785244
Applied Intelligence,Springer Nature,2026,2026-07-01,DFG-PatchTST: a dynamic fusion gated patch transformer for multicomponent time series forecasting,Yunsen Zhou; Yinxin Bao; Quan Shi,56,11,10.1007/s10489-026-07363-2,https://doi.org/10.1007/s10489-026-07363-2,article,Applied Intelligence,https://openalex.org/W7169591052
Applied Intelligence,Springer Nature,2026,2026-07-01,Dynamic graph convolutional neural network based on multi-scale feature fusion for traffic flow prediction,Jiayang Xu; Xiaohui Huang; Nan Jiang; Linfa Xiao,56,10,10.1007/s10489-026-07381-0,https://doi.org/10.1007/s10489-026-07381-0,article,Applied Intelligence,https://openalex.org/W7168427622
Applied Intelligence,Springer Nature,2026,2026-07-01,EDGAN: a novel GAN framework incorporating a diversity discriminator for robust data generation,Aiguo Cheng; Caiyu Ma; Zhicheng He; Hexin Jiang; Eric Li,56,10,10.1007/s10489-026-07360-5,https://doi.org/10.1007/s10489-026-07360-5,article,Applied Intelligence,https://openalex.org/W7167518113
Applied Intelligence,Springer Nature,2026,2026-07-01,Feature importance methods for linear regression model,Jing Liu; Chi Zhao; Елена Михайловна Парилина,56,10,10.1007/s10489-026-07342-7,https://doi.org/10.1007/s10489-026-07342-7,article,Applied Intelligence,https://openalex.org/W7167473444
Applied Intelligence,Springer Nature,2026,2026-07-01,Fraud detection on dynamic graphs via temporal path aggregation,Chaoli Lou; Ziyi Xiao; Cong Luo; Jiajia Hu; Yueyang Wang,56,10,10.1007/s10489-026-07355-2,https://doi.org/10.1007/s10489-026-07355-2,article,Applied Intelligence,https://openalex.org/W7167495099
Applied Intelligence,Springer Nature,2026,2026-07-01,Graph convolutional network via granular-ball computing and ordered cross-view convolution in multi-view learning,Taihua Xu; Weijun Wang; Yun Cui; Hui Li; Jie ming Yang,56,10,10.1007/s10489-026-07348-1,https://doi.org/10.1007/s10489-026-07348-1,article,Applied Intelligence,https://openalex.org/W7167599803
Applied Intelligence,Springer Nature,2026,2026-07-01,HMGF-Net: Hierarchical memory-guided graph fusion network for traffic flow prediction,Lian You Xiong; Xing Guo; Yuxi Feng; Wanchang Li,56,11,10.1007/s10489-026-07383-y,https://doi.org/10.1007/s10489-026-07383-y,article,Applied Intelligence,https://openalex.org/W7168730142
Applied Intelligence,Springer Nature,2026,2026-07-01,Implicit association relationships perception network representation learning based on adversarial training variational graph autoencoder,Lili Han; Hui Zhao,56,10,10.1007/s10489-026-07370-3,https://doi.org/10.1007/s10489-026-07370-3,article,Applied Intelligence,https://openalex.org/W7167915407
Applied Intelligence,Springer Nature,2026,2026-07-01,Interpretable financial time series anomaly detection based on frequency domain features and enhanced sparse attention,Haiying Cao,56,10,10.1007/s10489-026-07335-6,https://doi.org/10.1007/s10489-026-07335-6,article,Applied Intelligence,https://openalex.org/W7166859076
Applied Intelligence,Springer Nature,2026,2026-07-01,Knowledge-inspired and Feature-adaptive Dual-collaborative Classification Method for Children’s Supernumerary Teeth,Pei Li; Yuexue Xiao; Lele Yang; Yifan Wang; Xiaoying Pan; Q Zhang; Pei Li,56,11,10.1007/s10489-026-07352-5,https://doi.org/10.1007/s10489-026-07352-5,article,Applied Intelligence,https://openalex.org/W7168767366
Applied Intelligence,Springer Nature,2026,2026-07-01,LLM-based agent systems: a systematic literature review and position on hybrid architectures and evaluation frameworks,Christoph Gabauer,56,10,10.1007/s10489-026-07340-9,https://doi.org/10.1007/s10489-026-07340-9,review,Applied Intelligence,https://openalex.org/W7166833661
Applied Intelligence,Springer Nature,2026,2026-07-01,MG-DCL: a multi–granularity dual contrastive learning framework for industrial intelligent diagnosis,Jiejie Tang; Tianyu Xu; Pengcheng Xu; Yixiang Lu,56,10,10.1007/s10489-026-07350-7,https://doi.org/10.1007/s10489-026-07350-7,article,Applied Intelligence,https://openalex.org/W7167812269
Applied Intelligence,Springer Nature,2026,2026-07-01,Multi-view gradient residual reductive (MvGR2) model for univariate time series predictions,Vipin Kumar; Ritika Singh; Subham Kumar,56,11,10.1007/s10489-026-07359-y,https://doi.org/10.1007/s10489-026-07359-y,article,Applied Intelligence,https://openalex.org/W7171422855
Applied Intelligence,Springer Nature,2026,2026-07-01,Multi-view outlier detection via tensor decomposition and information decoupling,Yuefei Wang; 梅佳莹; Zi Wang; Jinyan Cao; Xinyuan Wang; Siyi Qiu; Bo Li; Xi Yu,56,10,10.1007/s10489-026-07375-y,https://doi.org/10.1007/s10489-026-07375-y,article,Applied Intelligence,https://openalex.org/W7167886936
Applied Intelligence,Springer Nature,2026,2026-07-01,Multiple feature fusion using supervised multiset canonical correlations with power-symmetric successive overrelaxation,Jing Yang; Xizhan Gao; Quansen Sun; Zhimin Liu,56,10,10.1007/s10489-026-07313-y,https://doi.org/10.1007/s10489-026-07313-y,article,Applied Intelligence,https://openalex.org/W7166830297
Applied Intelligence,Springer Nature,2026,2026-07-01,Multivariate time series anomaly detection using diffusion models based on fusion and inference,Quanjie Dou; Peishun Liu; Hengtao Wang; Rongjia Han; Yashi Huang; Yin Tian,56,10,10.1007/s10489-026-07357-0,https://doi.org/10.1007/s10489-026-07357-0,article,Applied Intelligence,https://openalex.org/W7166873211
Applied Intelligence,Springer Nature,2026,2026-07-01,Multi–perspective evaluation criteria for three–way conflict analysis results and the constructed coalition optimization framework,Yaoyao Zhang; Yunfan Yue; Xiaonan Li,56,10,10.1007/s10489-026-07356-1,https://doi.org/10.1007/s10489-026-07356-1,article,Applied Intelligence,https://openalex.org/W7167478355
Applied Intelligence,Springer Nature,2026,2026-07-01,"Next generation AI in medical imaging: a systematic review of transformers, mamba, fuzzy approaches, and multimodal fusion",Ranim Bejaoui; Rim Mahouachi; Hela Mahersia,56,11,10.1007/s10489-026-07382-z,https://doi.org/10.1007/s10489-026-07382-z,review,Applied Intelligence,https://openalex.org/W7169047053
Applied Intelligence,Springer Nature,2026,2026-07-01,Occlusion handling algorithms in visual object tracking: a survey,Kazımhan Peker; D.Turgay Altilar,56,10,10.1007/s10489-026-07345-4,https://doi.org/10.1007/s10489-026-07345-4,article,Applied Intelligence,https://openalex.org/W7168129145
Applied Intelligence,Springer Nature,2026,2026-07-01,Renewable uncertainty in integrated energy systems: A Q-learning-based memetic algorithm for multi-objective optimization,Jingchun Qi; Xinfu Pang; Yuyan Zhang; Yue Zhu; Zedong Zheng,56,10,10.1007/s10489-026-07362-3,https://doi.org/10.1007/s10489-026-07362-3,article,Applied Intelligence,https://openalex.org/W7167899582
Applied Intelligence,Springer Nature,2026,2026-07-01,Robust graph-regularized discriminative nonnegative matrix factorization for image clustering,Hailong Shen; Xiao Zhu,56,10,10.1007/s10489-026-07349-0,https://doi.org/10.1007/s10489-026-07349-0,article,Applied Intelligence,https://openalex.org/W7168366312
Applied Intelligence,Springer Nature,2026,2026-07-01,SENT-DTI: Semantic-enhanced drug-target interaction prediction with negative training strategy,Weiyu Shi; Zihao Liu; Yuehui Zhang; Yuehui Zhang; Hai Cui; Yijia Zhang; Yijia Zhang,56,11,10.1007/s10489-026-07361-4,https://doi.org/10.1007/s10489-026-07361-4,article,Applied Intelligence,https://openalex.org/W7169618078
Applied Intelligence,Springer Nature,2026,2026-07-01,ST-DFF: A spatio-temporal dual-graph framework for robust microservice KPIs forecasting under distribution shifts,Zi Wang; Xiuguo Zhang; MingYuan Liu; Zhiying Cao,56,11,10.1007/s10489-026-07384-x,https://doi.org/10.1007/s10489-026-07384-x,article,Applied Intelligence,https://openalex.org/W7169883890
Applied Intelligence,Springer Nature,2026,2026-07-01,Self supervised intrusion detection algorithm based on dynamic spatiotemporal graph,Haoran Bai; Lifang Chen; Qi Dai,56,10,10.1007/s10489-026-07371-2,https://doi.org/10.1007/s10489-026-07371-2,article,Applied Intelligence,https://openalex.org/W7167902290
Applied Intelligence,Springer Nature,2026,2026-07-01,Sharpness-aware minimization with dual adaptive momentum for training deep neural networks,Beining Wang,56,10,10.1007/s10489-026-07341-8,https://doi.org/10.1007/s10489-026-07341-8,article,Applied Intelligence,https://openalex.org/W7167898945
Applied Intelligence,Springer Nature,2026,2026-07-01,Similarity-based multi-view positive and unlabeled learning,Bo Liu; Weiwei Li; Fan Cao; Yanshan Xiao,56,11,10.1007/s10489-026-07380-1,https://doi.org/10.1007/s10489-026-07380-1,article,Applied Intelligence,https://openalex.org/W7170070892
Applied Intelligence,Springer Nature,2026,2026-07-01,Sparse Multi–label feature selection via label rotation learning,Ruijia Li; Yingcang Ma; Hong Chen; Qing Wan,56,10,10.1007/s10489-026-07367-y,https://doi.org/10.1007/s10489-026-07367-y,article,Applied Intelligence,https://openalex.org/W7167908088
Applied Intelligence,Springer Nature,2026,2026-07-01,Structure-consistency super-resolution based on gradient collaborative guidance for laparoscopic images,XiaoYing Pan; XiaoYing Pan; Zicheng Lu; Yan Wang; Xingzhao Pan; Xingzhao Pan; Tianxin Zhang,56,10,10.1007/s10489-026-07346-3,https://doi.org/10.1007/s10489-026-07346-3,article,Applied Intelligence,https://openalex.org/W7167487253
Applied Intelligence,Springer Nature,2026,2026-07-01,TFTA: cross-topic rumor detection with time-aware attention,Weiyi Wang; Haoyue Zheng; Tianji Zhang; Quan-Hui Liu; Tao Zhou; Jiancheng Lv,56,11,10.1007/s10489-026-07373-0,https://doi.org/10.1007/s10489-026-07373-0,article,Applied Intelligence,https://openalex.org/W7168606083
Applied Intelligence,Springer Nature,2026,2026-08-01,"A taxonomy-driven review of surrogate-assisted evolutionary algorithms: architectural paradigms, infill strategies, optimizers, and emerging trends",Rohit Kumar; Susheel Kumar Joshi,56,13,10.1007/s10489-026-07422-8,https://doi.org/10.1007/s10489-026-07422-8,article,Applied Intelligence,https://openalex.org/W7204167234
Applied Intelligence,Springer Nature,2026,2026-08-01,ACKGE: knowledge graph embedding with probabilistic semantic bounds for adaptive contrastive learning,GaoHao Wu; Xia Wang; Guosheng Hao; XingZe Lu; Zishu Liu,56,13,10.1007/s10489-026-07421-9,https://doi.org/10.1007/s10489-026-07421-9,article,Applied Intelligence,https://openalex.org/W7204124842
Applied Intelligence,Springer Nature,2026,2026-08-01,Active control points-based 6DoF pose tracking for industrial metal objects,Xinyue Zhao; Yihui Chen; Chentao Shen; Ding Pan; Mingyu Mei; Zaixing He,56,12,10.1007/s10489-026-07403-x,https://doi.org/10.1007/s10489-026-07403-x,article,Applied Intelligence,https://openalex.org/W7202373277
Applied Intelligence,Springer Nature,2026,2026-08-01,An Intelligent predictive maintenance framework for fault prediction in industrial internet of things environments,Baihua Zhang,56,12,10.1007/s10489-026-07402-y,https://doi.org/10.1007/s10489-026-07402-y,article,Applied Intelligence,https://openalex.org/W7203489127
Applied Intelligence,Springer Nature,2026,2026-08-01,An adaptive population-based iterated greedy optimization algorithm for cascaded distributed and hybrid flowshop joint scheduling,Huixin Luo; Quan-Ke Pan; Janis S. Neufeld; Wei-Min Li,56,13,10.1007/s10489-026-07411-x,https://doi.org/10.1007/s10489-026-07411-x,article,Applied Intelligence,https://openalex.org/W7203885291
Applied Intelligence,Springer Nature,2026,2026-08-01,An interpretable video summarization model integrating self-supervised contrastive learning and reinforcement learning,Jingtao Sun; Jiaxing Wang,56,13,10.1007/s10489-026-07413-9,https://doi.org/10.1007/s10489-026-07413-9,article,Applied Intelligence,https://openalex.org/W7204232794
Applied Intelligence,Springer Nature,2026,2026-08-01,Bidirectional job-shop scheduling with graph-theoretic features: a graph attention network and proximal policy optimization approach,Nanfeng Ma; Xifan Yao; Kun Hu,56,13,10.1007/s10489-026-07426-4,https://doi.org/10.1007/s10489-026-07426-4,article,Applied Intelligence,https://openalex.org/W7204275014
Applied Intelligence,Springer Nature,2026,2026-08-01,Combining transformer global and task-relevant local CNN features for retail product recognition,Abdulaziz Ali; Siyuan You; Li Li; Gaoming He; Jian Yao,56,13,10.1007/s10489-026-07417-5,https://doi.org/10.1007/s10489-026-07417-5,article,Applied Intelligence,https://openalex.org/W7204239082
Applied Intelligence,Springer Nature,2026,2026-08-01,ConTemPreT: Contextual temporal pre-trained transformer-based forecasting,Yunus Emre Midilli; Sergei Parshutin,56,13,10.1007/s10489-026-07423-7,https://doi.org/10.1007/s10489-026-07423-7,article,Applied Intelligence,https://openalex.org/W7204075210
Applied Intelligence,Springer Nature,2026,2026-08-01,Correction to: A hybrid CNN-BiLSTM model with squeeze-and-excitation attention and GSABO optimization for rock drilling time prediction in underground mines,Ding Liu; LI Nin; Qizhou Wang,56,13,10.1007/s10489-026-07436-2,https://doi.org/10.1007/s10489-026-07436-2,erratum,Applied Intelligence,https://openalex.org/W7204233969
Applied Intelligence,Springer Nature,2026,2026-08-01,DCGCE: dual-channel graph embedding for multimodal recommendation with a causal perspective,Zuhua Dai; Zihan Qin; Xiaoxi Cheng; Yajing Wang,56,12,10.1007/s10489-026-07405-9,https://doi.org/10.1007/s10489-026-07405-9,article,Applied Intelligence,https://openalex.org/W7202313576
Applied Intelligence,Springer Nature,2026,2026-08-01,Deployment-oriented pruning for real-time object detection: a survey,Guanghui Zhou; Donglin Zhang,56,13,10.1007/s10489-026-07416-6,https://doi.org/10.1007/s10489-026-07416-6,article,Applied Intelligence,https://openalex.org/W7203923565
Applied Intelligence,Springer Nature,2026,2026-08-01,Distributed assembly hybrid flow shop scheduling optimization based on the slime mold algorithm and reinforcement learning,Mengxin Tao; Xiangkun Wei; Xiaopeng Li; Yanping Zhou,56,13,10.1007/s10489-026-07419-3,https://doi.org/10.1007/s10489-026-07419-3,article,Applied Intelligence,https://openalex.org/W7204262816
Applied Intelligence,Springer Nature,2026,2026-08-01,Event-centric semantic alignment of vulnerabilities with adversarial attack techniques,Swapnil Pandey; Tanmay Joshi; Rajesh Kumar,56,12,10.1007/s10489-026-07410-y,https://doi.org/10.1007/s10489-026-07410-y,article,Applied Intelligence,https://openalex.org/W7169654963
Applied Intelligence,Springer Nature,2026,2026-08-01,Event-driven hypergraph convolutional networks for financial news-based stock selection,Tatsuya Fukasawa; Yuri Murayama; Kiyoshi Izumi,56,13,10.1007/s10489-026-07407-7,https://doi.org/10.1007/s10489-026-07407-7,article,Applied Intelligence,https://openalex.org/W7203681763
Applied Intelligence,Springer Nature,2026,2026-08-01,Hi-SpectralFormer: hierarchical spectral attention transformer for accurate medical image segmentation,Hao Xu; Xiangjun Shen; Zhifeng Liu; Ming Yang; Wentao KONG; Xiaoqin Qian,56,13,10.1007/s10489-026-07396-7,https://doi.org/10.1007/s10489-026-07396-7,article,Applied Intelligence,https://openalex.org/W7204469520
Applied Intelligence,Springer Nature,2026,2026-08-01,Landslide identification method based on enhanced DeepLabv3+ architecture: joint optimization of bottleneck attention and dual-module graph convolution,Yubin Qian; Zhongrong Zhang; Qiang Bie; Jinjun Li; Kang Lin,56,13,10.1007/s10489-026-07432-6,https://doi.org/10.1007/s10489-026-07432-6,article,Applied Intelligence,https://openalex.org/W7204191071
Applied Intelligence,Springer Nature,2026,2026-08-01,MD-VAE: Concepts embedded variational autoencoder with multiple decoders,Zitu Liu; Yue Liu; Shuang Li; Xing Wu; Yike Guo; Qun Liu; Guoyin Wang,56,13,10.1007/s10489-026-07435-3,https://doi.org/10.1007/s10489-026-07435-3,article,Applied Intelligence,https://openalex.org/W7204566822
Applied Intelligence,Springer Nature,2026,2026-08-01,MG-Hybrid: mask-guided hybrid state space models with semantic alignment for radiology report generation,Yilin Li; Zijian Zhao; Yizhuo Yuan; Yan Yan,56,12,10.1007/s10489-026-07395-8,https://doi.org/10.1007/s10489-026-07395-8,article,Applied Intelligence,https://openalex.org/W7172319428
Applied Intelligence,Springer Nature,2026,2026-08-01,MGIT: Multi-Granularity implicit temporal framework for knowledge graph question answering,Jixiang Fang; Ling Chao Lu; Xiaoyang Liu,56,12,10.1007/s10489-026-07404-w,https://doi.org/10.1007/s10489-026-07404-w,article,Applied Intelligence,https://openalex.org/W7202353187
Applied Intelligence,Springer Nature,2026,2026-08-01,Multi-grained power transformer fault diagnosis based on enhanced features of dissolved gas,Chenxu Meng; Dehe Fan; Mianting Wu; Tianzuo Yu; Bowen Xue; Yunan Lu,56,13,10.1007/s10489-026-07424-6,https://doi.org/10.1007/s10489-026-07424-6,article,Applied Intelligence,https://openalex.org/W7204627997
Applied Intelligence,Springer Nature,2026,2026-08-01,Multiview feature fusion-based graph representation model for drug-drug interaction prediction,Mengyuan Jin; Dan Liu; Emilio Benfenati; Sofia Ghironi; Giuseppa Raitano; Fang Hu,56,12,10.1007/s10489-026-07397-6,https://doi.org/10.1007/s10489-026-07397-6,article,Applied Intelligence,https://openalex.org/W7202195215
Applied Intelligence,Springer Nature,2026,2026-08-01,Non-invasive 3D reconstruction techniques for transparent objects: A systematic review,Xinyang Cai; Hedan Liu; Yiwen Qi; Hao Chen,56,13,10.1007/s10489-026-07418-4,https://doi.org/10.1007/s10489-026-07418-4,review,Applied Intelligence,https://openalex.org/W7204210085
Applied Intelligence,Springer Nature,2026,2026-08-01,Robustness evaluation of explainable AI methods under natural image corruptions,Guilin Zhang; Wulan Guo; Ziqi Tan; Pengcheng Wang; Hailong Jiang,56,13,10.1007/s10489-026-07414-8,https://doi.org/10.1007/s10489-026-07414-8,article,Applied Intelligence,https://openalex.org/W7204087569
Applied Intelligence,Springer Nature,2026,2026-08-01,SIAGXC: a prediction-augmented graph model on extreme multi-label classification,Zihao Yin; Zhihai Wang; Xiaokang Wang; Haiyang Liu; Pengfei Yu; Shijiang Li,56,12,10.1007/s10489-026-07400-0,https://doi.org/10.1007/s10489-026-07400-0,article,Applied Intelligence,https://openalex.org/W7203497677
Applied Intelligence,Springer Nature,2026,2026-08-01,Supporting and explaining stock investment decisions through Shapley Additive Explanations on LSTM and MLP-based agent models with user experience on one-decade backtesting,Iván García‐Magariño; Javier Bravo,56,13,10.1007/s10489-026-07415-7,https://doi.org/10.1007/s10489-026-07415-7,article,Applied Intelligence,https://openalex.org/W7204263575
Applied Intelligence,Springer Nature,2026,2026-08-01,"Trustworthy intelligent decision support: implementing transparency, full interpretability, and explainability through class-association rule induction",Gianni Costa; Riccardo Ortale,56,12,10.1007/s10489-026-07399-4,https://doi.org/10.1007/s10489-026-07399-4,article,Applied Intelligence,https://openalex.org/W7196964889
Applied Intelligence,Springer Nature,2026,2026-09-01,A hybrid method integrating information clustering and one-class support vector machine for industrial anomaly detection,Zhongmin Wang; Zhongjian Yuan; Cong Gao; Yanping Chen,56,14,10.1007/s10489-026-07447-z,https://doi.org/10.1007/s10489-026-07447-z,article,Applied Intelligence,https://openalex.org/W7212169939
Applied Intelligence,Springer Nature,2026,2026-09-01,A multiobject tracking method based on dynamic adaptation and collaborative enhancement,Yuang Ji; Ying Guo; Zeyu Liu; Hui Li; Zhiyu Liu; Hongyi Fang,56,14,10.1007/s10489-026-07438-0,https://doi.org/10.1007/s10489-026-07438-0,article,Applied Intelligence,https://openalex.org/W7212037850
Applied Intelligence,Springer Nature,2026,2026-09-01,A spatio-temporal context-aware LLM-centric framework for autonomous vehicle scheduling,Jiaxin Tan; Xiaohui Huang; Nan Jiang; Xuebo Cheng; Liyan Xiong; Ni Liu,56,14,10.1007/s10489-026-07451-3,https://doi.org/10.1007/s10489-026-07451-3,article,Applied Intelligence,https://openalex.org/W7213356082
Applied Intelligence,Springer Nature,2026,2026-09-01,A systematic review of the crested porcupine optimizer: variants and applications,Haiyu Yu; Azizan As’arry; Haohao Ma; Nor Mohd Haziq Norsahperi; Saihong Tang; Zulkifli Mohd Yusop; Eris Elianddy Supeni,56,14,10.1007/s10489-026-07453-1,https://doi.org/10.1007/s10489-026-07453-1,review,Applied Intelligence,https://openalex.org/W7213165444
Applied Intelligence,Springer Nature,2026,2026-09-01,ADPOD: An outlier detection algorithm based on affinity density peak clustering,Zhongping Zhang; Haoyu Tian; Xinlei Zhao; Guangxu Sun,56,14,10.1007/s10489-026-07430-8,https://doi.org/10.1007/s10489-026-07430-8,article,Applied Intelligence,https://openalex.org/W7204994281
Applied Intelligence,Springer Nature,2026,2026-09-01,Adversarial fine-tuning in offline-to-online reinforcement learning for robust robot control,S. Ayabe; Hiroshi Kera; Kazuhiko Kawamoto,56,14,10.1007/s10489-026-07455-z,https://doi.org/10.1007/s10489-026-07455-z,article,Applied Intelligence,https://openalex.org/W4415275871
Applied Intelligence,Springer Nature,2026,2026-09-01,BFA-HARF: Robust RGB-T tracking via bidirectional feature adapter and hybrid attention with receptive fields,Can Xu; Weidai Xia; Lingmin Fan; Yue Zhang,56,14,10.1007/s10489-026-07466-w,https://doi.org/10.1007/s10489-026-07466-w,article,Applied Intelligence,https://openalex.org/W7212172557
Applied Intelligence,Springer Nature,2026,2026-09-01,Cryptanalysis on a chaos-based cryptosystem with dynamic key,Rong Zhou; Simin Yu,56,14,10.1007/s10489-026-07446-0,https://doi.org/10.1007/s10489-026-07446-0,article,Applied Intelligence,https://openalex.org/W7212165566
Applied Intelligence,Springer Nature,2026,2026-09-01,Deep learning-based diagnostic report generation for low-resolution functional medical images via cross-modal visual and textual alignment,Tao Song; Qiang Lin; Tongtong Li; Xianwu Zeng; Yongchun Cao; Zhengxing Man; Caihong Liu; Zhengqi Cai; Xiaodi Huang,56,14,10.1007/s10489-026-07456-y,https://doi.org/10.1007/s10489-026-07456-y,article,Applied Intelligence,https://openalex.org/W7212384913
Applied Intelligence,Springer Nature,2026,2026-09-01,DiffKT: a diffusion model for fine-grained knowledge tracing,R.D. Liu; Yong Niu; Hu Li,56,14,10.1007/s10489-026-07459-9,https://doi.org/10.1007/s10489-026-07459-9,article,Applied Intelligence,https://openalex.org/W7204992910
Applied Intelligence,Springer Nature,2026,2026-09-01,Dual-view multi-scale feature enhancement and fusion for fine-grained visual classification,Ke Zhang; Junkai Zhong; Peng Gao; Qianhao Zhao; Jianlei Liu; Zhanhua Dong,56,14,10.1007/s10489-026-07465-x,https://doi.org/10.1007/s10489-026-07465-x,article,Applied Intelligence,https://openalex.org/W7211942344
Applied Intelligence,Springer Nature,2026,2026-09-01,Efficient and robust DNN model fingerprint with decision difference regions identification,Tianxiang Luo; Zi Yang; Xiaorui Dai; Bo Wang; Wei Wang,56,14,10.1007/s10489-026-07440-6,https://doi.org/10.1007/s10489-026-07440-6,article,Applied Intelligence,https://openalex.org/W7211871308
Applied Intelligence,Springer Nature,2026,2026-09-01,Enhancing NWP precipitation forecasting with Rain-PostEFNet: A multi-scale deep learning approach,Farah Naz; Lei She; Xincan Sui; Chenghong Zhang; Jie Shao,56,14,10.1007/s10489-026-07457-x,https://doi.org/10.1007/s10489-026-07457-x,article,Applied Intelligence,https://openalex.org/W7211941633
Applied Intelligence,Springer Nature,2026,2026-09-01,GenPot: A generative honeypot architecture for adaptive web and API interaction,Antonio Lara-Gutierrez; Juan Zamorano; Jose Antonio Onieva,56,14,10.1007/s10489-026-07442-4,https://doi.org/10.1007/s10489-026-07442-4,article,Applied Intelligence,https://openalex.org/W7212195490
Applied Intelligence,Springer Nature,2026,2026-09-01,H-PLE: hierarchical progressive layered extraction with raw-input-aware gating for multi-task recommendation under extreme label imbalance,JingHao Xue; Tianxiang Yang; Hideo Suzuki,56,14,10.1007/s10489-026-07441-5,https://doi.org/10.1007/s10489-026-07441-5,article,Applied Intelligence,https://openalex.org/W7211978191
Applied Intelligence,Springer Nature,2026,2026-09-01,ITCD: implicit trajectory-constrained diffusion for consistent time series imputation,S.-L. Ma; Ziwei Xu; Ryutaro Ichise,56,14,10.1007/s10489-026-07427-3,https://doi.org/10.1007/s10489-026-07427-3,article,Applied Intelligence,https://openalex.org/W7205014520
Applied Intelligence,Springer Nature,2026,2026-09-01,Integrated yard crane scheduling and vehicle positioning considering gantry startup and energy consumption,Rui Hu; Xuan He; Hongtao Hu; Jiangang Jin; Yan Liang,56,14,10.1007/s10489-026-07463-z,https://doi.org/10.1007/s10489-026-07463-z,article,Applied Intelligence,https://openalex.org/W7212137029
Applied Intelligence,Springer Nature,2026,2026-09-01,Light-wDEF: lightweight deepfake evaluation framework for efficient and reliable visual detection,Muhammad Yousaf; Sarwar Shah Khan; Babar Shah; Muhammad Shehzad Khan; Muhammad Awais Bacha; Mian Saeed Akbar; Ijaz Ali; Fernando Moreira,56,14,10.1007/s10489-026-07460-2,https://doi.org/10.1007/s10489-026-07460-2,article,Applied Intelligence,https://openalex.org/W7212014363
Applied Intelligence,Springer Nature,2026,2026-09-01,Micro-expression recognition via optical strain and spectral-spatial gating networks,Siyu Xiong; Jun Wang; Xuan Huang; Kiminori Sato; Bo Wu,56,14,10.1007/s10489-026-07464-y,https://doi.org/10.1007/s10489-026-07464-y,article,Applied Intelligence,https://openalex.org/W7208734341
Applied Intelligence,Springer Nature,2026,2026-09-01,Multi-tree and multi-strategy iterative genetic programming algorithm for feature subset construction in high-dimensional data classification,Chen Zhang; Zezhong Zhang; Youping Tu; Honghao Zhu; Xiaofeng Wang; Xuhui Zhu,56,14,10.1007/s10489-026-07406-8,https://doi.org/10.1007/s10489-026-07406-8,article,Applied Intelligence,https://openalex.org/W7212157310
Applied Intelligence,Springer Nature,2026,2026-09-01,Optimal fault feature learning for machinery fault diagnosis by using recurrent attentional reinforcement learning,Zhenhui Tang; Jingcheng Wang; Shunyu Wu,56,14,10.1007/s10489-026-07434-4,https://doi.org/10.1007/s10489-026-07434-4,article,Applied Intelligence,https://openalex.org/W7204989471
Applied Intelligence,Springer Nature,2026,2026-09-01,Performance-interpretability trade-offs and generalization in deep learning for pneumonia detection: A benchmarking study,Francisco Gómez-Vela; Aurelio López López; Federico Divina; Miguel García-Torres,56,14,10.1007/s10489-026-07398-5,https://doi.org/10.1007/s10489-026-07398-5,article,Applied Intelligence,https://openalex.org/W7164656324
Applied Intelligence,Springer Nature,2026,2026-09-01,RCGELM-AE: an efficient graph embedding deep model without gradient descent,Xinyi Lin; Xiaoyun Chen; Shulan Zheng; Wenjian Chen,56,14,10.1007/s10489-026-07437-1,https://doi.org/10.1007/s10489-026-07437-1,article,Applied Intelligence,https://openalex.org/W7210290745
Applied Intelligence,Springer Nature,2026,2026-09-01,Remaining useful life prediction of electric vehicle drive system using physics-informed machine learning methods with uncertainty quantification,Zhen Wang; Zhengquan Chen; Wenqing Sun; Yadong Li; Yandong Hou; Lihui Zhao,56,14,10.1007/s10489-026-07429-1,https://doi.org/10.1007/s10489-026-07429-1,article,Applied Intelligence,https://openalex.org/W7205004186
Applied Intelligence,Springer Nature,2026,2026-09-01,Signature-enhanced graph spectral HAR for multivariate realized volatility forecasting,Zeyu Guo; Andi Han; Chao Wang; Junbin Gao,56,14,10.1007/s10489-026-07445-1,https://doi.org/10.1007/s10489-026-07445-1,article,Applied Intelligence,https://openalex.org/W7211919753
Applied Intelligence,Springer Nature,2026,2026-09-01,Traffic flow prediction using multiscale diffusion model guided by wavelet transform,Wenjing Wang; Deqian Fu,56,14,10.1007/s10489-026-07408-6,https://doi.org/10.1007/s10489-026-07408-6,article,Applied Intelligence,https://openalex.org/W7205003657
Applied Intelligence,Springer Nature,2026,2026-09-01,Trustworthy LLM–GNN systems: a systematic review and multi-axis taxonomy,Ruizhan Xue; Fang He; Huimin Deng; Maojun Wang; Zeyu Zhang,56,14,10.1007/s10489-026-07458-w,https://doi.org/10.1007/s10489-026-07458-w,review,Applied Intelligence,https://openalex.org/W7211950112
Applied Intelligence,Springer Nature,2026,2026-09-17,A spatial-temporal and topological fusion framework for trajectory similarity computation,Junting Li; Lai Wei; Yuehai Xu,56,15,10.1007/s10489-026-07472-y,https://doi.org/10.1007/s10489-026-07472-y,article,Applied Intelligence,https://openalex.org/W7213467592
Applied Intelligence,Springer Nature,2026,2026-09-17,B2B opportunity forecasting with explainable segmentation and cost-sensitive prediction,Tanja Vähämäki; Joona Mäntyvaara; Paavo Nevalainen; Jukka Heikkonen,56,15,10.1007/s10489-026-07401-z,https://doi.org/10.1007/s10489-026-07401-z,article,Applied Intelligence,https://openalex.org/W7213448827
Applied Intelligence,Springer Nature,2026,2026-09-17,FUS-DETR: a robust algorithm for drone detection from a cluttered background in airborne images,Siyuan Duan; Geng Zhang; Xin Li; Shang Wang; Zhimin Mao; Bingliang Hu; Xuebin Liu,56,15,10.1007/s10489-026-07448-y,https://doi.org/10.1007/s10489-026-07448-y,book-chapter,Applied Intelligence,https://openalex.org/W7213465405
Applied Intelligence,Springer Nature,2026,2026-09-18,Class transfer estimation in neural networks for backdoor target identification and mitigation,Wenbin Jiang; Shikang Xie; Jiqiang Liu; Nan Jiang; Jian Wang,56,15,10.1007/s10489-026-07470-0,https://doi.org/10.1007/s10489-026-07470-0,article,Applied Intelligence,https://openalex.org/W7213534324
Applied Intelligence,Springer Nature,2026,2026-09-18,Correction to: An adaptive boundary-based selection many-objective evolutionary algorithm with density estimation,Jiale Luo; Chenxi Wang; Qinghua Gu; Qian Wang; Lu Chen,56,15,10.1007/s10489-026-07412-w,https://doi.org/10.1007/s10489-026-07412-w,erratum,Applied Intelligence,https://openalex.org/W7213538758
Applied Intelligence,Springer Nature,2026,2026-09-18,Detail-aware change detection with coordinated frequency and spatial cues,Jianjun Yuan; Jianjun Zhou; Siyu CHEN; Luoming Zhao; Zhongshu Wang,56,15,10.1007/s10489-026-07477-7,https://doi.org/10.1007/s10489-026-07477-7,article,Applied Intelligence,https://openalex.org/W7213536009
Applied Intelligence,Springer Nature,2026,2026-09-18,MLIDSC: A self-adaptive online active learning framework for multiclass imbalanced data stream with concept drift,Bohnishikha Halder; K. M. Azharul Hasan; Md. Manjur Ahmed,56,15,10.1007/s10489-026-07473-x,https://doi.org/10.1007/s10489-026-07473-x,article,Applied Intelligence,https://openalex.org/W7213563177
Applied Intelligence,Springer Nature,2026,2026-09-18,NAHFormer: Neighborhood self-attention and hierarchical feature fusion transformer for image medical segmentation,Xuehui Yin; Haonan Li; Tianxiao Hou; Chao Tang,56,15,10.1007/s10489-026-07474-w,https://doi.org/10.1007/s10489-026-07474-w,article,Applied Intelligence,https://openalex.org/W7213550469
Applied Intelligence,Springer Nature,2026,2026-09-21,An interpretable spatio-temporal fusion operating conditions classification model for uncertain complex industrial processes,Bei Sun; Yao Wu; Peng Kong; Yijun Wang,56,15,10.1007/s10489-026-07443-3,https://doi.org/10.1007/s10489-026-07443-3,article,Applied Intelligence,https://openalex.org/W7213778263
Applied Intelligence,Springer Nature,2026,2026-09-21,Dynamic clustering and ranking fusion for tourism recommendations: A data-driven approach to 5A scenic spot evaluation,Wen Li; Zeyu Xiao; Bin Yu; Zeshui Xu,56,15,10.1007/s10489-026-07488-4,https://doi.org/10.1007/s10489-026-07488-4,article,Applied Intelligence,https://openalex.org/W7213750790
Applied Intelligence,Springer Nature,2026,2026-09-21,Two decades of machine learning in bioacoustics: a systematic review,Eduardo Mora-González; Antonio Canepa; José A. Barbero‐Aparicio; Álvar Arnaiz‐González,56,15,10.1007/s10489-026-07454-0,https://doi.org/10.1007/s10489-026-07454-0,review,Applied Intelligence,https://openalex.org/W7213748550
Applied Intelligence,Springer Nature,2026,2026-09-21,U-NetL2O: An explainable model for low-dose CT image reconstruction,Son Pham; Ngoc-Thao Nguyen; Bac Hoai Le,56,15,10.1007/s10489-026-07480-y,https://doi.org/10.1007/s10489-026-07480-y,article,Applied Intelligence,https://openalex.org/W7213790814
Applied Intelligence,Springer Nature,2026,2026-09-22,A geometry problem solver based on heterogeneous graph,Haotian Zhang; Qi Jia; Lu Liu; Cong Xu; Liang Jin; Yuting Pan; Feiyu Chen; Yihua Wang; Yuhan Liu,56,15,10.1007/s10489-026-07471-z,https://doi.org/10.1007/s10489-026-07471-z,article,Applied Intelligence,https://openalex.org/W7213982032
Applied Intelligence,Springer Nature,2026,2026-09-22,BootDiffLights: Decentralized traffic signal control via diffusion-based reward generation,Binyu Hao; Jiajun He; Jiaoling Zheng; Wenan Dong; Qingyong Yang; Xiaojing Ma,56,15,10.1007/s10489-026-07487-5,https://doi.org/10.1007/s10489-026-07487-5,article,Applied Intelligence,https://openalex.org/W7213879217
Applied Intelligence,Springer Nature,2026,2026-09-22,Context-aware semantic similarity measurement for unsupervised word sense disambiguation,Jorge Martínez-Gil,56,15,10.1007/s10489-026-07492-8,https://doi.org/10.1007/s10489-026-07492-8,article,Applied Intelligence,https://openalex.org/W4375870142
Applied Intelligence,Springer Nature,2026,2026-09-22,Iterative Demand Response Algorithm for Human-Computer Cooperation Integrating Knowledge of Large Language Model,Jun Yin,56,15,10.1007/s10489-026-07428-2,https://doi.org/10.1007/s10489-026-07428-2,article,Applied Intelligence,https://openalex.org/W7213874143
Applied Intelligence,Springer Nature,2026,2026-09-23,MAST-LLM: A large language model-driven multimodal adaptive spatio-temporal framework for air traffic complexity prediction,Rui Cheng; Jianping Fan; Chao Zhang; Meiqin Wu; Ruixin Chen; Mingxuan Chai; Anna Wang,56,15,10.1007/s10489-026-07469-7,https://doi.org/10.1007/s10489-026-07469-7,article,Applied Intelligence,https://openalex.org/W7214081164
Applied Intelligence,Springer Nature,2026,2026-09-23,Physics-informed Kolmogorov–Arnold network for fire source localization and temperature field reconstruction in multi-source tunnel fires,Yan Li; Bin Sun,56,15,10.1007/s10489-026-07504-7,https://doi.org/10.1007/s10489-026-07504-7,article,Applied Intelligence,https://openalex.org/W7214108974
Applied Intelligence,Springer Nature,2026,2026-09-23,Probabilistic satellite collision risk prediction via Monte Carlo ensembles,Meriem Ouari; Fella Manel Zerrouki; Seif Eddine Bouziane; Amel Gacem,56,15,10.1007/s10489-026-07494-6,https://doi.org/10.1007/s10489-026-07494-6,article,Applied Intelligence,https://openalex.org/W7214112368
Applied Intelligence,Springer Nature,2026,2026-09-23,Semi-supervised regression via confidence-weighting and residual-connection,Liyan Liu; Yunfei Mao; Xing Lu; Fan Min,56,15,10.1007/s10489-026-07489-3,https://doi.org/10.1007/s10489-026-07489-3,article,Applied Intelligence,https://openalex.org/W7214082064
Applied Intelligence,Springer Nature,2026,2026-09-24,CMAC-Net: a cross-modal alignment and semantic consistency optimization framework for image-text fusion in industrial defect detection,Zhuyi Rao; Xiya Li; Wei Wang,56,15,10.1007/s10489-026-07479-5,https://doi.org/10.1007/s10489-026-07479-5,article,Applied Intelligence,https://openalex.org/W7214147351
Applied Intelligence,Springer Nature,2026,2026-09-24,Complementarity-aware feature selection via weighted neighborhood probability rough sets for integrated traditional Chinese and Western medicine data in chronic renal failure prediction,Xinfang Zhang; Xiaoxiao Chang; Xiaoxia Liu; Bingzhen Sun; Xiaoli Chu,56,15,10.1007/s10489-026-07482-w,https://doi.org/10.1007/s10489-026-07482-w,article,Applied Intelligence,https://openalex.org/W7214158575
Applied Intelligence,Springer Nature,2026,2026-09-24,FS-GSR: Graph-based scoring and sparse reconstruction for group streaming feature selection,Tianyuan Jia,56,15,10.1007/s10489-026-07498-2,https://doi.org/10.1007/s10489-026-07498-2,article,Applied Intelligence,https://openalex.org/W7214112814
Applied Intelligence,Springer Nature,2026,2026-09-24,HALSI: Hierarchical adaptive latent skill inference for temporal abstraction in reinforcement learning,Xiaxi Si; Ping Yang; Tao Wang; Kun Chen; Yue Gao,56,15,10.1007/s10489-026-07485-7,https://doi.org/10.1007/s10489-026-07485-7,article,Applied Intelligence,https://openalex.org/W7214103305
Applied Intelligence,Springer Nature,2026,2026-09-24,POCS: phased optimal client selection for federated learning,Xuerui Li; Yangming Zhao; Chunming Qiao,56,15,10.1007/s10489-026-07462-0,https://doi.org/10.1007/s10489-026-07462-0,article,Applied Intelligence,https://openalex.org/W7214146715
