journal,publisher_family,year,publication_date,title,authors,volume,issue,doi,article_url,article_type,source_container_title,openalex_id
IEEE Transactions on Artificial Intelligence,IEEE,2025,2025-01-01,A Hierarchical Cross-Modal Spatial Fusion Network for Multimodal Emotion Recognition,Ming Feng Xu; Tuo Shi; Hao Zhang; Zeyi Liu; Xiao He,6,5,10.1109/tai.2024.3523250,https://doi.org/10.1109/tai.2024.3523250,article,IEEE Transactions on Artificial Intelligence,https://openalex.org/W4405974309
IEEE Transactions on Artificial Intelligence,IEEE,2025,2025-01-01,"CerviImagingDiag: A Lightweight, Privacy-Preserving AI Framework for Cervical Precancer Detection on Consumer Devices via Web Applications",Sabyasachi Mukhopadhyay; Nazeer Haider; Pabitra Mitra; Soumya K. Ghosh,,,10.1109/tai.2025.3624715,https://doi.org/10.1109/tai.2025.3624715,article,IEEE Transactions on Artificial Intelligence,https://openalex.org/W4415482046
IEEE Transactions on Artificial Intelligence,IEEE,2025,2025-01-01,Differential Privacy Based Multiuser Multivariate Multiorder Markov Trajectory Prediction in Edge-Cloud Environment,Xiaoxue Yin; Huazhong Liu; Jihong Ding; Jing Guo; Zhongying Wu; Laurence T. Yang; Peng Tan; Haihong Li,,,10.1109/tai.2025.3646569,https://doi.org/10.1109/tai.2025.3646569,article,IEEE Transactions on Artificial Intelligence,https://openalex.org/W7116701524
IEEE Transactions on Artificial Intelligence,IEEE,2025,2025-01-01,Fault-tolerant Multimodal Representations Learning: Fusion of Intermodal and Intramodal Correlations,Diyar Altinses; Andreas Schwung,,,10.1109/tai.2025.3649763,https://doi.org/10.1109/tai.2025.3649763,article,IEEE Transactions on Artificial Intelligence,https://openalex.org/W7117463422
IEEE Transactions on Artificial Intelligence,IEEE,2025,2025-01-01,Federated Stochastic Configuration Networks with Universal Approximation Property,Dianhui Wang; Ningning Xie; Xiufeng Yan,,,10.1109/tai.2025.3592179,https://doi.org/10.1109/tai.2025.3592179,article,IEEE Transactions on Artificial Intelligence,https://openalex.org/W4412623148
IEEE Transactions on Artificial Intelligence,IEEE,2025,2025-01-01,Front Cover,,6,1,10.1109/tai.2024.3525219,https://doi.org/10.1109/tai.2024.3525219,paratext,IEEE Transactions on Artificial Intelligence,https://openalex.org/W4406353810
IEEE Transactions on Artificial Intelligence,IEEE,2025,2025-01-01,Hybrid ResNet-ViT Transfer Learning Approach for Brain Stroke Classification on Computed Tomography Images,Chathura D. Kulathilake; Jeevani Udupihille; Atsushi Senoo,,,10.1109/tai.2025.3596534,https://doi.org/10.1109/tai.2025.3596534,article,IEEE Transactions on Artificial Intelligence,https://openalex.org/W4413120464
IEEE Transactions on Artificial Intelligence,IEEE,2025,2025-01-01,IEEE Transactions on Artificial Intelligence Publication Information,,6,1,10.1109/tai.2024.3525221,https://doi.org/10.1109/tai.2024.3525221,paratext,IEEE Transactions on Artificial Intelligence,https://openalex.org/W4406353917
IEEE Transactions on Artificial Intelligence,IEEE,2025,2025-01-01,LanDA: Language-Guided Multi-Source Domain Adaptation,Zhenbin Wang; Lei Zhang; Lituan Wang; Minjuan Zhu,,,10.1109/tai.2025.3634277,https://doi.org/10.1109/tai.2025.3634277,article,IEEE Transactions on Artificial Intelligence,https://openalex.org/W7106124602
IEEE Transactions on Artificial Intelligence,IEEE,2025,2025-01-01,Memristive Hopfield bi-neurons under external stimuli and data privacy application,Bertrand Frederick Boui A Boya; Lyudmila Klimentyevna Babenko; Jacques Ndé Kengne; Joseph Mvogo Ngono; Jean De Dieu Nkapkop; Arnaud Nanfak; Joseph Yves Effa,,,10.1109/tai.2025.3630118,https://doi.org/10.1109/tai.2025.3630118,article,IEEE Transactions on Artificial Intelligence,https://openalex.org/W4415971150
IEEE Transactions on Artificial Intelligence,IEEE,2025,2025-01-01,QuanCrypt-FL: Quantized Homomorphic Encryption with Pruning for Secure Federated Learning,Md Jueal Mia; M. Hadi Amini,,,10.1109/tai.2025.3612906,https://doi.org/10.1109/tai.2025.3612906,article,IEEE Transactions on Artificial Intelligence,https://openalex.org/W4414955756
IEEE Transactions on Artificial Intelligence,IEEE,2025,2025-01-01,Real-World Video Quality Assessment via Test-Time Adaptation and its application in Real-World Video Super-Resolution,Ajeet Kumar Verma; Ambuj Mishra; Vinit Jakhetiya; Badri Narayan Subudhi; Sunil Prasad Jaiswal,,,10.1109/tai.2025.3620778,https://doi.org/10.1109/tai.2025.3620778,article,IEEE Transactions on Artificial Intelligence,https://openalex.org/W4415178992
IEEE Transactions on Artificial Intelligence,IEEE,2025,2025-01-01,Table of Contents,,6,1,10.1109/tai.2024.3525217,https://doi.org/10.1109/tai.2024.3525217,paratext,IEEE Transactions on Artificial Intelligence,https://openalex.org/W4406367781
IEEE Transactions on Artificial Intelligence,IEEE,2025,2025-01-03,Dynamically Scaled Temperature in Self-Supervised Contrastive Learning,Siladittya Manna; Soumitri Chattopadhyay; Rakesh Kumar Dey; Umapada Pal; Saumik Bhattacharya,6,6,10.1109/tai.2024.3524979,https://doi.org/10.1109/tai.2024.3524979,article,IEEE Transactions on Artificial Intelligence,https://openalex.org/W4406046647
IEEE Transactions on Artificial Intelligence,IEEE,2025,2025-01-03,Federated Multiarmed Bandits Under Byzantine Attacks,Artun Saday; İlker Demirel; Yiğit Yıldırım; Cem Tekin,6,6,10.1109/tai.2024.3524954,https://doi.org/10.1109/tai.2024.3524954,article,IEEE Transactions on Artificial Intelligence,https://openalex.org/W4406046466
IEEE Transactions on Artificial Intelligence,IEEE,2025,2025-01-03,Learning from Heterogeneity: A Dynamic Learning Framework for Hypergraphs,Tiehua Zhang; Yuze Liu; Zhishu Shen; Xingjun Ma; Peng Qi; Zhijun Ding; Jiong Jin,6,6,10.1109/tai.2024.3524984,https://doi.org/10.1109/tai.2024.3524984,article,IEEE Transactions on Artificial Intelligence,https://openalex.org/W4406046636
IEEE Transactions on Artificial Intelligence,IEEE,2025,2025-01-03,Prompt Customization for Continual Learning,Yong Dai; Xiaopeng Hong; Yabin Wang; Zhiheng Ma; Dongmei Jiang; Yaowei Wang,6,5,10.1109/tai.2024.3524977,https://doi.org/10.1109/tai.2024.3524977,article,IEEE Transactions on Artificial Intelligence,https://openalex.org/W4406046789
IEEE Transactions on Artificial Intelligence,IEEE,2025,2025-01-03,Visual–Semantic Fuzzy Interaction Network for Zero-Shot Learning,Xuemeng Hui; Zhunga Liu; Jiaxiang Liu; Zuowei Zhang; Longfei Wang,6,5,10.1109/tai.2024.3524955,https://doi.org/10.1109/tai.2024.3524955,article,IEEE Transactions on Artificial Intelligence,https://openalex.org/W4406047533
IEEE Transactions on Artificial Intelligence,IEEE,2025,2025-01-03,Weakly Correlated Multimodal Domain Adaptation for Pattern Classification,Shuyue Wang; Zhunga Liu; Zuowei Zhang; Mohammed Bennamoun,6,5,10.1109/tai.2024.3524976,https://doi.org/10.1109/tai.2024.3524976,article,IEEE Transactions on Artificial Intelligence,https://openalex.org/W4406047123
IEEE Transactions on Artificial Intelligence,IEEE,2025,2025-01-07,A Spatial-Transformation-Based Causality-Enhanced Model for Glioblastoma Progression Diagnosis,Qiang Li; Xinyue Li; Hong Jiang; Xiaohua Qian,6,6,10.1109/tai.2025.3526137,https://doi.org/10.1109/tai.2025.3526137,article,IEEE Transactions on Artificial Intelligence,https://openalex.org/W4406137390
IEEE Transactions on Artificial Intelligence,IEEE,2025,2025-01-07,From Global to Hybrid: A Review of Supervised Deep Learning for 2-D Image Feature Representation,Xinyu Dong; Qi Wang; Hongyu Deng; Zhenguo Yang; Weijian Ruan; Wu Liu; Lei Liang; Xue Mei Wu; Youliang Tian,6,6,10.1109/tai.2025.3526138,https://doi.org/10.1109/tai.2025.3526138,article,IEEE Transactions on Artificial Intelligence,https://openalex.org/W4406137439
IEEE Transactions on Artificial Intelligence,IEEE,2025,2025-01-07,Leveraging AI to Compromise IoT Device Privacy by Exploiting Hardware Imperfections,Mirza Athar Baig; Asif Iqbal; Muhammad Naveed Aman; Biplab Sikdar,6,6,10.1109/tai.2025.3526139,https://doi.org/10.1109/tai.2025.3526139,article,IEEE Transactions on Artificial Intelligence,https://openalex.org/W4406137466
IEEE Transactions on Artificial Intelligence,IEEE,2025,2025-01-09,CVDLLM: Automated Cardiovascular Disease Diagnosis With Large-Language-Model-Assisted Graph Attentive Feature Interaction,Xihe Qiu; Haoyu Wang; Xiaoyu Tan; Yaochu Jin,6,6,10.1109/tai.2025.3527401,https://doi.org/10.1109/tai.2025.3527401,article,IEEE Transactions on Artificial Intelligence,https://openalex.org/W4406234152
IEEE Transactions on Artificial Intelligence,IEEE,2025,2025-01-09,Cyber Shadows: Neutralizing Security Threats With AI and Targeted Policy Measures,Marc Schmitt; Pantelis Koutroumpis,6,7,10.1109/tai.2025.3527398,https://doi.org/10.1109/tai.2025.3527398,article,IEEE Transactions on Artificial Intelligence,https://openalex.org/W4406233534
IEEE Transactions on Artificial Intelligence,IEEE,2025,2025-01-09,Edge Intelligence: A Deep Distilled Model for Wearables to Enable Proactive Eldercare,Muhammad Fahim; S. M. Ahsan Kazmi; Vishal Sharma; Hyundong Shin; Trung Q. Duong,6,7,10.1109/tai.2025.3527400,https://doi.org/10.1109/tai.2025.3527400,article,IEEE Transactions on Artificial Intelligence,https://openalex.org/W4406234226
IEEE Transactions on Artificial Intelligence,IEEE,2025,2025-01-09,Neural Network Output-Feedback Distributed Formation Control for NMASs Under Communication Delays and Switching Network,Haodong Zhou; Shaocheng Tong,6,6,10.1109/tai.2025.3527404,https://doi.org/10.1109/tai.2025.3527404,article,IEEE Transactions on Artificial Intelligence,https://openalex.org/W4406234194
IEEE Transactions on Artificial Intelligence,IEEE,2025,2025-01-09,Stochastic Submodular Bandits With Delayed Composite Anonymous Bandit Feedback,Mohammad Pedramfar; Vaneet Aggarwal,6,7,10.1109/tai.2025.3527375,https://doi.org/10.1109/tai.2025.3527375,article,IEEE Transactions on Artificial Intelligence,https://openalex.org/W4406209443
IEEE Transactions on Artificial Intelligence,IEEE,2025,2025-01-10,Defense Against Adversarial Faces at the Source: Strengthened Faces Based on Hidden Disturbances,Shuangliang Li; Jinwei Wang; Hao Wu; Jiawei Zhang; Xin Cheng; Xiangyang Luo; Bin Ma,6,7,10.1109/tai.2025.3527923,https://doi.org/10.1109/tai.2025.3527923,article,IEEE Transactions on Artificial Intelligence,https://openalex.org/W4406258250
IEEE Transactions on Artificial Intelligence,IEEE,2025,2025-01-10,Multimodality Consistency for Point Cloud Completion via Differentiable Rendering,Ben Fei; Yixuan Li; Weidong Yang; Wen‐Ming Chen; Zhijun Li,6,7,10.1109/tai.2025.3527922,https://doi.org/10.1109/tai.2025.3527922,article,IEEE Transactions on Artificial Intelligence,https://openalex.org/W4406258805
IEEE Transactions on Artificial Intelligence,IEEE,2025,2025-01-13,A Trustworthy AIoT-Enabled Localization System via Federated Learning and Blockchain,Junfei Wang; He Huang; Jingze Feng; Steven Chan-Fai Wong; Lihua Xie; Jianfei Yang,6,7,10.1109/tai.2025.3528917,https://doi.org/10.1109/tai.2025.3528917,article,IEEE Transactions on Artificial Intelligence,https://openalex.org/W4406311956
IEEE Transactions on Artificial Intelligence,IEEE,2025,2025-01-13,AdaCoRCE Loss for Knowledge Distillation: A Novel Approach With Network Fission and Co-Teaching Technique,Shankey Garg; Pradeep Singh,6,7,10.1109/tai.2025.3527402,https://doi.org/10.1109/tai.2025.3527402,article,IEEE Transactions on Artificial Intelligence,https://openalex.org/W4406312099
IEEE Transactions on Artificial Intelligence,IEEE,2025,2025-01-13,Age-Aware UAV-Aided Energy Harvesting for the Design of Wireless Rechargeable Mobile Networks,Aditya Singh; Rajesh Mahanand Hegde,6,7,10.1109/tai.2025.3528377,https://doi.org/10.1109/tai.2025.3528377,article,IEEE Transactions on Artificial Intelligence,https://openalex.org/W4406312073
IEEE Transactions on Artificial Intelligence,IEEE,2025,2025-01-13,Consistency-Heterogenity Balanced Fake News Detection via Cross-Modal Matching,Ying Guo; Bingxin Li; Kexin Zhen; Jie Liu; Gaolei Li; Qi Wang; Yong‐Jin Liu,6,7,10.1109/tai.2025.3527921,https://doi.org/10.1109/tai.2025.3527921,article,IEEE Transactions on Artificial Intelligence,https://openalex.org/W4406312029
IEEE Transactions on Artificial Intelligence,IEEE,2025,2025-01-13,Deep Learning-Based Method for Irrigation Status Detection in Tomato Using Plant Leaves,Tej Bahadur Shahi; Chiranjibi Sitaula; Krishna Prasad Bhandari; Shobha Poudel; Rupesh Bhandari; Ravindra Nath Mishra; Bharat Kumar Sharma; Bhogendra Mishra,6,7,10.1109/tai.2025.3528926,https://doi.org/10.1109/tai.2025.3528926,article,IEEE Transactions on Artificial Intelligence,https://openalex.org/W4406311987
IEEE Transactions on Artificial Intelligence,IEEE,2025,2025-01-13,Emergency Scheduling of Aerial Vehicles via Graph Neural Neighborhood Search,Tong Guo; Yi Mei; Wenbo Du; Yisheng Lv; Yumeng Li; Tao Song,6,7,10.1109/tai.2025.3528381,https://doi.org/10.1109/tai.2025.3528381,article,IEEE Transactions on Artificial Intelligence,https://openalex.org/W4406312074
IEEE Transactions on Artificial Intelligence,IEEE,2025,2025-01-13,G-Mix: A Generalized Mixup Learning Framework Toward Flat Minima,Xingyu Li; Bo Tang,6,7,10.1109/tai.2025.3529816,https://doi.org/10.1109/tai.2025.3529816,article,IEEE Transactions on Artificial Intelligence,https://openalex.org/W4406312085
IEEE Transactions on Artificial Intelligence,IEEE,2025,2025-01-13,Go Beyond End-to-End Training: Boosting Greedy Local Learning With Context Supply,Chengting Yu; Fengzhao Zhang; Hanzhi Ma; Aili Wang; Er-Ping Li,6,7,10.1109/tai.2025.3528384,https://doi.org/10.1109/tai.2025.3528384,article,IEEE Transactions on Artificial Intelligence,https://openalex.org/W4406312053
IEEE Transactions on Artificial Intelligence,IEEE,2025,2025-01-13,Meta-XAI for Explaining the Explainer: Unveiling Image Features Driving Deep Learning Decisions,Simone Bianco,6,7,10.1109/tai.2025.3529397,https://doi.org/10.1109/tai.2025.3529397,article,IEEE Transactions on Artificial Intelligence,https://openalex.org/W4406312065
IEEE Transactions on Artificial Intelligence,IEEE,2025,2025-01-16,Joint Detection of Rhythmic and Morphological Abnormalities in Electrocardiographic Images: A Multitask Learning Approach,Pharvesh Salman Choudhary; Laxmi Narayan Sharma; Samarendra Dandapat,6,7,10.1109/tai.2025.3530383,https://doi.org/10.1109/tai.2025.3530383,article,IEEE Transactions on Artificial Intelligence,https://openalex.org/W4406495781
IEEE Transactions on Artificial Intelligence,IEEE,2025,2025-01-16,Next-Generation Computer Vision in Veterinary Medicine: A Study on Canine Ophthalmology,Matija Burić; Marina Ivašić-Kos,6,7,10.1109/tai.2025.3530380,https://doi.org/10.1109/tai.2025.3530380,article,IEEE Transactions on Artificial Intelligence,https://openalex.org/W4406495817
IEEE Transactions on Artificial Intelligence,IEEE,2025,2025-01-20,Robust Control of Uncertain Quantum Systems Based on Physics-Informed Neural Networks and Sampling Learning,Kai Zhang; Qi Yu; Sen Kuang,6,7,10.1109/tai.2025.3531330,https://doi.org/10.1109/tai.2025.3531330,article,IEEE Transactions on Artificial Intelligence,https://openalex.org/W4406610550
IEEE Transactions on Artificial Intelligence,IEEE,2025,2025-01-21,Positive Sample Mining: Fuzzy Threshold-Based Contrastive Learning for Enhanced Unsupervised Skeleton-Based Action Recognition,Hengsheng Xu; Jianqi Zhong; Deliang Lian; Hanxu Hou; Wenming Cao,6,7,10.1109/tai.2025.3531831,https://doi.org/10.1109/tai.2025.3531831,article,IEEE Transactions on Artificial Intelligence,https://openalex.org/W4406657362
IEEE Transactions on Artificial Intelligence,IEEE,2025,2025-01-22,Deep Learning-Based Selective Feature Fusion for Litchi Fruit Detection Using Multimodal UAV Sensor Measurements,Debarun Chakraborty; Bhabesh Deka,6,7,10.1109/tai.2025.3532205,https://doi.org/10.1109/tai.2025.3532205,article,IEEE Transactions on Artificial Intelligence,https://openalex.org/W4406727847
IEEE Transactions on Artificial Intelligence,IEEE,2025,2025-01-22,Privacy and Fairness in Machine Learning: A Survey,Sina Shaham; Arash Hajisafi; Minh K. Quan; Dinh Cong Nguyen; Bhaskar Krishnamachari; Charith Peris; Gabriel Ghinita; Cyrus Shahabi; Pubudu Nishantha Pathirana,6,7,10.1109/tai.2025.3531326,https://doi.org/10.1109/tai.2025.3531326,article,IEEE Transactions on Artificial Intelligence,https://openalex.org/W4406727858
IEEE Transactions on Artificial Intelligence,IEEE,2025,2025-01-27,AttDCT: Attention-Based Deep Learning Approach for Time Series Classification in the DCT Domain,Amine Haboub; Hamza Baali; Abdesselam Bouzerdoum,6,6,10.1109/tai.2025.3534141,https://doi.org/10.1109/tai.2025.3534141,article,IEEE Transactions on Artificial Intelligence,https://openalex.org/W4406856707
IEEE Transactions on Artificial Intelligence,IEEE,2025,2025-01-27,"Behavioral Decision-Making of Mobile Robots Simulating the Functions of Cerebellum, Basal Ganglia, and Hippocampus",Dongshu Wang; Qi Liu; Yihai Duan,6,6,10.1109/tai.2025.3534150,https://doi.org/10.1109/tai.2025.3534150,article,IEEE Transactions on Artificial Intelligence,https://openalex.org/W4406856668
IEEE Transactions on Artificial Intelligence,IEEE,2025,2025-01-27,FLyer: Federated Learning-Based Crop Yield Prediction for Agriculture 5.0,Tanushree Dey; Somnath Bera; Anwesha Mukherjee; Debashis De; Rajkumar Buyya,6,7,10.1109/tai.2025.3534149,https://doi.org/10.1109/tai.2025.3534149,article,IEEE Transactions on Artificial Intelligence,https://openalex.org/W4406856690
IEEE Transactions on Artificial Intelligence,IEEE,2025,2025-01-27,HWEFIS: A Hybrid Weighted Evolving Fuzzy Inference System for Nonstationary Data Streams,Tao Zhao; Haoli Li,6,6,10.1109/tai.2025.3534755,https://doi.org/10.1109/tai.2025.3534755,article,IEEE Transactions on Artificial Intelligence,https://openalex.org/W4406856681
IEEE Transactions on Artificial Intelligence,IEEE,2025,2025-01-27,Learning From Mistakes: A Multilevel Optimization Framework,Li Zhang; Bhanu Garg; Pradyumna Sridhara; Ramtin Hosseini; Pengtao Xie,6,6,10.1109/tai.2025.3534151,https://doi.org/10.1109/tai.2025.3534151,article,IEEE Transactions on Artificial Intelligence,https://openalex.org/W4406856662
IEEE Transactions on Artificial Intelligence,IEEE,2025,2025-01-27,SpikeNAS-Bench: Benchmarking NAS Algorithms for Spiking Neural Network Architecture,Gengchen Sun; Zhengkun Liu; Lin Gan; Hang Su; Ting Li; Wenfeng Zhao; Biao Sun,6,6,10.1109/tai.2025.3534136,https://doi.org/10.1109/tai.2025.3534136,article,IEEE Transactions on Artificial Intelligence,https://openalex.org/W4406856684
IEEE Transactions on Artificial Intelligence,IEEE,2025,2025-01-27,t-SNVAE: Deep Probabilistic Learning With Local and Global Structures for Industrial Process Monitoring,Jian Long Huang; Zizhuo Liu; Xu Yang; Yupeng Liu; Zhaomin Lv; Kaixiang Peng; Okan K. Ersoy,6,6,10.1109/tai.2025.3533438,https://doi.org/10.1109/tai.2025.3533438,article,IEEE Transactions on Artificial Intelligence,https://openalex.org/W4406856687
IEEE Transactions on Artificial Intelligence,IEEE,2025,2025-01-28,COLT: Cyclic Overlapping Lottery Tickets for Faster Pruning of Convolutional Neural Networks,Md. Ismail Hossain; Mohammed Rakib; M. M. Lutfe Elahi; Nabeel Mohammed; Shafin Rahman,6,6,10.1109/tai.2025.3534745,https://doi.org/10.1109/tai.2025.3534745,article,IEEE Transactions on Artificial Intelligence,https://openalex.org/W4406921722
IEEE Transactions on Artificial Intelligence,IEEE,2025,2025-01-29,Communication-Efficient Distributed Learning for Nash Equilibrium of Aggregative Games Over Time-Varying Digraphs,Mingfei Chen; Dong Wang; Xiaopeng Xu; Wenli Yao; Bingyang Zhu,6,8,10.1109/tai.2025.3535458,https://doi.org/10.1109/tai.2025.3535458,article,IEEE Transactions on Artificial Intelligence,https://openalex.org/W4406948320
IEEE Transactions on Artificial Intelligence,IEEE,2025,2025-01-29,SAMScore: A Content Structural Similarity Metric for Image Translation Evaluation,Yunxiang Li; Meixu Chen; Kai Wang; Jun Ma; Alan Conrad Bovik; You Zhang,6,8,10.1109/tai.2025.3535456,https://doi.org/10.1109/tai.2025.3535456,article,IEEE Transactions on Artificial Intelligence,https://openalex.org/W4406948310
IEEE Transactions on Artificial Intelligence,IEEE,2025,2025-01-30,SAWL-Net: A Statistical Attentions and Wavelet Aided Lightweight Network for Classification of Cancers in Histopathological Images,Surya Majumder; Aishik Paul; Friedhelm Schwenker; Ram Sarkar,6,8,10.1109/tai.2025.3536424,https://doi.org/10.1109/tai.2025.3536424,article,IEEE Transactions on Artificial Intelligence,https://openalex.org/W4407008815
IEEE Transactions on Artificial Intelligence,IEEE,2025,2025-02-01,Front Cover,,6,2,10.1109/tai.2025.3544007,https://doi.org/10.1109/tai.2025.3544007,paratext,IEEE Transactions on Artificial Intelligence,https://openalex.org/W4408099446
IEEE Transactions on Artificial Intelligence,IEEE,2025,2025-02-01,Guest Editorial: Operationalizing Responsible AI,Qinghua Lu; Apostol T. Vassilev; Jun Zhu; Foutse Khomh,6,2,10.1109/tai.2025.3527806,https://doi.org/10.1109/tai.2025.3527806,editorial,IEEE Transactions on Artificial Intelligence,https://openalex.org/W4408099475
IEEE Transactions on Artificial Intelligence,IEEE,2025,2025-02-01,IEEE Transactions on Artificial Intelligence Publication Information,,6,2,10.1109/tai.2025.3544009,https://doi.org/10.1109/tai.2025.3544009,paratext,IEEE Transactions on Artificial Intelligence,https://openalex.org/W4408099437
IEEE Transactions on Artificial Intelligence,IEEE,2025,2025-02-01,Table of Contents,,6,2,10.1109/tai.2025.3544011,https://doi.org/10.1109/tai.2025.3544011,paratext,IEEE Transactions on Artificial Intelligence,https://openalex.org/W4408099483
IEEE Transactions on Artificial Intelligence,IEEE,2025,2025-02-04,CWPFormer: Toward High-Performance Visual Place Recognition for Robot With Cross-Weight Attention Learning,Zhenyu Li; Pengjie Xu; Tianyi Shang; Wenhao Pei,7,4,10.1109/tai.2025.3538818,https://doi.org/10.1109/tai.2025.3538818,article,IEEE Transactions on Artificial Intelligence,https://openalex.org/W4407128238
IEEE Transactions on Artificial Intelligence,IEEE,2025,2025-02-04,"Generative Adversarial Networks for Dynamic Malware Behavior: A Comprehensive Review, Categorization, and Analysis",Ghebrebrhan Weldit Gebrehans; Naveed Ilyas; Khouloud Eledlebi; Willian T. Lunardi; Martin Andreoni Lopez; Chan Yeob Yeun; Ernesto Damiani,6,8,10.1109/tai.2025.3537966,https://doi.org/10.1109/tai.2025.3537966,article,IEEE Transactions on Artificial Intelligence,https://openalex.org/W4407127082
IEEE Transactions on Artificial Intelligence,IEEE,2025,2025-02-04,HDL: Hybrid and Dynamic Learning for Fake Face Recognition,Baojin Huang; Jiaqi Ma; Guangcheng Wang; Hui Wang,6,8,10.1109/tai.2025.3537963,https://doi.org/10.1109/tai.2025.3537963,article,IEEE Transactions on Artificial Intelligence,https://openalex.org/W4407127575
IEEE Transactions on Artificial Intelligence,IEEE,2025,2025-02-05,A Novel Recursive Ensemble Feature Selection Framework for High-Dimensional Data,Xiaojian Ding; Zihan Xu; Yi Li; Fumin Ma; Shilin Chen,6,8,10.1109/tai.2025.3538549,https://doi.org/10.1109/tai.2025.3538549,article,IEEE Transactions on Artificial Intelligence,https://openalex.org/W4407168631
IEEE Transactions on Artificial Intelligence,IEEE,2025,2025-02-06,Blockchain-Empowered Cyber-Secure Federated Learning for Trustworthy Edge Computing,Ervin Moore; Ahmed Imteaj; Md Zarif Hossain; Shabnam Rezapour; M. Hadi Amini,6,8,10.1109/tai.2025.3539258,https://doi.org/10.1109/tai.2025.3539258,article,IEEE Transactions on Artificial Intelligence,https://openalex.org/W4407212546
IEEE Transactions on Artificial Intelligence,IEEE,2025,2025-02-07,Beyond Histogram Comparison: Distribution-Aware Simple-Path Graph Kernels,Wei Ye; Shuhao Tang; Hao Tian; Qijun Chen,6,8,10.1109/tai.2025.3539642,https://doi.org/10.1109/tai.2025.3539642,article,IEEE Transactions on Artificial Intelligence,https://openalex.org/W4407246982
IEEE Transactions on Artificial Intelligence,IEEE,2025,2025-02-11,High-Dimensional Hyperparameter Optimization via Adjoint Differentiation,Hongkun Dou; Hongjue Li; Jinyang Du; Leyuan Fang; Qing Gao; Yue Cheng Deng; Wen Yao,6,8,10.1109/tai.2025.3540799,https://doi.org/10.1109/tai.2025.3540799,article,IEEE Transactions on Artificial Intelligence,https://openalex.org/W4407372016
IEEE Transactions on Artificial Intelligence,IEEE,2025,2025-02-11,Path-Aware Few-Shot Knowledge Graph Completion,Shuo Yu; Yingbo Wang; Zhitao Wan; Yanming Shen; Qiang Zhang; Feng Xia,6,8,10.1109/tai.2025.3540796,https://doi.org/10.1109/tai.2025.3540796,article,IEEE Transactions on Artificial Intelligence,https://openalex.org/W4407371950
IEEE Transactions on Artificial Intelligence,IEEE,2025,2025-02-13,Efficient Solution Validation of Constraint Satisfaction Problems on Neuromorphic Hardware: The Case of Sudoku Puzzles,Riccardo Pignari; Vittorio Fra; Enrico Macii; Gianvito Urgese,6,8,10.1109/tai.2025.3536428,https://doi.org/10.1109/tai.2025.3536428,article,IEEE Transactions on Artificial Intelligence,https://openalex.org/W4407448670
IEEE Transactions on Artificial Intelligence,IEEE,2025,2025-02-14,Exploiting Gaussian Noise Variance for Dynamic Differential Poisoning in Federated Learning,Md Tamjid Hossain; Shahriar Badsha; Hung Manh La; Shafkat Islam; Ibrahim Khalil,6,11,10.1109/tai.2025.3540030,https://doi.org/10.1109/tai.2025.3540030,article,IEEE Transactions on Artificial Intelligence,https://openalex.org/W4407574643
IEEE Transactions on Artificial Intelligence,IEEE,2025,2025-02-14,Unsupervised Multivariate Time Series Anomaly Detection by Feature Decoupling in Federated Learning Scenarios,Yifan He; Xi Long Ding; Yateng Tang; Jihong Guan; Shuigeng Zhou,6,8,10.1109/tai.2025.3533437,https://doi.org/10.1109/tai.2025.3533437,article,IEEE Transactions on Artificial Intelligence,https://openalex.org/W4407574670
IEEE Transactions on Artificial Intelligence,IEEE,2025,2025-02-20,A Multimodal-Driven Fusion Data Augmentation Framework for Emotion Recognition,Ao Li; Minchao Wu; Rui Ouyang; Yongming Wang; Fan Li; Zhao Lv,6,8,10.1109/tai.2025.3537965,https://doi.org/10.1109/tai.2025.3537965,article,IEEE Transactions on Artificial Intelligence,https://openalex.org/W4407782323
IEEE Transactions on Artificial Intelligence,IEEE,2025,2025-02-20,AI-Generated Versus Human Text: Introducing a New Dataset for Benchmarking and Analysis,Ali Al Bataineh; Rachel Sickler; Kerry Kurcz; K Pedersen,6,8,10.1109/tai.2025.3544183,https://doi.org/10.1109/tai.2025.3544183,article,IEEE Transactions on Artificial Intelligence,https://openalex.org/W4407781890
IEEE Transactions on Artificial Intelligence,IEEE,2025,2025-02-20,Adaptive Multiparticle Swarm Neural Architecture Search for High-Incidence Cancer Prediction,Liming Xu; Jie Zheng; Chunlin He; Jing Wang; Bochuan Zheng; Jiancheng Lv,6,8,10.1109/tai.2025.3543822,https://doi.org/10.1109/tai.2025.3543822,article,IEEE Transactions on Artificial Intelligence,https://openalex.org/W4407781945
IEEE Transactions on Artificial Intelligence,IEEE,2025,2025-02-20,ContentDM: A Layout Diffusion Model for Content-Aware Layout Generation,Honglin Guo; Weizhi Nie; Ruidong Chen; Lanjun Wang; Guoqing Jin; An-An Liu,6,8,10.1109/tai.2025.3544172,https://doi.org/10.1109/tai.2025.3544172,article,IEEE Transactions on Artificial Intelligence,https://openalex.org/W4407782329
IEEE Transactions on Artificial Intelligence,IEEE,2025,2025-02-20,Facilitating Continuous Facial Aging Through Latent Age Attribute Modulation,Xiyuan Hu; Jinglei Qu; Chen Chen,6,8,10.1109/tai.2025.3543811,https://doi.org/10.1109/tai.2025.3543811,article,IEEE Transactions on Artificial Intelligence,https://openalex.org/W4407782315
IEEE Transactions on Artificial Intelligence,IEEE,2025,2025-02-20,Mixture Density Function Estimation in Shape Clustering,Kazunori Iwata,6,8,10.1109/tai.2025.3543815,https://doi.org/10.1109/tai.2025.3543815,article,IEEE Transactions on Artificial Intelligence,https://openalex.org/W4407781902
IEEE Transactions on Artificial Intelligence,IEEE,2025,2025-02-20,Similar or Related: Spectral-Based Item Relationship Mining With Graph Convolutional Network for Complementary Recommendation,Gangfeng Ma; Xu-Hua Yang; Haixia Long; Yujiao Huang,6,8,10.1109/tai.2025.3543820,https://doi.org/10.1109/tai.2025.3543820,article,IEEE Transactions on Artificial Intelligence,https://openalex.org/W4407782066
IEEE Transactions on Artificial Intelligence,IEEE,2025,2025-02-21,KnowZRel: Common Sense Knowledge-Based Zero-Shot Relationship Retrieval for Generalized Scene Graph Generation,Muhammad Jaleed Khan; John G. Breslin; Edward Curry,6,12,10.1109/tai.2025.3544177,https://doi.org/10.1109/tai.2025.3544177,article,IEEE Transactions on Artificial Intelligence,https://openalex.org/W4407825796
IEEE Transactions on Artificial Intelligence,IEEE,2025,2025-02-21,LaBINet—An Approach for Seamlessly Integrating New Advertisement Into an Existing Scene,Sukriti Dhang; Mimi Zhang; Soumyabrata Dev,6,8,10.1109/tai.2025.3544595,https://doi.org/10.1109/tai.2025.3544595,article,IEEE Transactions on Artificial Intelligence,https://openalex.org/W4407826057
IEEE Transactions on Artificial Intelligence,IEEE,2025,2025-02-21,Multiagent Actor-Critic Generative AI for Query Resolution and Analysis,Mohammad Wali Ur Rahman; Ric Nevarez; Lamia Tasnim Mim; Salim Hariri,6,8,10.1109/tai.2025.3544173,https://doi.org/10.1109/tai.2025.3544173,article,IEEE Transactions on Artificial Intelligence,https://openalex.org/W4407826123
IEEE Transactions on Artificial Intelligence,IEEE,2025,2025-02-21,SecureLLAMA: Secure FPGAs Using LLAMA Large Language Models,Mansour Alqarni; Akramul Azim,6,8,10.1109/tai.2025.3544590,https://doi.org/10.1109/tai.2025.3544590,article,IEEE Transactions on Artificial Intelligence,https://openalex.org/W4407825966
IEEE Transactions on Artificial Intelligence,IEEE,2025,2025-02-24,Pruning Networks Only Using Few-Shot Pretraining Based on Gradient Similarity Frequency,Haigen Hu; Huihuang Zhang; Qianwei Zhou; Tieming Chen,6,8,10.1109/tai.2025.3544582,https://doi.org/10.1109/tai.2025.3544582,article,IEEE Transactions on Artificial Intelligence,https://openalex.org/W4407899987
IEEE Transactions on Artificial Intelligence,IEEE,2025,2025-02-25,Adaptive Operator Selection for Meta-Heuristics: A Survey,Jiyuan Pei; Yi Mei; Jialin Liu; Mengjie Zhang; Xin Yao,6,8,10.1109/tai.2025.3545792,https://doi.org/10.1109/tai.2025.3545792,article,IEEE Transactions on Artificial Intelligence,https://openalex.org/W4407946303
IEEE Transactions on Artificial Intelligence,IEEE,2025,2025-02-25,Enabling Efficient and Interpretable Cybersecurity Reasoning Through Hyperdimensional Computing,Ali Zakeri; Hanning Chen; Narayan Srinivasa; Hugo M. Latapie; Mohsen Imani,6,9,10.1109/tai.2025.3545394,https://doi.org/10.1109/tai.2025.3545394,article,IEEE Transactions on Artificial Intelligence,https://openalex.org/W4407937028
IEEE Transactions on Artificial Intelligence,IEEE,2025,2025-02-25,Enhancing Generalization of Offline RL in Data-Limited Settings With Heuristic Rules,Briti Gangopadhyay; Zhao Wang; Jia-Fong Yeh; Shingo Takamatsu,6,8,10.1109/tai.2025.3544971,https://doi.org/10.1109/tai.2025.3544971,article,IEEE Transactions on Artificial Intelligence,https://openalex.org/W4407937118
IEEE Transactions on Artificial Intelligence,IEEE,2025,2025-02-25,Ensuring Fairness in Spectral Clustering via Disparate Impact-Based Graph Construction,Adithya K Moorthy; V. Vijaya Saradhi; Bhanu Prasad,6,8,10.1109/tai.2025.3545800,https://doi.org/10.1109/tai.2025.3545800,article,IEEE Transactions on Artificial Intelligence,https://openalex.org/W4407946322
IEEE Transactions on Artificial Intelligence,IEEE,2025,2025-02-25,FedECE: Federated Estimation of Causal Effect Based on Causal Graphical Modeling,Yongsheng Zhao; Kui Yu; Goh Yu Xiang; Xianjie Guo; Fuyuan Cao,6,8,10.1109/tai.2025.3545794,https://doi.org/10.1109/tai.2025.3545794,article,IEEE Transactions on Artificial Intelligence,https://openalex.org/W4407946304
IEEE Transactions on Artificial Intelligence,IEEE,2025,2025-02-25,ITF-VAE: Variational Auto-Encoder Using Interpretable Continuous Time Series Features,Hendrik Klopries; Andreas Schwung,6,8,10.1109/tai.2025.3545396,https://doi.org/10.1109/tai.2025.3545396,article,IEEE Transactions on Artificial Intelligence,https://openalex.org/W4407937082
IEEE Transactions on Artificial Intelligence,IEEE,2025,2025-02-25,Performance Analysis and Design of a Weighted Personalized Quantum Federated Learning,Dev Gurung; Shiva Raj Pokhrel,6,8,10.1109/tai.2025.3545393,https://doi.org/10.1109/tai.2025.3545393,article,IEEE Transactions on Artificial Intelligence,https://openalex.org/W4407937088
IEEE Transactions on Artificial Intelligence,IEEE,2025,2025-02-26,Deep Learning Models for Realistic Multicomponent Signal Modulation Classification,Agustín M. Galante-Cerviño; Alberto Martínez-Fernández; Adrián Colomer; Valery Naranjo; Carlos García-Meca,7,6,10.1109/tai.2025.3546190,https://doi.org/10.1109/tai.2025.3546190,article,IEEE Transactions on Artificial Intelligence,https://openalex.org/W4407948293
IEEE Transactions on Artificial Intelligence,IEEE,2025,2025-02-26,Enhancement of Robot Dynamics Learning by Integrating Analytical Models into Deep Neural Networks: A Data Fusion Perspective,Erfaan Rezvanfar; Jing Wang; Clarence W. de Silva,6,9,10.1109/tai.2025.3544591,https://doi.org/10.1109/tai.2025.3544591,article,IEEE Transactions on Artificial Intelligence,https://openalex.org/W4407948409
IEEE Transactions on Artificial Intelligence,IEEE,2025,2025-02-28,GeoDCL: Weak Geometrical Distortion-Based Contrastive Learning for Fine-Grained Fashion Image Retrieval,Ling Xiao; Toshihiko Yamasaki,6,9,10.1109/tai.2025.3545791,https://doi.org/10.1109/tai.2025.3545791,article,IEEE Transactions on Artificial Intelligence,https://openalex.org/W4408030087
IEEE Transactions on Artificial Intelligence,IEEE,2025,2025-03-01,Front Cover,,6,3,10.1109/tai.2025.3546437,https://doi.org/10.1109/tai.2025.3546437,paratext,IEEE Transactions on Artificial Intelligence,https://openalex.org/W4408280444
IEEE Transactions on Artificial Intelligence,IEEE,2025,2025-03-01,IEEE Transactions on Artificial Intelligence Publication Information,,6,3,10.1109/tai.2025.3546710,https://doi.org/10.1109/tai.2025.3546710,paratext,IEEE Transactions on Artificial Intelligence,https://openalex.org/W4408303745
IEEE Transactions on Artificial Intelligence,IEEE,2025,2025-03-01,Table of Contents,,6,3,10.1109/tai.2025.3546415,https://doi.org/10.1109/tai.2025.3546415,paratext,IEEE Transactions on Artificial Intelligence,https://openalex.org/W4408280449
IEEE Transactions on Artificial Intelligence,IEEE,2025,2025-03-03,Large-Scale Heliostat Field Optimization for Solar Power Tower System Using Matrix-Based Differential Evolution,Dan-Ting Duan; Jian-Yu Li; Bing Sun; Xiaofang Liu; Qiang Yang; Qi-Jia Jiang; Zhi‐Hui Zhan; Sam Kwong; Jun Zhang,6,9,10.1109/tai.2025.3545813,https://doi.org/10.1109/tai.2025.3545813,article,IEEE Transactions on Artificial Intelligence,https://openalex.org/W4408099467
IEEE Transactions on Artificial Intelligence,IEEE,2025,2025-03-04,Deep Graph Convolutional Autoencoder With Conditional Normalizing Flow for Power Distribution Systems Fault Classification and Location,Mohsen Saffari; Mahdi Khodayar; Mohammad E. Khodayar; Seyed Saeed Fazlhashemi,6,9,10.1109/tai.2025.3547878,https://doi.org/10.1109/tai.2025.3547878,article,IEEE Transactions on Artificial Intelligence,https://openalex.org/W4408144699
IEEE Transactions on Artificial Intelligence,IEEE,2025,2025-03-05,C 2 RS: Multimodal Knowledge Graph Completion With Cross-Modal Consistency and Relation Semantics,Yulou Shu; Wengen Li; Jiaqi Wang; Yichao Zhang; Jihong Guan; Shuigeng Zhou,6,11,10.1109/tai.2025.3548621,https://doi.org/10.1109/tai.2025.3548621,article,IEEE Transactions on Artificial Intelligence,https://openalex.org/W4408166169
IEEE Transactions on Artificial Intelligence,IEEE,2025,2025-03-05,EMPOWER-KARE: Deep Prompt Learning for Knowledge-Aware Response Generation in Clinical Counseling and Legal Support Conversations,Priyanshu Priya; Armita Mani Tripathi; Deeksha Varshney; Mauajama Firdaus; Asif Ekbal,7,4,10.1109/tai.2025.3548628,https://doi.org/10.1109/tai.2025.3548628,article,IEEE Transactions on Artificial Intelligence,https://openalex.org/W4408166115
IEEE Transactions on Artificial Intelligence,IEEE,2025,2025-03-06,An Adaptive Deep Learning Based Short-Term Wind Speed Forecasting Model for Variable Terrain Conditions,Sourav Malakar; Saptarsi Goswami; Bhaswati Ganguli; Amlan Chakrabarti,6,9,10.1109/tai.2025.3547685,https://doi.org/10.1109/tai.2025.3547685,article,IEEE Transactions on Artificial Intelligence,https://openalex.org/W4408181068
IEEE Transactions on Artificial Intelligence,IEEE,2025,2025-03-06,Predicting Postgraduate Student Engagement Using Artificial Intelligence (AI),Niusha Shafiabady; Fung Kuen Koo; Fareed Ud Din; Kabir Sattarshetty; Margaret Yen; Mamoun Alazab; Ethar Alsharaydeh,6,9,10.1109/tai.2025.3548016,https://doi.org/10.1109/tai.2025.3548016,article,IEEE Transactions on Artificial Intelligence,https://openalex.org/W4408182312
IEEE Transactions on Artificial Intelligence,IEEE,2025,2025-03-07,MalaNet: A Small World Inspired Neural Network for Automated Malaria Diagnosis,Shubham Dwivedi; Kartikeya Pandey; Kumar Shubham; Om Jee Pandey; Achyut Mani Tripathi; Tushar Sandhan; Rajesh Mahanand Hegde,6,9,10.1109/tai.2025.3549406,https://doi.org/10.1109/tai.2025.3549406,article,IEEE Transactions on Artificial Intelligence,https://openalex.org/W4408235494
IEEE Transactions on Artificial Intelligence,IEEE,2025,2025-03-07,Non-uniform Illumination Attack for Fooling Convolutional Neural Networks,Akshay Jain; Shiv Ram Dubey; Satish Kumar Singh; KC Santosh; B.B. Chaudhuri,6,9,10.1109/tai.2025.3549396,https://doi.org/10.1109/tai.2025.3549396,article,IEEE Transactions on Artificial Intelligence,https://openalex.org/W4408235496
IEEE Transactions on Artificial Intelligence,IEEE,2025,2025-03-10,Unimodal Distributions for Ordinal Regression,Jaime S. Cardoso; Ricardo Cruz; Tomé Albuquerque,6,9,10.1109/tai.2025.3549740,https://doi.org/10.1109/tai.2025.3549740,article,IEEE Transactions on Artificial Intelligence,https://openalex.org/W4408280422
IEEE Transactions on Artificial Intelligence,IEEE,2025,2025-03-12,Adaptive Hierarchical Graph Cut for Multi-Granularity Out-of-Distribution Detection,Xiang Fang; Arvind Easwaran; Blaise Genest; Ponnuthurai Nagaratnam Suganthan,7,3,10.1109/tai.2025.3550473,https://doi.org/10.1109/tai.2025.3550473,article,IEEE Transactions on Artificial Intelligence,https://openalex.org/W4408357918
IEEE Transactions on Artificial Intelligence,IEEE,2025,2025-03-13,"A Comprehensive Survey on Diagnostic Microscopic Imaging Modalities, Challenges, Taxonomy, and Future Directions for Cervical Abnormality Detection and Grading",Anindita Mohanta; Sourav Dey Roy; Niharika Nath; Abhijit Datta; Mrinal Kanti Bhowmik,6,9,10.1109/tai.2025.3551669,https://doi.org/10.1109/tai.2025.3551669,article,IEEE Transactions on Artificial Intelligence,https://openalex.org/W4408399560
IEEE Transactions on Artificial Intelligence,IEEE,2025,2025-03-17,Detection of Unknown-Unknowns in Human-in-Loop Human-in-Plant Safety Critical Systems,Aranyak Maity; Ayan Banerjee; Sandeep K. S. Gupta,6,9,10.1109/tai.2025.3550913,https://doi.org/10.1109/tai.2025.3550913,article,IEEE Transactions on Artificial Intelligence,https://openalex.org/W4408519590
IEEE Transactions on Artificial Intelligence,IEEE,2025,2025-03-17,Ensuring Reliable Learning in Graph Convolutional Networks: Convergence Analysis and Training Methodology,Xinge Zhao; Chien Chern Cheah,6,9,10.1109/tai.2025.3550458,https://doi.org/10.1109/tai.2025.3550458,article,IEEE Transactions on Artificial Intelligence,https://openalex.org/W4408519652
IEEE Transactions on Artificial Intelligence,IEEE,2025,2025-03-18,GradCFA: A Hybrid Gradient-Based Counterfactual and Feature Attribution Explanation Algorithm for Local Interpretation of Neural Networks,J.E. Sanderson; Hua Mao; Wai Lok Woo,6,10,10.1109/tai.2025.3552057,https://doi.org/10.1109/tai.2025.3552057,article,IEEE Transactions on Artificial Intelligence,https://openalex.org/W4408564011
IEEE Transactions on Artificial Intelligence,IEEE,2025,2025-03-18,Learning From N-Tuple Similarities and Unlabeled Data,Junpeng Li; Shuying Huang; Changchun Hua; Yana Yang,6,9,10.1109/tai.2025.3552687,https://doi.org/10.1109/tai.2025.3552687,article,IEEE Transactions on Artificial Intelligence,https://openalex.org/W4408563997
IEEE Transactions on Artificial Intelligence,IEEE,2025,2025-03-19,Maximum Margin-Based Activation Clipping for Posttraining Overfitting Mitigation in DNN Classifiers,Hang Wang; David J. Miller; George Kesidis,6,10,10.1109/tai.2025.3552686,https://doi.org/10.1109/tai.2025.3552686,article,IEEE Transactions on Artificial Intelligence,https://openalex.org/W4408610457
IEEE Transactions on Artificial Intelligence,IEEE,2025,2025-03-24,CenFormer: Transformer-Based Network From Centroid Generation for Point Cloud Completion,Tran Thanh Phong Nguyen; Son Lam Phung; Vinod Gopaldasani; Jane L Whitelaw; Hoang Thanh Le; Abdesselam Bouzerdoum,6,10,10.1109/tai.2025.3553456,https://doi.org/10.1109/tai.2025.3553456,article,IEEE Transactions on Artificial Intelligence,https://openalex.org/W4408780285
IEEE Transactions on Artificial Intelligence,IEEE,2025,2025-03-24,Dynamic Broad Metric Learning,Xiaoman Hu; C. L. Philip Chen; Tong Zhang,6,10,10.1109/tai.2025.3553832,https://doi.org/10.1109/tai.2025.3553832,article,IEEE Transactions on Artificial Intelligence,https://openalex.org/W4408780450
IEEE Transactions on Artificial Intelligence,IEEE,2025,2025-03-24,Lorentz-Equivariant Quantum Graph Neural Network for High-Energy Physics,Md Abrar Jahin; Md. Anwar Hossain Masud; Md Wahiduzzaman Suva; M. F. Mridha; Nilanjan Dey,6,12,10.1109/tai.2025.3554461,https://doi.org/10.1109/tai.2025.3554461,article,IEEE Transactions on Artificial Intelligence,https://openalex.org/W4408780434
IEEE Transactions on Artificial Intelligence,IEEE,2025,2025-03-24,ShadowMaskFormer: Mask Augmented Patch Embedding for Shadow Removal,Zhuohao Li; Guoyang Xie; Guannan Jiang; Zhichao Lu,6,10,10.1109/tai.2025.3554605,https://doi.org/10.1109/tai.2025.3554605,article,IEEE Transactions on Artificial Intelligence,https://openalex.org/W4408780468
IEEE Transactions on Artificial Intelligence,IEEE,2025,2025-03-29,Active Gradient Manipulation for Privacy Breaching in Vertical Federated Learning,Tre’ R. Jeter; Minh N. Vu; Raed Alharbi; Jung Taek Seo; My T. Thai,6,10,10.1109/tai.2025.3556094,https://doi.org/10.1109/tai.2025.3556094,article,IEEE Transactions on Artificial Intelligence,https://openalex.org/W4408970591
IEEE Transactions on Artificial Intelligence,IEEE,2025,2025-03-29,Distributed Fixed-Time Algorithms for Time-Varying Constrained Optimization Problems,Xing He; Yue Li; Meng Zhang; Tingwen Huang,6,10,10.1109/tai.2025.3556095,https://doi.org/10.1109/tai.2025.3556095,article,IEEE Transactions on Artificial Intelligence,https://openalex.org/W4408970921
IEEE Transactions on Artificial Intelligence,IEEE,2025,2025-03-29,Malicious Clients and Contribution Co-Aware Federated Unlearning,Yang Wang; Xue Li; Siguang Chen,6,10,10.1109/tai.2025.3556092,https://doi.org/10.1109/tai.2025.3556092,article,IEEE Transactions on Artificial Intelligence,https://openalex.org/W4408970832
IEEE Transactions on Artificial Intelligence,IEEE,2025,2025-03-31,Front Cover,,6,4,10.1109/tai.2025.3551530,https://doi.org/10.1109/tai.2025.3551530,paratext,IEEE Transactions on Artificial Intelligence,https://openalex.org/W4409019758
IEEE Transactions on Artificial Intelligence,IEEE,2025,2025-03-31,IEEE Transactions on Artificial Intelligence Publication Information,,6,4,10.1109/tai.2025.3551528,https://doi.org/10.1109/tai.2025.3551528,paratext,IEEE Transactions on Artificial Intelligence,https://openalex.org/W4409014128
IEEE Transactions on Artificial Intelligence,IEEE,2025,2025-03-31,Table of Contents,,6,4,10.1109/tai.2025.3551526,https://doi.org/10.1109/tai.2025.3551526,paratext,IEEE Transactions on Artificial Intelligence,https://openalex.org/W4409019565
IEEE Transactions on Artificial Intelligence,IEEE,2025,2025-04-01,Advancements in Image Interpretation: Self-Supervised Learning of Object Structures for Enhanced Classification and Segmentation,Hung–Min Sun; Chao-Yen Chung; Zong-Han Lin; Qi-Xian Huang,6,10,10.1109/tai.2025.3556804,https://doi.org/10.1109/tai.2025.3556804,article,IEEE Transactions on Artificial Intelligence,https://openalex.org/W4409048287
IEEE Transactions on Artificial Intelligence,IEEE,2025,2025-04-01,Mobile Network Traffic Prediction Using Temporal Fusion Transformer,Georgios Kougioumtzidis; Vladimir K. Poulkov; Pavlos I. Lazaridis; Zaharias D. Zaharis,6,10,10.1109/tai.2025.3556627,https://doi.org/10.1109/tai.2025.3556627,article,IEEE Transactions on Artificial Intelligence,https://openalex.org/W4409048296
IEEE Transactions on Artificial Intelligence,IEEE,2025,2025-04-01,TSTNet: Temporal Semantic Transformer-Based Computing Power Network for Automatic Driving in the Internet of Vehicles,Tiankuo Yu; Hui Yang; Qiuyan Yao; Zhiwei Wang; Jie Zhang; Athanasios V. Vasilakos; Mohamed Cheriet,6,10,10.1109/tai.2025.3556375,https://doi.org/10.1109/tai.2025.3556375,article,IEEE Transactions on Artificial Intelligence,https://openalex.org/W4409048322
IEEE Transactions on Artificial Intelligence,IEEE,2025,2025-04-02,A Cervical Cell Classification Framework Based on Multiview Supervised Contrastive Learning,Ming Fang; Jin Liu; Francis Minhthang Bui; Bo Liao; Xiujuan Lei; Fang‐Xiang Wu,6,10,10.1109/tai.2025.3556990,https://doi.org/10.1109/tai.2025.3556990,article,IEEE Transactions on Artificial Intelligence,https://openalex.org/W4409098678
IEEE Transactions on Artificial Intelligence,IEEE,2025,2025-04-02,Deep-Learning-Based Dual Denoising Algorithm for Shielding-Free Magnetic Resonance Imaging,Yang Hu; Yiman Huang; Shuxian Qu; Yushu Xie; Yanwen Fang; Xiaotong Zhang,6,10,10.1109/tai.2025.3556997,https://doi.org/10.1109/tai.2025.3556997,article,IEEE Transactions on Artificial Intelligence,https://openalex.org/W4409098516
IEEE Transactions on Artificial Intelligence,IEEE,2025,2025-04-02,GPA: Grover Policy Agent for Generating Optimal Quantum Sensor Circuits,Ahmad Yahia Alomari; Sathish A. P. Kumar,6,10,10.1109/tai.2025.3556979,https://doi.org/10.1109/tai.2025.3556979,article,IEEE Transactions on Artificial Intelligence,https://openalex.org/W4409098537
IEEE Transactions on Artificial Intelligence,IEEE,2025,2025-04-02,Generalization Error Bounds for Graph Neural Networks in Unseen Domains,Peiyao Wang; Liang Bai; Xian Feng Yang; Xi Wang; Jiye Liang,6,10,10.1109/tai.2025.3556978,https://doi.org/10.1109/tai.2025.3556978,article,IEEE Transactions on Artificial Intelligence,https://openalex.org/W4409098493
IEEE Transactions on Artificial Intelligence,IEEE,2025,2025-04-02,Resource-Efficient CNN Based Atrial Fibrillation Detection Using P-Wave and RR Interval Features for Edge-AI Cardiac Health Monitoring Devices,Nabasmita Phukan; M. Sabarimalai Manikandan; Ram Bilas Pachori,6,10,10.1109/tai.2025.3556995,https://doi.org/10.1109/tai.2025.3556995,article,IEEE Transactions on Artificial Intelligence,https://openalex.org/W4409098500
IEEE Transactions on Artificial Intelligence,IEEE,2025,2025-04-02,iLeAD: An EMG-Based Adaptive Shared Control Framework for Exoskeleton Assistance via Deep Reinforcement Learning,Masoud Karimi; Mojtaba Ahmadi,6,10,10.1109/tai.2025.3556983,https://doi.org/10.1109/tai.2025.3556983,article,IEEE Transactions on Artificial Intelligence,https://openalex.org/W4409098630
IEEE Transactions on Artificial Intelligence,IEEE,2025,2025-04-03,Understanding Connection Between PMP and HJB Equations from the Perspective of Hamilton Dynamics,Xiangteng Zhang; Yao Lyu; Shengbo Eben Li; Jingliang Duan; Guojian Zhan; Chang Liu; Bo Cheng; Keqiang Li,6,10,10.1109/tai.2025.3557399,https://doi.org/10.1109/tai.2025.3557399,article,IEEE Transactions on Artificial Intelligence,https://openalex.org/W4409128893
IEEE Transactions on Artificial Intelligence,IEEE,2025,2025-04-04,Fuzzy Logic Strikes Back: Fuzzy ODEs for Dynamic Modeling and Uncertainty Quantification,Yusuf Güven; Tufan Kumbasar,6,10,10.1109/tai.2025.3557765,https://doi.org/10.1109/tai.2025.3557765,article,IEEE Transactions on Artificial Intelligence,https://openalex.org/W4409152403
IEEE Transactions on Artificial Intelligence,IEEE,2025,2025-04-04,MLCNN-LSTM-COV: A Multilabel Convolutional Neural Network and Long Short-Term Memory-Based Framework for Predicting Adverse COVID Drug Reactions,Pranab Das; Dilwar Hussain Mazumder,6,10,10.1109/tai.2025.3557769,https://doi.org/10.1109/tai.2025.3557769,article,IEEE Transactions on Artificial Intelligence,https://openalex.org/W4409152185
IEEE Transactions on Artificial Intelligence,IEEE,2025,2025-04-04,Metalearning Based Adaptive Compact Modeling Framework for Advanced Transistors Across Technology Nodes,Srishti Parandiyal; Abhishek Kumar; Mohammad Ehteshamuddin; Anamika Singh; Kumar Sheelvardhan; Samrat Ray; Abhishek Somani; Sourajeet Roy; Avirup Dasgupta,6,10,10.1109/tai.2025.3557775,https://doi.org/10.1109/tai.2025.3557775,article,IEEE Transactions on Artificial Intelligence,https://openalex.org/W4409152379
IEEE Transactions on Artificial Intelligence,IEEE,2025,2025-04-08,A Deterministic–Probabilistic Approach to Neural Network Pruning,Soumyadipta Banerjee; Jiaul H. Paik,6,10,10.1109/tai.2025.3558718,https://doi.org/10.1109/tai.2025.3558718,article,IEEE Transactions on Artificial Intelligence,https://openalex.org/W4409257338
IEEE Transactions on Artificial Intelligence,IEEE,2025,2025-04-08,Adaptive Perception for Unified Visual Multimodal Object Tracking,Xiantao Hu; Bineng Zhong; Qihua Liang; Liangtao Shi; Zhiyi Mo; Ying Yu Tai; Jian Yang,6,10,10.1109/tai.2025.3558482,https://doi.org/10.1109/tai.2025.3558482,article,IEEE Transactions on Artificial Intelligence,https://openalex.org/W4409257348
IEEE Transactions on Artificial Intelligence,IEEE,2025,2025-04-08,Recommender Systems Based on Nonnegative Matrix Factorization: A Survey,Sajad Ahmadian; Kamal Berahmand; Mehrdad Rostami; Saman Forouzandeh; Parham Moradi; Mahdi Jalili,6,10,10.1109/tai.2025.3559053,https://doi.org/10.1109/tai.2025.3559053,article,IEEE Transactions on Artificial Intelligence,https://openalex.org/W4409257359
IEEE Transactions on Artificial Intelligence,IEEE,2025,2025-04-09,Parallel Inductive Shift Learning Based Recommendation System,Nilufar Zaman; Angshuman Jana,6,11,10.1109/tai.2025.3558183,https://doi.org/10.1109/tai.2025.3558183,article,IEEE Transactions on Artificial Intelligence,https://openalex.org/W4409284923
IEEE Transactions on Artificial Intelligence,IEEE,2025,2025-04-11,Deep Residual Learning of a Probabilistic’ Partial Least Squares Model for Predictive Data Analytics,Zhiqiang Ge; Duxin Chen; Wenwu Yu,6,11,10.1109/tai.2025.3560248,https://doi.org/10.1109/tai.2025.3560248,article,IEEE Transactions on Artificial Intelligence,https://openalex.org/W4409356084
IEEE Transactions on Artificial Intelligence,IEEE,2025,2025-04-11,Human-in-the-Loop Formation-Containment Safe Control for Multi-agent Systems via Reinforcement Learning,Luning Yang; Pei Chi; Jiang Bo Zhao; Yingxun Wang,7,9,10.1109/tai.2025.3559040,https://doi.org/10.1109/tai.2025.3559040,article,IEEE Transactions on Artificial Intelligence,https://openalex.org/W4409355997
IEEE Transactions on Artificial Intelligence,IEEE,2025,2025-04-14,EEG Emotion Recognition Based on an Implicit Emotion Regulatory Mechanism,Dongdong Li; Zhishuo Jin; Yujun Shen; Zhe Wang; Suo Jiang,6,11,10.1109/tai.2025.3560593,https://doi.org/10.1109/tai.2025.3560593,article,IEEE Transactions on Artificial Intelligence,https://openalex.org/W4409427295
IEEE Transactions on Artificial Intelligence,IEEE,2025,2025-04-14,Incremental Semisupervised Learning With Adaptive Locality Preservation for High-Dimensional Data,Guojie Li; Zhiwen Yu; Kaixiang Yang; Ziwei Fan; C. L. Philip Chen,6,11,10.1109/tai.2025.3560592,https://doi.org/10.1109/tai.2025.3560592,article,IEEE Transactions on Artificial Intelligence,https://openalex.org/W4409426875
IEEE Transactions on Artificial Intelligence,IEEE,2025,2025-04-14,Mixture-of-Experts for Open Set Domain Adaptation: A Dual-Space Detection Approach,Zhenbang Du; Jiayu An; Y.-T. Tu; Jiahao Hong; Dongrui Wu,6,12,10.1109/tai.2025.3560590,https://doi.org/10.1109/tai.2025.3560590,article,IEEE Transactions on Artificial Intelligence,https://openalex.org/W4409427243
IEEE Transactions on Artificial Intelligence,IEEE,2025,2025-04-16,A Novel Privacy-Enhancing Framework for Low-Dose CT Denoising,Ziyuan Yang; Huijie Huangfu; Maosong Ran; Zhiwen Wang; Hui Jun Yu; Mengyu Sun; Yi Zhang,6,11,10.1109/tai.2025.3561092,https://doi.org/10.1109/tai.2025.3561092,article,IEEE Transactions on Artificial Intelligence,https://openalex.org/W4409494174
IEEE Transactions on Artificial Intelligence,IEEE,2025,2025-04-16,Integrating Large Language Model for Improved Causal Discovery,Taiyu Ban; Lyuzhou Chen; Derui Lyu; Xiangyu Wang; Qinrui Zhu; Qiang Tu; Huanhuan Chen,6,11,10.1109/tai.2025.3560927,https://doi.org/10.1109/tai.2025.3560927,article,IEEE Transactions on Artificial Intelligence,https://openalex.org/W4409494188
IEEE Transactions on Artificial Intelligence,IEEE,2025,2025-04-16,Ownership Infringement Detection for Generative Adversarial Networks Against Model Stealing,Hailong Hu; Jun Pang,6,11,10.1109/tai.2025.3560921,https://doi.org/10.1109/tai.2025.3560921,article,IEEE Transactions on Artificial Intelligence,https://openalex.org/W4409494176
IEEE Transactions on Artificial Intelligence,IEEE,2025,2025-04-17,ARDIAL-BERT: Advancing Multidialectal Arabic Named Entity Recognition Through Continual Pretraining,Tahar Alimi; Rahma Boujelbene; Lamia Hadrich Belguith,7,4,10.1109/tai.2025.3562162,https://doi.org/10.1109/tai.2025.3562162,article,IEEE Transactions on Artificial Intelligence,https://openalex.org/W4409560179
IEEE Transactions on Artificial Intelligence,IEEE,2025,2025-04-17,Phenotype and Genotype Based Sample Aware Surrogate-Assisted Genetic Programming in Dynamic Flexible Job Shop Scheduling,Luyao Zhu; Fangfang Zhang; Zhu Xiao-dong; Ke Chen; Mengjie Zhang,6,12,10.1109/tai.2025.3562161,https://doi.org/10.1109/tai.2025.3562161,article,IEEE Transactions on Artificial Intelligence,https://openalex.org/W4409560150
IEEE Transactions on Artificial Intelligence,IEEE,2025,2025-04-17,Reinforcement Learning for Efficient Multiagent Task Allocation in Potential Game Model,Yuxing Xing; Caixia Chen; Jie Wu; Jie Chen,6,12,10.1109/tai.2025.3562160,https://doi.org/10.1109/tai.2025.3562160,article,IEEE Transactions on Artificial Intelligence,https://openalex.org/W4409560157
IEEE Transactions on Artificial Intelligence,IEEE,2025,2025-04-21,Fuzzy Information Quantity Measurement and Feature Selection by Macrogranular Entropy,Z. Zhu; Chucai Zhang; Jianhua Dai,6,12,10.1109/tai.2025.3562839,https://doi.org/10.1109/tai.2025.3562839,article,IEEE Transactions on Artificial Intelligence,https://openalex.org/W4409640726
IEEE Transactions on Artificial Intelligence,IEEE,2025,2025-04-21,Model Selection of Anomaly Detectors in the Absence of Labeled Validation Data,Clement Fung; Chen Qiu; Aodong Li; Maja Rudolph,6,12,10.1109/tai.2025.3562505,https://doi.org/10.1109/tai.2025.3562505,article,IEEE Transactions on Artificial Intelligence,https://openalex.org/W4409640729
IEEE Transactions on Artificial Intelligence,IEEE,2025,2025-04-21,Online Multilabel Streaming Feature Selection With Missing Features by Dual-Space Consistency Information Measurement,Jianhua Dai; Jie Wang,7,2,10.1109/tai.2025.3563139,https://doi.org/10.1109/tai.2025.3563139,article,IEEE Transactions on Artificial Intelligence,https://openalex.org/W4409640698
IEEE Transactions on Artificial Intelligence,IEEE,2025,2025-04-22,Is Perceptual Encryption Secure? A Security Benchmark for Perceptual Encryption Methods,Umesh Kashyap; Sudev Kumar Padhi; Sk. Subidh Ali,6,12,10.1109/tai.2025.3563438,https://doi.org/10.1109/tai.2025.3563438,article,IEEE Transactions on Artificial Intelligence,https://openalex.org/W4409683795
IEEE Transactions on Artificial Intelligence,IEEE,2025,2025-04-23,Efficient Transformer Inference Through Hybrid Dynamic Pruning,Ghadeer A. Jaradat; Mohammed F. Tolba; Ghada H. Alsuhli; Hani H. Saleh; Mahmoud Al‐Qutayri; Thanos Stouraitis,6,12,10.1109/tai.2025.3563144,https://doi.org/10.1109/tai.2025.3563144,article,IEEE Transactions on Artificial Intelligence,https://openalex.org/W4409723502
IEEE Transactions on Artificial Intelligence,IEEE,2025,2025-04-24,Dynamics Analysis and Control of Memristor-Based Hopfield Neural Networks Under Electromagnetic Radiation,Mingxin Wang; Song Zhu; Weiwei Luo; Zhen Zhang; Chaoxu Mu,7,4,10.1109/tai.2025.3562833,https://doi.org/10.1109/tai.2025.3562833,article,IEEE Transactions on Artificial Intelligence,https://openalex.org/W4409762256
IEEE Transactions on Artificial Intelligence,IEEE,2025,2025-04-24,"Location, Neighborhood, and Semantic Guidance Network for RGB-D Co-Salient Object Detection",Wujie Zhou; Bingying Wang; Xiena Dong; Caie Xu; Fangfang Qiang,6,12,10.1109/tai.2025.3564238,https://doi.org/10.1109/tai.2025.3564238,article,IEEE Transactions on Artificial Intelligence,https://openalex.org/W4409761046
IEEE Transactions on Artificial Intelligence,IEEE,2025,2025-04-24,Multimodal Biometric Recognition System Based on Feature-Level Fusion of Dorsal Finger Crease and Finger Knuckle Print,Imran Riaz; Ahmad Nazri Ali; Haidi Ibrahim; Ilyas Ahmad Huqqani,7,4,10.1109/tai.2025.3563315,https://doi.org/10.1109/tai.2025.3563315,article,IEEE Transactions on Artificial Intelligence,https://openalex.org/W4409761053
IEEE Transactions on Artificial Intelligence,IEEE,2025,2025-04-25,ECG_DEEPNet: A Novel Approach for Delineation and Classification of Electrocardiogram Signal Based on Ensemble Deep-Learning,Neenu Sharma; Deepak Joshi,6,12,10.1109/tai.2025.3564603,https://doi.org/10.1109/tai.2025.3564603,article,IEEE Transactions on Artificial Intelligence,https://openalex.org/W4409796754
IEEE Transactions on Artificial Intelligence,IEEE,2025,2025-04-25,Empirical Evaluation of Public HateSpeech Datasets,Sardar Jaf; Basel Barakat,6,11,10.1109/tai.2025.3564605,https://doi.org/10.1109/tai.2025.3564605,article,IEEE Transactions on Artificial Intelligence,https://openalex.org/W4409795599
IEEE Transactions on Artificial Intelligence,IEEE,2025,2025-04-25,RSMBSP-DON: RNA-Small Molecule Binding Sites Prediction by Dual-Path Feature Extraction and One-Dimensional Multiscale Feature Fusion Network,Xiao Yang; Zhan-Li Sun; Mengya Liu; Zhigang Zeng; Kin‐Man Lam; Xin Wang,6,12,10.1109/tai.2025.3564243,https://doi.org/10.1109/tai.2025.3564243,article,IEEE Transactions on Artificial Intelligence,https://openalex.org/W4409796760
IEEE Transactions on Artificial Intelligence,IEEE,2025,2025-04-28,A Dual Perspective of Reinforcement Learning for Imposing Policy Constraints,Bram De Cooman; Johan A. K. Suykens,7,4,10.1109/tai.2025.3564898,https://doi.org/10.1109/tai.2025.3564898,article,IEEE Transactions on Artificial Intelligence,https://openalex.org/W4409882659
IEEE Transactions on Artificial Intelligence,IEEE,2025,2025-04-28,A Multitropical Cyclone Trajectory Prediction Method Based on Density Maps With Memory and Data Fusion,Dongfang Ma; Zhaoyang Ma; Cheng-Ying Wu; Jianmin Lin,6,12,10.1109/tai.2025.3564911,https://doi.org/10.1109/tai.2025.3564911,article,IEEE Transactions on Artificial Intelligence,https://openalex.org/W4409882682
IEEE Transactions on Artificial Intelligence,IEEE,2025,2025-04-28,Adaptive Head Pruning for Attention Mechanism in the Maritime Domain,Walid Messaoud; Rim Trabelsi; Adnane Cabani; Fatma Abdelkefi,6,11,10.1109/tai.2025.3558724,https://doi.org/10.1109/tai.2025.3558724,article,IEEE Transactions on Artificial Intelligence,https://openalex.org/W4409882930
IEEE Transactions on Artificial Intelligence,IEEE,2025,2025-04-28,Prescribed Performance Resilient Motion Coordination With Actor–Critic Reinforcement Learning Design for UAV-USV Systems,Jawhar Ghommam; Maarouf Saad; Mohammad Habibur Rahman; Quanmin Zhu,6,12,10.1109/tai.2025.3564900,https://doi.org/10.1109/tai.2025.3564900,article,IEEE Transactions on Artificial Intelligence,https://openalex.org/W4409882931
IEEE Transactions on Artificial Intelligence,IEEE,2025,2025-04-28,ProLLaMA: A Protein Large Language Model for Multitask Protein Language Processing,Liuzhenghao Lv; Zongying Lin; Hao Li; Yuyang Liu; Jiaxi Cui; Calvin Yu‐Chian Chen; Li Yuan; Yonghong Tian,7,2,10.1109/tai.2025.3564914,https://doi.org/10.1109/tai.2025.3564914,article,IEEE Transactions on Artificial Intelligence,https://openalex.org/W4409882638
IEEE Transactions on Artificial Intelligence,IEEE,2025,2025-04-28,Quantization-Based 3D-CNNs Through Circular Gradual Unfreezing for DeepFake Detection,Emmanuel G. Pintelas; Ioannis E. Livieris; Panagiotis Pintelas,6,12,10.1109/tai.2025.3564903,https://doi.org/10.1109/tai.2025.3564903,article,IEEE Transactions on Artificial Intelligence,https://openalex.org/W4409882660
IEEE Transactions on Artificial Intelligence,IEEE,2025,2025-04-28,Subnetwork Knowledge Injection and Transferable Parameter Updating Strategy for Continual Learning of Vision-and-Language Tasks,Jiong Wang; Qing Zhang; Jie Liu; Kaifeng Nie; Ze Zhang; Linqi Song; Yinqiao Li,7,2,10.1109/tai.2025.3564915,https://doi.org/10.1109/tai.2025.3564915,article,IEEE Transactions on Artificial Intelligence,https://openalex.org/W4409882662
IEEE Transactions on Artificial Intelligence,IEEE,2025,2025-04-29,EncryptFlow: Efficient and Lossless Image Encryption Network Based on Normalizing Flows,Menglin Yang; Dong Xie; Guiting Zhang; Fulong Chen; Taochun Wang; Peng Hu,6,12,10.1109/tai.2025.3565483,https://doi.org/10.1109/tai.2025.3565483,article,IEEE Transactions on Artificial Intelligence,https://openalex.org/W4409916909
IEEE Transactions on Artificial Intelligence,IEEE,2025,2025-04-29,Enhancing Facial Expression Recognition With AI Agents: A Semisupervised Guided Adaptive $\beta$-VAE Coupled With Interval Type-2 Fuzzy Classifier,Mohd Aquib; Nishchal Kumar Verma; M. Jaleel Akhtar,6,11,10.1109/tai.2025.3565225,https://doi.org/10.1109/tai.2025.3565225,article,IEEE Transactions on Artificial Intelligence,https://openalex.org/W4409916894
IEEE Transactions on Artificial Intelligence,IEEE,2025,2025-04-30,CoT-Drive: Efficient Motion Forecasting for Autonomous Driving With LLMs and Chain-of-Thought Prompting,Haicheng Liao; Hanlin Kong; Bonan Wang; Chengyue Wang; Kanye Ye Wang; Zhengbing He; Chengzhong Xu; Zhenning Li,7,2,10.1109/tai.2025.3564594,https://doi.org/10.1109/tai.2025.3564594,article,IEEE Transactions on Artificial Intelligence,https://openalex.org/W4409985349
IEEE Transactions on Artificial Intelligence,IEEE,2025,2025-04-30,DrugMAP: Deep Multimodal Transformers for Drug-Target Mechanism of Action Prediction,Rangan Das; Swadesh Jana; Anannyo Dey; Pascal Le Corre; Marc Cuggia; Ujjwal Maulik; Sanghamitra Bandyopadhyay,6,11,10.1109/tai.2025.3565671,https://doi.org/10.1109/tai.2025.3565671,article,IEEE Transactions on Artificial Intelligence,https://openalex.org/W4409985575
IEEE Transactions on Artificial Intelligence,IEEE,2025,2025-04-30,Front Cover,,6,5,10.1109/tai.2025.3557989,https://doi.org/10.1109/tai.2025.3557989,paratext,IEEE Transactions on Artificial Intelligence,https://openalex.org/W4409985337
IEEE Transactions on Artificial Intelligence,IEEE,2025,2025-04-30,IEEE Transactions on Artificial Intelligence Publication Information,,6,5,10.1109/tai.2025.3557987,https://doi.org/10.1109/tai.2025.3557987,paratext,IEEE Transactions on Artificial Intelligence,https://openalex.org/W4409985588
IEEE Transactions on Artificial Intelligence,IEEE,2025,2025-04-30,Table of Contents,,6,5,10.1109/tai.2025.3557991,https://doi.org/10.1109/tai.2025.3557991,paratext,IEEE Transactions on Artificial Intelligence,https://openalex.org/W4409985162
IEEE Transactions on Artificial Intelligence,IEEE,2025,2025-05-01,$n$-LIPO: Framework for Diverse Cooperative Agent Generation Using Policy Compatibility,Rujikorn Charakorn; Poramate Manoonpong; Nat Dilokthanakul,6,11,10.1109/tai.2025.3566067,https://doi.org/10.1109/tai.2025.3566067,article,IEEE Transactions on Artificial Intelligence,https://openalex.org/W4409991180
IEEE Transactions on Artificial Intelligence,IEEE,2025,2025-05-05,"Generative Agents in Agent-Based Modeling: Overview, Validation, and Emerging Challenges",Carlo Adornetto; Adrian Mora; Kai Hu; Leticia Izquierdo Garcia; Parfait Atchade-Adelomou; Gianluigi Greco; Luis Alberto Alonso Pastor; Kent Larson,6,12,10.1109/tai.2025.3566362,https://doi.org/10.1109/tai.2025.3566362,article,IEEE Transactions on Artificial Intelligence,https://openalex.org/W4410086782
IEEE Transactions on Artificial Intelligence,IEEE,2025,2025-05-05,K-Nearest Neighbor Algorithm Based on the Framework of Ordered Pair of Normalized Real Numbers,Yi Zheng; X. X. Ding; Xiang Zhao; Xiaoqin Pan; Lei Zhou,6,11,10.1109/tai.2025.3566925,https://doi.org/10.1109/tai.2025.3566925,article,IEEE Transactions on Artificial Intelligence,https://openalex.org/W4410086364
IEEE Transactions on Artificial Intelligence,IEEE,2025,2025-05-05,Learn to Learn: A Mirror Meta-Learning Method for Retinal Disease Diagnosis on Fundus Images,Haoran Peng; Jianqiang Li; Wenxiu Cheng; Linna Zhao; Yu Guan; Zhao-Sheng Li; Li Li; Xi Xu,6,12,10.1109/tai.2025.3566082,https://doi.org/10.1109/tai.2025.3566082,article,IEEE Transactions on Artificial Intelligence,https://openalex.org/W4410086591
IEEE Transactions on Artificial Intelligence,IEEE,2025,2025-05-05,Lightweight Dynamic Convolutional Network for Crowd Counting Based on Curriculum Reinforcement Learning,Yange Li; Fan Yu; Qun Chen,6,11,10.1109/tai.2025.3566923,https://doi.org/10.1109/tai.2025.3566923,article,IEEE Transactions on Artificial Intelligence,https://openalex.org/W4410086630
IEEE Transactions on Artificial Intelligence,IEEE,2025,2025-05-05,Production Disentanglement and Exogenous Analysis Transformer for Petroleum Production Prediction,Chang Ji; Yu Kang; Wenjun Lv,6,12,10.1109/tai.2025.3566927,https://doi.org/10.1109/tai.2025.3566927,article,IEEE Transactions on Artificial Intelligence,https://openalex.org/W4410086394
IEEE Transactions on Artificial Intelligence,IEEE,2025,2025-05-05,TrumorGPT: Graph-Based Retrieval-Augmented Large Language Model for Fact-Checking,Ching Nam Hang; Pei-Duo Yu; Chee Wei Tan,6,11,10.1109/tai.2025.3567369,https://doi.org/10.1109/tai.2025.3567369,article,IEEE Transactions on Artificial Intelligence,https://openalex.org/W4410086438
IEEE Transactions on Artificial Intelligence,IEEE,2025,2025-05-06,Cooperative Resilience in Artificial Intelligence Multiagent Systems,Manuela Chacon-Chamorro; Luis Felipe Giraldo; Nicanor Quijano; Vicente Vargas-Panesso; César González; Juan Sebastián Pinzón; Rubén Manrique; Manuel Ríos; Yesid Fonseca; Daniel Fernando Gómez-Barrera; Mónica Tatiana Perdomo Pérez,6,12,10.1109/tai.2025.3567371,https://doi.org/10.1109/tai.2025.3567371,article,IEEE Transactions on Artificial Intelligence,https://openalex.org/W4410114620
IEEE Transactions on Artificial Intelligence,IEEE,2025,2025-05-07,A Hierarchical Deep Reinforcement Learning Strategy for Collective Pursuit-Evasion Game With Partial Observations,Xiaoxiao Wang; Peng Yi; Yiguang Hong,7,1,10.1109/tai.2025.3566069,https://doi.org/10.1109/tai.2025.3566069,article,IEEE Transactions on Artificial Intelligence,https://openalex.org/W4410152954
IEEE Transactions on Artificial Intelligence,IEEE,2025,2025-05-07,Towards Efficient Multi-UAV Air Combat: An Intention Inference and Sparse Transmission Based Multiagent Reinforcement Learning Algorithm,Jinchao Han; Yan Yan; Baoxian Zhang,6,12,10.1109/tai.2025.3567431,https://doi.org/10.1109/tai.2025.3567431,article,IEEE Transactions on Artificial Intelligence,https://openalex.org/W4410152866
IEEE Transactions on Artificial Intelligence,IEEE,2025,2025-05-08,CORT: Class-Oriented Real-Time Tracking for Embedded Systems,Edoardo Cittadini; Alessandro De Siena; Giorgio Buttazzo,7,1,10.1109/tai.2025.3567889,https://doi.org/10.1109/tai.2025.3567889,article,IEEE Transactions on Artificial Intelligence,https://openalex.org/W4410203966
IEEE Transactions on Artificial Intelligence,IEEE,2025,2025-05-08,Mitigating Bias in Opportunistic Screening for MACE With Causal Reasoning,Jordi Sabater i Pi; Juan Farina; Chieh-Ju Chao; Chadi Ayoub; Reza Arsanjani; Imon Banerjee,7,1,10.1109/tai.2025.3567961,https://doi.org/10.1109/tai.2025.3567961,article,IEEE Transactions on Artificial Intelligence,https://openalex.org/W4410203957
IEEE Transactions on Artificial Intelligence,IEEE,2025,2025-05-08,Video-Based Human-Posture Monitoring From RGB-D Cameras,Pavana Pradeep Kumar; Krishna Kant; Francesco Di Rienzo; Carlo Vallati,6,12,10.1109/tai.2025.3566926,https://doi.org/10.1109/tai.2025.3566926,article,IEEE Transactions on Artificial Intelligence,https://openalex.org/W4410203977
IEEE Transactions on Artificial Intelligence,IEEE,2025,2025-05-09,A Systematic Review on Quantum Machine Learning Applications in Classification,Ehsan MohammadiSavadkoohi; Niusha Shafiabady; James Vakilian,7,1,10.1109/tai.2025.3567960,https://doi.org/10.1109/tai.2025.3567960,review,IEEE Transactions on Artificial Intelligence,https://openalex.org/W4410226401
IEEE Transactions on Artificial Intelligence,IEEE,2025,2025-05-12,Can LLM-Augmented Autonomous Agents Cooperate? An Evaluation of Their Cooperative Capabilities Through Melting Pot,Manuel Mosquera; Juan Sebastián Pinzón; Yesid Fonseca; Manuel Ríos; Nicanor Quijano; Luis Felipe Giraldo; Rubén Manrique,7,2,10.1109/tai.2025.3569192,https://doi.org/10.1109/tai.2025.3569192,article,IEEE Transactions on Artificial Intelligence,https://openalex.org/W4410294558
IEEE Transactions on Artificial Intelligence,IEEE,2025,2025-05-12,Towards Trustworthy Dialogue Systems With Advanced Out-of-Scope Intent Detection Model,Qing Yin; Zhihua Wang; Liang Bai; Yunya Song; Dong‐Ling Xu; Xian Feng Yang,7,2,10.1109/tai.2025.3567212,https://doi.org/10.1109/tai.2025.3567212,article,IEEE Transactions on Artificial Intelligence,https://openalex.org/W4410294743
IEEE Transactions on Artificial Intelligence,IEEE,2025,2025-05-13,Derivation of Back-Propagation for Graph Convolutional Networks Using Matrix Calculus and Its Application to Explainable Artificial Intelligence,Yen-Che Hsiao; Rongting Yue; Abhishek Dutta,7,1,10.1109/tai.2025.3569519,https://doi.org/10.1109/tai.2025.3569519,article,IEEE Transactions on Artificial Intelligence,https://openalex.org/W4410342782
IEEE Transactions on Artificial Intelligence,IEEE,2025,2025-05-13,Evidential Reasoning Rule Learning,Zhiguo Zhou; Hui Liu,7,1,10.1109/tai.2025.3569495,https://doi.org/10.1109/tai.2025.3569495,article,IEEE Transactions on Artificial Intelligence,https://openalex.org/W4410342731
IEEE Transactions on Artificial Intelligence,IEEE,2025,2025-05-13,Inadequacies of Large Language Model Benchmarks in the Era of Generative Artificial Intelligence,Timothy R. McIntosh; Teo Sušnjak; Nalin Asanka Gamagedara Arachchilage; Tong Liu; Dan Xu; Paul Watters; Malka N. Halgamuge,7,1,10.1109/tai.2025.3569516,https://doi.org/10.1109/tai.2025.3569516,article,IEEE Transactions on Artificial Intelligence,https://openalex.org/W4410342726
IEEE Transactions on Artificial Intelligence,IEEE,2025,2025-05-14,Role-Based One-Hop Neighborhood Representation for Link Sign Prediction in Signed Directed Networks,Zhihong Fang; Shaolin Tan; Qiu Fang; Zhe Li; Qing Zhong Gao,7,1,10.1109/tai.2025.3569787,https://doi.org/10.1109/tai.2025.3569787,article,IEEE Transactions on Artificial Intelligence,https://openalex.org/W4410358465
IEEE Transactions on Artificial Intelligence,IEEE,2025,2025-05-15,Deep3BPP: Identification of Blood–Brain Barrier Penetrating Peptides Using Word Embedding Feature Extraction Method and CNN-LSTM,Md. Ashikur Rahman; Md. Mamun Ali; Kawsar Ahmed; Imran Mahmud; Francis Minhthang Bui; Li Chen; Mohammad Ali Moni,7,1,10.1109/tai.2025.3567434,https://doi.org/10.1109/tai.2025.3567434,article,IEEE Transactions on Artificial Intelligence,https://openalex.org/W4410393925
IEEE Transactions on Artificial Intelligence,IEEE,2025,2025-05-15,Reduction of Class Activation Uncertainty With Background Information,H M Dipu Kabir,7,1,10.1109/tai.2025.3570282,https://doi.org/10.1109/tai.2025.3570282,article,IEEE Transactions on Artificial Intelligence,https://openalex.org/W4410393284
IEEE Transactions on Artificial Intelligence,IEEE,2025,2025-05-16,Leveraging Long-Term Multivariate History Representation for Time Series Forecasting,Huiliang Zhang; Di Wu; Arnaud Zinflou; Stéphane Dellacherie; Mouhamadou Makhtar Dione; Benoît Boulet,7,1,10.1109/tai.2025.3570676,https://doi.org/10.1109/tai.2025.3570676,article,IEEE Transactions on Artificial Intelligence,https://openalex.org/W4410427524
IEEE Transactions on Artificial Intelligence,IEEE,2025,2025-05-16,Ranking Time-Frequency Contrastive Learning for Multivariate Time Series Classification,Jidong Yuan; Lingyin Zhang; Weiqiang Jia; Jia Guo; Haiyang Liu; Jinfeng Wang,7,1,10.1109/tai.2025.3570665,https://doi.org/10.1109/tai.2025.3570665,article,IEEE Transactions on Artificial Intelligence,https://openalex.org/W4410427734
IEEE Transactions on Artificial Intelligence,IEEE,2025,2025-05-20,SRLinear: Lightweight Long-Term Time Series Forecasting via Symbolic Regression,Hongbo Zhao; Hengzhe Zhang; Chutian Tian; Zhi Wei; Aimin Zhou,7,1,10.1109/tai.2025.3571377,https://doi.org/10.1109/tai.2025.3571377,article,IEEE Transactions on Artificial Intelligence,https://openalex.org/W4410536524
IEEE Transactions on Artificial Intelligence,IEEE,2025,2025-05-20,Spatio-Temporal Mamba Dynamic Graph Convolutional Recurrent Network for Traffic Prediction,Xiaoyan Zhang; Yongqin Zhang; Xiangfu Meng,7,1,10.1109/tai.2025.3571378,https://doi.org/10.1109/tai.2025.3571378,article,IEEE Transactions on Artificial Intelligence,https://openalex.org/W4410536391
IEEE Transactions on Artificial Intelligence,IEEE,2025,2025-05-21,"An Inversion-Free Fuzzy Zeroing Neural Network Under Adaptive Input Range Fuzzy Scheme: Design, Analysis, and Application",Lin Xiao; Dan Wang; Qiuyue Zuo; Haibing Fan; Hang Cai,7,1,10.1109/tai.2025.3570287,https://doi.org/10.1109/tai.2025.3570287,article,IEEE Transactions on Artificial Intelligence,https://openalex.org/W4410584519
IEEE Transactions on Artificial Intelligence,IEEE,2025,2025-05-21,Robust Peer-to-Peer Federated Learning With Deep Reinforcement Learning Based Client Selection Against Data Poisoning Attacks,Keyvan Kazemi; Mohammad Hossein Badiei; Hamed Kebriaei,7,1,10.1109/tai.2025.3571872,https://doi.org/10.1109/tai.2025.3571872,article,IEEE Transactions on Artificial Intelligence,https://openalex.org/W4410582998
IEEE Transactions on Artificial Intelligence,IEEE,2025,2025-05-21,TransHD: Spatial Transformer Features Extraction for HDC Synergetic Learning,Eman Hassan; Meriem Bettayeb; Yasmin Halawani; Paul R. Genßler; Huruy Tesfai; Yahya Zweiri; Hussam Amrouch; Leontios J. Hadjileontiadis; Hani H. Saleh; Baker S. Mohammad,7,1,10.1109/tai.2025.3570283,https://doi.org/10.1109/tai.2025.3570283,article,IEEE Transactions on Artificial Intelligence,https://openalex.org/W4410582721
IEEE Transactions on Artificial Intelligence,IEEE,2025,2025-05-21,Unsupervised Domain Adaptation With Source Data for Estimating Occupancy and Recognizing Activities in Smart Buildings,Jawher Dridi; Manar Amayri; Nizar Bouguila,7,1,10.1109/tai.2025.3569517,https://doi.org/10.1109/tai.2025.3569517,article,IEEE Transactions on Artificial Intelligence,https://openalex.org/W4410582155
IEEE Transactions on Artificial Intelligence,IEEE,2025,2025-05-23,A Review: Recent Advancements in Online Private Mode Multiobject Tracking,Shavantrevva Bilakeri; Karunakar A. Kotegar,7,1,10.1109/tai.2025.3572854,https://doi.org/10.1109/tai.2025.3572854,article,IEEE Transactions on Artificial Intelligence,https://openalex.org/W4410638960
IEEE Transactions on Artificial Intelligence,IEEE,2025,2025-05-23,Minimal Neuron Circuits—Part II: Integrators,Amr Nabil; T. Nandha Kumar; Haider A. F. Almurib,7,1,10.1109/tai.2025.3572844,https://doi.org/10.1109/tai.2025.3572844,article,IEEE Transactions on Artificial Intelligence,https://openalex.org/W4410638789
IEEE Transactions on Artificial Intelligence,IEEE,2025,2025-05-23,QSVM-QNN: Quantum Support Vector Machine Based Quantum Neural Network Learning Algorithm for Brain–Computer Interfacing Systems,Bikash K. Behera; Saif Al‐Kuwari; Ahmed Farouk,7,1,10.1109/tai.2025.3572852,https://doi.org/10.1109/tai.2025.3572852,article,IEEE Transactions on Artificial Intelligence,https://openalex.org/W4410638819
IEEE Transactions on Artificial Intelligence,IEEE,2025,2025-05-23,TRACE: Unlocking the Potential of LLMs in Time Series Forecasting for Distributed Energy Resources,Yuxuan Chen; Haipeng Xie,7,2,10.1109/tai.2025.3572853,https://doi.org/10.1109/tai.2025.3572853,article,IEEE Transactions on Artificial Intelligence,https://openalex.org/W4410640012
IEEE Transactions on Artificial Intelligence,IEEE,2025,2025-05-23,Unveiling the Convergence Dynamics of a Graph Recommender System,Adrien Njanko; Danda B. Rawat,7,1,10.1109/tai.2025.3572462,https://doi.org/10.1109/tai.2025.3572462,article,IEEE Transactions on Artificial Intelligence,https://openalex.org/W4410638866
IEEE Transactions on Artificial Intelligence,IEEE,2025,2025-05-26,Boosting Time-Series Domain Adaptation via A Time-Frequency Consensus Framework,Wenmian Yang; Mohamed Ibrahim Ragab; Min Wu; Sinno Jialin Pan; Guosheng Lin; Weijia Jia; Zhenghua Chen,7,1,10.1109/tai.2025.3571869,https://doi.org/10.1109/tai.2025.3571869,article,IEEE Transactions on Artificial Intelligence,https://openalex.org/W4410737517
IEEE Transactions on Artificial Intelligence,IEEE,2025,2025-05-26,Implementation of FPGA-Based Neural Network Controller for Reducing Speed Ripple for a PMSM-Driven EV Using MRAS Speed Estimator,Sanjay Kumar Kakodia; Giribabu Dyanamina,7,2,10.1109/tai.2025.3571702,https://doi.org/10.1109/tai.2025.3571702,article,IEEE Transactions on Artificial Intelligence,https://openalex.org/W4410737658
IEEE Transactions on Artificial Intelligence,IEEE,2025,2025-05-26,Leveraging Rationality Labels for Explainable Claim Check-Worthiness,Megha Sundriyal; Md Shad Akhtar; Tanmoy Chakraborty,7,1,10.1109/tai.2025.3571707,https://doi.org/10.1109/tai.2025.3571707,article,IEEE Transactions on Artificial Intelligence,https://openalex.org/W4410737510
IEEE Transactions on Artificial Intelligence,IEEE,2025,2025-05-26,Modeling Deep Unfolded Quantum Machine Learning Framework,Shanika Nanayakkara; Shiva Raj Pokhrel,7,1,10.1109/tai.2025.3573303,https://doi.org/10.1109/tai.2025.3573303,article,IEEE Transactions on Artificial Intelligence,https://openalex.org/W4410737657
IEEE Transactions on Artificial Intelligence,IEEE,2025,2025-05-26,Nuclei Segmentation Using Multiheaded U-Net and Shearlet-Based Unsharp Masking,Shivam Mishra; Amit Vishwakarma; Anil Kumar,7,1,10.1109/tai.2025.3572849,https://doi.org/10.1109/tai.2025.3572849,article,IEEE Transactions on Artificial Intelligence,https://openalex.org/W4410737674
IEEE Transactions on Artificial Intelligence,IEEE,2025,2025-05-27,COSMIC: A Novel Contextualized Orientation Similarity Metric Incorporating Consistency for NLG Assessment,Hadi Al Khansa; Mariette Awad,7,1,10.1109/tai.2025.3574292,https://doi.org/10.1109/tai.2025.3574292,article,IEEE Transactions on Artificial Intelligence,https://openalex.org/W4410771892
IEEE Transactions on Artificial Intelligence,IEEE,2025,2025-05-27,"IT2-ENFIS: Interval Type-2 Exclusionary Neuro-Fuzzy Inference System, an Attempt Toward Trustworthy Regression Learning",Chuan Xue; Jianli Gao; Zhou Gu,7,1,10.1109/tai.2025.3574299,https://doi.org/10.1109/tai.2025.3574299,article,IEEE Transactions on Artificial Intelligence,https://openalex.org/W4410771515
IEEE Transactions on Artificial Intelligence,IEEE,2025,2025-05-28,A Survey on Deep Learning-Based Chinese Font Style Transfer,Zheyong Ren; Yuhan Pan; Jieyan Chen; Lin Zhao; Ming Liao; Xuecheng Qian; Wei Gong,7,1,10.1109/tai.2025.3574300,https://doi.org/10.1109/tai.2025.3574300,article,IEEE Transactions on Artificial Intelligence,https://openalex.org/W4410808429
IEEE Transactions on Artificial Intelligence,IEEE,2025,2025-05-29,A Novel Multiscale Dynamic Graph Convolutional Network for Traffic Data Cognition,Jiyao An; Zhaohui Pu; Qingqin Liu; Lei Zhang; Md Sohel Rana,7,1,10.1109/tai.2025.3574655,https://doi.org/10.1109/tai.2025.3574655,article,IEEE Transactions on Artificial Intelligence,https://openalex.org/W4410852044
IEEE Transactions on Artificial Intelligence,IEEE,2025,2025-05-30,Boosting 3-D Point Cloud Registration by Orthogonal Self-Ensemble Learning,Mingzhi Yuan; Ao Shen; Yingfan Ma; Jie Du; Qiao Huang; Manning Wang,7,1,10.1109/tai.2025.3575036,https://doi.org/10.1109/tai.2025.3575036,article,IEEE Transactions on Artificial Intelligence,https://openalex.org/W4410886729
IEEE Transactions on Artificial Intelligence,IEEE,2025,2025-05-30,MALADY: Multiclass Active Learning With Auction Dynamics on Graphs,Gokul Bhusal; Kevin Miller; Ekaterina Merkurjev,7,1,10.1109/tai.2025.3575038,https://doi.org/10.1109/tai.2025.3575038,article,IEEE Transactions on Artificial Intelligence,https://openalex.org/W4410886702
IEEE Transactions on Artificial Intelligence,IEEE,2025,2025-06-01,Front Cover,,6,6,10.1109/tai.2025.3569054,https://doi.org/10.1109/tai.2025.3569054,paratext,IEEE Transactions on Artificial Intelligence,https://openalex.org/W4410949546
IEEE Transactions on Artificial Intelligence,IEEE,2025,2025-06-01,IEEE Transactions on Artificial Intelligence Publication Information,,6,6,10.1109/tai.2025.3569136,https://doi.org/10.1109/tai.2025.3569136,paratext,IEEE Transactions on Artificial Intelligence,https://openalex.org/W4410949463
IEEE Transactions on Artificial Intelligence,IEEE,2025,2025-06-01,Table of Contents,,6,6,10.1109/tai.2025.3569138,https://doi.org/10.1109/tai.2025.3569138,paratext,IEEE Transactions on Artificial Intelligence,https://openalex.org/W4410949469
IEEE Transactions on Artificial Intelligence,IEEE,2025,2025-06-03,Distributed Generative Model: A Data Synthesizing Framework for Multisource Heterogeneous Data,Zuobin Xiong; Wei Li; Yingshu Li; Zhipeng Cai,7,1,10.1109/tai.2025.3575548,https://doi.org/10.1109/tai.2025.3575548,article,IEEE Transactions on Artificial Intelligence,https://openalex.org/W4410985775
IEEE Transactions on Artificial Intelligence,IEEE,2025,2025-06-03,ICQ-TransE: LLM-Enhanced Image-Caption-Question Translating Embeddings for Knowledge-Based Visual Question Answering,Heng Liu; Boyue Wang; Xiaoyan Li; Yanfeng Sun; Yongli Hu; Baocai Yin,7,1,10.1109/tai.2025.3575553,https://doi.org/10.1109/tai.2025.3575553,article,IEEE Transactions on Artificial Intelligence,https://openalex.org/W4410986034
IEEE Transactions on Artificial Intelligence,IEEE,2025,2025-06-03,Large Linguistic Models: Investigating LLMs’ Metalinguistic Abilities,Gašper Beguš; Maksymilian Michał Dąbkowski; Ryan E. Rhodes,6,12,10.1109/tai.2025.3575745,https://doi.org/10.1109/tai.2025.3575745,article,IEEE Transactions on Artificial Intelligence,https://openalex.org/W4410985640
IEEE Transactions on Artificial Intelligence,IEEE,2025,2025-06-04,Causal Disentanglement for Tackling Popularity Bias in Sequential Recommendation,An-An Liu; Yadong Zhao; Xin Wen; Rihao Chang; Weizhi Nie,7,1,10.1109/tai.2025.3575554,https://doi.org/10.1109/tai.2025.3575554,article,IEEE Transactions on Artificial Intelligence,https://openalex.org/W4411019460
IEEE Transactions on Artificial Intelligence,IEEE,2025,2025-06-04,FG-KD: A Novel Forward Gradient-Based Framework for Teacher Knowledge Augmentation,Yang Yang; Chao Wang; Lei Gong; Min Wu; Zhenghua Chen; Xuehai Zhou,7,1,10.1109/tai.2025.3576087,https://doi.org/10.1109/tai.2025.3576087,article,IEEE Transactions on Artificial Intelligence,https://openalex.org/W4411019262
IEEE Transactions on Artificial Intelligence,IEEE,2025,2025-06-04,Soft Parameter Sharing Model for Cross-Problem Generalization in Vehicle Routing Problems,Yang Wang; Ya-Hui Jia; Wei–Neng Chen; Yi Mei,7,1,10.1109/tai.2025.3576336,https://doi.org/10.1109/tai.2025.3576336,article,IEEE Transactions on Artificial Intelligence,https://openalex.org/W4411019357
IEEE Transactions on Artificial Intelligence,IEEE,2025,2025-06-04,pFedBL: Federated Bayesian Learning With Personalized Prior,Xinhui Yu; Arvin Tashakori; Liang Zou; Z. Jane Wang,7,1,10.1109/tai.2025.3576201,https://doi.org/10.1109/tai.2025.3576201,article,IEEE Transactions on Artificial Intelligence,https://openalex.org/W4411019390
IEEE Transactions on Artificial Intelligence,IEEE,2025,2025-06-06,Contrastive Learning Based Collaborative Modeling of Heterogeneous Data for Few-Shot Fault Diagnosis,Kai Zhong; Hengchang Zhu; Xiaoming Zhang; Darong Huang; Min Han,7,1,10.1109/tai.2025.3577119,https://doi.org/10.1109/tai.2025.3577119,article,IEEE Transactions on Artificial Intelligence,https://openalex.org/W4411086347
IEEE Transactions on Artificial Intelligence,IEEE,2025,2025-06-06,Deep Variational Autoencoder-Based Parameter Learning of Bayesian Network With Multiple Latent Variables,Xinran Wu; Kun Yue; Liang Duan; Hongbo Xie; Huashuai Liu,7,1,10.1109/tai.2025.3577601,https://doi.org/10.1109/tai.2025.3577601,article,IEEE Transactions on Artificial Intelligence,https://openalex.org/W4411086237
IEEE Transactions on Artificial Intelligence,IEEE,2025,2025-06-10,DIFF-FECG: A Conditional Diffusion-Based Method for Fetal ECG Extraction From Abdominal ECG,Zhenqin Chen; Yiwei Lin; Qiong Luo; Jinshan Xu,7,1,10.1109/tai.2025.3578007,https://doi.org/10.1109/tai.2025.3578007,article,IEEE Transactions on Artificial Intelligence,https://openalex.org/W4411171643
IEEE Transactions on Artificial Intelligence,IEEE,2025,2025-06-10,Deep Mixture Weibull: An Explainable AI Approach for Survival Analysis With Principle Hidden Competing Risks,Jiaxiang Cheng; Guoqiang Hu; Yap‐Peng Tan,7,2,10.1109/tai.2025.3578302,https://doi.org/10.1109/tai.2025.3578302,article,IEEE Transactions on Artificial Intelligence,https://openalex.org/W4411171622
IEEE Transactions on Artificial Intelligence,IEEE,2025,2025-06-10,Event-Triggered Quantization-Based Predefined-Time Adaptive Fuzzy Control for Quadrotor Trajectory Tracking,Zhimin Zhou; Lin Hui Zhao,7,1,10.1109/tai.2025.3578011,https://doi.org/10.1109/tai.2025.3578011,article,IEEE Transactions on Artificial Intelligence,https://openalex.org/W4411171603
IEEE Transactions on Artificial Intelligence,IEEE,2025,2025-06-10,Successive Halving Based Online Ensemble Selection for Concept-Drift Adaptation,Jobin Wilson; Santanu Chaudhury; Brejesh Lall,7,1,10.1109/tai.2025.3578305,https://doi.org/10.1109/tai.2025.3578305,article,IEEE Transactions on Artificial Intelligence,https://openalex.org/W4411171634
IEEE Transactions on Artificial Intelligence,IEEE,2025,2025-06-10,Toward Robust Nonlinear Subspace Clustering: A Kernel Learning Approach,Kunpeng Xu; Lifei Chen; Shengrui Wang,7,2,10.1109/tai.2025.3578585,https://doi.org/10.1109/tai.2025.3578585,article,IEEE Transactions on Artificial Intelligence,https://openalex.org/W4411171623
IEEE Transactions on Artificial Intelligence,IEEE,2025,2025-06-10,Using Adversarial Training to Improve Uncertainty Quantification,Kuan Huang; Meng Xu; Yingfeng Wang,7,1,10.1109/tai.2025.3578004,https://doi.org/10.1109/tai.2025.3578004,article,IEEE Transactions on Artificial Intelligence,https://openalex.org/W4411171600
IEEE Transactions on Artificial Intelligence,IEEE,2025,2025-06-12,Exploring Topic Trends in COVID-19 Research Literature Using Nonnegative Matrix Factorization,Divya J. Patel; Vansh Parikh; Om U. Patel; Agam Shah; Bhaskar Narayan Chaudhury,7,1,10.1109/tai.2025.3579459,https://doi.org/10.1109/tai.2025.3579459,article,IEEE Transactions on Artificial Intelligence,https://openalex.org/W4411232184
IEEE Transactions on Artificial Intelligence,IEEE,2025,2025-06-12,NeuroCrypt: A Neuro Symbolic AI Ecosystem for Advanced Cryptographic Data Security and Transmission,Tanish Singh Rajpal; Akshit Naithani,7,1,10.1109/tai.2025.3577605,https://doi.org/10.1109/tai.2025.3577605,article,IEEE Transactions on Artificial Intelligence,https://openalex.org/W4411232150
IEEE Transactions on Artificial Intelligence,IEEE,2025,2025-06-13,"Irony Detection, Reasoning, and Understanding in Zero-Shot Learning",Peiling Yi; Yuhan Xia; Yunfei Long,7,2,10.1109/tai.2025.3579452,https://doi.org/10.1109/tai.2025.3579452,article,IEEE Transactions on Artificial Intelligence,https://openalex.org/W4411270816
IEEE Transactions on Artificial Intelligence,IEEE,2025,2025-06-17,Illumination Aware Multiscale Attention Fusion Model for Underwater Image Enhancement,Ashutosh Chauhan; Dakshi Goel; Meghna Kapoor; Badri Narayan Subudhi; Vinit Jakhetiya,7,2,10.1109/tai.2025.3580381,https://doi.org/10.1109/tai.2025.3580381,article,IEEE Transactions on Artificial Intelligence,https://openalex.org/W4411358612
IEEE Transactions on Artificial Intelligence,IEEE,2025,2025-06-19,Latent Variable Modeling for Controllable and Diverse Generation From Large Language Models,Jianfei Zhang; Bei Li; Zhuofan Chen; Chang Liu; Chen Li; Chenghua Lin; Wenge Rong,7,2,10.1109/tai.2025.3581507,https://doi.org/10.1109/tai.2025.3581507,article,IEEE Transactions on Artificial Intelligence,https://openalex.org/W4411446012
IEEE Transactions on Artificial Intelligence,IEEE,2025,2025-06-19,Layer-Wise Adaptive Freezing With Spatial Prompt Learning for Efficient Fine-Tuning in Image Classification,Jiahui Wang; Qin Xu; Bo Jiang; Bin Luo,7,2,10.1109/tai.2025.3579458,https://doi.org/10.1109/tai.2025.3579458,article,IEEE Transactions on Artificial Intelligence,https://openalex.org/W4411446313
IEEE Transactions on Artificial Intelligence,IEEE,2025,2025-06-19,Quantasio: A Generalized Neural Framework for Solving 3-D Navier–Stokes Dynamics,Soumick Sarker; Sudipto Chakraborty,7,2,10.1109/tai.2025.3581506,https://doi.org/10.1109/tai.2025.3581506,article,IEEE Transactions on Artificial Intelligence,https://openalex.org/W4411446241
IEEE Transactions on Artificial Intelligence,IEEE,2025,2025-06-23,Exploring Mutual Cross-Modal Attention for Context-Aware Human Affordance Generation,Prasun Roy; Saumik Bhattacharya; Subhankar Ghosh; Umapada Pal; Michael Blumenstein,7,2,10.1109/tai.2025.3581897,https://doi.org/10.1109/tai.2025.3581897,article,IEEE Transactions on Artificial Intelligence,https://openalex.org/W4411551045
IEEE Transactions on Artificial Intelligence,IEEE,2025,2025-06-25,Retraction Notice: Quantum-Assisted Activation for Supervised Learning in Healthcare-Based Intrusion Detection Systems,Nikhil Laxminarayana; Nimish Mishra; Prayag Tiwari; Sahil Garg; Bikash K. Behera; Ahmed Farouk,7,1,10.1109/tai.2025.3582067,https://doi.org/10.1109/tai.2025.3582067,retraction,IEEE Transactions on Artificial Intelligence,https://openalex.org/W4411639781
IEEE Transactions on Artificial Intelligence,IEEE,2025,2025-06-30,An Enhanced Aircraft Fuselage Defect Detection Model With Hybrid Logical-Feature Distillation,Jiusheng Chen; Haoxiang Zha; Runxia Guo; Chao Huang; Jun Wu,7,2,10.1109/tai.2025.3584026,https://doi.org/10.1109/tai.2025.3584026,article,IEEE Transactions on Artificial Intelligence,https://openalex.org/W4411799570
IEEE Transactions on Artificial Intelligence,IEEE,2025,2025-06-30,Efficient Graph Representation With Anchor-Graph Transformer,Ziyan Zhang; Fei Xu; Bo Jiang; Jin Tang,7,2,10.1109/tai.2025.3584288,https://doi.org/10.1109/tai.2025.3584288,article,IEEE Transactions on Artificial Intelligence,https://openalex.org/W4411799531
IEEE Transactions on Artificial Intelligence,IEEE,2025,2025-06-30,Front Cover,,6,7,10.1109/tai.2025.3577713,https://doi.org/10.1109/tai.2025.3577713,paratext,IEEE Transactions on Artificial Intelligence,https://openalex.org/W4411799624
IEEE Transactions on Artificial Intelligence,IEEE,2025,2025-06-30,Hierarchical Reinforcement Learning for Mapless Moving Target Navigation With Communication Interruption,Zhen Feng; Biao Luo; Hanxiao Li; Xiaodong Xu; Lin Xiao; Yuqian Zhao; Chunhua Yang; Weihua Gui,7,2,10.1109/tai.2025.3584286,https://doi.org/10.1109/tai.2025.3584286,article,IEEE Transactions on Artificial Intelligence,https://openalex.org/W4411799546
IEEE Transactions on Artificial Intelligence,IEEE,2025,2025-06-30,IEEE Transactions on Artificial Intelligence Publication Information,,6,7,10.1109/tai.2025.3577711,https://doi.org/10.1109/tai.2025.3577711,paratext,IEEE Transactions on Artificial Intelligence,https://openalex.org/W4411799538
IEEE Transactions on Artificial Intelligence,IEEE,2025,2025-06-30,Table of Contents,,6,7,10.1109/tai.2025.3577715,https://doi.org/10.1109/tai.2025.3577715,paratext,IEEE Transactions on Artificial Intelligence,https://openalex.org/W4411799631
IEEE Transactions on Artificial Intelligence,IEEE,2025,2025-07-01,Constrained Gaussian Splatting via Implicit TSDF Hash Grid for Dense RGB-D SLAM,Guanghao Li; Qi Chen; Sijia Hu; Yuxiang Yan; Jian Feng Pu,7,2,10.1109/tai.2025.3584900,https://doi.org/10.1109/tai.2025.3584900,article,IEEE Transactions on Artificial Intelligence,https://openalex.org/W4411866789
IEEE Transactions on Artificial Intelligence,IEEE,2025,2025-07-01,Fourier-Driven Lightweight Token Mixing Model for Efficient Time Series Forecasting,J. Jesy Janet Kumari; Arijit Mondal; Jimson Mathew,7,2,10.1109/tai.2025.3584693,https://doi.org/10.1109/tai.2025.3584693,article,IEEE Transactions on Artificial Intelligence,https://openalex.org/W4411866797
IEEE Transactions on Artificial Intelligence,IEEE,2025,2025-07-01,PGR: Pseudograph Regularization for Semisupervised Classification,Cong Hu; Jiangtao Song; Xiao-Jun Wu,7,2,10.1109/tai.2025.3585095,https://doi.org/10.1109/tai.2025.3585095,article,IEEE Transactions on Artificial Intelligence,https://openalex.org/W4411866764
IEEE Transactions on Artificial Intelligence,IEEE,2025,2025-07-01,Practical Group Consensus of T-S Fuzzy Positive Multiagent Systems Using Compensative Control,Junfeng Zhang; Hao Ji; Tarek Raïssi; Haoyue Yang,7,2,10.1109/tai.2025.3584905,https://doi.org/10.1109/tai.2025.3584905,article,IEEE Transactions on Artificial Intelligence,https://openalex.org/W4411866816
IEEE Transactions on Artificial Intelligence,IEEE,2025,2025-07-01,Refined Two-Sided Learning Rate Tuning for Robust Evaluation in Federated Learning,Erich Malan; Valentino Peluso; Andrea Calimera; Enrico Macii,7,2,10.1109/tai.2025.3585090,https://doi.org/10.1109/tai.2025.3585090,article,IEEE Transactions on Artificial Intelligence,https://openalex.org/W4411866782
IEEE Transactions on Artificial Intelligence,IEEE,2025,2025-07-01,Temporal Domain Guided Prediction Network,Song-Po Pan; Jui-Chien Hung; Shih-Chia Huang; Jun-Yun Wu; Da-Wei Jaw,7,2,10.1109/tai.2025.3584867,https://doi.org/10.1109/tai.2025.3584867,article,IEEE Transactions on Artificial Intelligence,https://openalex.org/W4411866784
IEEE Transactions on Artificial Intelligence,IEEE,2025,2025-07-02,Dynamic Obstacle Avoidance Using Path Reshaping on Probabilistic Roadmaps for High-Degree-of-Freedom Robots,Pritam Ojha; Atul Thakur,7,2,10.1109/tai.2025.3584023,https://doi.org/10.1109/tai.2025.3584023,article,IEEE Transactions on Artificial Intelligence,https://openalex.org/W4411948521
IEEE Transactions on Artificial Intelligence,IEEE,2025,2025-07-04,Application of Gaussian Distribution Crayfish Optimization in Adaptive FIR Filter Bank: Four-Channel Uniform and Nonuniform Designs,Himani Daulat; Krishna Chauhan; Tarun Varma,7,2,10.1109/tai.2025.3585868,https://doi.org/10.1109/tai.2025.3585868,article,IEEE Transactions on Artificial Intelligence,https://openalex.org/W4412030429
IEEE Transactions on Artificial Intelligence,IEEE,2025,2025-07-04,SpikeNAS: A Fast Memory-Aware Neural Architecture Search Framework for Spiking Neural Network-Based Embedded AI Systems,Rachmad Vidya Wicaksana Putra; Muhammad Shafique,7,2,10.1109/tai.2025.3586238,https://doi.org/10.1109/tai.2025.3586238,article,IEEE Transactions on Artificial Intelligence,https://openalex.org/W4412021558
IEEE Transactions on Artificial Intelligence,IEEE,2025,2025-07-08,Zero-Parameter Attention Sharing Transformer for Joint Human Activity and Identity Recognition,Shuokang Huang; Po-Yu Chen; Peilin Zhou; Kaihan Li; Julie A. McCann,7,2,10.1109/tai.2025.3586571,https://doi.org/10.1109/tai.2025.3586571,article,IEEE Transactions on Artificial Intelligence,https://openalex.org/W4412375734
IEEE Transactions on Artificial Intelligence,IEEE,2025,2025-07-09,Optimization for Community Detection in Multilayer Networks: A Comprehensive Review and Novel Taxonomy,Randa Boukabene; Fatima Benbouzid-Si Tayeb,7,2,10.1109/tai.2025.3586828,https://doi.org/10.1109/tai.2025.3586828,article,IEEE Transactions on Artificial Intelligence,https://openalex.org/W4412164068
IEEE Transactions on Artificial Intelligence,IEEE,2025,2025-07-18,Machine Learning-Driven Optimization of a Sensor Network for Accurate Pollutant Source Identification,Sidi Mohammed Alaoui; Khalifa Djemal; Ehsan Sedgh Gooya; Amir Ali Feiz; Ayman Al Falou,7,2,10.1109/tai.2025.3590691,https://doi.org/10.1109/tai.2025.3590691,article,IEEE Transactions on Artificial Intelligence,https://openalex.org/W4412871389
IEEE Transactions on Artificial Intelligence,IEEE,2025,2025-07-18,Normalizing Flow-Based Fine-Grained Modeling for Unknown Gesture Rejection in Myoelectric Pattern Recognition,Jingyang Jia; Le Wu; Shengcai Duan; Xun Chen,7,2,10.1109/tai.2025.3590706,https://doi.org/10.1109/tai.2025.3590706,article,IEEE Transactions on Artificial Intelligence,https://openalex.org/W4412973012
IEEE Transactions on Artificial Intelligence,IEEE,2025,2025-07-22,A Hybrid Clinical Knowledge-Driven Transformer for Breast Ultrasound Video Classification,Min Liu; Zhao Yao; Mutian Li; Chenqian Zhao; Jiale Xu; Jinhua Yu,7,2,10.1109/tai.2025.3591580,https://doi.org/10.1109/tai.2025.3591580,article,IEEE Transactions on Artificial Intelligence,https://openalex.org/W4412567365
IEEE Transactions on Artificial Intelligence,IEEE,2025,2025-07-22,CLARITY: A Lightweight Multimodal Transformer for Harmful Content Detection,Gautam Siddharth Kashyap; Niharika Jain; Ebad Shabbir; Harsh Joshi; Usman Naseem; Jiechao Gao,7,2,10.1109/tai.2025.3591585,https://doi.org/10.1109/tai.2025.3591585,article,IEEE Transactions on Artificial Intelligence,https://openalex.org/W4412567581
IEEE Transactions on Artificial Intelligence,IEEE,2025,2025-07-22,Demystifying MuZero Planning: Interpreting the Learned Model,Hung Guei; Yan-Ru Ju; Wei-Yu Chen; Ti-Rong Wu,7,2,10.1109/tai.2025.3591082,https://doi.org/10.1109/tai.2025.3591082,article,IEEE Transactions on Artificial Intelligence,https://openalex.org/W4412567561
IEEE Transactions on Artificial Intelligence,IEEE,2025,2025-07-22,Frequency-Domain Feature Reconstruction Network With Memory Units for Anomaly Detection of Fused Magnesium Furnaces,Qiang Liu; Yuxin Wang; Chao Yang; Jialin An; Yiu‐ming Cheung,7,2,10.1109/tai.2025.3591089,https://doi.org/10.1109/tai.2025.3591089,article,IEEE Transactions on Artificial Intelligence,https://openalex.org/W4412567458
IEEE Transactions on Artificial Intelligence,IEEE,2025,2025-07-22,Knowledge Distillation for an Ensemble of Students From a Pyramid of Teachers With Diverse Perspective,Shilajit Banerjee; Angshuman Paul,7,2,10.1109/tai.2025.3591588,https://doi.org/10.1109/tai.2025.3591588,article,IEEE Transactions on Artificial Intelligence,https://openalex.org/W4412567549
IEEE Transactions on Artificial Intelligence,IEEE,2025,2025-07-22,Multilabel Chest X-Ray Image Classification via Category Disentangled Causal Learning,Qiang Li; Mengdi Liu; Rihao Chang; Weizhi Nie; Shaojin Bai; An-An Liu,7,2,10.1109/tai.2025.3591094,https://doi.org/10.1109/tai.2025.3591094,article,IEEE Transactions on Artificial Intelligence,https://openalex.org/W4412567527
IEEE Transactions on Artificial Intelligence,IEEE,2025,2025-07-24,Balanced Sampling and Reusing Imaginary Data for World Models in Reinforcement Learning,Qianyu Wang; Xuekai Wei; Jielu Yan; Leong Hou U; Huayan Pu; Jun Luo; Weijia Jia; Mingliang Zhou,7,2,10.1109/tai.2025.3592174,https://doi.org/10.1109/tai.2025.3592174,article,IEEE Transactions on Artificial Intelligence,https://openalex.org/W4412623290
IEEE Transactions on Artificial Intelligence,IEEE,2025,2025-07-24,On Expressivity of Height in Neural Networks,Fenglei Fan; Ze-Yu Li; Huan Xiong; Tieyong Zeng,7,3,10.1109/tai.2025.3592162,https://doi.org/10.1109/tai.2025.3592162,article,IEEE Transactions on Artificial Intelligence,https://openalex.org/W4412623262
IEEE Transactions on Artificial Intelligence,IEEE,2025,2025-07-24,Optimizing ADHD Detection: An Autoencoder Approach for Multimodal Classification,Christian Nash; Rajesh Nair; Syed Mohsen Naqvi,7,2,10.1109/tai.2025.3592157,https://doi.org/10.1109/tai.2025.3592157,article,IEEE Transactions on Artificial Intelligence,https://openalex.org/W4412623156
IEEE Transactions on Artificial Intelligence,IEEE,2025,2025-07-25,AR2FL: Anomaly-Resistant Robust Framework for Federated Learning,Mayank Kumar Kundalwal; Deepak Kumar Mishra,7,2,10.1109/tai.2025.3592635,https://doi.org/10.1109/tai.2025.3592635,article,IEEE Transactions on Artificial Intelligence,https://openalex.org/W4412719096
IEEE Transactions on Artificial Intelligence,IEEE,2025,2025-07-25,Collective Performance Induced by Social and Individual Learning in Any Population Structure: An Evolutionary Game Approach,Zhifang Li; Jingwei Zhang; Xiaojie Chen; Attila Szolnoki,7,2,10.1109/tai.2025.3592636,https://doi.org/10.1109/tai.2025.3592636,article,IEEE Transactions on Artificial Intelligence,https://openalex.org/W4412718996
IEEE Transactions on Artificial Intelligence,IEEE,2025,2025-07-25,Learn Once Plan Arbitrarily (LOPA): Dynamic Observation-Based Deep Reinforcement Learning Method for Global Path Planning in Mountainous Terrain Environment,Shuqiao Huang; Mingxin Hou; Xiaofang Yuan; Xiru Wu; Yaonan Wang; Guoming Huang,7,2,10.1109/tai.2025.3592648,https://doi.org/10.1109/tai.2025.3592648,article,IEEE Transactions on Artificial Intelligence,https://openalex.org/W4412719126
IEEE Transactions on Artificial Intelligence,IEEE,2025,2025-07-25,SleepLog: Local-Global Deep Fusion Learning for Sleep Staging Transformer,Jingpeng Sun; Chen Chen; Weiping Ding; Xiyuan Hu,7,2,10.1109/tai.2025.3591587,https://doi.org/10.1109/tai.2025.3591587,article,IEEE Transactions on Artificial Intelligence,https://openalex.org/W4412718881
IEEE Transactions on Artificial Intelligence,IEEE,2025,2025-07-25,Towards General Protein Structure Representation Learning With a Protein Size Prompt,Ao Shen; Mingzhi Yuan; Yingfan Ma; Qiao Huang; Jie Du; Zhijuan Cao; Manning Wang,7,2,10.1109/tai.2025.3592637,https://doi.org/10.1109/tai.2025.3592637,article,IEEE Transactions on Artificial Intelligence,https://openalex.org/W4412718912
IEEE Transactions on Artificial Intelligence,IEEE,2025,2025-07-28,Enable Quantum Graph Neural Networks on a Single Qubit With Quantum Walk,Yijie Zhu; Richard Jiang; Qiang Ni; Ahmed Bouridane,7,5,10.1109/tai.2025.3592896,https://doi.org/10.1109/tai.2025.3592896,article,IEEE Transactions on Artificial Intelligence,https://openalex.org/W4413267641
IEEE Transactions on Artificial Intelligence,IEEE,2025,2025-07-28,Event-Driven Implementation of a Physical Reservoir Computing Framework for Superficial EMG-Based Gesture Recognition,Yuqi Ding; Elisa Donati; Haobo Li; Hadi Heidari,7,3,10.1109/tai.2025.3592899,https://doi.org/10.1109/tai.2025.3592899,article,IEEE Transactions on Artificial Intelligence,https://openalex.org/W4413267692
IEEE Transactions on Artificial Intelligence,IEEE,2025,2025-07-29,Attention-Based Traffic Flow Forecasting Model as a Service of Intelligent Transportation System,Nishu Bansal; Rasmeet Singh Bali,7,3,10.1109/tai.2025.3593471,https://doi.org/10.1109/tai.2025.3593471,article,IEEE Transactions on Artificial Intelligence,https://openalex.org/W4412722107
IEEE Transactions on Artificial Intelligence,IEEE,2025,2025-07-29,Histogram Layers for Neural “Engineered” Features,Joshua K. Peeples; Salim Al Kharsa; Luke Saleh; Alina Zare,7,3,10.1109/tai.2025.3593445,https://doi.org/10.1109/tai.2025.3593445,article,IEEE Transactions on Artificial Intelligence,https://openalex.org/W4412721985
IEEE Transactions on Artificial Intelligence,IEEE,2025,2025-07-29,Teleportation: Defense Against Stealing Attacks of Data-Driven Healthcare APIs,Tiehang Duan; Zhenyi Wang; Li Shen; Siyu Luan; Fang Li; Gianfranco Doretto; Donald Adjeroh; Shuteng Niu; Jianfu Li; Cui Tao,7,3,10.1109/tai.2025.3593470,https://doi.org/10.1109/tai.2025.3593470,article,IEEE Transactions on Artificial Intelligence,https://openalex.org/W4412722145
IEEE Transactions on Artificial Intelligence,IEEE,2025,2025-07-30,DDConv: Dynamic Dilated Convolution,Haigen Hu; Chenghan Yu; Qianwei Zhou; Qiu Guan; Tongxue Zhou,7,3,10.1109/tai.2025.3593177,https://doi.org/10.1109/tai.2025.3593177,article,IEEE Transactions on Artificial Intelligence,https://openalex.org/W4412747660
IEEE Transactions on Artificial Intelligence,IEEE,2025,2025-07-31,ConvRoBERTa: Detecting Fake Reviews by Fusing Sequential and Weighted Nonsequential Features,Arvind Mewada; Rupesh Kumar Dewang,7,3,10.1109/tai.2025.3594314,https://doi.org/10.1109/tai.2025.3594314,article,IEEE Transactions on Artificial Intelligence,https://openalex.org/W4412802994
IEEE Transactions on Artificial Intelligence,IEEE,2025,2025-07-31,Front Cover,,6,8,10.1109/tai.2025.3590997,https://doi.org/10.1109/tai.2025.3590997,paratext,IEEE Transactions on Artificial Intelligence,https://openalex.org/W4412802118
IEEE Transactions on Artificial Intelligence,IEEE,2025,2025-07-31,IEEE Transactions on Artificial Intelligence Publication Information,,6,8,10.1109/tai.2025.3590995,https://doi.org/10.1109/tai.2025.3590995,paratext,IEEE Transactions on Artificial Intelligence,https://openalex.org/W4412802434
IEEE Transactions on Artificial Intelligence,IEEE,2025,2025-07-31,Table of Contents,,6,8,10.1109/tai.2025.3590993,https://doi.org/10.1109/tai.2025.3590993,paratext,IEEE Transactions on Artificial Intelligence,https://openalex.org/W4412802136
IEEE Transactions on Artificial Intelligence,IEEE,2025,2025-07-31,Universal Domain Alignment Framework for Classification and Regression Tasks,Xin Wang; Jielong Yang; Yixing Gao,7,3,10.1109/tai.2025.3594315,https://doi.org/10.1109/tai.2025.3594315,article,IEEE Transactions on Artificial Intelligence,https://openalex.org/W4412803073
IEEE Transactions on Artificial Intelligence,IEEE,2025,2025-08-04,Educational Knowledge Graph Question Answering: Insights From Benchmarks and LLM-Based Solutions,Runhao Zhao; Weixin Zeng; Jiuyang Tang; Feng Tian; Xiang Zhao,7,4,10.1109/tai.2025.3595531,https://doi.org/10.1109/tai.2025.3595531,article,IEEE Transactions on Artificial Intelligence,https://openalex.org/W4412939426
IEEE Transactions on Artificial Intelligence,IEEE,2025,2025-08-04,ILVMamba: Illumination-Aware Lightweight Visual Mamba Framework for Efficient High-Resolution Image Enhancement,Mingyu Liu; Jiong Xu; Yuning Cui; Xiaobin Hu; Leah Strand; Huilin Yin; Alois Knoll,7,3,10.1109/tai.2025.3595115,https://doi.org/10.1109/tai.2025.3595115,article,IEEE Transactions on Artificial Intelligence,https://openalex.org/W4412939425
IEEE Transactions on Artificial Intelligence,IEEE,2025,2025-08-05,A Local 2-Order Mutual Information Metric Approach for Service Community Detection in Complex Service Networks,Kexin Zhang; Qing Gao; Jinhu Lü; Maciej Ogorzaek; Yue Deng,7,3,10.1109/tai.2025.3595107,https://doi.org/10.1109/tai.2025.3595107,article,IEEE Transactions on Artificial Intelligence,https://openalex.org/W4412984862
IEEE Transactions on Artificial Intelligence,IEEE,2025,2025-08-08,Direct Learning of Neuronal Firing Representations for Long-Term Motor Intent Predictions,Long Meng; Xiaogang Hu,7,3,10.1109/tai.2025.3597271,https://doi.org/10.1109/tai.2025.3597271,article,IEEE Transactions on Artificial Intelligence,https://openalex.org/W4413120466
IEEE Transactions on Artificial Intelligence,IEEE,2025,2025-08-08,Prompt-Aware Adapter: Learning Adaptive Visual Tokens for Multimodal Large Language Models,Yue Zhang; Hehe Fan; Wei Ji; Yongkang Wong; Roger Zimmermann; Yi Ping Yang,7,3,10.1109/tai.2025.3596925,https://doi.org/10.1109/tai.2025.3596925,article,IEEE Transactions on Artificial Intelligence,https://openalex.org/W4413120455
IEEE Transactions on Artificial Intelligence,IEEE,2025,2025-08-08,Topic-Aware Multi-heterogeneous Graph Neural Network for Predicting the Next Participant in Information Cascades,Yichao Zhang; Zejian Wang; Guanghui Wen; Jihong Guan; Shuigeng Zhou; Wengen Li; Zhiwei Cao,7,3,10.1109/tai.2025.3596930,https://doi.org/10.1109/tai.2025.3596930,article,IEEE Transactions on Artificial Intelligence,https://openalex.org/W4413120454
IEEE Transactions on Artificial Intelligence,IEEE,2025,2025-08-11,Feature Transformation for Fast and Efficient Learning in Near-Field Source Localization,Priyadarshini Dwivedi; Gyanajyoti Routray; Rajesh Mahanand Hegde,7,3,10.1109/tai.2025.3597585,https://doi.org/10.1109/tai.2025.3597585,article,IEEE Transactions on Artificial Intelligence,https://openalex.org/W4413212032
IEEE Transactions on Artificial Intelligence,IEEE,2025,2025-08-11,Optimizing Successive Over-Relaxation Q-Learning With Deterministic Perturbation Gradient Search,Lakshmi Mandal; Shalabh Bhatnagar,7,3,10.1109/tai.2025.3597581,https://doi.org/10.1109/tai.2025.3597581,article,IEEE Transactions on Artificial Intelligence,https://openalex.org/W4413212041
IEEE Transactions on Artificial Intelligence,IEEE,2025,2025-08-11,PipeMamba: State Space Model for Efficient Video-Based Sewer Defect Classification,Chenyang Zhao; Chuanfei Hu; Hang Shao; Jingtai Liu,7,3,10.1109/tai.2025.3597580,https://doi.org/10.1109/tai.2025.3597580,article,IEEE Transactions on Artificial Intelligence,https://openalex.org/W4413155403
IEEE Transactions on Artificial Intelligence,IEEE,2025,2025-08-13,Diffusion-Assisted Distillation for Self-Supervised Graph Representation Learning With MLPs,Seong Jin Ahn; Myoung Ho Kim,7,3,10.1109/tai.2025.3598791,https://doi.org/10.1109/tai.2025.3598791,article,IEEE Transactions on Artificial Intelligence,https://openalex.org/W4413155376
IEEE Transactions on Artificial Intelligence,IEEE,2025,2025-08-19,Stop Rumors Fast: A Multiobjective Blocking Approach With Deep Reinforcement Learning in Social Networks,Zhen Tang; Qiang He; Runze Jiang; Zelin Zhang; Hui Fang; Xingwei Wang; Lianbo Ma,7,3,10.1109/tai.2025.3597883,https://doi.org/10.1109/tai.2025.3597883,article,IEEE Transactions on Artificial Intelligence,https://openalex.org/W4413343944
IEEE Transactions on Artificial Intelligence,IEEE,2025,2025-08-23,Enhancing Deep Boosting Algorithm Performance for Panic Disorder Detection Through Biometric and Spatio-Temporal Data Integration,Cephas Iko-Ojo Gabriel; Randhir Kumar; Krishna Prasad,7,3,10.1109/tai.2025.3601081,https://doi.org/10.1109/tai.2025.3601081,article,IEEE Transactions on Artificial Intelligence,https://openalex.org/W4413472000
IEEE Transactions on Artificial Intelligence,IEEE,2025,2025-08-23,Intracluster Contraction for Pedestrian Anomaly Detection Under One-Class Classification Setting,Xiaolei Wang; Xiaoyang Wang; Huihui Bai; Eng Gee Lim; Jimin Xiao,7,3,10.1109/tai.2025.3601079,https://doi.org/10.1109/tai.2025.3601079,article,IEEE Transactions on Artificial Intelligence,https://openalex.org/W4413472085
IEEE Transactions on Artificial Intelligence,IEEE,2025,2025-08-25,A Novel Ensemble Method Based on Support Vector Dynamic Learning Neural Network for Breast Cancer Diagnosis,Zhijun Zhang; Yong Ding; Jian Zhang,7,3,10.1109/tai.2025.3602017,https://doi.org/10.1109/tai.2025.3602017,article,IEEE Transactions on Artificial Intelligence,https://openalex.org/W4413556656
IEEE Transactions on Artificial Intelligence,IEEE,2025,2025-08-25,Adaptive Fuzzy Distributed Optimal Fault Tolerant Control of Nonlinear Multi-Agent Systems Under Weight-Unbalanced Directed Graphs,Mengyuan Cui; Yi Zuo; Shaocheng Tong,7,3,10.1109/tai.2025.3602015,https://doi.org/10.1109/tai.2025.3602015,article,IEEE Transactions on Artificial Intelligence,https://openalex.org/W4413556651
IEEE Transactions on Artificial Intelligence,IEEE,2025,2025-08-25,MFENet: Multiinformation Feature Enhancement Network for Vehicle Reidentification,Zhangwei Li; Yuhui Deng; Ke Wang; Junhao Huang; Zhimin Tang; Weiping Ding,7,3,10.1109/tai.2025.3601594,https://doi.org/10.1109/tai.2025.3601594,article,IEEE Transactions on Artificial Intelligence,https://openalex.org/W4413553957
IEEE Transactions on Artificial Intelligence,IEEE,2025,2025-08-25,MSAF: Multimodal Sentiment Detection via Multiscale Adaptive Fusion,Jihong Guan; Yulou Shu; Wuchao Liu; Wengen Li; Shuigeng Zhou; Yichao Zhang,7,3,10.1109/tai.2025.3602409,https://doi.org/10.1109/tai.2025.3602409,article,IEEE Transactions on Artificial Intelligence,https://openalex.org/W4413553958
IEEE Transactions on Artificial Intelligence,IEEE,2025,2025-08-25,P-Mix: A Data Augmentation Method for Contrastive Learning Based Human Activity Recognition,Yingjie Chen; Qi Xie; Wenxuan Cui; Liming Chen; Houbing  Herbert Song; Tao Zhu,7,3,10.1109/tai.2025.3601599,https://doi.org/10.1109/tai.2025.3601599,article,IEEE Transactions on Artificial Intelligence,https://openalex.org/W4413553584
IEEE Transactions on Artificial Intelligence,IEEE,2025,2025-08-26,Annealing Genetic Slicing Adversarial Networks Based Feedback for Imbalanced Visual Classification,Yongting Zhao; Zhifan Gao; Jingyu Hao; Yiwen Wang; Heye Zhang,7,3,10.1109/tai.2025.3602750,https://doi.org/10.1109/tai.2025.3602750,article,IEEE Transactions on Artificial Intelligence,https://openalex.org/W4413747379
IEEE Transactions on Artificial Intelligence,IEEE,2025,2025-08-26,Steganography in Large Language Models,Xinxin Li; Zichi Wang; Xinpeng Zhang,7,3,10.1109/tai.2025.3602763,https://doi.org/10.1109/tai.2025.3602763,article,IEEE Transactions on Artificial Intelligence,https://openalex.org/W4413655134
IEEE Transactions on Artificial Intelligence,IEEE,2025,2025-08-27,Certified Local Transferability for Evaluating Adversarial Attacks,Minyu Chen; Jingyang Li; Ling-I Wu; Guoqiang Li,7,3,10.1109/tai.2025.3602931,https://doi.org/10.1109/tai.2025.3602931,article,IEEE Transactions on Artificial Intelligence,https://openalex.org/W4413754628
IEEE Transactions on Artificial Intelligence,IEEE,2025,2025-08-27,Correlation-Guided Information Deep Fusion for Multimodal Recommendation,Gangfeng Ma; Xu-Hua Yang; Peng Jiang,7,3,10.1109/tai.2025.3602935,https://doi.org/10.1109/tai.2025.3602935,article,IEEE Transactions on Artificial Intelligence,https://openalex.org/W4413754758
IEEE Transactions on Artificial Intelligence,IEEE,2025,2025-08-27,Robust Unknown Object Detection in Dynamic Environments Through Dual-Granularity Reconstruction Error Modeling,Linhua Ye; Yangyang Huang; Ronghua Luo,7,3,10.1109/tai.2025.3602943,https://doi.org/10.1109/tai.2025.3602943,article,IEEE Transactions on Artificial Intelligence,https://openalex.org/W4413755000
IEEE Transactions on Artificial Intelligence,IEEE,2025,2025-08-29,Community-Structure Enhanced Brain Graph Mining,Shichen Luo; Xuexiong Luo; Jing Du; Jia Wu; Jian Yu Yang,7,3,10.1109/tai.2025.3598793,https://doi.org/10.1109/tai.2025.3598793,article,IEEE Transactions on Artificial Intelligence,https://openalex.org/W4413847258
IEEE Transactions on Artificial Intelligence,IEEE,2025,2025-08-29,NeuroAMP: A Novel End-to-End General Purpose Deep Neural Amplifier for Personalized Hearing Aids,Shafique Ahmed; Ryandhimas Edo Zezario; Hui-Guan Yuan; Amir Hussain; Hsin‐Min Wang; Wei‐Ho Chung; Yu Tsao,7,3,10.1109/tai.2025.3603538,https://doi.org/10.1109/tai.2025.3603538,article,IEEE Transactions on Artificial Intelligence,https://openalex.org/W4413861857
IEEE Transactions on Artificial Intelligence,IEEE,2025,2025-08-29,"Online Safety Analysis for LLMs: A Benchmark, an Assessment, and a Path Forward",Xuan Xie; Jiayang Song; Zhehua Zhou; Yuheng Huang; Da Song; Lei Ma,7,3,10.1109/tai.2025.3603547,https://doi.org/10.1109/tai.2025.3603547,article,IEEE Transactions on Artificial Intelligence,https://openalex.org/W4413847135
IEEE Transactions on Artificial Intelligence,IEEE,2025,2025-09-01,Front Cover,,6,9,10.1109/tai.2025.3599606,https://doi.org/10.1109/tai.2025.3599606,paratext,IEEE Transactions on Artificial Intelligence,https://openalex.org/W4413887156
IEEE Transactions on Artificial Intelligence,IEEE,2025,2025-09-01,IEEE Transactions on Artificial Intelligence Publication Information,,6,9,10.1109/tai.2025.3599608,https://doi.org/10.1109/tai.2025.3599608,paratext,IEEE Transactions on Artificial Intelligence,https://openalex.org/W4413886981
IEEE Transactions on Artificial Intelligence,IEEE,2025,2025-09-01,Table of Contents,,6,9,10.1109/tai.2025.3599604,https://doi.org/10.1109/tai.2025.3599604,paratext,IEEE Transactions on Artificial Intelligence,https://openalex.org/W4413887169
IEEE Transactions on Artificial Intelligence,IEEE,2025,2025-09-02,FedImp: Enhancing Federated Learning Convergence With Impurity-Based Weighting,Hai Anh Tran; Cuong Ta; Truong X. Tran,7,3,10.1109/tai.2025.3605307,https://doi.org/10.1109/tai.2025.3605307,article,IEEE Transactions on Artificial Intelligence,https://openalex.org/W4413944840
IEEE Transactions on Artificial Intelligence,IEEE,2025,2025-09-02,Watermarking Language Models Through Language Models,Agnibh Dasgupta; Abdullah All Tanvir; Xin Rong Zhong,7,3,10.1109/tai.2025.3605117,https://doi.org/10.1109/tai.2025.3605117,article,IEEE Transactions on Artificial Intelligence,https://openalex.org/W4413925208
IEEE Transactions on Artificial Intelligence,IEEE,2025,2025-09-04,A Positive-Unlabeled Learning Approach With Self-Correcting Regularized Risk,Sayantan Saha; Atif Hassan; Jiaul H. Paik,7,3,10.1109/tai.2025.3605890,https://doi.org/10.1109/tai.2025.3605890,article,IEEE Transactions on Artificial Intelligence,https://openalex.org/W4413979151
IEEE Transactions on Artificial Intelligence,IEEE,2025,2025-09-04,ARD-LoRA: Dynamic Rank Allocation for Parameter-Efficient Fine-Tuning of Foundation Models With Heterogeneous Adaptation Needs,Haseeb Ullah Khan Shinwari; Muhammad Usama,7,3,10.1109/tai.2025.3605569,https://doi.org/10.1109/tai.2025.3605569,article,IEEE Transactions on Artificial Intelligence,https://openalex.org/W4413979290
IEEE Transactions on Artificial Intelligence,IEEE,2025,2025-09-04,Beyond Accurate Distillation: Calibrated Knowledge Distillation for Reliable Predictions,Ishan Mishra; Vamsi Krishna Sethu; Deepak Kumar Mishra,7,3,10.1109/tai.2025.3605902,https://doi.org/10.1109/tai.2025.3605902,article,IEEE Transactions on Artificial Intelligence,https://openalex.org/W4413979221
IEEE Transactions on Artificial Intelligence,IEEE,2025,2025-09-05,Let Invariant Learning Inspire Neighbor-Shift Generalization on Graphs,Jiaxing Li; Jiayi Gao; Baoxiang Gu; Youyong Kong,7,3,10.1109/tai.2025.3605894,https://doi.org/10.1109/tai.2025.3605894,article,IEEE Transactions on Artificial Intelligence,https://openalex.org/W4414008316
IEEE Transactions on Artificial Intelligence,IEEE,2025,2025-09-09,CIBLS-PLS: A Class-Incremental Broad Learning System With Pseudolabel-Guided Stacked Structure,Xin Liu; Zhaoyin Shi; Shuanghao Zhang; Long Chen; Weiping Ding; Xiaopin Zhong; Zongze Wu; C. L. Philip Chen,7,3,10.1109/tai.2025.3606902,https://doi.org/10.1109/tai.2025.3606902,article,IEEE Transactions on Artificial Intelligence,https://openalex.org/W4414165744
IEEE Transactions on Artificial Intelligence,IEEE,2025,2025-09-09,Distributed Reinforcement Learning Optimal Cluster Consensus Control for Takagi–Sugeno Fuzzy Multiagent Systems,Hui Li; Jun Ning; Shaocheng Tong,7,3,10.1109/tai.2025.3607790,https://doi.org/10.1109/tai.2025.3607790,article,IEEE Transactions on Artificial Intelligence,https://openalex.org/W4414165658
IEEE Transactions on Artificial Intelligence,IEEE,2025,2025-09-09,FCA-HLP: Multilayer Feature Cross-Activation Network With High- and Low-Level Prototypes for Few-Shot Segmentation,Jiaguang Li; Ying Wei; Zihan Gao; Yubo Wang,7,3,10.1109/tai.2025.3607850,https://doi.org/10.1109/tai.2025.3607850,article,IEEE Transactions on Artificial Intelligence,https://openalex.org/W4414165657
IEEE Transactions on Artificial Intelligence,IEEE,2025,2025-09-09,Multirate Distributed Receding Horizon Reinforcement Learning for Optimal UAV–UGV Formation Control,Xinglong Zhang; Cong Li; Ronghua Zhang; Quan Xiong; Wei Jiang; Xin Xu,7,3,10.1109/tai.2025.3607722,https://doi.org/10.1109/tai.2025.3607722,article,IEEE Transactions on Artificial Intelligence,https://openalex.org/W4414165882
IEEE Transactions on Artificial Intelligence,IEEE,2025,2025-09-09,Wasserstein Distance-Based Multisource Heterogeneous Graph Adaptation for Cross-Network Node Classification,Hongwei Yang; Jiaoxuan Lin; Hui Xin He; Weizhe Zhang; Letu Suya,7,3,10.1109/tai.2025.3606456,https://doi.org/10.1109/tai.2025.3606456,article,IEEE Transactions on Artificial Intelligence,https://openalex.org/W4414173988
IEEE Transactions on Artificial Intelligence,IEEE,2025,2025-09-10,AdU-Net: Adaptive Dilated U-Net for Glacial Lake Region Detection and Outburst Risk Assessment Using Satellite Imagery,Jagadeesh Thati; Allam Jaya Prakash; Samit Ari,7,5,10.1109/tai.2025.3608120,https://doi.org/10.1109/tai.2025.3608120,article,IEEE Transactions on Artificial Intelligence,https://openalex.org/W4414110512
IEEE Transactions on Artificial Intelligence,IEEE,2025,2025-09-11,A Conceptual Framework of AI Transparency From Sociotechnical Perspective,Changwu Huang; Ziming Wang; Xingnan Wen; Xiaozhen Wang; Xin Yao,7,4,10.1109/tai.2025.3608735,https://doi.org/10.1109/tai.2025.3608735,article,IEEE Transactions on Artificial Intelligence,https://openalex.org/W4414153967
IEEE Transactions on Artificial Intelligence,IEEE,2025,2025-09-11,CamoX: A Diffusion-Based Method With Few-Shot Learning for Environment-Guided Camouflage Pattern Generation,Tran Thanh Phong Nguyen; Tauseef Gulrez; Joanne B. Culpepper; Son Lam Phung; Hoang Thanh Le,7,4,10.1109/tai.2025.3608758,https://doi.org/10.1109/tai.2025.3608758,article,IEEE Transactions on Artificial Intelligence,https://openalex.org/W4414153639
IEEE Transactions on Artificial Intelligence,IEEE,2025,2025-09-17,Air Quality Prediction With a Meteorology-Guided Modality-Decoupled Spatiotemporal Network,Hang Yin; Yan‐Ming Zhang; Jian Xu; Jian-Long Chang; Yin Li; Cheng‐Lin Liu,7,4,10.1109/tai.2025.3610393,https://doi.org/10.1109/tai.2025.3610393,article,IEEE Transactions on Artificial Intelligence,https://openalex.org/W4414270199
IEEE Transactions on Artificial Intelligence,IEEE,2025,2025-09-17,Attention-Guided Encoder–Decoder Design for Efficient RIS Phase Configuration in Time-Varying IoT Networks,Vikash Kumar Bhardwaj; Abhishek Singh; Omm Prakash Sahoo; Mahendra Kumar Shukla; Om Jee Pandey,7,4,10.1109/tai.2025.3610389,https://doi.org/10.1109/tai.2025.3610389,article,IEEE Transactions on Artificial Intelligence,https://openalex.org/W4414270206
IEEE Transactions on Artificial Intelligence,IEEE,2025,2025-09-17,Counterfactual Causal Inference of Biomedical Signals: Unveiling Causal EEG Patterns for ASD Evaluation,Yaodong Wang; Yiping Zuo; Dan Chen; Albert Y. Zomaya; Rajiv Kumar Ranjan; Jingying Chen; Tengfei Gao,7,4,10.1109/tai.2025.3610394,https://doi.org/10.1109/tai.2025.3610394,article,IEEE Transactions on Artificial Intelligence,https://openalex.org/W4414270205
IEEE Transactions on Artificial Intelligence,IEEE,2025,2025-09-17,Fully Adaptive Multiscale Spatial–Temporal Recurrent Networks for Traffic Flow Prediction,Haiyang Liu; Chunjiang Zhu; Detian Zhang; Qing Li,7,4,10.1109/tai.2025.3610568,https://doi.org/10.1109/tai.2025.3610568,article,IEEE Transactions on Artificial Intelligence,https://openalex.org/W4414270193
IEEE Transactions on Artificial Intelligence,IEEE,2025,2025-09-17,Mitigating Label Noise in Federated Learning With Regularized Features and Robust Loss,Girum Fitihamlak Ejigu; Ki Tae Kim; Choong Seon Hong,7,4,10.1109/tai.2025.3609745,https://doi.org/10.1109/tai.2025.3609745,article,IEEE Transactions on Artificial Intelligence,https://openalex.org/W4414270202
IEEE Transactions on Artificial Intelligence,IEEE,2025,2025-09-17,Offline Inverse Constrained Reinforcement Learning for Safe-Critical Decision Making in Healthcare,Nan Fang; Guiliang Liu; Wei Gong,7,4,10.1109/tai.2025.3610390,https://doi.org/10.1109/tai.2025.3610390,article,IEEE Transactions on Artificial Intelligence,https://openalex.org/W4414270271
IEEE Transactions on Artificial Intelligence,IEEE,2025,2025-09-18,Towards Sample-Efficiency and Generalization of Transfer and Inverse Reinforcement Learning: A Comprehensive Literature Review,Hossein Hassani; Ehsan Hallaji; Roozbeh Razavi‐Far; Mehrdad Saif; Liang Lin,7,4,10.1109/tai.2025.3610590,https://doi.org/10.1109/tai.2025.3610590,article,IEEE Transactions on Artificial Intelligence,https://openalex.org/W4414321910
IEEE Transactions on Artificial Intelligence,IEEE,2025,2025-09-19,Adaptive Successor Features Composition for Transfer Reinforcement Learning,Kiyoshige Garcés; Junyu Xuan; Hua Zuo,7,4,10.1109/tai.2025.3610392,https://doi.org/10.1109/tai.2025.3610392,article,IEEE Transactions on Artificial Intelligence,https://openalex.org/W4414348670
IEEE Transactions on Artificial Intelligence,IEEE,2025,2025-09-19,Investigating Primacy Bias in Multiagent Reinforcement Learning: An Empirical Study,Jingchen Li; Yusen Yang; Ziming He; Huarui Wu; Chunjiang Zhao; Kao‐Shing Hwang,7,4,10.1109/tai.2025.3560617,https://doi.org/10.1109/tai.2025.3560617,article,IEEE Transactions on Artificial Intelligence,https://openalex.org/W4414348330
IEEE Transactions on Artificial Intelligence,IEEE,2025,2025-09-19,Optimal Control of Unknown Nonlinear Systems via a Multimodel-Based Multistep Reinforcement Learning Framework,Shanwu Li; Yongchao Yang,7,4,10.1109/tai.2025.3608776,https://doi.org/10.1109/tai.2025.3608776,article,IEEE Transactions on Artificial Intelligence,https://openalex.org/W4414348460
IEEE Transactions on Artificial Intelligence,IEEE,2025,2025-09-19,Towards Vox Populi in Federated Learning: A Fair and Inclusive Client Selection Framework,Sarhad Arisdakessian; Osama Wehbi; Omar Abdel Wahab; Azzam Mourad; Hadi Otrok,7,4,10.1109/tai.2025.3609733,https://doi.org/10.1109/tai.2025.3609733,article,IEEE Transactions on Artificial Intelligence,https://openalex.org/W4414348218
IEEE Transactions on Artificial Intelligence,IEEE,2025,2025-09-29,CIGformer: Leveraging Continuous Information Guidance in Transformer-Based Pansharpening,Hao Zhu; Yuan Wang; Xiaotong Li; Biao Hou; Bo Ren; Yifan Meng; Kefan Chen; Licheng Jiao,7,4,10.1109/tai.2025.3614584,https://doi.org/10.1109/tai.2025.3614584,article,IEEE Transactions on Artificial Intelligence,https://openalex.org/W4414603114
IEEE Transactions on Artificial Intelligence,IEEE,2025,2025-09-29,Generative Models for Time Series Anomaly Detection: A Survey,Jie Cao; Jiawei Miao; Haicheng Tao; Youquan Wang; Jia Wu; Zidong Wang; Xindong Wu,7,4,10.1109/tai.2025.3614213,https://doi.org/10.1109/tai.2025.3614213,article,IEEE Transactions on Artificial Intelligence,https://openalex.org/W4414603364
IEEE Transactions on Artificial Intelligence,IEEE,2025,2025-09-29,Instance-Wise Joint Feature and Expert Decision Acquisition for Classification,Sachini Piyoni Ekanayake; Daphney–Stavroula Zois; Nipun Dulantha Wickramasinghe,7,4,10.1109/tai.2025.3614214,https://doi.org/10.1109/tai.2025.3614214,article,IEEE Transactions on Artificial Intelligence,https://openalex.org/W4414603088
IEEE Transactions on Artificial Intelligence,IEEE,2025,2025-09-29,Toward Quantum Image Generation on Single Qubit Using Quantum Information Bottleneck,Yijie Zhu; Vaneet Aggarwal; Debanjan Konar; Yu. A. Pashkin; Plamen Parvanov Angelov; Richard Jiang,7,4,10.1109/tai.2025.3615187,https://doi.org/10.1109/tai.2025.3615187,article,IEEE Transactions on Artificial Intelligence,https://openalex.org/W4414603329
IEEE Transactions on Artificial Intelligence,IEEE,2025,2025-10-01,Front Cover,,6,10,10.1109/tai.2025.3609941,https://doi.org/10.1109/tai.2025.3609941,paratext,IEEE Transactions on Artificial Intelligence,https://openalex.org/W4414697564
IEEE Transactions on Artificial Intelligence,IEEE,2025,2025-10-01,IEEE Transactions on Artificial Intelligence Publication Information,,6,10,10.1109/tai.2025.3609939,https://doi.org/10.1109/tai.2025.3609939,paratext,IEEE Transactions on Artificial Intelligence,https://openalex.org/W4414693807
IEEE Transactions on Artificial Intelligence,IEEE,2025,2025-10-01,Table of Contents,,6,10,10.1109/tai.2025.3609937,https://doi.org/10.1109/tai.2025.3609937,paratext,IEEE Transactions on Artificial Intelligence,https://openalex.org/W4414692700
IEEE Transactions on Artificial Intelligence,IEEE,2025,2025-10-08,HEAL: Brain-Inspired H yperdimensional E fficient A ctive L earning,Yang Ni; Zhuowen Zou; Wenjun Huang; Hanning Chen; William Youngwoo Chung; Samuel Cho; Ranganath Krishnan; Pietro Mercati; Mohsen Imani,7,4,10.1109/tai.2025.3617929,https://doi.org/10.1109/tai.2025.3617929,article,IEEE Transactions on Artificial Intelligence,https://openalex.org/W4414955785
IEEE Transactions on Artificial Intelligence,IEEE,2025,2025-10-10,Comparative Analysis of Large Language Models for Automated Question Generation From Video-Based Learning Content,Yong‐Bin Kang; Abdur Rahim Mohammad Forkan; Abhik Banerjee; Prem Prakash Jayaraman; Anthony McCosker; Sung-Soo Kim; Natalie Wieland; Liz Kollias,7,5,10.1109/tai.2025.3620274,https://doi.org/10.1109/tai.2025.3620274,article,IEEE Transactions on Artificial Intelligence,https://openalex.org/W4415047737
IEEE Transactions on Artificial Intelligence,IEEE,2025,2025-10-10,Contrastive Language-Image Pretrained Models are Zero-Shot Human Scanpath Predictors,Dario Zanca; Andrea Zugarini; Simon Dietz; Thomas Altstidl; Mark A. Turban Ndjeuha; Moumita Chakraborty; Naga Venkata Sai Jitin Jami; Leo Schwinn; Bjoern M. Eskofier,7,4,10.1109/tai.2025.3612905,https://doi.org/10.1109/tai.2025.3612905,article,IEEE Transactions on Artificial Intelligence,https://openalex.org/W4415047721
IEEE Transactions on Artificial Intelligence,IEEE,2025,2025-10-10,Embodied Navigation in Unknown Environments With Implicit Scene Memory and Target-Aware Memory Retrieval,Qiming Liu; Yunhe Li; Yiduo Xu; Lijun Han; Zhe Liu; Hesheng Wang,7,4,10.1109/tai.2025.3618793,https://doi.org/10.1109/tai.2025.3618793,article,IEEE Transactions on Artificial Intelligence,https://openalex.org/W4415047651
IEEE Transactions on Artificial Intelligence,IEEE,2025,2025-10-10,Exploring Energy Landscapes for Minimal Counterfactual Explanations: Applications in Cybersecurity and Beyond,Spyridon Evangelatos; Eleni Veroni; Vasilis Efthymiou; Christos D. Nikolopoulos; Georgios Th. Papadopoulos; Panagiotis G. Sarigiannidis,7,5,10.1109/tai.2025.3599764,https://doi.org/10.1109/tai.2025.3599764,article,IEEE Transactions on Artificial Intelligence,https://openalex.org/W4415047708
IEEE Transactions on Artificial Intelligence,IEEE,2025,2025-10-10,S-NODE: Explicit and Reversible Image Translation Encoding With Neural ODEs,Xu Wang; Dong Pang; Zhiyuan You; Xinping Guan; Xinyi Le,7,4,10.1109/tai.2025.3619457,https://doi.org/10.1109/tai.2025.3619457,article,IEEE Transactions on Artificial Intelligence,https://openalex.org/W4415047716
IEEE Transactions on Artificial Intelligence,IEEE,2025,2025-10-10,Single Target Tracking With Contextual Prompts in Scene Understanding,Xuelin Liu; Huiyu Zhou; Junyu Dong; Jingjing Xiao; Xinghui Dong,7,5,10.1109/tai.2025.3601075,https://doi.org/10.1109/tai.2025.3601075,article,IEEE Transactions on Artificial Intelligence,https://openalex.org/W4415047670
IEEE Transactions on Artificial Intelligence,IEEE,2025,2025-10-10,Trending Applications of Large Language Models: A User Perspective Survey,Yiqun Zhang; Mingjie Zhao; Yunfan Zhang; Yiu‐ming Cheung,7,4,10.1109/tai.2025.3620272,https://doi.org/10.1109/tai.2025.3620272,article,IEEE Transactions on Artificial Intelligence,https://openalex.org/W4415047736
IEEE Transactions on Artificial Intelligence,IEEE,2025,2025-10-10,Why is Data Misclassified? Quantifying Data Difficulty for Machine Learning Models With Dual Probability Difficulty Measure,Ayomide Afolabi; Ramazan Savas Aygün; Truong X. Tran,7,5,10.1109/tai.2025.3612934,https://doi.org/10.1109/tai.2025.3612934,article,IEEE Transactions on Artificial Intelligence,https://openalex.org/W4415047661
IEEE Transactions on Artificial Intelligence,IEEE,2025,2025-10-13,Engineering Trustworthy AI: A Developer Guide for Empirical Risk Minimization,Dennis Pfau; Alexander Jung,7,5,10.1109/tai.2025.3617936,https://doi.org/10.1109/tai.2025.3617936,article,IEEE Transactions on Artificial Intelligence,https://openalex.org/W4415125745
IEEE Transactions on Artificial Intelligence,IEEE,2025,2025-10-14,Anomalous Electrical Power Consumption Detection in Household Appliances via Micro-Moment Classification,Rajesh Nayak; C. D. Jaidhar,7,5,10.1109/tai.2025.3622104,https://doi.org/10.1109/tai.2025.3622104,article,IEEE Transactions on Artificial Intelligence,https://openalex.org/W4415178436
IEEE Transactions on Artificial Intelligence,IEEE,2025,2025-10-14,Asynchronous Federated Learning With Nonconvex Client Objective Functions and Heterogeneous Dataset,Ali Forootani; Raffaele Iervolino,7,5,10.1109/tai.2025.3620774,https://doi.org/10.1109/tai.2025.3620774,article,IEEE Transactions on Artificial Intelligence,https://openalex.org/W4415179069
IEEE Transactions on Artificial Intelligence,IEEE,2025,2025-10-14,Augmenting Generative Models With Biomedical Knowledge Graphs Improves Targeted Drug Discovery,Aditya Malusare; Vineet Punyamoorty; Vaneet Aggarwal,7,5,10.1109/tai.2025.3621169,https://doi.org/10.1109/tai.2025.3621169,article,IEEE Transactions on Artificial Intelligence,https://openalex.org/W4415178985
IEEE Transactions on Artificial Intelligence,IEEE,2025,2025-10-14,Fixed-Time Neutrosophic Adaptive Control of Mecanum-Wheeled Vehicles Under Input Saturation Based on Zeroing Neural Dynamics,Wenyuan Huang; Lin Xiao; Qiuyue Zuo; Linju Li,7,5,10.1109/tai.2025.3621178,https://doi.org/10.1109/tai.2025.3621178,article,IEEE Transactions on Artificial Intelligence,https://openalex.org/W4415178934
IEEE Transactions on Artificial Intelligence,IEEE,2025,2025-10-14,Foundation Model for Medical Imaging: A Comprehensive Review,Licheng Jiao; Jingyi Yang; Ruiyang Li; Fang Liu; Xu Liu; Puhua Chen; Yuwei Guo; Lingling Li; Ronghua Shang; Wenping Ma,7,5,10.1109/tai.2025.3618796,https://doi.org/10.1109/tai.2025.3618796,article,IEEE Transactions on Artificial Intelligence,https://openalex.org/W4415178955
IEEE Transactions on Artificial Intelligence,IEEE,2025,2025-10-14,Optimizing Basis Function Selection in Constructive Wavelet Neural Networks and Its Applications,Dunsheng Huang; Dong Shen; Lei Lü; Ying Ning Tan,7,5,10.1109/tai.2025.3621177,https://doi.org/10.1109/tai.2025.3621177,article,IEEE Transactions on Artificial Intelligence,https://openalex.org/W4415178440
IEEE Transactions on Artificial Intelligence,IEEE,2025,2025-10-15,WinDrift++: A Diversified Detector for Concept Drift,Naureen Naqvi; Sabih ur Rehman; Md Zahidul Islam,7,5,10.1109/tai.2025.3619461,https://doi.org/10.1109/tai.2025.3619461,article,IEEE Transactions on Artificial Intelligence,https://openalex.org/W4415221811
IEEE Transactions on Artificial Intelligence,IEEE,2025,2025-10-16,Federated Learning of Dynamic Bayesian Network via Continuous Optimization From Time Series Data,Jianhong Chen; Ying Ma; Xubo Yue,7,5,10.1109/tai.2025.3622545,https://doi.org/10.1109/tai.2025.3622545,article,IEEE Transactions on Artificial Intelligence,https://openalex.org/W4415256790
IEEE Transactions on Artificial Intelligence,IEEE,2025,2025-10-16,QRVS: Q uick and R obust V ideo S titcher With Novel Single Shot Homography for Simultaneous Object Detection and Tracking,Ramesh Reddy Chandrapu; Pabitra Das; Chandrajit Pal; Vipul Prokash; R. Sri Rama Sudhamsu; Soumi Chakraborty; Breenda Das; Amit Acharyya,7,5,10.1109/tai.2025.3622548,https://doi.org/10.1109/tai.2025.3622548,article,IEEE Transactions on Artificial Intelligence,https://openalex.org/W4415256802
IEEE Transactions on Artificial Intelligence,IEEE,2025,2025-10-17,Latent Diffusion and Spatiotemporal Transformers Generate Large Ensemble Climate Simulations,Johannes Meuer; Maximilian Witte; Tobias Sebastian Finn; Claudia Timmreck; Thomas G. Ludwig; Christopher Kadow,7,5,10.1109/tai.2025.3621121,https://doi.org/10.1109/tai.2025.3621121,article,IEEE Transactions on Artificial Intelligence,https://openalex.org/W4415293143
IEEE Transactions on Artificial Intelligence,IEEE,2025,2025-10-20,Co-AttenDWG: Coattentive Dimension-Wise Gating and Expert Fusion for Multimodal Offensive Content Detection,Md. Mithun Hossain; Mohammed Jahangir Hossain; Sudipto Chaki; M. F. Mridha,7,5,10.1109/tai.2025.3623093,https://doi.org/10.1109/tai.2025.3623093,article,IEEE Transactions on Artificial Intelligence,https://openalex.org/W4415353528
IEEE Transactions on Artificial Intelligence,IEEE,2025,2025-10-20,IDALC: A Semisupervised Framework for Intent Detection and Active Learning Based Correction,Ankan Mullick; Sukannya Purkayastha; Saransh Sharma; Pawan Goyal; Niloy Ganguly,7,5,10.1109/tai.2025.3623617,https://doi.org/10.1109/tai.2025.3623617,article,IEEE Transactions on Artificial Intelligence,https://openalex.org/W4415353217
IEEE Transactions on Artificial Intelligence,IEEE,2025,2025-10-23,Improving Transferability in Image Classification through Refinement of Discriminative Features,HyunGi Kim; Seungryong Yoo; Bong Gyun Kang; Saehyung Lee; Jaekoo Lee; Sungroh Yoon,7,5,10.1109/tai.2025.3624711,https://doi.org/10.1109/tai.2025.3624711,article,IEEE Transactions on Artificial Intelligence,https://openalex.org/W4415482175
IEEE Transactions on Artificial Intelligence,IEEE,2025,2025-10-23,Toward a Unified Framework for Consistency Generative Modeling,Hongkun Dou; Junzhe Lu; Jinyang Du; Chengwei Fu; Wen Yao; Hongjue Li; Yue Cheng Deng,7,5,10.1109/tai.2025.3624330,https://doi.org/10.1109/tai.2025.3624330,article,IEEE Transactions on Artificial Intelligence,https://openalex.org/W4415482177
IEEE Transactions on Artificial Intelligence,IEEE,2025,2025-10-27,Self-Verification in Discrete-Time Adaptive Control Based on Physics-Informed Model and Neural-Lyapunov Network,Chidentree Treesatayapun,7,5,10.1109/tai.2025.3625134,https://doi.org/10.1109/tai.2025.3625134,article,IEEE Transactions on Artificial Intelligence,https://openalex.org/W4415593613
IEEE Transactions on Artificial Intelligence,IEEE,2025,2025-10-28,A Systematic Literature Review on SWOT Analysis of Prompt Engineering Techniques,Aditi Singh; Nikhil Kumar Chatta; Abul Ehtesham; Saket Kumar; Gaurav Kumar Gupta; Tala Talaei Khoei,7,5,10.1109/tai.2025.3626467,https://doi.org/10.1109/tai.2025.3626467,review,IEEE Transactions on Artificial Intelligence,https://openalex.org/W4415626593
IEEE Transactions on Artificial Intelligence,IEEE,2025,2025-10-28,Interpreting Cell-Based NAS With Incorporating Gradient Prior Architecture Representation,Zitu Liu; Yue Liu; Kai Zhu; Zhenyao Yu,7,5,10.1109/tai.2025.3626702,https://doi.org/10.1109/tai.2025.3626702,article,IEEE Transactions on Artificial Intelligence,https://openalex.org/W4415626561
IEEE Transactions on Artificial Intelligence,IEEE,2025,2025-10-30,MaxDiv: Zero-Shot Machine Unlearning via Distributionally Divergent Erasing Samples,Sayedmoslem Shokrolahi; I.-M. Kim,7,5,10.1109/tai.2025.3627517,https://doi.org/10.1109/tai.2025.3627517,article,IEEE Transactions on Artificial Intelligence,https://openalex.org/W4415706964
IEEE Transactions on Artificial Intelligence,IEEE,2025,2025-10-31,GraphTeacher: Transductive Fine-Tuning of Encoders Through Graph Neural Networks,Emirhan Koç; Arda Can Aras; Tuna Alikaşifoğlu; Aykut Koç,7,5,10.1109/tai.2025.3627514,https://doi.org/10.1109/tai.2025.3627514,article,IEEE Transactions on Artificial Intelligence,https://openalex.org/W4415747905
IEEE Transactions on Artificial Intelligence,IEEE,2025,2025-11-01,Front Cover,,6,11,10.1109/tai.2025.3623489,https://doi.org/10.1109/tai.2025.3623489,paratext,IEEE Transactions on Artificial Intelligence,https://openalex.org/W4415820590
IEEE Transactions on Artificial Intelligence,IEEE,2025,2025-11-01,IEEE Transactions on Artificial Intelligence Publication Information,,6,11,10.1109/tai.2025.3623487,https://doi.org/10.1109/tai.2025.3623487,paratext,IEEE Transactions on Artificial Intelligence,https://openalex.org/W4415820587
IEEE Transactions on Artificial Intelligence,IEEE,2025,2025-11-01,Table of Contents,,6,11,10.1109/tai.2025.3623485,https://doi.org/10.1109/tai.2025.3623485,paratext,IEEE Transactions on Artificial Intelligence,https://openalex.org/W4415820559
IEEE Transactions on Artificial Intelligence,IEEE,2025,2025-11-05,ELSA: Equivariant Self-Supervised Adaptation for Small Data Learning,Lili Kong; Dongdong Chen; Chenwei Tang; Deng Xiong; Jiancheng Lv,7,5,10.1109/tai.2025.3628282,https://doi.org/10.1109/tai.2025.3628282,article,IEEE Transactions on Artificial Intelligence,https://openalex.org/W7103976007
IEEE Transactions on Artificial Intelligence,IEEE,2025,2025-11-05,Source Camera Model Identification via Federated Learning Using Laplacian-Based Patches,Rejoy Chakraborty; Puneet Goyal,7,5,10.1109/tai.2025.3629009,https://doi.org/10.1109/tai.2025.3629009,article,IEEE Transactions on Artificial Intelligence,https://openalex.org/W7104006478
IEEE Transactions on Artificial Intelligence,IEEE,2025,2025-11-06,DARKAN: Daily Activity Recognition Using Optimized Wavelet-Based Kolmogorov-Arnold Networks,Jiawei Li; Meng Ru Xu; Wanqing Tu; Yifeng Zeng; Zhao Huang; Mikko Valkama; Chaoyun Song,7,5,10.1109/tai.2025.3627523,https://doi.org/10.1109/tai.2025.3627523,article,IEEE Transactions on Artificial Intelligence,https://openalex.org/W4415971151
IEEE Transactions on Artificial Intelligence,IEEE,2025,2025-11-06,FUBA: Backdoor Federated Learning via Federated Unlearning,Xinyi Sheng; Wei Bao; Yichen Guo; Sen Fu,7,5,10.1109/tai.2025.3630110,https://doi.org/10.1109/tai.2025.3630110,article,IEEE Transactions on Artificial Intelligence,https://openalex.org/W4415971148
IEEE Transactions on Artificial Intelligence,IEEE,2025,2025-11-06,Modeling Quantum Machine Learning for Genomic Data Analysis,Navneet Singh; Shiva Raj Pokhrel,7,5,10.1109/tai.2025.3630124,https://doi.org/10.1109/tai.2025.3630124,article,IEEE Transactions on Artificial Intelligence,https://openalex.org/W4415971132
IEEE Transactions on Artificial Intelligence,IEEE,2025,2025-11-10,ABAE-RTN: A Deep Learning Framework for Robust Physical Layer Security in Radio Transformer Networks,N. Vineel Sagar; Astitva Kamble; Mahendra Kumar Shukla; A. Anjali; Om Jee Pandey,7,5,10.1109/tai.2025.3630644,https://doi.org/10.1109/tai.2025.3630644,article,IEEE Transactions on Artificial Intelligence,https://openalex.org/W4416078081
IEEE Transactions on Artificial Intelligence,IEEE,2025,2025-11-10,ArMA: Mitigating Catastrophic Forgetting using Attention-Regularized Model Averaging in Continual Fine-tuning Large Language Models,Xihe Qiu; Leijun Cheng; Teqi Hao; Xiaoyu Tan,7,5,10.1109/tai.2025.3630623,https://doi.org/10.1109/tai.2025.3630623,article,IEEE Transactions on Artificial Intelligence,https://openalex.org/W4416078076
IEEE Transactions on Artificial Intelligence,IEEE,2025,2025-11-10,Inter and Intra-snippet Multi-head Attention With Position Offset for Action Localization and Recognition,Himanshu Singh; Khanjan Choudhury; Badri Narayan Subudhi; Vinit Jakhetiya; Thangaraj Veerakumar,7,5,10.1109/tai.2025.3630621,https://doi.org/10.1109/tai.2025.3630621,article,IEEE Transactions on Artificial Intelligence,https://openalex.org/W4416078078
IEEE Transactions on Artificial Intelligence,IEEE,2025,2025-11-10,MGLAN: A Mamba-Like Gated Linear Attention With Normalization for Solving CTSP,Chengda Wen; Xiaobin Xu; Xinli Shi; Jinde Cao; Liang Hua,7,5,10.1109/tai.2025.3630620,https://doi.org/10.1109/tai.2025.3630620,article,IEEE Transactions on Artificial Intelligence,https://openalex.org/W4416078072
IEEE Transactions on Artificial Intelligence,IEEE,2025,2025-11-11,An Ensemble Link Prediction Model for Sparse Knowledge Graphs With Drifting Entity,Xiulin Zheng; Peipei Li; Peng Zhou; Xindong Wu,7,5,10.1109/tai.2025.3628292,https://doi.org/10.1109/tai.2025.3628292,article,IEEE Transactions on Artificial Intelligence,https://openalex.org/W4416113892
IEEE Transactions on Artificial Intelligence,IEEE,2025,2025-11-12,A Comprehensive Review of Transformer-Based Language Models for Protein Sequence Analysis and Design,Nimisha Ghosh; Daniele Santoni; Debaleena Nawn; Eleonora Ottaviani; Giovanni Felici,7,5,10.1109/tai.2025.3631454,https://doi.org/10.1109/tai.2025.3631454,article,IEEE Transactions on Artificial Intelligence,https://openalex.org/W7104905766
IEEE Transactions on Artificial Intelligence,IEEE,2025,2025-11-12,Multimodal Human Pose Estimation: A Wi-Fi-Driven Approach With Adaptive Kernel Selection,Toan D. Gian; Dung T. Tran; Quoc-Viet Pham; Le-Nam Tran; Van-Dinh Nguyen,7,5,10.1109/tai.2025.3631005,https://doi.org/10.1109/tai.2025.3631005,article,IEEE Transactions on Artificial Intelligence,https://openalex.org/W7104968973
IEEE Transactions on Artificial Intelligence,IEEE,2025,2025-11-14,Graph Attention Networks With Dual-Edge Connectivity for Alzheimer’s Disease Detection From Speech,Anass El Hallani; Adil Chakhtouna; Abdellah Adib,7,5,10.1109/tai.2025.3632821,https://doi.org/10.1109/tai.2025.3632821,article,IEEE Transactions on Artificial Intelligence,https://openalex.org/W4416214667
IEEE Transactions on Artificial Intelligence,IEEE,2025,2025-11-14,Integrating GAN and Dynamic Identity Convolution for Enhanced Radar Image Reconstruction From Geostationary Satellite Observations,Jianwei Si; Haonan Chen; Lei Han,7,5,10.1109/tai.2025.3632822,https://doi.org/10.1109/tai.2025.3632822,article,IEEE Transactions on Artificial Intelligence,https://openalex.org/W4416214662
IEEE Transactions on Artificial Intelligence,IEEE,2025,2025-11-14,WeatherRemover: All-in-One Adverse Weather Removal With Multiscale Feature Map Compression,Wenyu Qu; Sijun Liang; Cheng Pan; Zikuan Yang; Guanchi Zhou; Xianjun Fu; Bo Liu; Changmiao Wang; Ahmed Elazab,7,5,10.1109/tai.2025.3633206,https://doi.org/10.1109/tai.2025.3633206,article,IEEE Transactions on Artificial Intelligence,https://openalex.org/W4416214658
IEEE Transactions on Artificial Intelligence,IEEE,2025,2025-11-18,IGDNet: Zero-Shot Robust Underexposed Image Enhancement via Illumination-Guided and Denoising,Hailong Yan; Junjian Huang; Tingwen Huang,7,5,10.1109/tai.2025.3633653,https://doi.org/10.1109/tai.2025.3633653,article,IEEE Transactions on Artificial Intelligence,https://openalex.org/W4416323582
IEEE Transactions on Artificial Intelligence,IEEE,2025,2025-11-19,Heterogeneity-Aware Federated Learning for Medical Image Classification With Dynamic Parameter Optimization,Pranab Sahoo; Ashutosh Tripathi; Sriparna Saha; Samrat Mondal,7,6,10.1109/tai.2025.3634272,https://doi.org/10.1109/tai.2025.3634272,article,IEEE Transactions on Artificial Intelligence,https://openalex.org/W7105989588
IEEE Transactions on Artificial Intelligence,IEEE,2025,2025-11-20,A Novel Image Inpainting Network With Self-Attention Mechanism and Residual Block,Tikle Barua; Tanjim Mahmud; Tahmina Akter; Avishek Majumder; Mohammad Shahadat Hossain; Karl Andersson,7,6,10.1109/tai.2025.3634483,https://doi.org/10.1109/tai.2025.3634483,article,IEEE Transactions on Artificial Intelligence,https://openalex.org/W7106147372
IEEE Transactions on Artificial Intelligence,IEEE,2025,2025-11-20,TGDIP: Two-Stage Graph Information Maximization for Drug–Drug Interaction Prediction,Li Meng; Yunfei He; Lishan Huang; Yiwen Zhang; Weiping Ding; Fei Yang,7,6,10.1109/tai.2025.3634062,https://doi.org/10.1109/tai.2025.3634062,article,IEEE Transactions on Artificial Intelligence,https://openalex.org/W7106113111
IEEE Transactions on Artificial Intelligence,IEEE,2025,2025-11-24,ADMM-Enhanced CNN Training Framework With Global Convergence Guarantees,Chenjie Song; Zhengmin Kong; Shuo Liu; Li Ding; Boyang Huang; Wei Xiang; Tao Huang,7,6,10.1109/tai.2025.3636117,https://doi.org/10.1109/tai.2025.3636117,article,IEEE Transactions on Artificial Intelligence,https://openalex.org/W4416582479
IEEE Transactions on Artificial Intelligence,IEEE,2025,2025-11-24,Adversarial Training in Low-Label Regimes With Margin-Based Interpolation,Tian Ye; Rajgopal Kannan; Viktor K. Prasanna,7,6,10.1109/tai.2025.3635626,https://doi.org/10.1109/tai.2025.3635626,article,IEEE Transactions on Artificial Intelligence,https://openalex.org/W4416582633
IEEE Transactions on Artificial Intelligence,IEEE,2025,2025-11-24,Investigating the Robustness of Fuzzy Deep Learning on Noisy Medical Images,Bhaskar Pandey; Shiv Ram Dubey; Deepak Joshi,7,6,10.1109/tai.2025.3635556,https://doi.org/10.1109/tai.2025.3635556,article,IEEE Transactions on Artificial Intelligence,https://openalex.org/W4416582529
IEEE Transactions on Artificial Intelligence,IEEE,2025,2025-11-24,SeqProFT: Sequence-Only Protein Property Prediction With LoRA Finetuning,Shuo Zhang; Jian K. Liu,7,6,10.1109/tai.2025.3636109,https://doi.org/10.1109/tai.2025.3636109,article,IEEE Transactions on Artificial Intelligence,https://openalex.org/W4416582638
IEEE Transactions on Artificial Intelligence,IEEE,2025,2025-11-24,Visual Safety Mapping for UAV Landings Using Ordinal Regression Networks,Sakineh Abdollahzadeh; Mohand Saïd Allili; Aïssa Boulmerka; Jean‐François Lapointe,7,6,10.1109/tai.2025.3635093,https://doi.org/10.1109/tai.2025.3635093,article,IEEE Transactions on Artificial Intelligence,https://openalex.org/W4416582631
IEEE Transactions on Artificial Intelligence,IEEE,2025,2025-11-25,GRACE-FL: Green Resource-Aware Communication-Efficient Federated Learning,Dipanwita Thakur; Antonella Guzzo; Giancarlo Fortino; Sajal K. Das,7,6,10.1109/tai.2025.3636489,https://doi.org/10.1109/tai.2025.3636489,article,IEEE Transactions on Artificial Intelligence,https://openalex.org/W4416649634
IEEE Transactions on Artificial Intelligence,IEEE,2025,2025-11-25,"Vetaverse: Technologies, Applications, and Visions toward the Intersection of Metaverse, AI, Vehicles, and Transportation Systems",Pengyuan Zhou; Jinjing Zhu; Yiting Wang; Yunfan Lu; Zixiang Wei; Haolin Shi; Yuchen Ding; Yu Gao; Qinglong Huang; Yan Shi; Ahmad Yousef Alhilal; Lik‐Hang Lee; Tristan Braud; Pan Hui; Lin Wang,7,6,10.1109/tai.2025.3636490,https://doi.org/10.1109/tai.2025.3636490,article,IEEE Transactions on Artificial Intelligence,https://openalex.org/W4416649548
IEEE Transactions on Artificial Intelligence,IEEE,2025,2025-11-26,CoGenT: A Unified Contrastive-Generative Framework for Time Series Classification,Ziyu Liu; Azadeh Alavi; Minyi Li; Xiang Zhang,7,6,10.1109/tai.2025.3637168,https://doi.org/10.1109/tai.2025.3637168,article,IEEE Transactions on Artificial Intelligence,https://openalex.org/W4416706926
IEEE Transactions on Artificial Intelligence,IEEE,2025,2025-11-26,Dual-Locking Learned AI Models: A PIN-Based Sparse QIM Watermarking and Adaptive Index Permutation Approach,Iva Vasic; Jesúus Mu ̃ñoz-Cádiz; Bata Vasić,7,6,10.1109/tai.2025.3636862,https://doi.org/10.1109/tai.2025.3636862,article,IEEE Transactions on Artificial Intelligence,https://openalex.org/W4416706918
IEEE Transactions on Artificial Intelligence,IEEE,2025,2025-11-26,Federated Prior Learning With Uncertainty Mitigation for Heterogeneous Distributed Devices,Fangyu Li; Xuqiang Chen; Jinghao Liu; Yu Wang; Honggui Han,7,6,10.1109/tai.2025.3637006,https://doi.org/10.1109/tai.2025.3637006,article,IEEE Transactions on Artificial Intelligence,https://openalex.org/W4416707234
IEEE Transactions on Artificial Intelligence,IEEE,2025,2025-11-26,Front Cover,,6,12,10.1109/tai.2025.3632313,https://doi.org/10.1109/tai.2025.3632313,paratext,IEEE Transactions on Artificial Intelligence,https://openalex.org/W4416706937
IEEE Transactions on Artificial Intelligence,IEEE,2025,2025-11-26,IEEE Transactions on Artificial Intelligence Publication Information,,6,12,10.1109/tai.2025.3632311,https://doi.org/10.1109/tai.2025.3632311,paratext,IEEE Transactions on Artificial Intelligence,https://openalex.org/W4416706935
IEEE Transactions on Artificial Intelligence,IEEE,2025,2025-11-26,KR-SWP: Knowledge Reuse for Stripe-Wise Pruning,Zheng Huo; Jiazhen Xu; Jiafei Wu; Chong Wang; Wenxiu Huang; Jiangbo Qian,7,6,10.1109/tai.2025.3636850,https://doi.org/10.1109/tai.2025.3636850,article,IEEE Transactions on Artificial Intelligence,https://openalex.org/W4416706906
IEEE Transactions on Artificial Intelligence,IEEE,2025,2025-11-26,Table of Contents,,6,12,10.1109/tai.2025.3632309,https://doi.org/10.1109/tai.2025.3632309,paratext,IEEE Transactions on Artificial Intelligence,https://openalex.org/W4416706949
IEEE Transactions on Artificial Intelligence,IEEE,2025,2025-11-27,DWAKC: Dynamic Weighted Adaptive Kernel Convolution for Diabetic Retinopathy Grading,Sandeep Madarapu; Samit Ari; Kamalakanta Mahapatra,7,6,10.1109/tai.2025.3635096,https://doi.org/10.1109/tai.2025.3635096,article,IEEE Transactions on Artificial Intelligence,https://openalex.org/W4416748540
IEEE Transactions on Artificial Intelligence,IEEE,2025,2025-11-27,FedFlex: Protecting Shared Features in Vertical Federated Learning via Differential Privacy,Yuxi Mi; Hongquan Liu; Yewei Xia; Yi-Na Sun; Yateng Tang; Jihong Guan; Shuigeng Zhou,7,6,10.1109/tai.2025.3636492,https://doi.org/10.1109/tai.2025.3636492,article,IEEE Transactions on Artificial Intelligence,https://openalex.org/W4416748539
IEEE Transactions on Artificial Intelligence,IEEE,2025,2025-11-27,Multitask Transfer Learning in Trajectory Tracking Control Problems Using Iterative Learning Control,J. J. Cui; Nick-Marios T. Kokolakis; Kyriakos G. Vamvoudakis; Patricio Antonio Vela,7,6,10.1109/tai.2025.3637790,https://doi.org/10.1109/tai.2025.3637790,article,IEEE Transactions on Artificial Intelligence,https://openalex.org/W4416748528
IEEE Transactions on Artificial Intelligence,IEEE,2025,2025-11-28,A Generative AI Application for Qualitative Automatic Population of Multimedia Knowledge Graphs,Domenico Benfenati; Antonio M. Rinaldi; Cristiano Russo; Cristian Tommasino,7,6,10.1109/tai.2025.3638321,https://doi.org/10.1109/tai.2025.3638321,article,IEEE Transactions on Artificial Intelligence,https://openalex.org/W4416798004
IEEE Transactions on Artificial Intelligence,IEEE,2025,2025-11-28,BORCAE: Bayesian Optimized Residual Convolutional Autoencoder for Efficient Feedback Compression in RIS-Assisted Time-Varying IoT Networks,Vikash Kumar Bhardwaj; Abhishek Singh; Shourya Sharma; Mahendra Kumar Shukla; Om Jee Pandey,7,6,10.1109/tai.2025.3638329,https://doi.org/10.1109/tai.2025.3638329,article,IEEE Transactions on Artificial Intelligence,https://openalex.org/W4416797999
IEEE Transactions on Artificial Intelligence,IEEE,2025,2025-11-28,Community-Driven Contrastive Learning: Enhancing Global Representation in Graph Neural Networks,Wenhao Zhou; Zhenhua Huang; Shaojie Wang; Junfeng Fang; Zhaohong Jia; Linyuan Lv; Xiaohui Xie,7,6,10.1109/tai.2025.3638338,https://doi.org/10.1109/tai.2025.3638338,article,IEEE Transactions on Artificial Intelligence,https://openalex.org/W4416797997
IEEE Transactions on Artificial Intelligence,IEEE,2025,2025-12-01,2025 Index IEEE Transactions on Artificial Intelligence,,6,12,10.1109/tai.2025.3641262,https://doi.org/10.1109/tai.2025.3641262,article,IEEE Transactions on Artificial Intelligence,https://openalex.org/W4417131454
IEEE Transactions on Artificial Intelligence,IEEE,2025,2025-12-02,Machine Unlearning For Alleviating Negative Transfer In Partial-Set Source-Free Unsupervised Domain Adaptation,Jiahao Wu; Xialun Yun; Feng Ji; Li Peng; Jielong Yang,7,6,10.1109/tai.2025.3638979,https://doi.org/10.1109/tai.2025.3638979,article,IEEE Transactions on Artificial Intelligence,https://openalex.org/W7108202206
IEEE Transactions on Artificial Intelligence,IEEE,2025,2025-12-02,QMIP: Enhancing Multiagent Reinforcement Learning Coordination Through Macro Intention Prediction,Yongzheng Cui; Biao Luo; Rui Tang; Chunhua Yang; Weihua Gui,7,6,10.1109/tai.2025.3639190,https://doi.org/10.1109/tai.2025.3639190,article,IEEE Transactions on Artificial Intelligence,https://openalex.org/W7108202391
IEEE Transactions on Artificial Intelligence,IEEE,2025,2025-12-03,A Preference-Driven Methodology for Efficient Code Generation,Yuqi Li; Zijie Zhou; Zhiyuan Peng; Junhao Dong; Haochen You; Renye Yan; Shiping Wen; Yingli Tian; Tingwen Huang,7,6,10.1109/tai.2025.3639527,https://doi.org/10.1109/tai.2025.3639527,article,IEEE Transactions on Artificial Intelligence,https://openalex.org/W4416965635
IEEE Transactions on Artificial Intelligence,IEEE,2025,2025-12-03,Interpretable CNN–LSTM Framework for Multiclass Neuromuscular Disorder Classification Using Clinically Relevant EMG Features,Anika Tasnim Ritu; Shahed Hossain; Md. Zahid Hasan; Sushanto Bosak; Abubokor Hanip; Touhid Bhuiyan,7,6,10.1109/tai.2025.3639453,https://doi.org/10.1109/tai.2025.3639453,article,IEEE Transactions on Artificial Intelligence,https://openalex.org/W4416965642
IEEE Transactions on Artificial Intelligence,IEEE,2025,2025-12-04,A Robust Fuzzy Neural Dynamics for Collaborative Control in Multimanipulator Systems,Hang Cai; Wensheng Tang; Lin Xiao; Ping Tan; Qiuyue Zuo,7,6,10.1109/tai.2025.3639452,https://doi.org/10.1109/tai.2025.3639452,article,IEEE Transactions on Artificial Intelligence,https://openalex.org/W4417001727
IEEE Transactions on Artificial Intelligence,IEEE,2025,2025-12-04,Identifier-Critic-Based Adaptive Optimal Control for USVs With Guaranteed Performance,Lin Chen; Yaonan Wang; Zhiqiang Miao; Yiming Jiang; Xudong Wang; Shi-Lu Dai,7,6,10.1109/tai.2025.3640155,https://doi.org/10.1109/tai.2025.3640155,article,IEEE Transactions on Artificial Intelligence,https://openalex.org/W7108451359
IEEE Transactions on Artificial Intelligence,IEEE,2025,2025-12-04,Information Bottleneck for Attribution Applied to Object Detection,Bruno Coelho; Jaime S. Cardoso,7,6,10.1109/tai.2025.3639344,https://doi.org/10.1109/tai.2025.3639344,article,IEEE Transactions on Artificial Intelligence,https://openalex.org/W7108439514
IEEE Transactions on Artificial Intelligence,IEEE,2025,2025-12-04,Learning Personalized Human Decision Models in Cyber Defense,Amirhossein Ravari; Guangyu Jiang; Mahdi Imani; Robert Thomson; Aryn A. Pyke; Nathaniel D. Bastian; Tian Lan,7,6,10.1109/tai.2025.3640159,https://doi.org/10.1109/tai.2025.3640159,article,IEEE Transactions on Artificial Intelligence,https://openalex.org/W4417001688
IEEE Transactions on Artificial Intelligence,IEEE,2025,2025-12-04,SimLOB: Learning Representations of Limit Order Book for Financial Market Simulation,Yuanzhe Li; Yue Fei Wu; Muyao Zhong; Shengcai Liu; Peng Yang,7,6,10.1109/tai.2025.3640135,https://doi.org/10.1109/tai.2025.3640135,article,IEEE Transactions on Artificial Intelligence,https://openalex.org/W4417001712
IEEE Transactions on Artificial Intelligence,IEEE,2025,2025-12-04,SparseAD: Sparse Query-Centric Paradigm for Efficient End-to-End Autonomous Driving,Runwen Zhu; Jianbo Zhao; Diankun Zhang; Guoan Wang; Xiwu Chen; Siyu Zhang; Jiahao Gong; Qibin Zhou; Wenyuan Zhang; Ningzi Wang; Feiyang Tan; Ziyao Xu; Hangning Zhou; Haotian Yao; Chi Zhang; Lei Liu; Xiaojun Liu; Xiaoguang Di; Bin Li,7,6,10.1109/tai.2025.3639457,https://doi.org/10.1109/tai.2025.3639457,article,IEEE Transactions on Artificial Intelligence,https://openalex.org/W7108482493
IEEE Transactions on Artificial Intelligence,IEEE,2025,2025-12-05,AI-Based Automatic Prostate Gland Segmentation in Multi-modal Medical Imaging: A Review,Doudou Xu; Rui Jin; Lu Fan; Derun Li; Dehui Xiang; Lei Zhang; Hailin Zhou; Fei Shi; Weifang Zhu; Jing Cai; Enting Gao; Xinjian Chen; Tao Peng,7,6,10.1109/tai.2025.3640597,https://doi.org/10.1109/tai.2025.3640597,article,IEEE Transactions on Artificial Intelligence,https://openalex.org/W4417056910
IEEE Transactions on Artificial Intelligence,IEEE,2025,2025-12-08,Generalizable Synthetic Image Detection via Language-Guided Contrastive Learning,Haiwei Wu; Jiantao Zhou; Shile Zhang,7,6,10.1109/tai.2025.3641104,https://doi.org/10.1109/tai.2025.3641104,article,IEEE Transactions on Artificial Intelligence,https://openalex.org/W4417131101
IEEE Transactions on Artificial Intelligence,IEEE,2025,2025-12-09,Adaptive Container Characterization via Language Mapping for Video Integrity and Source Analysis,Yuanman Li; Zhiwei Zhao; Jiaxiong Ye; Yulong Zheng; Bin Li; Rongrong Ni; Wei Wang; Xia Li,7,6,10.1109/tai.2025.3642066,https://doi.org/10.1109/tai.2025.3642066,article,IEEE Transactions on Artificial Intelligence,https://openalex.org/W7111414421
IEEE Transactions on Artificial Intelligence,IEEE,2025,2025-12-09,Contrast Duality of Adversarial Learningin Network Intrusion: A Review,Shalini Saini; Anitha Chennamaneni; Babatunde Sawyerr,7,6,10.1109/tai.2025.3641908,https://doi.org/10.1109/tai.2025.3641908,article,IEEE Transactions on Artificial Intelligence,https://openalex.org/W7110841380
IEEE Transactions on Artificial Intelligence,IEEE,2025,2025-12-09,Enhancing EEG Signal-Based Emotion Recognition With Synthetic Data: Diffusion Model Approach,Gourav Siddhad; Masakazu Iwamura; Partha Pratim Roy,7,6,10.1109/tai.2025.3641576,https://doi.org/10.1109/tai.2025.3641576,article,IEEE Transactions on Artificial Intelligence,https://openalex.org/W4391421212
IEEE Transactions on Artificial Intelligence,IEEE,2025,2025-12-09,Omics-Based Cancer Prognosis Across Ethnic Groups: From Feature Engineering to Disparity Detection and Mitigation,Teena Sharma; Nishchal K. Verma; Yan Cui,7,6,10.1109/tai.2025.3640596,https://doi.org/10.1109/tai.2025.3640596,article,IEEE Transactions on Artificial Intelligence,https://openalex.org/W7111204982
IEEE Transactions on Artificial Intelligence,IEEE,2025,2025-12-09,Reinforcement Learning-Enhanced Dynamic LSTM Training With Meta-Feature Extraction for Small Time-Series VOC Datasets in CKD Detection,Deblina Kar; Shyamal Kumar Das Mandal; Tarun Kanti Bhattacharyya,7,6,10.1109/tai.2025.3641577,https://doi.org/10.1109/tai.2025.3641577,article,IEEE Transactions on Artificial Intelligence,https://openalex.org/W7111193457
IEEE Transactions on Artificial Intelligence,IEEE,2025,2025-12-10,Notice of Removal: Teacher-Student Structure for Domain Adaptation in Ensemble Audio-Visual Video Deepfake Detection,Elham Abolhasani; Maryam Ramezani; Hamid R. Rabiee,,,10.1109/tai.2025.3642217,https://doi.org/10.1109/tai.2025.3642217,article,IEEE Transactions on Artificial Intelligence,https://openalex.org/W7113896684
IEEE Transactions on Artificial Intelligence,IEEE,2025,2025-12-12,Cascaded Neural Network-Based Assessment of Voltage Stability Margin in a Renewable-Rich Indian Power System,Karuppasamy Anthony; Venkadesan Arunachalam,7,6,10.1109/tai.2025.3643398,https://doi.org/10.1109/tai.2025.3643398,article,IEEE Transactions on Artificial Intelligence,https://openalex.org/W4417284304
IEEE Transactions on Artificial Intelligence,IEEE,2025,2025-12-12,PPFPL: Cross-Silo Privacy-Preserving Federated Prototype Learning Against Data Poisoning Attacks,Hongliang Zhang; Jiguo Yu; Fenghua Xu; Chunqiang Hu; Yongzhao Zhang; Xiaofen Wang; Zhongyuan Yu; Xiaosong Zhang,7,6,10.1109/tai.2025.3643391,https://doi.org/10.1109/tai.2025.3643391,article,IEEE Transactions on Artificial Intelligence,https://openalex.org/W4417284314
IEEE Transactions on Artificial Intelligence,IEEE,2025,2025-12-17,1D-CXNet and 3D-CXNet: Enhancing Accuracy in Noncontact HR Monitoring With Limited Computational Resources,Aravind A Anil; Srinivasa Karthik; Clive Demetrius Jaimme Poppen; Mohanasankar Sivaprakasam; Jayaraj Joseph,7,7,10.1109/tai.2025.3645022,https://doi.org/10.1109/tai.2025.3645022,article,IEEE Transactions on Artificial Intelligence,https://openalex.org/W4417438487
IEEE Transactions on Artificial Intelligence,IEEE,2025,2025-12-17,A Transducer-Adaptive Denoising Model for Medical Ultrasound Imaging,Mingfu Jiang; Chenzhi You; Xiang Li; Xiangyu Xiong; Jun Li; Mingwei Wang; Yuqi Guo; Yao Xiao; Yuyu Bai; Dawei Wu; Tao Tan,7,7,10.1109/tai.2025.3645157,https://doi.org/10.1109/tai.2025.3645157,article,IEEE Transactions on Artificial Intelligence,https://openalex.org/W4417438485
IEEE Transactions on Artificial Intelligence,IEEE,2025,2025-12-17,Behavior-Aware Global-Enhanced Neural Modeling for Sequential Set Recommendation,Zhiying Deng; Wei Liu; Jianjun Li; Zhiqiang Guo; Qian Chen; Juan Zhao,7,6,10.1109/tai.2025.3644330,https://doi.org/10.1109/tai.2025.3644330,article,IEEE Transactions on Artificial Intelligence,https://openalex.org/W4417438466
IEEE Transactions on Artificial Intelligence,IEEE,2025,2025-12-17,Energy-Efficient Supervised Learning With a Binary Stochastic Forward-Forward Algorithm,Risi Jaiswal; Supriyo Datta; Joseph G. Makin,7,7,10.1109/tai.2025.3645750,https://doi.org/10.1109/tai.2025.3645750,article,IEEE Transactions on Artificial Intelligence,https://openalex.org/W4417438473
IEEE Transactions on Artificial Intelligence,IEEE,2025,2025-12-17,Enhancing Vision Language Models With Logic Reasoning for Situational Awareness,Pavana Pradeep Kumar; Krishna Kant; Suya You,7,6,10.1109/tai.2025.3644830,https://doi.org/10.1109/tai.2025.3644830,article,IEEE Transactions on Artificial Intelligence,https://openalex.org/W4417438459
IEEE Transactions on Artificial Intelligence,IEEE,2025,2025-12-17,Fully Perturbed Self-Ensemble Framework Using Cascaded Parallel CNN-Transformer for Semisupervised Medical Image Segmentation,Tao Lei; Sijia Wen; Xiaogang Du; Ziyao Yang; Lifeng He; Chenxia Li; Yong Hong Wan; Bin Hu; Asoke Kumar Nandi,7,6,10.1109/tai.2025.3644335,https://doi.org/10.1109/tai.2025.3644335,article,IEEE Transactions on Artificial Intelligence,https://openalex.org/W4417438495
IEEE Transactions on Artificial Intelligence,IEEE,2025,2025-12-17,HFGaussian: Learning Generalizable Gaussian Human With Integrated Human Features,Arnab Dey; Cheng-You Lu; Andrew I. Comport; Srinath Sridhar; Chin‐Teng Lin; Jean Martinet,7,6,10.1109/tai.2025.3644324,https://doi.org/10.1109/tai.2025.3644324,article,IEEE Transactions on Artificial Intelligence,https://openalex.org/W4417438483
IEEE Transactions on Artificial Intelligence,IEEE,2025,2025-12-17,LightningSHAP: A Cost-Effective Approach to Local Shapley Values Estimation,Davide Napolitano; Luca Cagliero,7,7,10.1109/tai.2025.3645716,https://doi.org/10.1109/tai.2025.3645716,article,IEEE Transactions on Artificial Intelligence,https://openalex.org/W4417438479
IEEE Transactions on Artificial Intelligence,IEEE,2025,2025-12-17,Regularization in Neural Networks: A Survey and Empirical Analysis of Approaches,Christiaan P. Opperman; Anna Sergeevna Bosman; Katherine Mary Malan,7,6,10.1109/tai.2025.3644334,https://doi.org/10.1109/tai.2025.3644334,article,IEEE Transactions on Artificial Intelligence,https://openalex.org/W4417438489
IEEE Transactions on Artificial Intelligence,IEEE,2025,2025-12-19,Federated Semi-Supervised Learning with Annotation Heterogeneity,Xinyi Shang; Gang Huang; Yang Lu; Jian Lou; Bo Han; Yiu-Ming Cheung; Hanzi Wang,7,7,10.1109/tai.2025.3643401,https://doi.org/10.1109/tai.2025.3643401,article,IEEE Transactions on Artificial Intelligence,https://openalex.org/W7116324923
IEEE Transactions on Artificial Intelligence,IEEE,2025,2025-12-19,Harnessing Teacher’s Explanation for Improved Knowledge Distillation,Sayantan Chowdhury; Ben Liang; Ali Tizghadam; Ilijc Albanesea,7,7,10.1109/tai.2025.3646194,https://doi.org/10.1109/tai.2025.3646194,article,IEEE Transactions on Artificial Intelligence,https://openalex.org/W7116441454
IEEE Transactions on Artificial Intelligence,IEEE,2025,2025-12-19,Inner-Probe: Discovering Copyright-Related Data Generation in LLM Architecture,Qichao Ma; Ruijie Zhu; Peiye Liu; Renye Yan; Fahong Zhang; Ling Liang; Meng Li; Zhaofei Yu; Zongwei Wang; Yimao Cai; Tiejun Huang,7,7,10.1109/tai.2025.3645710,https://doi.org/10.1109/tai.2025.3645710,article,IEEE Transactions on Artificial Intelligence,https://openalex.org/W4403963933
IEEE Transactions on Artificial Intelligence,IEEE,2025,2025-12-22,Emerging Synergies in Causality and Deep Generative Models: A Survey,Guanglin Zhou; Shaoan Xie; Guang-Yuan Hao; Shiming Chen; Biwei Huang; Xiwei Xu; Chen Wang; Liming Zhu; Lina Yao; Kun Zhang,7,7,10.1109/tai.2025.3646958,https://doi.org/10.1109/tai.2025.3646958,article,IEEE Transactions on Artificial Intelligence,https://openalex.org/W7116764066
IEEE Transactions on Artificial Intelligence,IEEE,2025,2025-12-22,Enhanced Masking-Differential Prompting (MDP): Defending Backdoor Attacks for Pre-trained Language Models Under Few-Shot Learning,Xingwei Zhong; Kar Wai Fok; Vrizlynn L. L. Thing,7,7,10.1109/tai.2025.3647017,https://doi.org/10.1109/tai.2025.3647017,article,IEEE Transactions on Artificial Intelligence,https://openalex.org/W7116754691
IEEE Transactions on Artificial Intelligence,IEEE,2025,2025-12-22,Insider Threat Detection Using GCN and Bi-LSTM With Explicit and Implicit Graph Representations,Rahul Yumlembam; Biju Issac; Seibu Mary Jacob; Longzhi Yang; Deepa Krishnan,7,7,10.1109/tai.2025.3647418,https://doi.org/10.1109/tai.2025.3647418,article,IEEE Transactions on Artificial Intelligence,https://openalex.org/W7116736446
IEEE Transactions on Artificial Intelligence,IEEE,2025,2025-12-22,SWONA: Small-World Inspired Optimal Neural Architecture for Smart Neuropsychiatric Diagnostics,Shubham Dwivedi; Om Jee Pandey; Rajesh Mahanand Hegde,7,7,10.1109/tai.2025.3647410,https://doi.org/10.1109/tai.2025.3647410,article,IEEE Transactions on Artificial Intelligence,https://openalex.org/W7116737389
IEEE Transactions on Artificial Intelligence,IEEE,2025,2025-12-22,Uncertainty Estimation for Graph-Based Learning in Digital Pathology,Saba Heidari Gheshlaghi; Nasim Soltani; Masoud Ganji,7,7,10.1109/tai.2025.3646956,https://doi.org/10.1109/tai.2025.3646956,article,IEEE Transactions on Artificial Intelligence,https://openalex.org/W7116655736
IEEE Transactions on Artificial Intelligence,IEEE,2025,2025-12-23,ICAFS: Inter-Client-Aware Feature Selection for Vertical Federated Learning,Ruochen Jin; Boning Tong; Shu Yuan Yang; Bojian Hou; Li Shen,7,7,10.1109/tai.2025.3647596,https://doi.org/10.1109/tai.2025.3647596,article,IEEE Transactions on Artificial Intelligence,https://openalex.org/W7116982809
IEEE Transactions on Artificial Intelligence,IEEE,2025,2025-12-23,Plasticine: A Traceable Diffusion Model for Medical Image Translation,Tianyang Zhanng; Xinxing Cheng; Jun Cheng; Shaoming Zheng; He Zhao; Huazhu Fu; Alejandro Federico Frangi; Jiayi Liu; Jinming Duan,,,10.1109/tai.2025.3647595,https://doi.org/10.1109/tai.2025.3647595,article,IEEE Transactions on Artificial Intelligence,https://openalex.org/W7116845442
IEEE Transactions on Artificial Intelligence,IEEE,2025,2025-12-25,Methodologies for Diffusion Model Interpretability: A Systematic Review,Tina Lakhani; Jing Wu; Yu‐Kun Lai; Ze Ji,7,7,10.1109/tai.2025.3648376,https://doi.org/10.1109/tai.2025.3648376,review,IEEE Transactions on Artificial Intelligence,https://openalex.org/W7117247294
IEEE Transactions on Artificial Intelligence,IEEE,2025,2025-12-29,Enhancing Robustness in Deep Convolutional Neural Networks Through Multiresolution Learning,Hongyan Zhou; Yao Liang,7,7,10.1109/tai.2025.3648953,https://doi.org/10.1109/tai.2025.3648953,article,IEEE Transactions on Artificial Intelligence,https://openalex.org/W7117487843
IEEE Transactions on Artificial Intelligence,IEEE,2025,2025-12-29,Graph Machine Learning Framework for Gravimetry Data Analysis and Cavity Detection,Gourab Panda; Vipul Kumar Singh; Anil Kumar; Manabendra Saharia; Sandeep Kumar,7,7,10.1109/tai.2025.3648693,https://doi.org/10.1109/tai.2025.3648693,article,IEEE Transactions on Artificial Intelligence,https://openalex.org/W7117463352
IEEE Transactions on Artificial Intelligence,IEEE,2026,2026-01-01,1-Bit-Triggered Adaptive Fuzzy Fault-Tolerant Tracking Control for Underwater Tracked Robot with Intermittent Sensor Faults,Kelin Feng; Kewen Li; Yongming Li,,,10.1109/tai.2026.3734018,https://doi.org/10.1109/tai.2026.3734018,article,IEEE Transactions on Artificial Intelligence,https://openalex.org/W7213413575
IEEE Transactions on Artificial Intelligence,IEEE,2026,2026-01-01,A CVaR-Constrained Safe Reinforcement Learning Framework with Action Repair for Practical Portfolio Optimization,Himanshu Choudhary; Arishi Orra; Manoj Thakur; Xiao‐Zhi Gao; Prabhat Kumar Sahu,,,10.1109/tai.2026.3686783,https://doi.org/10.1109/tai.2026.3686783,article,IEEE Transactions on Artificial Intelligence,https://openalex.org/W7155551936
IEEE Transactions on Artificial Intelligence,IEEE,2026,2026-01-01,A Collaborative Neural Network With Adaptive Gradient Dynamics for Nonconvex Optimization,Juliang Wang; Haoen Huang; Kun Deng; Zhigang Zeng,,,10.1109/tai.2026.3695501,https://doi.org/10.1109/tai.2026.3695501,article,IEEE Transactions on Artificial Intelligence,https://openalex.org/W7162015187
IEEE Transactions on Artificial Intelligence,IEEE,2026,2026-01-01,A Comprehensive Survey of the Transformative Path of AI: From AI Agents to Agentic AI,Qiyu Sun; Jasna Koteska; Jana Prodanova; Jing Xu; Guangtao Zhai; Yang Tang; Ljupčo Kocarev,,,10.1109/tai.2026.3731951,https://doi.org/10.1109/tai.2026.3731951,article,IEEE Transactions on Artificial Intelligence,https://openalex.org/W7211930725
IEEE Transactions on Artificial Intelligence,IEEE,2026,2026-01-01,A Fine-grained Data Reconstruction Framework for Sparsely Sampled Industrial Time-Series,Yudi Zhang; Hongpeng Yin; Han Zhou; Renpeng Mo; Tengfei Zhang; Simon X. Yang,,,10.1109/tai.2026.3717545,https://doi.org/10.1109/tai.2026.3717545,article,IEEE Transactions on Artificial Intelligence,https://openalex.org/W7202208745
IEEE Transactions on Artificial Intelligence,IEEE,2026,2026-01-01,A Goal-guided Dual-policy Deep Reinforcement Learning Framework for Multi-robot Navigation,Jianbin Xin; Xu Tao; Hai Zhu; Yanhong Liu,,,10.1109/tai.2026.3732286,https://doi.org/10.1109/tai.2026.3732286,article,IEEE Transactions on Artificial Intelligence,https://openalex.org/W7212059536
IEEE Transactions on Artificial Intelligence,IEEE,2026,2026-01-01,A Hybrid Framework for Hallucination Detection in Large Language Models,Sourabh Yadav; Nishchal Kumar Verma,,,10.1109/tai.2026.3653354,https://doi.org/10.1109/tai.2026.3653354,article,IEEE Transactions on Artificial Intelligence,https://openalex.org/W7123353451
IEEE Transactions on Artificial Intelligence,IEEE,2026,2026-01-01,A Noise-Tolerant Adaptive Fuzzy Neural Approach to Complex-Valued Quadratic Programming with Image Encryption Applications,Jianle Peng; Lin Xiao; Dan Wang; Zihao Wang; Qiuyue Zuo; Yufei Ren,,,10.1109/tai.2026.3711068,https://doi.org/10.1109/tai.2026.3711068,article,IEEE Transactions on Artificial Intelligence,https://openalex.org/W7167624255
IEEE Transactions on Artificial Intelligence,IEEE,2026,2026-01-01,A Secure and Interpretable Federated Learning Framework for Diabetes Prediction with Blockchain-Enabled Security,Shamim Ahmed; Sudipto Chaki; M. Shamim Kaiser; A B M Shawkat Ali; Mohammad Ali Moni,,,10.1109/tai.2026.3660813,https://doi.org/10.1109/tai.2026.3660813,article,IEEE Transactions on Artificial Intelligence,https://openalex.org/W7127600013
IEEE Transactions on Artificial Intelligence,IEEE,2026,2026-01-01,A Unified Framework for Reliable Survival Analysis,Armand Bandiang Massoua; Mohamed Bouguessa; Abdoulaye Baniré Diallo,,,10.1109/tai.2026.3697686,https://doi.org/10.1109/tai.2026.3697686,article,IEEE Transactions on Artificial Intelligence,https://openalex.org/W7162537762
IEEE Transactions on Artificial Intelligence,IEEE,2026,2026-01-01,A diffusion-based sequential recommender via partial noise injection and cross-expert comparison,彭春元; Lin Zheng; Sentao Chen,,,10.1109/tai.2026.3700980,https://doi.org/10.1109/tai.2026.3700980,article,IEEE Transactions on Artificial Intelligence,https://openalex.org/W7163699873
IEEE Transactions on Artificial Intelligence,IEEE,2026,2026-01-01,Accelerated Finite-Time Inverse-Free ZND Model for Solving Dynamic Sylvester Matrix Equation Problems with Application,Pengfei Guo; Yunong Zhang; Min Yang; Shuai Li; Yu Peng,,,10.1109/tai.2026.3731219,https://doi.org/10.1109/tai.2026.3731219,article,IEEE Transactions on Artificial Intelligence,https://openalex.org/W7211865949
IEEE Transactions on Artificial Intelligence,IEEE,2026,2026-01-01,Activation Space Clustering for Transparent AI-Driven Cybersecurity Against Deferred Backdoor Attacks,Yashwant Aditya; Priyank Jain,,,10.1109/tai.2026.3678603,https://doi.org/10.1109/tai.2026.3678603,article,IEEE Transactions on Artificial Intelligence,https://openalex.org/W7143516349
IEEE Transactions on Artificial Intelligence,IEEE,2026,2026-01-01,Actively Learning Task Constraints from Feasible and Failed Demonstrations,Baiyu Peng; Aude Billard,,,10.1109/tai.2026.3731354,https://doi.org/10.1109/tai.2026.3731354,article,IEEE Transactions on Artificial Intelligence,https://openalex.org/W7211892113
IEEE Transactions on Artificial Intelligence,IEEE,2026,2026-01-01,Adversarial Semantic Augmentation for Training Generative Adversarial Networks under Limited Data,Mengping Yang; Zhe Wang; Ziqiu Chi; Dongdong Li; Wenli Du,,,10.1109/tai.2026.3731392,https://doi.org/10.1109/tai.2026.3731392,article,IEEE Transactions on Artificial Intelligence,https://openalex.org/W4407124134
IEEE Transactions on Artificial Intelligence,IEEE,2026,2026-01-01,Adversary-Robust Graph-Based Learning of WSIs,Saba Heidari Gheshlaghi; Milan Aryal; Nasim Yahyasoltani; Masoud Ganji,,,10.1109/tai.2026.3688616,https://doi.org/10.1109/tai.2026.3688616,article,IEEE Transactions on Artificial Intelligence,https://openalex.org/W4393119141
IEEE Transactions on Artificial Intelligence,IEEE,2026,2026-01-01,AffNet: Designing Multi-headed Affinity and Adaptive Thresholding for Unsupervised Homophily Estimation,Indranil Ojha; Kushal Bose; Swagatam Das,,,10.1109/tai.2026.3688210,https://doi.org/10.1109/tai.2026.3688210,article,IEEE Transactions on Artificial Intelligence,https://openalex.org/W7156213612
IEEE Transactions on Artificial Intelligence,IEEE,2026,2026-01-01,An Indicator-based Sliding Window Detection Evolutionary Algorithm for Dynamic Multiobjective Optimization With Elusive Changes,Fei Li; Hao Pan; Hao Shen; Qingda Chen; Shouyong Jiang; Shengxiang Yang,,,10.1109/tai.2026.3704034,https://doi.org/10.1109/tai.2026.3704034,article,IEEE Transactions on Artificial Intelligence,https://openalex.org/W7164923745
IEEE Transactions on Artificial Intelligence,IEEE,2026,2026-01-01,An Information-aware Reconstruction Model for Multi-category 3D Anomaly Detection,Hanzhe Liang; Can Gao; Zehai Niu; Jie Zhang; Jinbao Wang; Linlin Shen,,,10.1109/tai.2026.3717889,https://doi.org/10.1109/tai.2026.3717889,article,IEEE Transactions on Artificial Intelligence,https://openalex.org/W7201863026
IEEE Transactions on Artificial Intelligence,IEEE,2026,2026-01-01,Analyzing the Effects of Domain-Adaptive Pretraining on Propaganda Technique Detection in a Low-Resource Language,Ieva Rizgelienė; Hannele Seeck,,,10.1109/tai.2026.3723357,https://doi.org/10.1109/tai.2026.3723357,article,IEEE Transactions on Artificial Intelligence,https://openalex.org/W7203893509
IEEE Transactions on Artificial Intelligence,IEEE,2026,2026-01-01,Anatomically Guided Graph Neural Network for Intracranial Aneurysm Detection and Localization in 3D TOF-MRA,Keerthi A S Pillai; K P Preena; Prof. (Dr.) Madhu S. Nair,,,10.1109/tai.2026.3731570,https://doi.org/10.1109/tai.2026.3731570,article,IEEE Transactions on Artificial Intelligence,https://openalex.org/W7211961808
IEEE Transactions on Artificial Intelligence,IEEE,2026,2026-01-01,AntiTrap-FL: Local-Optimal-Trap-Resistant Efficient Federated Learning via Globally-Optimized Model Fusion,Qiao Qiao; Yuange Liu; Weishan Zhang; Daobin Luo; Yuru Liu; Shuai Guo; Baoyu Zhang; Zichao Zhang; Ke Lv,,,10.1109/tai.2026.3730716,https://doi.org/10.1109/tai.2026.3730716,article,IEEE Transactions on Artificial Intelligence,https://openalex.org/W7207578949
IEEE Transactions on Artificial Intelligence,IEEE,2026,2026-01-01,Artifact-Robust Graph-Based Learning in Digital Pathology,Saba Heidari Gheshlaghi; Milan Aryal; Nasim Yahyasoltani; Masoud Ganji,,,10.1109/tai.2026.3685637,https://doi.org/10.1109/tai.2026.3685637,article,IEEE Transactions on Artificial Intelligence,https://openalex.org/W4388067768
IEEE Transactions on Artificial Intelligence,IEEE,2026,2026-01-01,Attention-Guided Variational Distillation for Robust Depth Estimation under Challenging Conditions,Jianhui Kang; Chunli Zhu; Fan Zhang; Han Shen; Guanghui Wen,,,10.1109/tai.2026.3731359,https://doi.org/10.1109/tai.2026.3731359,article,IEEE Transactions on Artificial Intelligence,https://openalex.org/W7211885412
IEEE Transactions on Artificial Intelligence,IEEE,2026,2026-01-01,Autonomous Pipeline Inspection Using Lightweight Vision-Based UAV Tracking,Naisarg Pandya; Surya Prakash S.K.; Ayush Gupta; Ashok Kumar Sivarathri; Jagadeesh Rachapudi; Pranav Singh; Praful Hambarde; Amit Shukla,,,10.1109/tai.2026.3693978,https://doi.org/10.1109/tai.2026.3693978,article,IEEE Transactions on Artificial Intelligence,https://openalex.org/W7161250543
IEEE Transactions on Artificial Intelligence,IEEE,2026,2026-01-01,BEST: Blockchain-Enabled Sustainable Task Scheduling for Optimizing Large AI Model Workloads at the Edge,Haoxiang Luo; Runhua Chen; Gang Sun; Hongfang Yu; Schahram Dustdar,,,10.1109/tai.2026.3669544,https://doi.org/10.1109/tai.2026.3669544,article,IEEE Transactions on Artificial Intelligence,https://openalex.org/W7133359789
IEEE Transactions on Artificial Intelligence,IEEE,2026,2026-01-01,Beyond Surface Similarity: Evaluating Structured Output Consistency in Large Language Models,Jinze Yu; Guanghui Wang; Yanping Deng,,,10.1109/tai.2026.3700978,https://doi.org/10.1109/tai.2026.3700978,article,IEEE Transactions on Artificial Intelligence,https://openalex.org/W7163694362
IEEE Transactions on Artificial Intelligence,IEEE,2026,2026-01-01,CAMSR: Content-Aware State Space Model for Lightweight Image Super-Resolution,Xiaoyan Lei; Biao Luo; Wenlong Zhang; Weifeng Cao,,,10.1109/tai.2026.3730645,https://doi.org/10.1109/tai.2026.3730645,article,IEEE Transactions on Artificial Intelligence,https://openalex.org/W7207690488
IEEE Transactions on Artificial Intelligence,IEEE,2026,2026-01-01,CCDM: Channel-Aware Contrastive Conditional Diffusion for Multivariate Probabilistic Forecasting,Shanshan Li; Yize Chen; Hui Xiong,,,10.1109/tai.2026.3679847,https://doi.org/10.1109/tai.2026.3679847,article,IEEE Transactions on Artificial Intelligence,https://openalex.org/W7148806782
IEEE Transactions on Artificial Intelligence,IEEE,2026,2026-01-01,CECO-LAD: Cloud-Edge Collaboration for Unsupervised Log Anomaly Detection,Qinxuan Shi; Zhanglong Yang; Sicong Shao,,,10.1109/tai.2026.3701348,https://doi.org/10.1109/tai.2026.3701348,article,IEEE Transactions on Artificial Intelligence,https://openalex.org/W7163925144
IEEE Transactions on Artificial Intelligence,IEEE,2026,2026-01-01,CTRL: Cross-modal Transformer with Reinforcement Learning for Climate Causal Discovery,Jinduo Liu; Ting Wang; Yilin Lu; Junzhong Ji,,,10.1109/tai.2026.3688211,https://doi.org/10.1109/tai.2026.3688211,article,IEEE Transactions on Artificial Intelligence,https://openalex.org/W7161570629
IEEE Transactions on Artificial Intelligence,IEEE,2026,2026-01-01,CausalBN-Bench: A Comprehensive Benchmark for Causal Learning Capability of LLMs,Yu Zhou; Xingyu Wu; Jianmin Wu; Liang Feng; Kay Chen Tan,,,10.1109/tai.2026.3703427,https://doi.org/10.1109/tai.2026.3703427,article,IEEE Transactions on Artificial Intelligence,https://openalex.org/W7164843265
IEEE Transactions on Artificial Intelligence,IEEE,2026,2026-01-01,Centrality Matters: Lightweight Graph-centric Aggregation for Moderately Heterogeneous Federated Learning,Huong Nguyen (43776); Amirhossein Ghaffari; Joydeep Chandra; Ekaterina Gilman; Lauri Loven,,,10.1109/tai.2026.3711580,https://doi.org/10.1109/tai.2026.3711580,article,IEEE Transactions on Artificial Intelligence,https://openalex.org/W7171716319
IEEE Transactions on Artificial Intelligence,IEEE,2026,2026-01-01,Clustering-based Significance-Aware Automated Data Binarization Framework for Tsetlin Machines,Priya Thangaraj; Bethi Pardhasaradhi; Ole‐Christoffer Granmo; Linga Reddy Cenkeramaddi,,,10.1109/tai.2026.3737096,https://doi.org/10.1109/tai.2026.3737096,article,IEEE Transactions on Artificial Intelligence,https://openalex.org/W7214086869
IEEE Transactions on Artificial Intelligence,IEEE,2026,2026-01-01,Collaborative Knowledge Distillation via a Learning-by-Education Node Community,Anestis Kaimakamidis; Ioannis Mademlis; Ioannis Pitas,,,10.1109/tai.2026.3704336,https://doi.org/10.1109/tai.2026.3704336,article,IEEE Transactions on Artificial Intelligence,https://openalex.org/W4403818361
IEEE Transactions on Artificial Intelligence,IEEE,2026,2026-01-01,ConfusionPrompt: Practical Private Inference for Online Large Language Models,Peihua Mai; Ran Yan; Youjia Yang; Rui Ye; Wei Liu; Yan Pang,,,10.1109/tai.2026.3734014,https://doi.org/10.1109/tai.2026.3734014,article,IEEE Transactions on Artificial Intelligence,https://openalex.org/W7214240500
IEEE Transactions on Artificial Intelligence,IEEE,2026,2026-01-01,CrossAR: Cross-modal Contrastive Learning for WiFi-Vision Human Activity Recognition,Shuokang Huang; Zhuangkun Wei; Julie A. McCann,,,10.1109/tai.2026.3712334,https://doi.org/10.1109/tai.2026.3712334,article,IEEE Transactions on Artificial Intelligence,https://openalex.org/W7168189108
IEEE Transactions on Artificial Intelligence,IEEE,2026,2026-01-01,DSGI: A Dual-Semantic Graph Spatiotemporal Inference Framework for Robust Industrial Prognostics,Yuxiao Wang; Z Wang; Bingqing Shen; Ben Wan; Hongming Cai,,,10.1109/tai.2026.3685615,https://doi.org/10.1109/tai.2026.3685615,article,IEEE Transactions on Artificial Intelligence,https://openalex.org/W7154969385
IEEE Transactions on Artificial Intelligence,IEEE,2026,2026-01-01,"Decoding Distributed Generative Adversarial Networks: Theoretical Foundations, Mathematical Formulations, Convergence & Failure Modes – A Review",Arunava Roy; Dipankar Dasgupta,,,10.1109/tai.2026.3734015,https://doi.org/10.1109/tai.2026.3734015,article,IEEE Transactions on Artificial Intelligence,https://openalex.org/W7213538748
IEEE Transactions on Artificial Intelligence,IEEE,2026,2026-01-01,Deep Learning-Guided Design of Optimal Sensor Networks for Accurate Pollutant Source Detection,Sidi Mohammed Alaoui; Khalifa Djemal; Amir Ali Feiz; Ehsan Sedgh Gooya,,,10.1109/tai.2026.3687177,https://doi.org/10.1109/tai.2026.3687177,article,IEEE Transactions on Artificial Intelligence,https://openalex.org/W7160199145
IEEE Transactions on Artificial Intelligence,IEEE,2026,2026-01-01,Density-aware Adaptive Weight Optimization against Data Heterogeneity in Federated Learning,Sheng Gao; Chen Huang; Jianming Zhu; X Y Ma; Jin Dong,,,10.1109/tai.2026.3704522,https://doi.org/10.1109/tai.2026.3704522,article,IEEE Transactions on Artificial Intelligence,https://openalex.org/W7164903957
IEEE Transactions on Artificial Intelligence,IEEE,2026,2026-01-01,DiMST: A Dual Mixing Multi-scale Spatio-Temporal Neural Network for Enhancing Traffic Prediction,Zhixiang He; Penglong Guo; Xiliang Liu; Jia-Dong Zhang; Chi-Yin Chow; Ning Li; Xiaoli Sun,,,10.1109/tai.2026.3720983,https://doi.org/10.1109/tai.2026.3720983,article,IEEE Transactions on Artificial Intelligence,https://openalex.org/W7203618155
IEEE Transactions on Artificial Intelligence,IEEE,2026,2026-01-01,Distributed Optimal Aggregative Coordination in Open Multi-Agent Systems,Jingyi Huang; Qingshan Liu; Boda Ning; Qing-Long Han,,,10.1109/tai.2026.3724511,https://doi.org/10.1109/tai.2026.3724511,article,IEEE Transactions on Artificial Intelligence,https://openalex.org/W7203607033
IEEE Transactions on Artificial Intelligence,IEEE,2026,2026-01-01,DualHNIE: Dual-Channel Hypergraph Learning for Node Importance Estimation in Heterogeneous Knowledge Graphs,Jiawen Chen; Yanyan He; Qi Shao; Mengli Wei; Duxin Chen; Wenwu Yu; Yanlong Zhao,,,10.1109/tai.2026.3712336,https://doi.org/10.1109/tai.2026.3712336,article,IEEE Transactions on Artificial Intelligence,https://openalex.org/W4417448831
IEEE Transactions on Artificial Intelligence,IEEE,2026,2026-01-01,Dynamic Fission and Fusion of Neural Network Weights for Class Incremental Learning with Adaptive Regularization Strength,Jingang Lai; Wei Zhou; Zhigang Zeng,,,10.1109/tai.2026.3731365,https://doi.org/10.1109/tai.2026.3731365,article,IEEE Transactions on Artificial Intelligence,https://openalex.org/W7211878374
IEEE Transactions on Artificial Intelligence,IEEE,2026,2026-01-01,Dynamic Riemannian Geometry Relational Distillation for Lightweight 3D Object Detection,Changhong Bu; Weiqing Yan; Zhaowei Liu; Yongchao Song; Chang Tang,,,10.1109/tai.2026.3703756,https://doi.org/10.1109/tai.2026.3703756,article,IEEE Transactions on Artificial Intelligence,https://openalex.org/W7164883792
IEEE Transactions on Artificial Intelligence,IEEE,2026,2026-01-01,Dynamic Topological Graph Reinforcement Learning Framework for Solving Routing Optimization Problems,Wenbo Li; Chaoxu Mu; Changyin Sun,,,10.1109/tai.2026.3731572,https://doi.org/10.1109/tai.2026.3731572,article,IEEE Transactions on Artificial Intelligence,https://openalex.org/W7211948745
IEEE Transactions on Artificial Intelligence,IEEE,2026,2026-01-01,EEG-Based Speech Imagery Classification via Neural Architecture Search,Taveena Lotey; Aman Verma; Rajkumar Saini; Partha Pratim Roy,,,10.1109/tai.2026.3700595,https://doi.org/10.1109/tai.2026.3700595,article,IEEE Transactions on Artificial Intelligence,https://openalex.org/W7163541896
IEEE Transactions on Artificial Intelligence,IEEE,2026,2026-01-01,EMOdiffhead: Continuously Emotional Control in Talking Head Generation via Diffusion,Jian Zhang; Weijian Mai; Zhijun Zhang,,,10.1109/tai.2026.3687506,https://doi.org/10.1109/tai.2026.3687506,article,IEEE Transactions on Artificial Intelligence,https://openalex.org/W4403621883
IEEE Transactions on Artificial Intelligence,IEEE,2026,2026-01-01,EdgeCaps: Pruned Capsule Networks for RF Vital Sign Measurement in Real-time,Prisila Ishabakaki; Michael Samwel Mollel; Hira Hameed; Hasan Tahir Abbas; Imran; Qammer H. Abbasi,,,10.1109/tai.2026.3696898,https://doi.org/10.1109/tai.2026.3696898,article,IEEE Transactions on Artificial Intelligence,https://openalex.org/W7162440746
IEEE Transactions on Artificial Intelligence,IEEE,2026,2026-01-01,Effi3D-GAN for Semantic-Guided Video Generation with Spatiotemporal Consistency,Lalit Kumar; Dushyant Kumar Singh,,,10.1109/tai.2026.3695822,https://doi.org/10.1109/tai.2026.3695822,article,IEEE Transactions on Artificial Intelligence,https://openalex.org/W7162134242
IEEE Transactions on Artificial Intelligence,IEEE,2026,2026-01-01,Efficiency at What Cost? Safety and Fairness in Parameter-Efficient Fine-Tuning of LLMs,Mina Taraghi; Yann Pequignot; Amin Nikanjam; Mohamed Amine Merzouk; Foutse Khomh,,,10.1109/tai.2026.3723637,https://doi.org/10.1109/tai.2026.3723637,article,IEEE Transactions on Artificial Intelligence,https://openalex.org/W7203675086
IEEE Transactions on Artificial Intelligence,IEEE,2026,2026-01-01,Efficient Generative Adversarial Networks via Parity-Guided Sliding Window KDE,Gaurav Bhushan Chandani; Gaurav Dhiman,,,10.1109/tai.2026.3711573,https://doi.org/10.1109/tai.2026.3711573,article,IEEE Transactions on Artificial Intelligence,https://openalex.org/W7167717963
IEEE Transactions on Artificial Intelligence,IEEE,2026,2026-01-01,Empirical Study of Padding Methods and Resource Efficiency in Replay-Based Class-Incremental Continual Learning for Variable-Length Time Series,Victor Philippe; Thirimachos Bourlai; William Wells; Mohammad Taha,,,10.1109/tai.2026.3718838,https://doi.org/10.1109/tai.2026.3718838,article,IEEE Transactions on Artificial Intelligence,https://openalex.org/W7203919612
IEEE Transactions on Artificial Intelligence,IEEE,2026,2026-01-01,Ensemble of Transfer Techniques via Adaptive Resource Allocation for Multiobjective Multitask Optimization,Tingyu Zhang; Kuihua Huang; Xinyi Wu; Yanchi Li; Jianfeng Liu; Shuijia Li; Wenyin Gong,,,10.1109/tai.2026.3689513,https://doi.org/10.1109/tai.2026.3689513,article,IEEE Transactions on Artificial Intelligence,https://openalex.org/W7160163096
IEEE Transactions on Artificial Intelligence,IEEE,2026,2026-01-01,Evaluation of Language Model Architectures for Scholarly Applications,Avishek Lahiri; Debarshi Kumar Sanyal; Imon Mukherjee,,,10.1109/tai.2026.3683034,https://doi.org/10.1109/tai.2026.3683034,article,IEEE Transactions on Artificial Intelligence,https://openalex.org/W7153087587
IEEE Transactions on Artificial Intelligence,IEEE,2026,2026-01-01,Event-Triggered Pricing Mechanism for Social Cost Minimization of Uncertain Games Using Neural Networks,Yuyue Yan; Qingzheng Tang; Maojiao Ye,,,10.1109/tai.2026.3710440,https://doi.org/10.1109/tai.2026.3710440,article,IEEE Transactions on Artificial Intelligence,https://openalex.org/W7167626406
IEEE Transactions on Artificial Intelligence,IEEE,2026,2026-01-01,Explainable AI for Mental Disorder Detection on Social Media: A Survey and Outlook,Yusif Ibrahimov; Tarique Anwar; Tommy Yuan,,,10.1109/tai.2026.3688443,https://doi.org/10.1109/tai.2026.3688443,article,IEEE Transactions on Artificial Intelligence,https://openalex.org/W7159954865
IEEE Transactions on Artificial Intelligence,IEEE,2026,2026-01-01,Exploring Latent Associations Between Exercises and Concepts with Large Language Models for Cognitive Diagnosis,S Song; H F Ma; Changqian Wang; Xiaoshan Yu; Xi Zhang,,,10.1109/tai.2026.3699277,https://doi.org/10.1109/tai.2026.3699277,article,IEEE Transactions on Artificial Intelligence,https://openalex.org/W7163173566
IEEE Transactions on Artificial Intelligence,IEEE,2026,2026-01-01,FMamba: Bi-Mamba based on Fast Gated-attention for Multivariate Time-series Forecasting,Shusen Ma; Y ZHAO; Yu Kang,,,10.1109/tai.2026.3699838,https://doi.org/10.1109/tai.2026.3699838,article,IEEE Transactions on Artificial Intelligence,https://openalex.org/W7163514590
IEEE Transactions on Artificial Intelligence,IEEE,2026,2026-01-01,Fair Recourse for All: Ensuring Individual and Group Fairness in Counterfactual Explanations,Fatima M. Ezzeddine; Obaida Ammar; Silvia Giordano; Omran Ayoub,,,10.1109/tai.2026.3688207,https://doi.org/10.1109/tai.2026.3688207,article,IEEE Transactions on Artificial Intelligence,https://openalex.org/W7156021092
IEEE Transactions on Artificial Intelligence,IEEE,2026,2026-01-01,Fast Clustering via Anchor Label Alignment and Transition Probabilities,Jingwei Chen; Jingqing Cheng; Shiyu Xie; Jia Zhao; Feiping Nie,,,10.1109/tai.2026.3699280,https://doi.org/10.1109/tai.2026.3699280,article,IEEE Transactions on Artificial Intelligence,https://openalex.org/W7163200881
IEEE Transactions on Artificial Intelligence,IEEE,2026,2026-01-01,FedDiDC: Federated Diffusion Learning with Dual-Side Calibration for Data Heterogeneity,Zhang; Junjuan Xia; Chao Li; Lisheng Fan; Arumugam Nallanathan,,,10.1109/tai.2026.3720597,https://doi.org/10.1109/tai.2026.3720597,article,IEEE Transactions on Artificial Intelligence,https://openalex.org/W7202201817
IEEE Transactions on Artificial Intelligence,IEEE,2026,2026-01-01,FedGMI: Generative Model-Driven Federated Learning for Probabilistic Mixture Inference,Qijun Hou; Y Shi; Pingyi Fan; Khaled B. Letaief,,,10.1109/tai.2026.3710710,https://doi.org/10.1109/tai.2026.3710710,article,IEEE Transactions on Artificial Intelligence,https://openalex.org/W7167499030
IEEE Transactions on Artificial Intelligence,IEEE,2026,2026-01-01,FedSub: Introducing Class-aware Subnetworks Fusion to Enhance Personalized Federated Learning,Mattia Giovanni Campana; Franca Delmastro,,,10.1109/tai.2026.3666837,https://doi.org/10.1109/tai.2026.3666837,article,IEEE Transactions on Artificial Intelligence,https://openalex.org/W7131079097
IEEE Transactions on Artificial Intelligence,IEEE,2026,2026-01-01,FheFL: Fully Homomorphic Encryption Friendly Privacy-Preserving Federated Learning with Byzantine Users,Yogachandran Rahulamathavan; Charuka Herath; Xiaolan Liu; Sangarapillai Lambotharan; Carsten R. Maple,,,10.1109/tai.2026.3734019,https://doi.org/10.1109/tai.2026.3734019,article,IEEE Transactions on Artificial Intelligence,https://openalex.org/W4380136500
IEEE Transactions on Artificial Intelligence,IEEE,2026,2026-01-01,From Generative AI to Enhanced Active Inference via Model Reduction and Unification,Nika Hosseini; Zakaria Abou El Houda; Martin Maier,,,10.1109/tai.2026.3735614,https://doi.org/10.1109/tai.2026.3735614,article,IEEE Transactions on Artificial Intelligence,https://openalex.org/W7214074977
IEEE Transactions on Artificial Intelligence,IEEE,2026,2026-01-01,From Population Patterns to Individual Interactions: A Key-Feature-Anchored Dual Graph Framework for Alzheimer’s Disease Diagnosis,Xuhui Song; Ziwei Qin; Na Qin; Deqing Huang; Jun Li,,,10.1109/tai.2026.3719610,https://doi.org/10.1109/tai.2026.3719610,article,IEEE Transactions on Artificial Intelligence,https://openalex.org/W7172426366
IEEE Transactions on Artificial Intelligence,IEEE,2026,2026-01-01,Front Cover,,7,1,10.1109/tai.2025.3643705,https://doi.org/10.1109/tai.2025.3643705,paratext,IEEE Transactions on Artificial Intelligence,https://openalex.org/W7118174616
IEEE Transactions on Artificial Intelligence,IEEE,2026,2026-01-01,Fully Distributed Event-Triggered Secure Consensus of Multiagent Systems Under Hybrid Cyber-Attacks,Xiaoyang Liu; Xiangqin Kong; Shaofu Yang; Wenwu Yu,,,10.1109/tai.2026.3685669,https://doi.org/10.1109/tai.2026.3685669,article,IEEE Transactions on Artificial Intelligence,https://openalex.org/W7154989755
IEEE Transactions on Artificial Intelligence,IEEE,2026,2026-01-01,GaitSS: Gait Slices as a Set for Gait Recognition in Interfered Sequences,Huakang Li; Wing W. Y. Ng; Yidan Qiu; Ying Gao; Jianjun Zhang; Sam Kwong,,,10.1109/tai.2026.3687846,https://doi.org/10.1109/tai.2026.3687846,article,IEEE Transactions on Artificial Intelligence,https://openalex.org/W7156328950
IEEE Transactions on Artificial Intelligence,IEEE,2026,2026-01-01,Glad: Generalizable Anomaly Detection via Semantic-Level Feature Contrast,Jingyuan Zhuo; Zhiyuan You; Zhong Ji; Meizhou Gao; Xinyi Le,,,10.1109/tai.2026.3712677,https://doi.org/10.1109/tai.2026.3712677,article,IEEE Transactions on Artificial Intelligence,https://openalex.org/W7168127260
IEEE Transactions on Artificial Intelligence,IEEE,2026,2026-01-01,GraphHall: A Graph-Based Framework for Hallucination Detection in Large Language Models,Sourabh Yadav; Nishchal Kumar Verma,,,10.1109/tai.2026.3715425,https://doi.org/10.1109/tai.2026.3715425,article,IEEE Transactions on Artificial Intelligence,https://openalex.org/W7169804077
IEEE Transactions on Artificial Intelligence,IEEE,2026,2026-01-01,HAIFIT: Structure-Consistent Fashion Image Translation with Multi-Scale Feature Modeling,Jianan Jiang; Mingzhu Wu; Xinglin Li; Weiren Yu; Di Wu,,,10.1109/tai.2026.3720247,https://doi.org/10.1109/tai.2026.3720247,article,IEEE Transactions on Artificial Intelligence,https://openalex.org/W7203936278
IEEE Transactions on Artificial Intelligence,IEEE,2026,2026-01-01,HC-GPUCB: Hybrid Concentration-Aware Gaussian Process Upper Confidence Bound for Bayesian Optimization with Tight Regret Guarantees,Baobing Zhang; Wanxin Sui,,,10.1109/tai.2026.3734017,https://doi.org/10.1109/tai.2026.3734017,article,IEEE Transactions on Artificial Intelligence,https://openalex.org/W7213523928
IEEE Transactions on Artificial Intelligence,IEEE,2026,2026-01-01,How to Ask the AI: A User Perspective Survey for Large Language Model Prompting,Y Zhang; Yunfan Zhang; Mingjie Zhao; Sen Feng; Yiu‐ming Cheung,,,10.1109/tai.2026.3700136,https://doi.org/10.1109/tai.2026.3700136,article,IEEE Transactions on Artificial Intelligence,https://openalex.org/W7163519571
IEEE Transactions on Artificial Intelligence,IEEE,2026,2026-01-01,IEEE Transactions on Artificial Intelligence Publication Information,,7,1,10.1109/tai.2025.3643707,https://doi.org/10.1109/tai.2025.3643707,paratext,IEEE Transactions on Artificial Intelligence,https://openalex.org/W7118175841
IEEE Transactions on Artificial Intelligence,IEEE,2026,2026-01-01,Improving the Reliability of Local Explanations through Multi-Model Stacking: A Robust Approach for Educational AI,Lynda Dib; Laurence Capus,,,10.1109/tai.2026.3731946,https://doi.org/10.1109/tai.2026.3731946,article,IEEE Transactions on Artificial Intelligence,https://openalex.org/W7211944914
IEEE Transactions on Artificial Intelligence,IEEE,2026,2026-01-01,Integral Reinforcement Learning for Latent Human Capability Inference in Human—Robot Interaction,Ali Talasaz; Zhen Ni,,,10.1109/tai.2026.3711571,https://doi.org/10.1109/tai.2026.3711571,article,IEEE Transactions on Artificial Intelligence,https://openalex.org/W7167686688
IEEE Transactions on Artificial Intelligence,IEEE,2026,2026-01-01,Interpreting what Attention Mechanisms “Know” in Language Models: A Systematic Review,Samitha Vidhanaarachchi; Anupiya Nugaliyadde; Polychronis Koutsakis; Kok Wai Wong,,,10.1109/tai.2026.3702629,https://doi.org/10.1109/tai.2026.3702629,article,IEEE Transactions on Artificial Intelligence,https://openalex.org/W7164358065
IEEE Transactions on Artificial Intelligence,IEEE,2026,2026-01-01,LGAT: Towards Local-Global Adaptive Temporal Graph Representation Learning,Hongjiang Chen; Pengfei Jiao; Xuan Guo; Mengzhou Gao; Zhidong Zhao,,,10.1109/tai.2026.3685609,https://doi.org/10.1109/tai.2026.3685609,article,IEEE Transactions on Artificial Intelligence,https://openalex.org/W7154961099
IEEE Transactions on Artificial Intelligence,IEEE,2026,2026-01-01,LLMs Know What Looks Good: Test-Time Adaptation for NR-IQA,Afsheen Bashir; Vinit Jakhetiya; Badri Narayan Subudhi; Weisi Lin,,,10.1109/tai.2026.3732276,https://doi.org/10.1109/tai.2026.3732276,article,IEEE Transactions on Artificial Intelligence,https://openalex.org/W7212001744
IEEE Transactions on Artificial Intelligence,IEEE,2026,2026-01-01,Learning What to Solve: Efficient Feature Acquisition with Classifier Dependencies,Nipun Dulantha Wickramasinghe; Daphney–Stavroula Zois,,,10.1109/tai.2026.3712713,https://doi.org/10.1109/tai.2026.3712713,article,IEEE Transactions on Artificial Intelligence,https://openalex.org/W7168135406
IEEE Transactions on Artificial Intelligence,IEEE,2026,2026-01-01,LearningFlow: Automated Policy Learning Workflow for Urban Driving with Large Language Models,Zengqi Peng; Yubin Wang; Xu Ha; Lei Zheng; Jun Ma,,,10.1109/tai.2026.3686819,https://doi.org/10.1109/tai.2026.3686819,article,IEEE Transactions on Artificial Intelligence,https://openalex.org/W4406272861
IEEE Transactions on Artificial Intelligence,IEEE,2026,2026-01-01,Lightweight Image Forgery Detection via Tucker Decomposition for Efficient Edge Deployment,Yongling Huang; L Yang; Xianjun Deng; Debin Liu; Shuilong Wang,,,10.1109/tai.2026.3703792,https://doi.org/10.1109/tai.2026.3703792,article,IEEE Transactions on Artificial Intelligence,https://openalex.org/W7164849447
IEEE Transactions on Artificial Intelligence,IEEE,2026,2026-01-01,Linearized Tensor Low-rank Convolutional Network,Qiangqiang Shen; Zonglin Liu; Hanzhang Wang; Yongsheng Liang; Yuehua Chen; Shiqi Wang,,,10.1109/tai.2026.3695504,https://doi.org/10.1109/tai.2026.3695504,article,IEEE Transactions on Artificial Intelligence,https://openalex.org/W7162028582
IEEE Transactions on Artificial Intelligence,IEEE,2026,2026-01-01,MAQ-Retrieval: Multi-Aspect Queries Retrieval for Large Language Models,Zixuan Xu; Gaoyang Pang; Xinyu Chen; Ming Ding; Branka S. Vucetic; Yonghui Li; Zihuai Li,,,10.1109/tai.2026.3665176,https://doi.org/10.1109/tai.2026.3665176,article,IEEE Transactions on Artificial Intelligence,https://openalex.org/W7129047116
IEEE Transactions on Artificial Intelligence,IEEE,2026,2026-01-01,Mechanistic Evidence for Trust-Related Representations in Large Language Models,Alice Plebe,,,10.1109/tai.2026.3737363,https://doi.org/10.1109/tai.2026.3737363,article,IEEE Transactions on Artificial Intelligence,https://openalex.org/W7214165802
IEEE Transactions on Artificial Intelligence,IEEE,2026,2026-01-01,Memory-Augmented Architecture for Long-Term Context Handling in Large Language Models,Haseeb Ullah Khan Shinwari; Muhammad Usama,,,10.1109/tai.2026.3701680,https://doi.org/10.1109/tai.2026.3701680,article,IEEE Transactions on Artificial Intelligence,https://openalex.org/W7164000559
IEEE Transactions on Artificial Intelligence,IEEE,2026,2026-01-01,MetaFusion: Instance-Aware Meta-Prompting and Token Refinement for VLMs Generalization,Muxin Liu; Fangtai Wu; Ziqian Lu; Zhao Wang; Yunlong Yu; Jungong Han; Zhongfei Zhang,,,10.1109/tai.2026.3686093,https://doi.org/10.1109/tai.2026.3686093,article,IEEE Transactions on Artificial Intelligence,https://openalex.org/W7159950054
IEEE Transactions on Artificial Intelligence,IEEE,2026,2026-01-01,Mitigating Generator Bias in Low-Participation Model-Heterogeneous Federated Learning,J B Chen; Yiting Zheng; Bohan Lin; Haozhe Cheng; Qinghai Zheng; Zhu J,,,10.1109/tai.2026.3712010,https://doi.org/10.1109/tai.2026.3712010,article,IEEE Transactions on Artificial Intelligence,https://openalex.org/W7167906108
IEEE Transactions on Artificial Intelligence,IEEE,2026,2026-01-01,Modeling Latent Background Information in Multiturn Dialogues Using Diffusion Model,Zishun Cui; Xiao Na Sun; Meng Wang,,,10.1109/tai.2026.3671250,https://doi.org/10.1109/tai.2026.3671250,article,IEEE Transactions on Artificial Intelligence,https://openalex.org/W7138342106
IEEE Transactions on Artificial Intelligence,IEEE,2026,2026-01-01,Multi-Agent Systems in Education: A Survey from the Trustworthiness Perspective,Chahana Dahal; Jinming Chen; Muchao Ye; Zuobin Xiong,,,10.1109/tai.2026.3695502,https://doi.org/10.1109/tai.2026.3695502,article,IEEE Transactions on Artificial Intelligence,https://openalex.org/W7161996054
IEEE Transactions on Artificial Intelligence,IEEE,2026,2026-01-01,Multi-Visual Attention Prompting for Multimodal Mathematical Reasoning,Peijie Wang; Mingda Li; Zhongzhi Li; Xin Yang; Fei Yin; Cheng‐Lin Liu,,,10.1109/tai.2026.3731900,https://doi.org/10.1109/tai.2026.3731900,article,IEEE Transactions on Artificial Intelligence,https://openalex.org/W7211978709
IEEE Transactions on Artificial Intelligence,IEEE,2026,2026-01-01,Multi-item Regularization of Deep Latent Variable Model for Semi-Supervised Data Regression,Junhua Zheng; Zhiqiang Ge; Le Yao,,,10.1109/tai.2026.3696259,https://doi.org/10.1109/tai.2026.3696259,article,IEEE Transactions on Artificial Intelligence,https://openalex.org/W7162395851
IEEE Transactions on Artificial Intelligence,IEEE,2026,2026-01-01,NO-IGS: Nonlinear Oversampling Based on Informed Granular-ball Space for Imbalanced Regression,Hao Zhou; Xiaofeng Liao; Qingguo Lü; Ponnuthurai Nagaratnam Suganthan,,,10.1109/tai.2026.3698843,https://doi.org/10.1109/tai.2026.3698843,article,IEEE Transactions on Artificial Intelligence,https://openalex.org/W7163048362
IEEE Transactions on Artificial Intelligence,IEEE,2026,2026-01-01,On the Generalization of Deepfake Detection under Limited Supervision,Debarshi Brahma; Suvam Dey; Anuska Roy; Soma Biswas,,,10.1109/tai.2026.3732632,https://doi.org/10.1109/tai.2026.3732632,article,IEEE Transactions on Artificial Intelligence,https://openalex.org/W7212111975
IEEE Transactions on Artificial Intelligence,IEEE,2026,2026-01-01,Online Semi-supervised Group Streaming Feature Selection,Yunyun Zhang; Q. Chen; Peng Zhou; Xindong Wu,,,10.1109/tai.2026.3737749,https://doi.org/10.1109/tai.2026.3737749,article,IEEE Transactions on Artificial Intelligence,https://openalex.org/W7214186226
IEEE Transactions on Artificial Intelligence,IEEE,2026,2026-01-01,PSF-DLoRA: An Efficient and Effective Collaborative Fine-Tuning Framework for Domain-Specific LLMs,Hao Li; Hao Jiang; Bihong Zhan; 方 超越; Jing Wu; Yang Guiao; Jian Zhang; Quanfeng Yao; Hui Wan,,,10.1109/tai.2026.3731224,https://doi.org/10.1109/tai.2026.3731224,article,IEEE Transactions on Artificial Intelligence,https://openalex.org/W7211881964
IEEE Transactions on Artificial Intelligence,IEEE,2026,2026-01-01,Paired Models’ Perplexity Optimization for Categorization of Unbalanced Data,Calogero Jerik Scozzaro; Matteo Delsanto; Daniele Paolo Radicioni,,,10.1109/tai.2026.3730663,https://doi.org/10.1109/tai.2026.3730663,article,IEEE Transactions on Artificial Intelligence,https://openalex.org/W7207876312
IEEE Transactions on Artificial Intelligence,IEEE,2026,2026-01-01,PersoBench: Benchmarking Personalized Response Generation in Large Language Models,Saleh Afzoon; Zahra Jamali; Usman Naseem; Amin Beheshti,,,10.1109/tai.2026.3689823,https://doi.org/10.1109/tai.2026.3689823,article,IEEE Transactions on Artificial Intelligence,https://openalex.org/W4403885787
IEEE Transactions on Artificial Intelligence,IEEE,2026,2026-01-01,Predator–Prey Model: Driven Hunt for Accelerated Grokking,Igor K. Lopatin; Sergei Vladimirovich Kozyrev; Alexander Nikolaevich Pechen,,,10.1109/tai.2026.3699326,https://doi.org/10.1109/tai.2026.3699326,article,IEEE Transactions on Artificial Intelligence,https://openalex.org/W4415090419
IEEE Transactions on Artificial Intelligence,IEEE,2026,2026-01-01,Proactive Defense against Diffusion Editing with Semantic Conflicts,Zhenbang Peng; Jianqi Chen; Jinxi Ye; Zhenwei Shi; Zhengxia Zou,,,10.1109/tai.2026.3711045,https://doi.org/10.1109/tai.2026.3711045,article,IEEE Transactions on Artificial Intelligence,https://openalex.org/W7167630598
IEEE Transactions on Artificial Intelligence,IEEE,2026,2026-01-01,Provenance-Based Cybersecurity for LLMs Using Lossless Graph Compression for Computational Efficiency,Nicholas C. Jones; Md Whaiduzzaman; Tony Jan,,,10.1109/tai.2026.3678891,https://doi.org/10.1109/tai.2026.3678891,article,IEEE Transactions on Artificial Intelligence,https://openalex.org/W7143339849
IEEE Transactions on Artificial Intelligence,IEEE,2026,2026-01-01,Quantum Federated Learning: A Comprehensive Review and Analysis,Dev Gurung; Shiva Raj Pokhrel; Gang Li,,,10.1109/tai.2026.3712717,https://doi.org/10.1109/tai.2026.3712717,article,IEEE Transactions on Artificial Intelligence,https://openalex.org/W7168166024
IEEE Transactions on Artificial Intelligence,IEEE,2026,2026-01-01,RDNAS: Robust Dual-Branch Neural Architecture Search,Songbai Liu; Guanheng Huang; Xun Zhou; Haowen Sun; Qiuzhen Lin; Jianyong Chen,,,10.1109/tai.2026.3731353,https://doi.org/10.1109/tai.2026.3731353,article,IEEE Transactions on Artificial Intelligence,https://openalex.org/W7211904991
IEEE Transactions on Artificial Intelligence,IEEE,2026,2026-01-01,RGPO: Ranking-Guided Preference Optimization for Reliable Clinical Reasoning,Cheng Ting Hsu; Jun-En Ding; Hsin-Ling Hsu; Chih-Ho Hsu; Shihao Yang; Li-Hung Yao; Chun-Chieh Liao; Feng Liu; Fang‐Ming Hung,,,10.1109/tai.2026.3688221,https://doi.org/10.1109/tai.2026.3688221,article,IEEE Transactions on Artificial Intelligence,https://openalex.org/W7155894707
IEEE Transactions on Artificial Intelligence,IEEE,2026,2026-01-01,RIAC: A Register-based LLMRec Inference Acceleration Framework,Jiayu Bao; Hongjian Shi; Yingli Peng; Rui Zhang; Yicheng Di; Jiansong Fan; Ruhui Ma; Yuan Liu,,,10.1109/tai.2026.3710871,https://doi.org/10.1109/tai.2026.3710871,article,IEEE Transactions on Artificial Intelligence,https://openalex.org/W7167628949
IEEE Transactions on Artificial Intelligence,IEEE,2026,2026-01-01,ReMMI: Dual-Stream MLLM Representation Learning for Blind CT Image Quality Assessment,Renwei Yang; Tianyi Chen; Hongzong Li; Yongcan Luo; Jiahao Zheng; Dapeng Oliver Wu,,,10.1109/tai.2026.3734020,https://doi.org/10.1109/tai.2026.3734020,article,IEEE Transactions on Artificial Intelligence,https://openalex.org/W7213398070
IEEE Transactions on Artificial Intelligence,IEEE,2026,2026-01-01,Relational Feature Modeling: Enhancing Predictive Learning through Network-Based Features Augmentation,Ankur Kumar Singhal; Anurag Singh,,,10.1109/tai.2026.3687508,https://doi.org/10.1109/tai.2026.3687508,article,IEEE Transactions on Artificial Intelligence,https://openalex.org/W7156346568
IEEE Transactions on Artificial Intelligence,IEEE,2026,2026-01-01,Rethinking Knowledge Distillation through a Unified Framework,Beibei Zhang; Wenjing Liu; Bo-Wen Guo; Xia-Wu Zheng; Xiang Chang; Fei Chao; Changjing Shang; Qiang Shen,,,10.1109/tai.2026.3670327,https://doi.org/10.1109/tai.2026.3670327,article,IEEE Transactions on Artificial Intelligence,https://openalex.org/W7133482367
IEEE Transactions on Artificial Intelligence,IEEE,2026,2026-01-01,RoCo: Role-Based LLMs Collaboration for Automatic Heuristic Design,Jiawei Xu; Fulu Wei; Wei–Neng Chen,,,10.1109/tai.2026.3730656,https://doi.org/10.1109/tai.2026.3730656,article,IEEE Transactions on Artificial Intelligence,https://openalex.org/W4417032051
IEEE Transactions on Artificial Intelligence,IEEE,2026,2026-01-01,Robustness of Prompting: Enhancing Robustness of Large Language Models Against Prompt Attacks,Lin Mu; Guowei Chu; Ni Li; Lei Sang; Y Zhang,,,10.1109/tai.2026.3697684,https://doi.org/10.1109/tai.2026.3697684,article,IEEE Transactions on Artificial Intelligence,https://openalex.org/W7162549341
IEEE Transactions on Artificial Intelligence,IEEE,2026,2026-01-01,SAGE: A Stabilize-Assess-Govern-Enforce Framework for Deployment-Oriented Evaluation of LLM-Based Autonomous Agents,Mohammed Hamdan; Vincenzo Dentamaro; Giuseppe Pirlo; Mohamed Cheriet,,,10.1109/tai.2026.3731348,https://doi.org/10.1109/tai.2026.3731348,article,IEEE Transactions on Artificial Intelligence,https://openalex.org/W7211897711
IEEE Transactions on Artificial Intelligence,IEEE,2026,2026-01-01,SCAN: Visual Explanations with Self-Confidence and Analysis Networks,Gwanghee Lee; Sungyoon Jeong; Kyoungson Jhang,,,10.1109/tai.2026.3665492,https://doi.org/10.1109/tai.2026.3665492,article,IEEE Transactions on Artificial Intelligence,https://openalex.org/W7130308005
IEEE Transactions on Artificial Intelligence,IEEE,2026,2026-01-01,SF-DynFinGC: Scale-Free Dynamic Graph Construction for Event-Driven Spatio-Temporal Learning in Financial Anomaly Detection,Yifan Chen; Hao Zhu; Haoxuan Xu; Chunzhi Yi; Zhiyuan Chen; Dario Landa-Silva,,,10.1109/tai.2026.3698049,https://doi.org/10.1109/tai.2026.3698049,article,IEEE Transactions on Artificial Intelligence,https://openalex.org/W7162790353
IEEE Transactions on Artificial Intelligence,IEEE,2026,2026-01-01,SIC-Autonomous Ensemble: Large Language Model Hallucination Mitigation Framework using Self Iterative Contradiction and Optimal Ensembling,Tasnia Rahman; Sathish Kumar,,,10.1109/tai.2026.3721061,https://doi.org/10.1109/tai.2026.3721061,article,IEEE Transactions on Artificial Intelligence,https://openalex.org/W7203857500
IEEE Transactions on Artificial Intelligence,IEEE,2026,2026-01-01,"SMPL-GPTexture: Scalable, Training-Free SMPL Texture Synthesis with World Knowledge Transfer from GPT via Geometry-Aware Projection",Mingxiao Tu; Shuchang Ye; Hoijoon Jung; Andre  Z. Kyme; Jinman Kim,,,10.1109/tai.2026.3688439,https://doi.org/10.1109/tai.2026.3688439,article,IEEE Transactions on Artificial Intelligence,https://openalex.org/W7159958883
IEEE Transactions on Artificial Intelligence,IEEE,2026,2026-01-01,Score-Implicit Closed-Loop Inverse Reinforcement Learning: A Variational Framework for Cost Recovery from Noisy Closed-Loop Demonstrations,Chien-Cheng Wu,,,10.1109/tai.2026.3736760,https://doi.org/10.1109/tai.2026.3736760,article,IEEE Transactions on Artificial Intelligence,https://openalex.org/W7213884315
IEEE Transactions on Artificial Intelligence,IEEE,2026,2026-01-01,Small-Gain Theorem-Based Adaptive Fuzzy Bipartite Consensus Control for Nonlinear Multi-Agent Systems,Dejie Ren; Yan-Jun Liu; Dapeng Li; Jie Lan; Jason J. R. Liu,,,10.1109/tai.2026.3731899,https://doi.org/10.1109/tai.2026.3731899,article,IEEE Transactions on Artificial Intelligence,https://openalex.org/W7211946488
IEEE Transactions on Artificial Intelligence,IEEE,2026,2026-01-01,Sparse Learning and Regularization of Deep Latent Features for Industrial Soft Sensing,Zhiqiang Ge,,,10.1109/tai.2026.3720325,https://doi.org/10.1109/tai.2026.3720325,article,IEEE Transactions on Artificial Intelligence,https://openalex.org/W7196932151
IEEE Transactions on Artificial Intelligence,IEEE,2026,2026-01-01,Structural Node Representation on Irregular Roles,Wang Zhang; Wenjun Wang; Xuan Guo; Tianpeng Li; Pengfei Jiao; Lin Pan; Jian Wu; Xin Chen,,,10.1109/tai.2026.3698801,https://doi.org/10.1109/tai.2026.3698801,article,IEEE Transactions on Artificial Intelligence,https://openalex.org/W7163900452
IEEE Transactions on Artificial Intelligence,IEEE,2026,2026-01-01,TDLLM: Text-Driven Large Language Model for Accurate Space-Time-Frequency Channel Prediction,Xiaoyu Chen; J F Li; Zihan He; Tong Wu; Chen Huang; Ce Wang,,,10.1109/tai.2026.3695014,https://doi.org/10.1109/tai.2026.3695014,article,IEEE Transactions on Artificial Intelligence,https://openalex.org/W7161833844
IEEE Transactions on Artificial Intelligence,IEEE,2026,2026-01-01,Table of Contents,,7,1,10.1109/tai.2025.3643709,https://doi.org/10.1109/tai.2025.3643709,paratext,IEEE Transactions on Artificial Intelligence,https://openalex.org/W7118177502
IEEE Transactions on Artificial Intelligence,IEEE,2026,2026-01-01,Temporal Risk Forecasting of Infrastructural Health Using Deep Learning with Attention Mechanism,Insha Y. Sheikh; S. Jagannathan,,,10.1109/tai.2026.3713437,https://doi.org/10.1109/tai.2026.3713437,article,IEEE Transactions on Artificial Intelligence,https://openalex.org/W7168146282
IEEE Transactions on Artificial Intelligence,IEEE,2026,2026-01-01,TextDestroyer: A Training-Free and Annotation-Free Diffusion Method to Destroying Anomalous Text from Images,M. R. Li; Fei Chao; Chia-Wen Lin; Changjing Shang; Qiang Shen,,,10.1109/tai.2026.3711608,https://doi.org/10.1109/tai.2026.3711608,article,IEEE Transactions on Artificial Intelligence,https://openalex.org/W7167697000
IEEE Transactions on Artificial Intelligence,IEEE,2026,2026-01-01,The Illusion of Rationality: Tacit Bias and Strategic Dominance in Frontier LLM Negotiation Games,Manuel Ríos; Rubén Manrique; Nicanor Quijano; Luis Felipe Giraldo,,,10.1109/tai.2026.3706010,https://doi.org/10.1109/tai.2026.3706010,article,IEEE Transactions on Artificial Intelligence,https://openalex.org/W4417289897
IEEE Transactions on Artificial Intelligence,IEEE,2026,2026-01-01,TiPE-SAM: Tiny and Parameter-Efficient SAM for Edge Medical Image Segmentation with Mixture-of-Shape-Experts Priors,Xingguo Lv; Ningshu Li; Lei Zhao; Kai Xu; Qika Lin; Yifan Zhu; C. Yin Zhang; Bin Pu,,,10.1109/tai.2026.3665493,https://doi.org/10.1109/tai.2026.3665493,article,IEEE Transactions on Artificial Intelligence,https://openalex.org/W7129487717
IEEE Transactions on Artificial Intelligence,IEEE,2026,2026-01-01,"Tolerance Clustering for Knowledge Graph Embeddings: Structural Robustness, Lexical Domain Purity, and Semantic Coherence",Hui Li; Haohan Wu,,,10.1109/tai.2026.3710881,https://doi.org/10.1109/tai.2026.3710881,article,IEEE Transactions on Artificial Intelligence,https://openalex.org/W7167592497
IEEE Transactions on Artificial Intelligence,IEEE,2026,2026-01-01,TrafficGamer: Reliable and Flexible Traffic Simulation for Safety-Critical Scenarios with Game-Theoretic Oracles,Guanren Qiao; G. Quan; Jiawei Yu; shujun jia; Guiliang Liu,,,10.1109/tai.2026.3712714,https://doi.org/10.1109/tai.2026.3712714,article,IEEE Transactions on Artificial Intelligence,https://openalex.org/W4402705830
IEEE Transactions on Artificial Intelligence,IEEE,2026,2026-01-01,Trident : Detecting Face Forgeries with Domain-adversarial Triplet Learning,Mustafa Kara; Ayşegül Dündar; Uğur Güdükbay,,,10.1109/tai.2026.3703428,https://doi.org/10.1109/tai.2026.3703428,article,IEEE Transactions on Artificial Intelligence,https://openalex.org/W7164859611
IEEE Transactions on Artificial Intelligence,IEEE,2026,2026-01-01,Tumor Image Segmentation using Multimodal Generation and Vision Transformer Integration,Yizhan Fan; Xiren Zhou; Zhenchao Tao; Huanhuan Chen,,,10.1109/tai.2026.3699617,https://doi.org/10.1109/tai.2026.3699617,article,IEEE Transactions on Artificial Intelligence,https://openalex.org/W7163368585
IEEE Transactions on Artificial Intelligence,IEEE,2026,2026-01-01,Type-Balanced Contextual Learning for Incremental Named Entity Recognition,Duzhen Zhang; Yahan Yu; Xiuyi Chen; Chenxing Li; Dong Yu,,,10.1109/tai.2026.3730658,https://doi.org/10.1109/tai.2026.3730658,article,IEEE Transactions on Artificial Intelligence,https://openalex.org/W7204954618
IEEE Transactions on Artificial Intelligence,IEEE,2026,2026-01-01,Uncertainty-Aware Machine Learning for Electric Vehicle Load Forecasting,Jigneshkumar P. Desai,,,10.1109/tai.2026.3698847,https://doi.org/10.1109/tai.2026.3698847,article,IEEE Transactions on Artificial Intelligence,https://openalex.org/W7162998037
IEEE Transactions on Artificial Intelligence,IEEE,2026,2026-01-01,"Unifying Data, Memory, and Compute Efficiency in LLM training: A Survey",Vanessa Schmidt; Huy Hoang Nguyen; Cédric Jung; Shirin Salehi; Anke Schmeink,,,10.1109/tai.2026.3702625,https://doi.org/10.1109/tai.2026.3702625,article,IEEE Transactions on Artificial Intelligence,https://openalex.org/W7164367201
IEEE Transactions on Artificial Intelligence,IEEE,2026,2026-01-01,Unraveling dynamic spatiotemporal shifts in traffic flow: a dual-lens divide-and-match approach,Qingqin Liu; Jiyao An; Md Sohel Rana; Lei Zhang; Zhaohui Pu; Weihong Chen,,,10.1109/tai.2026.3711621,https://doi.org/10.1109/tai.2026.3711621,article,IEEE Transactions on Artificial Intelligence,https://openalex.org/W7167848729
IEEE Transactions on Artificial Intelligence,IEEE,2026,2026-01-01,WCoCo-WTM: Weighted Composite of Composites for Multi-Sensor Multi-Feature Data using Weighted Tsetlin Machine,Thrishank Hesaraghatta Shivakumar; Bethi Pardhasaradhi; Srinivas Boppu; Ole‐Christoffer Granmo; Linga Reddy Cenkeramaddi,,,10.1109/tai.2026.3717503,https://doi.org/10.1109/tai.2026.3717503,article,IEEE Transactions on Artificial Intelligence,https://openalex.org/W7171935701
IEEE Transactions on Artificial Intelligence,IEEE,2026,2026-01-01,aTi: A Framework for Quantifying Cultural Emergence for Responsible AI Systems,Cesa Salaam; Danda B. Rawat,,,10.1109/tai.2026.3711956,https://doi.org/10.1109/tai.2026.3711956,article,IEEE Transactions on Artificial Intelligence,https://openalex.org/W4409993562
IEEE Transactions on Artificial Intelligence,IEEE,2026,2026-01-05,$\ell_{0}$-Norm Penalty Embedded Feature Selection in Universum Learning,Chunna Li; Junshan Yin; YuanHai Shao; Yuangang Pan; Weijie Chen; Yiwei Song; Ivor Wai-Hung Tsang,7,7,10.1109/tai.2026.3650896,https://doi.org/10.1109/tai.2026.3650896,article,IEEE Transactions on Artificial Intelligence,https://openalex.org/W7118183967
IEEE Transactions on Artificial Intelligence,IEEE,2026,2026-01-05,DeepFilter: A Transformer-Style Framework for Accurate and Efficient Process Monitoring,Hao Wang; Zhichao Che; Licheng Pan; Xiaoyu Jiang; Yichen Song; Qunshan He; Xinggao Li,7,7,10.1109/tai.2026.3651217,https://doi.org/10.1109/tai.2026.3651217,article,IEEE Transactions on Artificial Intelligence,https://openalex.org/W7118183472
IEEE Transactions on Artificial Intelligence,IEEE,2026,2026-01-05,Dopamine Neuron Activity Visualization From MRI Sensors Through 3-D MRI-to-SPECT Synthesis for Parkinson’s Disease Assessment,Jui-Chien Hung; Song-Po Pan; Jun-Yun Wu; Da-Wei Jaw; Shih-Chia Huang,7,8,10.1109/tai.2026.3651222,https://doi.org/10.1109/tai.2026.3651222,article,IEEE Transactions on Artificial Intelligence,https://openalex.org/W7118160927
IEEE Transactions on Artificial Intelligence,IEEE,2026,2026-01-05,Learning From M -Tuple Dominant Positive and Unlabeled Data,Jiahe Qin; Junpeng Li; Changchun Hua; Yana Yang,7,7,10.1109/tai.2025.3650565,https://doi.org/10.1109/tai.2025.3650565,article,IEEE Transactions on Artificial Intelligence,https://openalex.org/W7118186093
IEEE Transactions on Artificial Intelligence,IEEE,2026,2026-01-05,Occupant-Aware Deep Learning Model for Energy Prediction in Smart Buildings,M Jayashankara; B. Adhirathan; Prasenjit Chanak; Sanjay Kumar Singh,7,7,10.1109/tai.2025.3650488,https://doi.org/10.1109/tai.2025.3650488,article,IEEE Transactions on Artificial Intelligence,https://openalex.org/W7118213777
IEEE Transactions on Artificial Intelligence,IEEE,2026,2026-01-06,Finite-Time Bipartite Synchronization of Delayed Antagonistic Memristive Neural Networks: Optimizing Event-Triggered Controller Parameters,Xindong Si; Zhen Wang; Xia Huang; Min Xiao,7,7,10.1109/tai.2025.3650558,https://doi.org/10.1109/tai.2025.3650558,article,IEEE Transactions on Artificial Intelligence,https://openalex.org/W7118415299
IEEE Transactions on Artificial Intelligence,IEEE,2026,2026-01-12,Alleviating Seasickness Through Brain–Computer Interface-Based Attention Shift,Xiaoyu Bao; Kailin Xu; Jiawei Zhu; Haiyun Huang; Qiyun Huang; Yuanqing Li,7,7,10.1109/tai.2026.3653362,https://doi.org/10.1109/tai.2026.3653362,article,IEEE Transactions on Artificial Intelligence,https://openalex.org/W7123360916
IEEE Transactions on Artificial Intelligence,IEEE,2026,2026-01-12,ConSignformer: Conformer-Based Framework for Continuous Sign Language Recognition,Neena Aloysius; Geetha M; Atul Sajjanhar; Prema Nedungadi,7,7,10.1109/tai.2025.3646146,https://doi.org/10.1109/tai.2025.3646146,article,IEEE Transactions on Artificial Intelligence,https://openalex.org/W7123346878
IEEE Transactions on Artificial Intelligence,IEEE,2026,2026-01-12,How Artificial Intelligence and Brain Connectivity Can Inform Outcome Prediction in Drug-Resistant Epilepsy,Edoardo Paolini; Gloria Menegaz; Eleonora Tamilia; Silvia Francesca Storti,7,7,10.1109/tai.2026.3653713,https://doi.org/10.1109/tai.2026.3653713,article,IEEE Transactions on Artificial Intelligence,https://openalex.org/W7123336756
IEEE Transactions on Artificial Intelligence,IEEE,2026,2026-01-12,UNA-SAC: An Uncertainty-Aware Nonlinear Arbitration Method for Human–AI Shared Control,Shuyue Jiang; Yun-Bo Zhao; Yu Kang; Fei Xie; Yunsheng Zhao,7,7,10.1109/tai.2026.3652904,https://doi.org/10.1109/tai.2026.3652904,article,IEEE Transactions on Artificial Intelligence,https://openalex.org/W7123352300
IEEE Transactions on Artificial Intelligence,IEEE,2026,2026-01-15,Acknowledging Valued Perspectives! User-Assisted Summarization by Leveraging Opinions and LLMs,Raghvendra Kumar; Tarika Gupta; Khushi Kalra; Sriparna Saha,7,7,10.1109/tai.2026.3654914,https://doi.org/10.1109/tai.2026.3654914,article,IEEE Transactions on Artificial Intelligence,https://openalex.org/W7124434163
IEEE Transactions on Artificial Intelligence,IEEE,2026,2026-01-15,Co-LLIETrack: Cotrained Low Light Image Enhancement Tracker for UAV Tracking,Vinayak Nageli; Arshad Jamal; Rama Krishna Sai Gorthi,7,7,10.1109/tai.2026.3654502,https://doi.org/10.1109/tai.2026.3654502,article,IEEE Transactions on Artificial Intelligence,https://openalex.org/W7124437156
IEEE Transactions on Artificial Intelligence,IEEE,2026,2026-01-15,From Generation to Detection: Multimodal Generative AI and the Threat of Automated Misinformation,Raghvendra Kumar; Pulkit Bansal; Shakti Singh; Sriparna Saha; Adam Jatowt,7,7,10.1109/tai.2026.3654905,https://doi.org/10.1109/tai.2026.3654905,article,IEEE Transactions on Artificial Intelligence,https://openalex.org/W7124448578
IEEE Transactions on Artificial Intelligence,IEEE,2026,2026-01-15,Smartphone-Based Noninvasive Automatic Dengue Detection Using Fingertip Video,Mahmuda Mahmuda; Barkatullah Barkatullah; Md. Arifur Rahman; Jamia Akter; Nusrat Jahan; Tanveer Rezwan Prome; Emranul Haque; Feroz Ahmed,7,7,10.1109/tai.2026.3654049,https://doi.org/10.1109/tai.2026.3654049,article,IEEE Transactions on Artificial Intelligence,https://openalex.org/W7124470984
IEEE Transactions on Artificial Intelligence,IEEE,2026,2026-01-21,A Hybrid KAN-ANN Based Model for Interpretable and Enhanced Short-Term Load Forecasting,Bozhen Jiang; Yidi Wang; Qin Wang; Hua Geng,7,7,10.1109/tai.2026.3656248,https://doi.org/10.1109/tai.2026.3656248,article,IEEE Transactions on Artificial Intelligence,https://openalex.org/W7125484866
IEEE Transactions on Artificial Intelligence,IEEE,2026,2026-01-21,Deployment-Aware Compression of Large Language Models for Edge Intelligence: A System-Level Survey,Elias Dritsas; Maria Trigka,7,7,10.1109/tai.2026.3656155,https://doi.org/10.1109/tai.2026.3656155,article,IEEE Transactions on Artificial Intelligence,https://openalex.org/W7125489927
IEEE Transactions on Artificial Intelligence,IEEE,2026,2026-01-21,Handling Condition-Aware Noise and Outlier Disparities: A Transfer Learning Framework for Robust Cross-Domain Process Monitoring,Kai Zhong; Wenqian Zhang; Zhenhua Fan; Darong Huang,7,7,10.1109/tai.2026.3656126,https://doi.org/10.1109/tai.2026.3656126,article,IEEE Transactions on Artificial Intelligence,https://openalex.org/W7125483565
IEEE Transactions on Artificial Intelligence,IEEE,2026,2026-01-22,On Convergence of Adam With Data Dependent Stepsize,Alokendu Mazumder; Rishabh Sabharwal; B. V. Ramana Kumar; Manan Tayal; Chirag Garg; Arnab Roy; Punit Rathore,7,9,10.1109/tai.2026.3656866,https://doi.org/10.1109/tai.2026.3656866,article,IEEE Transactions on Artificial Intelligence,https://openalex.org/W7125629302
IEEE Transactions on Artificial Intelligence,IEEE,2026,2026-01-23,A Survey of Progress in LLM Alignment From the Perspective of Reward Design,Miaomiao Ji; Yanqiu Wu; Zhibin Wu; Shoujin Wang; Jian Yang; Mark Dras; Usman Naseem,7,7,10.1109/tai.2026.3654921,https://doi.org/10.1109/tai.2026.3654921,article,IEEE Transactions on Artificial Intelligence,https://openalex.org/W7125635685
IEEE Transactions on Artificial Intelligence,IEEE,2026,2026-01-27,A Multitask GRU Deep Learning Model for Early Stage Prediction of Spatial Spread,Rimjhim; Sourav Kumar Dandapat,7,7,10.1109/tai.2026.3655628,https://doi.org/10.1109/tai.2026.3655628,article,IEEE Transactions on Artificial Intelligence,https://openalex.org/W7125813477
IEEE Transactions on Artificial Intelligence,IEEE,2026,2026-01-27,ECG-Based Seizure Prediction Using Progressive Feature Fusion Mamba,Kai Shu; Le Wu; Chongjin Yu; Aiping Liu; Ruobing Qian; Xun Chen,7,7,10.1109/tai.2026.3658018,https://doi.org/10.1109/tai.2026.3658018,article,IEEE Transactions on Artificial Intelligence,https://openalex.org/W7125833763
IEEE Transactions on Artificial Intelligence,IEEE,2026,2026-01-27,Histoformer: A Frequency Domain-Based Convolutional Transformer for Improved Breast Cancer Classification,Babita; Deepak Ranjan Nayak,7,7,10.1109/tai.2026.3656263,https://doi.org/10.1109/tai.2026.3656263,article,IEEE Transactions on Artificial Intelligence,https://openalex.org/W7125770543
IEEE Transactions on Artificial Intelligence,IEEE,2026,2026-02-01,Front Cover,,7,2,10.1109/tai.2026.3655112,https://doi.org/10.1109/tai.2026.3655112,paratext,IEEE Transactions on Artificial Intelligence,https://openalex.org/W7127094769
IEEE Transactions on Artificial Intelligence,IEEE,2026,2026-02-01,IEEE Transactions on Artificial Intelligence Publication Information,,7,2,10.1109/tai.2026.3655114,https://doi.org/10.1109/tai.2026.3655114,paratext,IEEE Transactions on Artificial Intelligence,https://openalex.org/W7127192995
IEEE Transactions on Artificial Intelligence,IEEE,2026,2026-02-01,Table of Contents,,7,2,10.1109/tai.2026.3655116,https://doi.org/10.1109/tai.2026.3655116,paratext,IEEE Transactions on Artificial Intelligence,https://openalex.org/W7127172755
IEEE Transactions on Artificial Intelligence,IEEE,2026,2026-02-03,From Numerals to Letters: A Meta Learning-Based Robotic Calligraphy System,Xiang Chang; Zhi-Hua Guo; Fei Chao; Longzhi Yang; Changjing Shang; Nigel Joseph Copner; Chris Finlayson; Qiang Shen,7,7,10.1109/tai.2026.3659429,https://doi.org/10.1109/tai.2026.3659429,article,IEEE Transactions on Artificial Intelligence,https://openalex.org/W7127309215
IEEE Transactions on Artificial Intelligence,IEEE,2026,2026-02-04,A Quantum Multilayer Perceptron for Intraoperative Nociception Prediction,Omar M. T. Abdel Deen; Shou‐Zen Fan; Faiyaz Doctor; Jiann-Shing Shieh,7,7,10.1109/tai.2026.3660942,https://doi.org/10.1109/tai.2026.3660942,article,IEEE Transactions on Artificial Intelligence,https://openalex.org/W7127581489
IEEE Transactions on Artificial Intelligence,IEEE,2026,2026-02-04,A Semisupervised Domain Adaptation Framework Using Dynamic Distribution Alignment and Manifold Regularization,Md Geaur Rahman; Md Zahidul Islam,7,7,10.1109/tai.2026.3660994,https://doi.org/10.1109/tai.2026.3660994,article,IEEE Transactions on Artificial Intelligence,https://openalex.org/W7127581552
IEEE Transactions on Artificial Intelligence,IEEE,2026,2026-02-04,An Enhanced Air Quality Forecasting Method Integrating Feature Mode Decomposition and Multilayer Plasticity Echo State Network,Xinghan Xu; Jianwei Liu; Lei Hu; Xingyi Miao; Yanfang Li; Siyu Liu,7,7,10.1109/tai.2026.3660986,https://doi.org/10.1109/tai.2026.3660986,article,IEEE Transactions on Artificial Intelligence,https://openalex.org/W7127629710
IEEE Transactions on Artificial Intelligence,IEEE,2026,2026-02-04,An Evidential Deep Neural Network for Set-Valued Classification and Novelty Detection,Lianmeng Jiao; Xiangqiong Xiao; Shengjie Gou; Quan Pan,7,7,10.1109/tai.2026.3660627,https://doi.org/10.1109/tai.2026.3660627,article,IEEE Transactions on Artificial Intelligence,https://openalex.org/W7127634516
IEEE Transactions on Artificial Intelligence,IEEE,2026,2026-02-04,LDDER: Learning Distinguishable and Dynamically Enhanced Representation for Visual Reinforcement Learning,Yongjun Yang Yongjun Yang; Hui Xu; Jiangdong Fan; Hongcai He; Jie Shao,7,7,10.1109/tai.2026.3660995,https://doi.org/10.1109/tai.2026.3660995,article,IEEE Transactions on Artificial Intelligence,https://openalex.org/W7127606720
IEEE Transactions on Artificial Intelligence,IEEE,2026,2026-02-04,Online Safety-Embedded Critic Learning for Uncertain Systems With Self-Triggered Mechanism,Zhanglin Shangguan; Bo Yang; Qi Li; Wei Ping Xiao; Xinping Guan,7,7,10.1109/tai.2026.3660580,https://doi.org/10.1109/tai.2026.3660580,article,IEEE Transactions on Artificial Intelligence,https://openalex.org/W7127591080
IEEE Transactions on Artificial Intelligence,IEEE,2026,2026-02-06,FGPT: Fine-Grained Prompt Tuning for Zero-Shot Anomaly Detection,Wang Yuexin; Xiaoyang Wang; Haocheng Li; Jiejie Liu; Tammam Tillo; Jimin Xiao,7,8,10.1109/tai.2026.3661382,https://doi.org/10.1109/tai.2026.3661382,article,IEEE Transactions on Artificial Intelligence,https://openalex.org/W7128302224
IEEE Transactions on Artificial Intelligence,IEEE,2026,2026-02-06,Online Explainable Streaming Feature Selection and Classification via Feature Polarity,Peng Zhou; Ji Sheng Liang; Yan Zhang; Yuanting Yan; Shu Zhao; Xindong Wu,7,8,10.1109/tai.2026.3661512,https://doi.org/10.1109/tai.2026.3661512,article,IEEE Transactions on Artificial Intelligence,https://openalex.org/W7128316564
IEEE Transactions on Artificial Intelligence,IEEE,2026,2026-02-09,Adaptive Reinforcement Learning-Driven Digital Twin for Multiobjective and Multimachine Process Optimization,Chin-Yi Lin; Tzu-liang Tseng; Tsung-Han Tsai,7,8,10.1109/tai.2026.3655629,https://doi.org/10.1109/tai.2026.3655629,article,IEEE Transactions on Artificial Intelligence,https://openalex.org/W7128429136
IEEE Transactions on Artificial Intelligence,IEEE,2026,2026-02-09,Luminance Component Analysis for Exposure Correction,Jingchao Peng; Thomas Bashford-Rogers; Jingkun Chen; Haitao Zhao; Zhengwei Hu; Kurt Debattista,7,8,10.1109/tai.2026.3660821,https://doi.org/10.1109/tai.2026.3660821,article,IEEE Transactions on Artificial Intelligence,https://openalex.org/W7128422635
IEEE Transactions on Artificial Intelligence,IEEE,2026,2026-02-10,Collaborative Truck-Drone Routing With Multivisit via Surrogate-Assisted Bi-Level Optimization,Ruonan Zhai; Xi Zhang; Yi Mei; Wenbo Du; Tong Guo; Tao Song,7,8,10.1109/tai.2026.3662657,https://doi.org/10.1109/tai.2026.3662657,article,IEEE Transactions on Artificial Intelligence,https://openalex.org/W7128516104
IEEE Transactions on Artificial Intelligence,IEEE,2026,2026-02-10,Learning From Easy to Hard: Fingerprint Spoof Detection With Hard Sample Mining,Wenny Ramadha Putri; Farchan Raswa Hakim; Bach-Tung Pham; Shang-Kuan Chen; Chung-I Huang; Kuo-Chen Li; Shih‐Lun Chen; Jia‐Ching Wang,7,8,10.1109/tai.2026.3662649,https://doi.org/10.1109/tai.2026.3662649,article,IEEE Transactions on Artificial Intelligence,https://openalex.org/W7128485995
IEEE Transactions on Artificial Intelligence,IEEE,2026,2026-02-12,Learning From Heterophilic Graphs: A Spectral Theory Perspective on the Impact of Self-Loops and Parallel Edges,Kushal Bose; Shouman Das,7,8,10.1109/tai.2026.3664026,https://doi.org/10.1109/tai.2026.3664026,article,IEEE Transactions on Artificial Intelligence,https://openalex.org/W7128744329
IEEE Transactions on Artificial Intelligence,IEEE,2026,2026-02-13,Conditional Deep Unrolling for LiDAR Super-Resolution and Improved Segmentation: An End-to-End Solution,Alexandros Gkillas; Nikos Pipergikos; Aris S. Lalos; Duong-Van Nguyen,7,8,10.1109/tai.2026.3664354,https://doi.org/10.1109/tai.2026.3664354,article,IEEE Transactions on Artificial Intelligence,https://openalex.org/W7128818879
IEEE Transactions on Artificial Intelligence,IEEE,2026,2026-02-13,FLAT: An Efficient Federated Learning Scheme With Adaptive Topology and Secure Aggregation,Yuanqing Feng; Tao Bai; Zhi Gang Lu; Xueming Tang; Shuai Lü,7,8,10.1109/tai.2026.3664362,https://doi.org/10.1109/tai.2026.3664362,article,IEEE Transactions on Artificial Intelligence,https://openalex.org/W7128785853
IEEE Transactions on Artificial Intelligence,IEEE,2026,2026-02-13,Momentum-Based Zeroth-Order Gradient Method for Distributed Black-Box Optimization,Qianlong Dang; Baosheng Li; Xiaoyu He,7,8,10.1109/tai.2026.3664343,https://doi.org/10.1109/tai.2026.3664343,article,IEEE Transactions on Artificial Intelligence,https://openalex.org/W7128771616
IEEE Transactions on Artificial Intelligence,IEEE,2026,2026-02-16,Adaptive Feature Fusion Based on Double Head Framework for Small Object Detection in Highway Scenarios,Sixian Chan; Jingcheng Zheng; Suqiang Li; Pan Mu; Cong Bai,7,8,10.1109/tai.2026.3664780,https://doi.org/10.1109/tai.2026.3664780,article,IEEE Transactions on Artificial Intelligence,https://openalex.org/W7129034602
IEEE Transactions on Artificial Intelligence,IEEE,2026,2026-02-16,DQEN: Dual Query Enhancement Network for DETR-Based HOI Detection,Zhehao Li; Yucheng Qian; Chong Wang; Yinghao Lu; Yi Chen; Jiong Wang; Jiafei Wu,7,8,10.1109/tai.2026.3665181,https://doi.org/10.1109/tai.2026.3665181,article,IEEE Transactions on Artificial Intelligence,https://openalex.org/W7129066506
IEEE Transactions on Artificial Intelligence,IEEE,2026,2026-02-16,Delay-Aware Reinforcement Learning With Encoder-Enhanced State Representations,Bo Xia; Yilun Kong; Yongzhe Chang; Bo Yuan; Zhiheng Li; Xueqian Wang; Bin Liang,7,8,10.1109/tai.2026.3664781,https://doi.org/10.1109/tai.2026.3664781,article,IEEE Transactions on Artificial Intelligence,https://openalex.org/W7129028854
IEEE Transactions on Artificial Intelligence,IEEE,2026,2026-02-16,MSFFNet: Multistage Feature Fusion With Metadata Injection for Vehicle Reidentification,Haotian Shi; Yuhui Deng; Jiande Huang; Qifen Yang; Peng Zhou; Ke Wang; Weiping Ding,7,8,10.1109/tai.2026.3665179,https://doi.org/10.1109/tai.2026.3665179,article,IEEE Transactions on Artificial Intelligence,https://openalex.org/W7129000507
IEEE Transactions on Artificial Intelligence,IEEE,2026,2026-02-16,TD($\lambda$)-GA: A Reinforcement Learning-Based Game Algorithm for Weighted Vertex Cover of Networks,Changbing Tang; Liangke Zhou; Jie Chen; Jingang Lai; Guanrong Chen,7,8,10.1109/tai.2026.3664774,https://doi.org/10.1109/tai.2026.3664774,article,IEEE Transactions on Artificial Intelligence,https://openalex.org/W7129013072
IEEE Transactions on Artificial Intelligence,IEEE,2026,2026-02-17,GT-EBRB: An Extended Belief Rule Base System Optimized via Clustering Graph Structure and Graph Transformer,Xi Fan Yao; Jin Li; Ruan-Hui Jiang; Yu-Zhuo Wang; Ying-Ming Wang; Yang-Geng Fu,7,8,10.1109/tai.2026.3665848,https://doi.org/10.1109/tai.2026.3665848,article,IEEE Transactions on Artificial Intelligence,https://openalex.org/W7129584242
IEEE Transactions on Artificial Intelligence,IEEE,2026,2026-02-17,HFSleepNet: An Automatic Sleep Staging Model Based on Hierarchical Feedback Fusion Aided Full Sequence Encoder,Jie Pan; Xi Zhang; Pengjun Zhao; Xiaoyu Zou; Baoqiao Qi; Liwen Zhang; Ying Liu,7,8,10.1109/tai.2026.3665846,https://doi.org/10.1109/tai.2026.3665846,article,IEEE Transactions on Artificial Intelligence,https://openalex.org/W7129584418
IEEE Transactions on Artificial Intelligence,IEEE,2026,2026-02-17,Prompt-Based Jailbreaking of Leading LLM Chatbots: A Survey of Attacks and Defenses,Brynn Knowlton; Jovani Campa; David Solis Gallo; Khalil F. Dajani; Nabeel Alzahrani,7,8,10.1109/tai.2026.3665656,https://doi.org/10.1109/tai.2026.3665656,article,IEEE Transactions on Artificial Intelligence,https://openalex.org/W7129300093
IEEE Transactions on Artificial Intelligence,IEEE,2026,2026-02-18,Adaptive Geometric Representation Learning Through Mixed-Curvature Mixture-of-Experts Diffusion for Link Prediction,Wenchuan Zhang; Wentao Fan; N. Bouguila,7,8,10.1109/tai.2026.3665660,https://doi.org/10.1109/tai.2026.3665660,article,IEEE Transactions on Artificial Intelligence,https://openalex.org/W7130312065
IEEE Transactions on Artificial Intelligence,IEEE,2026,2026-02-18,Bayesian Probabilistic Knowledge From Diameter Prior for Decision Fusion to Detect Lung Nodule Heterogeneity,Md. Rabiul Islam; Md. Kamrul Hasan; Hasan Kurban; Erchin Serpedin,7,8,10.1109/tai.2026.3665484,https://doi.org/10.1109/tai.2026.3665484,article,IEEE Transactions on Artificial Intelligence,https://openalex.org/W7130345502
IEEE Transactions on Artificial Intelligence,IEEE,2026,2026-02-18,HiCo-STEP: Causality Informed Hierarchical Spatiotemporal Network for Traffic Emission Prediction,Guoan Zhang; Lihong Pei; Yang Cao; Yu Kang; Jiahu Qin,7,8,10.1109/tai.2026.3665658,https://doi.org/10.1109/tai.2026.3665658,article,IEEE Transactions on Artificial Intelligence,https://openalex.org/W7130369241
IEEE Transactions on Artificial Intelligence,IEEE,2026,2026-02-18,MA2RL: Masked Autoencoders for Generalizable Multi-Agent Reinforcement Learning,Jinyuan Feng; Min Chen; Zhiqiang Pu; Yifan Xu; Yanyan Liang,7,8,10.1109/tai.2026.3665674,https://doi.org/10.1109/tai.2026.3665674,article,IEEE Transactions on Artificial Intelligence,https://openalex.org/W7130419887
IEEE Transactions on Artificial Intelligence,IEEE,2026,2026-02-18,Neural Network Intelligent Adaptive Optimal Output Feedback Attitude Tracking Control for Rigid Spacecraft Using Actor-Critic Reinforcement Learning,Jinfan Zhang; Lin Zhao,7,8,10.1109/tai.2026.3665496,https://doi.org/10.1109/tai.2026.3665496,article,IEEE Transactions on Artificial Intelligence,https://openalex.org/W7130343226
IEEE Transactions on Artificial Intelligence,IEEE,2026,2026-02-18,Reinforcement Learning-Based Robust MPC With A Two-Level Event-Triggered Mechanism for Unknown Systems,Li Deng; Zhan Shu; Tongwen Chen,7,8,10.1109/tai.2026.3665859,https://doi.org/10.1109/tai.2026.3665859,article,IEEE Transactions on Artificial Intelligence,https://openalex.org/W7130353502
IEEE Transactions on Artificial Intelligence,IEEE,2026,2026-02-19,Budget-Constrained Online Retrieval-Augmented Generation: The Chunk-as-a-Service Model,Shawqi Al-Maliki; Ammar M. Gharaibeh; Mohamed Rahouti; Mohammad Ruhul Amin; Mohamed M. Abdallah; Junaid Qadir; Ala Al‐Fuqaha,7,9,10.1109/tai.2026.3666170,https://doi.org/10.1109/tai.2026.3666170,article,IEEE Transactions on Artificial Intelligence,https://openalex.org/W7130551764
IEEE Transactions on Artificial Intelligence,IEEE,2026,2026-02-19,"ECGNextFormer: A Lightweight, Scalable, and Explainable Architecture for Estimating Cardiovascular Well-Being From Electrocardiograms",Mohammed Yusuf Ansari; Md. Rabiul Islam; Khalid A. Qaraqe; Erchin Serpedin; Raffaella Righetti; Marwa Qaraqe,7,8,10.1109/tai.2026.3656125,https://doi.org/10.1109/tai.2026.3656125,article,IEEE Transactions on Artificial Intelligence,https://openalex.org/W7130611307
IEEE Transactions on Artificial Intelligence,IEEE,2026,2026-02-20,Efficient Out-of-Distribution Generalization for Pretrained GNNs via Prompt Learning,Zhenmeng Zuo; Changsheng Li; Mingkui Tan; Xing Gong; Yuan Yu; Guoren Wang,7,9,10.1109/tai.2026.3666523,https://doi.org/10.1109/tai.2026.3666523,article,IEEE Transactions on Artificial Intelligence,https://openalex.org/W7130696826
IEEE Transactions on Artificial Intelligence,IEEE,2026,2026-02-23,EpidemIQs: Prompt-to-Paper LLM Agents for Epidemic Modeling and Analysis,Mohammad Hossein Samaei; Faryad Darabi Sahneh; Lee W. Cohnstaedt; Caterina Scoglio,7,8,10.1109/tai.2026.3666830,https://doi.org/10.1109/tai.2026.3666830,article,IEEE Transactions on Artificial Intelligence,https://openalex.org/W7131082530
IEEE Transactions on Artificial Intelligence,IEEE,2026,2026-02-23,FAOSPA: Frequency-Adaptive Orthogonal Spatiotemporal Perturbation Attack for Exploiting Vulnerabilities in Video Anomaly Detection,Korampalli Jaya Satwik; A. Anjali; Mahendra Kumar Shukla; Om Jee Pandey; Achyut Mani Tripathi,7,8,10.1109/tai.2026.3666841,https://doi.org/10.1109/tai.2026.3666841,article,IEEE Transactions on Artificial Intelligence,https://openalex.org/W7131094688
IEEE Transactions on Artificial Intelligence,IEEE,2026,2026-02-23,Fractional Order Federated Learning,Mohammad Partohaghighi; Roummel F. Marcia; YangQuan Chen,7,8,10.1109/tai.2026.3666843,https://doi.org/10.1109/tai.2026.3666843,article,IEEE Transactions on Artificial Intelligence,https://openalex.org/W7131094474
IEEE Transactions on Artificial Intelligence,IEEE,2026,2026-02-26,NCRAgent: A Neuro-Inspired Multiagent Framework for Transparent and Explainable Medical VQA,Sirui Liu; Keyu Hou; Ali Anaissi; Ali Braytee,7,8,10.1109/tai.2026.3668173,https://doi.org/10.1109/tai.2026.3668173,article,IEEE Transactions on Artificial Intelligence,https://openalex.org/W7131677532
IEEE Transactions on Artificial Intelligence,IEEE,2026,2026-02-27,Front Cover,,7,3,10.1109/tai.2026.3662924,https://doi.org/10.1109/tai.2026.3662924,paratext,IEEE Transactions on Artificial Intelligence,https://openalex.org/W7131833270
IEEE Transactions on Artificial Intelligence,IEEE,2026,2026-02-27,IEEE Transactions on Artificial Intelligence Publication Information,,7,3,10.1109/tai.2026.3662922,https://doi.org/10.1109/tai.2026.3662922,paratext,IEEE Transactions on Artificial Intelligence,https://openalex.org/W7131813351
IEEE Transactions on Artificial Intelligence,IEEE,2026,2026-02-27,Table of Contents,,7,3,10.1109/tai.2026.3662926,https://doi.org/10.1109/tai.2026.3662926,paratext,IEEE Transactions on Artificial Intelligence,https://openalex.org/W7131862739
IEEE Transactions on Artificial Intelligence,IEEE,2026,2026-03-02,When Annotators Disagree: A Principled Approach to Learning With Noisy Labels,Maria Sofia Bucarelli; Antonio Purificato; Andrea Bacciu; Lucas Cassano; Federico Siciliano; Anil Nelakanti; Amin Mantrach; Fabrizio Silvestri,7,8,10.1109/tai.2026.3666527,https://doi.org/10.1109/tai.2026.3666527,article,IEEE Transactions on Artificial Intelligence,https://openalex.org/W7133183282
IEEE Transactions on Artificial Intelligence,IEEE,2026,2026-03-03,Boundary-Aware Distracted Attention Network for Camouflaged Object Detection,Yihan Shang; Lin Wang; Junyu Dong; Xinghui Dong,7,8,10.1109/tai.2026.3669547,https://doi.org/10.1109/tai.2026.3669547,article,IEEE Transactions on Artificial Intelligence,https://openalex.org/W7133362367
IEEE Transactions on Artificial Intelligence,IEEE,2026,2026-03-03,Emerging Paradigm of Quantum Machine Learning: Knowledge Insights and Future Prospects,Keshav Singh Rawat; Tarun Sharma,7,8,10.1109/tai.2026.3669545,https://doi.org/10.1109/tai.2026.3669545,article,IEEE Transactions on Artificial Intelligence,https://openalex.org/W7133360679
IEEE Transactions on Artificial Intelligence,IEEE,2026,2026-03-04,Enhancing PLS in UAV-Aided Backscatter Networks: A Multiagent DRL Framework with Federated Learning,Shivam Sarsawat; Korampalli Jaya Satwik; Mahendra Kumar Shukla; Manish Pratap Singh; Om Jee Pandey,7,8,10.1109/tai.2026.3669890,https://doi.org/10.1109/tai.2026.3669890,article,IEEE Transactions on Artificial Intelligence,https://openalex.org/W7133526452
IEEE Transactions on Artificial Intelligence,IEEE,2026,2026-03-04,Ensemble Learning for Large Language Models in Text and Code Generation: A Survey,Mari Ashiga; Jie Wei; Fan Wu; Vardan Voskanyan; Fateme Dinmohammadi; Paul S. Brookes; Jingzhi Gong; Zheng Wang; Rafail Giavrimis; Mike Basios; Leslie Kanthan,7,8,10.1109/tai.2026.3670235,https://doi.org/10.1109/tai.2026.3670235,article,IEEE Transactions on Artificial Intelligence,https://openalex.org/W7133509551
IEEE Transactions on Artificial Intelligence,IEEE,2026,2026-03-04,Transfer Learning for Human Motion Prediction: Improving Accuracy Under Data Scarcity,Marco Casarin; Michael Vanuzzo; Mattia Guidolin; Monica Reggiani; Stefano Michieletto,7,8,10.1109/tai.2026.3670340,https://doi.org/10.1109/tai.2026.3670340,article,IEEE Transactions on Artificial Intelligence,https://openalex.org/W7133528210
IEEE Transactions on Artificial Intelligence,IEEE,2026,2026-03-05,Improving Neural Architecture Search by Minimizing Worst-Case Validation Loss,Haochen Zhang; Xuefeng Du; Ruisi Zhang; Pengtao Xie,7,9,10.1109/tai.2026.3670777,https://doi.org/10.1109/tai.2026.3670777,article,IEEE Transactions on Artificial Intelligence,https://openalex.org/W7134005835
IEEE Transactions on Artificial Intelligence,IEEE,2026,2026-03-06,Complex AFNet: A Hybrid Complex-Valued Deep Network for Atrial Fibrillation Detection,P S Pritish Kumar Mahali; Diptiman Mohanta; Tushar Sandhan,7,9,10.1109/tai.2026.3671218,https://doi.org/10.1109/tai.2026.3671218,article,IEEE Transactions on Artificial Intelligence,https://openalex.org/W7134122346
IEEE Transactions on Artificial Intelligence,IEEE,2026,2026-03-06,PrivateEdit: A Privacy-Preserving Pipeline for Face-Centric Generative Image Editing,Dipesh Tamboli; Vineet Punyamoorty; Atharv Pandurang Pawar; Vaneet Aggarwal,7,8,10.1109/tai.2026.3671211,https://doi.org/10.1109/tai.2026.3671211,article,IEEE Transactions on Artificial Intelligence,https://openalex.org/W7134115428
IEEE Transactions on Artificial Intelligence,IEEE,2026,2026-03-09,Dual Attention Multi-Instance Learning for Identifying Autism Spectrum Disorder Using Resting-State fMRI,S. Qasim Abbas; Lianhua Chi; Feng Xia; Noorul Amin; Y. D. Chen,7,9,10.1109/tai.2026.3669876,https://doi.org/10.1109/tai.2026.3669876,article,IEEE Transactions on Artificial Intelligence,https://openalex.org/W7134812485
IEEE Transactions on Artificial Intelligence,IEEE,2026,2026-03-09,Stereo Image Coding for Machines With Joint Visual Feature Compression,Dengchao Jin; Jianjun Lei; Bo Peng; Zhaoqing Pan; Bo Zhao; Nam Ling; Qingming Huang,7,9,10.1109/tai.2026.3671761,https://doi.org/10.1109/tai.2026.3671761,article,IEEE Transactions on Artificial Intelligence,https://openalex.org/W7134846909
IEEE Transactions on Artificial Intelligence,IEEE,2026,2026-03-12,Graph Attention Transformer With Multitask Learning for Motion Prediction in Autonomous Driving,Chuan Hu; Hao Jiang; Peichuan Lang; Biao Yang; Xiaobo Chen; Hao Chen,7,9,10.1109/tai.2026.3672361,https://doi.org/10.1109/tai.2026.3672361,article,IEEE Transactions on Artificial Intelligence,https://openalex.org/W7135068013
IEEE Transactions on Artificial Intelligence,IEEE,2026,2026-03-12,Heterophily-Based Dynamic Hypergraph for Semisupervised Classification and Its Application in UAV Fault Diagnosis,Shaojun Liang; Ying Zheng; Housheng Su,7,9,10.1109/tai.2026.3672585,https://doi.org/10.1109/tai.2026.3672585,article,IEEE Transactions on Artificial Intelligence,https://openalex.org/W7135101549
IEEE Transactions on Artificial Intelligence,IEEE,2026,2026-03-13,Class-Imbalanced Learning via Multitask Multiobjective Feature Selection,Ruwang Jiao; Naoki Masuyama; Yusuke Nojima,7,9,10.1109/tai.2026.3673680,https://doi.org/10.1109/tai.2026.3673680,article,IEEE Transactions on Artificial Intelligence,https://openalex.org/W7135218827
IEEE Transactions on Artificial Intelligence,IEEE,2026,2026-03-13,Deep Reinforcement Learning With Adaptive Enhanced Attention for CTSPs,Renyi Zhang; Xiangping Xu; Xinli Shi; Jinde Cao; Jie Gui,7,9,10.1109/tai.2026.3673681,https://doi.org/10.1109/tai.2026.3673681,article,IEEE Transactions on Artificial Intelligence,https://openalex.org/W7135213696
IEEE Transactions on Artificial Intelligence,IEEE,2026,2026-03-13,Dynamic Reinforcement Learning Control for Fractional-Order Neural Networks With Higher Order Interactions and Multiple Time Delays,Hua Li; Min Xiao; Chengdai Huang; Qingxiang Fang; Xia Huang; Wei Yu; Yi Yao; Tingwen Huang; Leszek Rutkowski,7,9,10.1109/tai.2026.3673682,https://doi.org/10.1109/tai.2026.3673682,article,IEEE Transactions on Artificial Intelligence,https://openalex.org/W7135218110
IEEE Transactions on Artificial Intelligence,IEEE,2026,2026-03-17,MSFASA-3DNet: Multi-Scale Feature Aggregation and Spatial Attention for 3-D Object Detection,Thurimerla Prasanth; Ram Prasad Padhy; B. Sivaselvan,7,9,10.1109/tai.2026.3674873,https://doi.org/10.1109/tai.2026.3674873,article,IEEE Transactions on Artificial Intelligence,https://openalex.org/W7137801971
IEEE Transactions on Artificial Intelligence,IEEE,2026,2026-03-18,Generalized-Hukuhara Subgradient-Based Neurodynamic Approach to Nonsmooth Constrained Distributed Interval-Valued Optimization,Jingxin Liu; Shuwen Liu; Yingxu Wang; Jun Peng; Xiaofeng Liao; Chunhong Du; Hangjun Che; Jin-song Dong,7,9,10.1109/tai.2026.3675069,https://doi.org/10.1109/tai.2026.3675069,article,IEEE Transactions on Artificial Intelligence,https://openalex.org/W7138880000
IEEE Transactions on Artificial Intelligence,IEEE,2026,2026-03-20,Robustness-Guaranteed Reinforcement Learning Under Uncertainties in Dynamics Modeling and State Estimates,Duofeng Pan; Yongquan Huang; Rong Chen; Wenjie Lu; Manman Hu,7,9,10.1109/tai.2026.3675539,https://doi.org/10.1109/tai.2026.3675539,article,IEEE Transactions on Artificial Intelligence,https://openalex.org/W7139935501
IEEE Transactions on Artificial Intelligence,IEEE,2026,2026-03-20,"Talk Structurally, Act Hierarchically: A Collaborative Refinement Framework for LLM Multi-Agent Systems",Zhao Wang; S Moriyama; Wei-Yao Wang; Briti Gangopadhyay; Shingo Takamatsu,7,9,10.1109/tai.2026.3676025,https://doi.org/10.1109/tai.2026.3676025,article,IEEE Transactions on Artificial Intelligence,https://openalex.org/W7139934539
IEEE Transactions on Artificial Intelligence,IEEE,2026,2026-03-23,"Exploiting GANs Against IDSs: A Systematic Review, Meta-Analysis, and Case Study Evaluation",Yasmeen Alslman; Mouhammd Sharari Alkasassbeh; Mohammad J. Abdel‐Rahman,7,9,10.1109/tai.2026.3677234,https://doi.org/10.1109/tai.2026.3677234,review,IEEE Transactions on Artificial Intelligence,https://openalex.org/W7140085949
IEEE Transactions on Artificial Intelligence,IEEE,2026,2026-03-23,FedDOT: Defending Federated Learning Against Overwhelming Targeted Attacks,Priyesh Ranjan; Ashish Gupta; Federico Corò; Sajal K. Das,7,9,10.1109/tai.2026.3676747,https://doi.org/10.1109/tai.2026.3676747,article,IEEE Transactions on Artificial Intelligence,https://openalex.org/W7140121704
IEEE Transactions on Artificial Intelligence,IEEE,2026,2026-03-23,TrustAI: An Expert-Based Methodology for Evaluating and Certifying the Trustworthiness of Artificial Intelligence Systems,Miltiadis Siavvas; Dimitrios Tsoukalas; Dionusios Kehagias; Dimitrios Tzovaras,7,9,10.1109/tai.2026.3677323,https://doi.org/10.1109/tai.2026.3677323,article,IEEE Transactions on Artificial Intelligence,https://openalex.org/W7140088306
IEEE Transactions on Artificial Intelligence,IEEE,2026,2026-03-23,"TrustTiny-HAR: Selective, Open-Set, and Calibrated Activity Recognition on Microcontrollers",Ismail Lamaakal; Chaymae Yahyati; Yassine Maleh; Khalid El Makkaoui; Ibrahim Ouahbi,7,9,10.1109/tai.2026.3676723,https://doi.org/10.1109/tai.2026.3676723,article,IEEE Transactions on Artificial Intelligence,https://openalex.org/W7140129236
IEEE Transactions on Artificial Intelligence,IEEE,2026,2026-03-24,Infinite Gaussian Mixture Autoencoder for Adaptive Deep Unsupervised Clustering,Ying Li; Junyu Xuan; Richard Yi Da Xu,7,9,10.1109/tai.2026.3677237,https://doi.org/10.1109/tai.2026.3677237,article,IEEE Transactions on Artificial Intelligence,https://openalex.org/W7140203178
IEEE Transactions on Artificial Intelligence,IEEE,2026,2026-03-26,Redefining Non-IID Data in Federated Learning for Computer Vision Tasks: Migrating From Labels to Embeddings for Task-Specific Data Distributions,Kasra Borazjani; Payam Abdisarabshali; Naji Khosravan; Seyyedali Hosseinalipour,7,9,10.1109/tai.2026.3677838,https://doi.org/10.1109/tai.2026.3677838,article,IEEE Transactions on Artificial Intelligence,https://openalex.org/W7140744459
IEEE Transactions on Artificial Intelligence,IEEE,2026,2026-03-27,Generalized Holographic Reduced Representations,Calvin Yeung; Zhuowen Zou; SungHeon Jeong; Wenjun Huang; Nathaniel D. Bastian; Mohsen Imani,7,9,10.1109/tai.2026.3678232,https://doi.org/10.1109/tai.2026.3678232,article,IEEE Transactions on Artificial Intelligence,https://openalex.org/W4397028179
IEEE Transactions on Artificial Intelligence,IEEE,2026,2026-03-30,A Multimodal Feature Distillation With Mamba-Transformer Network for Brain Tumor Segmentation With Incomplete Modalities,Ming Kang; Fung Fung Ting; Shier Nee Saw; Raphaël C.-W. Phan; Zongyuan Ge; Chee-Ming Ting,7,9,10.1109/tai.2026.3678550,https://doi.org/10.1109/tai.2026.3678550,article,IEEE Transactions on Artificial Intelligence,https://openalex.org/W7143305481
IEEE Transactions on Artificial Intelligence,IEEE,2026,2026-03-30,An End-to-End Dual-Attention Based Target Speaker Extraction Network for Explicit Optimization of Speaker Confusion,Hongkai Zhao; Zheng Wang; Yundong Han; Xiang Li; Hongyu Zhao; Sen Qiu,7,9,10.1109/tai.2026.3678540,https://doi.org/10.1109/tai.2026.3678540,article,IEEE Transactions on Artificial Intelligence,https://openalex.org/W7143413879
IEEE Transactions on Artificial Intelligence,IEEE,2026,2026-03-30,No Time to Evade: Context-Aware Conditional Entropy Partitioning and Model Fusion for Robust Multiprocess Malware Detection,Lara Mauri; Ernesto Damiani,7,9,10.1109/tai.2026.3678598,https://doi.org/10.1109/tai.2026.3678598,article,IEEE Transactions on Artificial Intelligence,https://openalex.org/W7143284815
IEEE Transactions on Artificial Intelligence,IEEE,2026,2026-03-30,Reinforcement Learning-Based Active Fault-Tolerant Control of Multi-Agent Systems,Sikai Shen; Xiaoyang Liu; Wenwu Yu,7,9,10.1109/tai.2026.3678538,https://doi.org/10.1109/tai.2026.3678538,article,IEEE Transactions on Artificial Intelligence,https://openalex.org/W7143452104
IEEE Transactions on Artificial Intelligence,IEEE,2026,2026-03-31,Dual Adversarial Adaptation With Dynamic Labeling Mechanism for Semisupervised Cross-Well Lithology Identification,Chang Ji; Jing Li; Tao Shen; Dewen Liang; Yun‐Bo Zhao; Shaoqun Dong; Yu Kang; Wenjun Lv,7,9,10.1109/tai.2026.3679484,https://doi.org/10.1109/tai.2026.3679484,article,IEEE Transactions on Artificial Intelligence,https://openalex.org/W7147654596
IEEE Transactions on Artificial Intelligence,IEEE,2026,2026-03-31,Fine-Grained Features in Any-Shot Learning: A Survey,Qiangchang Wang; Wenhao Li; J. L. Zhang; Zheyun Qin; Zongjin Li,7,9,10.1109/tai.2026.3678885,https://doi.org/10.1109/tai.2026.3678885,article,IEEE Transactions on Artificial Intelligence,https://openalex.org/W7147725977
IEEE Transactions on Artificial Intelligence,IEEE,2026,2026-03-31,Front Cover,,7,4,10.1109/tai.2026.3674632,https://doi.org/10.1109/tai.2026.3674632,paratext,IEEE Transactions on Artificial Intelligence,https://openalex.org/W7147555513
IEEE Transactions on Artificial Intelligence,IEEE,2026,2026-03-31,IEEE Transactions on Artificial Intelligence Publication Information,,7,4,10.1109/tai.2026.3674634,https://doi.org/10.1109/tai.2026.3674634,paratext,IEEE Transactions on Artificial Intelligence,https://openalex.org/W7147232640
IEEE Transactions on Artificial Intelligence,IEEE,2026,2026-03-31,Table of Contents,,7,4,10.1109/tai.2026.3674630,https://doi.org/10.1109/tai.2026.3674630,paratext,IEEE Transactions on Artificial Intelligence,https://openalex.org/W7147107177
IEEE Transactions on Artificial Intelligence,IEEE,2026,2026-03-31,Tunable Domain Adaptation Using Unfolding,Snehaa Reddy; Jayaprakash Katual; Satish Mulleti,7,9,10.1109/tai.2026.3679328,https://doi.org/10.1109/tai.2026.3679328,article,IEEE Transactions on Artificial Intelligence,https://openalex.org/W7147388207
IEEE Transactions on Artificial Intelligence,IEEE,2026,2026-04-06,Cross-Corpus Speech Emotion Recognition Based on Dynamically Filtering Multistage Diffusion Model,Jingjie Yan; Boyan Sun; Yuebo Yue; Xiaoyang Zhou; Ying Liu,7,9,10.1109/tai.2026.3681265,https://doi.org/10.1109/tai.2026.3681265,article,IEEE Transactions on Artificial Intelligence,https://openalex.org/W7151021285
IEEE Transactions on Artificial Intelligence,IEEE,2026,2026-04-06,Multimodal Transformer-Based Gait Analysis and Deep Learning Model for Slip-Resistant Footwear Evaluation,Shaghayegh Chavoshian; Atena Roshan Fekr,7,9,10.1109/tai.2026.3681277,https://doi.org/10.1109/tai.2026.3681277,article,IEEE Transactions on Artificial Intelligence,https://openalex.org/W7150822100
IEEE Transactions on Artificial Intelligence,IEEE,2026,2026-04-07,A Language-Enhanced Supervision-Reduced Analysis Framework for Multibranching Vessels,Xiyao Ma; Shi-Qi Liu; Xiao‐Liang Xie; Xiao-Hu Zhou; Zeng‐Guang Hou; Xinkai Qu; Han Wen-zheng; Ming Wang; Meng Song; Chu-Tian Zhang,7,9,10.1109/tai.2026.3681535,https://doi.org/10.1109/tai.2026.3681535,article,IEEE Transactions on Artificial Intelligence,https://openalex.org/W7151330917
IEEE Transactions on Artificial Intelligence,IEEE,2026,2026-04-07,Feature Expansion With Semi-Dynamic Feature Sets (SDFS) and LLM-Powered Explainability: A Novel Approach to Discovering Missing Features,Elaheh Hosseini; Soodeh Nikan,7,9,10.1109/tai.2026.3681539,https://doi.org/10.1109/tai.2026.3681539,article,IEEE Transactions on Artificial Intelligence,https://openalex.org/W4408009403
IEEE Transactions on Artificial Intelligence,IEEE,2026,2026-04-07,Nearest Neighbor Projection Removal Adversarial Training,Himanshu Singh; A. Venkata Subramanyam; Shivank Rajput; Mohan Kankanhalli,7,9,10.1109/tai.2026.3681719,https://doi.org/10.1109/tai.2026.3681719,article,IEEE Transactions on Artificial Intelligence,https://openalex.org/W4415059788
IEEE Transactions on Artificial Intelligence,IEEE,2026,2026-04-07,Utilizing Everyday Textures as Concept-Based Explanations for Deep Learning Model Prediction of Glioma Biomarker Status,Rayyan Akhand; Farzad Alizadeh; Thanh Nguyen; Nick D. James; Sreeraman Rajan; Rebecca E. Thornhill,7,9,10.1109/tai.2026.3681537,https://doi.org/10.1109/tai.2026.3681537,article,IEEE Transactions on Artificial Intelligence,https://openalex.org/W7151583810
IEEE Transactions on Artificial Intelligence,IEEE,2026,2026-04-10,AICCE: AI-Driven Compliance Checker Engine,Mohammad Wali Ur Rahman; Martin Manuel Lopez; Lamia Tasnim Mim; Carter Farthing; Julius Battle; Kathryn Buckley; Salim Hariri,7,9,10.1109/tai.2026.3682692,https://doi.org/10.1109/tai.2026.3682692,article,IEEE Transactions on Artificial Intelligence,https://openalex.org/W7153141443
IEEE Transactions on Artificial Intelligence,IEEE,2026,2026-04-20,ASBench: Image Anomalies Synthesis Benchmark for Anomaly Detection,Qunyi Zhang; Songan Zhang; Jiaqi Liu; Jinbao Wang; Xiaoning Lei; Guoyang Xie; Guannan Jiang; Zhichao Lu,7,9,10.1109/tai.2026.3680823,https://doi.org/10.1109/tai.2026.3680823,article,IEEE Transactions on Artificial Intelligence,https://openalex.org/W4415318689
IEEE Transactions on Artificial Intelligence,IEEE,2026,2026-04-20,Dual-Fault Tolerant Control for Connected Vehicular Platoons Based on Extended State Fuzzy Observation,王瑞峰; Peihao Du; Yan Lei; Qi Fan Zhou; Tingwen Huang,7,9,10.1109/tai.2026.3685962,https://doi.org/10.1109/tai.2026.3685962,article,IEEE Transactions on Artificial Intelligence,https://openalex.org/W7154950878
IEEE Transactions on Artificial Intelligence,IEEE,2026,2026-04-30,Front Cover,,7,5,10.1109/tai.2026.3684690,https://doi.org/10.1109/tai.2026.3684690,paratext,IEEE Transactions on Artificial Intelligence,https://openalex.org/W7160126090
IEEE Transactions on Artificial Intelligence,IEEE,2026,2026-04-30,IEEE Transactions on Artificial Intelligence Publication Information,,7,5,10.1109/tai.2026.3684694,https://doi.org/10.1109/tai.2026.3684694,paratext,IEEE Transactions on Artificial Intelligence,https://openalex.org/W7160219892
IEEE Transactions on Artificial Intelligence,IEEE,2026,2026-04-30,Table of Contents,,7,5,10.1109/tai.2026.3684692,https://doi.org/10.1109/tai.2026.3684692,paratext,IEEE Transactions on Artificial Intelligence,https://openalex.org/W7160191038
IEEE Transactions on Artificial Intelligence,IEEE,2026,2026-06-01,Front Cover,,7,6,10.1109/tai.2026.3688172,https://doi.org/10.1109/tai.2026.3688172,paratext,IEEE Transactions on Artificial Intelligence,https://openalex.org/W7163000346
IEEE Transactions on Artificial Intelligence,IEEE,2026,2026-06-01,IEEE Transactions on Artificial Intelligence Publication Information,,7,6,10.1109/tai.2026.3688168,https://doi.org/10.1109/tai.2026.3688168,paratext,IEEE Transactions on Artificial Intelligence,https://openalex.org/W7162997348
IEEE Transactions on Artificial Intelligence,IEEE,2026,2026-06-01,Table of Contents,,7,6,10.1109/tai.2026.3688170,https://doi.org/10.1109/tai.2026.3688170,paratext,IEEE Transactions on Artificial Intelligence,https://openalex.org/W7162997448
IEEE Transactions on Artificial Intelligence,IEEE,2026,2026-06-30,Front Cover,,7,7,10.1109/tai.2026.3702284,https://doi.org/10.1109/tai.2026.3702284,paratext,IEEE Transactions on Artificial Intelligence,https://openalex.org/W7166662463
IEEE Transactions on Artificial Intelligence,IEEE,2026,2026-06-30,IEEE Transactions on Artificial Intelligence Publication Information,,7,7,10.1109/tai.2026.3702182,https://doi.org/10.1109/tai.2026.3702182,paratext,IEEE Transactions on Artificial Intelligence,https://openalex.org/W7166711685
IEEE Transactions on Artificial Intelligence,IEEE,2026,2026-06-30,Table of Contents,,7,7,10.1109/tai.2026.3702180,https://doi.org/10.1109/tai.2026.3702180,paratext,IEEE Transactions on Artificial Intelligence,https://openalex.org/W7166677004
IEEE Transactions on Artificial Intelligence,IEEE,2026,2026-07-31,Front Cover,,7,8,10.1109/tai.2026.3695327,https://doi.org/10.1109/tai.2026.3695327,paratext,IEEE Transactions on Artificial Intelligence,https://openalex.org/W7171986977
IEEE Transactions on Artificial Intelligence,IEEE,2026,2026-07-31,IEEE Transactions on Artificial Intelligence Publication Information,,7,8,10.1109/tai.2026.3695263,https://doi.org/10.1109/tai.2026.3695263,paratext,IEEE Transactions on Artificial Intelligence,https://openalex.org/W7171980451
IEEE Transactions on Artificial Intelligence,IEEE,2026,2026-07-31,Table of Contents,,7,8,10.1109/tai.2026.3695325,https://doi.org/10.1109/tai.2026.3695325,paratext,IEEE Transactions on Artificial Intelligence,https://openalex.org/W7171935474
IEEE Transactions on Artificial Intelligence,IEEE,2026,2026-08-31,Front Cover,,7,9,10.1109/tai.2026.3717074,https://doi.org/10.1109/tai.2026.3717074,paratext,IEEE Transactions on Artificial Intelligence,https://openalex.org/W7204812484
IEEE Transactions on Artificial Intelligence,IEEE,2026,2026-08-31,IEEE Transactions on Artificial Intelligence Publication Information,,7,9,10.1109/tai.2026.3717078,https://doi.org/10.1109/tai.2026.3717078,paratext,IEEE Transactions on Artificial Intelligence,https://openalex.org/W7204774503
IEEE Transactions on Artificial Intelligence,IEEE,2026,2026-08-31,Table of Contents,,7,9,10.1109/tai.2026.3717076,https://doi.org/10.1109/tai.2026.3717076,paratext,IEEE Transactions on Artificial Intelligence,https://openalex.org/W7204838597
