journal,publisher_family,year,publication_date,title,authors,volume,issue,doi,article_url,article_type,source_container_title,openalex_id
IEEE Transactions on Neural Networks and Learning Systems,IEEE,2025,2025-01-01,A Decentralized Actor–Critic Algorithm With Entropy Regularization and Its Finite-Time Analysis,Tao Mao; Junlong Zhu; Mingchuan Zhang; Quanbo Ge; Ruijuan Zheng; Qingtao Wu,36,10,10.1109/tnnls.2025.3573801,https://doi.org/10.1109/tnnls.2025.3573801,article,IEEE Transactions on Neural Networks and Learning Systems,https://openalex.org/W4411172273
IEEE Transactions on Neural Networks and Learning Systems,IEEE,2025,2025-01-01,Alpha and Prejudice: Improving α-Sized Worst Case Fairness via Intrinsic Reweighting,Jing Li; Yinghua Yao; Yuangang Pan; Xuanqian Wang; Ivor W. Tsang; Xiuju Fu,36,10,10.1109/tnnls.2025.3586609,https://doi.org/10.1109/tnnls.2025.3586609,article,IEEE Transactions on Neural Networks and Learning Systems,https://openalex.org/W4412444604
IEEE Transactions on Neural Networks and Learning Systems,IEEE,2025,2025-01-01,Branch-Tuning: Balancing Stability and Plasticity for Continual Self-Supervised Learning,Wenzhuo Liu; Fei Zhu; Cheng‐Lin Liu,36,10,10.1109/tnnls.2025.3579928,https://doi.org/10.1109/tnnls.2025.3579928,article,IEEE Transactions on Neural Networks and Learning Systems,https://openalex.org/W4412110507
IEEE Transactions on Neural Networks and Learning Systems,IEEE,2025,2025-01-01,D2Fed: Federated Semi-Supervised Learning With Dual-Role Additive Local Training and Dual-Perspective Global Aggregation,Jingxin Mao; Yu Yang; Zhiwei Wei; Yanlong Bi; Rongqing Zhang,36,10,10.1109/tnnls.2025.3587942,https://doi.org/10.1109/tnnls.2025.3587942,article,IEEE Transactions on Neural Networks and Learning Systems,https://openalex.org/W4412567141
IEEE Transactions on Neural Networks and Learning Systems,IEEE,2025,2025-01-01,EMWQ: An Efficient Mixed Precision Weight Quantization Method for Large Language Models,Yuning Yang; Xiurui Xie; Guowei Peng; Malu Zhang; Guangchun Luo; Yang Yang; Guisong Liu,36,10,10.1109/tnnls.2025.3585677,https://doi.org/10.1109/tnnls.2025.3585677,article,IEEE Transactions on Neural Networks and Learning Systems,https://openalex.org/W4412444961
IEEE Transactions on Neural Networks and Learning Systems,IEEE,2025,2025-01-01,Federated Learning Based on Model Discrepancy and Variance Reduction,Hao Zhang; Chenglin Li; Wenrui Dai; Junni Zou; Hongkai Xiong,36,6,10.1109/tnnls.2024.3517658,https://doi.org/10.1109/tnnls.2024.3517658,article,IEEE Transactions on Neural Networks and Learning Systems,https://openalex.org/W4405968064
IEEE Transactions on Neural Networks and Learning Systems,IEEE,2025,2025-01-01,GBCT: Efficient and Adaptive Clustering via Granular-Ball Computing for Complex Data,Shuyin Xia; Bolun Shi; Yifan Wang; Jiang Xie; Guoyin Wang; Xinbo Gao,36,7,10.1109/tnnls.2024.3497174,https://doi.org/10.1109/tnnls.2024.3497174,article,IEEE Transactions on Neural Networks and Learning Systems,https://openalex.org/W4405968111
IEEE Transactions on Neural Networks and Learning Systems,IEEE,2025,2025-01-01,Guest Editorial: Special Issue on Deep Learning for Intelligent Media Computing and Applications,Hamido Fujita; Bo Li; Yiyu Y. Yao; Xinbo Gao; Maoguo Gong; Ivan Lee; Martin Ester; Xin Wang,36,1,10.1109/tnnls.2024.3490152,https://doi.org/10.1109/tnnls.2024.3490152,editorial,IEEE Transactions on Neural Networks and Learning Systems,https://openalex.org/W4406137573
IEEE Transactions on Neural Networks and Learning Systems,IEEE,2025,2025-01-01,Guest Editorial: Special Issue on Trustworthy Federated Learning,Qiang Yang; Han Yu; Sin G. Teo; Bo Li; Guodong Long; Chao Jin; Lixin Fan; Yang Liu; Le Zhang,36,1,10.1109/tnnls.2024.3490192,https://doi.org/10.1109/tnnls.2024.3490192,editorial,IEEE Transactions on Neural Networks and Learning Systems,https://openalex.org/W4406137589
IEEE Transactions on Neural Networks and Learning Systems,IEEE,2025,2025-01-01,Hybrid Quantum Deep Learning With Superpixel Encoding for Earth Observation Data Classification,Fan Fan; Yilei Shi; Tobias Guggemos; Xiao Xiang Zhu,36,6,10.1109/tnnls.2024.3518108,https://doi.org/10.1109/tnnls.2024.3518108,article,IEEE Transactions on Neural Networks and Learning Systems,https://openalex.org/W4405968114
IEEE Transactions on Neural Networks and Learning Systems,IEEE,2025,2025-01-01,IEEE Computational Intelligence Society Information,,36,1,10.1109/tnnls.2024.3520037,https://doi.org/10.1109/tnnls.2024.3520037,paratext,IEEE Transactions on Neural Networks and Learning Systems,https://openalex.org/W4406137871
IEEE Transactions on Neural Networks and Learning Systems,IEEE,2025,2025-01-01,IEEE Transactions on Neural Networks and Learning Systems Information for Authors,,36,1,10.1109/tnnls.2024.3520039,https://doi.org/10.1109/tnnls.2024.3520039,paratext,IEEE Transactions on Neural Networks and Learning Systems,https://openalex.org/W4406137787
IEEE Transactions on Neural Networks and Learning Systems,IEEE,2025,2025-01-01,IEEE Transactions on Neural Networks and Learning Systems Publication Information,,36,1,10.1109/tnnls.2024.3520035,https://doi.org/10.1109/tnnls.2024.3520035,paratext,IEEE Transactions on Neural Networks and Learning Systems,https://openalex.org/W4406137999
IEEE Transactions on Neural Networks and Learning Systems,IEEE,2025,2025-01-01,Privacy-Aware Data Acquisition Under Data Similarity in Regression Markets,Shashi Raj Pandey; Pierre Pinson; Petar Popovski,36,6,10.1109/tnnls.2024.3521056,https://doi.org/10.1109/tnnls.2024.3521056,article,IEEE Transactions on Neural Networks and Learning Systems,https://openalex.org/W4405968061
IEEE Transactions on Neural Networks and Learning Systems,IEEE,2025,2025-01-01,SynC: Synergistic Boosting of Structure and Representation for Deep Graph Clustering,Shifei Ding; Benyu Wu; Xiao Xu; Ling Ding; Xindong Wu,PP,,10.1109/tnnls.2025.3643594,https://doi.org/10.1109/tnnls.2025.3643594,article,IEEE Transactions on Neural Networks and Learning Systems,https://openalex.org/W7117131284
IEEE Transactions on Neural Networks and Learning Systems,IEEE,2025,2025-01-01,Table of Contents,,36,1,10.1109/tnnls.2024.3520033,https://doi.org/10.1109/tnnls.2024.3520033,paratext,IEEE Transactions on Neural Networks and Learning Systems,https://openalex.org/W4406137785
IEEE Transactions on Neural Networks and Learning Systems,IEEE,2025,2025-01-01,Utilizing TOP2 Class for Hybrid Decision-Making to Enhance TOP1 Accuracy of Ensemble Models,Jiqing Li; Zhendong Yin; Dasen Li; Yanlong Zhao,36,10,10.1109/tnnls.2025.3579732,https://doi.org/10.1109/tnnls.2025.3579732,article,IEEE Transactions on Neural Networks and Learning Systems,https://openalex.org/W4411997024
IEEE Transactions on Neural Networks and Learning Systems,IEEE,2025,2025-01-06,Topological Data Analysis in Graph Neural Networks: Surveys and Perspectives,Phu Pham; Quang‐Thinh Bui; Ngoc Thanh Nguyen; Róbert Kozma; Philip S. Yu; Bay Vo,36,6,10.1109/tnnls.2024.3520147,https://doi.org/10.1109/tnnls.2024.3520147,article,IEEE Transactions on Neural Networks and Learning Systems,https://openalex.org/W4406094355
IEEE Transactions on Neural Networks and Learning Systems,IEEE,2025,2025-01-06,UniPoll: A Unified Social Media Poll Generation Framework via Multiobjective Optimization,Yixia Li; Rong Xiang; Yanlin Song; Jing Li,36,8,10.1109/tnnls.2024.3512868,https://doi.org/10.1109/tnnls.2024.3512868,article,IEEE Transactions on Neural Networks and Learning Systems,https://openalex.org/W4406114206
IEEE Transactions on Neural Networks and Learning Systems,IEEE,2025,2025-01-08,Variational Graph Generator for Multiview Graph Clustering,Jianpeng Chen; Yawen Ling; Jie Xu; Yazhou Ren; Shudong Huang; Xiaorong Pu; Zhifeng Hao; Philip S. Yu; Lifang He,36,6,10.1109/tnnls.2024.3524205,https://doi.org/10.1109/tnnls.2024.3524205,article,IEEE Transactions on Neural Networks and Learning Systems,https://openalex.org/W4406163718
IEEE Transactions on Neural Networks and Learning Systems,IEEE,2025,2025-01-10,A Hybrid Adaptive Dynamic Programming for Optimal Tracking Control of USVs,Shan Xue; Ning Zhao; Weidong Zhang; Biao Luo; Derong Liu,36,6,10.1109/tnnls.2024.3512539,https://doi.org/10.1109/tnnls.2024.3512539,article,IEEE Transactions on Neural Networks and Learning Systems,https://openalex.org/W4406258849
IEEE Transactions on Neural Networks and Learning Systems,IEEE,2025,2025-01-10,A Static-Dynamic Composition Framework for Efficient Action Recognition,Xu Chen; Yahong Han; Changlin Li; Xiaojun Chang; Yifan Sun; Yi Ping Yang,36,8,10.1109/tnnls.2024.3525187,https://doi.org/10.1109/tnnls.2024.3525187,article,IEEE Transactions on Neural Networks and Learning Systems,https://openalex.org/W4406259257
IEEE Transactions on Neural Networks and Learning Systems,IEEE,2025,2025-01-10,Learning-Based Modeling and Predictive Control for Unknown Nonlinear System With Stability Guarantees,Ao Jin; Fan Zhang; Ganghui Shen; Bingxiao Huang; Panfeng Huang,36,6,10.1109/tnnls.2024.3525264,https://doi.org/10.1109/tnnls.2024.3525264,article,IEEE Transactions on Neural Networks and Learning Systems,https://openalex.org/W4406259241
IEEE Transactions on Neural Networks and Learning Systems,IEEE,2025,2025-01-13,Anti-Confounding Hashing: Enhancing Radiological Image Retrieval via Debiased Weighting and Counterfactual Reasoning,Yajie Zhang; Yao Fei Hu; Chengjun Cai; Yu‐An Huang; Zhi-An Huang; Kay Chen Tan,36,8,10.1109/tnnls.2025.3526760,https://doi.org/10.1109/tnnls.2025.3526760,article,IEEE Transactions on Neural Networks and Learning Systems,https://openalex.org/W4406311570
IEEE Transactions on Neural Networks and Learning Systems,IEEE,2025,2025-01-13,HPCR: Holistic Proxy-Based Contrastive Replay for Online Continual Learning,Huiwei Lin; Shanshan Feng; Baoquan Zhang; Xutao Li; Yunming Ye,36,8,10.1109/tnnls.2025.3526442,https://doi.org/10.1109/tnnls.2025.3526442,article,IEEE Transactions on Neural Networks and Learning Systems,https://openalex.org/W4406311650
IEEE Transactions on Neural Networks and Learning Systems,IEEE,2025,2025-01-15,Adaptive Multistep Prediction With Sequence-to-Sequence (Seq2Seq) Models,Joseph Kelley; Martin Hagan,36,8,10.1109/tnnls.2025.3525618,https://doi.org/10.1109/tnnls.2025.3525618,article,IEEE Transactions on Neural Networks and Learning Systems,https://openalex.org/W4406416314
IEEE Transactions on Neural Networks and Learning Systems,IEEE,2025,2025-01-15,An Unbalanced Optimal Transport-Based Approach for Robust Dictionary Learning,Shengjia Wang; Zhiguo Wang; Xi-Le Zhao; Xiaojing Shen,36,6,10.1109/tnnls.2025.3526254,https://doi.org/10.1109/tnnls.2025.3526254,article,IEEE Transactions on Neural Networks and Learning Systems,https://openalex.org/W4406416277
IEEE Transactions on Neural Networks and Learning Systems,IEEE,2025,2025-01-15,Communication-Efficient Split Learning via Adaptive Feature-Wise Compression,Yongjeong Oh; Jaeho Lee; Christopher G. Brinton; Yo–Seb Jeon,36,6,10.1109/tnnls.2025.3526227,https://doi.org/10.1109/tnnls.2025.3526227,article,IEEE Transactions on Neural Networks and Learning Systems,https://openalex.org/W4406416271
IEEE Transactions on Neural Networks and Learning Systems,IEEE,2025,2025-01-15,Convolution Bridge: An Effective Algorithmic Migration Strategy From CNNs to GNNs,Kuijie Zhang; Shanchen Pang; Huahui Yang; Yuanyuan Zhang; Wenhao Wu; Hengxiao Li; Jerry Chun‐Wei Lin,36,6,10.1109/tnnls.2025.3527501,https://doi.org/10.1109/tnnls.2025.3527501,article,IEEE Transactions on Neural Networks and Learning Systems,https://openalex.org/W4406416320
IEEE Transactions on Neural Networks and Learning Systems,IEEE,2025,2025-01-15,Cross-Cloud Consistency for Weakly Supervised Point Cloud Semantic Segmentation,Yachao Zhang; Yuxiang Lan; Yuan Xie; Cuihua Li; Yanyun Qu,36,8,10.1109/tnnls.2025.3526164,https://doi.org/10.1109/tnnls.2025.3526164,article,IEEE Transactions on Neural Networks and Learning Systems,https://openalex.org/W4406416283
IEEE Transactions on Neural Networks and Learning Systems,IEEE,2025,2025-01-15,DBA: Efficient Transformer With Dynamic Bilinear Low-Rank Attention,Bosheng Qin; Juncheng Li; Siliang Tang; Yueting Zhuang,36,8,10.1109/tnnls.2025.3527046,https://doi.org/10.1109/tnnls.2025.3527046,article,IEEE Transactions on Neural Networks and Learning Systems,https://openalex.org/W4406416302
IEEE Transactions on Neural Networks and Learning Systems,IEEE,2025,2025-01-15,Differential Evolution Algorithm for Fast Gains Learning in a High-Gain Controller,José de Jesús Rubio,36,8,10.1109/tnnls.2025.3526580,https://doi.org/10.1109/tnnls.2025.3526580,article,IEEE Transactions on Neural Networks and Learning Systems,https://openalex.org/W4406418098
IEEE Transactions on Neural Networks and Learning Systems,IEEE,2025,2025-01-15,Dual-Structural Bipartite Graph Learning for Multiview Clustering,Xiaohui Wei; Haibo Liu; Puhong Duan; Shutao Li,36,6,10.1109/tnnls.2025.3525766,https://doi.org/10.1109/tnnls.2025.3525766,article,IEEE Transactions on Neural Networks and Learning Systems,https://openalex.org/W4406416279
IEEE Transactions on Neural Networks and Learning Systems,IEEE,2025,2025-01-15,Low Latency Conversion of Artificial Neural Network Models to Rate-Encoded Spiking Neural Networks,Zhanglu Yan; Kaiwen Tang; Jun Zhou; Weng‐Fai Wong,36,8,10.1109/tnnls.2025.3526374,https://doi.org/10.1109/tnnls.2025.3526374,article,IEEE Transactions on Neural Networks and Learning Systems,https://openalex.org/W4406416303
IEEE Transactions on Neural Networks and Learning Systems,IEEE,2025,2025-01-15,Node Classification in Networks via Simplicial Interactions,Eunho Koo; Tongseok Lim,36,8,10.1109/tnnls.2024.3525129,https://doi.org/10.1109/tnnls.2024.3525129,article,IEEE Transactions on Neural Networks and Learning Systems,https://openalex.org/W4406416310
IEEE Transactions on Neural Networks and Learning Systems,IEEE,2025,2025-01-15,Tensor-Representation-Based Multiview Attributed Graph Clustering With Smooth Structure,Yuan Gao; Qian Zhao; Laurence Tianruo Yang; Jing Yang; Lei Ren,36,6,10.1109/tnnls.2025.3526590,https://doi.org/10.1109/tnnls.2025.3526590,article,IEEE Transactions on Neural Networks and Learning Systems,https://openalex.org/W4406416290
IEEE Transactions on Neural Networks and Learning Systems,IEEE,2025,2025-01-15,Toward Mitigating Architecture Overfitting on Distilled Datasets,Xuyang Zhong; Chen Liu,36,8,10.1109/tnnls.2024.3525062,https://doi.org/10.1109/tnnls.2024.3525062,article,IEEE Transactions on Neural Networks and Learning Systems,https://openalex.org/W4406416287
IEEE Transactions on Neural Networks and Learning Systems,IEEE,2025,2025-01-15,Uncertainty-Guided Discriminative Priors Mining for Flexible Unsupervised Spectral Reconstruction,Yihong Leng; Jiaojiao Li; Rui Song; Yunsong Li; Qian Du,36,6,10.1109/tnnls.2025.3526159,https://doi.org/10.1109/tnnls.2025.3526159,article,IEEE Transactions on Neural Networks and Learning Systems,https://openalex.org/W4406416295
IEEE Transactions on Neural Networks and Learning Systems,IEEE,2025,2025-01-16,EPSegNet: Lightweight Semantic Recalibration and Assembly for Efficient Polyp Segmentation,Huisi Wu; Zebin Zhao,36,8,10.1109/tnnls.2025.3527557,https://doi.org/10.1109/tnnls.2025.3527557,article,IEEE Transactions on Neural Networks and Learning Systems,https://openalex.org/W4406495861
IEEE Transactions on Neural Networks and Learning Systems,IEEE,2025,2025-01-16,Industrial Data Imputation Based on Multiscale Spatiotemporal Information Embedding With Asymmetrical Transformer,Xingyuan Li; Yuan Xu; Qunxiong Zhu; Yan‐Lin He,36,8,10.1109/tnnls.2025.3527581,https://doi.org/10.1109/tnnls.2025.3527581,article,IEEE Transactions on Neural Networks and Learning Systems,https://openalex.org/W4406495710
IEEE Transactions on Neural Networks and Learning Systems,IEEE,2025,2025-01-17,A Multiply-And-Max/Min Neuron Paradigm for Aggressively Prunable Deep Neural Networks,Luciano Prono; Philippe Bich; Chiara Boretti; Mauro Mangia; Fabio Pareschi; Riccardo Rovatti; Gianluca Setti,36,8,10.1109/tnnls.2025.3527644,https://doi.org/10.1109/tnnls.2025.3527644,article,IEEE Transactions on Neural Networks and Learning Systems,https://openalex.org/W4406521719
IEEE Transactions on Neural Networks and Learning Systems,IEEE,2025,2025-01-20,HResFormer: Hybrid Residual Transformer for Volumetric Medical Image Segmentation,Sucheng Ren; Xiaomeng Li,36,6,10.1109/tnnls.2024.3519634,https://doi.org/10.1109/tnnls.2024.3519634,article,IEEE Transactions on Neural Networks and Learning Systems,https://openalex.org/W4406610756
IEEE Transactions on Neural Networks and Learning Systems,IEEE,2025,2025-01-20,Reciprocal-Kind Zhang Neurodynamics Method for Temporal-Dependent Sylvester Equation and Robot Manipulator Motion Planning,Pengfei Guo; Yunong Zhang; Shuai Li,36,8,10.1109/tnnls.2025.3525747,https://doi.org/10.1109/tnnls.2025.3525747,article,IEEE Transactions on Neural Networks and Learning Systems,https://openalex.org/W4406610791
IEEE Transactions on Neural Networks and Learning Systems,IEEE,2025,2025-01-20,STSF: Spiking Time Sparse Feedback Learning for Spiking Neural Networks,Ping He; Rong Xiao; Chenwei Tang; Shudong Huang; Jiancheng Lv; Huajin Tang,36,6,10.1109/tnnls.2025.3527700,https://doi.org/10.1109/tnnls.2025.3527700,article,IEEE Transactions on Neural Networks and Learning Systems,https://openalex.org/W4406610971
IEEE Transactions on Neural Networks and Learning Systems,IEEE,2025,2025-01-20,Score-Based Neural Processes,Hongkun Dou; Junzhe Lu; Zeyu Li; Xiaoqing Zhong; Wen Yao; Lijun Yang; Yue Cheng Deng,36,6,10.1109/tnnls.2025.3527223,https://doi.org/10.1109/tnnls.2025.3527223,article,IEEE Transactions on Neural Networks and Learning Systems,https://openalex.org/W4406610851
IEEE Transactions on Neural Networks and Learning Systems,IEEE,2025,2025-01-22,AFed: Algorithmic Fair Federated Learning,Huiqiang Chen; Tianqing Zhu; Wanlei Zhou; Wei Zhao,36,8,10.1109/tnnls.2025.3528012,https://doi.org/10.1109/tnnls.2025.3528012,article,IEEE Transactions on Neural Networks and Learning Systems,https://openalex.org/W4406729824
IEEE Transactions on Neural Networks and Learning Systems,IEEE,2025,2025-01-22,DenseKD: Dense Knowledge Distillation by Exploiting Region and Sample Importance,Haonan Zhang; Longjun Liu; Yi Zhang; Xinyu Lei; Fei Hui; Bihan Wen,36,6,10.1109/tnnls.2025.3525737,https://doi.org/10.1109/tnnls.2025.3525737,article,IEEE Transactions on Neural Networks and Learning Systems,https://openalex.org/W4406728024
IEEE Transactions on Neural Networks and Learning Systems,IEEE,2025,2025-01-22,FairXAI - A Taxonomy and Framework for Fairness and Explainability Synergy in Machine Learning,Resmi Ramachandranpillai; Ricardo A. Baeza-Yates; Fredrik Heintz,36,6,10.1109/tnnls.2025.3528321,https://doi.org/10.1109/tnnls.2025.3528321,article,IEEE Transactions on Neural Networks and Learning Systems,https://openalex.org/W4406729809
IEEE Transactions on Neural Networks and Learning Systems,IEEE,2025,2025-01-22,Generalization Bounds of Deep Neural Networks With τ-Mixing Samples,Liyuan Liu; Yaohui Chen; Weifu Li; Yingjie Wang; Bin Gu; Feng Zheng; Hong Chen,36,8,10.1109/tnnls.2025.3526235,https://doi.org/10.1109/tnnls.2025.3526235,article,IEEE Transactions on Neural Networks and Learning Systems,https://openalex.org/W4406728084
IEEE Transactions on Neural Networks and Learning Systems,IEEE,2025,2025-01-22,Latent Code Augmentation Based on Stable Diffusion for Data-Free Substitute Attacks,Mingwen Shao; Lingzhuang Meng; Yuanjian Qiao; Lixu Zhang; Wangmeng Zuo,36,6,10.1109/tnnls.2025.3526338,https://doi.org/10.1109/tnnls.2025.3526338,article,IEEE Transactions on Neural Networks and Learning Systems,https://openalex.org/W4406730145
IEEE Transactions on Neural Networks and Learning Systems,IEEE,2025,2025-01-23,Adaptive Locality Guidance: Using Locality Guidance to Initialize the Learning of Vision Transformers on Tiny Datasets,Jules Rostand; Chen-Chien James Hsu; Cheng‐Kai Lu,36,8,10.1109/tnnls.2024.3515076,https://doi.org/10.1109/tnnls.2024.3515076,article,IEEE Transactions on Neural Networks and Learning Systems,https://openalex.org/W4406753798
IEEE Transactions on Neural Networks and Learning Systems,IEEE,2025,2025-01-23,Do Highly Over-Parameterized Neural Networks Generalize Since Bad Solutions are Rare?,Julius Martinetz; Thomas Martinetz,36,8,10.1109/tnnls.2025.3529297,https://doi.org/10.1109/tnnls.2025.3529297,article,IEEE Transactions on Neural Networks and Learning Systems,https://openalex.org/W4406753795
IEEE Transactions on Neural Networks and Learning Systems,IEEE,2025,2025-01-23,LiNGAM-SF: Causal Structural Learning Method With Linear Non-Gaussian Acyclic Models for Streaming Features,Chenglin Zhang; Hong Zhi Yu; Guoyin Wang; Yongfang Xie,36,6,10.1109/tnnls.2025.3529753,https://doi.org/10.1109/tnnls.2025.3529753,article,IEEE Transactions on Neural Networks and Learning Systems,https://openalex.org/W4406754798
IEEE Transactions on Neural Networks and Learning Systems,IEEE,2025,2025-01-24,Adaptive Robust Stochastic Configuration Networks for Near-Infrared Multivariate Analysis,Yuqiang Li; Wenli Du; Xinjie Wang; Minglei Yang; Yunmeng Zhao,36,8,10.1109/tnnls.2024.3512492,https://doi.org/10.1109/tnnls.2024.3512492,article,IEEE Transactions on Neural Networks and Learning Systems,https://openalex.org/W4406794306
IEEE Transactions on Neural Networks and Learning Systems,IEEE,2025,2025-01-24,Compressing Transfer: Mutual Learning- Empowered Knowledge Distillation for Temporal Knowledge Graph Reasoning,Qian Ye; Xiaoyan Wang; Fuhui Sun; Li Pan,36,8,10.1109/tnnls.2025.3525699,https://doi.org/10.1109/tnnls.2025.3525699,article,IEEE Transactions on Neural Networks and Learning Systems,https://openalex.org/W4406794514
IEEE Transactions on Neural Networks and Learning Systems,IEEE,2025,2025-01-24,Metric Learning-Based Subspace Clustering,Yesong Xu; Shuo Chen; Jun Li; Jian Jun Yang,36,6,10.1109/tnnls.2025.3528470,https://doi.org/10.1109/tnnls.2025.3528470,article,IEEE Transactions on Neural Networks and Learning Systems,https://openalex.org/W4406794479
IEEE Transactions on Neural Networks and Learning Systems,IEEE,2025,2025-01-28,Class-Consistent Matching Attention Wavelet Networks for Partial Transfer Intelligent Diagnosis,Yongyi Chen; Dan Zhang; Ruqiang Yan; Fanghong Guo; Qi Xuan,36,8,10.1109/tnnls.2025.3529979,https://doi.org/10.1109/tnnls.2025.3529979,article,IEEE Transactions on Neural Networks and Learning Systems,https://openalex.org/W4406891960
IEEE Transactions on Neural Networks and Learning Systems,IEEE,2025,2025-01-28,Concept-Aware Graph Convolutional Network for Compositional Zero-Shot Learning,Yang Liu; Xinshuo Wang; Xinbo Gao; Jungong Han; Ling Shao,36,6,10.1109/tnnls.2025.3528885,https://doi.org/10.1109/tnnls.2025.3528885,article,IEEE Transactions on Neural Networks and Learning Systems,https://openalex.org/W4406892011
IEEE Transactions on Neural Networks and Learning Systems,IEEE,2025,2025-01-28,Deep Energy-Based Discrete-Time Physical Model for Reproducing Energetic Behavior,Takashi Matsubara; Takehiro Aoshima; Ai Ishikawa; Takaharu Yaguchi,36,8,10.1109/tnnls.2025.3529516,https://doi.org/10.1109/tnnls.2025.3529516,article,IEEE Transactions on Neural Networks and Learning Systems,https://openalex.org/W4406890795
IEEE Transactions on Neural Networks and Learning Systems,IEEE,2025,2025-01-28,Hierarchical Label-Enhanced Contrastive Learning for Chinese NER,Chengyu Wang; Shan Zhao; Tianwei Yan; Shezheng Song; Wentao Ma; Kuien Liu; Meng Wang,36,6,10.1109/tnnls.2025.3528416,https://doi.org/10.1109/tnnls.2025.3528416,article,IEEE Transactions on Neural Networks and Learning Systems,https://openalex.org/W4406892128
IEEE Transactions on Neural Networks and Learning Systems,IEEE,2025,2025-01-28,Probabilistic Approximation of Stochastic Time Series Using Bayesian Recurrent Neural Network,Yuhang Wang; Kaiquan Cai; Deyuan Meng,36,6,10.1109/tnnls.2025.3529995,https://doi.org/10.1109/tnnls.2025.3529995,article,IEEE Transactions on Neural Networks and Learning Systems,https://openalex.org/W4406891925
IEEE Transactions on Neural Networks and Learning Systems,IEEE,2025,2025-01-28,"Rethinking Appearance-Based Deep Gait Recognition: Reviews, Analysis, and Insights From Gait Recognition Evolution",Jingqi Li; Yuzhen Zhang; Yi Zeng; Changxin Ye; W. Z. Xu; Xianye Ben; Fei–Yue Wang; Junping Zhang,36,6,10.1109/tnnls.2025.3526815,https://doi.org/10.1109/tnnls.2025.3526815,article,IEEE Transactions on Neural Networks and Learning Systems,https://openalex.org/W4406891994
IEEE Transactions on Neural Networks and Learning Systems,IEEE,2025,2025-01-28,Smart Machine Vision for Universal Spatial-Mode Reconstruction,José D. Huerta-Morales; Chenglong You; Omar S. Magaña‐Loaiza; Shi‐Hai Dong; Roberto de J. León‐Montiel; Mario Alan Quiroz-Juarez,36,8,10.1109/tnnls.2025.3530302,https://doi.org/10.1109/tnnls.2025.3530302,article,IEEE Transactions on Neural Networks and Learning Systems,https://openalex.org/W4406891922
IEEE Transactions on Neural Networks and Learning Systems,IEEE,2025,2025-01-28,Sparsity-Aware Distributed Learning for Gaussian Processes With Linear Multiple Kernel,Richard Cornelius Suwandi; Zhidi Lin; Feng Yin; Zhiguo Wang; Sergios Theodoridis,36,8,10.1109/tnnls.2025.3531784,https://doi.org/10.1109/tnnls.2025.3531784,article,IEEE Transactions on Neural Networks and Learning Systems,https://openalex.org/W4406891934
IEEE Transactions on Neural Networks and Learning Systems,IEEE,2025,2025-01-28,Structured Doubly Stochastic Graph-Based Clustering,Nian Wang; Zhigao Cui; Aihua Li; Yihang Lu; Rong Wang; Feiping Nie,36,6,10.1109/tnnls.2025.3531987,https://doi.org/10.1109/tnnls.2025.3531987,article,IEEE Transactions on Neural Networks and Learning Systems,https://openalex.org/W4406891937
IEEE Transactions on Neural Networks and Learning Systems,IEEE,2025,2025-01-29,Data Cleansing for GANs,Naoyuki Terashita; Hiroki Ohashi; Satoshi Hara,36,6,10.1109/tnnls.2025.3529540,https://doi.org/10.1109/tnnls.2025.3529540,article,IEEE Transactions on Neural Networks and Learning Systems,https://openalex.org/W4406947730
IEEE Transactions on Neural Networks and Learning Systems,IEEE,2025,2025-01-31,Contrastive Ensemble Clustering,Man-Sheng Chen; Jiaqi Lin; Chang‐Dong Wang; Dong Huang; Jianhuang Lai,36,8,10.1109/tnnls.2025.3531903,https://doi.org/10.1109/tnnls.2025.3531903,article,IEEE Transactions on Neural Networks and Learning Systems,https://openalex.org/W4407027141
IEEE Transactions on Neural Networks and Learning Systems,IEEE,2025,2025-02-01,"Guest Editorial: Special Issue on Information Theoretic Methods for the Generalization, Robustness, and Interpretability of Machine Learning",Badong Chen; Shujian Yu; Robert Jenssen; José Carlos Príncipe; Klaus‐Robert Müller,36,2,10.1109/tnnls.2025.3525991,https://doi.org/10.1109/tnnls.2025.3525991,editorial,IEEE Transactions on Neural Networks and Learning Systems,https://openalex.org/W4407212679
IEEE Transactions on Neural Networks and Learning Systems,IEEE,2025,2025-02-01,IEEE Computational Intelligence Society Information,,36,2,10.1109/tnnls.2025.3528665,https://doi.org/10.1109/tnnls.2025.3528665,paratext,IEEE Transactions on Neural Networks and Learning Systems,https://openalex.org/W4407212639
IEEE Transactions on Neural Networks and Learning Systems,IEEE,2025,2025-02-01,IEEE Transactions on Neural Networks and Learning Systems Information for Authors,,36,2,10.1109/tnnls.2025.3531248,https://doi.org/10.1109/tnnls.2025.3531248,paratext,IEEE Transactions on Neural Networks and Learning Systems,https://openalex.org/W4407212575
IEEE Transactions on Neural Networks and Learning Systems,IEEE,2025,2025-02-01,IEEE Transactions on Neural Networks and Learning Systems Publication Information,,36,2,10.1109/tnnls.2025.3531246,https://doi.org/10.1109/tnnls.2025.3531246,paratext,IEEE Transactions on Neural Networks and Learning Systems,https://openalex.org/W4407212983
IEEE Transactions on Neural Networks and Learning Systems,IEEE,2025,2025-02-01,Table of Contents,,36,2,10.1109/tnnls.2025.3531244,https://doi.org/10.1109/tnnls.2025.3531244,paratext,IEEE Transactions on Neural Networks and Learning Systems,https://openalex.org/W4407212822
IEEE Transactions on Neural Networks and Learning Systems,IEEE,2025,2025-02-03,Boosting Temporal Graph Learning From Perspectives of Global and Local Structures,Fengyi Wang; Guanghui Zhu; Hongqing Ding; Pengfei Zhang; Chunfeng Yuan; Yihua Huang,36,8,10.1109/tnnls.2025.3526944,https://doi.org/10.1109/tnnls.2025.3526944,article,IEEE Transactions on Neural Networks and Learning Systems,https://openalex.org/W4407097816
IEEE Transactions on Neural Networks and Learning Systems,IEEE,2025,2025-02-03,Double-Graph Representation With Relational Enhancement for Emotion-Cause Pair Extraction,Ming Zhang; Zhe Chen; Vasile Palade; Tao Lü; Liya Wang; Junchi Zhang; Yanduo Zhang,36,6,10.1109/tnnls.2025.3527767,https://doi.org/10.1109/tnnls.2025.3527767,article,IEEE Transactions on Neural Networks and Learning Systems,https://openalex.org/W4407097850
IEEE Transactions on Neural Networks and Learning Systems,IEEE,2025,2025-02-04,Deep Graph Multi-View Representation Learning With Self-Augmented View Fusion,Ziheng Jiao; Hongyuan Zhang; Xuelong Li,36,8,10.1109/tnnls.2025.3527928,https://doi.org/10.1109/tnnls.2025.3527928,article,IEEE Transactions on Neural Networks and Learning Systems,https://openalex.org/W4407128650
IEEE Transactions on Neural Networks and Learning Systems,IEEE,2025,2025-02-04,Weighted Contrastive Learning With Hard Negative Mining for Positive and Unlabeled Learning,Botai Yuan; Chen Gong; Dacheng Tao; Jie Yang,36,6,10.1109/tnnls.2025.3530427,https://doi.org/10.1109/tnnls.2025.3530427,article,IEEE Transactions on Neural Networks and Learning Systems,https://openalex.org/W4407128820
IEEE Transactions on Neural Networks and Learning Systems,IEEE,2025,2025-02-05,Extended Invariant Risk Minimization for Machine Fault Diagnosis With Label Noise and Data Shift,Zhenling Mo; Zijun Zhang; Qiang Miao; Kwok‐Leung Tsui,36,8,10.1109/tnnls.2025.3531214,https://doi.org/10.1109/tnnls.2025.3531214,article,IEEE Transactions on Neural Networks and Learning Systems,https://openalex.org/W4407168494
IEEE Transactions on Neural Networks and Learning Systems,IEEE,2025,2025-02-05,Interpretable Optimization-Inspired Deep Network for Off-Grid Frequency Estimation,Pingping Pan; Yunjian Zhang; You Li; Yishan Ye; Wei He; Yutao Zhu; Renzhong Guo,36,8,10.1109/tnnls.2025.3534784,https://doi.org/10.1109/tnnls.2025.3534784,article,IEEE Transactions on Neural Networks and Learning Systems,https://openalex.org/W4407168895
IEEE Transactions on Neural Networks and Learning Systems,IEEE,2025,2025-02-10,FRCL-MNER: A Finer Grained Rank-Based Contrastive Learning Framework for Multimodal NER,Tianwei Yan; Shan Zhao; Wentao Ma; Shezheng Song; Chengyu Wang; Zhibo Rao; Shizhao Chen; Zhigang Luo; Xinwang Liu,36,6,10.1109/tnnls.2025.3528567,https://doi.org/10.1109/tnnls.2025.3528567,article,IEEE Transactions on Neural Networks and Learning Systems,https://openalex.org/W4407316311
IEEE Transactions on Neural Networks and Learning Systems,IEEE,2025,2025-02-10,Hierarchical AttentionShift for Pointly Supervised Instance Segmentation,Mingxiang Liao; Fang Hao Wan; Zonghao Guo; Qixiang Ye,36,8,10.1109/tnnls.2025.3526961,https://doi.org/10.1109/tnnls.2025.3526961,article,IEEE Transactions on Neural Networks and Learning Systems,https://openalex.org/W4407316320
IEEE Transactions on Neural Networks and Learning Systems,IEEE,2025,2025-02-10,Persistent Excitation of Improved RBF Neural Networks: Neuron Dynamic-Growing Strategy,Min Wang; Mingyu Wang; Chenguang Yang,36,8,10.1109/tnnls.2025.3528118,https://doi.org/10.1109/tnnls.2025.3528118,article,IEEE Transactions on Neural Networks and Learning Systems,https://openalex.org/W4407316440
IEEE Transactions on Neural Networks and Learning Systems,IEEE,2025,2025-02-11,"Machine Unlearning: Taxonomy, Metrics, Applications, Challenges, and Prospects",Na Li; Chunyi Zhou; Yansong Gao; Hui Chen; Zhi Zhang; Boyu Kuang; Anmin Fu,36,8,10.1109/tnnls.2025.3530988,https://doi.org/10.1109/tnnls.2025.3530988,article,IEEE Transactions on Neural Networks and Learning Systems,https://openalex.org/W4407360741
IEEE Transactions on Neural Networks and Learning Systems,IEEE,2025,2025-02-11,Stacked Ensemble Deep Random Vector Functional Link Network With Residual Learning for Medium-Scale Time-Series Forecasting,Ruobin Gao; Minghui Hu; Ruilin Li; Xuewen Luo; Ponnuthurai Nagaratnam Suganthan; M. Tanveer,36,6,10.1109/tnnls.2025.3529219,https://doi.org/10.1109/tnnls.2025.3529219,article,IEEE Transactions on Neural Networks and Learning Systems,https://openalex.org/W4407360712
IEEE Transactions on Neural Networks and Learning Systems,IEEE,2025,2025-02-13,A Nonlinear Noise-Resistant Zeroing Neural Network Model for Solving Time-Varying Quaternion Generalized Lyapunov Equation and Applications to Color Image Processing,Lin Xiao; Xiangru Yan; Yongjun He; Biao Luo; Qiya Song,36,8,10.1109/tnnls.2025.3526620,https://doi.org/10.1109/tnnls.2025.3526620,article,IEEE Transactions on Neural Networks and Learning Systems,https://openalex.org/W4407450013
IEEE Transactions on Neural Networks and Learning Systems,IEEE,2025,2025-02-13,Wavelet Transformer: An Effective Method on Multiple Periodic Decomposition for Time Series Forecasting,Wei Wei; Z. K. Wang; Bowen Pang; Jiannan Wang; Xue Liu,36,8,10.1109/tnnls.2025.3525502,https://doi.org/10.1109/tnnls.2025.3525502,article,IEEE Transactions on Neural Networks and Learning Systems,https://openalex.org/W4407450036
IEEE Transactions on Neural Networks and Learning Systems,IEEE,2025,2025-02-17,Multivariable Collaborative Modeling With Knowledge Transfer and Its Application in Soft Sensing of Iron Flotation Grade,Dingsen Zhang; Yingwei Zhang; Kaicheng Shang; Xianwen Gao,36,8,10.1109/tnnls.2025.3538777,https://doi.org/10.1109/tnnls.2025.3538777,article,IEEE Transactions on Neural Networks and Learning Systems,https://openalex.org/W4407639320
IEEE Transactions on Neural Networks and Learning Systems,IEEE,2025,2025-02-18,CUDA-X: Unsupervised Domain-Adaptive Vehicle-to-Everything Collaboration via Knowledge Transfer and Alignment,Hongbo Yin; Daxin Tian; Chunmian Lin; Xuting Duan; Jianshan Zhou; Dezong Zhao; Dongpu Cao,36,8,10.1109/tnnls.2025.3539358,https://doi.org/10.1109/tnnls.2025.3539358,article,IEEE Transactions on Neural Networks and Learning Systems,https://openalex.org/W4407693040
IEEE Transactions on Neural Networks and Learning Systems,IEEE,2025,2025-02-18,PHFS: Progressive Hierarchical Feature Selection Based on Adaptive Sample Weighting,Hong Zhao; Jie Shi; Yang Zhang,36,8,10.1109/tnnls.2025.3525643,https://doi.org/10.1109/tnnls.2025.3525643,article,IEEE Transactions on Neural Networks and Learning Systems,https://openalex.org/W4407690673
IEEE Transactions on Neural Networks and Learning Systems,IEEE,2025,2025-02-19,Adaptive Boundary Control for Synchronization of Reaction–Diffusion Neural Networks With Random Time-Varying Delay,Xu Zhang; Biao Luo; Zipeng Wang; Xiaodong Xu; Chunhua Yang,36,8,10.1109/tnnls.2025.3540449,https://doi.org/10.1109/tnnls.2025.3540449,article,IEEE Transactions on Neural Networks and Learning Systems,https://openalex.org/W4407736544
IEEE Transactions on Neural Networks and Learning Systems,IEEE,2025,2025-02-19,Probabilistic Topic Modeling With Transformer Representations,Arik Reuter; Anton Thielmann; Christoph Weisser; Benjamin Säfken; Thomas Kneib,36,8,10.1109/tnnls.2025.3538262,https://doi.org/10.1109/tnnls.2025.3538262,article,IEEE Transactions on Neural Networks and Learning Systems,https://openalex.org/W4407736521
IEEE Transactions on Neural Networks and Learning Systems,IEEE,2025,2025-02-19,S3INet: Semantic-Information Space Sharing Interaction Network for Arbitrary Shape Text Detection,Runmin Wang; Hua Chen; Yanbin Zhu; Juan Xu; Xiaofei Cao; Zhenlin Zhu; Shengyou Qian; Changxin Gao; Li Liu; Nong Sang,36,8,10.1109/tnnls.2025.3538806,https://doi.org/10.1109/tnnls.2025.3538806,article,IEEE Transactions on Neural Networks and Learning Systems,https://openalex.org/W4407736541
IEEE Transactions on Neural Networks and Learning Systems,IEEE,2025,2025-02-20,A Fast Graph Construction-Driven Rotating Machine Fault Diagnosis Method Using Edge Predictor,Chaoying Yang; Jie Liu; Yue Wang; Shuangye Yang; Tielin Shi,36,8,10.1109/tnnls.2025.3539390,https://doi.org/10.1109/tnnls.2025.3539390,article,IEEE Transactions on Neural Networks and Learning Systems,https://openalex.org/W4407783035
IEEE Transactions on Neural Networks and Learning Systems,IEEE,2025,2025-02-24,Conditional Mutual Information Constrained Deep Learning for Classification,En‐hui Yang; Shayan Mohajer Hamidi; Linfeng Ye; Renhao Tan; Beverly Yang,36,8,10.1109/tnnls.2025.3540014,https://doi.org/10.1109/tnnls.2025.3540014,article,IEEE Transactions on Neural Networks and Learning Systems,https://openalex.org/W4407900548
IEEE Transactions on Neural Networks and Learning Systems,IEEE,2025,2025-02-24,"Coupled Homogeneous Hopfield Neural Networks: Simplest Model Design, Synchronization, and Multiplierless Circuit Implementation",Fuhong Min; Chengjie Chen; Neil G. R. Broderick,36,6,10.1109/tnnls.2025.3539283,https://doi.org/10.1109/tnnls.2025.3539283,article,IEEE Transactions on Neural Networks and Learning Systems,https://openalex.org/W4407900568
IEEE Transactions on Neural Networks and Learning Systems,IEEE,2025,2025-02-24,Disentanglement of Prosody Representations via Diffusion Models and Scheduled Gradient Reversal,Leyuan Qu; Cornelius Weber; Wei Wang; Jia Jin; Yingming Gao; Taihao Li; Stefan Wermter,36,8,10.1109/tnnls.2025.3534822,https://doi.org/10.1109/tnnls.2025.3534822,article,IEEE Transactions on Neural Networks and Learning Systems,https://openalex.org/W4407900542
IEEE Transactions on Neural Networks and Learning Systems,IEEE,2025,2025-02-24,Temporal-Interim Pose Synthesis and Distillation for Dynamic Human Pose Estimation,Renjie Zhang; Di Lin; Xin Wang; Ruonan Liu; Bin Sheng; George Baciu; C. L. Philip Chen; Ping Li,36,8,10.1109/tnnls.2025.3541936,https://doi.org/10.1109/tnnls.2025.3541936,article,IEEE Transactions on Neural Networks and Learning Systems,https://openalex.org/W4407900572
IEEE Transactions on Neural Networks and Learning Systems,IEEE,2025,2025-02-25,TDSF-Net: Tensor Decomposition-Based Subspace Fusion Network for Multimodal Medical Image Classification,Yi Zhang; Guoxia Xu; Meng Ya Zhao; Hao Henry Wang; Fan Shi; Shengyong Chen,36,6,10.1109/tnnls.2025.3541170,https://doi.org/10.1109/tnnls.2025.3541170,article,IEEE Transactions on Neural Networks and Learning Systems,https://openalex.org/W4407937772
IEEE Transactions on Neural Networks and Learning Systems,IEEE,2025,2025-02-26,A Memristor-Based Neural Network Circuit With Retrospective Revaluation Effect and Application in Intelligent Household Robots,Junwei Sun; Yijin Shen; Yingcong Wang; Yanfeng Wang,36,6,10.1109/tnnls.2025.3539842,https://doi.org/10.1109/tnnls.2025.3539842,article,IEEE Transactions on Neural Networks and Learning Systems,https://openalex.org/W4407948753
IEEE Transactions on Neural Networks and Learning Systems,IEEE,2025,2025-02-26,A Systematic Review on Long-Tailed Learning,Chongsheng Zhang; George Almpanidis; Gaojuan Fan; Binquan Deng; Yanbo Zhang; Ji Liu; Aouaidjia Kamel; Paolo Soda; João Manuel Portela da Gama,36,8,10.1109/tnnls.2025.3539314,https://doi.org/10.1109/tnnls.2025.3539314,review,IEEE Transactions on Neural Networks and Learning Systems,https://openalex.org/W4407950371
IEEE Transactions on Neural Networks and Learning Systems,IEEE,2025,2025-02-26,Backdoor Attacks and Countermeasures in Natural Language Processing Models: A Comprehensive Security Review,Pengzhou Cheng; Zongru Wu; Wei Du; Haodong Zhao; Wei Lu; Gongshen Liu,36,8,10.1109/tnnls.2025.3540303,https://doi.org/10.1109/tnnls.2025.3540303,article,IEEE Transactions on Neural Networks and Learning Systems,https://openalex.org/W4407948749
IEEE Transactions on Neural Networks and Learning Systems,IEEE,2025,2025-02-26,Cascade Fusion and Correlation Enhancement for Knowledge Distillation,Bin Sun; Zhiqiang Long; Ziyu Ma; Shutao Li,36,8,10.1109/tnnls.2025.3539991,https://doi.org/10.1109/tnnls.2025.3539991,article,IEEE Transactions on Neural Networks and Learning Systems,https://openalex.org/W4407948617
IEEE Transactions on Neural Networks and Learning Systems,IEEE,2025,2025-02-26,DNRHP: Temporal Network Representation Learning via Hawkes Point Process,Changtian Ying; Qi Li; Chen Wang; Donghua Yu,36,8,10.1109/tnnls.2025.3540195,https://doi.org/10.1109/tnnls.2025.3540195,article,IEEE Transactions on Neural Networks and Learning Systems,https://openalex.org/W4407948767
IEEE Transactions on Neural Networks and Learning Systems,IEEE,2025,2025-02-26,Dynamic Self-Organizing Neurons,Siddharth Barve; Rashmi Jha,36,8,10.1109/tnnls.2025.3542063,https://doi.org/10.1109/tnnls.2025.3542063,article,IEEE Transactions on Neural Networks and Learning Systems,https://openalex.org/W4407948738
IEEE Transactions on Neural Networks and Learning Systems,IEEE,2025,2025-02-26,E-3SFC: Communication-Efficient Federated Learning With Double-Way Features Synthesizing,Yuhao Zhou; Yuxin Tian; Mingjia Shi; Yuanxi Li; Yanan Sun; Qing Ye; Jiancheng Lv,36,8,10.1109/tnnls.2025.3539869,https://doi.org/10.1109/tnnls.2025.3539869,article,IEEE Transactions on Neural Networks and Learning Systems,https://openalex.org/W4407948786
IEEE Transactions on Neural Networks and Learning Systems,IEEE,2025,2025-02-26,Harmonic Fast One-Step Cut: An Efficient Strategy for Spectral Clustering Optimization,Jingwei Chen; Shasha Fu; Hui Yang; Feiping Nie,36,8,10.1109/tnnls.2025.3539628,https://doi.org/10.1109/tnnls.2025.3539628,article,IEEE Transactions on Neural Networks and Learning Systems,https://openalex.org/W4407948670
IEEE Transactions on Neural Networks and Learning Systems,IEEE,2025,2025-02-26,Latency Adjustable Transformer Encoder for Language Understanding,Sajjad Kachuee; Mohammad Sharifkhani,36,6,10.1109/tnnls.2025.3539727,https://doi.org/10.1109/tnnls.2025.3539727,article,IEEE Transactions on Neural Networks and Learning Systems,https://openalex.org/W4407949131
IEEE Transactions on Neural Networks and Learning Systems,IEEE,2025,2025-02-26,Meta Learning Task Representation in Multiagent Reinforcement Learning: From Global Inference to Local Inference,Zijie Zhao; Yuqian Fu; Jiajun Chai; Yuanheng Zhu; Dongbin Zhao,36,8,10.1109/tnnls.2025.3540758,https://doi.org/10.1109/tnnls.2025.3540758,article,IEEE Transactions on Neural Networks and Learning Systems,https://openalex.org/W4407950249
IEEE Transactions on Neural Networks and Learning Systems,IEEE,2025,2025-02-26,Random Orthogonal Additive Filters: A Solution to the Vanishing/Exploding Gradient of Deep Neural Networks,Andrea Ceni,36,6,10.1109/tnnls.2025.3538924,https://doi.org/10.1109/tnnls.2025.3538924,article,IEEE Transactions on Neural Networks and Learning Systems,https://openalex.org/W4407949132
IEEE Transactions on Neural Networks and Learning Systems,IEEE,2025,2025-02-26,When Heterophily Meets Heterogeneous Graphs: Latent Graphs Guided Unsupervised Representation Learning,Zhixiang Shen; Zhao Kang,36,6,10.1109/tnnls.2025.3540063,https://doi.org/10.1109/tnnls.2025.3540063,article,IEEE Transactions on Neural Networks and Learning Systems,https://openalex.org/W4407948650
IEEE Transactions on Neural Networks and Learning Systems,IEEE,2025,2025-02-27,CPST-GAN: Conditional Probabilistic State Transition Generative Adversarial Network With the Biomedical Large Foundation Models,Qiong Wang; Luyun Xu; Yinglu Shan; Wenzhuo Shen; Lou Li; Xia-an Bi; Zhonghua Liu,36,10,10.1109/tnnls.2025.3539006,https://doi.org/10.1109/tnnls.2025.3539006,article,IEEE Transactions on Neural Networks and Learning Systems,https://openalex.org/W4408017188
IEEE Transactions on Neural Networks and Learning Systems,IEEE,2025,2025-02-27,Learning Decision Boundaries for Multidimensional Anomaly Detection,Xinye Wang; Lei Duan; Lili Guan; Jiaxuan Xu; Chengxin He,36,8,10.1109/tnnls.2025.3540602,https://doi.org/10.1109/tnnls.2025.3540602,article,IEEE Transactions on Neural Networks and Learning Systems,https://openalex.org/W4408017225
IEEE Transactions on Neural Networks and Learning Systems,IEEE,2025,2025-02-27,PPGF: Probability Pattern-Guided Time Series Forecasting,Yanru Sun; Zongxia Xie; Haoyu Xing; Hualong Yu; Qinghua Hu,36,8,10.1109/tnnls.2025.3540873,https://doi.org/10.1109/tnnls.2025.3540873,article,IEEE Transactions on Neural Networks and Learning Systems,https://openalex.org/W4408017286
IEEE Transactions on Neural Networks and Learning Systems,IEEE,2025,2025-02-28,Guest Editorial Special Issue on Effective Feature Fusion in Deep Neural Networks,Yanwei Pang; Fahad Shahbaz Khan; Lü Xin; Fabio Cuzzolin,36,3,10.1109/tnnls.2025.3525946,https://doi.org/10.1109/tnnls.2025.3525946,editorial,IEEE Transactions on Neural Networks and Learning Systems,https://openalex.org/W4408047508
IEEE Transactions on Neural Networks and Learning Systems,IEEE,2025,2025-02-28,IEEE Computational Intelligence Society Information,,36,3,10.1109/tnnls.2025.3536259,https://doi.org/10.1109/tnnls.2025.3536259,paratext,IEEE Transactions on Neural Networks and Learning Systems,https://openalex.org/W4408047519
IEEE Transactions on Neural Networks and Learning Systems,IEEE,2025,2025-02-28,IEEE Transactions on Neural Networks and Learning Systems Information for Authors,,36,3,10.1109/tnnls.2025.3536257,https://doi.org/10.1109/tnnls.2025.3536257,paratext,IEEE Transactions on Neural Networks and Learning Systems,https://openalex.org/W4408047867
IEEE Transactions on Neural Networks and Learning Systems,IEEE,2025,2025-02-28,IEEE Transactions on Neural Networks and Learning Systems Publication Information,,36,3,10.1109/tnnls.2025.3536261,https://doi.org/10.1109/tnnls.2025.3536261,paratext,IEEE Transactions on Neural Networks and Learning Systems,https://openalex.org/W4408071489
IEEE Transactions on Neural Networks and Learning Systems,IEEE,2025,2025-02-28,Table of Contents,,36,3,10.1109/tnnls.2025.3536263,https://doi.org/10.1109/tnnls.2025.3536263,paratext,IEEE Transactions on Neural Networks and Learning Systems,https://openalex.org/W4408048108
IEEE Transactions on Neural Networks and Learning Systems,IEEE,2025,2025-03-03,Feature Correlation-Guided Knowledge Transfer for Federated Self-Supervised Learning,Yi Liu; Song Guo; Jie Zhang; Yufeng Zhan; Qihua Zhou; Yingchun Wang,36,6,10.1109/tnnls.2025.3541642,https://doi.org/10.1109/tnnls.2025.3541642,article,IEEE Transactions on Neural Networks and Learning Systems,https://openalex.org/W4408100315
IEEE Transactions on Neural Networks and Learning Systems,IEEE,2025,2025-03-04,Multiview Clustering via Block Diagonal Graph Filtering,Haonan Xin; Danyang Wu; Jitao Lu; Rong Wang; Feiping Nie; Xuelong Li,36,8,10.1109/tnnls.2025.3543219,https://doi.org/10.1109/tnnls.2025.3543219,article,IEEE Transactions on Neural Networks and Learning Systems,https://openalex.org/W4408145539
IEEE Transactions on Neural Networks and Learning Systems,IEEE,2025,2025-03-04,Weakly Supervised Object Localization With Progressive Activation Diffusion,Can Xu; Le Hui; Jin Xie; Jian Jun Yang,36,8,10.1109/tnnls.2025.3540898,https://doi.org/10.1109/tnnls.2025.3540898,article,IEEE Transactions on Neural Networks and Learning Systems,https://openalex.org/W4408145540
IEEE Transactions on Neural Networks and Learning Systems,IEEE,2025,2025-03-06,Semantics-Aware Hierarchical Decision Framework for Embodied Visual Room Rearrangement,Xinzhu Liu; Di Guo; Huaping Liu,36,8,10.1109/tnnls.2025.3543438,https://doi.org/10.1109/tnnls.2025.3543438,article,IEEE Transactions on Neural Networks and Learning Systems,https://openalex.org/W4408182140
IEEE Transactions on Neural Networks and Learning Systems,IEEE,2025,2025-03-07,Broad Learning System Based on Fractional Feature Optimization,Dan Zhang; Tong Zhang; C. L. Philip Chen; Tao Zhang,36,8,10.1109/tnnls.2025.3540076,https://doi.org/10.1109/tnnls.2025.3540076,article,IEEE Transactions on Neural Networks and Learning Systems,https://openalex.org/W4408222783
IEEE Transactions on Neural Networks and Learning Systems,IEEE,2025,2025-03-07,Mode Hypergraph Neural Network,Shuyi Ji; Yifan Feng; Donglin Di; Shihui Ying; Yue Gao,36,8,10.1109/tnnls.2025.3542176,https://doi.org/10.1109/tnnls.2025.3542176,article,IEEE Transactions on Neural Networks and Learning Systems,https://openalex.org/W4408235984
IEEE Transactions on Neural Networks and Learning Systems,IEEE,2025,2025-03-07,Physics-Driven Anomaly Detection and Correction for Spectroscopic Parameter Estimation,Ruiyuan Kang; Panos Liatsis,36,8,10.1109/tnnls.2025.3543602,https://doi.org/10.1109/tnnls.2025.3543602,article,IEEE Transactions on Neural Networks and Learning Systems,https://openalex.org/W4408222803
IEEE Transactions on Neural Networks and Learning Systems,IEEE,2025,2025-03-10,Learning Spatial–Temporal Regularized Tensor Sparse RPCA for Background Subtraction,Basit Alawode; Sajid Javed,36,6,10.1109/tnnls.2025.3543947,https://doi.org/10.1109/tnnls.2025.3543947,article,IEEE Transactions on Neural Networks and Learning Systems,https://openalex.org/W4408281082
IEEE Transactions on Neural Networks and Learning Systems,IEEE,2025,2025-03-10,Topology Identification of Weighted Complex Networks Under Intermittent Control and Its Application in Neural Networks,Huiling Chen; Chunmei Zhang; Han Yu Yang,36,8,10.1109/tnnls.2025.3542505,https://doi.org/10.1109/tnnls.2025.3542505,article,IEEE Transactions on Neural Networks and Learning Systems,https://openalex.org/W4408281136
IEEE Transactions on Neural Networks and Learning Systems,IEEE,2025,2025-03-11,Cholesky Space for Brain–Computer Interfaces,Xingfu Wang; Wenxia Qi; Wenjie Yang; Wei Wang,36,8,10.1109/tnnls.2025.3542801,https://doi.org/10.1109/tnnls.2025.3542801,article,IEEE Transactions on Neural Networks and Learning Systems,https://openalex.org/W4408323914
IEEE Transactions on Neural Networks and Learning Systems,IEEE,2025,2025-03-11,Fusionformer: A Novel Adversarial Transformer Utilizing Fusion Attention for Multivariate Anomaly Detection,Chuang Wang; Zidong Wang; Hongli Dong; Stanislao Lauria; Weibo Liu; Yiming Wang; Futra Fadzil; Xiaohui Liu,36,8,10.1109/tnnls.2025.3542719,https://doi.org/10.1109/tnnls.2025.3542719,article,IEEE Transactions on Neural Networks and Learning Systems,https://openalex.org/W4408323902
IEEE Transactions on Neural Networks and Learning Systems,IEEE,2025,2025-03-11,Power Characterization of Noisy Quantum Kernels,Yabo Wang; Bo Qi; Xin Wang; Tongliang Liu; Daoyi Dong,36,8,10.1109/tnnls.2025.3545545,https://doi.org/10.1109/tnnls.2025.3545545,article,IEEE Transactions on Neural Networks and Learning Systems,https://openalex.org/W4408323909
IEEE Transactions on Neural Networks and Learning Systems,IEEE,2025,2025-03-11,Reconstruction-Based Anomaly Localization via Knowledge-Informed Self-Training,Qian Cheng; Xiaoxian Lao; Chunguang Li,36,6,10.1109/tnnls.2025.3542229,https://doi.org/10.1109/tnnls.2025.3542229,article,IEEE Transactions on Neural Networks and Learning Systems,https://openalex.org/W4408323886
IEEE Transactions on Neural Networks and Learning Systems,IEEE,2025,2025-03-13,CiRLExplainer: Causality-Inspired Explainer for Graph Neural Networks via Reinforcement Learning,Wenya Hu; Jia Wu; Quan Qian,36,6,10.1109/tnnls.2025.3543070,https://doi.org/10.1109/tnnls.2025.3543070,article,IEEE Transactions on Neural Networks and Learning Systems,https://openalex.org/W4408399374
IEEE Transactions on Neural Networks and Learning Systems,IEEE,2025,2025-03-13,Neighbor-Based Completion for Addressing Incomplete Multiview Clustering,W. C. Yan; Jihua Zhu; Yiyang Zhou; Jinqian Chen; Haozhe Cheng; Kun Yue; Qinghai Zheng,36,8,10.1109/tnnls.2025.3540437,https://doi.org/10.1109/tnnls.2025.3540437,article,IEEE Transactions on Neural Networks and Learning Systems,https://openalex.org/W4408399402
IEEE Transactions on Neural Networks and Learning Systems,IEEE,2025,2025-03-14,INGC-GAN: An Implicit Neural-Guided Cycle Generative Approach for Perceptual-Friendly Underwater Image Enhancement,Weiming Li; Xuelong Wu; Shuaishuai Fan; Songjie Wei; Glyn Gowing,36,6,10.1109/tnnls.2025.3539841,https://doi.org/10.1109/tnnls.2025.3539841,article,IEEE Transactions on Neural Networks and Learning Systems,https://openalex.org/W4408441357
IEEE Transactions on Neural Networks and Learning Systems,IEEE,2025,2025-03-14,Neuron Perception Inspired EEG Emotion Recognition With Parallel Contrastive Learning,Dongdong Li; Shengyao Huang; Xie Li; Zhe Wang; Jiazhen Xu,36,8,10.1109/tnnls.2025.3546283,https://doi.org/10.1109/tnnls.2025.3546283,article,IEEE Transactions on Neural Networks and Learning Systems,https://openalex.org/W4408441416
IEEE Transactions on Neural Networks and Learning Systems,IEEE,2025,2025-03-14,NiSNN-A: Noniterative Spiking Neural Network With Attention With Application to Motor Imagery EEG Classification,Caopeng Zhang; Wei Li Pan; Cosimo Della Santina,36,8,10.1109/tnnls.2025.3538335,https://doi.org/10.1109/tnnls.2025.3538335,article,IEEE Transactions on Neural Networks and Learning Systems,https://openalex.org/W4408441385
IEEE Transactions on Neural Networks and Learning Systems,IEEE,2025,2025-03-14,Partial Differential Equations Meet Deep Neural Networks: A Survey,Shudong Huang; Wentao Feng; Chenwei Tang; Zhenan He; Caiyang Yu; Jiancheng Lv,36,8,10.1109/tnnls.2025.3545967,https://doi.org/10.1109/tnnls.2025.3545967,article,IEEE Transactions on Neural Networks and Learning Systems,https://openalex.org/W4408441353
IEEE Transactions on Neural Networks and Learning Systems,IEEE,2025,2025-03-14,Provably Bounded Dynamic Sparsifying Transform Network for Compressive Imaging,Baoshun Shi; Dan Li,36,8,10.1109/tnnls.2025.3543766,https://doi.org/10.1109/tnnls.2025.3543766,article,IEEE Transactions on Neural Networks and Learning Systems,https://openalex.org/W4408441344
IEEE Transactions on Neural Networks and Learning Systems,IEEE,2025,2025-03-14,Q-Learning-Based Robust Control for Nonlinear Systems With Mismatched Perturbations,Qian Cui; Gang Feng; Xuesong Xu,36,8,10.1109/tnnls.2025.3543336,https://doi.org/10.1109/tnnls.2025.3543336,article,IEEE Transactions on Neural Networks and Learning Systems,https://openalex.org/W4408441494
IEEE Transactions on Neural Networks and Learning Systems,IEEE,2025,2025-03-14,Toward Building Human-Like Sequential Memory Using Brain-Inspired Spiking Neural Models,Malu Zhang; Xiaoling Luo; Jibin Wu; Ammar Belatreche; Siqi Cai; Yang Yang; Haizhou Li,36,6,10.1109/tnnls.2025.3543673,https://doi.org/10.1109/tnnls.2025.3543673,article,IEEE Transactions on Neural Networks and Learning Systems,https://openalex.org/W4408441434
IEEE Transactions on Neural Networks and Learning Systems,IEEE,2025,2025-03-18,A Novel Fusion and Feature Selection Framework for Multisource Time-Series Data Based on Information Entropy,Xiuwei Chen; Li Lai; Maokang Luo,36,8,10.1109/tnnls.2025.3548165,https://doi.org/10.1109/tnnls.2025.3548165,article,IEEE Transactions on Neural Networks and Learning Systems,https://openalex.org/W4408564767
IEEE Transactions on Neural Networks and Learning Systems,IEEE,2025,2025-03-18,Convergence of Adaptive Stochastic Mirror Descent,Ting Hu; Xiaotong Liu; Kai Ji; Yunwen Lei,36,8,10.1109/tnnls.2025.3545420,https://doi.org/10.1109/tnnls.2025.3545420,article,IEEE Transactions on Neural Networks and Learning Systems,https://openalex.org/W4408564779
IEEE Transactions on Neural Networks and Learning Systems,IEEE,2025,2025-03-18,Dual Consistency Constraint-Based Self-Supervised Representation Learning for Heterogeneous Graphs With Missing Attributes,Yajie Lei; Yujie Mo; Luping Ji; Xiaofeng Zhu,36,8,10.1109/tnnls.2025.3547463,https://doi.org/10.1109/tnnls.2025.3547463,article,IEEE Transactions on Neural Networks and Learning Systems,https://openalex.org/W4408564479
IEEE Transactions on Neural Networks and Learning Systems,IEEE,2025,2025-03-18,Globality Meets Locality: An Anchor Graph Collaborative Learning Framework for Fast Multiview Subspace Clustering,Jipeng Guo; Yanfeng Sun; Xin Ma; Junbin Gao; Yongli Hu; Youqing Wang; Baocai Yin,36,6,10.1109/tnnls.2025.3545435,https://doi.org/10.1109/tnnls.2025.3545435,article,IEEE Transactions on Neural Networks and Learning Systems,https://openalex.org/W4408564532
IEEE Transactions on Neural Networks and Learning Systems,IEEE,2025,2025-03-18,Local–Global Structure-Aware Geometric Equivariant Graph Representation Learning for Predicting Protein–Ligand Binding Affinity,Shihong Chen; Hai-Cheng Yi; Zhu‐Hong You; Xuequn Shang; Yu‐An Huang; Lei Wang; Zhen Wang,36,8,10.1109/tnnls.2025.3547300,https://doi.org/10.1109/tnnls.2025.3547300,article,IEEE Transactions on Neural Networks and Learning Systems,https://openalex.org/W4408564503
IEEE Transactions on Neural Networks and Learning Systems,IEEE,2025,2025-03-18,Mean-Square Synchronization of Additive Time-Varying Delayed Markovian Jumping Neural Networks Under Multiple Stochastic Sampling,Pratap Anbalagan; Zhiguang Feng; Tingwen Huang; Yukang Cui,36,7,10.1109/tnnls.2024.3478395,https://doi.org/10.1109/tnnls.2024.3478395,article,IEEE Transactions on Neural Networks and Learning Systems,https://openalex.org/W4408564701
IEEE Transactions on Neural Networks and Learning Systems,IEEE,2025,2025-03-18,Model-Free and Pseudoinverse-Free Zhang Neurodynamics Scheme for Robotic Arms’ Path Tracking Control,Jielong Chen; Yan Feng Pan; Yunong Zhang,36,6,10.1109/tnnls.2025.3540589,https://doi.org/10.1109/tnnls.2025.3540589,article,IEEE Transactions on Neural Networks and Learning Systems,https://openalex.org/W4408564744
IEEE Transactions on Neural Networks and Learning Systems,IEEE,2025,2025-03-18,Neuroadaptive Control With Enhanced Stability and Reliability,Kaili Xiang; Ruotong Ming; Siyu Chen; Frank L. Lewis,36,8,10.1109/tnnls.2025.3542551,https://doi.org/10.1109/tnnls.2025.3542551,article,IEEE Transactions on Neural Networks and Learning Systems,https://openalex.org/W4408564504
IEEE Transactions on Neural Networks and Learning Systems,IEEE,2025,2025-03-18,One-Shot Secure Federated K -Means Clustering Based on Density Cores,Yizhang Wang; Wei Pang; Di Wang; Witold Pedrycz,36,8,10.1109/tnnls.2025.3547362,https://doi.org/10.1109/tnnls.2025.3547362,article,IEEE Transactions on Neural Networks and Learning Systems,https://openalex.org/W4408564733
IEEE Transactions on Neural Networks and Learning Systems,IEEE,2025,2025-03-18,Protein Language Pragmatic Analysis and Progressive Transfer Learning for Profiling Peptide-Protein Interactions,Shutao Chen; Ke Yan; Xuelong Li; Bin Liu,36,8,10.1109/tnnls.2025.3540291,https://doi.org/10.1109/tnnls.2025.3540291,article,IEEE Transactions on Neural Networks and Learning Systems,https://openalex.org/W4408564722
IEEE Transactions on Neural Networks and Learning Systems,IEEE,2025,2025-03-19,BFCP: Pursue Better Forward Compatibility Pretraining for Few-Shot Class-Incremental Learning,Zhiling Fu; Zhe Wang; Xinlei Xu; Wei Guo; Ziqiu Chi; Hai Yang; Wenli Du,36,8,10.1109/tnnls.2025.3548465,https://doi.org/10.1109/tnnls.2025.3548465,article,IEEE Transactions on Neural Networks and Learning Systems,https://openalex.org/W4408609382
IEEE Transactions on Neural Networks and Learning Systems,IEEE,2025,2025-03-19,Iterative Reservoir Computing Networks for Reconstructing Irregular Time Series,Yuan-Hung Kuan; Vignesh Narayanan; Jr-Shin Li,36,8,10.1109/tnnls.2025.3547965,https://doi.org/10.1109/tnnls.2025.3547965,article,IEEE Transactions on Neural Networks and Learning Systems,https://openalex.org/W4408609310
IEEE Transactions on Neural Networks and Learning Systems,IEEE,2025,2025-03-19,Multiview Representation Learning via Information-Theoretic Optimization,Weiqing Yan; Shuochen Yao; Chang Tang; Wujie Zhou,36,8,10.1109/tnnls.2025.3546660,https://doi.org/10.1109/tnnls.2025.3546660,article,IEEE Transactions on Neural Networks and Learning Systems,https://openalex.org/W4408609322
IEEE Transactions on Neural Networks and Learning Systems,IEEE,2025,2025-03-19,Noise-Robust Federated Learning via Interclient Co-Distillation,Liang Gao; Li Li; Yingwen Chen; Shaojing Fu; Dongsheng Wang; Siwei Wang; Chengzhong Xu; Ming Xu,36,8,10.1109/tnnls.2025.3546903,https://doi.org/10.1109/tnnls.2025.3546903,article,IEEE Transactions on Neural Networks and Learning Systems,https://openalex.org/W4408609245
IEEE Transactions on Neural Networks and Learning Systems,IEEE,2025,2025-03-19,Point-to-Set Metric-Gated Mixture of Experts for Multisource Domain Adaptation Fault Diagnosis,Boyuan Yang; Jinyuan Zhang; Ruonan Liu; Di Lin; Ping Li; C. L. Philip Chen,36,8,10.1109/tnnls.2025.3548894,https://doi.org/10.1109/tnnls.2025.3548894,article,IEEE Transactions on Neural Networks and Learning Systems,https://openalex.org/W4408609297
IEEE Transactions on Neural Networks and Learning Systems,IEEE,2025,2025-03-19,TIENet: A Tri-Interaction Enhancement Network for Multimodal Person Reidentification,Xi Yang; Wenjiao Dong; De Cheng; Nannan Wang; Xinbo Gao,36,6,10.1109/tnnls.2025.3544679,https://doi.org/10.1109/tnnls.2025.3544679,article,IEEE Transactions on Neural Networks and Learning Systems,https://openalex.org/W4408609397
IEEE Transactions on Neural Networks and Learning Systems,IEEE,2025,2025-03-21,2-D Transformer: Extending Large Language Models to Long-Context With Few Memory,Xingyang He; Jie Liu; Yutai Duan,36,8,10.1109/tnnls.2025.3548047,https://doi.org/10.1109/tnnls.2025.3548047,article,IEEE Transactions on Neural Networks and Learning Systems,https://openalex.org/W4408709442
IEEE Transactions on Neural Networks and Learning Systems,IEEE,2025,2025-03-21,A Robust Multi-Virtual-Agent Inverse Reinforcement Learning Approach With Data Aggregation for Perturbed Environments,Yanbin Lin; Zhen Ni,36,8,10.1109/tnnls.2025.3531839,https://doi.org/10.1109/tnnls.2025.3531839,article,IEEE Transactions on Neural Networks and Learning Systems,https://openalex.org/W4408709990
IEEE Transactions on Neural Networks and Learning Systems,IEEE,2025,2025-03-21,A Unified Framework for Dynamics Modeling and Control Design Using Deep Learning With Side Information on Stabilizability,Kenji Kashima; Ryota Yoshiuchi; Ran Wang; Yu Kawano,36,8,10.1109/tnnls.2025.3543926,https://doi.org/10.1109/tnnls.2025.3543926,article,IEEE Transactions on Neural Networks and Learning Systems,https://openalex.org/W4408716498
IEEE Transactions on Neural Networks and Learning Systems,IEEE,2025,2025-03-21,BP-SGCN: Behavioral Pseudo-Label Informed Sparse Graph Convolution Network for Pedestrian and Heterogeneous Trajectory Prediction,Ruochen Li; Stamos Katsigiannis; Tae‐Kyun Kim; Hubert P. H. Shum,36,8,10.1109/tnnls.2025.3545268,https://doi.org/10.1109/tnnls.2025.3545268,article,IEEE Transactions on Neural Networks and Learning Systems,https://openalex.org/W4408711514
IEEE Transactions on Neural Networks and Learning Systems,IEEE,2025,2025-03-21,Deep CNN Feature Resampling and Ensemble Based on Cross Validation for Image Classification,Yu Wang; Haodong Zhang; Xingli Yang; Jihong Li,36,6,10.1109/tnnls.2025.3547228,https://doi.org/10.1109/tnnls.2025.3547228,article,IEEE Transactions on Neural Networks and Learning Systems,https://openalex.org/W4408710016
IEEE Transactions on Neural Networks and Learning Systems,IEEE,2025,2025-03-21,Diffusion Model-Based Path Follower for a Salamander-Like Robot,Zhiang Liu; Yang Liu; Yongchun Fang,36,8,10.1109/tnnls.2025.3549307,https://doi.org/10.1109/tnnls.2025.3549307,article,IEEE Transactions on Neural Networks and Learning Systems,https://openalex.org/W4408709028
IEEE Transactions on Neural Networks and Learning Systems,IEEE,2025,2025-03-21,Dual-Space Contrastive Learning for Open-World Semi-Supervised Classification,Yuxun Qu; Yongqiang Tang; Chenyang Zhang; Xiangrui Cai; Xiaojie Yuan; Wensheng Zhang,36,8,10.1109/tnnls.2025.3544405,https://doi.org/10.1109/tnnls.2025.3544405,article,IEEE Transactions on Neural Networks and Learning Systems,https://openalex.org/W4408710880
IEEE Transactions on Neural Networks and Learning Systems,IEEE,2025,2025-03-21,MSAFF: Multi-Way Soft Attention Fusion Framework With the Large Foundation Models for the Diagnosis of Alzheimer’s Disease,Xia-an Bi; Wenzhuo Shen; Yinglu Shan; Dayou Chen; Luyun Xu; Ke Chen; Zhonghua Liu,36,10,10.1109/tnnls.2025.3545101,https://doi.org/10.1109/tnnls.2025.3545101,article,IEEE Transactions on Neural Networks and Learning Systems,https://openalex.org/W4408708170
IEEE Transactions on Neural Networks and Learning Systems,IEEE,2025,2025-03-21,Multiscale Subgraph Adversarial Contrastive Learning,Yanbei Liu; Yu Zhao; Zhitao Xiao; Lei Geng; Xiao Wang; Yanwei Pang; Jerry Chun‐Wei Lin,36,8,10.1109/tnnls.2025.3543954,https://doi.org/10.1109/tnnls.2025.3543954,article,IEEE Transactions on Neural Networks and Learning Systems,https://openalex.org/W4408708195
IEEE Transactions on Neural Networks and Learning Systems,IEEE,2025,2025-03-21,Neural-Network-Based Recursive State Estimation for Nonlinear Networked Systems With Binary-Encoding Mechanisms,Yuhan Zhang; Zidong Wang; Lei Zou; Wei Qian; Shuxin Du,36,6,10.1109/tnnls.2025.3542492,https://doi.org/10.1109/tnnls.2025.3542492,article,IEEE Transactions on Neural Networks and Learning Systems,https://openalex.org/W4408710711
IEEE Transactions on Neural Networks and Learning Systems,IEEE,2025,2025-03-21,SPCNet: Deep Self-Paced Curriculum Network Incorporated With Inductive Bias,Yue Zhao; Maoguo Gong; Mingyang Zhang; A. Kai Qin; Fenlong Jiang; Jianzhao Li,36,8,10.1109/tnnls.2025.3544724,https://doi.org/10.1109/tnnls.2025.3544724,article,IEEE Transactions on Neural Networks and Learning Systems,https://openalex.org/W4408711059
IEEE Transactions on Neural Networks and Learning Systems,IEEE,2025,2025-03-21,Unifying Attribute and Structure Preservation for Enhanced Graph Contrastive Learning,Jialu Chen; Rui Chen; Gang Kou,36,6,10.1109/tnnls.2025.3545111,https://doi.org/10.1109/tnnls.2025.3545111,article,IEEE Transactions on Neural Networks and Learning Systems,https://openalex.org/W4408710149
IEEE Transactions on Neural Networks and Learning Systems,IEEE,2025,2025-03-21,Unveiling the Tapestry: The Interplay of Generalization and Forgetting in Continual Learning,Zenglin Shi; Jie Jing; Ying Sun; Joo‐Hwee Lim; Mengmi Zhang,36,8,10.1109/tnnls.2025.3546269,https://doi.org/10.1109/tnnls.2025.3546269,article,IEEE Transactions on Neural Networks and Learning Systems,https://openalex.org/W4408709514
IEEE Transactions on Neural Networks and Learning Systems,IEEE,2025,2025-03-22,Efficient Linear Discriminant Analysis Based on Randomized Low-Rank Approaches,Yujie Wang; Weiwei Xu; Lei Zhu,36,6,10.1109/tnnls.2025.3547013,https://doi.org/10.1109/tnnls.2025.3547013,article,IEEE Transactions on Neural Networks and Learning Systems,https://openalex.org/W4408710587
IEEE Transactions on Neural Networks and Learning Systems,IEEE,2025,2025-03-24,Average of Pruning: Improving Performance and Stability of Out-of-Distribution Detection,Zhen Cheng; Fei Zhu; Xu-Yao Zhang; Cheng‐Lin Liu,36,6,10.1109/tnnls.2025.3548867,https://doi.org/10.1109/tnnls.2025.3548867,article,IEEE Transactions on Neural Networks and Learning Systems,https://openalex.org/W4408780058
IEEE Transactions on Neural Networks and Learning Systems,IEEE,2025,2025-03-24,Confidence-Based PU Learning With Instance-Dependent Label Noise,Xijia Tang; Chao Xu; Hong Tao; Xiaoyu Ma; Chenping Hou,36,8,10.1109/tnnls.2025.3549510,https://doi.org/10.1109/tnnls.2025.3549510,article,IEEE Transactions on Neural Networks and Learning Systems,https://openalex.org/W4408779957
IEEE Transactions on Neural Networks and Learning Systems,IEEE,2025,2025-03-24,Ensemble Denoising Autoencoders Based on Broad Learning System for Time-Series Anomaly Detection,Yuanxin Lin; Zhiwen Yu; Kaixiang Yang; C. L. Philip Chen,36,8,10.1109/tnnls.2025.3548941,https://doi.org/10.1109/tnnls.2025.3548941,article,IEEE Transactions on Neural Networks and Learning Systems,https://openalex.org/W4408780047
IEEE Transactions on Neural Networks and Learning Systems,IEEE,2025,2025-03-24,SDSimPoint: Shallow-Deep Similarity Learning for Few-Shot Point Cloud Semantic Segmentation,Jiahui Wang; Haiyue Zhu; Haoren Guo; Abdullah Al Mamun; Cheng Xiang; Clarence Wilfred de Silva; Tong Heng Lee,36,6,10.1109/tnnls.2025.3543620,https://doi.org/10.1109/tnnls.2025.3543620,article,IEEE Transactions on Neural Networks and Learning Systems,https://openalex.org/W4408779932
IEEE Transactions on Neural Networks and Learning Systems,IEEE,2025,2025-03-24,Time-Aware Graph Learning for Link Prediction on Temporal Networks,Zhiqiang Pan; Honghui Chen; Wanyu Chen; Fei Cai; Xinwang Liu,36,6,10.1109/tnnls.2025.3545021,https://doi.org/10.1109/tnnls.2025.3545021,article,IEEE Transactions on Neural Networks and Learning Systems,https://openalex.org/W4408779934
IEEE Transactions on Neural Networks and Learning Systems,IEEE,2025,2025-03-24,Vision-Based Multi-Future Trajectory Prediction: A Survey,Renhao Huang; Hao Xue; Maurice Pagnucco; Flora Dilys Salim; Yang Song,36,8,10.1109/tnnls.2025.3550350,https://doi.org/10.1109/tnnls.2025.3550350,article,IEEE Transactions on Neural Networks and Learning Systems,https://openalex.org/W4408780032
IEEE Transactions on Neural Networks and Learning Systems,IEEE,2025,2025-03-26,A UHD Aerial Photograph Categorization System by Learning a Noise-Tolerant Topology Kernel,Luming Zhang; Guifeng Wang; Ming Chen; Ling Shao,36,5,10.1109/tnnls.2024.3355928,https://doi.org/10.1109/tnnls.2024.3355928,article,IEEE Transactions on Neural Networks and Learning Systems,https://openalex.org/W4408840727
IEEE Transactions on Neural Networks and Learning Systems,IEEE,2025,2025-03-28,A Framework for Large-Scale Synthetic Graph Dataset Generation,Sajad Darabi; Piotr Bigaj; Dawid Majchrowski; Artur Kasymov; Paweł M. Morkisz; Alex Fit-Florea,36,8,10.1109/tnnls.2025.3540392,https://doi.org/10.1109/tnnls.2025.3540392,article,IEEE Transactions on Neural Networks and Learning Systems,https://openalex.org/W4408915160
IEEE Transactions on Neural Networks and Learning Systems,IEEE,2025,2025-03-28,Boundary-Based Active Domain Adaptation for Semantic Segmentation Under Adverse Conditions,Xianzhe Xu; Gary G. Yen; Chaoqiang Zhao; Qiyu Sun; Wenqi Ren; Lu Sheng; Yang Shan Tang,36,8,10.1109/tnnls.2025.3544204,https://doi.org/10.1109/tnnls.2025.3544204,article,IEEE Transactions on Neural Networks and Learning Systems,https://openalex.org/W4408915158
IEEE Transactions on Neural Networks and Learning Systems,IEEE,2025,2025-03-28,Diversify and Conquer: Open-Set Disagreement for Robust Semi-Supervised Learning With Outliers,Heejo Kong; Sung-Jin Kim; Gunho Jung; Seong–Whan Lee,36,6,10.1109/tnnls.2025.3547801,https://doi.org/10.1109/tnnls.2025.3547801,article,IEEE Transactions on Neural Networks and Learning Systems,https://openalex.org/W4408935428
IEEE Transactions on Neural Networks and Learning Systems,IEEE,2025,2025-03-28,EGVD: Event-Guided Video Deraining,Yueyi Zhang; Jin Wang; Wenming Weng; Xiaoyan Sun; Zhiwei Xiong,36,8,10.1109/tnnls.2025.3543381,https://doi.org/10.1109/tnnls.2025.3543381,article,IEEE Transactions on Neural Networks and Learning Systems,https://openalex.org/W4408915169
IEEE Transactions on Neural Networks and Learning Systems,IEEE,2025,2025-03-28,Inverse RL Scene Dynamics Learning for Nonlinear Predictive Control in Autonomous Vehicles,Sorin Mihai Grigorescu; Mihai V. Zaha,36,8,10.1109/tnnls.2025.3549816,https://doi.org/10.1109/tnnls.2025.3549816,article,IEEE Transactions on Neural Networks and Learning Systems,https://openalex.org/W4408915249
IEEE Transactions on Neural Networks and Learning Systems,IEEE,2025,2025-03-28,Responding to News Sensitively in Stock Attention Networks via Prompt-Adaptive Trimodal Model,Haotian Liu; Bowen Hu; Yadong Zhou; Yuxun Zhou,36,6,10.1109/tnnls.2025.3547141,https://doi.org/10.1109/tnnls.2025.3547141,article,IEEE Transactions on Neural Networks and Learning Systems,https://openalex.org/W4408935423
IEEE Transactions on Neural Networks and Learning Systems,IEEE,2025,2025-04-01,A Survey on Self-Supervised Monocular Depth Estimation Based on Deep Neural Networks,Qiulei Dong; Zhengming Zhou; Xiaolan Qiu; Liting Zhang,36,9,10.1109/tnnls.2025.3552598,https://doi.org/10.1109/tnnls.2025.3552598,article,IEEE Transactions on Neural Networks and Learning Systems,https://openalex.org/W4409057811
IEEE Transactions on Neural Networks and Learning Systems,IEEE,2025,2025-04-01,Assisting Training of Deep Spiking Neural Networks With Parameter Initialization,Jianhao Ding; Jiyuan Zhang; Tiejun Huang; Jian K. Liu; Zhaofei Yu,36,8,10.1109/tnnls.2025.3547774,https://doi.org/10.1109/tnnls.2025.3547774,article,IEEE Transactions on Neural Networks and Learning Systems,https://openalex.org/W4409057863
IEEE Transactions on Neural Networks and Learning Systems,IEEE,2025,2025-04-01,Data-Based Model-Free Predictive Control System Under the Design Philosophy of MPC and Zeroing Neurodynamics for Robotic Arm Pose Tracking,Mengrui Cao; Lin Xiao; Qiuyue Zuo; Linju Li; Xieping Gao,36,9,10.1109/tnnls.2025.3553195,https://doi.org/10.1109/tnnls.2025.3553195,article,IEEE Transactions on Neural Networks and Learning Systems,https://openalex.org/W4409057827
IEEE Transactions on Neural Networks and Learning Systems,IEEE,2025,2025-04-01,IEEE Computational Intelligence Society Information,,36,4,10.1109/tnnls.2025.3550757,https://doi.org/10.1109/tnnls.2025.3550757,paratext,IEEE Transactions on Neural Networks and Learning Systems,https://openalex.org/W4409154703
IEEE Transactions on Neural Networks and Learning Systems,IEEE,2025,2025-04-01,IEEE Transactions on Neural Networks and Learning Systems Information for Authors,,36,4,10.1109/tnnls.2025.3550759,https://doi.org/10.1109/tnnls.2025.3550759,paratext,IEEE Transactions on Neural Networks and Learning Systems,https://openalex.org/W4409154659
IEEE Transactions on Neural Networks and Learning Systems,IEEE,2025,2025-04-01,IEEE Transactions on Neural Networks and Learning Systems Publication Information,,36,4,10.1109/tnnls.2025.3550761,https://doi.org/10.1109/tnnls.2025.3550761,paratext,IEEE Transactions on Neural Networks and Learning Systems,https://openalex.org/W4409154677
IEEE Transactions on Neural Networks and Learning Systems,IEEE,2025,2025-04-01,Pseudo-Supervision Affinity Propagation for Efficient and Scalable Multiview Clustering,Xinxin Wang; Yongshan Zhang; Yicong Zhou,36,8,10.1109/tnnls.2025.3545465,https://doi.org/10.1109/tnnls.2025.3545465,article,IEEE Transactions on Neural Networks and Learning Systems,https://openalex.org/W4409057844
IEEE Transactions on Neural Networks and Learning Systems,IEEE,2025,2025-04-01,Reinforcement Learning-Based Fault-Tolerant Control of Uncertain Strict-Feedback Nonlinear Systems With Intermittent Actuator Faults,Qinmin Yang; Huaying Li; Zhengwei Ruan; Bo Fan; Shuzhi Sam Ge,36,6,10.1109/tnnls.2025.3550527,https://doi.org/10.1109/tnnls.2025.3550527,article,IEEE Transactions on Neural Networks and Learning Systems,https://openalex.org/W4409057812
IEEE Transactions on Neural Networks and Learning Systems,IEEE,2025,2025-04-01,Robust Reconstructed Neural Network Based on Spectral Elastic Activation,Zecheng Tang; Xiaolong Wu; Honggui Han,36,8,10.1109/tnnls.2025.3548439,https://doi.org/10.1109/tnnls.2025.3548439,article,IEEE Transactions on Neural Networks and Learning Systems,https://openalex.org/W4409057851
IEEE Transactions on Neural Networks and Learning Systems,IEEE,2025,2025-04-01,Self-Organizing Stacked Type-2 Fuzzy Neural Network With Rule Generalization,Honggui Han; Chenxuan Sun; Xiaolong Wu; Hongyan Yang; Dezheng Zhao,36,6,10.1109/tnnls.2025.3544495,https://doi.org/10.1109/tnnls.2025.3544495,article,IEEE Transactions on Neural Networks and Learning Systems,https://openalex.org/W4409057832
IEEE Transactions on Neural Networks and Learning Systems,IEEE,2025,2025-04-01,Table of Contents,,36,4,10.1109/tnnls.2025.3550763,https://doi.org/10.1109/tnnls.2025.3550763,paratext,IEEE Transactions on Neural Networks and Learning Systems,https://openalex.org/W4409154671
IEEE Transactions on Neural Networks and Learning Systems,IEEE,2025,2025-04-02,Exploring Dynamic Transformer for Efficient Object Tracking,Jiawen Zhu; Xin Yu Chen; Haiwen Diao; Shuai Li; Jun-Yan He; Chenyang Li; Bin Luo; Dong Wang; Huchuan Lu,36,8,10.1109/tnnls.2025.3545752,https://doi.org/10.1109/tnnls.2025.3545752,article,IEEE Transactions on Neural Networks and Learning Systems,https://openalex.org/W4409102163
IEEE Transactions on Neural Networks and Learning Systems,IEEE,2025,2025-04-02,Learning Sequential Variation Information for Dynamic Facial Expression Recognition,Bei Pan; Kaoru Hirota; Yaping Dai; Zhiyang Jia; Shuai Shao; Jinhua She,36,6,10.1109/tnnls.2025.3548669,https://doi.org/10.1109/tnnls.2025.3548669,article,IEEE Transactions on Neural Networks and Learning Systems,https://openalex.org/W4409102232
IEEE Transactions on Neural Networks and Learning Systems,IEEE,2025,2025-04-03,TransXNet: Learning Both Global and Local Dynamics With a Dual Dynamic Token Mixer for Visual Recognition,Meng Lou; Shu Zhang; Hong-Yu Zhou; Sibei Yang; Chuan Wu; Yizhou Yu,36,6,10.1109/tnnls.2025.3550979,https://doi.org/10.1109/tnnls.2025.3550979,article,IEEE Transactions on Neural Networks and Learning Systems,https://openalex.org/W4409134989
IEEE Transactions on Neural Networks and Learning Systems,IEEE,2025,2025-04-04,Computational Fluid Dynamic Network for Infrared Small Target Detection,Mingjin Zhang; Ke Yue; Jie Guo; Qiming Zhang; Jing Zhang; Xinbo Gao,36,8,10.1109/tnnls.2025.3548984,https://doi.org/10.1109/tnnls.2025.3548984,article,IEEE Transactions on Neural Networks and Learning Systems,https://openalex.org/W4409154619
IEEE Transactions on Neural Networks and Learning Systems,IEEE,2025,2025-04-04,EMLFCL: An Efficient Multilevel Fusion Contrastive Learning for Multiview Clustering,Yugen Yi; Ningyi Zhang; Zehui Zhang; Yijian Fu; Lei Chen; Jianzhong Wang,36,8,10.1109/tnnls.2025.3551159,https://doi.org/10.1109/tnnls.2025.3551159,article,IEEE Transactions on Neural Networks and Learning Systems,https://openalex.org/W4409154664
IEEE Transactions on Neural Networks and Learning Systems,IEEE,2025,2025-04-04,Short-Term Residential Load Forecasting Framework Based on Spatial–Temporal Fusion Adaptive Gated Graph Convolution Networks,Tong Zhang; Wenhua Jiao; Jiguo Yu; Yudou Xiong,36,9,10.1109/tnnls.2025.3551778,https://doi.org/10.1109/tnnls.2025.3551778,article,IEEE Transactions on Neural Networks and Learning Systems,https://openalex.org/W4409154627
IEEE Transactions on Neural Networks and Learning Systems,IEEE,2025,2025-04-04,Unlearning Attacks for Regression Learning,Jian Chen; Wenlong Shi; Wanyu Lin; Chen Wang; Wei Liu; Hailong Sun; Gaoyang Liu,36,9,10.1109/tnnls.2025.3553821,https://doi.org/10.1109/tnnls.2025.3553821,article,IEEE Transactions on Neural Networks and Learning Systems,https://openalex.org/W4409154735
IEEE Transactions on Neural Networks and Learning Systems,IEEE,2025,2025-04-07,CoLeCLIP: Open-Domain Continual Learning via Joint Task Prompt and Vocabulary Learning,Yukun Li; Guansong Pang; Wei Suo; Chenchen Jing; Yuling Xi; Lingqiao Liu; Hao Chen; Guoqiang Liang; Peng Wang,36,8,10.1109/tnnls.2025.3547882,https://doi.org/10.1109/tnnls.2025.3547882,article,IEEE Transactions on Neural Networks and Learning Systems,https://openalex.org/W4409225606
IEEE Transactions on Neural Networks and Learning Systems,IEEE,2025,2025-04-07,Distributed Policy Space Response Oracles in Two-Player Zero-Sum Games,Hongsong Tang; Yingzhuo Liu; Lionel Ming-shuan Ni; Liuyu Xiang; Yaodong Yang; Ke Bi; Zhaofeng He,36,6,10.1109/tnnls.2025.3550827,https://doi.org/10.1109/tnnls.2025.3550827,article,IEEE Transactions on Neural Networks and Learning Systems,https://openalex.org/W4409225579
IEEE Transactions on Neural Networks and Learning Systems,IEEE,2025,2025-04-07,MRHGNN: Enhanced Multimodal Relational Hypergraph Neural Network for Synergistic Drug Combination Forecasting,Mengjie Chen; Ming Zhang; Guiying Yan; Guanghui Wang; Cunquan Qu,36,9,10.1109/tnnls.2025.3553385,https://doi.org/10.1109/tnnls.2025.3553385,article,IEEE Transactions on Neural Networks and Learning Systems,https://openalex.org/W4409234475
IEEE Transactions on Neural Networks and Learning Systems,IEEE,2025,2025-04-07,Online Graph Models: Tackling the Challenges of Non-Gaussian Noise in Adaptive Filtering,Shan Zhong; Gang Wang; Kah Chan Teh; Jiacheng He; Tee Hiang Cheng; Bei Peng,36,9,10.1109/tnnls.2025.3553872,https://doi.org/10.1109/tnnls.2025.3553872,article,IEEE Transactions on Neural Networks and Learning Systems,https://openalex.org/W4409234577
IEEE Transactions on Neural Networks and Learning Systems,IEEE,2025,2025-04-07,Real-Time Depth Completion With Multimodal Feature Alignment,Shenglun Chen; Xinzhu Ma; Hong Ri Zhang; Haojie Li; Baoli Sun; Zhihui Wang,36,9,10.1109/tnnls.2025.3551903,https://doi.org/10.1109/tnnls.2025.3551903,article,IEEE Transactions on Neural Networks and Learning Systems,https://openalex.org/W4409225652
IEEE Transactions on Neural Networks and Learning Systems,IEEE,2025,2025-04-08,Broad Critic Deep Actor Reinforcement Learning for Continuous Control,Shiron Thalagala; Pak Kin Wong; Xiaozheng Wang; Tianang Sun,36,9,10.1109/tnnls.2025.3554082,https://doi.org/10.1109/tnnls.2025.3554082,article,IEEE Transactions on Neural Networks and Learning Systems,https://openalex.org/W4409257941
IEEE Transactions on Neural Networks and Learning Systems,IEEE,2025,2025-04-08,Dynamic Erasing Network With Adaptive Temporal Modeling for Weakly Supervised Video Anomaly Detection,Chen Zhang; Guorong Li; Yuankai Qi; Hanhua Ye; Laiyun Qing; Ming–Hsuan Yang; Qingming Huang,36,9,10.1109/tnnls.2025.3553556,https://doi.org/10.1109/tnnls.2025.3553556,article,IEEE Transactions on Neural Networks and Learning Systems,https://openalex.org/W4409257918
IEEE Transactions on Neural Networks and Learning Systems,IEEE,2025,2025-04-08,Modeling Uncertainty for Gaussian Splatting,Luca Savant Aira; Diego Valsesia; Enrico Magli,36,6,10.1109/tnnls.2025.3553582,https://doi.org/10.1109/tnnls.2025.3553582,article,IEEE Transactions on Neural Networks and Learning Systems,https://openalex.org/W4409257943
IEEE Transactions on Neural Networks and Learning Systems,IEEE,2025,2025-04-08,Probably Approximately Correct Bayes Meta-Learning With Parameterized-Bounded Guarantees,Zhewei Zhang; Yujun Cheng; Junyu Shen; Xue-Jing Li; Shengjin Wang,36,9,10.1109/tnnls.2025.3551687,https://doi.org/10.1109/tnnls.2025.3551687,article,IEEE Transactions on Neural Networks and Learning Systems,https://openalex.org/W4409257915
IEEE Transactions on Neural Networks and Learning Systems,IEEE,2025,2025-04-09,Defending Against Neural Network Model Inversion Attacks via Data Poisoning,Shuai Zhou; Dayong Ye; Tianqing Zhu; Wanlei Zhou,36,9,10.1109/tnnls.2025.3554656,https://doi.org/10.1109/tnnls.2025.3554656,article,IEEE Transactions on Neural Networks and Learning Systems,https://openalex.org/W4409310610
IEEE Transactions on Neural Networks and Learning Systems,IEEE,2025,2025-04-09,RBFleX-NAS: Training-Free Neural Architecture Search Using Radial Basis Function Kernel and Hyperparameter Detection,Tomomasa Yamasaki; Zhehui Wang; Tao Luo; Niangjun Chen; Bo Wang,36,6,10.1109/tnnls.2025.3552693,https://doi.org/10.1109/tnnls.2025.3552693,article,IEEE Transactions on Neural Networks and Learning Systems,https://openalex.org/W4409311130
IEEE Transactions on Neural Networks and Learning Systems,IEEE,2025,2025-04-09,Universal Approximation Theorem and Error Bounds for Quantum Neural Networks and Quantum Reservoirs,Lukas Gonon; Antoine Jacquier,36,6,10.1109/tnnls.2025.3552223,https://doi.org/10.1109/tnnls.2025.3552223,article,IEEE Transactions on Neural Networks and Learning Systems,https://openalex.org/W4409311331
IEEE Transactions on Neural Networks and Learning Systems,IEEE,2025,2025-04-10,EmT: A Novel Transformer for Generalized Cross-Subject EEG Emotion Recognition,Yi Ding; Chengxuan Tong; Shuailei Zhang; Muyun Jiang; Yong Li; Kevin Junliang Lim; Cuntai Guan,36,6,10.1109/tnnls.2025.3552603,https://doi.org/10.1109/tnnls.2025.3552603,article,IEEE Transactions on Neural Networks and Learning Systems,https://openalex.org/W4409327438
IEEE Transactions on Neural Networks and Learning Systems,IEEE,2025,2025-04-10,SGB-Net: Scalable Graph Broad Network,Yuebin Xu; C. L. Philip Chen; Mengqi Wu; Tong Zhang,36,9,10.1109/tnnls.2025.3552129,https://doi.org/10.1109/tnnls.2025.3552129,article,IEEE Transactions on Neural Networks and Learning Systems,https://openalex.org/W4409326463
IEEE Transactions on Neural Networks and Learning Systems,IEEE,2025,2025-04-11,End-to-End Streaming Video Temporal Action Segmentation With Reinforcement Learning,Jinrong Zhang; Wujun Wen; Shenglan Liu; Gao Ming Huang; Yunheng Li; Qifeng Li; Lin Feng,36,8,10.1109/tnnls.2025.3550910,https://doi.org/10.1109/tnnls.2025.3550910,article,IEEE Transactions on Neural Networks and Learning Systems,https://openalex.org/W4409356387
IEEE Transactions on Neural Networks and Learning Systems,IEEE,2025,2025-04-11,Multilevel Contrastive Multiview Clustering With Dual Self-Supervised Learning,Jintang Bian; Yixiang Lin; Xiaohua Xie; Chang‐Dong Wang; Lingxiao Yang; Jianhuang Lai; Feiping Nie,36,6,10.1109/tnnls.2025.3552969,https://doi.org/10.1109/tnnls.2025.3552969,article,IEEE Transactions on Neural Networks and Learning Systems,https://openalex.org/W4409357055
IEEE Transactions on Neural Networks and Learning Systems,IEEE,2025,2025-04-11,Semantic Prompt Enhancement for Semi-Supervised Low-Light Salient Object Detection,Nana Yu; Jie Wang; Zihao Zhang; Yahong Han; Weiping Ding,36,6,10.1109/tnnls.2025.3555828,https://doi.org/10.1109/tnnls.2025.3555828,article,IEEE Transactions on Neural Networks and Learning Systems,https://openalex.org/W4409356515
IEEE Transactions on Neural Networks and Learning Systems,IEEE,2025,2025-04-15,An Interpretable Neural Control Network With Adaptable Online Learning for Sample Efficient Robot Locomotion Learning,Arthicha Srisuchinnawong; Poramate Manoonpong,36,9,10.1109/tnnls.2025.3552793,https://doi.org/10.1109/tnnls.2025.3552793,article,IEEE Transactions on Neural Networks and Learning Systems,https://openalex.org/W4409474003
IEEE Transactions on Neural Networks and Learning Systems,IEEE,2025,2025-04-15,Analysis and Design of a Distributed kWTA With Application in Sealed-Bid Auctions With Bidding Price Privacy Protection,John Sum; Chi-Sing Leung; Janet C. C. Chang,36,9,10.1109/tnnls.2025.3554440,https://doi.org/10.1109/tnnls.2025.3554440,article,IEEE Transactions on Neural Networks and Learning Systems,https://openalex.org/W4409474039
IEEE Transactions on Neural Networks and Learning Systems,IEEE,2025,2025-04-15,Grouped Vector Autoregression Reservoir Computing Based on Randomly Distributed Embedding for Multistep-Ahead Prediction,Heshan Wang; Zhepeng Wang; Mingyuan Yu; Jing Liang; Jinzhu Peng; Yaonan Wang,36,9,10.1109/tnnls.2025.3553060,https://doi.org/10.1109/tnnls.2025.3553060,article,IEEE Transactions on Neural Networks and Learning Systems,https://openalex.org/W4409474051
IEEE Transactions on Neural Networks and Learning Systems,IEEE,2025,2025-04-15,Heterogeneous Mutual Knowledge Distillation for Wearable Human Activity Recognition,Zhiwen Xiao; Huanlai Xing; Rong Hai Qu; Hui Li; Xinzhou Cheng; Lexi Xu; Feng Li; Qian Wan,36,9,10.1109/tnnls.2025.3556317,https://doi.org/10.1109/tnnls.2025.3556317,article,IEEE Transactions on Neural Networks and Learning Systems,https://openalex.org/W4409474007
IEEE Transactions on Neural Networks and Learning Systems,IEEE,2025,2025-04-15,MI-MCF: A Mutual Information-Based Multilabel Causal Feature Selection,Lin Ma; Liang Qing Hu; Yonghao Li; Weiping Ding; Wanfu Gao,36,6,10.1109/tnnls.2025.3556128,https://doi.org/10.1109/tnnls.2025.3556128,article,IEEE Transactions on Neural Networks and Learning Systems,https://openalex.org/W4409474022
IEEE Transactions on Neural Networks and Learning Systems,IEEE,2025,2025-04-15,Route-and-Aggregate Decentralized Federated Learning Under Communication Errors,Weicai Li; Tiejun Lv; Wei Ni; Jingbo Zhao; Ekram Hossain; H. Vincent Poor,36,9,10.1109/tnnls.2025.3552406,https://doi.org/10.1109/tnnls.2025.3552406,article,IEEE Transactions on Neural Networks and Learning Systems,https://openalex.org/W4409474012
IEEE Transactions on Neural Networks and Learning Systems,IEEE,2025,2025-04-16,An Innovative Multisource Teacher Collaborative Framework for Self-Knowledge Distillation,Lei Zhao; Wing W. Y. Ng; Jianjun Zhang; Xiguang Wu,36,9,10.1109/tnnls.2025.3552931,https://doi.org/10.1109/tnnls.2025.3552931,article,IEEE Transactions on Neural Networks and Learning Systems,https://openalex.org/W4409494656
IEEE Transactions on Neural Networks and Learning Systems,IEEE,2025,2025-04-16,Multithreaded Asynchronous Deep Reinforcement Learning With Multisensor Fusion for Robot Collision Avoidance,Chao Sun; Xing Li Wu; Yanxu Su; Xiasheng Shi; Changyin Sun,36,9,10.1109/tnnls.2025.3556438,https://doi.org/10.1109/tnnls.2025.3556438,article,IEEE Transactions on Neural Networks and Learning Systems,https://openalex.org/W4409494592
IEEE Transactions on Neural Networks and Learning Systems,IEEE,2025,2025-04-16,RefConv: Reparameterized Refocusing Convolution for Powerful ConvNets,Zhicheng Cai; Xiaohan Ding; Qiu Shen; Xun Cao,36,6,10.1109/tnnls.2025.3552654,https://doi.org/10.1109/tnnls.2025.3552654,article,IEEE Transactions on Neural Networks and Learning Systems,https://openalex.org/W4409494569
IEEE Transactions on Neural Networks and Learning Systems,IEEE,2025,2025-04-16,S 4 DL: Shift-Sensitive Spatial–Spectral Disentangling Learning for Hyperspectral Image Unsupervised Domain Adaptation,Jie Feng; Tianshu Zhang; Junpeng Zhang; Ronghua Shang; Weisheng Dong; Guangming Shi; Licheng Jiao,36,9,10.1109/tnnls.2025.3556386,https://doi.org/10.1109/tnnls.2025.3556386,article,IEEE Transactions on Neural Networks and Learning Systems,https://openalex.org/W4409494599
IEEE Transactions on Neural Networks and Learning Systems,IEEE,2025,2025-04-16,TraNCE: Transformative Nonlinear Concept Explainer for CNNs,Ugochukwu Ejike Akpudo; Yongsheng Gao; Jun Wei Zhou; Andrew W. Lewis,36,6,10.1109/tnnls.2025.3556019,https://doi.org/10.1109/tnnls.2025.3556019,article,IEEE Transactions on Neural Networks and Learning Systems,https://openalex.org/W4409494595
IEEE Transactions on Neural Networks and Learning Systems,IEEE,2025,2025-04-17,Hypergraph Foundation Model for Brain Disease Diagnosis,Xiangmin Han; Rundong Xue; Jingxi Feng; Yifan Feng; Shaoyi Du; Jun Shi; Yue Gao,36,10,10.1109/tnnls.2025.3554755,https://doi.org/10.1109/tnnls.2025.3554755,article,IEEE Transactions on Neural Networks and Learning Systems,https://openalex.org/W4409560728
IEEE Transactions on Neural Networks and Learning Systems,IEEE,2025,2025-04-17,Visual Reinforcement Learning Control With Instance-Reweighted Alignment and Instance-Dimension Uniformity,Rongrong Wang; Yuhu Cheng; Xuesong Wang,36,6,10.1109/tnnls.2025.3556838,https://doi.org/10.1109/tnnls.2025.3556838,article,IEEE Transactions on Neural Networks and Learning Systems,https://openalex.org/W4409560911
IEEE Transactions on Neural Networks and Learning Systems,IEEE,2025,2025-04-18,Bias to Balance: New-Knowledge-Preferred Few-Shot Class-Incremental Learning via Transition Calibration,Hongquan Zhang; Zhizhong Zhang; Xin Tan; Yanyun Qu; Yuan Xie,36,8,10.1109/tnnls.2025.3550429,https://doi.org/10.1109/tnnls.2025.3550429,article,IEEE Transactions on Neural Networks and Learning Systems,https://openalex.org/W4409581230
IEEE Transactions on Neural Networks and Learning Systems,IEEE,2025,2025-04-18,Data-Model Hybrid-Driven Safe Reinforcement Learning for Adaptive Avoidance Control Against Unsafe Moving Zones,Ke Wang; Chaoxu Mu; Anguo Zhang; Changyin Sun,36,6,10.1109/tnnls.2025.3549725,https://doi.org/10.1109/tnnls.2025.3549725,article,IEEE Transactions on Neural Networks and Learning Systems,https://openalex.org/W4409580949
IEEE Transactions on Neural Networks and Learning Systems,IEEE,2025,2025-04-22,A Two-Stage Selective Experience Replay for Double-Actor Deep Reinforcement Learning,Meng Xu; Xinhong Chen; Zihao Wen; Weiwei Fu; Jianping Wang,36,9,10.1109/tnnls.2025.3557930,https://doi.org/10.1109/tnnls.2025.3557930,article,IEEE Transactions on Neural Networks and Learning Systems,https://openalex.org/W4409659344
IEEE Transactions on Neural Networks and Learning Systems,IEEE,2025,2025-04-22,Efficient Variants of Wasserstein Distance in Hyperbolic Space via Space-Filling Curve Projection,Tao Li; Cheng Meng; Hongteng Xu; Jun Zhu,36,9,10.1109/tnnls.2025.3551275,https://doi.org/10.1109/tnnls.2025.3551275,article,IEEE Transactions on Neural Networks and Learning Systems,https://openalex.org/W4409683720
IEEE Transactions on Neural Networks and Learning Systems,IEEE,2025,2025-04-22,Neural Honeypoint: An Active Defense Framework Against Model Inversion Attacks,Yixiao Xu; Mohan Li; Binxing Fang; Yuan Liu; Zhihong Tian,36,9,10.1109/tnnls.2025.3554217,https://doi.org/10.1109/tnnls.2025.3554217,article,IEEE Transactions on Neural Networks and Learning Systems,https://openalex.org/W4409659448
IEEE Transactions on Neural Networks and Learning Systems,IEEE,2025,2025-04-22,Scale-Wise Semantic Alignment Enhanced Multigrained Adaptive Fusion for Virtual Try-On,Jing Zhang; Yumo Kang; Wenxuan Liu; Zhe Wang,36,9,10.1109/tnnls.2025.3554826,https://doi.org/10.1109/tnnls.2025.3554826,article,IEEE Transactions on Neural Networks and Learning Systems,https://openalex.org/W4409683717
IEEE Transactions on Neural Networks and Learning Systems,IEEE,2025,2025-04-22,Synchronous Image-Label Diffusion Probability Model With Application to Stroke Lesion Segmentation on Non-Contrast CT,Jianhai Zhang; Tonghua Wan; Matthew Ethan MacDonald; Bijoy K. Menon; Aravind Ganesh; Wu Qiu,36,9,10.1109/tnnls.2025.3555188,https://doi.org/10.1109/tnnls.2025.3555188,article,IEEE Transactions on Neural Networks and Learning Systems,https://openalex.org/W4409683529
IEEE Transactions on Neural Networks and Learning Systems,IEEE,2025,2025-04-23,A Local Information Aggregation-Based Multiagent Reinforcement Learning for Robot Swarm Dynamic Task Allocation,Yang Lv; Jinlong Lei; Peng Yi,36,6,10.1109/tnnls.2025.3558282,https://doi.org/10.1109/tnnls.2025.3558282,article,IEEE Transactions on Neural Networks and Learning Systems,https://openalex.org/W4409723333
IEEE Transactions on Neural Networks and Learning Systems,IEEE,2025,2025-04-23,SGKGE: Semantically Guided Knowledge Graph Embeddings via Complementary Latent Representations,R. Liu; Zongsheng Cao; Zhe Wu; Yiling Wu; Qianqian Xu; Qingming Huang,36,6,10.1109/tnnls.2025.3545773,https://doi.org/10.1109/tnnls.2025.3545773,article,IEEE Transactions on Neural Networks and Learning Systems,https://openalex.org/W4409723345
IEEE Transactions on Neural Networks and Learning Systems,IEEE,2025,2025-04-24,Beyond the Hype: A Dispassionate Look at Vision–Language Models in Medical Scenario,Nan Yang; Huichi Zhou; Xiaodan Xing; Guang Zhong Yang,36,10,10.1109/tnnls.2025.3558857,https://doi.org/10.1109/tnnls.2025.3558857,article,IEEE Transactions on Neural Networks and Learning Systems,https://openalex.org/W4409761740
IEEE Transactions on Neural Networks and Learning Systems,IEEE,2025,2025-04-24,Mixed-Granularity Implicit Representation for Continuous Hyperspectral Compressive Reconstruction,Jianan Li; Huan Chen; Wangcai Zhao; Rui Chen; Tingfa Xu,36,9,10.1109/tnnls.2025.3551891,https://doi.org/10.1109/tnnls.2025.3551891,article,IEEE Transactions on Neural Networks and Learning Systems,https://openalex.org/W4409761471
IEEE Transactions on Neural Networks and Learning Systems,IEEE,2025,2025-04-24,Scale-Driven Tensor Representation-Based Multiview Clustering,Chuanbin Zhang; Long Chen; Weiping Ding; Kai Zhao; Zhaoyin Shi; Yingxu Wang; C. L. Philip Chen,36,9,10.1109/tnnls.2025.3558613,https://doi.org/10.1109/tnnls.2025.3558613,article,IEEE Transactions on Neural Networks and Learning Systems,https://openalex.org/W4409762518
IEEE Transactions on Neural Networks and Learning Systems,IEEE,2025,2025-04-25,A Real-Time Framework for EEG Signal Decoding With Graph Neural Networks and Reinforcement Learning,Hnin Aung; Jiao Jiao Li; Yang An; Steven Weidong Su,36,9,10.1109/tnnls.2025.3558171,https://doi.org/10.1109/tnnls.2025.3558171,article,IEEE Transactions on Neural Networks and Learning Systems,https://openalex.org/W4409796061
IEEE Transactions on Neural Networks and Learning Systems,IEEE,2025,2025-04-25,Point-DAE: Denoising Autoencoders for Self-Supervised Point Cloud Learning,Yabin Zhang; Jiehong Lin; Ruihuang Li; Kui Jia; Lei Zhang,36,9,10.1109/tnnls.2025.3557055,https://doi.org/10.1109/tnnls.2025.3557055,article,IEEE Transactions on Neural Networks and Learning Systems,https://openalex.org/W4409796345
IEEE Transactions on Neural Networks and Learning Systems,IEEE,2025,2025-04-25,Robust Unsupervised Deep Learning for Nonblind Image Deconvolution With Inaccurate Kernels,Xinran Qin; Yuhui Quan; Zhuojie Chen; Hui Ji,36,9,10.1109/tnnls.2025.3556867,https://doi.org/10.1109/tnnls.2025.3556867,article,IEEE Transactions on Neural Networks and Learning Systems,https://openalex.org/W4409796257
IEEE Transactions on Neural Networks and Learning Systems,IEEE,2025,2025-04-28,An Efficient Domain Knowledge-Guided Semantic Prediction Framework for Pathological Subtypes on the Basis of Radiological Images With Limited Annotations,Chenglang Yuan; Jianpeng Li; Bin Huang; Mingyu Wang; Kangyang Cao; Yanji Luo; Yujian Zou; Shi‐Ting Feng; Bingsheng Huang,36,9,10.1109/tnnls.2025.3558596,https://doi.org/10.1109/tnnls.2025.3558596,article,IEEE Transactions on Neural Networks and Learning Systems,https://openalex.org/W4409883001
IEEE Transactions on Neural Networks and Learning Systems,IEEE,2025,2025-04-28,Multitask Causal Contrastive Learning,Chaoyang Li; Heyan Chai; Yan Jia; Ning Hu; Qing Min Liao,36,9,10.1109/tnnls.2025.3555683,https://doi.org/10.1109/tnnls.2025.3555683,article,IEEE Transactions on Neural Networks and Learning Systems,https://openalex.org/W4409883004
IEEE Transactions on Neural Networks and Learning Systems,IEEE,2025,2025-04-28,PStyle-3D: Example-Based 3-D-Aware Portrait Style Domain Adaptation,Chaohua Shi; Mingrui Zhu; Nannan Wang; Xinbo Gao,36,6,10.1109/tnnls.2025.3559477,https://doi.org/10.1109/tnnls.2025.3559477,article,IEEE Transactions on Neural Networks and Learning Systems,https://openalex.org/W4409883011
IEEE Transactions on Neural Networks and Learning Systems,IEEE,2025,2025-04-28,Unsupervised Domain Adaptation via Bidirectional Transmission Generator Self-Training,Xing Wei; Zhaoxin Ji; Fan Yang; Chong Zhao; Bin Wen; Yang Lu,36,9,10.1109/tnnls.2025.3561353,https://doi.org/10.1109/tnnls.2025.3561353,article,IEEE Transactions on Neural Networks and Learning Systems,https://openalex.org/W4409883000
IEEE Transactions on Neural Networks and Learning Systems,IEEE,2025,2025-04-28,Unsupervised Recognition of Unknown Objects for Open-World Object Detection,Ruohuan Fang; Guansong Pang; Wusha Miao; Xiao Bai; Jin Guang Zheng; Xin Ning,36,6,10.1109/tnnls.2025.3559940,https://doi.org/10.1109/tnnls.2025.3559940,article,IEEE Transactions on Neural Networks and Learning Systems,https://openalex.org/W4409883014
IEEE Transactions on Neural Networks and Learning Systems,IEEE,2025,2025-04-28,Unveiling Hidden Visual Information: A Reconstruction Attack Against Adversarial Visual Information Hiding,Jonggyu Jang; Hyeonsu Lyu; Seongjin Hwang; Hyun Jong Yang,36,9,10.1109/tnnls.2025.3555248,https://doi.org/10.1109/tnnls.2025.3555248,article,IEEE Transactions on Neural Networks and Learning Systems,https://openalex.org/W4409883035
IEEE Transactions on Neural Networks and Learning Systems,IEEE,2025,2025-04-28,Value Iteration for Stochastic LQR With Convergence Guarantees,Jing Lai; Junlin Xiong; Yu Kang,36,6,10.1109/tnnls.2025.3558738,https://doi.org/10.1109/tnnls.2025.3558738,article,IEEE Transactions on Neural Networks and Learning Systems,https://openalex.org/W4409882977
IEEE Transactions on Neural Networks and Learning Systems,IEEE,2025,2025-04-29,Unified Feature Selection Approach for Complex Data Based on Fuzzy β-Covering Reduction via Information Granulation,Xiongtao Zou; Jianhua Dai,36,9,10.1109/tnnls.2025.3558626,https://doi.org/10.1109/tnnls.2025.3558626,article,IEEE Transactions on Neural Networks and Learning Systems,https://openalex.org/W4409916756
IEEE Transactions on Neural Networks and Learning Systems,IEEE,2025,2025-04-30,A Unified Optimal Transport Framework for Cross-Modal Retrieval With Noisy Labels,Haochen Han; Minnan Luo; Huan Liu; Fang Nan; Jun Liu,36,9,10.1109/tnnls.2025.3559533,https://doi.org/10.1109/tnnls.2025.3559533,article,IEEE Transactions on Neural Networks and Learning Systems,https://openalex.org/W4409985191
IEEE Transactions on Neural Networks and Learning Systems,IEEE,2025,2025-04-30,Adaptive Noise-Learning Differential Neural Solution for Time-Dependent Equality-Constrained Quadratic Optimization,Ying Liufu; Long Mei Jin; Shuai Li,36,9,10.1109/tnnls.2025.3561415,https://doi.org/10.1109/tnnls.2025.3561415,article,IEEE Transactions on Neural Networks and Learning Systems,https://openalex.org/W4409985161
IEEE Transactions on Neural Networks and Learning Systems,IEEE,2025,2025-04-30,Federated Aggregation With Interlayer Personalized Contribution: Preference-Based Optimization Between Performance and Privacy,Xiaoting Sun; Z.G. Li; Changjun Jiang,36,9,10.1109/tnnls.2025.3552206,https://doi.org/10.1109/tnnls.2025.3552206,article,IEEE Transactions on Neural Networks and Learning Systems,https://openalex.org/W4409985218
IEEE Transactions on Neural Networks and Learning Systems,IEEE,2025,2025-04-30,Heterogeneous Riemannian Few-Shot Learning Network,Jie Chen; Lingling Li; Licheng Jiao; Fang Liu; Xu Liu; Yuwei Guo; Puhua Chen; Wenping Ma,36,9,10.1109/tnnls.2025.3561930,https://doi.org/10.1109/tnnls.2025.3561930,article,IEEE Transactions on Neural Networks and Learning Systems,https://openalex.org/W4409985214
IEEE Transactions on Neural Networks and Learning Systems,IEEE,2025,2025-04-30,Learning Temporal Features With Alternated Similarity and Proximity Attention for Time-Series Prediction,Jingyang Chen; Ping Li; Jiancheng Lv; Hongyuan Zha; Kai Zhang; Jie Zhang,36,9,10.1109/tnnls.2025.3559222,https://doi.org/10.1109/tnnls.2025.3559222,article,IEEE Transactions on Neural Networks and Learning Systems,https://openalex.org/W4409985200
IEEE Transactions on Neural Networks and Learning Systems,IEEE,2025,2025-04-30,Reconciling Attribute and Structural Anomalies for Improved Graph Anomaly Detection,Chunjing Xiao; Jiahui Lu; Xovee Xu; Fan Zhou; Tianshu Xie; Wei Lu; Lifeng Xu,36,9,10.1109/tnnls.2025.3561172,https://doi.org/10.1109/tnnls.2025.3561172,article,IEEE Transactions on Neural Networks and Learning Systems,https://openalex.org/W4409985227
IEEE Transactions on Neural Networks and Learning Systems,IEEE,2025,2025-04-30,Strong Anti-Hebbian Plasticity Alters the Convexity of Network Attractor Landscapes,Lulu Gong; Xudong Chen; ShiNung Ching,36,9,10.1109/tnnls.2025.3561217,https://doi.org/10.1109/tnnls.2025.3561217,article,IEEE Transactions on Neural Networks and Learning Systems,https://openalex.org/W4409985204
IEEE Transactions on Neural Networks and Learning Systems,IEEE,2025,2025-05-01,Bridging Task-Specific and Task-Interactive Features With Opportune Branching and Adaptive Attention for Object Detection,Yahui Wen; Yunfei Yin,36,9,10.1109/tnnls.2025.3562588,https://doi.org/10.1109/tnnls.2025.3562588,article,IEEE Transactions on Neural Networks and Learning Systems,https://openalex.org/W4409992369
IEEE Transactions on Neural Networks and Learning Systems,IEEE,2025,2025-05-01,IEEE Computational Intelligence Society Information,,36,5,10.1109/tnnls.2025.3557594,https://doi.org/10.1109/tnnls.2025.3557594,paratext,IEEE Transactions on Neural Networks and Learning Systems,https://openalex.org/W4410027560
IEEE Transactions on Neural Networks and Learning Systems,IEEE,2025,2025-05-01,IEEE Transactions on Neural Networks and Learning Systems Information for Authors,,36,5,10.1109/tnnls.2025.3557616,https://doi.org/10.1109/tnnls.2025.3557616,paratext,IEEE Transactions on Neural Networks and Learning Systems,https://openalex.org/W4410027939
IEEE Transactions on Neural Networks and Learning Systems,IEEE,2025,2025-05-01,IEEE Transactions on Neural Networks and Learning Systems Publication Information,,36,5,10.1109/tnnls.2025.3557592,https://doi.org/10.1109/tnnls.2025.3557592,paratext,IEEE Transactions on Neural Networks and Learning Systems,https://openalex.org/W4410029377
IEEE Transactions on Neural Networks and Learning Systems,IEEE,2025,2025-05-01,Modumer: Modulating Transformer for Image Restoration,Yuning Cui; Mingyu Liu; Wenqi Ren; Alois Knoll,36,9,10.1109/tnnls.2025.3561924,https://doi.org/10.1109/tnnls.2025.3561924,article,IEEE Transactions on Neural Networks and Learning Systems,https://openalex.org/W4409991544
IEEE Transactions on Neural Networks and Learning Systems,IEEE,2025,2025-05-01,Pleno-Alignment Framework for Stock Trend Prediction,Yongcan Luo; Jiahao Zheng; Zhengjie Yang; Ning Chen; Dapeng Oliver Wu,36,9,10.1109/tnnls.2025.3561811,https://doi.org/10.1109/tnnls.2025.3561811,article,IEEE Transactions on Neural Networks and Learning Systems,https://openalex.org/W4409991251
IEEE Transactions on Neural Networks and Learning Systems,IEEE,2025,2025-05-01,SCMix: Stochastic Compound Mixing for Open Compound Domain Adaptation in Semantic Segmentation,Kai Yao; Zhaorui Tan; Zixian Su; Xi Yang; Jie Sun; Kaizhu Huang,36,9,10.1109/tnnls.2025.3560318,https://doi.org/10.1109/tnnls.2025.3560318,article,IEEE Transactions on Neural Networks and Learning Systems,https://openalex.org/W4409991571
IEEE Transactions on Neural Networks and Learning Systems,IEEE,2025,2025-05-01,Table of Contents,,36,5,10.1109/tnnls.2025.3557590,https://doi.org/10.1109/tnnls.2025.3557590,paratext,IEEE Transactions on Neural Networks and Learning Systems,https://openalex.org/W4410027549
IEEE Transactions on Neural Networks and Learning Systems,IEEE,2025,2025-05-02,AdaptiveFL: Communication-Adaptive Federated Learning Under Dynamic Bandwidth,Guozhi Liu; Weiwei Lin; Tiansheng Huang; Fang Shi; Wentai Wu; Li Shen,36,9,10.1109/tnnls.2025.3560656,https://doi.org/10.1109/tnnls.2025.3560656,article,IEEE Transactions on Neural Networks and Learning Systems,https://openalex.org/W4410027536
IEEE Transactions on Neural Networks and Learning Systems,IEEE,2025,2025-05-02,Few-Shot Learning Based on Multimodal Information Processing,Yuheng Wang; Zhenping Lan; Yanguo Sun; Nan Wang; Jiansong Li; Xincheng Yang,36,9,10.1109/tnnls.2025.3561503,https://doi.org/10.1109/tnnls.2025.3561503,article,IEEE Transactions on Neural Networks and Learning Systems,https://openalex.org/W4410027929
IEEE Transactions on Neural Networks and Learning Systems,IEEE,2025,2025-05-02,On Learning Label Noise Robust Networks via Regularization: A Topological View,Chun Zhou; Hua Meng; Ming Li; Zhengchun Zhou,36,9,10.1109/tnnls.2025.3561368,https://doi.org/10.1109/tnnls.2025.3561368,article,IEEE Transactions on Neural Networks and Learning Systems,https://openalex.org/W4410027597
IEEE Transactions on Neural Networks and Learning Systems,IEEE,2025,2025-05-02,Prescribed Performance Path-Following Control for Rotor-Assisted Vehicles via an Improved Reinforcement Learning Mechanism,Guoqing Zhang; Zhihao Li; Jiqiang Li; Weidong Zhang; Bin Qiu,36,9,10.1109/tnnls.2025.3562245,https://doi.org/10.1109/tnnls.2025.3562245,article,IEEE Transactions on Neural Networks and Learning Systems,https://openalex.org/W4410027382
IEEE Transactions on Neural Networks and Learning Systems,IEEE,2025,2025-05-02,Reinforcement Learning With Sparse-Executing Action via Sparsity Regularization,Jing-Cheng Pang; Tian Xu; Shengyi Jiang; Yu-Ren Liu; Yang Yu,36,9,10.1109/tnnls.2025.3555314,https://doi.org/10.1109/tnnls.2025.3555314,article,IEEE Transactions on Neural Networks and Learning Systems,https://openalex.org/W4410028572
IEEE Transactions on Neural Networks and Learning Systems,IEEE,2025,2025-05-02,Smooth Multiple Kernel k -Means via Underlying Graph Filtering,Wenqi Yang; Chang Tang; Xinwang Liu; Guanghui Yue; Yuanyuan Liu; Changqing Zhang; En Zhu,36,8,10.1109/tnnls.2025.3527120,https://doi.org/10.1109/tnnls.2025.3527120,article,IEEE Transactions on Neural Networks and Learning Systems,https://openalex.org/W4410027922
IEEE Transactions on Neural Networks and Learning Systems,IEEE,2025,2025-05-06,A Survey and Evaluation of Adversarial Attacks in Object Detection,Kim Nguyen; Wenyu Zhang; Kangkang Lu; Yu-Huan Wu; Xingjian Zheng; Hui Li Tan; Liangli Zhen,36,9,10.1109/tnnls.2025.3561225,https://doi.org/10.1109/tnnls.2025.3561225,article,IEEE Transactions on Neural Networks and Learning Systems,https://openalex.org/W4410115164
IEEE Transactions on Neural Networks and Learning Systems,IEEE,2025,2025-05-06,AdvMixUp: Adversarial MixUp Regularization for Deep Learning,Jun Hui Fu; X. Ji; Dexiong Chen; Guosheng Hu; Shuang Li; Xia‐Ting Feng,36,9,10.1109/tnnls.2025.3562363,https://doi.org/10.1109/tnnls.2025.3562363,article,IEEE Transactions on Neural Networks and Learning Systems,https://openalex.org/W4410115206
IEEE Transactions on Neural Networks and Learning Systems,IEEE,2025,2025-05-06,BihoT: A Large-Scale Dataset and Benchmark for Hyperspectral Camouflaged Object Tracking,Hanzheng Wang; Wei Li; Xiang‐Gen Xia; Qian Du,36,9,10.1109/tnnls.2025.3564059,https://doi.org/10.1109/tnnls.2025.3564059,article,IEEE Transactions on Neural Networks and Learning Systems,https://openalex.org/W4410115157
IEEE Transactions on Neural Networks and Learning Systems,IEEE,2025,2025-05-06,Counterfactual Dual-Bias VQA: A Multimodality Debias Learning for Robust Visual Question Answering,Boyue Wang; Xiaoqian Ju; Junbin Gao; Xiaoyan Li; Yongli Hu; Baocai Yin,36,9,10.1109/tnnls.2025.3562085,https://doi.org/10.1109/tnnls.2025.3562085,article,IEEE Transactions on Neural Networks and Learning Systems,https://openalex.org/W4410118247
IEEE Transactions on Neural Networks and Learning Systems,IEEE,2025,2025-05-06,Dual-Correlation-Guided Anchor Learning for Scalable Incomplete Multi-View Clustering,Wen-Jue He; Zheng Zhang; Xiaofeng Zhu,36,9,10.1109/tnnls.2025.3562297,https://doi.org/10.1109/tnnls.2025.3562297,article,IEEE Transactions on Neural Networks and Learning Systems,https://openalex.org/W4410115622
IEEE Transactions on Neural Networks and Learning Systems,IEEE,2025,2025-05-06,FedSI: Federated Subnetwork Inference for Efficient Uncertainty Quantification,Hui CHEN; Hengyu Liu; Zhangkai Wu; Xuhui Fan; Longbing Cao,36,9,10.1109/tnnls.2025.3562164,https://doi.org/10.1109/tnnls.2025.3562164,article,IEEE Transactions on Neural Networks and Learning Systems,https://openalex.org/W4410118246
IEEE Transactions on Neural Networks and Learning Systems,IEEE,2025,2025-05-06,Learning to Coordinate With Different Teammates via Team Probing,Hao Ding; Chengxing Jia; Zongzhang Zhang; Cong Guan; Feng Chen; Lei Yuan; Yu Xin Yang,36,9,10.1109/tnnls.2025.3563773,https://doi.org/10.1109/tnnls.2025.3563773,article,IEEE Transactions on Neural Networks and Learning Systems,https://openalex.org/W4410115220
IEEE Transactions on Neural Networks and Learning Systems,IEEE,2025,2025-05-06,Mapping Tracking Control to Cascading Optimization in Discrete Strict-Feedback Systems: A Hierarchical Learning Approach,Ying Yan; Jiayue Sun; Huaguang Zhang; Xin Liu; Jian Pan,36,9,10.1109/tnnls.2025.3558811,https://doi.org/10.1109/tnnls.2025.3558811,article,IEEE Transactions on Neural Networks and Learning Systems,https://openalex.org/W4410115162
IEEE Transactions on Neural Networks and Learning Systems,IEEE,2025,2025-05-06,Multilevel Distribution Alignment for Multisource Universal Domain Adaptation,Liangbo Ning; Zuowei Zhang; Weiping Ding; Dian Shao; Yining Zhu,36,9,10.1109/tnnls.2025.3561401,https://doi.org/10.1109/tnnls.2025.3561401,article,IEEE Transactions on Neural Networks and Learning Systems,https://openalex.org/W4410118264
IEEE Transactions on Neural Networks and Learning Systems,IEEE,2025,2025-05-06,Snippet-Aware Transformer With Multiple Action Elements for Skeleton-Based Action Segmentation,Haoyu Ji; Bowen Chen; Wenze Huang; Weihong Ren; Zhiyong Wang; Honghai Liu,36,9,10.1109/tnnls.2025.3563025,https://doi.org/10.1109/tnnls.2025.3563025,article,IEEE Transactions on Neural Networks and Learning Systems,https://openalex.org/W4410118271
IEEE Transactions on Neural Networks and Learning Systems,IEEE,2025,2025-05-06,Toward Quantum Federated Learning,Chao Ren; Rudai Yan; Huihui Zhu; Han Yu; Minrui Xu; Yuan Shen; Yan Hui Xu; Ming Bo Xiao; Zhao Yang Dong; Mikael Skoglund; Dusit Tao Niyato; L. C. Kwek,36,9,10.1109/tnnls.2025.3552643,https://doi.org/10.1109/tnnls.2025.3552643,article,IEEE Transactions on Neural Networks and Learning Systems,https://openalex.org/W4410115271
IEEE Transactions on Neural Networks and Learning Systems,IEEE,2025,2025-05-06,Vision-Based Learning for Drones: A Survey,Jiaping Xiao; Rangya Zhang; Yuhang Zhang; Mir Feroskhan,36,9,10.1109/tnnls.2025.3564184,https://doi.org/10.1109/tnnls.2025.3564184,article,IEEE Transactions on Neural Networks and Learning Systems,https://openalex.org/W4410118431
IEEE Transactions on Neural Networks and Learning Systems,IEEE,2025,2025-05-07,CellMix: A General Instance Relationship-Based Method for Data Augmentation Toward Pathology Image Classification,Tianyi Zhang; Zhiling Yan; Chunhui Li; Nan Ying; Yanli Lei; Shangqing Lyu; Yunlu Feng; Yu Zhao; Guanglei Zhang,36,9,10.1109/tnnls.2025.3554752,https://doi.org/10.1109/tnnls.2025.3554752,article,IEEE Transactions on Neural Networks and Learning Systems,https://openalex.org/W4410153183
IEEE Transactions on Neural Networks and Learning Systems,IEEE,2025,2025-05-07,Generalized Cross-Domain Industrial Process Monitoring via Adaptive Discriminative Transfer Dictionary Pair Learning With Attribute Embedding,Ziqing Deng; Xiaofang Chen; Yongfang Xie; Hongliang Zhang; Weihua Gui,36,9,10.1109/tnnls.2025.3563618,https://doi.org/10.1109/tnnls.2025.3563618,article,IEEE Transactions on Neural Networks and Learning Systems,https://openalex.org/W4410153026
IEEE Transactions on Neural Networks and Learning Systems,IEEE,2025,2025-05-08,Chest X-Ray Visual Saliency Modeling: Eye-Tracking Dataset and Saliency Prediction Model,Jianxun Lou; Huasheng Wang; Xinbo Wu; Jen Ng; Richard White; Kaveri A. Thakoor; Padraig Corcoran; Ying Chen; Hantao Liu,36,9,10.1109/tnnls.2025.3564292,https://doi.org/10.1109/tnnls.2025.3564292,article,IEEE Transactions on Neural Networks and Learning Systems,https://openalex.org/W4410204203
IEEE Transactions on Neural Networks and Learning Systems,IEEE,2025,2025-05-08,Improving the Transferability of Adversarial Examples by Feature Augmentation,Donghua Wang; Wen Yao; Tingsong Jiang; Xiaohu Zheng; Junqi Wu,36,9,10.1109/tnnls.2025.3563855,https://doi.org/10.1109/tnnls.2025.3563855,article,IEEE Transactions on Neural Networks and Learning Systems,https://openalex.org/W4410204244
IEEE Transactions on Neural Networks and Learning Systems,IEEE,2025,2025-05-09,Boosting Generalization of Semantic Segmentation With Unseen Style Seeking-Based Meta-Learning,Qi Gui Zang; Shuang Wang; Dong Zhao; Wanqing Li; Zining Wang; Dou Quan; Fei Liang; Licheng Jiao,36,9,10.1109/tnnls.2025.3560263,https://doi.org/10.1109/tnnls.2025.3560263,article,IEEE Transactions on Neural Networks and Learning Systems,https://openalex.org/W4410226716
IEEE Transactions on Neural Networks and Learning Systems,IEEE,2025,2025-05-09,Multistate Temporal Difference Target for Model-Free Reinforcement Learning,Wuhao Wang; Zhiyong Chen; Lepeng Zhang,36,9,10.1109/tnnls.2025.3564078,https://doi.org/10.1109/tnnls.2025.3564078,article,IEEE Transactions on Neural Networks and Learning Systems,https://openalex.org/W4410226728
IEEE Transactions on Neural Networks and Learning Systems,IEEE,2025,2025-05-09,Online Adaptive Optimal Control Algorithm Based on Weighted Policy Iteration,Wanlin Tan; Rui Luo; Zhinan Peng; Qiang Ling,36,9,10.1109/tnnls.2025.3564329,https://doi.org/10.1109/tnnls.2025.3564329,article,IEEE Transactions on Neural Networks and Learning Systems,https://openalex.org/W4410226722
IEEE Transactions on Neural Networks and Learning Systems,IEEE,2025,2025-05-09,Proportional-Integral-Observer-Based Fusion Estimation for Artificial Neural Networks: Implementing a One-Bit Encoding Scheme,Kaiqun Zhu; Zidong Wang; Derui Ding; Jun Feng Hu; Hongli Dong,36,9,10.1109/tnnls.2025.3556370,https://doi.org/10.1109/tnnls.2025.3556370,article,IEEE Transactions on Neural Networks and Learning Systems,https://openalex.org/W4410226726
IEEE Transactions on Neural Networks and Learning Systems,IEEE,2025,2025-05-09,RSME: Respiration-Driven Synchronized Motion Estimator for Real-Time Thoracic 3-D CT Reconstruction Using Low-Rank Motion Fields and Dose-Free Surface Imaging,Ziwen Wei; Xiaolong Wu; Qi Wang; Yunbiao Zhou; Shaozhuang Zhai; Tao Jiang; Zhihua Liu; Yang Zhang; Hongcang Gu; Shuanghu Yuan; Junchao Qian,36,9,10.1109/tnnls.2025.3564947,https://doi.org/10.1109/tnnls.2025.3564947,article,IEEE Transactions on Neural Networks and Learning Systems,https://openalex.org/W4410226723
IEEE Transactions on Neural Networks and Learning Systems,IEEE,2025,2025-05-09,RadDQN: A Deep Q Learning-Based Architecture for Finding Time-Efficient Minimum Radiation Exposure Pathway,Biswajit Sadhu; Trijit Sadhu; Surinder M. Anand,36,9,10.1109/tnnls.2025.3562653,https://doi.org/10.1109/tnnls.2025.3562653,article,IEEE Transactions on Neural Networks and Learning Systems,https://openalex.org/W4410226721
IEEE Transactions on Neural Networks and Learning Systems,IEEE,2025,2025-05-14,Broad-ESN Based on Radical Activation Function for Predicting Time Series With Multiple Variables,Yuanpeng Gong; Shuxian Lun; Ming Li,36,9,10.1109/tnnls.2025.3563937,https://doi.org/10.1109/tnnls.2025.3563937,article,IEEE Transactions on Neural Networks and Learning Systems,https://openalex.org/W4410358686
IEEE Transactions on Neural Networks and Learning Systems,IEEE,2025,2025-05-14,Online Reinforcement Learning Control Designs With Acceleration Mechanism for Unknown Multiagent Systems Through Value Iteration,Yuan Li; Yiyan Han; Chongyang Chen; Zhigang Zeng; Jiankun Sun,36,9,10.1109/tnnls.2025.3563155,https://doi.org/10.1109/tnnls.2025.3563155,article,IEEE Transactions on Neural Networks and Learning Systems,https://openalex.org/W4410358668
IEEE Transactions on Neural Networks and Learning Systems,IEEE,2025,2025-05-14,Single Hidden Layer Neural Networks With Random Weights Based on Nondifferentiable Functions,Yoleidy Huérfano; Karina Vilches-Ponce; Marco Mora; Clovis Tauber; Miguel Ángel Vera,36,9,10.1109/tnnls.2025.3555178,https://doi.org/10.1109/tnnls.2025.3555178,article,IEEE Transactions on Neural Networks and Learning Systems,https://openalex.org/W4410358656
IEEE Transactions on Neural Networks and Learning Systems,IEEE,2025,2025-05-15,Adaptive Hardness-Driven Augmentation and Alignment Strategies for Multisource Domain Adaptations,Yuxiang Yang; Xinyi Zeng; Pinxian Zeng; Chen Zu; Binyu Yan; Jiliu Zhou; Yan Wang,36,9,10.1109/tnnls.2025.3565728,https://doi.org/10.1109/tnnls.2025.3565728,article,IEEE Transactions on Neural Networks and Learning Systems,https://openalex.org/W4410394029
IEEE Transactions on Neural Networks and Learning Systems,IEEE,2025,2025-05-15,Bi-PIL: Bidirectional Gradient-Free Learning Scheme for Multilayer Neural Networks,Ke Wang; Binghong Liu; Pandi Liu; Yungao Shi; Ping Guo; Yafei Li; Mingliang Xu,36,9,10.1109/tnnls.2025.3564654,https://doi.org/10.1109/tnnls.2025.3564654,article,IEEE Transactions on Neural Networks and Learning Systems,https://openalex.org/W4410393717
IEEE Transactions on Neural Networks and Learning Systems,IEEE,2025,2025-05-15,Milne–Hamming Method With Zeroing Neural Network for Time-Varying Nonlinear Optimization and Redundant Manipulator Application,Ying Kong; Xi Chen; Yunliang Jiang; Danfeng Sun,36,9,10.1109/tnnls.2025.3563991,https://doi.org/10.1109/tnnls.2025.3563991,article,IEEE Transactions on Neural Networks and Learning Systems,https://openalex.org/W4410393729
IEEE Transactions on Neural Networks and Learning Systems,IEEE,2025,2025-05-15,Rapid Dynamical Pattern Classification via Deterministic Learning From Sampling Sequences,Weiming Wu; Zhirui Li; Chen Sun; Cong Wang; Guanrong Chen,36,9,10.1109/tnnls.2025.3565535,https://doi.org/10.1109/tnnls.2025.3565535,article,IEEE Transactions on Neural Networks and Learning Systems,https://openalex.org/W4410393779
IEEE Transactions on Neural Networks and Learning Systems,IEEE,2025,2025-05-15,Threats and Defenses in the Federated Learning Life Cycle: A Comprehensive Survey and Challenges,Yanli Li; Zhongliang Guo; Nan Yang; Huaming Chen; Dong Yuan; Weiping Ding,36,9,10.1109/tnnls.2025.3563537,https://doi.org/10.1109/tnnls.2025.3563537,article,IEEE Transactions on Neural Networks and Learning Systems,https://openalex.org/W4410393759
IEEE Transactions on Neural Networks and Learning Systems,IEEE,2025,2025-05-15,Toward Targeted Mining of RFM Patterns,Xiaoye Chen; Wensheng Gan; Zefeng Chen; Jian Lin Zhu; Ruichu Cai; Philip S. Yu,36,9,10.1109/tnnls.2025.3565548,https://doi.org/10.1109/tnnls.2025.3565548,article,IEEE Transactions on Neural Networks and Learning Systems,https://openalex.org/W4410393996
IEEE Transactions on Neural Networks and Learning Systems,IEEE,2025,2025-05-15,Toward Ultralow-Power Neuromorphic Speech Enhancement With Spiking-FullSubNet,Xiang Hao; Chenxiang Ma; Yang Qu; Jibin Wu; Kay Chen Tan,36,9,10.1109/tnnls.2025.3566021,https://doi.org/10.1109/tnnls.2025.3566021,article,IEEE Transactions on Neural Networks and Learning Systems,https://openalex.org/W4410393817
IEEE Transactions on Neural Networks and Learning Systems,IEEE,2025,2025-05-16,A Policy-Guided Reinforcement Learning Method for Encirclement Control in Multiobstacle Environment,Fandi Gou; Haikuo Du; Chenyu Zhao; Yunze Cai,36,9,10.1109/tnnls.2025.3566548,https://doi.org/10.1109/tnnls.2025.3566548,article,IEEE Transactions on Neural Networks and Learning Systems,https://openalex.org/W4410427822
IEEE Transactions on Neural Networks and Learning Systems,IEEE,2025,2025-05-16,Class-Specific Prompt Learning for Vision–Language Models,Runhao Li; Yongming Chen; Zhenyu Weng; Zhiping Lin; Yap‐Peng Tan,36,9,10.1109/tnnls.2025.3566559,https://doi.org/10.1109/tnnls.2025.3566559,article,IEEE Transactions on Neural Networks and Learning Systems,https://openalex.org/W4410428378
IEEE Transactions on Neural Networks and Learning Systems,IEEE,2025,2025-05-16,SacFL: Self-Adaptive Federated Continual Learning for Resource-Constrained End Devices,Zhengyi Zhong; Weidong Bao; Ji Wang; Jianguo Chen; Lingjuan Lyu; Wei Yang Bryan Lim,36,9,10.1109/tnnls.2025.3565827,https://doi.org/10.1109/tnnls.2025.3565827,article,IEEE Transactions on Neural Networks and Learning Systems,https://openalex.org/W4410427471
IEEE Transactions on Neural Networks and Learning Systems,IEEE,2025,2025-05-19,A Robust Three-Way Classifier With Shadowed Granular Balls Based on Justifiable Granularity,Jie ming Yang; Lingyun Xiaodiao; Guoyin Wang; Witold Pedrycz; Shuyin Xia; Qinghua Zhang; Di Wu,36,9,10.1109/tnnls.2025.3563889,https://doi.org/10.1109/tnnls.2025.3563889,article,IEEE Transactions on Neural Networks and Learning Systems,https://openalex.org/W4410491745
IEEE Transactions on Neural Networks and Learning Systems,IEEE,2025,2025-05-19,DigNet: Digging Clues From Local–Global Interactive Graph for Aspect-Level Sentiment Classification,Bowen Xing; Ivor Wai-Hung Tsang,36,9,10.1109/tnnls.2025.3564306,https://doi.org/10.1109/tnnls.2025.3564306,article,IEEE Transactions on Neural Networks and Learning Systems,https://openalex.org/W4410491727
IEEE Transactions on Neural Networks and Learning Systems,IEEE,2025,2025-05-19,Lightweight and Fast Time-Series Anomaly Detection via Point-Level and Sequence-Level Reconstruction Discrepancy,Lei Chen; Jingshi Tang; Ying Yong Zou; Xuxin Liu; Xingquan Xie; Guangyang Deng,36,9,10.1109/tnnls.2025.3565807,https://doi.org/10.1109/tnnls.2025.3565807,article,IEEE Transactions on Neural Networks and Learning Systems,https://openalex.org/W4410491810
IEEE Transactions on Neural Networks and Learning Systems,IEEE,2025,2025-05-19,Persistence of Backdoor-Based Watermarks for Neural Networks: A Comprehensive Evaluation,Anh Tu Ngo; Chuan Song Heng; Nandish Chattopadhyay; Anupam Chattopadhyay,36,9,10.1109/tnnls.2025.3565170,https://doi.org/10.1109/tnnls.2025.3565170,article,IEEE Transactions on Neural Networks and Learning Systems,https://openalex.org/W4410491796
IEEE Transactions on Neural Networks and Learning Systems,IEEE,2025,2025-05-19,Robust Controllability of Boolean Control Networks via Dynamic Programming,Yakun Li; Shuhua Gao; Yiming Gao; Jianliang Wu; Jun‐e Feng; Cheng Xiang,36,9,10.1109/tnnls.2025.3559207,https://doi.org/10.1109/tnnls.2025.3559207,article,IEEE Transactions on Neural Networks and Learning Systems,https://openalex.org/W4410491750
IEEE Transactions on Neural Networks and Learning Systems,IEEE,2025,2025-05-19,Semi-Heterogeneous Graph-Perception Network With Gradient-Weighted Class Activation Mapping for Class-Incremental Industrial Fault Recognition and Root Cause Diagnosis,Jinping Liu; Sheng Chen; Meiling Cai; Haidong Shao; Weihua Gui,36,9,10.1109/tnnls.2025.3567475,https://doi.org/10.1109/tnnls.2025.3567475,article,IEEE Transactions on Neural Networks and Learning Systems,https://openalex.org/W4410491714
IEEE Transactions on Neural Networks and Learning Systems,IEEE,2025,2025-05-20,Learning Self-Growth Maps for Fast and Accurate Imbalanced Streaming Data Clustering,Yiqun Zhang; Sen Feng; Pengkai Wang; Zexi Tan; Xiaopeng Luo; Yuzhu Ji; Rong Zou; Yiu‐ming Cheung,36,9,10.1109/tnnls.2025.3563769,https://doi.org/10.1109/tnnls.2025.3563769,article,IEEE Transactions on Neural Networks and Learning Systems,https://openalex.org/W4410536382
IEEE Transactions on Neural Networks and Learning Systems,IEEE,2025,2025-05-20,UBG: An Unreal BattleGround Benchmark With Object-Aware Hierarchical Proximal Policy Optimization,Longyu Niu; Baihui Li; Xingjian Fan; Hao Fang; Jun Li; Junliang Xing; Jun Wan; Zhen Lei,36,9,10.1109/tnnls.2025.3567001,https://doi.org/10.1109/tnnls.2025.3567001,article,IEEE Transactions on Neural Networks and Learning Systems,https://openalex.org/W4410536602
IEEE Transactions on Neural Networks and Learning Systems,IEEE,2025,2025-05-21,An Efficient and Robust Feature Selection Approach Based on Zentropy Measure and Neighborhood-Aware Model,Kehua Yuan; Duoqian Miao; Hongyun Zhang; Witold Pedrycz,36,9,10.1109/tnnls.2025.3565320,https://doi.org/10.1109/tnnls.2025.3565320,article,IEEE Transactions on Neural Networks and Learning Systems,https://openalex.org/W4410582735
IEEE Transactions on Neural Networks and Learning Systems,IEEE,2025,2025-05-21,Complex Dual-Tree Pyramid Scattering Transformer,Xiaotong Li; Licheng Jiao; Lingling Li; Fang Liu; Hao Zhu; Xin Zhang; Xu Liu; Shuyuan Yang,36,9,10.1109/tnnls.2025.3565582,https://doi.org/10.1109/tnnls.2025.3565582,article,IEEE Transactions on Neural Networks and Learning Systems,https://openalex.org/W4410582724
IEEE Transactions on Neural Networks and Learning Systems,IEEE,2025,2025-05-21,Deterministic Convergence Analysis and Application of Elman Neural Network via Sparse Mechanism and Entropy Error Function,Qian Kang; Dengxiu Yu; Bowen Xu; Zhen Wang,36,9,10.1109/tnnls.2025.3562223,https://doi.org/10.1109/tnnls.2025.3562223,article,IEEE Transactions on Neural Networks and Learning Systems,https://openalex.org/W4410582208
IEEE Transactions on Neural Networks and Learning Systems,IEEE,2025,2025-05-21,Enhancing Multiparty Dialog Discourse Parsing With Dynamic Task-Adaptive Graph Transformer and Difficulty-Aware Task Scheduling,Yaxin Fan; Peifeng Li; Fang Kong; Qiaoming Zhu,36,9,10.1109/tnnls.2025.3568211,https://doi.org/10.1109/tnnls.2025.3568211,article,IEEE Transactions on Neural Networks and Learning Systems,https://openalex.org/W4410582277
IEEE Transactions on Neural Networks and Learning Systems,IEEE,2025,2025-05-21,Factorization-Based Broad Learning System With Time-Dependent Structure,Chen Li; Zeyi Liu; Xiao He; Pengyu Han,36,9,10.1109/tnnls.2025.3567757,https://doi.org/10.1109/tnnls.2025.3567757,article,IEEE Transactions on Neural Networks and Learning Systems,https://openalex.org/W4410583210
IEEE Transactions on Neural Networks and Learning Systems,IEEE,2025,2025-05-21,Knowledge-Guided Label Distribution Calibration for Federated Affective Computing,Zixin Zhang; Fan Qi; Changsheng Xu,36,9,10.1109/tnnls.2025.3568458,https://doi.org/10.1109/tnnls.2025.3568458,article,IEEE Transactions on Neural Networks and Learning Systems,https://openalex.org/W4410583278
IEEE Transactions on Neural Networks and Learning Systems,IEEE,2025,2025-05-21,Learning to Detect Industrial Time-Series Anomalies From Imputation Consistency With Sparse Observations,Zhen Zhang; Yongming M Han; Zhiqiang Geng,36,9,10.1109/tnnls.2025.3568019,https://doi.org/10.1109/tnnls.2025.3568019,article,IEEE Transactions on Neural Networks and Learning Systems,https://openalex.org/W4410582774
IEEE Transactions on Neural Networks and Learning Systems,IEEE,2025,2025-05-21,OR-Gate Mixup Multiscale Spectral Graph Neural Network for Node Anomaly Detection,Zekang Li; Ruonan Liu; Dongyue Chen; Qinghua Hu,36,9,10.1109/tnnls.2025.3569413,https://doi.org/10.1109/tnnls.2025.3569413,article,IEEE Transactions on Neural Networks and Learning Systems,https://openalex.org/W4410583238
IEEE Transactions on Neural Networks and Learning Systems,IEEE,2025,2025-05-22,A Novel Dynamic Neural Network for Heterogeneity-Aware Structural Brain Network Exploration and Alzheimer’s Disease Diagnosis,Wenju Cui; Yilin Leng; Yunsong Peng; Chen Bai; Lei Li; Xi Jiang; Gang Yuan; Jian Ying Zheng,36,9,10.1109/tnnls.2025.3569650,https://doi.org/10.1109/tnnls.2025.3569650,article,IEEE Transactions on Neural Networks and Learning Systems,https://openalex.org/W4410614181
IEEE Transactions on Neural Networks and Learning Systems,IEEE,2025,2025-05-22,Revising Representation and Target Deviations for Accurate Human Pose Estimation,Zian Zhang; Yongqiang Zhang; Yancheng Bai; Man Zhang; Rui Tian; Yin Zhang; Mingli Ding; Wangmeng Zuo,36,9,10.1109/tnnls.2025.3569464,https://doi.org/10.1109/tnnls.2025.3569464,article,IEEE Transactions on Neural Networks and Learning Systems,https://openalex.org/W4410614164
IEEE Transactions on Neural Networks and Learning Systems,IEEE,2025,2025-05-22,Training Dataset Curation by L 1 -Norm Principal-Component Analysis for Support Vector Machines,S.K. Shukla; Dimitris A. Pados; George Sklivanitis; Elizabeth Serena Bentley; Michael J. Medley,36,9,10.1109/tnnls.2025.3568694,https://doi.org/10.1109/tnnls.2025.3568694,article,IEEE Transactions on Neural Networks and Learning Systems,https://openalex.org/W4410614157
IEEE Transactions on Neural Networks and Learning Systems,IEEE,2025,2025-05-23,"(δ, ε)–K Segmentation for Characterizing Well-Clusterable Sets",Xinyu Chen; Jian Wang; Jie Yang; Chao Zhang; Dacheng Tao,36,9,10.1109/tnnls.2025.3568478,https://doi.org/10.1109/tnnls.2025.3568478,article,IEEE Transactions on Neural Networks and Learning Systems,https://openalex.org/W4410638730
IEEE Transactions on Neural Networks and Learning Systems,IEEE,2025,2025-05-23,Boosting Memory Efficiency in Transfer Learning for High-Resolution Medical Image Classification,Yijin Huang; Pujin Cheng; Roger C. Tam; Xiaoying Tang,36,9,10.1109/tnnls.2025.3569797,https://doi.org/10.1109/tnnls.2025.3569797,article,IEEE Transactions on Neural Networks and Learning Systems,https://openalex.org/W4410639559
IEEE Transactions on Neural Networks and Learning Systems,IEEE,2025,2025-05-23,Probabilistic Safety Regions via Finite Families of Adjustable Classifiers,Alberto Carlevaro; Teodoro Álamo; Fabrizio Dabbene; Maurizio Mongelli,36,9,10.1109/tnnls.2025.3568174,https://doi.org/10.1109/tnnls.2025.3568174,article,IEEE Transactions on Neural Networks and Learning Systems,https://openalex.org/W4410638795
IEEE Transactions on Neural Networks and Learning Systems,IEEE,2025,2025-05-23,RSF-Conv: Rotation-and-Scale Equivariant Fourier Parameterized Convolution for Retinal Vessel Segmentation,Zihong Sun; Hong Wang; Qi Xie; Yefeng Zheng; Deyu Meng,36,9,10.1109/tnnls.2025.3560082,https://doi.org/10.1109/tnnls.2025.3560082,article,IEEE Transactions on Neural Networks and Learning Systems,https://openalex.org/W4410639023
IEEE Transactions on Neural Networks and Learning Systems,IEEE,2025,2025-05-23,Staged Self-Supervised Learning for Raven Progressive Matrices,Jakub Kwiatkowski; Krzysztof Krawiec,36,9,10.1109/tnnls.2025.3561069,https://doi.org/10.1109/tnnls.2025.3561069,article,IEEE Transactions on Neural Networks and Learning Systems,https://openalex.org/W4410638950
IEEE Transactions on Neural Networks and Learning Systems,IEEE,2025,2025-05-23,Time-Series Contrastive Learning Against False Negatives and Class Imbalance,Xiyuan Jin; Jing Wang; Xiaoyu Ou; Lei Liu; Youfang Lin,36,9,10.1109/tnnls.2025.3568387,https://doi.org/10.1109/tnnls.2025.3568387,article,IEEE Transactions on Neural Networks and Learning Systems,https://openalex.org/W4410639548
IEEE Transactions on Neural Networks and Learning Systems,IEEE,2025,2025-05-26,A Semantic Change Detection Network Based on Boundary Detection and Task Interaction for High-Resolution Remote Sensing Images,Yingjie Tang; Shou Feng; Chunhui Zhao; Yongqi Chen; Zhiyong Lv; Weiwei Sun,36,9,10.1109/tnnls.2025.3570425,https://doi.org/10.1109/tnnls.2025.3570425,article,IEEE Transactions on Neural Networks and Learning Systems,https://openalex.org/W4410738247
IEEE Transactions on Neural Networks and Learning Systems,IEEE,2025,2025-05-26,Recognizing Natural Images From EEG With Language-Guided Contrastive Learning,Yonghao Song; Yijun Wang; Huiguang He; Xiaorong Gao,36,9,10.1109/tnnls.2025.3562743,https://doi.org/10.1109/tnnls.2025.3562743,article,IEEE Transactions on Neural Networks and Learning Systems,https://openalex.org/W4410738225
IEEE Transactions on Neural Networks and Learning Systems,IEEE,2025,2025-05-26,Safe Physics-Informed Machine Learning for Optimal Predefined-Time Stabilization: A Lyapunov-Based Approach,Nick-Marios T. Kokolakis; Zhen Zhang; Shanqing Liu; Kyriakos G. Vamvoudakis; Jérôme Darbon; George Em Karniadakis,36,9,10.1109/tnnls.2025.3554713,https://doi.org/10.1109/tnnls.2025.3554713,article,IEEE Transactions on Neural Networks and Learning Systems,https://openalex.org/W4410738280
IEEE Transactions on Neural Networks and Learning Systems,IEEE,2025,2025-05-27,TRG-Net: An Interpretable and Controllable Rain Generator,Zhiqiang Pang; Hong Wang; Qi Xie; Deyu Meng; Zongben Xu,36,9,10.1109/tnnls.2025.3565726,https://doi.org/10.1109/tnnls.2025.3565726,article,IEEE Transactions on Neural Networks and Learning Systems,https://openalex.org/W4410770264
IEEE Transactions on Neural Networks and Learning Systems,IEEE,2025,2025-05-28,A Reinforcement Learning Control Framework Based on Scalable Graph Transformer for Large-Scale Fuzzy Job Shop Scheduling Problems,Wenquan Zhang; Fei Zhao; Bo Feng; Xuesong Mei,36,9,10.1109/tnnls.2025.3569868,https://doi.org/10.1109/tnnls.2025.3569868,article,IEEE Transactions on Neural Networks and Learning Systems,https://openalex.org/W4410809508
IEEE Transactions on Neural Networks and Learning Systems,IEEE,2025,2025-05-28,Binary Channel Fuzzy Self-Adjusted Neural Network for Solving Time-Changing QP Problems,Yamei Luo; Qingyi Ren; Zihao Zheng; Siyuan Chen; Xin Ma; Yu Liu; Xiaoli Li; Junzhi Yu; Zhijun Zhang,36,9,10.1109/tnnls.2025.3564965,https://doi.org/10.1109/tnnls.2025.3564965,article,IEEE Transactions on Neural Networks and Learning Systems,https://openalex.org/W4410809484
IEEE Transactions on Neural Networks and Learning Systems,IEEE,2025,2025-05-28,GMM Enhanced Anchor-Based Spectral Clustering for Large-Scale Data,Wen Zhang; Jiangpeng Zhao; Lean Yu; Song Wang,36,10,10.1109/tnnls.2025.3571473,https://doi.org/10.1109/tnnls.2025.3571473,article,IEEE Transactions on Neural Networks and Learning Systems,https://openalex.org/W4410809497
IEEE Transactions on Neural Networks and Learning Systems,IEEE,2025,2025-05-28,RadCLIP: Enhancing Radiologic Image Analysis Through Contrastive Language–Image Pretraining,Zhixiu Lu; Hailong Li; Nehal A. Parikh; Jonathan R. Dillman; Lili He,36,10,10.1109/tnnls.2025.3568036,https://doi.org/10.1109/tnnls.2025.3568036,article,IEEE Transactions on Neural Networks and Learning Systems,https://openalex.org/W4410809513
IEEE Transactions on Neural Networks and Learning Systems,IEEE,2025,2025-05-29,Converting High-Performance and Low-Latency SNNs Through Explicit Modeling of Residual Error in ANNs,Zhipeng Huang; Jianhao Ding; Zhiyu Pan; Haoran Li; Ying Fang; Zhaofei Yu; Jian K. Liu,36,9,10.1109/tnnls.2025.3567567,https://doi.org/10.1109/tnnls.2025.3567567,article,IEEE Transactions on Neural Networks and Learning Systems,https://openalex.org/W4410852789
IEEE Transactions on Neural Networks and Learning Systems,IEEE,2025,2025-05-29,Evidential Deep Learning for Open-Set Active Domain Adaptation,Qing Tian; Jinguang Yu; Yi Xiao Zhao; Wen Li; Zhen Lei,36,10,10.1109/tnnls.2025.3571943,https://doi.org/10.1109/tnnls.2025.3571943,article,IEEE Transactions on Neural Networks and Learning Systems,https://openalex.org/W4410852753
IEEE Transactions on Neural Networks and Learning Systems,IEEE,2025,2025-05-29,Guarding Graph Neural Networks for Unsupervised Graph Anomaly Detection,Yuanchen Bei; Sheng Zhou; Jinke Shi; Yao Ma; Haishuai Wang; Jiajun Bu,36,9,10.1109/tnnls.2025.3569526,https://doi.org/10.1109/tnnls.2025.3569526,article,IEEE Transactions on Neural Networks and Learning Systems,https://openalex.org/W4410852754
IEEE Transactions on Neural Networks and Learning Systems,IEEE,2025,2025-05-29,Knowledge Transfer and Reinforcement Based on Biunbiased Neural Network: A Novel Solution for Open-Set Fault Transfer Diagnosis,Lei Wang; Huaguang Zhang; Jinhai Liu; Fengyuan Zuo,36,9,10.1109/tnnls.2025.3569582,https://doi.org/10.1109/tnnls.2025.3569582,article,IEEE Transactions on Neural Networks and Learning Systems,https://openalex.org/W4410852788
IEEE Transactions on Neural Networks and Learning Systems,IEEE,2025,2025-05-29,Parallel Multistep Evaluation With Efficient Data Utilization for Safe Neural Critic Control and Its Application to Orbital Maneuver Systems,Jiangyu Wang; Ding Wang; Jin Ren; Derong Liu; Junfei Qiao,36,9,10.1109/tnnls.2025.3570716,https://doi.org/10.1109/tnnls.2025.3570716,article,IEEE Transactions on Neural Networks and Learning Systems,https://openalex.org/W4410852772
IEEE Transactions on Neural Networks and Learning Systems,IEEE,2025,2025-05-29,Toward Faithful Neural Network Intrinsic Interpretation With Shapley Additive Self-Attribution,Ying Qiu Sun; Hengshu Zhu; Hui Yun Xiong,36,9,10.1109/tnnls.2025.3570692,https://doi.org/10.1109/tnnls.2025.3570692,article,IEEE Transactions on Neural Networks and Learning Systems,https://openalex.org/W4410852766
IEEE Transactions on Neural Networks and Learning Systems,IEEE,2025,2025-05-30,Driving Risk Assessment for Intelligent Vehicles Based on Entropy-Informed Graph Neural Networks and Gaussian Distributions,Hongbo Gao; Chengbo Wang; Runda Niu; Xiaozhao Fang; Jinpeng Chen; Yining Sun; Huiqing Jin; Danwei Wang,36,9,10.1109/tnnls.2025.3569826,https://doi.org/10.1109/tnnls.2025.3569826,article,IEEE Transactions on Neural Networks and Learning Systems,https://openalex.org/W4410887641
IEEE Transactions on Neural Networks and Learning Systems,IEEE,2025,2025-05-30,Multilabel Transfer Learning Method With Dynamic Multimetric for Coupling Fault Diagnosis,Yaqi Xiao; Haiyin Zhou; Xuanying Zhou; Jiongqi Wang,36,10,10.1109/tnnls.2025.3573090,https://doi.org/10.1109/tnnls.2025.3573090,article,IEEE Transactions on Neural Networks and Learning Systems,https://openalex.org/W4410887243
IEEE Transactions on Neural Networks and Learning Systems,IEEE,2025,2025-05-30,"Revisiting Tropical Polynomial Division: Theory, Algorithms, and Application to Neural Networks",Ioannis Kordonis; Petros Maragos,36,9,10.1109/tnnls.2025.3570807,https://doi.org/10.1109/tnnls.2025.3570807,article,IEEE Transactions on Neural Networks and Learning Systems,https://openalex.org/W4410887238
IEEE Transactions on Neural Networks and Learning Systems,IEEE,2025,2025-06-01,IEEE Computational Intelligence Society Information,,36,6,10.1109/tnnls.2025.3565405,https://doi.org/10.1109/tnnls.2025.3565405,paratext,IEEE Transactions on Neural Networks and Learning Systems,https://openalex.org/W4410985572
IEEE Transactions on Neural Networks and Learning Systems,IEEE,2025,2025-06-01,IEEE Transactions on Neural Networks and Learning Systems Information for Authors,,36,6,10.1109/tnnls.2025.3565407,https://doi.org/10.1109/tnnls.2025.3565407,paratext,IEEE Transactions on Neural Networks and Learning Systems,https://openalex.org/W4410985793
IEEE Transactions on Neural Networks and Learning Systems,IEEE,2025,2025-06-01,IEEE Transactions on Neural Networks and Learning Systems Publication Information,,36,6,10.1109/tnnls.2025.3565403,https://doi.org/10.1109/tnnls.2025.3565403,paratext,IEEE Transactions on Neural Networks and Learning Systems,https://openalex.org/W4410985760
IEEE Transactions on Neural Networks and Learning Systems,IEEE,2025,2025-06-01,Progressive Semantic Enhancement Network for Hyperspectral and LiDAR Classification,Xiyou Fu; Xi Zhou; Yang Fu; Pan Liu; Sen Jia,36,6,10.1109/tnnls.2024.3513979,https://doi.org/10.1109/tnnls.2024.3513979,article,IEEE Transactions on Neural Networks and Learning Systems,https://openalex.org/W4408161879
IEEE Transactions on Neural Networks and Learning Systems,IEEE,2025,2025-06-01,Table of Contents,,36,6,10.1109/tnnls.2025.3565354,https://doi.org/10.1109/tnnls.2025.3565354,paratext,IEEE Transactions on Neural Networks and Learning Systems,https://openalex.org/W4410986062
IEEE Transactions on Neural Networks and Learning Systems,IEEE,2025,2025-06-02,AFSPrompt: An Axiomatic Fuzzy Set Prompt Pipeline for Knowledge-Based VQA,Zhiwei Wang; Qi Lang; Xiaodong Liu; Hao Zhang,36,10,10.1109/tnnls.2025.3573267,https://doi.org/10.1109/tnnls.2025.3573267,article,IEEE Transactions on Neural Networks and Learning Systems,https://openalex.org/W4410950012
IEEE Transactions on Neural Networks and Learning Systems,IEEE,2025,2025-06-02,CKDF-V2: Effectively Alleviating Representation Shift for Continual Learning With Small Memory,Kunchi Li; Hongyang Chen; Jun Wan; Shan Ping Yu,36,9,10.1109/tnnls.2025.3569834,https://doi.org/10.1109/tnnls.2025.3569834,article,IEEE Transactions on Neural Networks and Learning Systems,https://openalex.org/W4410949986
IEEE Transactions on Neural Networks and Learning Systems,IEEE,2025,2025-06-02,Deep Learning for Low-Light Vision: A Comprehensive Survey,Qian Zhao; Gang Li; Bin He; Runjie Shen,36,9,10.1109/tnnls.2025.3566647,https://doi.org/10.1109/tnnls.2025.3566647,article,IEEE Transactions on Neural Networks and Learning Systems,https://openalex.org/W4410949906
IEEE Transactions on Neural Networks and Learning Systems,IEEE,2025,2025-06-02,Exploring Contextual Knowledge-Enhanced Speech Recognition in Air Traffic Control Communication: A Comparative Study,Dongyue Guo; Shiyu Zhang; Jianwei Zhang; Bo Yang; Yi Lin,36,9,10.1109/tnnls.2025.3569776,https://doi.org/10.1109/tnnls.2025.3569776,article,IEEE Transactions on Neural Networks and Learning Systems,https://openalex.org/W4410949968
IEEE Transactions on Neural Networks and Learning Systems,IEEE,2025,2025-06-02,Multigranularity Fuzzy Autoencoder for Discriminative Feature Selection in High-Dimensional Data,Yuepeng Chen; Weiping Ding; Jiashuang Huang; Wei Zhang; Tianyi Zhou,36,9,10.1109/tnnls.2025.3569893,https://doi.org/10.1109/tnnls.2025.3569893,article,IEEE Transactions on Neural Networks and Learning Systems,https://openalex.org/W4410949965
IEEE Transactions on Neural Networks and Learning Systems,IEEE,2025,2025-06-02,Real-Time Network Latency Estimation With Pretrained Generative Models,Lei Deng; Xiao-Yang Liu; Danny H. K. Tsang,36,10,10.1109/tnnls.2025.3573200,https://doi.org/10.1109/tnnls.2025.3573200,article,IEEE Transactions on Neural Networks and Learning Systems,https://openalex.org/W4410950010
IEEE Transactions on Neural Networks and Learning Systems,IEEE,2025,2025-06-02,Robust Rank-One Matrix Completion via Explicit Regularizer,Hao Nan Sheng; Zhi-Yong Wang; Hing Cheung So,36,10,10.1109/tnnls.2025.3571594,https://doi.org/10.1109/tnnls.2025.3571594,article,IEEE Transactions on Neural Networks and Learning Systems,https://openalex.org/W4410949985
IEEE Transactions on Neural Networks and Learning Systems,IEEE,2025,2025-06-02,SRViT: Self-Supervised Relation-Aware Vision Transformer for Hyperspectral Unmixing,Yuanchao Su; Lianru Gao; Antonio Plaza; Xu Sun; Mengying Jiang; Guang Zhong Yang,36,10,10.1109/tnnls.2025.3571798,https://doi.org/10.1109/tnnls.2025.3571798,article,IEEE Transactions on Neural Networks and Learning Systems,https://openalex.org/W4410949977
IEEE Transactions on Neural Networks and Learning Systems,IEEE,2025,2025-06-03,Reachable Polyhedral Marching (RPM): An Exact Analysis Tool for Deep-Learned Control Systems,Joseph A. Vincent; Mac Schwager,36,10,10.1109/tnnls.2025.3571720,https://doi.org/10.1109/tnnls.2025.3571720,article,IEEE Transactions on Neural Networks and Learning Systems,https://openalex.org/W4410985943
IEEE Transactions on Neural Networks and Learning Systems,IEEE,2025,2025-06-03,Retrieval-Augmented Few-Shot Medical Image Segmentation With Foundation Models,Lin Zhao; Xiao Chen; Eric Z. Chen; Yikang Liu; Terrence Chen; Shanhui Sun,36,10,10.1109/tnnls.2025.3568479,https://doi.org/10.1109/tnnls.2025.3568479,article,IEEE Transactions on Neural Networks and Learning Systems,https://openalex.org/W4410986053
IEEE Transactions on Neural Networks and Learning Systems,IEEE,2025,2025-06-05,Adaptive Secure Finite-Time Optimal Control of Unknown Nonlinear Systems With State Constraints via Generalized Fuzzy Hyperbolic Models,Hanguang Su; Yi Cui; Huaguang Zhang; Xiangpeng Xie; Xiaodong Liang; Jiawei Wang,36,9,10.1109/tnnls.2025.3565622,https://doi.org/10.1109/tnnls.2025.3565622,article,IEEE Transactions on Neural Networks and Learning Systems,https://openalex.org/W4411055426
IEEE Transactions on Neural Networks and Learning Systems,IEEE,2025,2025-06-05,End-to-End Abnormal Subgraph Detection via Subgraph-Level Contrastive Learning,Zhen Peng; Yunfan Wang; Qika Lin; Bin Shi; Chen Chen; Bo Dong; Chao Qun Shen,36,10,10.1109/tnnls.2025.3573922,https://doi.org/10.1109/tnnls.2025.3573922,article,IEEE Transactions on Neural Networks and Learning Systems,https://openalex.org/W4411055500
IEEE Transactions on Neural Networks and Learning Systems,IEEE,2025,2025-06-05,Fine-Grained Entity Recognition via Large Language Models,Xue Qiao; Shuang Gu; J. K. Cheng; Peng Chen; Zhiwei Xiong; Hong Shen; Gan Jiang,36,10,10.1109/tnnls.2025.3574197,https://doi.org/10.1109/tnnls.2025.3574197,article,IEEE Transactions on Neural Networks and Learning Systems,https://openalex.org/W4411055331
IEEE Transactions on Neural Networks and Learning Systems,IEEE,2025,2025-06-05,NetEventCause: Event-Driven Root Cause Analysis for Large Network System Without Topology,Zhaolin Yuan; Long Ma; Wenjia Wei; Xia Zhu; Mingjie Sun; Duxin Chen; Xiaojuan Ban,36,10,10.1109/tnnls.2025.3574316,https://doi.org/10.1109/tnnls.2025.3574316,article,IEEE Transactions on Neural Networks and Learning Systems,https://openalex.org/W4411055472
IEEE Transactions on Neural Networks and Learning Systems,IEEE,2025,2025-06-06,Facilitating Multiagent Coordination Relying on Graph Information Representation,Ye Wang; Jingjing Wang; Ruijie Zhu; Hang Fu; Jianrui Chen; C. L. Philip Chen,36,10,10.1109/tnnls.2025.3575196,https://doi.org/10.1109/tnnls.2025.3575196,article,IEEE Transactions on Neural Networks and Learning Systems,https://openalex.org/W4411086446
IEEE Transactions on Neural Networks and Learning Systems,IEEE,2025,2025-06-06,Pixel-Level Noise Mining for Weakly Supervised Salient Object Detection,Kendong Liu; Mingtao Feng; Wei Zhong Zhao; Jingtao Sun; Weisheng Dong; Yaonan Wang; Ajmal Saeed Mian,36,10,10.1109/tnnls.2025.3575255,https://doi.org/10.1109/tnnls.2025.3575255,article,IEEE Transactions on Neural Networks and Learning Systems,https://openalex.org/W4411086858
IEEE Transactions on Neural Networks and Learning Systems,IEEE,2025,2025-06-06,Turing Instability and Hopf Bifurcation in 2-D Coupled Cellular Neural Networks,Xinhui Wang; Zunxian Li,36,9,10.1109/tnnls.2025.3570972,https://doi.org/10.1109/tnnls.2025.3570972,article,IEEE Transactions on Neural Networks and Learning Systems,https://openalex.org/W4411086433
IEEE Transactions on Neural Networks and Learning Systems,IEEE,2025,2025-06-09,"Can Graph Neural Networks Tackle Heterophily? Yes, With a Label-Guided Graph Rewiring Approach!",Kushal Bose; Saptarshi Banerjee; Swagatam Das,36,9,10.1109/tnnls.2025.3565108,https://doi.org/10.1109/tnnls.2025.3565108,article,IEEE Transactions on Neural Networks and Learning Systems,https://openalex.org/W4411143028
IEEE Transactions on Neural Networks and Learning Systems,IEEE,2025,2025-06-09,MOOD: Leveraging Out-of-Distribution Data to Enhance Imbalanced Semi-Supervised Learning,Yang Lu; Xiaolin Huang; Yizhou Chen; Mengke Li; Yan Yan; Chen Gong; Hanzi Wang,36,10,10.1109/tnnls.2025.3573963,https://doi.org/10.1109/tnnls.2025.3573963,article,IEEE Transactions on Neural Networks and Learning Systems,https://openalex.org/W4411144151
IEEE Transactions on Neural Networks and Learning Systems,IEEE,2025,2025-06-09,Nash Equilibrium in Multiplayer Graphical Games via Reinforcement Learning and Distributed Observers,Gaofu Yang; Ruizhuo Song; Qing Li; Lina Xia,36,9,10.1109/tnnls.2025.3570111,https://doi.org/10.1109/tnnls.2025.3570111,article,IEEE Transactions on Neural Networks and Learning Systems,https://openalex.org/W4411142962
IEEE Transactions on Neural Networks and Learning Systems,IEEE,2025,2025-06-09,Training a Dynamic Growing Mixture Model for Lifelong Learning,Fei Ye; Adrian G. Borş,36,9,10.1109/tnnls.2025.3569156,https://doi.org/10.1109/tnnls.2025.3569156,article,IEEE Transactions on Neural Networks and Learning Systems,https://openalex.org/W4411142894
IEEE Transactions on Neural Networks and Learning Systems,IEEE,2025,2025-06-10,Multiattentive Perception and Multilayer Transfer Network Using Knowledge Distillation for RGB-D Indoor Scene Parsing,Wujie Zhou; Bitao Jian; Yuanyuan Liu; Qiuping Jiang,36,10,10.1109/tnnls.2025.3575088,https://doi.org/10.1109/tnnls.2025.3575088,article,IEEE Transactions on Neural Networks and Learning Systems,https://openalex.org/W4411171776
IEEE Transactions on Neural Networks and Learning Systems,IEEE,2025,2025-06-11,A Dynamics Theory of RMSProp-Based Implicit Regularization in Deep Low-Rank Matrix Factorization,Jian Cao; Chen Qian; Yihui Huang; Dicheng Chen; Yuncheng Gao; Jiyang Dong; Di Guo; Xiaobo Qu,36,10,10.1109/tnnls.2025.3574683,https://doi.org/10.1109/tnnls.2025.3574683,article,IEEE Transactions on Neural Networks and Learning Systems,https://openalex.org/W4411203514
IEEE Transactions on Neural Networks and Learning Systems,IEEE,2025,2025-06-11,Deep Reinforcement Learning Approach for Dynamic Distribution Network Reconfiguration Based on Sequential Masking,Ruoheng Wang; Xiaowen Bi; Siqi Bu; Zhixian Tang,36,10,10.1109/tnnls.2025.3574208,https://doi.org/10.1109/tnnls.2025.3574208,article,IEEE Transactions on Neural Networks and Learning Systems,https://openalex.org/W4411203513
IEEE Transactions on Neural Networks and Learning Systems,IEEE,2025,2025-06-11,Distributed Model-Free Adaptive Learning Control of Discrete-Time Nonlinear Multiagent Systems,Yongsheng Ma; Wei‐Wei Che; Shixu Xu; Chao Deng; Zheng‐Guang Wu,36,10,10.1109/tnnls.2025.3575423,https://doi.org/10.1109/tnnls.2025.3575423,article,IEEE Transactions on Neural Networks and Learning Systems,https://openalex.org/W4411203285
IEEE Transactions on Neural Networks and Learning Systems,IEEE,2025,2025-06-11,MoNetV2: Enhanced Motion Network for Freehand 3-D Ultrasound Reconstruction,Mingyuan Luo; Xin Yang; Zhongnuo Yan; Yan Cao; Yuanji Zhang; Xindi Hu; Jin Wang; Haoxuan Ding; Wei Han; Litao Sun; Dong Ni,36,10,10.1109/tnnls.2025.3573210,https://doi.org/10.1109/tnnls.2025.3573210,article,IEEE Transactions on Neural Networks and Learning Systems,https://openalex.org/W4411203460
IEEE Transactions on Neural Networks and Learning Systems,IEEE,2025,2025-06-11,Multigranularity Information Fused Contrastive Learning With Multiview Clustering,Hengrong Ju; Yang Lu; Weiping Ding; Wei Zhang; Xibei Yang,36,10,10.1109/tnnls.2025.3574885,https://doi.org/10.1109/tnnls.2025.3574885,article,IEEE Transactions on Neural Networks and Learning Systems,https://openalex.org/W4411203505
IEEE Transactions on Neural Networks and Learning Systems,IEEE,2025,2025-06-11,Online Self-Triggered Transmission Control With Critic Learning for Discrete Nonlinear Systems,Lingzhi Hu; Ding Wang; Jin Ren; Junfei Qiao,36,10,10.1109/tnnls.2025.3574484,https://doi.org/10.1109/tnnls.2025.3574484,article,IEEE Transactions on Neural Networks and Learning Systems,https://openalex.org/W4411203522
IEEE Transactions on Neural Networks and Learning Systems,IEEE,2025,2025-06-11,Toward Fine-Grained 3-D Visual Grounding Through Referring Textual Phrases,Zhihao Yuan; Xu Yan; Zhuo Li; X. L. Li; Yao Guo; Shuguang Robert Cui; Zhen Li,36,10,10.1109/tnnls.2025.3571959,https://doi.org/10.1109/tnnls.2025.3571959,article,IEEE Transactions on Neural Networks and Learning Systems,https://openalex.org/W4411203536
IEEE Transactions on Neural Networks and Learning Systems,IEEE,2025,2025-06-12,A Trust-Region Projection Neural Network for Nonlinear Programming,Haoen Huang; Zhigang Zeng; Jun Wang,36,10,10.1109/tnnls.2025.3576600,https://doi.org/10.1109/tnnls.2025.3576600,article,IEEE Transactions on Neural Networks and Learning Systems,https://openalex.org/W4411232166
IEEE Transactions on Neural Networks and Learning Systems,IEEE,2025,2025-06-12,Chain-of-Situation Aware Progressive Inference Learning,Yang Liu; Fang Liu; Licheng Jiao; Qianyue Bao; Shuo Li; Lingling Li; Xu Liu; Puhua Chen; Wenping Ma,36,10,10.1109/tnnls.2025.3576486,https://doi.org/10.1109/tnnls.2025.3576486,article,IEEE Transactions on Neural Networks and Learning Systems,https://openalex.org/W4411232176
IEEE Transactions on Neural Networks and Learning Systems,IEEE,2025,2025-06-17,ABNN: Adaptive-Gating Binary Neural Network With Dynamic Activation Quantization for Industrial Health Status Prediction,Lei Ren; Shixiang Li; Haiteng Wang; Yuanjun Laili,36,10,10.1109/tnnls.2025.3577620,https://doi.org/10.1109/tnnls.2025.3577620,article,IEEE Transactions on Neural Networks and Learning Systems,https://openalex.org/W4411358925
IEEE Transactions on Neural Networks and Learning Systems,IEEE,2025,2025-06-17,Bayesian Neural Networks With Physics-Informed Priors With Application to Boundary Layer Velocity,Luca Menicali; David H. Richter; Stefano Castruccio,36,10,10.1109/tnnls.2025.3577508,https://doi.org/10.1109/tnnls.2025.3577508,article,IEEE Transactions on Neural Networks and Learning Systems,https://openalex.org/W4411358899
IEEE Transactions on Neural Networks and Learning Systems,IEEE,2025,2025-06-17,ChatABL: Abductive Learning via Natural Language Interaction With ChatGPT,Tianyang Zhong; Yi Pan; Yutong Zhang; Yaonai Wei; Li Yang; Zhengliang Liu; Xiaozheng Wei; Wenjun Li; Junjie Yao; Chong Ma; Xi Jiang; Dinggang G. Shen; Junwei Han; Tuo Zhang,36,10,10.1109/tnnls.2025.3567945,https://doi.org/10.1109/tnnls.2025.3567945,article,IEEE Transactions on Neural Networks and Learning Systems,https://openalex.org/W4411358921
IEEE Transactions on Neural Networks and Learning Systems,IEEE,2025,2025-06-17,EEG-Based Emotion Monitoring and Regulation System by Learning the Discriminative Brain Network Manifold,Cunbo Li; Zehong Cao; Yue Pan; Pengcheng Zhu; Peiyang Li; Fali Li; Huafu Chen; Bao‐Liang Lu; Feng Wan; Dezhong Yao; Peng Xu,36,10,10.1109/tnnls.2025.3576182,https://doi.org/10.1109/tnnls.2025.3576182,article,IEEE Transactions on Neural Networks and Learning Systems,https://openalex.org/W4411358913
IEEE Transactions on Neural Networks and Learning Systems,IEEE,2025,2025-06-17,FX-DARTS: Designing Topology-Unconstrained Architectures With Differentiable Architecture Search and Entropy-BasedSuper-Network Shrinking,Xuan Rao; Bo Zhao; Derong Liu; Cesare Alippi,36,10,10.1109/tnnls.2025.3575505,https://doi.org/10.1109/tnnls.2025.3575505,article,IEEE Transactions on Neural Networks and Learning Systems,https://openalex.org/W4411358943
IEEE Transactions on Neural Networks and Learning Systems,IEEE,2025,2025-06-17,Layer-Wise Training of Graph Neural Networks With Self-Supervised Learning,Oscar Pina; Verónica Vilaplana,36,10,10.1109/tnnls.2025.3577702,https://doi.org/10.1109/tnnls.2025.3577702,article,IEEE Transactions on Neural Networks and Learning Systems,https://openalex.org/W4411358954
IEEE Transactions on Neural Networks and Learning Systems,IEEE,2025,2025-06-17,Near-Optimal Algorithms for Instance-Level Constrained k-Center Clustering,Longkun Guo; Chaoqi Jia; Kewen Liao; Zhigang Lü; Minhui Xue,36,10,10.1109/tnnls.2025.3574268,https://doi.org/10.1109/tnnls.2025.3574268,article,IEEE Transactions on Neural Networks and Learning Systems,https://openalex.org/W4411358917
IEEE Transactions on Neural Networks and Learning Systems,IEEE,2025,2025-06-17,Online Self-Training Driven Attention-Guided Self-Mimicking Network for Semantic Segmentation,Shuchang Lyu; Qi Yang Zhao; Hong Zhang; Guangliang Cheng; Chenguang Yang,36,10,10.1109/tnnls.2025.3577327,https://doi.org/10.1109/tnnls.2025.3577327,article,IEEE Transactions on Neural Networks and Learning Systems,https://openalex.org/W4411358953
IEEE Transactions on Neural Networks and Learning Systems,IEEE,2025,2025-06-17,PADiff: Reconstruction From Patch to Pixel With Normality-Guided Diffusion Model for Unsupervised Anomaly Localization,Zuo Zuo; Jiahao Dong; Yao Wu; Yanyun Qu; Zongze Wu,36,10,10.1109/tnnls.2025.3572438,https://doi.org/10.1109/tnnls.2025.3572438,article,IEEE Transactions on Neural Networks and Learning Systems,https://openalex.org/W4411358906
IEEE Transactions on Neural Networks and Learning Systems,IEEE,2025,2025-06-17,Unsupervised Multimanifold Cross-Guided Diffusion Deformable Registration for Cardiac MRI,Qifeng Zhao; Xuchu Wang,36,10,10.1109/tnnls.2025.3577483,https://doi.org/10.1109/tnnls.2025.3577483,article,IEEE Transactions on Neural Networks and Learning Systems,https://openalex.org/W4411358927
IEEE Transactions on Neural Networks and Learning Systems,IEEE,2025,2025-06-17,Variational Hierarchical N-BEATS Model for Long-Term Time-Series Forecasting,Raina Yang; Longbing Cao; Jianxun Li; Jie Yang,36,10,10.1109/tnnls.2025.3571039,https://doi.org/10.1109/tnnls.2025.3571039,article,IEEE Transactions on Neural Networks and Learning Systems,https://openalex.org/W4411358931
IEEE Transactions on Neural Networks and Learning Systems,IEEE,2025,2025-06-18,A Survey on Confidence Calibration of Deep Learning-Based Classification Models Under Class Imbalance Data,Jinzong Dong; Zhaohui Jiang; Dong Pan; Zhiwen Chen; Qingyi Guan; Hongbin Zhang; Gui Gui; Weihua Gui,36,9,10.1109/tnnls.2025.3565159,https://doi.org/10.1109/tnnls.2025.3565159,article,IEEE Transactions on Neural Networks and Learning Systems,https://openalex.org/W4411408338
IEEE Transactions on Neural Networks and Learning Systems,IEEE,2025,2025-06-18,DashFusion: Dual-Stream Alignment With Hierarchical Bottleneck Fusion for Multimodal Sentiment Analysis,Yuhua Wen; Qifei Li; Yingying Zhou; Yingming Gao; Zhengqi Wen; Jianhua Tao; Ya Li,36,10,10.1109/tnnls.2025.3578618,https://doi.org/10.1109/tnnls.2025.3578618,article,IEEE Transactions on Neural Networks and Learning Systems,https://openalex.org/W4411408309
IEEE Transactions on Neural Networks and Learning Systems,IEEE,2025,2025-06-18,Learning Discriminative Representation for Co-Salient Object Detection,Yongri Piao; Zhi Wang; Tingwei Liu; Jihao Yin; Miao Zhang; Huchuan Lu,36,9,10.1109/tnnls.2025.3567213,https://doi.org/10.1109/tnnls.2025.3567213,article,IEEE Transactions on Neural Networks and Learning Systems,https://openalex.org/W4411408305
IEEE Transactions on Neural Networks and Learning Systems,IEEE,2025,2025-06-18,MDFA: A Quantitative Framework for the Analysis of Multimodal Facial Esthetics,Huimiao Chen; Weisheng Li; Bin Jie Xiao; Xinbo Gao,36,9,10.1109/tnnls.2025.3570389,https://doi.org/10.1109/tnnls.2025.3570389,article,IEEE Transactions on Neural Networks and Learning Systems,https://openalex.org/W4411408316
IEEE Transactions on Neural Networks and Learning Systems,IEEE,2025,2025-06-18,Multihop Reconstruction for Generalized Zero-Shot Node Classification,Jialong Wang; Zheng Wang; Zhiguo Gong,36,10,10.1109/tnnls.2025.3574252,https://doi.org/10.1109/tnnls.2025.3574252,article,IEEE Transactions on Neural Networks and Learning Systems,https://openalex.org/W4411408337
IEEE Transactions on Neural Networks and Learning Systems,IEEE,2025,2025-06-18,Similarity-Agnostic Contrastive Learning With Alterable Self-Supervision,Shuo Chen; Chen Gong; Jun Li; Jian Jun Yang,36,9,10.1109/tnnls.2025.3570784,https://doi.org/10.1109/tnnls.2025.3570784,article,IEEE Transactions on Neural Networks and Learning Systems,https://openalex.org/W4411408306
IEEE Transactions on Neural Networks and Learning Systems,IEEE,2025,2025-06-18,Uncovering Large Language Model Weaknesses in Character and Word Understanding and Manipulating,Yidan Zhang; Zhenan He; Gary G. Yen,36,10,10.1109/tnnls.2025.3575818,https://doi.org/10.1109/tnnls.2025.3575818,article,IEEE Transactions on Neural Networks and Learning Systems,https://openalex.org/W4411408406
IEEE Transactions on Neural Networks and Learning Systems,IEEE,2025,2025-06-19,A Comprehensively Adaptive Architectural Optimization-Ingrained Quantum Neural Network Model for Cloud Workloads Prediction,Jitendra Kumar; Deepika Saxena; Kishu Gupta; Satyam Kumar; Ashutosh Kumar Singh,36,10,10.1109/tnnls.2025.3577721,https://doi.org/10.1109/tnnls.2025.3577721,article,IEEE Transactions on Neural Networks and Learning Systems,https://openalex.org/W4411446435
IEEE Transactions on Neural Networks and Learning Systems,IEEE,2025,2025-06-19,ADP-Based Orbit Tracking Control for Deep Space Probe Flying Around Unknown Asteroid,Zebin Chen; Yanwei Ding; Wenjian Tao; Jinxiu Zhang; Hui‐Jie Sun,36,10,10.1109/tnnls.2025.3578863,https://doi.org/10.1109/tnnls.2025.3578863,article,IEEE Transactions on Neural Networks and Learning Systems,https://openalex.org/W4411446392
IEEE Transactions on Neural Networks and Learning Systems,IEEE,2025,2025-06-19,Design of Hopfield Neural Network Based on DNA Strand Displacement Circuits and Its Application in Sudoku Conjecture,Junwei Sun; Haojie Wang; Yi Yue; Dan Ling; Yanfeng Wang,36,10,10.1109/tnnls.2025.3576888,https://doi.org/10.1109/tnnls.2025.3576888,article,IEEE Transactions on Neural Networks and Learning Systems,https://openalex.org/W4411446483
IEEE Transactions on Neural Networks and Learning Systems,IEEE,2025,2025-06-19,Granular-Ball Regeneration Clustering With Principle of Justifiable Granularity,Wentao Li; Lingwei Wei; Witold Pedrycz; Weiping Ding; Chao Zhang; Tao Zhan; Shuyin Xia,36,10,10.1109/tnnls.2025.3579376,https://doi.org/10.1109/tnnls.2025.3579376,article,IEEE Transactions on Neural Networks and Learning Systems,https://openalex.org/W4411446385
IEEE Transactions on Neural Networks and Learning Systems,IEEE,2025,2025-06-19,SFAN: Selective Filter and Alignment Network for Cross-Modal Retrieval,Yongle Huang; Zedong Liu; Shijie Sun; Ningning Cui; Jianxin Li,36,10,10.1109/tnnls.2025.3577292,https://doi.org/10.1109/tnnls.2025.3577292,article,IEEE Transactions on Neural Networks and Learning Systems,https://openalex.org/W4411446408
IEEE Transactions on Neural Networks and Learning Systems,IEEE,2025,2025-06-20,Diverse Representations Embedding for Lifelong Person Re-Identification,Shiben Liu; Huijie Fan; Qiang Wang; Xi’ai Chen; Zhi Jun Han; Yandong Tang,36,10,10.1109/tnnls.2025.3571768,https://doi.org/10.1109/tnnls.2025.3571768,article,IEEE Transactions on Neural Networks and Learning Systems,https://openalex.org/W4411472288
IEEE Transactions on Neural Networks and Learning Systems,IEEE,2025,2025-06-20,Object Detection With Physical Prior and AWConv in Foggy Weather for Traffic Scenes,Xue-juan Han; Zhong Qu; Shiyan Wang; Shufang Xia,36,10,10.1109/tnnls.2025.3577791,https://doi.org/10.1109/tnnls.2025.3577791,article,IEEE Transactions on Neural Networks and Learning Systems,https://openalex.org/W4411472310
IEEE Transactions on Neural Networks and Learning Systems,IEEE,2025,2025-06-23,ArmBCIsys: Robot Arm BCI System With Time–Frequency Network for Multiobject Grasping,Feng Yu; Zhongrui Rao; Neng Chen; Li Liu; Minghua Jiang,36,10,10.1109/tnnls.2025.3579332,https://doi.org/10.1109/tnnls.2025.3579332,article,IEEE Transactions on Neural Networks and Learning Systems,https://openalex.org/W4411551714
IEEE Transactions on Neural Networks and Learning Systems,IEEE,2025,2025-06-23,Distributed Projection Neurodynamic Approaches in Continuous and Discrete Time for BP With Block Decomposition of Measurement Matrix,You Zhao; Xing He; Mingliang Zhou; Junzhi Yu; Tingwen Huang,36,10,10.1109/tnnls.2025.3579161,https://doi.org/10.1109/tnnls.2025.3579161,article,IEEE Transactions on Neural Networks and Learning Systems,https://openalex.org/W4411551728
IEEE Transactions on Neural Networks and Learning Systems,IEEE,2025,2025-06-23,Double Successive Over-Relaxation Q-Learning With an Extension to Deep Reinforcement Learning,S R Shreyas,36,10,10.1109/tnnls.2025.3576581,https://doi.org/10.1109/tnnls.2025.3576581,article,IEEE Transactions on Neural Networks and Learning Systems,https://openalex.org/W4411551736
IEEE Transactions on Neural Networks and Learning Systems,IEEE,2025,2025-06-23,IncTSVD: Incremental Tensor Singular Value Decomposition of Multidimensional Streaming Data,Muhammad A. A. Abdelgawad; Ray C. C. Cheung; Hong Yan,36,10,10.1109/tnnls.2025.3578117,https://doi.org/10.1109/tnnls.2025.3578117,article,IEEE Transactions on Neural Networks and Learning Systems,https://openalex.org/W4411551729
IEEE Transactions on Neural Networks and Learning Systems,IEEE,2025,2025-06-23,MetaIndux-TS: Frequency-Aware AIGC Foundation Model for Industrial Time Series,Haiteng Wang; Lei Ren; Yugong Li; Yuqing Wang,36,10,10.1109/tnnls.2025.3577203,https://doi.org/10.1109/tnnls.2025.3577203,article,IEEE Transactions on Neural Networks and Learning Systems,https://openalex.org/W4411551746
IEEE Transactions on Neural Networks and Learning Systems,IEEE,2025,2025-06-23,TC3Net: Transformer and Convolution Coupled Contrastive Network for Single Image Super-Resolution,Licheng Liu; Qibin Zhang; Tingyun Liu; C. L. Philip Chen,36,10,10.1109/tnnls.2025.3577669,https://doi.org/10.1109/tnnls.2025.3577669,article,IEEE Transactions on Neural Networks and Learning Systems,https://openalex.org/W4411551755
IEEE Transactions on Neural Networks and Learning Systems,IEEE,2025,2025-06-23,Topology-Preserved Information Bottleneck for Multiview Anomaly Detection,Tengfei Yan; Jiankai Tu; Chunguang Li; Fan Zhang,36,10,10.1109/tnnls.2025.3579412,https://doi.org/10.1109/tnnls.2025.3579412,article,IEEE Transactions on Neural Networks and Learning Systems,https://openalex.org/W4411551715
IEEE Transactions on Neural Networks and Learning Systems,IEEE,2025,2025-06-23,You Never Walk Alone: A Generalizable and Nonparametric Structure Learning Framework,Jiaqiang Zhang; Xinrui Wang; Songcan Chen,36,10,10.1109/tnnls.2025.3580101,https://doi.org/10.1109/tnnls.2025.3580101,article,IEEE Transactions on Neural Networks and Learning Systems,https://openalex.org/W4411551713
IEEE Transactions on Neural Networks and Learning Systems,IEEE,2025,2025-06-24,Counterfactual Explanation Through Latent Adjustment in Disentangled Space of Diffusion Model,Seung-Hyup Na; Seong–Whan Lee,36,10,10.1109/tnnls.2025.3580118,https://doi.org/10.1109/tnnls.2025.3580118,article,IEEE Transactions on Neural Networks and Learning Systems,https://openalex.org/W4411599758
IEEE Transactions on Neural Networks and Learning Systems,IEEE,2025,2025-06-24,GBPG-Net: Global Background Prior-Guided Rain and Snow Image Restoration,Xiao Liu; Xiaofeng Wang; Shouyi Wang; Haosong Gou; Zhengyong Wang; Chao Ren,36,10,10.1109/tnnls.2025.3579050,https://doi.org/10.1109/tnnls.2025.3579050,article,IEEE Transactions on Neural Networks and Learning Systems,https://openalex.org/W4411600005
IEEE Transactions on Neural Networks and Learning Systems,IEEE,2025,2025-06-24,Generating Simple Cyclic Memristive Neural Network Circuit With Controllable Multiscroll Attractors and Multivariable Amplitude Control,Qiang Lai; Yudi Xu; Luigi Fortuna,36,10,10.1109/tnnls.2025.3581229,https://doi.org/10.1109/tnnls.2025.3581229,article,IEEE Transactions on Neural Networks and Learning Systems,https://openalex.org/W4411599794
IEEE Transactions on Neural Networks and Learning Systems,IEEE,2025,2025-06-24,New WTOD Protocol-Based Fault Detection Filter Design for Interval Type-2 Fuzzy Systems via an Adaptive Differential Evolution Algorithm,Wei Qian; Yanmin Wu; Zidong Wang,36,10,10.1109/tnnls.2025.3579254,https://doi.org/10.1109/tnnls.2025.3579254,article,IEEE Transactions on Neural Networks and Learning Systems,https://openalex.org/W4411599785
IEEE Transactions on Neural Networks and Learning Systems,IEEE,2025,2025-06-25,Argus: Leveraging Multiview Images for Improved 3-D Scene Understanding With Large Language Models,Yifan Xu; Chao Zhang; Hanqi Jiang; Xiaoyan Wang; Ruifei Ma; Yiwei Li; Zihao Wu; Zeju Li; Xiangde Liu,36,10,10.1109/tnnls.2025.3581411,https://doi.org/10.1109/tnnls.2025.3581411,article,IEEE Transactions on Neural Networks and Learning Systems,https://openalex.org/W4411640067
IEEE Transactions on Neural Networks and Learning Systems,IEEE,2025,2025-06-25,Draw What You Hear: High-Fidelity Image Generation and Manipulation via SoundAdapter,Mingjie Wang; Song Mei Yuan; Xian-Feng Han; Zili Yi,36,10,10.1109/tnnls.2025.3581455,https://doi.org/10.1109/tnnls.2025.3581455,article,IEEE Transactions on Neural Networks and Learning Systems,https://openalex.org/W4411640056
IEEE Transactions on Neural Networks and Learning Systems,IEEE,2025,2025-06-26,Lifelong Active Inference of Gait Control,Rudolf Szadkowski; Jan Faigl,36,10,10.1109/tnnls.2025.3579814,https://doi.org/10.1109/tnnls.2025.3579814,article,IEEE Transactions on Neural Networks and Learning Systems,https://openalex.org/W4411688077
IEEE Transactions on Neural Networks and Learning Systems,IEEE,2025,2025-06-26,Neighboring State-Aware Policy for Deep Reinforcement Learning,Meng Xu; Xinhong Chen; Guanyi Zhao; Zihao Wen; Weiwei Fu; Jianping Wang,36,10,10.1109/tnnls.2025.3581217,https://doi.org/10.1109/tnnls.2025.3581217,article,IEEE Transactions on Neural Networks and Learning Systems,https://openalex.org/W4411688074
IEEE Transactions on Neural Networks and Learning Systems,IEEE,2025,2025-06-27,Federated Scientific Machine Learning for Approximating Functions and Solving Differential Equations With Data Heterogeneity,Handi Zhang; Langchen Liu; Kangyu Weng; Lu Lu,36,10,10.1109/tnnls.2025.3580409,https://doi.org/10.1109/tnnls.2025.3580409,article,IEEE Transactions on Neural Networks and Learning Systems,https://openalex.org/W4411725628
IEEE Transactions on Neural Networks and Learning Systems,IEEE,2025,2025-06-27,Inducing Neural Collapse via Anticlasses and One-Cold Cross-Entropy Loss,Dimitrios Katsikas; Nikolaos Passalis; Anastasios Tefas,36,10,10.1109/tnnls.2025.3580892,https://doi.org/10.1109/tnnls.2025.3580892,article,IEEE Transactions on Neural Networks and Learning Systems,https://openalex.org/W4411725638
IEEE Transactions on Neural Networks and Learning Systems,IEEE,2025,2025-06-27,MonOri: Orientation-Guided PnP for Monocular 3-D Object Detection,Hongdou Yao; Pengfei Han; Jun Chen; Zheng Wang; Yansheng Qiu; Xiao Wang; Yimin Wang; Xiaoyu Chai; Chenglong Cao; Jin Wei,36,10,10.1109/tnnls.2025.3577618,https://doi.org/10.1109/tnnls.2025.3577618,article,IEEE Transactions on Neural Networks and Learning Systems,https://openalex.org/W4411725657
IEEE Transactions on Neural Networks and Learning Systems,IEEE,2025,2025-06-27,Spatial–Spectral Heterogeneity-Aware Network for Hyperspectral and LiDAR Joint Classification,Shenfu Zhang; Qiang Liu; Zhenhua Zhang; Rui Zhao; Liang Chen; Feng Shao; Xiangchao Meng,36,10,10.1109/tnnls.2025.3577231,https://doi.org/10.1109/tnnls.2025.3577231,article,IEEE Transactions on Neural Networks and Learning Systems,https://openalex.org/W4411725639
IEEE Transactions on Neural Networks and Learning Systems,IEEE,2025,2025-06-30,Hierarchical Sparse Representation Clustering for High-Dimensional Data Streams,Jie Chen; Hua Mao; Yuanbiao Gou; Xi Peng,36,10,10.1109/tnnls.2025.3582380,https://doi.org/10.1109/tnnls.2025.3582380,article,IEEE Transactions on Neural Networks and Learning Systems,https://openalex.org/W4411799172
IEEE Transactions on Neural Networks and Learning Systems,IEEE,2025,2025-06-30,Uncertainty-Aware Graph Neural Networks: A Multihop Evidence Fusion Approach,Qingfeng Chen; Shiyuan Li; Yixin Liu; Shirui Pan; Geoffrey I. Webb; Shichao Zhang,36,10,10.1109/tnnls.2025.3581083,https://doi.org/10.1109/tnnls.2025.3581083,article,IEEE Transactions on Neural Networks and Learning Systems,https://openalex.org/W4411799155
IEEE Transactions on Neural Networks and Learning Systems,IEEE,2025,2025-07-01,Decentralized Personalized Federated Learning Based on a Conditional “Sparse-to-Sparser” Scheme,Qianyu Long; Qiyuan Wang; Christos B. Anagnostopoulos; Daning Bi,36,10,10.1109/tnnls.2025.3580277,https://doi.org/10.1109/tnnls.2025.3580277,article,IEEE Transactions on Neural Networks and Learning Systems,https://openalex.org/W4411867086
IEEE Transactions on Neural Networks and Learning Systems,IEEE,2025,2025-07-01,DiffCL: A Diffusion-Based Contrastive Learning Framework With Semantic Alignment for Multimodal Recommendations,Qiya Song; Jiajun Hu; Lin Xiao; Bin Sun; Xieping Gao; Shutao Li,36,10,10.1109/tnnls.2025.3583509,https://doi.org/10.1109/tnnls.2025.3583509,article,IEEE Transactions on Neural Networks and Learning Systems,https://openalex.org/W4411867064
IEEE Transactions on Neural Networks and Learning Systems,IEEE,2025,2025-07-01,IEEE Computational Intelligence Society Information,,36,7,10.1109/tnnls.2025.3579173,https://doi.org/10.1109/tnnls.2025.3579173,paratext,IEEE Transactions on Neural Networks and Learning Systems,https://openalex.org/W4412107114
IEEE Transactions on Neural Networks and Learning Systems,IEEE,2025,2025-07-01,IEEE Transactions on Neural Networks and Learning Systems Information for Authors,,36,7,10.1109/tnnls.2025.3579175,https://doi.org/10.1109/tnnls.2025.3579175,paratext,IEEE Transactions on Neural Networks and Learning Systems,https://openalex.org/W7128240747
IEEE Transactions on Neural Networks and Learning Systems,IEEE,2025,2025-07-01,IEEE Transactions on Neural Networks and Learning Systems Publication Information,,36,7,10.1109/tnnls.2025.3579171,https://doi.org/10.1109/tnnls.2025.3579171,paratext,IEEE Transactions on Neural Networks and Learning Systems,https://openalex.org/W4412107030
IEEE Transactions on Neural Networks and Learning Systems,IEEE,2025,2025-07-01,Table of Contents,,36,7,10.1109/tnnls.2025.3579169,https://doi.org/10.1109/tnnls.2025.3579169,paratext,IEEE Transactions on Neural Networks and Learning Systems,https://openalex.org/W4412107113
IEEE Transactions on Neural Networks and Learning Systems,IEEE,2025,2025-07-02,Contrastive Learning Framework With Cross-Sensor Adaptive Signal Representation for Fault Diagnosis,Wenbin He; Jianxu Mao; Yaonan Wang; Zhe Li; Hui Zhang,36,10,10.1109/tnnls.2025.3582858,https://doi.org/10.1109/tnnls.2025.3582858,article,IEEE Transactions on Neural Networks and Learning Systems,https://openalex.org/W4411949370
IEEE Transactions on Neural Networks and Learning Systems,IEEE,2025,2025-07-02,DMAE-EEG: A Pretraining Framework for EEG Spatiotemporal Representation Learning,Yifan Zhang; Yang Yu; Hao Li; Anqi Wu; Xin Chen; Jinfang Liu; Ling‐Li Zeng; Dewen Hu,36,10,10.1109/tnnls.2025.3581991,https://doi.org/10.1109/tnnls.2025.3581991,article,IEEE Transactions on Neural Networks and Learning Systems,https://openalex.org/W4411948636
IEEE Transactions on Neural Networks and Learning Systems,IEEE,2025,2025-07-02,DVGMAE: Self-Supervised Dynamic Variational Graph Masked Autoencoder,Mengzhou Gao; Xinxun Zhang; Pengfei Jiao; Tianpeng Li; Zhidong Zhao,36,10,10.1109/tnnls.2025.3583045,https://doi.org/10.1109/tnnls.2025.3583045,article,IEEE Transactions on Neural Networks and Learning Systems,https://openalex.org/W4411948630
IEEE Transactions on Neural Networks and Learning Systems,IEEE,2025,2025-07-02,Dynamic Modality–Camera-Invariant Clustering for Unsupervised Visible–Infrared Person Re-Identification,Yiming Yang; Weipeng Hu; Qiaolin He; Haifeng Hu,36,9,10.1109/tnnls.2025.3563645,https://doi.org/10.1109/tnnls.2025.3563645,article,IEEE Transactions on Neural Networks and Learning Systems,https://openalex.org/W4411948637
IEEE Transactions on Neural Networks and Learning Systems,IEEE,2025,2025-07-02,Frobenius Norm-Based Robust Dynamic Neural Network for Time-Dependent Matrix Inversion,Hanyi Xu; Linyan Dai; Yinyan Zhang,36,10,10.1109/tnnls.2025.3583573,https://doi.org/10.1109/tnnls.2025.3583573,article,IEEE Transactions on Neural Networks and Learning Systems,https://openalex.org/W4411948638
IEEE Transactions on Neural Networks and Learning Systems,IEEE,2025,2025-07-03,Asynchronous Boundary Stabilization of Stochastic Markovian Reaction–Diffusion Neural Networks With Mode-Dependent Delays,Xin‐Xin Han; Kai‐Ning Wu; Xin Yuan,36,10,10.1109/tnnls.2025.3574214,https://doi.org/10.1109/tnnls.2025.3574214,article,IEEE Transactions on Neural Networks and Learning Systems,https://openalex.org/W4411996996
IEEE Transactions on Neural Networks and Learning Systems,IEEE,2025,2025-07-03,HVLF: A Holistic Visual Localization Framework Across Diverse Scenes,Kun Dai; Zhiqiang Jiang; Fuyuan Qiu; Dedong Liu; Tao Xie; Ke Wang; Ruifeng Li; Lijun Zhao,36,10,10.1109/tnnls.2025.3580405,https://doi.org/10.1109/tnnls.2025.3580405,article,IEEE Transactions on Neural Networks and Learning Systems,https://openalex.org/W4411997005
IEEE Transactions on Neural Networks and Learning Systems,IEEE,2025,2025-07-04,Dense Optimizer: An Information Entropy-Guided Structural Search Method for Dense-Like Neural Network Design,Tianyuan Liu; Libin Hou; Xiyu Song; Linyuan Wang; Bin Feng Yan,36,8,10.1109/tnnls.2025.3547331,https://doi.org/10.1109/tnnls.2025.3547331,article,IEEE Transactions on Neural Networks and Learning Systems,https://openalex.org/W4412030668
IEEE Transactions on Neural Networks and Learning Systems,IEEE,2025,2025-07-04,Robust Spatiotemporal Prototype Learning for Spiking Neural Networks,Wuque Cai; Hongze Sun; Q M Liao; Jiayi He; Duo Chen; Dezhong Yao; Daqing Guo,36,10,10.1109/tnnls.2025.3583747,https://doi.org/10.1109/tnnls.2025.3583747,article,IEEE Transactions on Neural Networks and Learning Systems,https://openalex.org/W4412030657
IEEE Transactions on Neural Networks and Learning Systems,IEEE,2025,2025-07-04,Semi-Supervised Anomaly Detection Using Restricted Distribution Transformation,Feng Xiao; Youqing Wang; S. Joe Qin; Jicong Fan,36,10,10.1109/tnnls.2025.3583320,https://doi.org/10.1109/tnnls.2025.3583320,article,IEEE Transactions on Neural Networks and Learning Systems,https://openalex.org/W4412030723
IEEE Transactions on Neural Networks and Learning Systems,IEEE,2025,2025-07-08,Deformation-Resilient Multigranularity Learning for Unaligned RGB–T Semantic Segmentation,Heng Zhou; Zhenxi Zhang; Chengyang Li; Chunna Tian; Yongqiang Xie; Zhongbo Li; Xiao‐Jun Wu,36,10,10.1109/tnnls.2025.3585105,https://doi.org/10.1109/tnnls.2025.3585105,article,IEEE Transactions on Neural Networks and Learning Systems,https://openalex.org/W4412110568
IEEE Transactions on Neural Networks and Learning Systems,IEEE,2025,2025-07-08,DiffusionMOT: A Diffusion-Based Multiple Object Tracker,Yaxuan Hu; Jie Hua; Zhen Han; Hua Zou; Gang Wu; Zhongyuan Wang,36,10,10.1109/tnnls.2025.3579729,https://doi.org/10.1109/tnnls.2025.3579729,article,IEEE Transactions on Neural Networks and Learning Systems,https://openalex.org/W4412110791
IEEE Transactions on Neural Networks and Learning Systems,IEEE,2025,2025-07-08,Evolutionary Neural Architecture Search for Remote Sensing Image Classification,Jing Liang; Genyue Liu; Ying Bi; Mingyuan Yu; Mengnan Liu; Yaochu Jin,36,10,10.1109/tnnls.2025.3579517,https://doi.org/10.1109/tnnls.2025.3579517,article,IEEE Transactions on Neural Networks and Learning Systems,https://openalex.org/W4412110912
IEEE Transactions on Neural Networks and Learning Systems,IEEE,2025,2025-07-08,Fed-HeLLo: Efficient Federated Foundation Model Fine-Tuning With Heterogeneous LoRA Allocation,Zikai Zhang; Ping Liu; Jiahao Xu; Rui Min Hu,36,10,10.1109/tnnls.2025.3580495,https://doi.org/10.1109/tnnls.2025.3580495,article,IEEE Transactions on Neural Networks and Learning Systems,https://openalex.org/W4412111094
IEEE Transactions on Neural Networks and Learning Systems,IEEE,2025,2025-07-08,Highly Condensed All-MLP Architecture for Long-Term Human Motion Prediction,Sheng Liu; Shaobo Zhang; Fei Gao; Yuan Feng,36,10,10.1109/tnnls.2025.3583597,https://doi.org/10.1109/tnnls.2025.3583597,article,IEEE Transactions on Neural Networks and Learning Systems,https://openalex.org/W4412110885
IEEE Transactions on Neural Networks and Learning Systems,IEEE,2025,2025-07-08,Identifying Outliers via Local Granular-Ball Density,Xinyu Su; Xiwen Wang; Dezhong Peng; Xiaomin Song; Huiming Zheng; Zhong Yuan,36,10,10.1109/tnnls.2025.3578074,https://doi.org/10.1109/tnnls.2025.3578074,article,IEEE Transactions on Neural Networks and Learning Systems,https://openalex.org/W4412110861
IEEE Transactions on Neural Networks and Learning Systems,IEEE,2025,2025-07-08,Prescribed-Time Human-in-the-Loop Optimal Synchronization Control for Multiagent Systems Under DoS Attacks via Reinforcement Learning,Zongsheng Huang; Tieshan Li; Yue Long; Hongjing Liang,36,10,10.1109/tnnls.2025.3583248,https://doi.org/10.1109/tnnls.2025.3583248,article,IEEE Transactions on Neural Networks and Learning Systems,https://openalex.org/W4412110999
IEEE Transactions on Neural Networks and Learning Systems,IEEE,2025,2025-07-08,Protecting Deep Learning Model Copyrights With Adversarial Example-Free Reuse Detection,Xiaokun Luan; Xiyue Zhang; Jingyi Wang; Meng Sun,36,10,10.1109/tnnls.2025.3578664,https://doi.org/10.1109/tnnls.2025.3578664,article,IEEE Transactions on Neural Networks and Learning Systems,https://openalex.org/W4412110821
IEEE Transactions on Neural Networks and Learning Systems,IEEE,2025,2025-07-08,Robust Dynamic Material Handling via Adaptive Constrained Evolutionary Reinforcement Learning,Chengpeng Hu; Ziming Wang; Bo Yuan; Jialin Liu; Chengqi Zhang; Xin Yao,36,10,10.1109/tnnls.2025.3582299,https://doi.org/10.1109/tnnls.2025.3582299,article,IEEE Transactions on Neural Networks and Learning Systems,https://openalex.org/W4412111027
IEEE Transactions on Neural Networks and Learning Systems,IEEE,2025,2025-07-09,DSFuse: A Dual-Diffusion Structure for Feature Fidelity Infrared and Visible Image Fusion,Zhijia Yang; Kun Gao; Yanzheng Zhang; Xiaodian Zhang; Zibo Hu; Junwei Wang; Jingyi Wang; Wei Li,36,10,10.1109/tnnls.2025.3584834,https://doi.org/10.1109/tnnls.2025.3584834,article,IEEE Transactions on Neural Networks and Learning Systems,https://openalex.org/W4412196567
IEEE Transactions on Neural Networks and Learning Systems,IEEE,2025,2025-07-09,Enhancing Graph Neural Networks for Out-of-Distribution Graph Detection,Ge Zhang; Zhenyu Yang; Jia Wu; Pengfei Jiao; Jian Yu Yang,36,10,10.1109/tnnls.2025.3584090,https://doi.org/10.1109/tnnls.2025.3584090,article,IEEE Transactions on Neural Networks and Learning Systems,https://openalex.org/W4412196746
IEEE Transactions on Neural Networks and Learning Systems,IEEE,2025,2025-07-09,Robust Multi-Agent Reinforcement Learning by Mutual Information Regularization,Simin Li; Ruixiao Xu; Jingqiao Xiu; Yuwei Zheng; Pu Feng; Yuqing Ma; Bo An; Yaodong Yang; Xianglong Liu,36,10,10.1109/tnnls.2025.3577259,https://doi.org/10.1109/tnnls.2025.3577259,article,IEEE Transactions on Neural Networks and Learning Systems,https://openalex.org/W4412196642
IEEE Transactions on Neural Networks and Learning Systems,IEEE,2025,2025-07-11,DefectSAM: Hierarchically Adapting SAM for Pixel-Wise Surface Defect Detection,Feng Yan; Xiaoheng Jiang; Yang Lu; Jiale Cao; Mingliang Xu,36,10,10.1109/tnnls.2025.3585887,https://doi.org/10.1109/tnnls.2025.3585887,article,IEEE Transactions on Neural Networks and Learning Systems,https://openalex.org/W4412353449
IEEE Transactions on Neural Networks and Learning Systems,IEEE,2025,2025-07-11,HierSpeech++: Bridging the Gap Between Semantic and Acoustic Representation of Speech by Hierarchical Variational Inference for Zero-Shot Speech Synthesis,Sang-Hoon Lee; Ha-Yeong Choi; Seung-Bin Kim; Seong–Whan Lee,36,10,10.1109/tnnls.2025.3584944,https://doi.org/10.1109/tnnls.2025.3584944,article,IEEE Transactions on Neural Networks and Learning Systems,https://openalex.org/W4412353446
IEEE Transactions on Neural Networks and Learning Systems,IEEE,2025,2025-07-11,"Pose Error Prediction, Compensation Method, and Applicable Condition Determination of Parallel Motion Platform Based on Transfer Learning",Wenjie Tian; Xu Guo; Min Xu; Xiangpeng Zhang,36,10,10.1109/tnnls.2025.3586458,https://doi.org/10.1109/tnnls.2025.3586458,article,IEEE Transactions on Neural Networks and Learning Systems,https://openalex.org/W4412353422
IEEE Transactions on Neural Networks and Learning Systems,IEEE,2025,2025-07-15,Multiview Temporal Graph Clustering,Meng Liu; Ke Liang; Hao Yu; Lingyuan Meng; Siwei Wang; Sihang Zhou; Xinwang Liu,36,10,10.1109/tnnls.2025.3584384,https://doi.org/10.1109/tnnls.2025.3584384,article,IEEE Transactions on Neural Networks and Learning Systems,https://openalex.org/W4412444645
IEEE Transactions on Neural Networks and Learning Systems,IEEE,2025,2025-07-16,LCwmcaR: Learning Cross-Window Cross-Modality Correlation-Aware Representation for Human Activity Recognition,Zhuang Li; Jing Tao; Xintao Liu; Dahua Shou,36,10,10.1109/tnnls.2025.3581226,https://doi.org/10.1109/tnnls.2025.3581226,article,IEEE Transactions on Neural Networks and Learning Systems,https://openalex.org/W4412488633
IEEE Transactions on Neural Networks and Learning Systems,IEEE,2025,2025-07-16,Multilevel Reliable Guidance for Unpaired Multiview Clustering,Like Xin; Wanqi Yang; Lei Wang; Ming Zhu Yang,36,10,10.1109/tnnls.2025.3586306,https://doi.org/10.1109/tnnls.2025.3586306,article,IEEE Transactions on Neural Networks and Learning Systems,https://openalex.org/W4412488848
IEEE Transactions on Neural Networks and Learning Systems,IEEE,2025,2025-07-16,Semantic-Aligned Code Summarization: Bridging the Gap Between Code and Natural Language Through Data Flow Analysis,Yuze Zhao; Zhenya Huang; Kai Zhang; Weibo Gao; Qi Liu; Xukai Liu; Fangzhou Yao; Enhong Chen,36,10,10.1109/tnnls.2025.3581792,https://doi.org/10.1109/tnnls.2025.3581792,article,IEEE Transactions on Neural Networks and Learning Systems,https://openalex.org/W4412488513
IEEE Transactions on Neural Networks and Learning Systems,IEEE,2025,2025-07-17,Distance-Aware Attention Reshaping for Enhancing Generalization of Neural Solvers,Yang Wang; Ya-Hui Jia; Wei–Neng Chen; Yi Mei,36,10,10.1109/tnnls.2025.3588209,https://doi.org/10.1109/tnnls.2025.3588209,article,IEEE Transactions on Neural Networks and Learning Systems,https://openalex.org/W4412491479
IEEE Transactions on Neural Networks and Learning Systems,IEEE,2025,2025-07-17,Federated Fine-Tuning on Heterogeneous LoRAs With Error-Compensated Aggregation,Wanyi Ning; Jingyu Wang; Qi Qi; Haifeng Sun; Daixuan Cheng; Cong Liu; Lei Zhang; Zirui Zhuang; Jianxin Liao,36,10,10.1109/tnnls.2025.3586545,https://doi.org/10.1109/tnnls.2025.3586545,article,IEEE Transactions on Neural Networks and Learning Systems,https://openalex.org/W4412491339
IEEE Transactions on Neural Networks and Learning Systems,IEEE,2025,2025-07-17,The Risk of Federated Learning to Skew Fine-Tuning Features and Underperform Robustness,Mengyao Du; Miao Zhang; Yuwen Pu; Qingming Li; Shouling Ji; Quanjun Yin,36,10,10.1109/tnnls.2025.3585063,https://doi.org/10.1109/tnnls.2025.3585063,article,IEEE Transactions on Neural Networks and Learning Systems,https://openalex.org/W4412492496
IEEE Transactions on Neural Networks and Learning Systems,IEEE,2025,2025-07-18,A Self-Supervised Heterogeneous Graph Attention Model Based on Adaptable Step-Size Metapaths,Xiangyi Teng; Minghao Zhong; Jing Liu,36,10,10.1109/tnnls.2025.3587020,https://doi.org/10.1109/tnnls.2025.3587020,article,IEEE Transactions on Neural Networks and Learning Systems,https://openalex.org/W4412493766
IEEE Transactions on Neural Networks and Learning Systems,IEEE,2025,2025-07-18,Decentralized Consensus Inference-Based Hierarchical Reinforcement Learning for Multiconstrained UAV Pursuit-Evasion Game,Yuming Xiang; Sizhao Li; Rongpeng Li; Zhifeng Zhao; Honggang Zhang,36,10,10.1109/tnnls.2025.3582909,https://doi.org/10.1109/tnnls.2025.3582909,article,IEEE Transactions on Neural Networks and Learning Systems,https://openalex.org/W4412493976
IEEE Transactions on Neural Networks and Learning Systems,IEEE,2025,2025-07-18,RealignDiff: Boosting Text-to-Image Diffusion Model With Coarse-to-Fine Semantic Realignment,Zutao Jiang; Guian Fang; Jianhua Han; Guansong Lu; Songcen Xu; Shengcai Liao; Xiaojun Chang; Xiaodan Liang,36,10,10.1109/tnnls.2025.3584554,https://doi.org/10.1109/tnnls.2025.3584554,article,IEEE Transactions on Neural Networks and Learning Systems,https://openalex.org/W4412494052
IEEE Transactions on Neural Networks and Learning Systems,IEEE,2025,2025-07-18,Toward Open-World Domain Adaptation via Iteratively Contrastive Learning and Clustering,Jingzheng Li; Hailong Sun; Jiyi Li; Pengpeng Chen; Shikui Wei,36,10,10.1109/tnnls.2025.3584072,https://doi.org/10.1109/tnnls.2025.3584072,article,IEEE Transactions on Neural Networks and Learning Systems,https://openalex.org/W4412493871
IEEE Transactions on Neural Networks and Learning Systems,IEEE,2025,2025-07-18,Uncertain Interruptibility Multiobjective Flexible Job Shop via Deep Reinforcement Learning Based on Heterogeneous Graph Self-Attention,Zunxun Wang; Junqing Li; Xiaolong Chen; Peiyong Duan; Jiake Li,36,10,10.1109/tnnls.2025.3578368,https://doi.org/10.1109/tnnls.2025.3578368,article,IEEE Transactions on Neural Networks and Learning Systems,https://openalex.org/W4412493957
IEEE Transactions on Neural Networks and Learning Systems,IEEE,2025,2025-07-21,NACHOS: Neural Architecture Search for Hardware-Constrained Early-Exit Neural Networks,Matteo Gambella; Jary Pomponi; Simone Scardapane; Manuel Roveri,36,10,10.1109/tnnls.2025.3588558,https://doi.org/10.1109/tnnls.2025.3588558,article,IEEE Transactions on Neural Networks and Learning Systems,https://openalex.org/W4412536445
IEEE Transactions on Neural Networks and Learning Systems,IEEE,2025,2025-07-21,ODMTCNet: An Interpretable Multiview Deep Neural Network Architecture for Feature Representation,Lei Gao; Zheng Guo; Ling Guan,36,10,10.1109/tnnls.2025.3588327,https://doi.org/10.1109/tnnls.2025.3588327,article,IEEE Transactions on Neural Networks and Learning Systems,https://openalex.org/W4412536519
IEEE Transactions on Neural Networks and Learning Systems,IEEE,2025,2025-07-22,An Adaptive Neighborhood-Resonated Graph Convolution Network for Undirected Weighted Graph Representation,Jiufang Chen; Ye Yuan; Xin Luo; Xinbo Gao,36,11,10.1109/tnnls.2025.3589224,https://doi.org/10.1109/tnnls.2025.3589224,article,IEEE Transactions on Neural Networks and Learning Systems,https://openalex.org/W4412567192
IEEE Transactions on Neural Networks and Learning Systems,IEEE,2025,2025-07-22,ChebMixer: Efficient Graph Representation Learning With MLP Mixer,Xiaoyan Kui; Haonan Yan; Qinsong Li; Min Zhang; Liming Chen; Beiji Zou,36,11,10.1109/tnnls.2025.3589316,https://doi.org/10.1109/tnnls.2025.3589316,article,IEEE Transactions on Neural Networks and Learning Systems,https://openalex.org/W4412567266
IEEE Transactions on Neural Networks and Learning Systems,IEEE,2025,2025-07-22,Copula Density Neural Estimation,Nunzio Alexandro Letizia; Nicola Novello; Andrea M. Tonello,36,10,10.1109/tnnls.2025.3585755,https://doi.org/10.1109/tnnls.2025.3585755,article,IEEE Transactions on Neural Networks and Learning Systems,https://openalex.org/W4412567237
IEEE Transactions on Neural Networks and Learning Systems,IEEE,2025,2025-07-22,Domain Information Mining and State-Guided Adaptation Network for Multispectral Image Segmentation,Boyu Zhao; Mengmeng Zhang; Wei Li; Yunhao Gao; Jinshuan Wang,36,11,10.1109/tnnls.2025.3589574,https://doi.org/10.1109/tnnls.2025.3589574,article,IEEE Transactions on Neural Networks and Learning Systems,https://openalex.org/W4412567247
IEEE Transactions on Neural Networks and Learning Systems,IEEE,2025,2025-07-22,Long Short-Term Financial Time Series Forecasting Based on Residual Multiscale TCN Sparse Expert Network and Informer,Wuzhida Bao; Yuting Cao; Yin  David Yang; Shiping Wen,36,10,10.1109/tnnls.2025.3584369,https://doi.org/10.1109/tnnls.2025.3584369,article,IEEE Transactions on Neural Networks and Learning Systems,https://openalex.org/W4412567246
IEEE Transactions on Neural Networks and Learning Systems,IEEE,2025,2025-07-22,PolicyMamba: Localized Policy Attention With State Space Model for Land Cover Classification,Muhammad Imran Ahmad; Manuel Mazzara; Salvatore Distefano; Adil Khan; Muhammad Hassaan Farooq Butt; Danfeng Hong,36,10,10.1109/tnnls.2025.3586836,https://doi.org/10.1109/tnnls.2025.3586836,article,IEEE Transactions on Neural Networks and Learning Systems,https://openalex.org/W4412567307
IEEE Transactions on Neural Networks and Learning Systems,IEEE,2025,2025-07-22,Video Prediction of Dynamic Physical Simulations With Pixel-Space Spatiotemporal Transformers,Dean L. Slack; G. Thomas Hudson; Thomas Masterman Winterbottom; Noura Al Moubayed,36,10,10.1109/tnnls.2025.3585949,https://doi.org/10.1109/tnnls.2025.3585949,article,IEEE Transactions on Neural Networks and Learning Systems,https://openalex.org/W4412567317
IEEE Transactions on Neural Networks and Learning Systems,IEEE,2025,2025-07-23,Progressive Training for Learning From Label Proportions,Jiabin Liu; Bo Wang; Yuping Zhang; Huadong Wang; Biao Li; Xin Shen; Gang Kou,36,11,10.1109/tnnls.2025.3590131,https://doi.org/10.1109/tnnls.2025.3590131,article,IEEE Transactions on Neural Networks and Learning Systems,https://openalex.org/W4412605445
IEEE Transactions on Neural Networks and Learning Systems,IEEE,2025,2025-07-23,The Diversity Bonus: Learning From Dissimilar Clients in Personalized Federated Learning,Xinghao Wu; Jianwei Niu; Xuefeng Liu; Guogang Zhu; Shaojie Tang; Wanyu Lin; Jiannong Cao,36,10,10.1109/tnnls.2025.3585927,https://doi.org/10.1109/tnnls.2025.3585927,article,IEEE Transactions on Neural Networks and Learning Systems,https://openalex.org/W4412605381
IEEE Transactions on Neural Networks and Learning Systems,IEEE,2025,2025-07-24,"A Survey on Text-Guided 3-D Visual Grounding: Elements, Recent Advances, and Future Directions",Daizong Liu; Yang Liu; Wencan Huang; Wei Hu,36,10,10.1109/tnnls.2025.3584895,https://doi.org/10.1109/tnnls.2025.3584895,article,IEEE Transactions on Neural Networks and Learning Systems,https://openalex.org/W4412623461
IEEE Transactions on Neural Networks and Learning Systems,IEEE,2025,2025-07-24,A Switched System Model for Exponential Stability and Dissipativity of Delayed Neural Networks,Hong‐Bing Zeng; Zong-Jun Zhu; Shen-Ping Xiao; Xian‐Ming Zhang,36,11,10.1109/tnnls.2025.3590251,https://doi.org/10.1109/tnnls.2025.3590251,article,IEEE Transactions on Neural Networks and Learning Systems,https://openalex.org/W4412623548
IEEE Transactions on Neural Networks and Learning Systems,IEEE,2025,2025-07-24,Enhancing Graph Reconstruction: Uniting Dual-Level Graph Structure With Graph Reinforcement Learning,Dazi Li; Yanyang Bao; Xin Xu,36,10,10.1109/tnnls.2025.3585906,https://doi.org/10.1109/tnnls.2025.3585906,article,IEEE Transactions on Neural Networks and Learning Systems,https://openalex.org/W4412623481
IEEE Transactions on Neural Networks and Learning Systems,IEEE,2025,2025-07-24,Game-Theoretic Constrained Policy Optimization for Safe Reinforcement Learning,Changxin Zhang; Xinglong Zhang; Yixing Lan; Hao Gao; Xin Xu,36,10,10.1109/tnnls.2025.3586603,https://doi.org/10.1109/tnnls.2025.3586603,article,IEEE Transactions on Neural Networks and Learning Systems,https://openalex.org/W4412623571
IEEE Transactions on Neural Networks and Learning Systems,IEEE,2025,2025-07-24,HCG: Streaming DCNN Accelerator With a Hybrid Computational Granularity Scheme on FPGA,Wenjin Huang; Conghui Luo; Baoze Zhao; Han Yi Jiao; Yihua Huang,36,10,10.1109/tnnls.2025.3587694,https://doi.org/10.1109/tnnls.2025.3587694,article,IEEE Transactions on Neural Networks and Learning Systems,https://openalex.org/W4412623560
IEEE Transactions on Neural Networks and Learning Systems,IEEE,2025,2025-07-24,OS-RRG: Observation State-Aware Radiology Report Generation With Balanced Diagnosis and Attention Intervention,Honglong Yang; Hui Tang; Shanshan Song; Xiaomeng Li,36,11,10.1109/tnnls.2025.3589103,https://doi.org/10.1109/tnnls.2025.3589103,article,IEEE Transactions on Neural Networks and Learning Systems,https://openalex.org/W4412623499
IEEE Transactions on Neural Networks and Learning Systems,IEEE,2025,2025-07-24,Off-OAB: Off-Policy Policy Gradient Method With Optimal Action-Dependent Baseline,Wenjia Meng; Qian Zheng; Long Yang; Yilong Yin; Gang Pan,36,10,10.1109/tnnls.2025.3588881,https://doi.org/10.1109/tnnls.2025.3588881,article,IEEE Transactions on Neural Networks and Learning Systems,https://openalex.org/W4412623488
IEEE Transactions on Neural Networks and Learning Systems,IEEE,2025,2025-07-24,Online Adaptable Offline RL With Guidance Model,Xun Wang; Jingmian Wang; Zhuzhong Qian; Bolei Zhang,36,11,10.1109/tnnls.2025.3589418,https://doi.org/10.1109/tnnls.2025.3589418,article,IEEE Transactions on Neural Networks and Learning Systems,https://openalex.org/W4412623467
IEEE Transactions on Neural Networks and Learning Systems,IEEE,2025,2025-07-24,VB-Adapter: Variational Bayesian Adapter for Cross-Domain Speech Representation Learning,Jing Zhao; Qimin Huang; Shanhu Wang; Shiliang Sun,36,10,10.1109/tnnls.2025.3589086,https://doi.org/10.1109/tnnls.2025.3589086,article,IEEE Transactions on Neural Networks and Learning Systems,https://openalex.org/W4412623465
IEEE Transactions on Neural Networks and Learning Systems,IEEE,2025,2025-07-29,A-SDM: Accelerating Stable Diffusion Through Model Assembly and Feature Inheritance Strategies,Jinchao Zhu; Yuxuan Wang; Siyuan Pan; Pengfei Wan; Di Zhang; Gao Ming Huang,36,10,10.1109/tnnls.2025.3587724,https://doi.org/10.1109/tnnls.2025.3587724,article,IEEE Transactions on Neural Networks and Learning Systems,https://openalex.org/W4412722368
IEEE Transactions on Neural Networks and Learning Systems,IEEE,2025,2025-07-29,An Advanced Optimal Tracking Control for Nonlinear Discrete-Time Systems Based on (N + 1)-Step Gradient Learning,Zeyu Zhou; Yuhui Wang; Qingxian Wu,36,10,10.1109/tnnls.2025.3588259,https://doi.org/10.1109/tnnls.2025.3588259,article,IEEE Transactions on Neural Networks and Learning Systems,https://openalex.org/W4412722183
IEEE Transactions on Neural Networks and Learning Systems,IEEE,2025,2025-07-29,DAWN+: Wavelet-Based Image Deraining Meets Direction-Aware Attention and Mutual Representation,Kui Jiang; Junjun Jiang; Zheng Wang; Zihan Geng; Xianming Liu,36,10,10.1109/tnnls.2025.3587248,https://doi.org/10.1109/tnnls.2025.3587248,article,IEEE Transactions on Neural Networks and Learning Systems,https://openalex.org/W4412722214
IEEE Transactions on Neural Networks and Learning Systems,IEEE,2025,2025-07-29,Decoupling Neural Networks to Leverage Uniform Representation and Balance Personalization and Collaboration in Federated Learning,Zhangmin Huang; Pengcheng Wang; Shaojie Tang; Bo Lyu; Lingfang Zeng,36,10,10.1109/tnnls.2025.3586600,https://doi.org/10.1109/tnnls.2025.3586600,article,IEEE Transactions on Neural Networks and Learning Systems,https://openalex.org/W4412722227
IEEE Transactions on Neural Networks and Learning Systems,IEEE,2025,2025-07-29,Find Hidden Modality Divergence: Adversarial Aware Learning for Unsupervised Visible–Infrared Person Re-Identification,Yuxuan Liu; Hongwei Ge; Yong Cheng Luo; Chunguo Wu,36,11,10.1109/tnnls.2025.3591116,https://doi.org/10.1109/tnnls.2025.3591116,article,IEEE Transactions on Neural Networks and Learning Systems,https://openalex.org/W4412722449
IEEE Transactions on Neural Networks and Learning Systems,IEEE,2025,2025-07-29,SimAD: A Simple Dissimilarity-Based Approach for Time-Series Anomaly Detection,Zhijie Zhong; Zhiwen Yu; Xing Xi; Yue Xu; Wenming Cao; Yiyuan Yang; Kaixiang Yang; Jane You,36,11,10.1109/tnnls.2025.3590220,https://doi.org/10.1109/tnnls.2025.3590220,article,IEEE Transactions on Neural Networks and Learning Systems,https://openalex.org/W4412722206
IEEE Transactions on Neural Networks and Learning Systems,IEEE,2025,2025-07-29,Solving Scalable Multiagent Routing Problems With Reinforcement Learning,Yujiao Hu; Yuan Yao; Jinchao Chen; Zhihao Wang; Qingmin Jia; Yan Pan,36,11,10.1109/tnnls.2025.3591311,https://doi.org/10.1109/tnnls.2025.3591311,article,IEEE Transactions on Neural Networks and Learning Systems,https://openalex.org/W4412722232
IEEE Transactions on Neural Networks and Learning Systems,IEEE,2025,2025-07-30,Interpretable Cross-Modal Alignment Network for EEG Visual Decoding With Algorithm Unrolling,Daowen Xiong; Liangliang Hu; Jiahao Jin; Yikang Ding; Congming Tan; Jing Zhang; Yin Tian,36,11,10.1109/tnnls.2025.3592646,https://doi.org/10.1109/tnnls.2025.3592646,article,IEEE Transactions on Neural Networks and Learning Systems,https://openalex.org/W4412747917
IEEE Transactions on Neural Networks and Learning Systems,IEEE,2025,2025-07-30,Learning Granularity-Aware Affordances From Human-Object Interaction for Tool-Based Functional Dexterous Grasping,Fan Yang; Wenrui Chen; Kailun Yang; Haoran Lin; Dongsheng Luo; Conghui Tang; Zhiyong Li; Yaonan Wang,36,11,10.1109/tnnls.2025.3591538,https://doi.org/10.1109/tnnls.2025.3591538,article,IEEE Transactions on Neural Networks and Learning Systems,https://openalex.org/W4412747935
IEEE Transactions on Neural Networks and Learning Systems,IEEE,2025,2025-07-30,Robust Fault-Aware Extreme Learning Machine Based on Maximum Correntropy,Yuqi Xiao; Muideen Adegoke; Chi-Sing Leung; Kwok Wa Leung,36,11,10.1109/tnnls.2025.3590097,https://doi.org/10.1109/tnnls.2025.3590097,article,IEEE Transactions on Neural Networks and Learning Systems,https://openalex.org/W4412747945
IEEE Transactions on Neural Networks and Learning Systems,IEEE,2025,2025-07-30,SMTLNet: Domain Prior-Inspired Tooth Segmentation Based on Self-Supervised Manifold Transfer Learning,Yue Zhao; Ruoyu Wu; Pengyu Dai; Hong Bing Huang; Yang Liu,36,11,10.1109/tnnls.2025.3591003,https://doi.org/10.1109/tnnls.2025.3591003,article,IEEE Transactions on Neural Networks and Learning Systems,https://openalex.org/W4412747855
IEEE Transactions on Neural Networks and Learning Systems,IEEE,2025,2025-07-30,SpeGCL: Self-Supervised Graph Spectrum Contrastive Learning Without Positive Samples,Yuntao Shou; Xiangyong Cao; Deyu Meng,36,11,10.1109/tnnls.2025.3589861,https://doi.org/10.1109/tnnls.2025.3589861,article,IEEE Transactions on Neural Networks and Learning Systems,https://openalex.org/W4412747926
IEEE Transactions on Neural Networks and Learning Systems,IEEE,2025,2025-07-30,Toward Disentangled and Controllable Deep Metric Learning With Human-Like Concept Decomposition,Shuhuang Chen; Shiming Chen; Shuo Ye; Yuetian Wang; Xinge You,36,10,10.1109/tnnls.2025.3587907,https://doi.org/10.1109/tnnls.2025.3587907,article,IEEE Transactions on Neural Networks and Learning Systems,https://openalex.org/W4412748019
IEEE Transactions on Neural Networks and Learning Systems,IEEE,2025,2025-07-31,AQE-RF: An Adaptive Quantifier Extension and Rule-Filtering Graph Network for Logical Reasoning of Text,Meng Wang; Jinshuo Liu; Víctor Gutiérrez-Basulto; Lina Wang; Jeff Z. Pan,36,10,10.1109/tnnls.2025.3588525,https://doi.org/10.1109/tnnls.2025.3588525,article,IEEE Transactions on Neural Networks and Learning Systems,https://openalex.org/W4412795790
IEEE Transactions on Neural Networks and Learning Systems,IEEE,2025,2025-07-31,SAM-Med3D: A Vision Foundation Model for General-Purpose Segmentation on Volumetric Medical Images,Haoyu Wang; Sizheng Guo; Jin Ye; Zhongying Deng; Junlong Cheng; Tianbin Li; Jianpin Chen; Yanzhou Su; Ziyan Huang; Yiqing Shen; Bin Fu; Shaoting Zhang; Junjun He,36,10,10.1109/tnnls.2025.3586694,https://doi.org/10.1109/tnnls.2025.3586694,article,IEEE Transactions on Neural Networks and Learning Systems,https://openalex.org/W4412795786
IEEE Transactions on Neural Networks and Learning Systems,IEEE,2025,2025-07-31,Vector Quantization-Based Clustered Federated Learning With Global Feature Anchors for Improved Representation and Generalization,Xiaohong Chen; Yuhang Zhang; Xuesong Xu; Dongbin Hu; Guanying Xu,36,11,10.1109/tnnls.2025.3589186,https://doi.org/10.1109/tnnls.2025.3589186,article,IEEE Transactions on Neural Networks and Learning Systems,https://openalex.org/W4412795785
IEEE Transactions on Neural Networks and Learning Systems,IEEE,2025,2025-08-01,Fully Tensorized Lightweight ConvLSTM Neural Networks for Hyperspectral Image Classification,Tian-Yu Ma; Heng-Chao Li; Yu‐Bang Zheng; Qian Du; Antonio Plaza,36,8,10.1109/tnnls.2024.3511575,https://doi.org/10.1109/tnnls.2024.3511575,article,IEEE Transactions on Neural Networks and Learning Systems,https://openalex.org/W4408161582
IEEE Transactions on Neural Networks and Learning Systems,IEEE,2025,2025-08-01,IEEE Computational Intelligence Society Information,,36,8,10.1109/tnnls.2025.3590182,https://doi.org/10.1109/tnnls.2025.3590182,paratext,IEEE Transactions on Neural Networks and Learning Systems,https://openalex.org/W4412984902
IEEE Transactions on Neural Networks and Learning Systems,IEEE,2025,2025-08-01,IEEE Transactions on Neural Networks and Learning Systems Information for Authors,,36,8,10.1109/tnnls.2025.3590180,https://doi.org/10.1109/tnnls.2025.3590180,paratext,IEEE Transactions on Neural Networks and Learning Systems,https://openalex.org/W4412984984
IEEE Transactions on Neural Networks and Learning Systems,IEEE,2025,2025-08-01,IEEE Transactions on Neural Networks and Learning Systems Publication Information,,36,8,10.1109/tnnls.2025.3590184,https://doi.org/10.1109/tnnls.2025.3590184,paratext,IEEE Transactions on Neural Networks and Learning Systems,https://openalex.org/W4412985080
IEEE Transactions on Neural Networks and Learning Systems,IEEE,2025,2025-08-01,M4CXR: Exploring Multitask Potentials of Multimodal Large Language Models for Chest X-Ray Interpretation,Jonggwon Park; Soobum Kim; Byungmu Yoon; Jihun Hyun; Kyoyun Choi,36,10,10.1109/tnnls.2025.3587687,https://doi.org/10.1109/tnnls.2025.3587687,article,IEEE Transactions on Neural Networks and Learning Systems,https://openalex.org/W4412837095
IEEE Transactions on Neural Networks and Learning Systems,IEEE,2025,2025-08-01,Table of Contents,,36,8,10.1109/tnnls.2025.3590186,https://doi.org/10.1109/tnnls.2025.3590186,paratext,IEEE Transactions on Neural Networks and Learning Systems,https://openalex.org/W4412985117
IEEE Transactions on Neural Networks and Learning Systems,IEEE,2025,2025-08-01,Temporal and Heterogeneous Graph Neural Network for Remaining Useful Life Prediction,Zhihao Wen; Yuan Fang; Pengcheng Wei; Fayao Liu; Zhenghua Chen; Min Wu,36,11,10.1109/tnnls.2025.3592788,https://doi.org/10.1109/tnnls.2025.3592788,article,IEEE Transactions on Neural Networks and Learning Systems,https://openalex.org/W4412837103
IEEE Transactions on Neural Networks and Learning Systems,IEEE,2025,2025-08-04,Anchor-Based Multiview Subspace Clustering With Anchor-wise and Class-wise Alignments,Ye Liu; Hongshan Pu; Junjun Pan; Michael K. Ng; Hongmin Cai,36,11,10.1109/tnnls.2025.3589264,https://doi.org/10.1109/tnnls.2025.3589264,article,IEEE Transactions on Neural Networks and Learning Systems,https://openalex.org/W4412939804
IEEE Transactions on Neural Networks and Learning Systems,IEEE,2025,2025-08-04,MBUNeXt: Multibranch Encoder Aggregation Network Based on Layer-Fusion Strategy for Multimodal Brain Tumor Segmentation,Qinghao Liu; Yuehao Zhu; Min Liu; Zhao Yao; Yaonan Wang; Erik H. W. Meijering,36,12,10.1109/tnnls.2025.3593297,https://doi.org/10.1109/tnnls.2025.3593297,article,IEEE Transactions on Neural Networks and Learning Systems,https://openalex.org/W4412939780
IEEE Transactions on Neural Networks and Learning Systems,IEEE,2025,2025-08-06,Beyond RMSE and MAE: Introducing EAUC to Unmask Hidden Bias and Unfairness in Dyadic Regression Models,Jorge Paz-Ruza; Amparo Alonso‐Betanzos; Bertha Guijarro‐Berdiñas; Brais Cancela; Carlos Eiras‐Franco,36,11,10.1109/tnnls.2025.3593059,https://doi.org/10.1109/tnnls.2025.3593059,article,IEEE Transactions on Neural Networks and Learning Systems,https://openalex.org/W4413017587
IEEE Transactions on Neural Networks and Learning Systems,IEEE,2025,2025-08-06,DDCNet: Advanced Decoupling of Degradation and Content for Adverse Weather Image Restoration,X. L. Wang; Xueyang Fu; Yurui Zhu; Zheng-Jun Zha,36,12,10.1109/tnnls.2025.3594492,https://doi.org/10.1109/tnnls.2025.3594492,article,IEEE Transactions on Neural Networks and Learning Systems,https://openalex.org/W4413017685
IEEE Transactions on Neural Networks and Learning Systems,IEEE,2025,2025-08-06,Discovering Spatiotemporal–Individual Coupled Features From Nonstandard Tensors—A Novel Dynamic Graph Mixer Approach,Fanghui Bi; Tiantian He; Yew-Soon Ong; Xin Luo,36,11,10.1109/tnnls.2025.3592692,https://doi.org/10.1109/tnnls.2025.3592692,article,IEEE Transactions on Neural Networks and Learning Systems,https://openalex.org/W4413017684
IEEE Transactions on Neural Networks and Learning Systems,IEEE,2025,2025-08-06,Multiple Influences Maximization Under Dynamic Link Strength in Multi-Agent Systems: The Competitive and Cooperative Cases,Mincan Li; Zidong Wang; Simon J. E. Taylor; Kenli Li; Xiangke Liao; Xiaohui Liu,36,10,10.1109/tnnls.2025.3588236,https://doi.org/10.1109/tnnls.2025.3588236,article,IEEE Transactions on Neural Networks and Learning Systems,https://openalex.org/W4413017641
IEEE Transactions on Neural Networks and Learning Systems,IEEE,2025,2025-08-07,Enhancing Domain Generalization in Medical Image Segmentation With Global and Local Prompts,Chuang Zhao; Xiaomeng Li,36,11,10.1109/tnnls.2025.3590956,https://doi.org/10.1109/tnnls.2025.3590956,article,IEEE Transactions on Neural Networks and Learning Systems,https://openalex.org/W4413049908
IEEE Transactions on Neural Networks and Learning Systems,IEEE,2025,2025-08-08,SFBM: Shared Feature Bias Mitigating for Long-Tailed Image Recognition,Xinqiao Zhao; Mingjie Sun; Eng Gee Lim; Yao Zhao; Jimin Xiao,36,10,10.1109/tnnls.2025.3586215,https://doi.org/10.1109/tnnls.2025.3586215,article,IEEE Transactions on Neural Networks and Learning Systems,https://openalex.org/W4413055295
IEEE Transactions on Neural Networks and Learning Systems,IEEE,2025,2025-08-11,Deep Multimanifold Transformation-Based Multivariate Time Series Fault Detection,Hong Liu; Xiuxiu Qiu; Yiming Shi; Miao Xu; Zelin Zang; Zhen Lei,36,10,10.1109/tnnls.2025.3584988,https://doi.org/10.1109/tnnls.2025.3584988,article,IEEE Transactions on Neural Networks and Learning Systems,https://openalex.org/W4413104875
IEEE Transactions on Neural Networks and Learning Systems,IEEE,2025,2025-08-12,An Adaptive Weighted Metric Learning Network Based on Fractional Domain Decoupling for Hyperspectral Change Detection,Shou Feng; Tianyu Lan; Yuanze Fan; Mengmeng Zhang; Chunhui Zhao; Wei Li; Ran Tao,36,10,10.1109/tnnls.2025.3586714,https://doi.org/10.1109/tnnls.2025.3586714,article,IEEE Transactions on Neural Networks and Learning Systems,https://openalex.org/W4413111458
IEEE Transactions on Neural Networks and Learning Systems,IEEE,2025,2025-08-13,Interactive Graph Learning for Multilevel Network Alignment,Pengfei Jiao; Yuanqi Liu; Yinghui Wang; Huijun Tang; Zhidong Zhao; Shirui Pan,36,11,10.1109/tnnls.2025.3592415,https://doi.org/10.1109/tnnls.2025.3592415,article,IEEE Transactions on Neural Networks and Learning Systems,https://openalex.org/W4413116334
IEEE Transactions on Neural Networks and Learning Systems,IEEE,2025,2025-08-13,Observer-Based Event-Triggered Fault-Tolerant Synchronization for Memristive Neural Networks Subject to Multiple Failures,Mingxin Wang; Song Zhu; Xiaoyang Liu; Shiping Wen; Chaoxu Mu,36,12,10.1109/tnnls.2025.3596704,https://doi.org/10.1109/tnnls.2025.3596704,article,IEEE Transactions on Neural Networks and Learning Systems,https://openalex.org/W4413117141
IEEE Transactions on Neural Networks and Learning Systems,IEEE,2025,2025-08-14,Constraint-Driven Causal Representation Learning for Vigilance Robust Estimation in Brain–Computer Interface,Xuan Zhang; Wang Zheng; Zhigang Li; Yi Yang; Weijia Liu; Hong-Xin Cai; Junru Zhu; Jingyu Liu; Bin Hu; Qunxi Dong,36,12,10.1109/tnnls.2025.3594434,https://doi.org/10.1109/tnnls.2025.3594434,article,IEEE Transactions on Neural Networks and Learning Systems,https://openalex.org/W4413138344
IEEE Transactions on Neural Networks and Learning Systems,IEEE,2025,2025-08-14,DLCNN: A Deep Logic Convolutional Network for Interpretable Fault Diagnosis of Hoist Mechanism on Ship-to-Shore Cranes,Xiaoqiang Liao; Dong Wang; Xinguo Ming; Min Xia,36,12,10.1109/tnnls.2025.3594346,https://doi.org/10.1109/tnnls.2025.3594346,article,IEEE Transactions on Neural Networks and Learning Systems,https://openalex.org/W4413138758
IEEE Transactions on Neural Networks and Learning Systems,IEEE,2025,2025-08-14,Improving Sample Efficiency of Reinforcement Learning With Background Knowledge From Large Language Models,Fuxiang Zhang; Junyou Li; Yi-Chen Li; Zongzhang Zhang; Yang Yu; Deheng Ye,36,11,10.1109/tnnls.2025.3590731,https://doi.org/10.1109/tnnls.2025.3590731,article,IEEE Transactions on Neural Networks and Learning Systems,https://openalex.org/W4413141447
IEEE Transactions on Neural Networks and Learning Systems,IEEE,2025,2025-08-14,Strategic Evolutionary Reinforcement Learning With Operator Selection and Experience Filter,Kaitong Zheng; Ya-Hui Jia; Kejiang Ye; Wei–Neng Chen,36,12,10.1109/tnnls.2025.3596553,https://doi.org/10.1109/tnnls.2025.3596553,article,IEEE Transactions on Neural Networks and Learning Systems,https://openalex.org/W4413137866
IEEE Transactions on Neural Networks and Learning Systems,IEEE,2025,2025-08-15,Cluster-Aware Few-Shot Molecular Property Prediction With Factor Disentanglement,Haodong Zhang; Tao Ren; Yifan Wang; Fanchun Meng; Wei Ju; Ying Tian,36,11,10.1109/tnnls.2025.3590240,https://doi.org/10.1109/tnnls.2025.3590240,article,IEEE Transactions on Neural Networks and Learning Systems,https://openalex.org/W4413258366
IEEE Transactions on Neural Networks and Learning Systems,IEEE,2025,2025-08-18,"A Survey of Attacks on Large Vision–Language Models: Resources, Advances, and Future Trends",Daizong Liu; Mingyu Yang; Xiaoye Qu; Pan Zhou; Yu Cheng; Wei Hu,36,11,10.1109/tnnls.2025.3592935,https://doi.org/10.1109/tnnls.2025.3592935,article,IEEE Transactions on Neural Networks and Learning Systems,https://openalex.org/W4413277723
IEEE Transactions on Neural Networks and Learning Systems,IEEE,2025,2025-08-18,Distilling Reasoning Ability From Large Language Models With Adaptive Thinking,Xiaoshu Chen; Sihang Zhou; Ke Liang; Xinwang Liu,36,11,10.1109/tnnls.2025.3591266,https://doi.org/10.1109/tnnls.2025.3591266,article,IEEE Transactions on Neural Networks and Learning Systems,https://openalex.org/W4413277726
IEEE Transactions on Neural Networks and Learning Systems,IEEE,2025,2025-08-18,Event-Triggered Mixed Nonzero-Sum Game Optimal Control for Modular Robotic Manipulator Performing Coordinated Operation Tasks,Tianjiao An; Xiaogang Dong; Bo Lin Dong; Hucheng Jiang; Lei Liu; Bing Ma,36,12,10.1109/tnnls.2025.3595563,https://doi.org/10.1109/tnnls.2025.3595563,article,IEEE Transactions on Neural Networks and Learning Systems,https://openalex.org/W4413277586
IEEE Transactions on Neural Networks and Learning Systems,IEEE,2025,2025-08-18,FedLSC: Improving Communication Efficiency and Robustness in Federated Learning With Stragglers and Adversaries,Hyeong‐Gun Joo; Song‐Nam Hong; Dong‐Joon Shin,36,11,10.1109/tnnls.2025.3590015,https://doi.org/10.1109/tnnls.2025.3590015,article,IEEE Transactions on Neural Networks and Learning Systems,https://openalex.org/W4413277770
IEEE Transactions on Neural Networks and Learning Systems,IEEE,2025,2025-08-18,Gen-GraphEx: Generative In-Distribution Graph Explanations for Time-Efficient Model-Level Interpretability of GNNs,Sayan Saha; Monidipa Das; Sanghamitra Bandyopadhyay,36,11,10.1109/tnnls.2025.3589330,https://doi.org/10.1109/tnnls.2025.3589330,article,IEEE Transactions on Neural Networks and Learning Systems,https://openalex.org/W4413277883
IEEE Transactions on Neural Networks and Learning Systems,IEEE,2025,2025-08-18,Learning a Better SPD Network for Signal Classification: A Riemannian Batch Normalization Method,Rui Wang; Sung-Hoon Jin; Zhenyu Cai; Ziheng Chen; Xiao‐Jun Wu; Josef Kittler,36,11,10.1109/tnnls.2025.3589362,https://doi.org/10.1109/tnnls.2025.3589362,article,IEEE Transactions on Neural Networks and Learning Systems,https://openalex.org/W4413277665
IEEE Transactions on Neural Networks and Learning Systems,IEEE,2025,2025-08-18,Progressive Structure Preservation and Detail Refinement for Remote Sensing Single-Image Super-Resolution,Wei‐Yen Hsu; Shih-Hao Huang,36,12,10.1109/tnnls.2025.3589209,https://doi.org/10.1109/tnnls.2025.3589209,article,IEEE Transactions on Neural Networks and Learning Systems,https://openalex.org/W4413277730
IEEE Transactions on Neural Networks and Learning Systems,IEEE,2025,2025-08-18,Wormhole Dynamics in Deep Neural Networks,Yen-Lung Lai; Zhe Jin,36,11,10.1109/tnnls.2025.3591614,https://doi.org/10.1109/tnnls.2025.3591614,article,IEEE Transactions on Neural Networks and Learning Systems,https://openalex.org/W4413277617
IEEE Transactions on Neural Networks and Learning Systems,IEEE,2025,2025-08-19,Attribute Prompt Alignment Network for Zero-Shot Learning,Guo-Sen Xie; Junyi Li; Ting Guo; Xiangbo Shu; Fang Zhao; Zheng Zhang; Ling Shao,36,12,10.1109/tnnls.2025.3598191,https://doi.org/10.1109/tnnls.2025.3598191,article,IEEE Transactions on Neural Networks and Learning Systems,https://openalex.org/W4413319042
IEEE Transactions on Neural Networks and Learning Systems,IEEE,2025,2025-08-19,Bidirectional Multiscale Efficient Dilated Convolutional Recurrent Neural Network Improved by Swarm Intelligence Optimization,Qinwei Fan; Shuai Zhao; Jacek M. Żurada; Tingwen Huang; Xiaolong Qin; Rui Zhang,36,12,10.1109/tnnls.2025.3596244,https://doi.org/10.1109/tnnls.2025.3596244,article,IEEE Transactions on Neural Networks and Learning Systems,https://openalex.org/W4413319051
IEEE Transactions on Neural Networks and Learning Systems,IEEE,2025,2025-08-19,Information-State-Based Reinforcement Learning for the Control of Partially Observed Nonlinear Systems,Raman Goyal; Mohamed Naveed Gul Mohamed; Ran Wang; Aayushman Sharma; Suman Chakravorty,36,12,10.1109/tnnls.2025.3593259,https://doi.org/10.1109/tnnls.2025.3593259,article,IEEE Transactions on Neural Networks and Learning Systems,https://openalex.org/W4413319008
IEEE Transactions on Neural Networks and Learning Systems,IEEE,2025,2025-08-19,Knowledge-GPT Guided Generalizable Reinforcement Learning for Intelligent Emergency Generator Tripping in Power System,Bing Wang; Tianjing Wang; Yong Tang; Yanhao Huang,36,12,10.1109/tnnls.2025.3596964,https://doi.org/10.1109/tnnls.2025.3596964,article,IEEE Transactions on Neural Networks and Learning Systems,https://openalex.org/W4413319047
IEEE Transactions on Neural Networks and Learning Systems,IEEE,2025,2025-08-20,REaMA: Building Biomedical Relation Extraction Specialized Large Language Models Through Instruction Tuning,Yidan Zhang; Junlin Yu; Guo‐Bo Li; Zhenan He; Gary G. Yen,36,12,10.1109/tnnls.2025.3596257,https://doi.org/10.1109/tnnls.2025.3596257,article,IEEE Transactions on Neural Networks and Learning Systems,https://openalex.org/W4413359228
IEEE Transactions on Neural Networks and Learning Systems,IEEE,2025,2025-08-20,Toward the Extension and Enhanced Representation for Ambiguous Query With Search Heterogeneous Graph Learning,Y Fang; Guosun Zeng,36,12,10.1109/tnnls.2025.3599630,https://doi.org/10.1109/tnnls.2025.3599630,article,IEEE Transactions on Neural Networks and Learning Systems,https://openalex.org/W4413349469
IEEE Transactions on Neural Networks and Learning Systems,IEEE,2025,2025-08-21,A Fast Wang k WTA With Application in Sealed-Bid Uniform Price Auction,John Sum; Chi-Sing Leung; Janet C. C. Chang,36,12,10.1109/tnnls.2025.3597722,https://doi.org/10.1109/tnnls.2025.3597722,article,IEEE Transactions on Neural Networks and Learning Systems,https://openalex.org/W4413392500
IEEE Transactions on Neural Networks and Learning Systems,IEEE,2025,2025-08-21,Adaptive Learning Rate Methods for Complex-Valued Neural Networks,Kayol S. Mayer; Jonathan Aguiar Soares; Ariadne Arrais Cruz; Dalton S. Arantes,36,12,10.1109/tnnls.2025.3596513,https://doi.org/10.1109/tnnls.2025.3596513,article,IEEE Transactions on Neural Networks and Learning Systems,https://openalex.org/W4413392582
IEEE Transactions on Neural Networks and Learning Systems,IEEE,2025,2025-08-21,Geometric Deep Learning for the Rubik’s Cube Group,Martin Krutský; Gustav Šír,36,12,10.1109/tnnls.2025.3599009,https://doi.org/10.1109/tnnls.2025.3599009,article,IEEE Transactions on Neural Networks and Learning Systems,https://openalex.org/W4413392370
IEEE Transactions on Neural Networks and Learning Systems,IEEE,2025,2025-08-21,Hyperbolic Hierarchical Representation Learning for Generalized Category Discovery,Yu Duan; Feiping Nie; Huimin Chen; Zhanxuan Hu; Rong Wang; Xuelong Li,36,12,10.1109/tnnls.2025.3597074,https://doi.org/10.1109/tnnls.2025.3597074,article,IEEE Transactions on Neural Networks and Learning Systems,https://openalex.org/W4413392422
IEEE Transactions on Neural Networks and Learning Systems,IEEE,2025,2025-08-21,Joint Trajectory Replanning for Mars Ascent Vehicle Under Propulsion System Faults: A Suboptimal Learning-Based Warm-Start Approach,Kun Li; Guangtao Ran; Yanning Guo; Ju H. Park; Yao Zhang,36,12,10.1109/tnnls.2025.3598120,https://doi.org/10.1109/tnnls.2025.3598120,article,IEEE Transactions on Neural Networks and Learning Systems,https://openalex.org/W4413394357
IEEE Transactions on Neural Networks and Learning Systems,IEEE,2025,2025-08-21,Soft Sensing for Time Series With Irregular Sampling Internals Based on a Denoising Interval Attention LSTM Network,Yuchen He; Xueqin Yang; Lijuan Qian; Le Yao; Lingjian Ye; Ping Wu; Guiming Ye; Weirong Ye; Y Shen,36,12,10.1109/tnnls.2025.3598583,https://doi.org/10.1109/tnnls.2025.3598583,article,IEEE Transactions on Neural Networks and Learning Systems,https://openalex.org/W4413392332
IEEE Transactions on Neural Networks and Learning Systems,IEEE,2025,2025-08-23,Extrapolation Convolution for Data Prediction on a 2-D Grid: Bridging Spatial and Frequency Domains With Applications in Image Outpainting and Compressed Sensing,Vazim Ibrahim; Faouzi Alaya Cheikh; Vijayan K. Asari; Joseph Suresh Paul,36,12,10.1109/tnnls.2025.3598745,https://doi.org/10.1109/tnnls.2025.3598745,article,IEEE Transactions on Neural Networks and Learning Systems,https://openalex.org/W4413472507
IEEE Transactions on Neural Networks and Learning Systems,IEEE,2025,2025-08-23,IRPruneDeXt: Efficient Infrared Small Target Detection via Musical Wavelet-Regularized Channel Pruning,Mingjin Zhang; Feng Jin; Handi Yang; Jie Guo; Yunsong Li; Xinbo Gao,36,12,10.1109/tnnls.2025.3594958,https://doi.org/10.1109/tnnls.2025.3594958,article,IEEE Transactions on Neural Networks and Learning Systems,https://openalex.org/W4413472563
IEEE Transactions on Neural Networks and Learning Systems,IEEE,2025,2025-08-23,Robust Multivariate Time Series Forecasting Against Intraseries and Interseries Transitional Shift,Hui He; Qi Zhang; Kun Yi; X.D. Xue; Shoujin Wang; Liang Bo Hu; Longbing Cao,36,12,10.1109/tnnls.2025.3593156,https://doi.org/10.1109/tnnls.2025.3593156,article,IEEE Transactions on Neural Networks and Learning Systems,https://openalex.org/W4413472451
IEEE Transactions on Neural Networks and Learning Systems,IEEE,2025,2025-08-23,Satellite Pose Set Estimation by Uncertainty-Guided Conformal Keypoint Detection,Jinghao Wang; Zhang Li; Cong Sun; Yulan Guo; Zi Wang; Qifeng Yu,36,12,10.1109/tnnls.2025.3598481,https://doi.org/10.1109/tnnls.2025.3598481,article,IEEE Transactions on Neural Networks and Learning Systems,https://openalex.org/W4413472237
IEEE Transactions on Neural Networks and Learning Systems,IEEE,2025,2025-08-25,Advancing Generalization in PINNs Through Latent-Space Representations,Honghui Wang; Yifan Pu; Shiji Song; Gao Ming Huang,36,12,10.1109/tnnls.2025.3598617,https://doi.org/10.1109/tnnls.2025.3598617,article,IEEE Transactions on Neural Networks and Learning Systems,https://openalex.org/W4413556426
IEEE Transactions on Neural Networks and Learning Systems,IEEE,2025,2025-08-25,ReCL: A Plug-and-Play Module for Enhancing Generalized Category Discovery Using Transport-Based Method to Uncover the Relationship in Samples,Pinzhuo Tian; Q Ma; Hang Yu; Jie Lü,36,12,10.1109/tnnls.2025.3598594,https://doi.org/10.1109/tnnls.2025.3598594,article,IEEE Transactions on Neural Networks and Learning Systems,https://openalex.org/W4413557005
IEEE Transactions on Neural Networks and Learning Systems,IEEE,2025,2025-08-26,A Bioinspired Deep Learning Framework for Saliency-Based Image Quality Assessment,Huasheng Wang; Yueran Ma; Hongchen Tan; Xiaochang Liu; Ying Chen; Hantao Liu,36,12,10.1109/tnnls.2025.3598716,https://doi.org/10.1109/tnnls.2025.3598716,article,IEEE Transactions on Neural Networks and Learning Systems,https://openalex.org/W4413677584
IEEE Transactions on Neural Networks and Learning Systems,IEEE,2025,2025-08-26,CRL: An Efficient Autonomous Exploration Framework for Large-Scale Environments With Contrastive-Driven Reinforcement Learning,B. Gao; Hao Chen; Quan Liu; Hanqiang Deng; Jian Xin Huang; Yan‐Jun Liu,36,12,10.1109/tnnls.2025.3597164,https://doi.org/10.1109/tnnls.2025.3597164,article,IEEE Transactions on Neural Networks and Learning Systems,https://openalex.org/W4413640125
IEEE Transactions on Neural Networks and Learning Systems,IEEE,2025,2025-08-27,DSPFL: A Deep-Layer Sign Sharing Personalized Federated Learning Scheme for Mitigating Poisoning Attacks,Chenhao Xu; Nasrin Sohrabi; Youyang Qu; Hai Ying Dong; Zahir Tari; Xun Yi,37,1,10.1109/tnnls.2025.3601078,https://doi.org/10.1109/tnnls.2025.3601078,article,IEEE Transactions on Neural Networks and Learning Systems,https://openalex.org/W4413755131
IEEE Transactions on Neural Networks and Learning Systems,IEEE,2025,2025-08-27,Recurrent Network Expansion for Class Incremental Learning,Kai Jiang; Xueru Bai; Feng Zhou,37,1,10.1109/tnnls.2025.3601373,https://doi.org/10.1109/tnnls.2025.3601373,article,IEEE Transactions on Neural Networks and Learning Systems,https://openalex.org/W4413754858
IEEE Transactions on Neural Networks and Learning Systems,IEEE,2025,2025-08-28,Efficient High-Dimensional Learning With Adaptive Gaussian RBF Networks,Xiaoyu Gao; Xuetao Xie; Jian Wang; Sergey Ablameyko; Nikhil Ranjan Pal,37,1,10.1109/tnnls.2025.3601366,https://doi.org/10.1109/tnnls.2025.3601366,article,IEEE Transactions on Neural Networks and Learning Systems,https://openalex.org/W4413785353
IEEE Transactions on Neural Networks and Learning Systems,IEEE,2025,2025-08-28,SSPPI: Cross-Modality Enhanced Protein–Protein Interaction Prediction From Sequence and Structure Perspectives,Xiangpeng Bi; Wenjian Ma; Huasen Jiang; Weigang Lu; Zhiqiang Wei; Shugang Zhang,37,1,10.1109/tnnls.2025.3599927,https://doi.org/10.1109/tnnls.2025.3599927,article,IEEE Transactions on Neural Networks and Learning Systems,https://openalex.org/W4413785825
IEEE Transactions on Neural Networks and Learning Systems,IEEE,2025,2025-09-01,IEEE Computational Intelligence Society Information,,36,9,10.1109/tnnls.2025.3599347,https://doi.org/10.1109/tnnls.2025.3599347,paratext,IEEE Transactions on Neural Networks and Learning Systems,https://openalex.org/W4413978410
IEEE Transactions on Neural Networks and Learning Systems,IEEE,2025,2025-09-01,IEEE Transactions on Neural Networks and Learning Systems Information for Authors,,36,9,10.1109/tnnls.2025.3599345,https://doi.org/10.1109/tnnls.2025.3599345,paratext,IEEE Transactions on Neural Networks and Learning Systems,https://openalex.org/W4413979910
IEEE Transactions on Neural Networks and Learning Systems,IEEE,2025,2025-09-01,IEEE Transactions on Neural Networks and Learning Systems Publication Information,,36,9,10.1109/tnnls.2025.3599349,https://doi.org/10.1109/tnnls.2025.3599349,paratext,IEEE Transactions on Neural Networks and Learning Systems,https://openalex.org/W4413978857
IEEE Transactions on Neural Networks and Learning Systems,IEEE,2025,2025-09-01,Table of Contents,,36,9,10.1109/tnnls.2025.3599351,https://doi.org/10.1109/tnnls.2025.3599351,paratext,IEEE Transactions on Neural Networks and Learning Systems,https://openalex.org/W4413978026
IEEE Transactions on Neural Networks and Learning Systems,IEEE,2025,2025-09-01,Unveiling Group-Specific Distributed Concept Drift: A Fairness Imperative in Federated Learning,Teresa Salazar; João Manuel Portela da Gama; Hélder Araújo; Pedro Henriques Abreu,37,1,10.1109/tnnls.2025.3601834,https://doi.org/10.1109/tnnls.2025.3601834,article,IEEE Transactions on Neural Networks and Learning Systems,https://openalex.org/W4413887341
IEEE Transactions on Neural Networks and Learning Systems,IEEE,2025,2025-09-03,A Decomposition Optimization-Based Multiobjective Reinforcement Learning Algorithm for Obtaining Nonconvex Pareto Fronts,Tianyang Li; Ying Meng; Lixin Tang,37,1,10.1109/tnnls.2025.3603165,https://doi.org/10.1109/tnnls.2025.3603165,article,IEEE Transactions on Neural Networks and Learning Systems,https://openalex.org/W4413967285
IEEE Transactions on Neural Networks and Learning Systems,IEEE,2025,2025-09-03,DA-PFL: Dynamic Affinity Aggregation in Personalized Federated Learning Under Class Imbalance,Xu Yang; Jiyuan Feng; Yongxin Tong; Lingzhi Wang; Songyue Guo; Binxing Fang; Qing Min Liao,36,12,10.1109/tnnls.2025.3598818,https://doi.org/10.1109/tnnls.2025.3598818,article,IEEE Transactions on Neural Networks and Learning Systems,https://openalex.org/W4413967097
IEEE Transactions on Neural Networks and Learning Systems,IEEE,2025,2025-09-03,Nesterov Accelerated Gradient Tracking With Adam for Distributed Online Optimization,Yanxu Su; Qingyang Sheng; Xiasheng Shi; Chaoxu Mu; Changyin Sun,37,1,10.1109/tnnls.2025.3604059,https://doi.org/10.1109/tnnls.2025.3604059,article,IEEE Transactions on Neural Networks and Learning Systems,https://openalex.org/W4413967112
IEEE Transactions on Neural Networks and Learning Systems,IEEE,2025,2025-09-03,Privacy-Preserving Video Anomaly Detection: A Survey,Yang Liu; Siao Liu; Xiaoguang Zhu; Hao Yang; Jielin Li; Juncen Guo; Liangyu Teng; Dingkang Yang; Yan Wang; Jing Liu,37,1,10.1109/tnnls.2025.3600252,https://doi.org/10.1109/tnnls.2025.3600252,article,IEEE Transactions on Neural Networks and Learning Systems,https://openalex.org/W4413967215
IEEE Transactions on Neural Networks and Learning Systems,IEEE,2025,2025-09-03,Robust PID-Type Iterative Learning Control for Nonlinear Square and Nonsquare Systems,Kechao Xu; Bo Meng; Zhen Wang; Xia Huang,37,1,10.1109/tnnls.2025.3601656,https://doi.org/10.1109/tnnls.2025.3601656,article,IEEE Transactions on Neural Networks and Learning Systems,https://openalex.org/W4413967113
IEEE Transactions on Neural Networks and Learning Systems,IEEE,2025,2025-09-04,Fine-Grained Audio–Visual Event Localization,Baoyu Fan; Lu Liu; Xiaochuan Li; Runze Zhang; Liang Jin; Jin Zhang,37,1,10.1109/tnnls.2025.3600878,https://doi.org/10.1109/tnnls.2025.3600878,article,IEEE Transactions on Neural Networks and Learning Systems,https://openalex.org/W4414032899
IEEE Transactions on Neural Networks and Learning Systems,IEEE,2025,2025-09-04,Integrating Clinical Knowledge Graphs and Gradient-Based Neural Systems for Enhanced Melanoma Diagnosis via the Seven-Point Checklist,Yuheng Wang; Tianze Yu; Jiayue Cai; Sunil Kalia; Harvey Lui; Z. Jane Wang; Tim K. Lee,37,1,10.1109/tnnls.2025.3600443,https://doi.org/10.1109/tnnls.2025.3600443,article,IEEE Transactions on Neural Networks and Learning Systems,https://openalex.org/W4413979894
IEEE Transactions on Neural Networks and Learning Systems,IEEE,2025,2025-09-05,A Dual-Discriminator Generative Adversarial Network for Anomaly Detection,Dongxue Ding; Youquan Wang; Haicheng Tao; Jia Wu; Jie Cao,36,10,10.1109/tnnls.2025.3585978,https://doi.org/10.1109/tnnls.2025.3585978,article,IEEE Transactions on Neural Networks and Learning Systems,https://openalex.org/W4414037146
IEEE Transactions on Neural Networks and Learning Systems,IEEE,2025,2025-09-05,Surfer: A World Model-Based Framework for Vision-Language Robot Manipulation,Pengzhen Ren; Kaidong Zhang; Hetao Zheng; Zixuan Li; Yuhang Wen; Fengda Zhu; Shikui Ma; Xiaodan Liang,36,12,10.1109/tnnls.2025.3594117,https://doi.org/10.1109/tnnls.2025.3594117,article,IEEE Transactions on Neural Networks and Learning Systems,https://openalex.org/W4414008389
IEEE Transactions on Neural Networks and Learning Systems,IEEE,2025,2025-09-08,Evidential Graph Contrastive Alignment for Source-Free Blending-Target Domain Adaptation,Juepeng Zheng; Guowen Li; Yibin Wen; Jinxiao Zhang; Runmin Dong; Haohuan Fu,37,1,10.1109/tnnls.2025.3603224,https://doi.org/10.1109/tnnls.2025.3603224,article,IEEE Transactions on Neural Networks and Learning Systems,https://openalex.org/W4414054202
IEEE Transactions on Neural Networks and Learning Systems,IEEE,2025,2025-09-08,Expandable Residual Approximation for Knowledge Distillation,Zhaoyi Yan; Binghui Chen; Yunfan Liu; Qixiang Ye,37,1,10.1109/tnnls.2025.3602118,https://doi.org/10.1109/tnnls.2025.3602118,article,IEEE Transactions on Neural Networks and Learning Systems,https://openalex.org/W4414054145
IEEE Transactions on Neural Networks and Learning Systems,IEEE,2025,2025-09-08,Koopman-Driven Linearized Model-Based Offline Planning With Application to Freeway Ramp Metering,Tao Zhou; Chuanye Gu; Chee Peng Lim; Jinlong Yuan,37,1,10.1109/tnnls.2025.3605015,https://doi.org/10.1109/tnnls.2025.3605015,article,IEEE Transactions on Neural Networks and Learning Systems,https://openalex.org/W4414054188
IEEE Transactions on Neural Networks and Learning Systems,IEEE,2025,2025-09-08,Long-Tail Class Incremental Learning via Bias Calibration With Application to Continuous Fault Diagnosis,Dongyue Chen; Zongxia Xie; W.W.H. Yu; Qinghua Hu,37,1,10.1109/tnnls.2025.3602182,https://doi.org/10.1109/tnnls.2025.3602182,article,IEEE Transactions on Neural Networks and Learning Systems,https://openalex.org/W4414054138
IEEE Transactions on Neural Networks and Learning Systems,IEEE,2025,2025-09-09,Bicriteria Policy Optimization for High-Accuracy Reinforcement Learning,Guojian Zhan; Xiangteng Zhang; Feihong Zhang; Letian Tao; Shengbo Eben Li,37,1,10.1109/tnnls.2025.3605362,https://doi.org/10.1109/tnnls.2025.3605362,article,IEEE Transactions on Neural Networks and Learning Systems,https://openalex.org/W4414084679
IEEE Transactions on Neural Networks and Learning Systems,IEEE,2025,2025-09-09,Incremental Learning for Defect Segmentation With Efficient Transformer Semantic Complement,Xiqi Li; Zhifu Huang; Ge Ma; Yu Liu,37,1,10.1109/tnnls.2025.3604956,https://doi.org/10.1109/tnnls.2025.3604956,article,IEEE Transactions on Neural Networks and Learning Systems,https://openalex.org/W4414085212
IEEE Transactions on Neural Networks and Learning Systems,IEEE,2025,2025-09-09,Multiagent Inductive Policy Optimization,Yubo Huang; Xiaowei Zhao,37,1,10.1109/tnnls.2025.3601360,https://doi.org/10.1109/tnnls.2025.3601360,article,IEEE Transactions on Neural Networks and Learning Systems,https://openalex.org/W4414084206
IEEE Transactions on Neural Networks and Learning Systems,IEEE,2025,2025-09-09,Robust Missing Value Imputation With Proximal Optimal Transport for Low-Quality IIoT Data,Hao Wang; Zhichao Chen; Yuan Shen; Hui Zheng; Degui Yang; Dangjun Zhao; Buge Liang,37,1,10.1109/tnnls.2025.3601130,https://doi.org/10.1109/tnnls.2025.3601130,article,IEEE Transactions on Neural Networks and Learning Systems,https://openalex.org/W4414085626
IEEE Transactions on Neural Networks and Learning Systems,IEEE,2025,2025-09-09,Temporal Modeling With Frozen Vision–Language Foundation Models for Parameter-Efficient Text–Video Retrieval,Leqi Shen; Tianxiang Hao; Tao He; Yifeng Zhang; Pengzhang Liu; Sicheng Zhao; Jungong Han; Guiguang Ding,36,10,10.1109/tnnls.2025.3605657,https://doi.org/10.1109/tnnls.2025.3605657,article,IEEE Transactions on Neural Networks and Learning Systems,https://openalex.org/W4414085675
IEEE Transactions on Neural Networks and Learning Systems,IEEE,2025,2025-09-09,Unsupervised Visible–Infrared ReID via Pseudo-Label Correction and Modality-Level Alignment,Yexin Liu; Weiming Zhang; Athanasios V. Vasilakos; Lin Wang,36,11,10.1109/tnnls.2025.3591641,https://doi.org/10.1109/tnnls.2025.3591641,article,IEEE Transactions on Neural Networks and Learning Systems,https://openalex.org/W4414084443
IEEE Transactions on Neural Networks and Learning Systems,IEEE,2025,2025-09-10,When to Align: Dynamic Behavior Consistency for Multiagent Systems via Intrinsic Rewards,Kunyang Lin; Yufeng Wang; Peihao Chen; Runhao Zeng; Yinjie Lei; Siyuan Zhou; Qing Zhi Du; Mingkui Tan; Chuang Gan,36,12,10.1109/tnnls.2025.3598301,https://doi.org/10.1109/tnnls.2025.3598301,article,IEEE Transactions on Neural Networks and Learning Systems,https://openalex.org/W4414110785
IEEE Transactions on Neural Networks and Learning Systems,IEEE,2025,2025-09-11,Channelwise Regional Integrate and Multiple Firing Neuron: Improving the Spatiotemporal Learning of Spiking Neural Networks,Mincheng Cai; Quan Liu; Kun Chen; Li Ma,37,1,10.1109/tnnls.2025.3606849,https://doi.org/10.1109/tnnls.2025.3606849,article,IEEE Transactions on Neural Networks and Learning Systems,https://openalex.org/W4414154256
IEEE Transactions on Neural Networks and Learning Systems,IEEE,2025,2025-09-11,Conv4Rec: A 1-by-1 Convolutional Autoencoder for User Profiling Through Joint Analysis of Implicit and Explicit Feedback,Antoine Ledent; Petr Kasalický; Rodrigo Augusto da Silva Alves; Hady Wirawan Lauw,36,12,10.1109/tnnls.2025.3597051,https://doi.org/10.1109/tnnls.2025.3597051,article,IEEE Transactions on Neural Networks and Learning Systems,https://openalex.org/W4414155259
IEEE Transactions on Neural Networks and Learning Systems,IEEE,2025,2025-09-15,AMAP: Automatic Multihead Attention Pruning by Similarity-Based Pruning Indicator,Eunho Lee; Youngbae Hwang,37,1,10.1109/tnnls.2025.3606750,https://doi.org/10.1109/tnnls.2025.3606750,article,IEEE Transactions on Neural Networks and Learning Systems,https://openalex.org/W4414198630
IEEE Transactions on Neural Networks and Learning Systems,IEEE,2025,2025-09-15,Adaptive Modality Balanced Online Knowledge Distillation for Brain–Eye–Computer-Based Dim Object Detection,Zixing Li; Chao Yan; Zhen Lan; Xiaojia Xiang; Han Zhou; Jun Lai; Dengqing Tang,37,1,10.1109/tnnls.2025.3605710,https://doi.org/10.1109/tnnls.2025.3605710,article,IEEE Transactions on Neural Networks and Learning Systems,https://openalex.org/W4414197249
IEEE Transactions on Neural Networks and Learning Systems,IEEE,2025,2025-09-16,A Unified Framework for Matrix Backpropagation,Gatien Darley; Stéphane Bonnet,37,1,10.1109/tnnls.2025.3607405,https://doi.org/10.1109/tnnls.2025.3607405,article,IEEE Transactions on Neural Networks and Learning Systems,https://openalex.org/W4414230122
IEEE Transactions on Neural Networks and Learning Systems,IEEE,2025,2025-09-16,Continual Diffuser (CoD): Mastering Continual Offline RL With Experience Rehearsal,Jifeng Hu; Li Shen; Sili Huang; Zhejian Yang; Hechang Chen; Lichao Sun; Yi Chang; Dacheng Tao,36,12,10.1109/tnnls.2025.3598928,https://doi.org/10.1109/tnnls.2025.3598928,article,IEEE Transactions on Neural Networks and Learning Systems,https://openalex.org/W4414230079
IEEE Transactions on Neural Networks and Learning Systems,IEEE,2025,2025-09-16,FEU-Diff: A Diffusion Model With Fuzzy Evidence-Driven Dynamic Uncertainty Fusion for Medical Image Segmentation,Sheng Geng; Shu Jiang; Tao Hou; Hongcheng Yao; Jiashuang Huang; Weiping Ding,37,2,10.1109/tnnls.2025.3609085,https://doi.org/10.1109/tnnls.2025.3609085,article,IEEE Transactions on Neural Networks and Learning Systems,https://openalex.org/W4414230138
IEEE Transactions on Neural Networks and Learning Systems,IEEE,2025,2025-09-16,Spatial–Temporal Diffusion Model for Matrix Factorization,Chenxi Tian; Wenming Wu; Lingling Li; Xu Liu; Fang Liu; Wenping Ma; Licheng Jiao; Shuyuan Yang,37,1,10.1109/tnnls.2025.3605215,https://doi.org/10.1109/tnnls.2025.3605215,article,IEEE Transactions on Neural Networks and Learning Systems,https://openalex.org/W4414230124
IEEE Transactions on Neural Networks and Learning Systems,IEEE,2025,2025-09-16,Theoretical Advances on Stochastic Configuration Networks,Xiufeng Yan; Dianhui Wang; Ivan Tyukin,37,1,10.1109/tnnls.2025.3608555,https://doi.org/10.1109/tnnls.2025.3608555,article,IEEE Transactions on Neural Networks and Learning Systems,https://openalex.org/W4414230084
IEEE Transactions on Neural Networks and Learning Systems,IEEE,2025,2025-09-17,Restoring Noisy Demonstration for Imitation Learning With Diffusion Models,S.L. Chen; Co Yong; Shao-Hua Sun,37,1,10.1109/tnnls.2025.3607111,https://doi.org/10.1109/tnnls.2025.3607111,article,IEEE Transactions on Neural Networks and Learning Systems,https://openalex.org/W4414270615
IEEE Transactions on Neural Networks and Learning Systems,IEEE,2025,2025-09-19,Leveraging Semi-Supervised Learning and Meta-Learning for Re-Identification in Few-Shot Spatiotemporal Anomaly Detection,Zhen Xiong Zhou; Ziyuan Gu; Pan Liu; Wenwu Yu; Zhiyuan Liu,36,11,10.1109/tnnls.2025.3578642,https://doi.org/10.1109/tnnls.2025.3578642,article,IEEE Transactions on Neural Networks and Learning Systems,https://openalex.org/W4414348466
IEEE Transactions on Neural Networks and Learning Systems,IEEE,2025,2025-09-19,Peak-Padding: Clustering by Padding Density Peaks With the Minimum Padding Cost,Junyi Guan; Bingbing Jiang; Weiguo Sheng; Yangyang Zhao; Sheng Li; Xiongxiong He,37,1,10.1109/tnnls.2025.3606527,https://doi.org/10.1109/tnnls.2025.3606527,article,IEEE Transactions on Neural Networks and Learning Systems,https://openalex.org/W4414348359
IEEE Transactions on Neural Networks and Learning Systems,IEEE,2025,2025-09-19,Toward an Effective Action-Region Tracking Framework for Fine-Grained Video Action Recognition,Baoli Sun; Yihan Wang; Xinzhu Ma; Zhihui Wang; Kun Lu; Zhiyong Wang,37,1,10.1109/tnnls.2025.3602089,https://doi.org/10.1109/tnnls.2025.3602089,article,IEEE Transactions on Neural Networks and Learning Systems,https://openalex.org/W4414348622
IEEE Transactions on Neural Networks and Learning Systems,IEEE,2025,2025-09-22,A Self-Supervised Learning Framework for Soft Robot Proprioception,Delin Hu; Huazhi Dong; Francesco Giorgio-Serchi; Yunjie Yang,37,2,10.1109/tnnls.2025.3610759,https://doi.org/10.1109/tnnls.2025.3610759,article,IEEE Transactions on Neural Networks and Learning Systems,https://openalex.org/W4414404700
IEEE Transactions on Neural Networks and Learning Systems,IEEE,2025,2025-09-22,Contrastive Federated Learning for Graph Anomaly Detection,Hui Fang; Yang Gao; Peng Zhang; Sheng Zhou; Hongyang Chen; Jiajun Bu; Haishuai Wang,37,1,10.1109/tnnls.2025.3601449,https://doi.org/10.1109/tnnls.2025.3601449,article,IEEE Transactions on Neural Networks and Learning Systems,https://openalex.org/W4414404694
IEEE Transactions on Neural Networks and Learning Systems,IEEE,2025,2025-09-22,Coupled Tensor Decomposition for Compact Network Representation,Van Tien Pham; Yassine Zniyed; Thanh Phương Nguyễn,37,2,10.1109/tnnls.2025.3609797,https://doi.org/10.1109/tnnls.2025.3609797,article,IEEE Transactions on Neural Networks and Learning Systems,https://openalex.org/W4414404678
IEEE Transactions on Neural Networks and Learning Systems,IEEE,2025,2025-09-22,Vision Mamba: A Comprehensive Survey and Taxonomy,Xiao Liu; Chenxu Zhang; Fuxiang Huang; Shuyin Xia; Guoyin Wang; Lei Zhang,37,2,10.1109/tnnls.2025.3610435,https://doi.org/10.1109/tnnls.2025.3610435,article,IEEE Transactions on Neural Networks and Learning Systems,https://openalex.org/W4414404693
IEEE Transactions on Neural Networks and Learning Systems,IEEE,2025,2025-09-23,Physics-Guided Time-Interactive-Frequency Network for Cross-Domain Few-Shot Hyperspectral Image Classification,Jiaojiao Li; Hailong Wu; Rui Song; Haitao Xu; Yunsong Li; Qian Du,37,1,10.1109/tnnls.2025.3608294,https://doi.org/10.1109/tnnls.2025.3608294,article,IEEE Transactions on Neural Networks and Learning Systems,https://openalex.org/W4414431963
IEEE Transactions on Neural Networks and Learning Systems,IEEE,2025,2025-09-23,Reinforcement Learning-Based Boundary-Optimized Control of Flexible Manipulators Under Jointly Connected Switching Topologies,Xiangqian Yao; Lin Li; Yu Liu,37,2,10.1109/tnnls.2025.3609134,https://doi.org/10.1109/tnnls.2025.3609134,article,IEEE Transactions on Neural Networks and Learning Systems,https://openalex.org/W4414491356
IEEE Transactions on Neural Networks and Learning Systems,IEEE,2025,2025-09-24,Fuzzy Rule-Based Differentiable Representation Learning,Wei Zhang; Zhaohong Deng; Guanjin Wang; Kup‐Sze Choi,37,2,10.1109/tnnls.2025.3609722,https://doi.org/10.1109/tnnls.2025.3609722,article,IEEE Transactions on Neural Networks and Learning Systems,https://openalex.org/W4414463394
IEEE Transactions on Neural Networks and Learning Systems,IEEE,2025,2025-09-24,HSG-Net: Point Cloud Completion via Heuristic Structure Growing,Xiaojun Chen; J. C. Chen; Ying Liu; Ruihui Li,37,2,10.1109/tnnls.2025.3610101,https://doi.org/10.1109/tnnls.2025.3610101,article,IEEE Transactions on Neural Networks and Learning Systems,https://openalex.org/W4414463406
IEEE Transactions on Neural Networks and Learning Systems,IEEE,2025,2025-09-24,Multimodal Quaternion Representation Network for Multisource Remote Sensing Data Classification,Yilin Wei; Heng-Chao Li; Jian-Li Wang; Yu‐Bang Zheng; Jie Pan; Qian Du,37,2,10.1109/tnnls.2025.3610892,https://doi.org/10.1109/tnnls.2025.3610892,article,IEEE Transactions on Neural Networks and Learning Systems,https://openalex.org/W4414463139
IEEE Transactions on Neural Networks and Learning Systems,IEEE,2025,2025-09-24,Time Series Classification Based on Supervised Contrastive Learning and Homoscedastic Uncertainty,Tao Zhang; Ke Li; Shaofan Wang,37,1,10.1109/tnnls.2025.3607901,https://doi.org/10.1109/tnnls.2025.3607901,article,IEEE Transactions on Neural Networks and Learning Systems,https://openalex.org/W4414463446
IEEE Transactions on Neural Networks and Learning Systems,IEEE,2025,2025-09-25,Ape Optimizer: A p-Power Adaptive Filter-Based Approach for Deep Learning Optimization,Yufei Jin; Han Yang; Xinrui Wang; Yingche Xu; Zhuoran Zhang,37,2,10.1109/tnnls.2025.3610665,https://doi.org/10.1109/tnnls.2025.3610665,article,IEEE Transactions on Neural Networks and Learning Systems,https://openalex.org/W4414563651
IEEE Transactions on Neural Networks and Learning Systems,IEEE,2025,2025-09-25,Enhancing Reinforcement Learning With Cross-Domain Knowledge Transfer via Seeded Graph Matching,Gengzhi Zhang; Liang Feng; Xuefeng Chen; Ke Tang; Kay Chen Tan,37,1,10.1109/tnnls.2025.3606751,https://doi.org/10.1109/tnnls.2025.3606751,article,IEEE Transactions on Neural Networks and Learning Systems,https://openalex.org/W4414564138
IEEE Transactions on Neural Networks and Learning Systems,IEEE,2025,2025-09-25,Mars Express Orbiter Power Consumption Prediction Based on Bionic Hierarchical Learning Network,Zhuoyi Qian; Zhen Chen; Ershun Pan,37,2,10.1109/tnnls.2025.3611001,https://doi.org/10.1109/tnnls.2025.3611001,article,IEEE Transactions on Neural Networks and Learning Systems,https://openalex.org/W4414563851
IEEE Transactions on Neural Networks and Learning Systems,IEEE,2025,2025-09-26,An Empirical Study of Federated Learning on IoT–Edge Devices: Resource Allocation and Heterogeneity,Kok‐Seng Wong; Duc-Manh Nguyen; Khiem H. Le; Lap Ho; Cuong Do; Danh Le-Phuoc,37,2,10.1109/tnnls.2025.3611415,https://doi.org/10.1109/tnnls.2025.3611415,article,IEEE Transactions on Neural Networks and Learning Systems,https://openalex.org/W4414538841
IEEE Transactions on Neural Networks and Learning Systems,IEEE,2025,2025-09-26,Virtual Target-Oriented Neural Learning for Robust Optimal Tracking Control of Discrete Strict-Feedback Systems,Ying Yan; Huaguang Zhang; Jiayue Sun; Zhongyang Ming,37,1,10.1109/tnnls.2025.3604566,https://doi.org/10.1109/tnnls.2025.3604566,article,IEEE Transactions on Neural Networks and Learning Systems,https://openalex.org/W4414538485
IEEE Transactions on Neural Networks and Learning Systems,IEEE,2025,2025-09-29,Distributed FilterNet Reinforcement Learning for Achieving Output Consensus in Heterogeneous Multiplayer Multiagent Systems,Jiacheng Wu; Bosen Lian; Changyun Wen; Yang Zhu,37,2,10.1109/tnnls.2025.3609525,https://doi.org/10.1109/tnnls.2025.3609525,article,IEEE Transactions on Neural Networks and Learning Systems,https://openalex.org/W4414603515
IEEE Transactions on Neural Networks and Learning Systems,IEEE,2025,2025-09-29,Robust Fine-Grained Visual Categorization via Cyclical Attention,Bin Kang; Dong Liang; Daoyuan Chen; Tianyu Ding; Mingqiang Wei,37,1,10.1109/tnnls.2025.3608560,https://doi.org/10.1109/tnnls.2025.3608560,article,IEEE Transactions on Neural Networks and Learning Systems,https://openalex.org/W4414603317
IEEE Transactions on Neural Networks and Learning Systems,IEEE,2025,2025-10-01,All-to-All Connected Oscillator Ising Machines and Their Application as Associative Memory,Yi Cheng; Zongli Lin,37,2,10.1109/tnnls.2025.3609571,https://doi.org/10.1109/tnnls.2025.3609571,article,IEEE Transactions on Neural Networks and Learning Systems,https://openalex.org/W4414693410
IEEE Transactions on Neural Networks and Learning Systems,IEEE,2025,2025-10-01,IEEE Computational Intelligence Society Information,,36,10,10.1109/tnnls.2025.3611088,https://doi.org/10.1109/tnnls.2025.3611088,paratext,IEEE Transactions on Neural Networks and Learning Systems,https://openalex.org/W4414934674
IEEE Transactions on Neural Networks and Learning Systems,IEEE,2025,2025-10-01,IEEE Transactions on Neural Networks and Learning Systems Information for Authors,,36,10,10.1109/tnnls.2025.3611086,https://doi.org/10.1109/tnnls.2025.3611086,paratext,IEEE Transactions on Neural Networks and Learning Systems,https://openalex.org/W4414908715
IEEE Transactions on Neural Networks and Learning Systems,IEEE,2025,2025-10-01,IEEE Transactions on Neural Networks and Learning Systems Publication Information,,36,10,10.1109/tnnls.2025.3611090,https://doi.org/10.1109/tnnls.2025.3611090,paratext,IEEE Transactions on Neural Networks and Learning Systems,https://openalex.org/W4414908669
IEEE Transactions on Neural Networks and Learning Systems,IEEE,2025,2025-10-01,Modal Detection Informed Classification Evaluation via Ensemble Networks for Expensive Constrained Multimodal Optimization,Kunjie Yu; Fan Chen; Mingyuan Yu; Jing Liang; Ke Chen,37,2,10.1109/tnnls.2025.3612490,https://doi.org/10.1109/tnnls.2025.3612490,article,IEEE Transactions on Neural Networks and Learning Systems,https://openalex.org/W4414693272
IEEE Transactions on Neural Networks and Learning Systems,IEEE,2025,2025-10-01,Optical-Cue-Guided Diffusion Probabilistic Model for Reflection Removal,Feiyang Zhang; Yuenan Li; Xiangming Chang,37,2,10.1109/tnnls.2025.3612402,https://doi.org/10.1109/tnnls.2025.3612402,article,IEEE Transactions on Neural Networks and Learning Systems,https://openalex.org/W4414693249
IEEE Transactions on Neural Networks and Learning Systems,IEEE,2025,2025-10-01,Optimizing the Output of Long Short-Term Memory Cell for High-Frequency Forecasting in Financial Markets,Adamantios Ntakaris; Moncef Gabbouj; Juho Kanniainen,37,2,10.1109/tnnls.2025.3611887,https://doi.org/10.1109/tnnls.2025.3611887,article,IEEE Transactions on Neural Networks and Learning Systems,https://openalex.org/W4414693386
IEEE Transactions on Neural Networks and Learning Systems,IEEE,2025,2025-10-01,Table of Contents,,36,10,10.1109/tnnls.2025.3611092,https://doi.org/10.1109/tnnls.2025.3611092,paratext,IEEE Transactions on Neural Networks and Learning Systems,https://openalex.org/W4414933137
IEEE Transactions on Neural Networks and Learning Systems,IEEE,2025,2025-10-03,FedNK-RF: Federated Kernel Learning With Heterogeneous Data and Optimal Rates,Xuning Zhang; Jian Li; Rong Yin; Weiping Wang,37,2,10.1109/tnnls.2025.3612728,https://doi.org/10.1109/tnnls.2025.3612728,article,IEEE Transactions on Neural Networks and Learning Systems,https://openalex.org/W4414798867
IEEE Transactions on Neural Networks and Learning Systems,IEEE,2025,2025-10-06,DMutDE: Dual-View Mutual Distillation Framework for Knowledge Graph Embeddings,R. Liu; Zhe Wu; Yiling Wu; Zongsheng Cao; Qianqian Xu; Qingming Huang,37,1,10.1109/tnnls.2025.3608503,https://doi.org/10.1109/tnnls.2025.3608503,article,IEEE Transactions on Neural Networks and Learning Systems,https://openalex.org/W4414856634
IEEE Transactions on Neural Networks and Learning Systems,IEEE,2025,2025-10-06,FedMPS: Federated Learning in a Synergy of Multi-Level Prototype-Based Contrastive Learning and Soft Label Generation,Wenxin Yang; Xingchen Hu; Xiubin Zhu; Rouwan Wu; Witold Pedrycz; Xinwang Liu; Jincai Huang,37,2,10.1109/tnnls.2025.3611832,https://doi.org/10.1109/tnnls.2025.3611832,article,IEEE Transactions on Neural Networks and Learning Systems,https://openalex.org/W4414856475
IEEE Transactions on Neural Networks and Learning Systems,IEEE,2025,2025-10-06,Hard Sample Mining: A New Paradigm of Efficient and Robust Model Training,Lei Liu; Yunji Liang; Xiaokai Yan; Luwen Huangfu; Sagar Samtani; Zhiwen Yu; Yanyong Zhang; Daniel Dajun Zeng,37,2,10.1109/tnnls.2025.3610948,https://doi.org/10.1109/tnnls.2025.3610948,article,IEEE Transactions on Neural Networks and Learning Systems,https://openalex.org/W4414856613
IEEE Transactions on Neural Networks and Learning Systems,IEEE,2025,2025-10-06,Learning Counterfactual Fair Representation Under Covariate Shift via Reflux,Yiliang Xia; Xiaohang Zhang; Zhengren Li,37,2,10.1109/tnnls.2025.3613549,https://doi.org/10.1109/tnnls.2025.3613549,article,IEEE Transactions on Neural Networks and Learning Systems,https://openalex.org/W4414856635
IEEE Transactions on Neural Networks and Learning Systems,IEEE,2025,2025-10-06,Multigranularity Deep Graph Convolutional Neural Network Node Clustering Leveraging Spatial Information,Bin Yu; Haibo Yang,37,3,10.1109/tnnls.2025.3615830,https://doi.org/10.1109/tnnls.2025.3615830,article,IEEE Transactions on Neural Networks and Learning Systems,https://openalex.org/W4414856628
IEEE Transactions on Neural Networks and Learning Systems,IEEE,2025,2025-10-06,PID: A Parameter-Efficient Isolation Domain-Incremental Learning Framework for Signal Modulation Classification,Guanchun Wang; Ziyi Liu; Xiangrong Zhang; Yifan Chen; Yifang Zhang; Jin Zhu; Licheng Jiao,37,3,10.1109/tnnls.2025.3615307,https://doi.org/10.1109/tnnls.2025.3615307,article,IEEE Transactions on Neural Networks and Learning Systems,https://openalex.org/W4414856432
IEEE Transactions on Neural Networks and Learning Systems,IEEE,2025,2025-10-06,Syntax-Oriented Shortcut: A Syntax Level Perturbing Algorithm for Preventing Text Data From Being Learned,Bo Li; Kun Zhang; Xi Chen; Richang Hong,37,2,10.1109/tnnls.2025.3609842,https://doi.org/10.1109/tnnls.2025.3609842,article,IEEE Transactions on Neural Networks and Learning Systems,https://openalex.org/W4414856452
IEEE Transactions on Neural Networks and Learning Systems,IEEE,2025,2025-10-06,Theoretical Convergence Analysis and Initialization Comparisons of Deep Soft-Thresholding Networks,Chunyan Xiong; Mengxue Zhang; Wei Tu; Yihui Huang; Jian Cao; Qingrui Cai; Zhong Chen; Xiaobo Qu,37,2,10.1109/tnnls.2025.3614196,https://doi.org/10.1109/tnnls.2025.3614196,article,IEEE Transactions on Neural Networks and Learning Systems,https://openalex.org/W4414856482
IEEE Transactions on Neural Networks and Learning Systems,IEEE,2025,2025-10-06,Three-Dimensional Multiobject Tracking Based on Voxel Masking Encoder and Deep Hashing Paradigm,Saiyu Li; Zhong Chen; Hui Li; Ye Tao; Ying Gao; Jun Yan,37,2,10.1109/tnnls.2025.3613354,https://doi.org/10.1109/tnnls.2025.3613354,article,IEEE Transactions on Neural Networks and Learning Systems,https://openalex.org/W4414856420
IEEE Transactions on Neural Networks and Learning Systems,IEEE,2025,2025-10-06,Unbiased Semantic Decoding With Vision Foundation Models for Few-Shot Segmentation,Jin Wang; Bingfeng Zhang; Jian Pang; Weifeng Liu; Baodi Liu; Honglong Chen,37,2,10.1109/tnnls.2025.3611497,https://doi.org/10.1109/tnnls.2025.3611497,article,IEEE Transactions on Neural Networks and Learning Systems,https://openalex.org/W4414856636
IEEE Transactions on Neural Networks and Learning Systems,IEEE,2025,2025-10-07,A Novel Pattern Learning Framework With Enhanced Scalability for Continuous Optimization,Jian Qin; Yuanqiu Mo; Hongzhe Liu; Zhi‐Hui Zhan; Wenwu Yu,37,2,10.1109/tnnls.2025.3610993,https://doi.org/10.1109/tnnls.2025.3610993,article,IEEE Transactions on Neural Networks and Learning Systems,https://openalex.org/W4414982696
IEEE Transactions on Neural Networks and Learning Systems,IEEE,2025,2025-10-07,Boosting Few-Shot Hyperspectral Image Classification Through Dynamic Fusion and Hierarchical Enhancement,Ying Guo; Bin Fan; Yuchao Dai; Yan Feng; Mingyi He,37,3,10.1109/tnnls.2025.3615950,https://doi.org/10.1109/tnnls.2025.3615950,article,IEEE Transactions on Neural Networks and Learning Systems,https://openalex.org/W4414982856
IEEE Transactions on Neural Networks and Learning Systems,IEEE,2025,2025-10-07,FGPLFA: Fine-Grained Pseudo-Labeling and Feature Alignment for Source-Free Unsupervised Domain Adaptation,Zhongyi Wen; Qiang Li; Yatong Wang; Huaizong Shao; Guoming Sun,37,3,10.1109/tnnls.2025.3616236,https://doi.org/10.1109/tnnls.2025.3616236,article,IEEE Transactions on Neural Networks and Learning Systems,https://openalex.org/W4414982790
IEEE Transactions on Neural Networks and Learning Systems,IEEE,2025,2025-10-07,FedMKD: Hybrid Feature Guided Multilayer Fusion Knowledge Distillation in Heterogeneous Federated Learning,Peng Han; Han Xiao; Shenhai Zheng; Yuanyuan Li; Guanqiu Qi; Zhiqin Zhu,37,3,10.1109/tnnls.2025.3615230,https://doi.org/10.1109/tnnls.2025.3615230,article,IEEE Transactions on Neural Networks and Learning Systems,https://openalex.org/W4414982704
IEEE Transactions on Neural Networks and Learning Systems,IEEE,2025,2025-10-07,MDSF-YOLO: Advancing Object Detection With a Multiscale Dilated Sequence Fusion Network,Yu Xin Sun; Chong Zhang; Xian Li; Xuyang Jing; Hui Fang Kong; Qing‐Guo Wang,37,3,10.1109/tnnls.2025.3617122,https://doi.org/10.1109/tnnls.2025.3617122,article,IEEE Transactions on Neural Networks and Learning Systems,https://openalex.org/W4414982618
IEEE Transactions on Neural Networks and Learning Systems,IEEE,2025,2025-10-08,HKANLP: Link Prediction With Hyperspherical Embeddings and Kolmogorov–Arnold Networks,Wenchuan Zhang; Wentao Fan; Weifeng Su; Nizar Bouguila,37,2,10.1109/tnnls.2025.3614341,https://doi.org/10.1109/tnnls.2025.3614341,article,IEEE Transactions on Neural Networks and Learning Systems,https://openalex.org/W4414955906
IEEE Transactions on Neural Networks and Learning Systems,IEEE,2025,2025-10-08,IML-Spikeformer: Input-Aware Multilevel Spiking Transformer for Speech Processing,Zeyang Song; Shimin Zhang; Yuhong Chou; Jibin Wu; Haizhou Li,37,3,10.1109/tnnls.2025.3615971,https://doi.org/10.1109/tnnls.2025.3615971,article,IEEE Transactions on Neural Networks and Learning Systems,https://openalex.org/W4414955889
IEEE Transactions on Neural Networks and Learning Systems,IEEE,2025,2025-10-09,Distill to Delete: Unlearning in Graph Networks With Knowledge Distillation,Yash Sinha; Murari Mandal; Mohan Kankanhalli,37,1,10.1109/tnnls.2025.3607995,https://doi.org/10.1109/tnnls.2025.3607995,article,IEEE Transactions on Neural Networks and Learning Systems,https://openalex.org/W4415063420
IEEE Transactions on Neural Networks and Learning Systems,IEEE,2025,2025-10-09,Feature Enhancement Module Based on Class-Centric Loss for Fine-Grained Visual Classification,Daohui Wang; He Xinyu; Shujing Lyu; Wei Tian; Yue Lu,37,2,10.1109/tnnls.2025.3613791,https://doi.org/10.1109/tnnls.2025.3613791,article,IEEE Transactions on Neural Networks and Learning Systems,https://openalex.org/W4415063549
IEEE Transactions on Neural Networks and Learning Systems,IEEE,2025,2025-10-09,Inhibiting Error Exacerbation in Offline Reinforcement Learning With Data Sparsity,Fan Zhang; Malu Zhang; Wenyu Chen; Siying Wang; Xin Zhang; Jiayin Li; Yang Yang,37,3,10.1109/tnnls.2025.3615982,https://doi.org/10.1109/tnnls.2025.3615982,article,IEEE Transactions on Neural Networks and Learning Systems,https://openalex.org/W4415063267
IEEE Transactions on Neural Networks and Learning Systems,IEEE,2025,2025-10-09,Multimodal Cross-City Semantic Segmentation Based on Similarity-Inspired Fusion and Invertible Transformation Learning Network,Lijia Dong; Wen Jiang; Zhengyi Xu; Jie Geng,37,3,10.1109/tnnls.2025.3617345,https://doi.org/10.1109/tnnls.2025.3617345,article,IEEE Transactions on Neural Networks and Learning Systems,https://openalex.org/W4415063590
IEEE Transactions on Neural Networks and Learning Systems,IEEE,2025,2025-10-09,Semi-Supervised Breast Lesion Segmentation Using Confidence-Ranked Features and Bi-Level Prototypes,Siyao Jiang; Huisi Wu; Yu Zhou; Junyang Chen; Jing Qin,37,3,10.1109/tnnls.2025.3616332,https://doi.org/10.1109/tnnls.2025.3616332,article,IEEE Transactions on Neural Networks and Learning Systems,https://openalex.org/W4415063570
IEEE Transactions on Neural Networks and Learning Systems,IEEE,2025,2025-10-13,Generalizable Offline Multiobjective Reinforcement Learning via Preference-Conditioned Diffuser,Yuchen Xiao; Lei Yuan; Lihe Li; Ziqian Zhang; Yi-Chen Li; Yang Yu,36,12,10.1109/tnnls.2025.3591838,https://doi.org/10.1109/tnnls.2025.3591838,article,IEEE Transactions on Neural Networks and Learning Systems,https://openalex.org/W4415124287
IEEE Transactions on Neural Networks and Learning Systems,IEEE,2025,2025-10-14,A Mathematical Certification for Positivity Conditions in Neural Networks With Applications to Partial Monotonicity and Trustworthy AI,Alejandro Polo-Molina; David Alfaya; José Portela,37,2,10.1109/tnnls.2025.3614431,https://doi.org/10.1109/tnnls.2025.3614431,article,IEEE Transactions on Neural Networks and Learning Systems,https://openalex.org/W4415179136
IEEE Transactions on Neural Networks and Learning Systems,IEEE,2025,2025-10-14,Large-Scale Multiview Clustering via Joint Learning of Anchor Representation and Multigraph Alignment,Ronghua Shang; Jingya Liu; Xinyuan Wang; Jingyu Zhong; Weitong Zhang; Songhua Xu,37,3,10.1109/tnnls.2025.3616320,https://doi.org/10.1109/tnnls.2025.3616320,article,IEEE Transactions on Neural Networks and Learning Systems,https://openalex.org/W4415178881
IEEE Transactions on Neural Networks and Learning Systems,IEEE,2025,2025-10-14,PGFormer: A Prototype-Graph Transformer for Incomplete Multiview Clustering,Yiming Du; Yao Wang; Ziyu Wang; Rui Ning; Lusi Li,37,3,10.1109/tnnls.2025.3617888,https://doi.org/10.1109/tnnls.2025.3617888,article,IEEE Transactions on Neural Networks and Learning Systems,https://openalex.org/W4415178827
IEEE Transactions on Neural Networks and Learning Systems,IEEE,2025,2025-10-14,Targeted Mining of Time-Interval Related Patterns,Shuang Liang; Lili Chen; Wensheng Gan; Philip S. Yu; Shengjie Zhao,37,2,10.1109/tnnls.2025.3613966,https://doi.org/10.1109/tnnls.2025.3613966,article,IEEE Transactions on Neural Networks and Learning Systems,https://openalex.org/W4415179185
IEEE Transactions on Neural Networks and Learning Systems,IEEE,2025,2025-10-14,Toward Reliable Offline Reinforcement Learning via Lyapunov Uncertainty Control,Ke Jiang; Li Yao; Xiaoyang Tan,37,3,10.1109/tnnls.2025.3616159,https://doi.org/10.1109/tnnls.2025.3616159,article,IEEE Transactions on Neural Networks and Learning Systems,https://openalex.org/W4415178866
IEEE Transactions on Neural Networks and Learning Systems,IEEE,2025,2025-10-14,Unsupervised Skill Discovery Through Skill Regions Differentiation,Ting Xiao; Jiakun Zheng; Rushuai Yang; Kang Xu; Qiaosheng Eric Zhang; Peng Liu; Zhe Wang; Chenjia Bai,37,2,10.1109/tnnls.2025.3613857,https://doi.org/10.1109/tnnls.2025.3613857,article,IEEE Transactions on Neural Networks and Learning Systems,https://openalex.org/W4415178611
IEEE Transactions on Neural Networks and Learning Systems,IEEE,2025,2025-10-15,CRL-MM: Context-Aware Relational Learning and Multidimensional Matching for Few-Shot Knowledge Graph Completion,Wenchao Jiang; Fengchun Wu; Fanlong Zhang; Quan Chen; Zhiming Zhao; Song Guo,37,3,10.1109/tnnls.2025.3615900,https://doi.org/10.1109/tnnls.2025.3615900,article,IEEE Transactions on Neural Networks and Learning Systems,https://openalex.org/W4415222069
IEEE Transactions on Neural Networks and Learning Systems,IEEE,2025,2025-10-23,Deep Reinforcement Learning for Online Reconfiguration of Active Distribution Network,Guokai Hao; Yuanzheng Li; Yang Li; Yunfeng Luo; Mohammad Shahidehpour; Zhigang Zeng,37,3,10.1109/tnnls.2025.3617113,https://doi.org/10.1109/tnnls.2025.3617113,article,IEEE Transactions on Neural Networks and Learning Systems,https://openalex.org/W4415482701
IEEE Transactions on Neural Networks and Learning Systems,IEEE,2025,2025-10-23,Granular Ball-Guided Disambiguation for Partial Multilabel Feature Selection via Maximum Consistency Minimum Uncertainty,Fankang Xu; Wenbin Qian; Wenhao Shu; Jintao Huang; Weiping Ding; Shuyin Xia,37,2,10.1109/tnnls.2025.3610795,https://doi.org/10.1109/tnnls.2025.3610795,article,IEEE Transactions on Neural Networks and Learning Systems,https://openalex.org/W4415482683
IEEE Transactions on Neural Networks and Learning Systems,IEEE,2025,2025-10-23,Trend and Order Features for Semi-Supervised Time-Series Classification via Multitask Learning,Rongjun Chen; Xuanhui Yan; Guobao Xiao; Yi Hou; Shilin Zhou,37,3,10.1109/tnnls.2025.3616340,https://doi.org/10.1109/tnnls.2025.3616340,article,IEEE Transactions on Neural Networks and Learning Systems,https://openalex.org/W4415482707
IEEE Transactions on Neural Networks and Learning Systems,IEEE,2025,2025-10-27,A Transfer Learning SSVEP Decoding Algorithm Calibrated With Single-Trial Data,Jing Jin; Ke Qin; Brendan Z. Allison; Shurui Li; Yutao Zhang; Xingyu Wang; Andrzej S Cichocki,37,3,10.1109/tnnls.2025.3617508,https://doi.org/10.1109/tnnls.2025.3617508,article,IEEE Transactions on Neural Networks and Learning Systems,https://openalex.org/W4415554376
IEEE Transactions on Neural Networks and Learning Systems,IEEE,2025,2025-10-27,Lightweight Reparameterizable Integral Neural Networks for Mobile Applications,Jinhua Lin; Xin Li; Bowen Ren; Xiangdong Hao; Quan Wang; Yu Yao,37,2,10.1109/tnnls.2025.3612265,https://doi.org/10.1109/tnnls.2025.3612265,article,IEEE Transactions on Neural Networks and Learning Systems,https://openalex.org/W4415594088
IEEE Transactions on Neural Networks and Learning Systems,IEEE,2025,2025-10-27,SNN-FT: Temporal-Coded Spiking Neural Networks for Fourier Transform,Shuai Wang; Haorui Zheng; Yukun Chen; Ammar Belatreche; Guoqing Wang; Yeying Jin; Jibin Wu; Malu Zhang; Yang Yang; Haizhou Li,37,4,10.1109/tnnls.2025.3622893,https://doi.org/10.1109/tnnls.2025.3622893,article,IEEE Transactions on Neural Networks and Learning Systems,https://openalex.org/W4415594096
IEEE Transactions on Neural Networks and Learning Systems,IEEE,2025,2025-10-27,Segment Any Cell: A SAM-Based Auto-Prompting Fine-Tuning Framework for Nuclei Segmentation,Saiyang Na; Yuzhi Guo; Feng Jiang; Hehuan Ma; Jean Gao; Junzhou Huang,36,12,10.1109/tnnls.2025.3611322,https://doi.org/10.1109/tnnls.2025.3611322,article,IEEE Transactions on Neural Networks and Learning Systems,https://openalex.org/W4415593903
IEEE Transactions on Neural Networks and Learning Systems,IEEE,2025,2025-10-27,Single-Domain Generalization via Path Flatness-Aware Optimization of Loss Landscapes,Zizhou Wang; Yan Wang; Yangqin Feng; Jiawei Du; Joey Tianyi Zhou; Rick Siow Mong Goh; Yong Liu; Liangli Zhen,37,3,10.1109/tnnls.2025.3616593,https://doi.org/10.1109/tnnls.2025.3616593,article,IEEE Transactions on Neural Networks and Learning Systems,https://openalex.org/W4415554414
IEEE Transactions on Neural Networks and Learning Systems,IEEE,2025,2025-10-28,A Physics-Informed Demonstration-Guided Learning Framework for Granular Material Manipulation,Minglun Wei; Xintong Yang; Yu‐Kun Lai; Seyed Amir Tafrishi; Ze Ji,37,4,10.1109/tnnls.2025.3622482,https://doi.org/10.1109/tnnls.2025.3622482,article,IEEE Transactions on Neural Networks and Learning Systems,https://openalex.org/W4415624389
IEEE Transactions on Neural Networks and Learning Systems,IEEE,2025,2025-10-28,Be Reliable: An Interpretable Attribute-Oriented Representation Learning Framework,Zihan Fang; Shide Du; Ying Zou; Yanchao Tan; Na Song; Shiping Wang,37,3,10.1109/tnnls.2025.3618290,https://doi.org/10.1109/tnnls.2025.3618290,article,IEEE Transactions on Neural Networks and Learning Systems,https://openalex.org/W4415624390
IEEE Transactions on Neural Networks and Learning Systems,IEEE,2025,2025-10-28,Decentralized Online Optimization With Compressed Communication Over Directed Graphs,Honglei Liu; Baoyong Zhang; Zhan Yu; Deming Yuan; Mingcheng Dai,37,4,10.1109/tnnls.2025.3622106,https://doi.org/10.1109/tnnls.2025.3622106,article,IEEE Transactions on Neural Networks and Learning Systems,https://openalex.org/W4415624369
IEEE Transactions on Neural Networks and Learning Systems,IEEE,2025,2025-10-28,Generative Fuzzy System for Sequence-to-Sequence Learning via Rule-Based Inference,Hailong Yang; Zhaohong Deng; Wei Zhang; Zhuangzhuang Zhao; Guanjin Wang; Kup‐Sze Choi,37,3,10.1109/tnnls.2025.3615650,https://doi.org/10.1109/tnnls.2025.3615650,article,IEEE Transactions on Neural Networks and Learning Systems,https://openalex.org/W4415624394
IEEE Transactions on Neural Networks and Learning Systems,IEEE,2025,2025-10-28,Higher Order Cumulants-Based Method for Direct and Efficient Causal Discovery,Wei Chen; Linjun Peng; Zhiyi Huang; Ruichu Cai; Zhifeng Hao; Kun Zhang,37,4,10.1109/tnnls.2025.3622148,https://doi.org/10.1109/tnnls.2025.3622148,article,IEEE Transactions on Neural Networks and Learning Systems,https://openalex.org/W4415624381
IEEE Transactions on Neural Networks and Learning Systems,IEEE,2025,2025-10-28,HomLLM: Exploiting Semantic Homology Relationship for Fine-Grained Bird Image Classification via Large Language Models,Hai Liu; Yu Qiu Song; Tingting Liu; Hao Zheng; Lin Chen; Zhaoli Zhang; Youfu Li,37,3,10.1109/tnnls.2025.3617339,https://doi.org/10.1109/tnnls.2025.3617339,article,IEEE Transactions on Neural Networks and Learning Systems,https://openalex.org/W4415624351
IEEE Transactions on Neural Networks and Learning Systems,IEEE,2025,2025-10-28,Kernel-Based Representation Alignment for Class Imbalanced Semi-Supervised Learning,Zuoyong Li; Jinhuang Ye; Jie Wen; Haixiong Liu; Tao Wang; Weisi Lin,37,4,10.1109/tnnls.2025.3622936,https://doi.org/10.1109/tnnls.2025.3622936,article,IEEE Transactions on Neural Networks and Learning Systems,https://openalex.org/W4415624360
IEEE Transactions on Neural Networks and Learning Systems,IEEE,2025,2025-10-28,Multimodal Aspect-Based Sentiment Analysis With Plugin-Enhanced Large Language Models,Yuanhe Tian; Yan Song; Yongdong Zhang,37,4,10.1109/tnnls.2025.3622470,https://doi.org/10.1109/tnnls.2025.3622470,article,IEEE Transactions on Neural Networks and Learning Systems,https://openalex.org/W4415624391
IEEE Transactions on Neural Networks and Learning Systems,IEEE,2025,2025-10-28,Multimodality Image Registration With Modality Distillation,Xichuan Zhou; Jun-Kang Zhao; Lihui Chen; Gemine Vivone; Yanchun Liu; Jing Nie; Haijun Liu,37,3,10.1109/tnnls.2025.3621065,https://doi.org/10.1109/tnnls.2025.3621065,article,IEEE Transactions on Neural Networks and Learning Systems,https://openalex.org/W4415624362
IEEE Transactions on Neural Networks and Learning Systems,IEEE,2025,2025-10-28,Multiscale Spatiotemporal Graph Convolutional Networks With Dynamic Delay Awareness for Traffic Forecasting,Guodong Zhu; Xingyi Zhang; Yunyun Niu; Songzhi Du,37,3,10.1109/tnnls.2025.3617860,https://doi.org/10.1109/tnnls.2025.3617860,article,IEEE Transactions on Neural Networks and Learning Systems,https://openalex.org/W4415624379
IEEE Transactions on Neural Networks and Learning Systems,IEEE,2025,2025-10-28,Progressive Feedforward Collapse of ResNet Training,Sicong Wang; Kuo Gai; Shihua Zhang,37,3,10.1109/tnnls.2025.3620798,https://doi.org/10.1109/tnnls.2025.3620798,article,IEEE Transactions on Neural Networks and Learning Systems,https://openalex.org/W4415624367
IEEE Transactions on Neural Networks and Learning Systems,IEEE,2025,2025-10-28,Tensor Multi-Subspace Representation for Remote Sensing Image Mixed Noise Removal,Jing‐Hua Yang; Heng-Chao Li; Meng Ding; Xi-Le Zhao; Wenyu Hu,37,3,10.1109/tnnls.2025.3620863,https://doi.org/10.1109/tnnls.2025.3620863,article,IEEE Transactions on Neural Networks and Learning Systems,https://openalex.org/W4415624358
IEEE Transactions on Neural Networks and Learning Systems,IEEE,2025,2025-10-29,A Novel Approach for Perceptions of Physician Decision-Making and Latent Topic Refinement in Large Language Model-Enhanced Medical Dialog Generation,Jinli Zhang; Junzhe Jiang; Fenglong Ma; Zongli Jiang; Qi Tan; Yongcheng Zhou,36,12,10.1109/tnnls.2025.3569168,https://doi.org/10.1109/tnnls.2025.3569168,article,IEEE Transactions on Neural Networks and Learning Systems,https://openalex.org/W4415671970
IEEE Transactions on Neural Networks and Learning Systems,IEEE,2025,2025-10-29,IEEE Computational Intelligence Society,,36,11,10.1109/tnnls.2025.3616872,https://doi.org/10.1109/tnnls.2025.3616872,article,IEEE Transactions on Neural Networks and Learning Systems,https://openalex.org/W4415671990
IEEE Transactions on Neural Networks and Learning Systems,IEEE,2025,2025-10-29,IEEE Transactions on Neural Networks and Learning Systems Information for Authors,,36,11,10.1109/tnnls.2025.3616870,https://doi.org/10.1109/tnnls.2025.3616870,paratext,IEEE Transactions on Neural Networks and Learning Systems,https://openalex.org/W4415671987
IEEE Transactions on Neural Networks and Learning Systems,IEEE,2025,2025-10-29,IEEE Transactions on Neural Networks and Learning Systems Publication Information,,36,11,10.1109/tnnls.2025.3616874,https://doi.org/10.1109/tnnls.2025.3616874,paratext,IEEE Transactions on Neural Networks and Learning Systems,https://openalex.org/W4415671978
IEEE Transactions on Neural Networks and Learning Systems,IEEE,2025,2025-10-29,Table of Contents,,36,11,10.1109/tnnls.2025.3616876,https://doi.org/10.1109/tnnls.2025.3616876,paratext,IEEE Transactions on Neural Networks and Learning Systems,https://openalex.org/W4415671969
IEEE Transactions on Neural Networks and Learning Systems,IEEE,2025,2025-10-30,An Intrinsically Knowledge-Transferring Developmental Spiking Neural Network for Tactile Classification,Jiaqi Xing; Wei Shan Li; Zezheng Zhang; Libo Chen; Md. Nazibul Hasan; Zhibin Zhang,37,4,10.1109/tnnls.2025.3623703,https://doi.org/10.1109/tnnls.2025.3623703,article,IEEE Transactions on Neural Networks and Learning Systems,https://openalex.org/W4415707252
IEEE Transactions on Neural Networks and Learning Systems,IEEE,2025,2025-10-30,Enhancing the Policy Generalization on OOD Tasks via Latent Variable Distribution Enhancement Sampler,Shaobo Li; Jie Lin; Xiangyuan Yang; Hanlin Zhang; Peng Fei Zhao,37,3,10.1109/tnnls.2025.3614724,https://doi.org/10.1109/tnnls.2025.3614724,article,IEEE Transactions on Neural Networks and Learning Systems,https://openalex.org/W4415707245
IEEE Transactions on Neural Networks and Learning Systems,IEEE,2025,2025-10-30,Noise-Tolerant CIM-DNNs Explained,Fan-husan Meng; Eric Yeu‐Jer Lee; Yuting Wu; Ziyu Wang; Wei Lü,37,3,10.1109/tnnls.2025.3621473,https://doi.org/10.1109/tnnls.2025.3621473,article,IEEE Transactions on Neural Networks and Learning Systems,https://openalex.org/W4415707202
IEEE Transactions on Neural Networks and Learning Systems,IEEE,2025,2025-10-30,PromptVAD: Abnormal Prompt via Vision-Language Model,Shuo Li; Fang Liu; Licheng Jiao; Zehua Hao; Jiahao Wang; Long Sun; Lingling Li; Xu Liu; Puhua Chen,37,3,10.1109/tnnls.2025.3621336,https://doi.org/10.1109/tnnls.2025.3621336,article,IEEE Transactions on Neural Networks and Learning Systems,https://openalex.org/W4415707390
IEEE Transactions on Neural Networks and Learning Systems,IEEE,2025,2025-10-30,Regret Minimization in Population Network Games: Vanishing Heterogeneity and Convergence to Equilibria,Die Hu; Shuyue Hu; Chunjiang Mu; Shiqi Fan; Chen Chu; Jinzhuo Liu; Zhen Wang,36,12,10.1109/tnnls.2025.3565266,https://doi.org/10.1109/tnnls.2025.3565266,article,IEEE Transactions on Neural Networks and Learning Systems,https://openalex.org/W4415707253
IEEE Transactions on Neural Networks and Learning Systems,IEEE,2025,2025-10-30,Sparse Mixture of Mambas for Domain Generalized Atomic Electron Tomography Augmentation,Yang Yu; Jingling Yuan; Xian Zhong; Qixuan Zhao; Wen Luo; Liqiang Mai,37,2,10.1109/tnnls.2025.3613878,https://doi.org/10.1109/tnnls.2025.3613878,article,IEEE Transactions on Neural Networks and Learning Systems,https://openalex.org/W4415707370
IEEE Transactions on Neural Networks and Learning Systems,IEEE,2025,2025-10-31,Generalized Subspace Coupling Approach for Robust Low-Tubal-Rank Tensor Completion,Weichao Kong; Qingrong Feng; Qianyu Shu; Jianjun Wang; Tingwen Huang; Bin Zhang,37,4,10.1109/tnnls.2025.3622331,https://doi.org/10.1109/tnnls.2025.3622331,article,IEEE Transactions on Neural Networks and Learning Systems,https://openalex.org/W4415748252
IEEE Transactions on Neural Networks and Learning Systems,IEEE,2025,2025-10-31,LEPD-Net: A Lightweight and Efficient Network for Pedestrian Detection,Wenliang Ge; Shucheng Huang; Mingxing Li; Yifan Jiao,37,4,10.1109/tnnls.2025.3624356,https://doi.org/10.1109/tnnls.2025.3624356,article,IEEE Transactions on Neural Networks and Learning Systems,https://openalex.org/W4415748257
IEEE Transactions on Neural Networks and Learning Systems,IEEE,2025,2025-10-31,Multiscale Contrastive Learning for Node Clustering Based on Variational Graph Auto-Encoder,Nazila Pourhaji Aghayengejeh; Mohammad Ali Balafar; Jafar Tanha; Narjes Nikzad-Khasmakhi; Shervin Minaee,37,2,10.1109/tnnls.2025.3610024,https://doi.org/10.1109/tnnls.2025.3610024,article,IEEE Transactions on Neural Networks and Learning Systems,https://openalex.org/W4415748256
IEEE Transactions on Neural Networks and Learning Systems,IEEE,2025,2025-10-31,Spectral Embedding Representation Based on Random Anchor Graph Aggregation,Jie Zhou; Fengkai Li; Can Gao; Weiping Ding; Witold Pedrycz; Guangming Lang,37,4,10.1109/tnnls.2025.3622100,https://doi.org/10.1109/tnnls.2025.3622100,article,IEEE Transactions on Neural Networks and Learning Systems,https://openalex.org/W4415748259
IEEE Transactions on Neural Networks and Learning Systems,IEEE,2025,2025-10-31,Video to Video Generative Adversarial Network for Few-Shot Learning Based on Policy Gradient,Yintai Ma; Diego Klabjan; Jean Utke,37,3,10.1109/tnnls.2025.3616322,https://doi.org/10.1109/tnnls.2025.3616322,article,IEEE Transactions on Neural Networks and Learning Systems,https://openalex.org/W4415748253
IEEE Transactions on Neural Networks and Learning Systems,IEEE,2025,2025-11-03,FIESTA: Fourier-Based Semantic Augmentation With Uncertainty Guidance for Enhanced Domain Generalizability in Medical Image Segmentation,Kwanseok Oh; Eunjin Jeon; Da-Woon Heo; Yooseung Shin; Heung‐Il Suk,37,3,10.1109/tnnls.2025.3620853,https://doi.org/10.1109/tnnls.2025.3620853,article,IEEE Transactions on Neural Networks and Learning Systems,https://openalex.org/W4415821072
IEEE Transactions on Neural Networks and Learning Systems,IEEE,2025,2025-11-03,Integrating Actor–Critic Reinforcement Learning With Evolutionary Algorithm for Multimodal Multiobjective Optimization,Kaili Xiang; Tenglong Huang; Lei Yang; Jie Lin,37,4,10.1109/tnnls.2025.3624785,https://doi.org/10.1109/tnnls.2025.3624785,article,IEEE Transactions on Neural Networks and Learning Systems,https://openalex.org/W4415821328
IEEE Transactions on Neural Networks and Learning Systems,IEEE,2025,2025-11-03,Novel Approach for Decoding Olfactory Receptors Interactions With Molecules Based on Multimodal Feature and Deep Learning Network,Fei Wang; Xiaoya Xie; Yunwei Xiong; Zihao Liu; Miao Kong; Hao Dong; Xing Chen,37,4,10.1109/tnnls.2025.3622055,https://doi.org/10.1109/tnnls.2025.3622055,article,IEEE Transactions on Neural Networks and Learning Systems,https://openalex.org/W4415821326
IEEE Transactions on Neural Networks and Learning Systems,IEEE,2025,2025-11-03,On Imbalance in Case Types: Evaluating and Enhancing PLMs for Criminal Court View Generation,Yuquan Le; Zheng Xiao; Yan Ding; Eng Siong Chng; Kenli Li,37,4,10.1109/tnnls.2025.3622490,https://doi.org/10.1109/tnnls.2025.3622490,article,IEEE Transactions on Neural Networks and Learning Systems,https://openalex.org/W4415821343
IEEE Transactions on Neural Networks and Learning Systems,IEEE,2025,2025-11-04,A Real-Time Neural Representation via Algorithm-Hardware Synergy for Sparse-View CT Reconstruction,Xin Li; Haochuan Wan; Kangjie Long; Qing Wu; Chenhe Du; Ying Su; Zhe Luo; Xin Lou; Yuyao Zhang,37,4,10.1109/tnnls.2025.3626038,https://doi.org/10.1109/tnnls.2025.3626038,article,IEEE Transactions on Neural Networks and Learning Systems,https://openalex.org/W4415883105
IEEE Transactions on Neural Networks and Learning Systems,IEEE,2025,2025-11-04,Expensive Multiobjective Optimization Guided by Attention-Enhanced Generative Models,Guodong Chen; Zhongzheng Wang; Qiqi Liu; Jiu Jimmy Jiao; Yaochu Jin,37,4,10.1109/tnnls.2025.3625964,https://doi.org/10.1109/tnnls.2025.3625964,article,IEEE Transactions on Neural Networks and Learning Systems,https://openalex.org/W4415883144
IEEE Transactions on Neural Networks and Learning Systems,IEEE,2025,2025-11-04,Generalizable Multistage Assembly via One-Shot Category-Level Demonstration,Yu Ren; Yang Cong; Ronghan Chen; Wei Wei Cong; Gan Sun,37,3,10.1109/tnnls.2025.3618280,https://doi.org/10.1109/tnnls.2025.3618280,article,IEEE Transactions on Neural Networks and Learning Systems,https://openalex.org/W4415883147
IEEE Transactions on Neural Networks and Learning Systems,IEEE,2025,2025-11-05,Multimodal Knowledge Graph Completion by Cross-Modal Interaction With Similarity Enhancing and Difference Embracing,Linjia Hao; Yongli Hu; Tong Bie; Huajie Jiang; Junbin Gao; Yanfeng Sun; Baocai Yin,37,3,10.1109/tnnls.2025.3618611,https://doi.org/10.1109/tnnls.2025.3618611,article,IEEE Transactions on Neural Networks and Learning Systems,https://openalex.org/W4415933809
IEEE Transactions on Neural Networks and Learning Systems,IEEE,2025,2025-11-05,ORAL: Adaptive Gap Increasing for Advantage Learning via Occam’s Razor Principle,Zhe Zhang; Yongle Zhou; Yuyang Long; Jia Zhang; Juanjuan Weng; Zhetao Li; Yaozhong Gan; Xiaoyang Tan,37,4,10.1109/tnnls.2025.3626536,https://doi.org/10.1109/tnnls.2025.3626536,article,IEEE Transactions on Neural Networks and Learning Systems,https://openalex.org/W4415933808
IEEE Transactions on Neural Networks and Learning Systems,IEEE,2025,2025-11-06,Adapting Graph Models via Target Integrity Assessment and Source Distribution Hypothesis,Ziyue Qiao; Xiaomin Yu; Weiyu Guo; Xiao Luo; Meng Xiao; Hui Yun Xiong,37,4,10.1109/tnnls.2025.3626361,https://doi.org/10.1109/tnnls.2025.3626361,article,IEEE Transactions on Neural Networks and Learning Systems,https://openalex.org/W4415970985
IEEE Transactions on Neural Networks and Learning Systems,IEEE,2025,2025-11-07,Contrastive-Driven Diversity and Consistency Exploration in Tensorized Multiview Subspace Clustering,Xiaoxing Guo; Gui-Fu Lu,37,3,10.1109/tnnls.2025.3614464,https://doi.org/10.1109/tnnls.2025.3614464,article,IEEE Transactions on Neural Networks and Learning Systems,https://openalex.org/W4416010733
IEEE Transactions on Neural Networks and Learning Systems,IEEE,2025,2025-11-07,From a Social Cognitive Perspective: Context-Aware Visual Social Relationship Recognition,Shiwei Wu; Chao Zhang; Joya Chen; Tong Xu; L. J. Wu; Qimeng Wang; Yan Feng Gao; Yao Bo Hu; Enhong Chen,37,4,10.1109/tnnls.2025.3623197,https://doi.org/10.1109/tnnls.2025.3623197,article,IEEE Transactions on Neural Networks and Learning Systems,https://openalex.org/W4416010730
IEEE Transactions on Neural Networks and Learning Systems,IEEE,2025,2025-11-07,Inverse Reinforcement Learning for Disturbed Networked Nonlinear Systems With Data Dropouts,Pengfei Shi; Wenqian Xue; Jialu Fan; Frank L. Lewis; Bosen Lian,37,4,10.1109/tnnls.2025.3626762,https://doi.org/10.1109/tnnls.2025.3626762,article,IEEE Transactions on Neural Networks and Learning Systems,https://openalex.org/W4416010742
IEEE Transactions on Neural Networks and Learning Systems,IEEE,2025,2025-11-07,Knowledge Graph Reasoning Based on Information Enhancement and Subgraph Alignment,Miaomiao Li; Ke Liang; Yuping Lai; Xinwang Liu,37,5,10.1109/tnnls.2025.3627430,https://doi.org/10.1109/tnnls.2025.3627430,article,IEEE Transactions on Neural Networks and Learning Systems,https://openalex.org/W4416010711
IEEE Transactions on Neural Networks and Learning Systems,IEEE,2025,2025-11-07,Lightweight Dual-Kernel Information Aggregation Network for Efficient Image Super-Resolution,Yinggan Tang; Mengjie Su; Xuguang Zhang,37,4,10.1109/tnnls.2025.3626142,https://doi.org/10.1109/tnnls.2025.3626142,article,IEEE Transactions on Neural Networks and Learning Systems,https://openalex.org/W4416010746
IEEE Transactions on Neural Networks and Learning Systems,IEEE,2025,2025-11-10,Bamboo: A Novel Session-Aware Framework With Equiangular Tight Frame Prototypes for Few-Shot Class-Incremental Learning,Xinrong Lu; Zhe Wang; Zhiling Fu; Xinlei Xu; Qian Zhang; Ting Xiao; Wenli Du,37,5,10.1109/tnnls.2025.3627931,https://doi.org/10.1109/tnnls.2025.3627931,article,IEEE Transactions on Neural Networks and Learning Systems,https://openalex.org/W4416078254
IEEE Transactions on Neural Networks and Learning Systems,IEEE,2025,2025-11-10,MG-DARTS: Multigranularity Differentiable Architecture Search for Tradeoff Between Model Effectiveness and Efficiency,Xiaoyun Liu; Divya Saxena; Jiannong Cao; Yuqing Zhao; Penghui Ruan,37,4,10.1109/tnnls.2025.3625978,https://doi.org/10.1109/tnnls.2025.3625978,article,IEEE Transactions on Neural Networks and Learning Systems,https://openalex.org/W4416078223
IEEE Transactions on Neural Networks and Learning Systems,IEEE,2025,2025-11-10,Unseen From Seen: Rewriting Observation-Instruction Using Foundation Models for Augmenting Vision-Language Navigation,Ziming Wei; Bingqian Lin; Yunshuang Nie; Jiaqi Chen; Shikui Ma; Hang Xu; Xiaodan Liang,37,4,10.1109/tnnls.2025.3624691,https://doi.org/10.1109/tnnls.2025.3624691,article,IEEE Transactions on Neural Networks and Learning Systems,https://openalex.org/W4416140579
IEEE Transactions on Neural Networks and Learning Systems,IEEE,2025,2025-11-11,A Hybrid-Gain ZNN With Precisely Predefined-Time Convergence for Time-Variant LMVI and Its Applications to UR Robotic Arm and Multiagent System,Boyu Zheng; Chio-In Ieong; Chunquan Li; Zhijun Zhang; Junzhi Yu; Peter Xiaoping Liu,37,4,10.1109/tnnls.2025.3624270,https://doi.org/10.1109/tnnls.2025.3624270,article,IEEE Transactions on Neural Networks and Learning Systems,https://openalex.org/W4416113996
IEEE Transactions on Neural Networks and Learning Systems,IEEE,2025,2025-11-11,A Radar Signal Deinterleaving Method Based on Multiscale With Attention Mechanism,Wenbo Li; Yang‐Yang Dong; Chunxi Dong; Ting Sun; Ronghua Guo; Zhiyuan Li,37,4,10.1109/tnnls.2025.3626407,https://doi.org/10.1109/tnnls.2025.3626407,article,IEEE Transactions on Neural Networks and Learning Systems,https://openalex.org/W4416113983
IEEE Transactions on Neural Networks and Learning Systems,IEEE,2025,2025-11-11,Evolving Fuzzy Control of Manipulator in Open Changing Scenarios Based on Offline and Online Fusion Learning,Tao Zhao; Jianhui Pan; Xingxing You,37,4,10.1109/tnnls.2025.3623399,https://doi.org/10.1109/tnnls.2025.3623399,article,IEEE Transactions on Neural Networks and Learning Systems,https://openalex.org/W4416168616
IEEE Transactions on Neural Networks and Learning Systems,IEEE,2025,2025-11-11,Explaining Neural Networks: Hierarchical Backpropagated Ensemble Learning,Guanxiong He; Zheng Wang; Liaoyuan Tang; Runxin Zhang; Rong Wang; Xuelong Li; Feiping Nie,37,4,10.1109/tnnls.2025.3625434,https://doi.org/10.1109/tnnls.2025.3625434,article,IEEE Transactions on Neural Networks and Learning Systems,https://openalex.org/W4416114004
IEEE Transactions on Neural Networks and Learning Systems,IEEE,2025,2025-11-11,GCM: Interpretable Multiagent Reinforcement Learning via Graph Cooperation Modeling,Xuefei Wu; Yuanyang Zhu; Caihua Chen; Chunlin Chen,37,4,10.1109/tnnls.2025.3626000,https://doi.org/10.1109/tnnls.2025.3626000,article,IEEE Transactions on Neural Networks and Learning Systems,https://openalex.org/W4416168492
IEEE Transactions on Neural Networks and Learning Systems,IEEE,2025,2025-11-11,On Continuity of Robust and Accurate Classifiers,Ramin Barati; Reza Safabakhsh; Mohammad Mahdi Rahmati,37,2,10.1109/tnnls.2025.3610816,https://doi.org/10.1109/tnnls.2025.3610816,article,IEEE Transactions on Neural Networks and Learning Systems,https://openalex.org/W4416113995
IEEE Transactions on Neural Networks and Learning Systems,IEEE,2025,2025-11-11,SAFT: Real-Time Tracking and Mapping With Self-Supervised Robust Stereo Matching for Underwater Vehicles,Yaozhong Cao; Xiaolong Hui; Xuejian Bai; Yu Wang; Shuo Wang; Min Han Tan,37,3,10.1109/tnnls.2025.3618666,https://doi.org/10.1109/tnnls.2025.3618666,article,IEEE Transactions on Neural Networks and Learning Systems,https://openalex.org/W4416113985
IEEE Transactions on Neural Networks and Learning Systems,IEEE,2025,2025-11-12,Alzheimer’s Disease Risk Prediction and Pathogeny Extraction Using Fuzzy Graph Evolutionary Generative Adversarial Network,Xia-an Bi; Dayou Chen; Jie Wang; Wenli Chen; Luyun Xu; Yangjun Huang; Baiying Lei; Xiaoping Yi,37,5,10.1109/tnnls.2025.3627582,https://doi.org/10.1109/tnnls.2025.3627582,article,IEEE Transactions on Neural Networks and Learning Systems,https://openalex.org/W4416202567
IEEE Transactions on Neural Networks and Learning Systems,IEEE,2025,2025-11-13,A Multilayer Spatiotemporal Correlation-Aware Graph Attention Network for Traffic Flow Prediction,Junjie Liu; Yu Wang; Jiaxian Zhu; Weihua Bai; Huibing Zhang; Liyun Zuo; Teng Zhou; Keqin Li,37,5,10.1109/tnnls.2025.3630903,https://doi.org/10.1109/tnnls.2025.3630903,article,IEEE Transactions on Neural Networks and Learning Systems,https://openalex.org/W4416239244
IEEE Transactions on Neural Networks and Learning Systems,IEEE,2025,2025-11-13,LaMI-GO: Latent Mixture Integration for Goal-Oriented Communications Achieving High Spectrum Efficiency,Achintha Wijesinghe; Suchinthaka Wanninayaka; Weiwei Wang; Yu-Chieh Chao; Songyang Zhang; Zhi Jun Ding,37,4,10.1109/tnnls.2025.3627157,https://doi.org/10.1109/tnnls.2025.3627157,article,IEEE Transactions on Neural Networks and Learning Systems,https://openalex.org/W4416177843
IEEE Transactions on Neural Networks and Learning Systems,IEEE,2025,2025-11-13,Learning Robust Discriminant Projections via Double Capped L p -Norm Distance Metrics With “Min” Constraints,Jie Yang; Xiaobo Chen; Zhao Zhang; Liyong Fu; Qiaolin Ye,37,5,10.1109/tnnls.2025.3629382,https://doi.org/10.1109/tnnls.2025.3629382,article,IEEE Transactions on Neural Networks and Learning Systems,https://openalex.org/W4416177844
IEEE Transactions on Neural Networks and Learning Systems,IEEE,2025,2025-11-14,HET: An Efficient High-Frequency Enhancement Transformer for Specific Emitter Identification,Lei Zhai; Zhihao Chang; Shuyuan Yang; Zhixi Feng; Siqi Mu,37,5,10.1109/tnnls.2025.3629633,https://doi.org/10.1109/tnnls.2025.3629633,article,IEEE Transactions on Neural Networks and Learning Systems,https://openalex.org/W4416214891
IEEE Transactions on Neural Networks and Learning Systems,IEEE,2025,2025-11-14,Riemannian Implicit Differentiation via a Fixed-Point Equation for Riemannian Bilevel Optimization,Xiaomeng Fan; Yuwei Wu; Zhi Feng Gao; Zhipeng Lu; Li Feng; Mehrtash Tafazzoli Harandi; Yunde Jia,37,4,10.1109/tnnls.2025.3624316,https://doi.org/10.1109/tnnls.2025.3624316,article,IEEE Transactions on Neural Networks and Learning Systems,https://openalex.org/W4416214885
IEEE Transactions on Neural Networks and Learning Systems,IEEE,2025,2025-11-14,"Survey on Efficient Large Language Models: Principles, Algorithms, Applications, and Open Issues",Jian Cheng; Haidong Kang; Yongbo Shao; Nan Li; Pengjun Chen; Rui Wang; Saiqin Long; Xiaochun Yang; Lianbo Ma,37,5,10.1109/tnnls.2025.3628671,https://doi.org/10.1109/tnnls.2025.3628671,article,IEEE Transactions on Neural Networks and Learning Systems,https://openalex.org/W4416257191
IEEE Transactions on Neural Networks and Learning Systems,IEEE,2025,2025-11-17,Prediction of IDH and 1p/19q Status in Gliomas Based on Dual Structural Feature Exploration and Alignment Network,Wei Xiong; Jianyun Cao; Taixue An; Shuguang Liu; Zhe Luo; Wenbo Wang; Tao Xie; Qianjin Feng; Meiyan Huang,37,5,10.1109/tnnls.2025.3629805,https://doi.org/10.1109/tnnls.2025.3629805,article,IEEE Transactions on Neural Networks and Learning Systems,https://openalex.org/W4416356212
IEEE Transactions on Neural Networks and Learning Systems,IEEE,2025,2025-11-17,Toward Better De-Raining Generalization via Rainy Characteristics Memorization and Replay,Kunyu Wang; Xueyang Fu; Chengzhi Cao; Chengjie Ge; Wei Zhai; Zheng-Jun Zha,37,5,10.1109/tnnls.2025.3631072,https://doi.org/10.1109/tnnls.2025.3631072,article,IEEE Transactions on Neural Networks and Learning Systems,https://openalex.org/W4416356142
IEEE Transactions on Neural Networks and Learning Systems,IEEE,2025,2025-11-19,Adaptive Optimal Prescribed Performance Tracking Solutions for Multiplayer Systems With Error Constraints,Yongfeng Lv; Huimin Chang; Jun Zhao; Yuteng Tian,37,5,10.1109/tnnls.2025.3628730,https://doi.org/10.1109/tnnls.2025.3628730,article,IEEE Transactions on Neural Networks and Learning Systems,https://openalex.org/W4416366502
IEEE Transactions on Neural Networks and Learning Systems,IEEE,2025,2025-11-19,Fuzzy Logic-Enhanced Neuroadaptive Fault-Tolerant Control for Vehicular Platoons With Stochastic Disturbances and Asymmetric Spacing Constraints,Yao Wen; Xiaohong Chen; Xuesong Xu; Anguo Zhang; Yongfu Li,37,5,10.1109/tnnls.2025.3628956,https://doi.org/10.1109/tnnls.2025.3628956,article,IEEE Transactions on Neural Networks and Learning Systems,https://openalex.org/W4416366510
IEEE Transactions on Neural Networks and Learning Systems,IEEE,2025,2025-11-20,Butterfly Residual Network: A Hybrid Approach With Spectral Transformers and Depth-Wise Convolutions for Hyperspectral Image Super-Resolution,Yongxia Yang; Yulei Wang; Xin Yan Xu; Enyu Zhao,37,5,10.1109/tnnls.2025.3631243,https://doi.org/10.1109/tnnls.2025.3631243,article,IEEE Transactions on Neural Networks and Learning Systems,https://openalex.org/W4416429283
IEEE Transactions on Neural Networks and Learning Systems,IEEE,2025,2025-11-20,Multirate Industrial Process Forecasting With Hybrid Deep Learning and Adaptive Filtering,Xianyao Han; Wen Yu; Yao Jia; Tianyou Chai,37,5,10.1109/tnnls.2025.3631923,https://doi.org/10.1109/tnnls.2025.3631923,article,IEEE Transactions on Neural Networks and Learning Systems,https://openalex.org/W4416429268
IEEE Transactions on Neural Networks and Learning Systems,IEEE,2025,2025-11-20,Sparse Bayesian Broad Learning System via Adaptive Lasso Priors for Robust Regression,Tao Chen; Lijie Wang; C. L. Philip Chen,37,5,10.1109/tnnls.2025.3630247,https://doi.org/10.1109/tnnls.2025.3630247,article,IEEE Transactions on Neural Networks and Learning Systems,https://openalex.org/W4416429270
IEEE Transactions on Neural Networks and Learning Systems,IEEE,2025,2025-11-20,Treasure Hunting: Embodied Contrastive Learning-Enhanced Coarse-to-Fine Object Seeking With Explorer and Discriminator Cooperation,Bolei Chen; Jiaxu Kang; Haonan Yang; Ping Zhong; Rui Fan; Jianxin Wang,37,3,10.1109/tnnls.2025.3619968,https://doi.org/10.1109/tnnls.2025.3619968,article,IEEE Transactions on Neural Networks and Learning Systems,https://openalex.org/W4416429287
IEEE Transactions on Neural Networks and Learning Systems,IEEE,2025,2025-11-20,Universal Stabilization for Maximum Entropy Optimization in Reinforcement Learning,Xing Chen; Yewen Li; Xiaofeng Cao; Hechang Chen; Hengshuai Yao; Bo An; Yi Chang,37,4,10.1109/tnnls.2025.3626050,https://doi.org/10.1109/tnnls.2025.3626050,article,IEEE Transactions on Neural Networks and Learning Systems,https://openalex.org/W4416429290
IEEE Transactions on Neural Networks and Learning Systems,IEEE,2025,2025-11-25,A Simple Unified Uncertainty-Guided Framework for Offline-to-Online Reinforcement Learning,Siyuan Guo; Yanchao Sun; Jifeng Hu; Sili Huang; Hechang Chen; Haiyin Piao; Lichao Sun; Yi Chang,37,5,10.1109/tnnls.2025.3633997,https://doi.org/10.1109/tnnls.2025.3633997,article,IEEE Transactions on Neural Networks and Learning Systems,https://openalex.org/W4416649966
IEEE Transactions on Neural Networks and Learning Systems,IEEE,2025,2025-11-25,Context-Aware Learning and Pattern Decomposition for Temporal Knowledge Graph Reasoning,Longquan Liao; Linjiang Zheng; Jiaxing Shang; Xu Li; Jiang Zhong; Kaiwen Wei; Yi Tang,37,5,10.1109/tnnls.2025.3631478,https://doi.org/10.1109/tnnls.2025.3631478,article,IEEE Transactions on Neural Networks and Learning Systems,https://openalex.org/W4416649952
IEEE Transactions on Neural Networks and Learning Systems,IEEE,2025,2025-11-25,Deep Model Fusion: A Survey,Weishi Li; Yong Jun Peng; Miao Zhang; Liang Ding; Han Hu; Li Shen,37,5,10.1109/tnnls.2025.3628666,https://doi.org/10.1109/tnnls.2025.3628666,article,IEEE Transactions on Neural Networks and Learning Systems,https://openalex.org/W4416650086
IEEE Transactions on Neural Networks and Learning Systems,IEEE,2025,2025-11-25,FDSRM: A Feature-Driven Style-Agnostic Foundation Model for Sketch-Less Facial Image Retrieval,Yingge Liu; Dawei Dai; Shuyin Xia; Guoyin Wang,37,6,10.1109/tnnls.2025.3633075,https://doi.org/10.1109/tnnls.2025.3633075,article,IEEE Transactions on Neural Networks and Learning Systems,https://openalex.org/W4416738579
IEEE Transactions on Neural Networks and Learning Systems,IEEE,2025,2025-11-25,General Network Learning Rules Based on DNA Strand Displacement for Thyroid Disease Prediction,Junwei Sun; Jiaming Li; Yanfeng Wang; Yan Wang,37,5,10.1109/tnnls.2025.3633665,https://doi.org/10.1109/tnnls.2025.3633665,article,IEEE Transactions on Neural Networks and Learning Systems,https://openalex.org/W4416650007
IEEE Transactions on Neural Networks and Learning Systems,IEEE,2025,2025-11-25,Genetic Algorithm-Based Two-Step Optimization for Precise Latent Factor Analysis,Chao Lyu; Jingna Cheng; Xin Luo; Yuhui Shi,37,5,10.1109/tnnls.2025.3631465,https://doi.org/10.1109/tnnls.2025.3631465,article,IEEE Transactions on Neural Networks and Learning Systems,https://openalex.org/W4416738832
IEEE Transactions on Neural Networks and Learning Systems,IEEE,2025,2025-11-25,Graph Probabilistic Pooling: From Bernoulli to Poisson Distribution,Guangbu Liu; Yong-Min Lei; Miao Sun; Tong Zhang; Xudong Wang; Chuanwei Zhou; Cheng Zhi Long; Zhen Cui,37,5,10.1109/tnnls.2025.3631730,https://doi.org/10.1109/tnnls.2025.3631730,article,IEEE Transactions on Neural Networks and Learning Systems,https://openalex.org/W4416738785
IEEE Transactions on Neural Networks and Learning Systems,IEEE,2025,2025-11-25,Optimal-Flip-Based Segmented Reinforcement Learning for Detectability Synthesis of Probabilistic Boolean Networks,Zhipeng Zhang; Chao Bian; Chengyi Xia; Zengqiang Chen,37,5,10.1109/tnnls.2025.3633687,https://doi.org/10.1109/tnnls.2025.3633687,article,IEEE Transactions on Neural Networks and Learning Systems,https://openalex.org/W4416649926
IEEE Transactions on Neural Networks and Learning Systems,IEEE,2025,2025-11-25,Reservoir Kernels and Volterra Series,Lukas Gonon; Lyudmila Grigoryeva; Juan‐Pablo Ortega,37,5,10.1109/tnnls.2025.3630143,https://doi.org/10.1109/tnnls.2025.3630143,article,IEEE Transactions on Neural Networks and Learning Systems,https://openalex.org/W4416650070
IEEE Transactions on Neural Networks and Learning Systems,IEEE,2025,2025-11-26,Domain Generalization With Amplitude-Based Data Generation and Feature Random Suppression,Chuan Xiong; Bin Zhao; Chunshi Wang; Shuxue Ding,37,4,10.1109/tnnls.2025.3625446,https://doi.org/10.1109/tnnls.2025.3625446,article,IEEE Transactions on Neural Networks and Learning Systems,https://openalex.org/W4416707504
IEEE Transactions on Neural Networks and Learning Systems,IEEE,2025,2025-11-26,Reinforcement Active Modeling for Flexible Needle Shape Prediction in Multilayer Tissues,Fan Ren; Xiangyu Wang; Yongchun Fang; Ningbo Yu; Jianda Han,37,5,10.1109/tnnls.2025.3634329,https://doi.org/10.1109/tnnls.2025.3634329,article,IEEE Transactions on Neural Networks and Learning Systems,https://openalex.org/W4416707548
IEEE Transactions on Neural Networks and Learning Systems,IEEE,2025,2025-11-26,SKIP: A Prototype-Based Scalable Knowledge Graph Representation Learning Method,Yue Liu; Ke Liang; Jun Xia; Meng Liu; Xihong Yang; Xinwang Liu; Sihang Zhou; Stan Ziqing Li,37,4,10.1109/tnnls.2025.3625660,https://doi.org/10.1109/tnnls.2025.3625660,article,IEEE Transactions on Neural Networks and Learning Systems,https://openalex.org/W4416707466
IEEE Transactions on Neural Networks and Learning Systems,IEEE,2025,2025-11-26,Spatiotemporal Dynamics Modeling of Brain Activity for Human–Robot Cognitive Interaction: A Distributed-Lumped Parameter System Framework,Jingting Zhang; Lianchi Zhang; Fengjun Mu; Zonghai Huang; Chaobin Zou; Rui Huang; Cong Wang; Hong Cheng,37,5,10.1109/tnnls.2025.3631130,https://doi.org/10.1109/tnnls.2025.3631130,article,IEEE Transactions on Neural Networks and Learning Systems,https://openalex.org/W4416707516
IEEE Transactions on Neural Networks and Learning Systems,IEEE,2025,2025-11-27,DCTC-Net: Dual-Branch Cross-Fusion Transformer–CNN Architecture for Medical Image Segmentation,Rui Sun,37,5,10.1109/tnnls.2025.3628995,https://doi.org/10.1109/tnnls.2025.3628995,article,IEEE Transactions on Neural Networks and Learning Systems,https://openalex.org/W4416749869
IEEE Transactions on Neural Networks and Learning Systems,IEEE,2025,2025-11-27,Leader-Based Multiexpert Neural Network for High-Level Visual Tasks,Fengyuan Zuo; Jinhai Liu; Zhaolin Chen; Xiangkai Shen; Lei Wang; Zhitao Wen,37,5,10.1109/tnnls.2025.3631509,https://doi.org/10.1109/tnnls.2025.3631509,article,IEEE Transactions on Neural Networks and Learning Systems,https://openalex.org/W4416749842
IEEE Transactions on Neural Networks and Learning Systems,IEEE,2025,2025-12-01,2025 Index IEEE Transactions on Neural Networks and Learning Systems,,36,12,10.1109/tnnls.2025.3642587,https://doi.org/10.1109/tnnls.2025.3642587,article,IEEE Transactions on Neural Networks and Learning Systems,https://openalex.org/W4417170203
IEEE Transactions on Neural Networks and Learning Systems,IEEE,2025,2025-12-01,IEEE Computational Intelligence Society,,36,12,10.1109/tnnls.2025.3629909,https://doi.org/10.1109/tnnls.2025.3629909,article,IEEE Transactions on Neural Networks and Learning Systems,https://openalex.org/W4416922262
IEEE Transactions on Neural Networks and Learning Systems,IEEE,2025,2025-12-01,IEEE Transactions on Neural Networks and Learning Systems Information for Authors,,36,12,10.1109/tnnls.2025.3629911,https://doi.org/10.1109/tnnls.2025.3629911,paratext,IEEE Transactions on Neural Networks and Learning Systems,https://openalex.org/W4416922270
IEEE Transactions on Neural Networks and Learning Systems,IEEE,2025,2025-12-01,IEEE Transactions on Neural Networks and Learning Systems Publication Information,,36,12,10.1109/tnnls.2025.3629907,https://doi.org/10.1109/tnnls.2025.3629907,paratext,IEEE Transactions on Neural Networks and Learning Systems,https://openalex.org/W4416922217
IEEE Transactions on Neural Networks and Learning Systems,IEEE,2025,2025-12-01,Table of Contents,,36,12,10.1109/tnnls.2025.3629905,https://doi.org/10.1109/tnnls.2025.3629905,paratext,IEEE Transactions on Neural Networks and Learning Systems,https://openalex.org/W4416922236
IEEE Transactions on Neural Networks and Learning Systems,IEEE,2025,2025-12-02,Accurate Protein–Protein Interaction Prediction: Based on Multiview Heterogeneous Graph Autoencoders and Random Masking,Shouzhi Chen; Zhenchao Tang; Linlin You; Calvin Yu‐Chian Chen,37,5,10.1109/tnnls.2025.3632083,https://doi.org/10.1109/tnnls.2025.3632083,article,IEEE Transactions on Neural Networks and Learning Systems,https://openalex.org/W4416922300
IEEE Transactions on Neural Networks and Learning Systems,IEEE,2025,2025-12-02,Model-Based Offline Reinforcement Learning With Adversarial Data Augmentation,Hongye Cao; Fan Feng; Jing Huo; Shangdong Yang; Meng Fang; Tianpei Yang; Yang Gao,37,6,10.1109/tnnls.2025.3636176,https://doi.org/10.1109/tnnls.2025.3636176,article,IEEE Transactions on Neural Networks and Learning Systems,https://openalex.org/W4416922295
IEEE Transactions on Neural Networks and Learning Systems,IEEE,2025,2025-12-02,Population Historical Information-Driven Evolutionary Multitask Neural Architecture Search,Kunjie Yu; Hao Tang; Jing Liang; Chao Li; Mingyuan Yu,37,6,10.1109/tnnls.2025.3637391,https://doi.org/10.1109/tnnls.2025.3637391,article,IEEE Transactions on Neural Networks and Learning Systems,https://openalex.org/W4416922273
IEEE Transactions on Neural Networks and Learning Systems,IEEE,2025,2025-12-02,Spatiotemporal Topology-Informed Multiagent Reinforcement Learning Framework for Structured Multiprocess Collaborative Optimization,Diju Liu; Yalin Wang; Chenliang Liu; Biao Luo; Biao Huang,37,5,10.1109/tnnls.2025.3633880,https://doi.org/10.1109/tnnls.2025.3633880,article,IEEE Transactions on Neural Networks and Learning Systems,https://openalex.org/W4416922265
IEEE Transactions on Neural Networks and Learning Systems,IEEE,2025,2025-12-02,Unlocking Pseudolabel Potential and Alignment for Unpaired Cross-Modality Adaptation in Remote Sensing Image Segmentation,Zhengyi Xu; Jie Geng; Wen Rong Jiang; Shuai Song,37,6,10.1109/tnnls.2025.3635883,https://doi.org/10.1109/tnnls.2025.3635883,article,IEEE Transactions on Neural Networks and Learning Systems,https://openalex.org/W4416922284
IEEE Transactions on Neural Networks and Learning Systems,IEEE,2025,2025-12-02,User Isolation Poisoning on Decentralized Federated Learning: An Adversarial Message-Passing Graph Neural Network Approach,Kai Li; Yilei Liang; Píetro Lió; Wei Ni; Falko Dressler; Jon Crowcroft; Özgür B. Akan,37,6,10.1109/tnnls.2025.3636440,https://doi.org/10.1109/tnnls.2025.3636440,article,IEEE Transactions on Neural Networks and Learning Systems,https://openalex.org/W4416922287
IEEE Transactions on Neural Networks and Learning Systems,IEEE,2025,2025-12-04,A Refreshed Similarity-Based Upsampler for Direct High-Ratio Feature Upsampling,Minghao Zhou; Hong Wang; Yefeng Zheng; Deyu Meng,37,6,10.1109/tnnls.2025.3638370,https://doi.org/10.1109/tnnls.2025.3638370,article,IEEE Transactions on Neural Networks and Learning Systems,https://openalex.org/W4417003206
IEEE Transactions on Neural Networks and Learning Systems,IEEE,2025,2025-12-04,Chain-of-Detection: Enhancing Cross-Granularity Robotic Perception for Object Manipulation,Tianrun Xu; Haichuan Gao; Changlin Chen; Yuxuan Li; Shiyuan Xu; Shangqi Guo; Feng Chen,37,4,10.1109/tnnls.2025.3626567,https://doi.org/10.1109/tnnls.2025.3626567,article,IEEE Transactions on Neural Networks and Learning Systems,https://openalex.org/W4417003212
IEEE Transactions on Neural Networks and Learning Systems,IEEE,2025,2025-12-04,D2Vformer: A Flexible Time-Series Prediction Model Based on Time-Position Embedding,Xiaobao Song; Hao Wang; Liwei Deng; Dong Wang; Hongbo Qiu; Yuxin He; Wenming Cao; Chi-Sing Leung,37,5,10.1109/tnnls.2025.3630792,https://doi.org/10.1109/tnnls.2025.3630792,article,IEEE Transactions on Neural Networks and Learning Systems,https://openalex.org/W4417003200
IEEE Transactions on Neural Networks and Learning Systems,IEEE,2025,2025-12-04,Efficient and Scalable Point Cloud Generation With Sparse Point-Voxel Diffusion Models,Ioannis Romanelis; Vlassis Fotis; Athanasios P. Kalogeras; Christos Alexakos; Adrian Munteanu; Konstantinos Moustakas,37,6,10.1109/tnnls.2025.3636409,https://doi.org/10.1109/tnnls.2025.3636409,article,IEEE Transactions on Neural Networks and Learning Systems,https://openalex.org/W4417003202
IEEE Transactions on Neural Networks and Learning Systems,IEEE,2025,2025-12-04,Interlayer Sparse Compression-Based Deep Echo State Network Model and Its Application in Time-Series Forecasting,Y.Q. Wang; Mingwen Zheng; Yaru Shang; Manman Yuan; Hui Ying Zhao,37,6,10.1109/tnnls.2025.3634741,https://doi.org/10.1109/tnnls.2025.3634741,article,IEEE Transactions on Neural Networks and Learning Systems,https://openalex.org/W4417003215
IEEE Transactions on Neural Networks and Learning Systems,IEEE,2025,2025-12-04,LeapVAD: A Leap in Autonomous Driving via Cognitive Perception and Dual-Process Thinking,Yukai Ma; T.Y.C. Wei; Naiting Zhong; Jianbiao Mei; Tao Hu; Licheng Wen; Xuemeng Yang; Botian Shi; Yong Liu,37,4,10.1109/tnnls.2025.3626711,https://doi.org/10.1109/tnnls.2025.3626711,article,IEEE Transactions on Neural Networks and Learning Systems,https://openalex.org/W4417003204
IEEE Transactions on Neural Networks and Learning Systems,IEEE,2025,2025-12-04,P 3 L: Patent Prediction With Prompt Learning,Yi-Hong Lu; Pei-Yuan Lai; Man-Sheng Chen; Huan-Tao Cai; Zeng-Hui Wang; Shuangyin Liu; Qingyun Dai; Chang‐Dong Wang,37,6,10.1109/tnnls.2025.3635881,https://doi.org/10.1109/tnnls.2025.3635881,article,IEEE Transactions on Neural Networks and Learning Systems,https://openalex.org/W4417003208
IEEE Transactions on Neural Networks and Learning Systems,IEEE,2025,2025-12-04,Predicting What Matters: Training AI Models for Better Decisions,Akhil S Anand; Shambhuraj Sawant; Dirk Peter Reinhardt; Sébastien Gros,37,5,10.1109/tnnls.2025.3633573,https://doi.org/10.1109/tnnls.2025.3633573,article,IEEE Transactions on Neural Networks and Learning Systems,https://openalex.org/W4417003222
IEEE Transactions on Neural Networks and Learning Systems,IEEE,2025,2025-12-04,Spectral-Guided Multiscale Feature-Aware Transformer for Hyperspectral Image Classification,Zhenqiu Shu; Kexin Zeng; Yuyang Wang; Songze Tang; Zhengtao Yu; Liang Xiao,37,5,10.1109/tnnls.2025.3630239,https://doi.org/10.1109/tnnls.2025.3630239,article,IEEE Transactions on Neural Networks and Learning Systems,https://openalex.org/W4417003209
IEEE Transactions on Neural Networks and Learning Systems,IEEE,2025,2025-12-04,Universal Set of Observables for Forecasting Physical Systems Through Causal Embedding,Manjunath Gandhi; A. de Clercq; Matthys J. Steynberg,37,5,10.1109/tnnls.2025.3632965,https://doi.org/10.1109/tnnls.2025.3632965,article,IEEE Transactions on Neural Networks and Learning Systems,https://openalex.org/W4417003219
IEEE Transactions on Neural Networks and Learning Systems,IEEE,2025,2025-12-05,Mutually Guided Fusion Learning for Collaborative Camouflaged Object Segmentation,Chen Li; Xiao Luan; Linghui Liu; Yanzhao Su; Yule Fu; Weisheng Li,37,6,10.1109/tnnls.2025.3636523,https://doi.org/10.1109/tnnls.2025.3636523,article,IEEE Transactions on Neural Networks and Learning Systems,https://openalex.org/W4417091090
IEEE Transactions on Neural Networks and Learning Systems,IEEE,2025,2025-12-08,"A Systematic Review of Skeleton-Based Action Recognition: Methods, Challenges, and Future Directions",Yi Liu; Ruyi Liu; Yuzhi Hu; Mengyao Wu; Wentian Xin; Qiguang Miao; Shuai Wu; Long Li,37,5,10.1109/tnnls.2025.3632689,https://doi.org/10.1109/tnnls.2025.3632689,review,IEEE Transactions on Neural Networks and Learning Systems,https://openalex.org/W4417131453
IEEE Transactions on Neural Networks and Learning Systems,IEEE,2025,2025-12-08,Hyperspectral Anomaly Detection via Hybrid Convolutional and Transformer-Based U-Net With Error Attention Mechanism,Xiaoyi Wang; Peng Wang; Juan Cheng; Daiyin Zhu; HENRY K. LEUNG; Paolo E. Gamba,37,6,10.1109/tnnls.2025.3634765,https://doi.org/10.1109/tnnls.2025.3634765,article,IEEE Transactions on Neural Networks and Learning Systems,https://openalex.org/W4417131117
IEEE Transactions on Neural Networks and Learning Systems,IEEE,2025,2025-12-09,Deep Unfolding of Tail-Based Methods for Robust Sparse Recovery Under Noise and Model Mismatch,Yhonatan Kvich; Pagoti Reshma; Pradyumna Pradhan; Ramunaidu Randhi; Yonina C. Eldar,37,6,10.1109/tnnls.2025.3638635,https://doi.org/10.1109/tnnls.2025.3638635,article,IEEE Transactions on Neural Networks and Learning Systems,https://openalex.org/W4417231361
IEEE Transactions on Neural Networks and Learning Systems,IEEE,2025,2025-12-09,Rethinking Decoupled Knowledge Distillation: A Predictive Distribution Perspective,Bowen Zheng; Ran Cheng,37,6,10.1109/tnnls.2025.3639562,https://doi.org/10.1109/tnnls.2025.3639562,article,IEEE Transactions on Neural Networks and Learning Systems,https://openalex.org/W4417230817
IEEE Transactions on Neural Networks and Learning Systems,IEEE,2025,2025-12-09,SFedCA: Credit Assignment-Based Active Client Selection Strategy for Spiking Federated Learning,Qiugang Zhan; Jinbo Cao; Xiurui Xie; Huajin Tang; Malu Zhang; Shantian Yang; Guisong Liu,37,6,10.1109/tnnls.2025.3639578,https://doi.org/10.1109/tnnls.2025.3639578,article,IEEE Transactions on Neural Networks and Learning Systems,https://openalex.org/W4417231167
IEEE Transactions on Neural Networks and Learning Systems,IEEE,2025,2025-12-11,Beyond Implicit Mapping: Advancing Generative Models Through Smoothed Optimal Transport,Shenghao Li; Lianbao Jin; Zhanpeng Wang; Zebin Xu; Na Lei; Zhongxuan Luo,37,6,10.1109/tnnls.2025.3638632,https://doi.org/10.1109/tnnls.2025.3638632,article,IEEE Transactions on Neural Networks and Learning Systems,https://openalex.org/W4417252154
IEEE Transactions on Neural Networks and Learning Systems,IEEE,2025,2025-12-11,DuaDiff: Dual-Conditional Diffusion Model for Guided Thermal Image Super-Resolution,Linrui Shi; Gaochang Wu; Yingqian Wang; Yebin Liu; Tianyou Chai,37,6,10.1109/tnnls.2025.3640168,https://doi.org/10.1109/tnnls.2025.3640168,article,IEEE Transactions on Neural Networks and Learning Systems,https://openalex.org/W4417252165
IEEE Transactions on Neural Networks and Learning Systems,IEEE,2025,2025-12-11,Robust Traffic Forecasting With Disentangled Spatiotemporal Graph Neural Networks,Ting Wang; Rui Luo; Daqian Shi; Hao Deng; Shengjie Zhao,37,6,10.1109/tnnls.2025.3635636,https://doi.org/10.1109/tnnls.2025.3635636,article,IEEE Transactions on Neural Networks and Learning Systems,https://openalex.org/W4417252153
IEEE Transactions on Neural Networks and Learning Systems,IEEE,2025,2025-12-12,Diverse Semantic Image Editing With Style Codes,Hakan Sivuk; Ayşegül Dündar,37,6,10.1109/tnnls.2025.3636483,https://doi.org/10.1109/tnnls.2025.3636483,article,IEEE Transactions on Neural Networks and Learning Systems,https://openalex.org/W4417284419
IEEE Transactions on Neural Networks and Learning Systems,IEEE,2025,2025-12-12,Fractional Gradient Descent With Matrix Stepsizes for Non-Convex Optimization,Alokendu Mazumder; Keshav Vyas; Punit Rathore,37,6,10.1109/tnnls.2025.3637535,https://doi.org/10.1109/tnnls.2025.3637535,article,IEEE Transactions on Neural Networks and Learning Systems,https://openalex.org/W4417284411
IEEE Transactions on Neural Networks and Learning Systems,IEEE,2025,2025-12-12,Improved Knowledge Distillation Based on Global Latent Workspace With Multimodal Knowledge Fusion for Understanding Topological Guidance on Wearable Sensor Data,Jinyung Hong; Eun Som Jeon; Matthew Paul Buman; Pavan K. Turaga; Theodore P. Pavlic,37,6,10.1109/tnnls.2025.3640274,https://doi.org/10.1109/tnnls.2025.3640274,article,IEEE Transactions on Neural Networks and Learning Systems,https://openalex.org/W4417284421
IEEE Transactions on Neural Networks and Learning Systems,IEEE,2025,2025-12-17,AFoCo: Ambiguous Focus and Correction for Semi-Supervised Medical Image Segmentation,Gang Yi Hu; Feng Zhao; Essam Halim Houssein,37,6,10.1109/tnnls.2025.3642162,https://doi.org/10.1109/tnnls.2025.3642162,article,IEEE Transactions on Neural Networks and Learning Systems,https://openalex.org/W4417438952
IEEE Transactions on Neural Networks and Learning Systems,IEEE,2025,2025-12-17,Adaptive Frequency-Based Constructive Wavelet Neural Network for Nonlinear Dynamic Systems,Dunsheng Huang; Dong Shen; Lei Lü; Ying Tan,37,6,10.1109/tnnls.2025.3642820,https://doi.org/10.1109/tnnls.2025.3642820,article,IEEE Transactions on Neural Networks and Learning Systems,https://openalex.org/W4417438971
IEEE Transactions on Neural Networks and Learning Systems,IEEE,2025,2025-12-17,Fine-Grained Visual Classification via Adaptive Attention Quantization Transformer,Shishi Qiao; S. H. Li; Haiyong Zheng,37,6,10.1109/tnnls.2025.3643809,https://doi.org/10.1109/tnnls.2025.3643809,article,IEEE Transactions on Neural Networks and Learning Systems,https://openalex.org/W4417438973
IEEE Transactions on Neural Networks and Learning Systems,IEEE,2025,2025-12-17,Spurious Local Minima Provably Exist for Deep CNNs: Theory and Application,Bo Liu; Kai Fu; Tongtong Yuan; Shen Geng,37,6,10.1109/tnnls.2025.3640733,https://doi.org/10.1109/tnnls.2025.3640733,article,IEEE Transactions on Neural Networks and Learning Systems,https://openalex.org/W4417438950
IEEE Transactions on Neural Networks and Learning Systems,IEEE,2025,2025-12-19,TGMN: Two-Stage Graph Convolutional Mamba Network for Hyperspectral Image Classification,Yonghe Chu; Jun Cao; Junshi Xia; Weiping Ding,37,6,10.1109/tnnls.2025.3642545,https://doi.org/10.1109/tnnls.2025.3642545,article,IEEE Transactions on Neural Networks and Learning Systems,https://openalex.org/W4417508529
IEEE Transactions on Neural Networks and Learning Systems,IEEE,2025,2025-12-19,The Most Overestimated Q Value Regularization in High-Dimensional Discrete Action Spaces for Offline Reinforcement Learning,S. Yu; Ho-min Park; Byungjin Ko; Jisub Shin; Y. S. Hong; Taejoon Park; Jong‐Won Yoon,37,6,10.1109/tnnls.2025.3640101,https://doi.org/10.1109/tnnls.2025.3640101,article,IEEE Transactions on Neural Networks and Learning Systems,https://openalex.org/W4417508524
IEEE Transactions on Neural Networks and Learning Systems,IEEE,2025,2025-12-22,"Contrastive Learning-Driven Fake News Detection: Preserving Semantics, Unveiling Distortions",Yeqing Yan; Peng Zheng; Yongjun Wang,37,5,10.1109/tnnls.2025.3634147,https://doi.org/10.1109/tnnls.2025.3634147,article,IEEE Transactions on Neural Networks and Learning Systems,https://openalex.org/W7116812530
IEEE Transactions on Neural Networks and Learning Systems,IEEE,2025,2025-12-22,DGNMF: Dynamic Diffusion Graph Nonnegative Matrix Factorization,Chenxi Tian; Wenming Wu; Licheng Jiao; Lingling Li; Xu Liu; Fang Liu; Wanying Ma; Shuyuan Yang,37,7,10.1109/tnnls.2025.3644484,https://doi.org/10.1109/tnnls.2025.3644484,article,IEEE Transactions on Neural Networks and Learning Systems,https://openalex.org/W7116750303
IEEE Transactions on Neural Networks and Learning Systems,IEEE,2025,2025-12-22,Toward Effective Model Merging in Semantic Segmentation,Haotian Chen; Yanyu Xu; Yonghui Xu; Yu Zhang; Yixin Zhang; Fang Wang; Lizhen Cui,37,4,10.1109/tnnls.2025.3626606,https://doi.org/10.1109/tnnls.2025.3626606,article,IEEE Transactions on Neural Networks and Learning Systems,https://openalex.org/W7116665756
IEEE Transactions on Neural Networks and Learning Systems,IEEE,2025,2025-12-23,MtvTrack: Robust Visual Tracking via Modeling Time-Variant State of the Target,Jiaxu Zhao; Mingxing Jia; Lei Guo; Xingyu Han; Dapeng Niu,37,6,10.1109/tnnls.2025.3642941,https://doi.org/10.1109/tnnls.2025.3642941,article,IEEE Transactions on Neural Networks and Learning Systems,https://openalex.org/W7116959408
IEEE Transactions on Neural Networks and Learning Systems,IEEE,2025,2025-12-23,Neural Machine Unranking,Jingrui Hou; Axel Finke; Georgina Cosma,37,6,10.1109/tnnls.2025.3639808,https://doi.org/10.1109/tnnls.2025.3639808,article,IEEE Transactions on Neural Networks and Learning Systems,https://openalex.org/W7117000723
IEEE Transactions on Neural Networks and Learning Systems,IEEE,2025,2025-12-23,Self-Supervised Koopman Operator Learning for Distributed Final Synchronization Prediction of Networked Nonlinear Dynamics,Fulong Hu; Hai-Tao Zhang; Chen Lv; Jun Wang,37,7,10.1109/tnnls.2025.3644299,https://doi.org/10.1109/tnnls.2025.3644299,article,IEEE Transactions on Neural Networks and Learning Systems,https://openalex.org/W7117044298
IEEE Transactions on Neural Networks and Learning Systems,IEEE,2025,2025-12-24,Source-Free Time-Series Domain Adaptation With Prior Evaluation of Model Salience,Rongyao Cai; Ming Jin; Qingsong Wen; Kexin Zhang; Yong Liu,37,6,10.1109/tnnls.2025.3641830,https://doi.org/10.1109/tnnls.2025.3641830,article,IEEE Transactions on Neural Networks and Learning Systems,https://openalex.org/W7117104742
IEEE Transactions on Neural Networks and Learning Systems,IEEE,2025,2025-12-25,Space–Frequency Cross-Attention Node Feature Optimization Graph Neural Operator for Partial Differential Equations,Pengfei Bie; Ning Song; Nuoqing Zhang; Jie Nie; Min Ye; Xinyue Liang; Qi Wen,37,6,10.1109/tnnls.2025.3643632,https://doi.org/10.1109/tnnls.2025.3643632,article,IEEE Transactions on Neural Networks and Learning Systems,https://openalex.org/W7117253459
IEEE Transactions on Neural Networks and Learning Systems,IEEE,2025,2025-12-30,A Dynamic Neural Network-Based Control Method Using Reinforcement Learning for Nonlinear Parameter-Varying System With Application to Morphing Aircraft,Chun-Xiao Li; Huai-Ning Wu,37,7,10.1109/tnnls.2025.3646358,https://doi.org/10.1109/tnnls.2025.3646358,article,IEEE Transactions on Neural Networks and Learning Systems,https://openalex.org/W7117586819
IEEE Transactions on Neural Networks and Learning Systems,IEEE,2025,2025-12-30,Diffusion-Augmented Graph Contrastive Learning for Knowledge-Aware Recommendation,Jing Zhang; Xiaoqian Jiang; Youxuan Wang; Shunmeng Meng; Cangqi Zhou,37,7,10.1109/tnnls.2025.3646605,https://doi.org/10.1109/tnnls.2025.3646605,article,IEEE Transactions on Neural Networks and Learning Systems,https://openalex.org/W7117560642
IEEE Transactions on Neural Networks and Learning Systems,IEEE,2025,2025-12-30,Large Language Models Are Multitask Chain-of-Thought Prompting Optimizers,Feihu Jin; Ying Tan,37,7,10.1109/tnnls.2025.3644134,https://doi.org/10.1109/tnnls.2025.3644134,article,IEEE Transactions on Neural Networks and Learning Systems,https://openalex.org/W7117627197
IEEE Transactions on Neural Networks and Learning Systems,IEEE,2025,2025-12-30,Multiphase and Multitask Prompt Tuning for LLM-Based Context-Aware Machine Translation,Xinglin Lyu; Junhui Li; Daimeng Wei; Min Zhang; Shimin Tao; Hao Yang; Min Zhang,37,7,10.1109/tnnls.2025.3646848,https://doi.org/10.1109/tnnls.2025.3646848,article,IEEE Transactions on Neural Networks and Learning Systems,https://openalex.org/W7117531248
IEEE Transactions on Neural Networks and Learning Systems,IEEE,2025,2025-12-31,Enhanced Residual Tensor Norm Minimization for Multiview Subspace Clustering,Qinghai Zheng,37,7,10.1109/tnnls.2025.3648433,https://doi.org/10.1109/tnnls.2025.3648433,article,IEEE Transactions on Neural Networks and Learning Systems,https://openalex.org/W7117701345
IEEE Transactions on Neural Networks and Learning Systems,IEEE,2026,2026-01-01,A Contrastive Free Energy-Enhanced Transformer Framework for Efficient Reinforcement Learning,Y H Pan; Jinlong Lei; Dechao Ran; Peng Yi,PP,,10.1109/tnnls.2026.3677738,https://doi.org/10.1109/tnnls.2026.3677738,article,IEEE Transactions on Neural Networks and Learning Systems,https://openalex.org/W7148512362
IEEE Transactions on Neural Networks and Learning Systems,IEEE,2026,2026-01-01,A Deep Neural Network Optimization Framework Based on Optimal Transport Bridge Feature Selection and Sparse Representation,Guipeng Lan; Shuai Xiao; Jiabao Wen; Jiachen Yang; Lu Wen; Baihua Li; Qinggang Meng; Xinbo Gao,PP,,10.1109/tnnls.2026.3678220,https://doi.org/10.1109/tnnls.2026.3678220,article,IEEE Transactions on Neural Networks and Learning Systems,https://openalex.org/W7154712289
IEEE Transactions on Neural Networks and Learning Systems,IEEE,2026,2026-01-01,A Dual-Network Framework With Adversarial GMM Augmentation and Frequency-Mamba Fusion for Hyperspectral Target Detection,Zhiru Yang; Mengmeng Zhang; Junjie Wang; Yunhao Gao; Wenzhi Liao; Wei Li,PP,,10.1109/tnnls.2026.3682921,https://doi.org/10.1109/tnnls.2026.3682921,article,IEEE Transactions on Neural Networks and Learning Systems,https://openalex.org/W7154596085
IEEE Transactions on Neural Networks and Learning Systems,IEEE,2026,2026-01-01,"A Fully Data-Driven Value Iteration for Stochastic LQR: Convergence, Robustness, and Stability",Leilei Cui; Zhong‐Ping Jiang; Petter N. Kolm; Grégoire G. Macqueron,PP,,10.1109/tnnls.2026.3675892,https://doi.org/10.1109/tnnls.2026.3675892,article,IEEE Transactions on Neural Networks and Learning Systems,https://openalex.org/W4410155773
IEEE Transactions on Neural Networks and Learning Systems,IEEE,2026,2026-01-01,A Greedy Interpretable Geometric Constructive Method for Industrial Data Analysis,Wei Li Dai; Jing Nan; Jielong Li; Hongyan Wang,PP,,10.1109/tnnls.2026.3720810,https://doi.org/10.1109/tnnls.2026.3720810,article,IEEE Transactions on Neural Networks and Learning Systems,https://openalex.org/W7204548210
IEEE Transactions on Neural Networks and Learning Systems,IEEE,2026,2026-01-01,A Joint Learning Framework for Document-Level Event Extraction,Bin Jiang; Sendong Zhu; Junyi Wu; Yu Liu,PP,,10.1109/tnnls.2026.3678139,https://doi.org/10.1109/tnnls.2026.3678139,article,IEEE Transactions on Neural Networks and Learning Systems,https://openalex.org/W7148298163
IEEE Transactions on Neural Networks and Learning Systems,IEEE,2026,2026-01-01,A Latent Diffusion for Stable Frame Interpolation,Jongmin Yu; Zhongtian Sun; Konstantinos Panagiotis Alexandridis; Angelica I. Avilés-Rivero; Jinhong Yang,PP,,10.1109/tnnls.2026.3713915,https://doi.org/10.1109/tnnls.2026.3713915,article,IEEE Transactions on Neural Networks and Learning Systems,https://openalex.org/W7171677900
IEEE Transactions on Neural Networks and Learning Systems,IEEE,2026,2026-01-01,A Method for Data Augmentation in Vertical Federated Learning Addressing Data Heterogeneity,Yunpeng Xiao; Tingting Lv; Dengke Zhao; Wanjing Zhao; Tun Li; Rong Wang; Guoyin Wang,PP,,10.1109/tnnls.2026.3691817,https://doi.org/10.1109/tnnls.2026.3691817,article,IEEE Transactions on Neural Networks and Learning Systems,https://openalex.org/W7162098624
IEEE Transactions on Neural Networks and Learning Systems,IEEE,2026,2026-01-01,A Model-Driven Deep Neural Network for Simultaneous Low-Light Image Enhancement and Deblurring,Yao Xiao; Youshen Xia; Zhenyu Lu; Changyin Sun; Jinjun Shan,PP,,10.1109/tnnls.2026.3724469,https://doi.org/10.1109/tnnls.2026.3724469,article,IEEE Transactions on Neural Networks and Learning Systems,https://openalex.org/W7204243020
IEEE Transactions on Neural Networks and Learning Systems,IEEE,2026,2026-01-01,A New Componentwise Hölder Regression Method for Shrink-Horizon Economic Model Predictive Control,Weiliang Xiong; Defeng He; José María Manzano; Haiping Du,PP,,10.1109/tnnls.2026.3723177,https://doi.org/10.1109/tnnls.2026.3723177,article,IEEE Transactions on Neural Networks and Learning Systems,https://openalex.org/W7204882368
IEEE Transactions on Neural Networks and Learning Systems,IEEE,2026,2026-01-01,A New Neural Network PI-Funnel Distributed Control for Cooperative Manipulator With Global Prescribed Performance,Cui-Hua Zhang; Ze-Yun Hu; Yu-Jia Li; Ying Zhang; Chang-Chun Hua,37,7,10.1109/tnnls.2025.3648714,https://doi.org/10.1109/tnnls.2025.3648714,article,IEEE Transactions on Neural Networks and Learning Systems,https://openalex.org/W7117884650
IEEE Transactions on Neural Networks and Learning Systems,IEEE,2026,2026-01-01,A Novel DS-MADDPG Algorithm-Based Swarm-to-Swarm Interception Strategy,He Gao Cai; Yibo Zhang; Youfeng Su; Huanli Gao,PP,,10.1109/tnnls.2026.3706812,https://doi.org/10.1109/tnnls.2026.3706812,article,IEEE Transactions on Neural Networks and Learning Systems,https://openalex.org/W7167815417
IEEE Transactions on Neural Networks and Learning Systems,IEEE,2026,2026-01-01,A Quaternion Rotation-Enhanced Differential Privacy Framework for Image Privacy Protection,Pengfei Gao; Jiaohua Qin; Xuyu Xiang; Yun Tan,PP,,10.1109/tnnls.2026.3707866,https://doi.org/10.1109/tnnls.2026.3707866,article,IEEE Transactions on Neural Networks and Learning Systems,https://openalex.org/W7202167176
IEEE Transactions on Neural Networks and Learning Systems,IEEE,2026,2026-01-01,A Real-Time Offset-Free Neural Network MPC Framework for Aeroengine Control on Embedded Systems,Weiwei Li; Si-Xin Wen; Xuefang Wang; Wan-Zhi Meng; Xi‐Ming Sun,PP,,10.1109/tnnls.2026.3700450,https://doi.org/10.1109/tnnls.2026.3700450,article,IEEE Transactions on Neural Networks and Learning Systems,https://openalex.org/W7164340036
IEEE Transactions on Neural Networks and Learning Systems,IEEE,2026,2026-01-01,A Survey on Human-Centric Voice–Face Multimodal Learning,Wuyang Chen; Kele Xu; Qiya Song; Yanjie Sun; Xinwang Liu; Xingyi Li; Yong Dou; Huaimin Wang,PP,,10.1109/tnnls.2026.3700493,https://doi.org/10.1109/tnnls.2026.3700493,article,IEEE Transactions on Neural Networks and Learning Systems,https://openalex.org/W7165929210
IEEE Transactions on Neural Networks and Learning Systems,IEEE,2026,2026-01-01,A Unified Differential Denoising Learning Framework With a Pre-Trained Model and Fuzzy Graph Networks for Drug–Drug Interaction Prediction,Zhuo Chen; Xiaofeng Man; Chao Sun; Yuanyuan Ji; Xin D. Gao; Bin Yu,PP,,10.1109/tnnls.2026.3705863,https://doi.org/10.1109/tnnls.2026.3705863,article,IEEE Transactions on Neural Networks and Learning Systems,https://openalex.org/W7166821307
IEEE Transactions on Neural Networks and Learning Systems,IEEE,2026,2026-01-01,A Weak-Robust Modeling and Knowledge-Driven Solution Approach for Scheduling Margin Calculation of Hot Rolling Process,Yangjie Wu; T C Wang; J Z Zhao; W Y Wang,PP,,10.1109/tnnls.2026.3690558,https://doi.org/10.1109/tnnls.2026.3690558,article,IEEE Transactions on Neural Networks and Learning Systems,https://openalex.org/W7160950643
IEEE Transactions on Neural Networks and Learning Systems,IEEE,2026,2026-01-01,ACTFormer: Adaptive Complexity-Aware Traffic Transformer for Intelligent Flow Prediction,Wenbiao Yang; Wenli Shang; Zhiquan Liu,PP,,10.1109/tnnls.2026.3691371,https://doi.org/10.1109/tnnls.2026.3691371,article,IEEE Transactions on Neural Networks and Learning Systems,https://openalex.org/W7160891942
IEEE Transactions on Neural Networks and Learning Systems,IEEE,2026,2026-01-01,AHRL-PM: Asynchronous Hierarchical Reinforcement Learning Framework for Enhanced Portfolio Management,Liu S; Tianxiang Cui; Yiran Li; Qiao Lin; Ziteng Cheng; Derong Liu,PP,,10.1109/tnnls.2026.3711337,https://doi.org/10.1109/tnnls.2026.3711337,article,IEEE Transactions on Neural Networks and Learning Systems,https://openalex.org/W7169501428
IEEE Transactions on Neural Networks and Learning Systems,IEEE,2026,2026-01-01,ARKG: Adversarially Residual Knowledge Generalization to Open-Set Domain Adaptation,Reyhane Ghaffari; Mohammad Sadegh Helfroush; Kamran Kazemi; Abbas Khosravi; Leszek Rutkowski,PP,,10.1109/tnnls.2026.3703349,https://doi.org/10.1109/tnnls.2026.3703349,article,IEEE Transactions on Neural Networks and Learning Systems,https://openalex.org/W7165668269
IEEE Transactions on Neural Networks and Learning Systems,IEEE,2026,2026-01-01,ASSR-Net: Anisotropic Structure-Aware and Spectrally Recalibrated Network for Hyperspectral Image Fusion,Qiya Song; Hongzhi Zhou; L.B. Tan; Renwei Dian; Shutao Li,PP,,10.1109/tnnls.2026.3709066,https://doi.org/10.1109/tnnls.2026.3709066,article,IEEE Transactions on Neural Networks and Learning Systems,https://openalex.org/W7167614562
IEEE Transactions on Neural Networks and Learning Systems,IEEE,2026,2026-01-01,Actor–Critic-Based Prescribed Performance Optimal Control for Flexible-Joint Robots With Input Delay,Hui Ma; Lin Zhu; Qi Fan Zhou; Hongyi Li; Yan Lei,PP,,10.1109/tnnls.2026.3680090,https://doi.org/10.1109/tnnls.2026.3680090,article,IEEE Transactions on Neural Networks and Learning Systems,https://openalex.org/W7151947416
IEEE Transactions on Neural Networks and Learning Systems,IEEE,2026,2026-01-01,Adaptive Graph-Guided Feature Decomposition for Unsupervised Multiview Feature Selection,Aihong Yuan; Hong Lv; Jin Hu; Mengbo You,PP,,10.1109/tnnls.2026.3694172,https://doi.org/10.1109/tnnls.2026.3694172,article,IEEE Transactions on Neural Networks and Learning Systems,https://openalex.org/W7162686391
IEEE Transactions on Neural Networks and Learning Systems,IEEE,2026,2026-01-01,Adaptive Learning Control of Uncertain Systems via Weight and Intrinsic Plasticity-Based Neural Networks,Jing He; Bing Zhou; Kai Zhao; Hui Gao; Frank L. Lewis,PP,,10.1109/tnnls.2026.3703600,https://doi.org/10.1109/tnnls.2026.3703600,article,IEEE Transactions on Neural Networks and Learning Systems,https://openalex.org/W7165634166
IEEE Transactions on Neural Networks and Learning Systems,IEEE,2026,2026-01-01,Adaptive Prototype-Guided Personalized Propagation for Heterophilic Graphs With Missing Data,Mengran Li; Wenbin Xing; Zelin Zang; Bo Li; Chengyang Zhang; Yong Zhang; Junzhou Chen; Ronghui Zhang; Yongfu Li; Chuan Hu; Xiaolei Ma; Zibin Zheng,PP,,10.1109/tnnls.2026.3676197,https://doi.org/10.1109/tnnls.2026.3676197,article,IEEE Transactions on Neural Networks and Learning Systems,https://openalex.org/W7154452395
IEEE Transactions on Neural Networks and Learning Systems,IEEE,2026,2026-01-01,Agent4CD: Generative Agent for Cognitive Diagnosis in Intelligent Education,Xinjie Sun; Qi Liu; Weiyin Gong; Shuanghong Shen; Kai Zhang; Fei Wang; Shijin Wang; Enhong Chen,PP,,10.1109/tnnls.2026.3706957,https://doi.org/10.1109/tnnls.2026.3706957,article,IEEE Transactions on Neural Networks and Learning Systems,https://openalex.org/W7168243574
IEEE Transactions on Neural Networks and Learning Systems,IEEE,2026,2026-01-01,An Accelerated Augmented Gradient Neural Network for Constrained Time-Varying Nonlinear Optimization,Juliang Wang; Haoen Huang; Kun Deng; Zhigang Zeng,PP,,10.1109/tnnls.2026.3694363,https://doi.org/10.1109/tnnls.2026.3694363,article,IEEE Transactions on Neural Networks and Learning Systems,https://openalex.org/W7163274626
IEEE Transactions on Neural Networks and Learning Systems,IEEE,2026,2026-01-01,An Adaptive Dynamic Programming Framework for Pursuit–Evasion Games in Nonaffine Nonlinear Systems,Zhongyang Ming; Huaguang Zhang; Shuhang Yu; Xiangpeng Xie,PP,,10.1109/tnnls.2026.3699553,https://doi.org/10.1109/tnnls.2026.3699553,article,IEEE Transactions on Neural Networks and Learning Systems,https://openalex.org/W7204782944
IEEE Transactions on Neural Networks and Learning Systems,IEEE,2026,2026-01-01,An Effective Cross-Task Unified Multiobjective Neural Metaframework for Solving Combinatorial Optimization Problems,Hangyu Lou; Xianpeng Wang,PP,,10.1109/tnnls.2026.3728508,https://doi.org/10.1109/tnnls.2026.3728508,article,IEEE Transactions on Neural Networks and Learning Systems,https://openalex.org/W7207804590
IEEE Transactions on Neural Networks and Learning Systems,IEEE,2026,2026-01-01,An End-to-End Signal-Level Framework for Multifunction Radar Working Mode Recognition,Yuming Liu; Guolong Cui; Mou Wang; Xianxiang Yu; Lingjiang Kong,PP,,10.1109/tnnls.2026.3682455,https://doi.org/10.1109/tnnls.2026.3682455,article,IEEE Transactions on Neural Networks and Learning Systems,https://openalex.org/W7161123941
IEEE Transactions on Neural Networks and Learning Systems,IEEE,2026,2026-01-01,An Ensemble Learning Approach to Graph Learning Based on Evolutionary Graph Neural Architecture Search,Wei-Feng Guo; Pengyu Wang; Ying Bi; Jing Liang; Bing Xue; Mengjie Zhang; Detao Yin; Han Cheng,PP,,10.1109/tnnls.2026.3714417,https://doi.org/10.1109/tnnls.2026.3714417,article,IEEE Transactions on Neural Networks and Learning Systems,https://openalex.org/W7171499782
IEEE Transactions on Neural Networks and Learning Systems,IEEE,2026,2026-01-01,An Uncertainty-Aware Ensemble Approach to Modeling Utility of Pseudolabels for Semisupervised Learning,Jiaqi Wu; Junbiao Pang; Qingming Huang,PP,,10.1109/tnnls.2026.3696935,https://doi.org/10.1109/tnnls.2026.3696935,article,IEEE Transactions on Neural Networks and Learning Systems,https://openalex.org/W7163999951
IEEE Transactions on Neural Networks and Learning Systems,IEEE,2026,2026-01-01,Approximate Optimal Control for Morphing Aircraft via Attention Meta-Learning and Continual Learning,Hao-Chi Che; Huai-Ning Wu,PP,,10.1109/tnnls.2026.3687995,https://doi.org/10.1109/tnnls.2026.3687995,article,IEEE Transactions on Neural Networks and Learning Systems,https://openalex.org/W7161124187
IEEE Transactions on Neural Networks and Learning Systems,IEEE,2026,2026-01-01,Attention-Guided and Role-Aware Reinforcement Learning for Multi-AUV Counter-Game,Wenhao Gan; Kai Guo; Lei Qiao,PP,,10.1109/tnnls.2026.3700395,https://doi.org/10.1109/tnnls.2026.3700395,article,IEEE Transactions on Neural Networks and Learning Systems,https://openalex.org/W7164143240
IEEE Transactions on Neural Networks and Learning Systems,IEEE,2026,2026-01-01,Attribute–Topology Cross-Frequency Aligned Graph Neural Networks for Homophilic and Heterophilic Graphs in Node Classification,Yachao Yang; Yanfeng Sun; Jipeng Guo; Jinlu Wang; Shaofan Wang; Junbin Gao; Fujiao Ju; Baocai Yin,PP,,10.1109/tnnls.2026.3678135,https://doi.org/10.1109/tnnls.2026.3678135,article,IEEE Transactions on Neural Networks and Learning Systems,https://openalex.org/W7154003020
IEEE Transactions on Neural Networks and Learning Systems,IEEE,2026,2026-01-01,Beyond Euclidean Tokens: Hyperbolic Structure-Aware Mapping for Dual-Task Scene Parsing With Only Minimal Trainable Parameters,Jiawei Liu; Da Yong Yang; Tingwei Feng,PP,,10.1109/tnnls.2026.3680295,https://doi.org/10.1109/tnnls.2026.3680295,article,IEEE Transactions on Neural Networks and Learning Systems,https://openalex.org/W7202135080
IEEE Transactions on Neural Networks and Learning Systems,IEEE,2026,2026-01-01,Boosting Black-Box Unsupervised Domain Adaptation With Cross-Model Contrastive and Consistency Learning,Wei Li; Wenyi Zhao; Lianlei Shan; Huihua Yang,PP,,10.1109/tnnls.2026.3724587,https://doi.org/10.1109/tnnls.2026.3724587,article,IEEE Transactions on Neural Networks and Learning Systems,https://openalex.org/W7204188270
IEEE Transactions on Neural Networks and Learning Systems,IEEE,2026,2026-01-01,CAFF-CIL: Causality-Aware Freedom Forgetting Approach for Class-Incremental Learning,Xinyu Zhou; Jing Yang; Xiaoli Ruan; Yuling Chen; Yong Yao; Xu Wang; Zhidong Su,PP,,10.1109/tnnls.2026.3705518,https://doi.org/10.1109/tnnls.2026.3705518,article,IEEE Transactions on Neural Networks and Learning Systems,https://openalex.org/W7166542717
IEEE Transactions on Neural Networks and Learning Systems,IEEE,2026,2026-01-01,CLIP Graph Adaptor: A Dual-Graph Adapted Visual–Language Model for Weakly Supervised Semantic Segmentation,J Q Zhang; Bo Peng; Xi Wu; Chenchen He,PP,,10.1109/tnnls.2026.3683363,https://doi.org/10.1109/tnnls.2026.3683363,article,IEEE Transactions on Neural Networks and Learning Systems,https://openalex.org/W7155392619
IEEE Transactions on Neural Networks and Learning Systems,IEEE,2026,2026-01-01,CLMER: A Framework for Contrastive Learning-Based Multimodal Emotion Recognition,Shuang Niu; Jian He; Yu Liang; Xiyuan Hu; Shahid Mumtaz; Kaixin Wang; Tianhao Peng; Chenlong Zhang; Zaitian Wang,,,10.1109/tnnls.2026.3732747,https://doi.org/10.1109/tnnls.2026.3732747,article,IEEE Transactions on Neural Networks and Learning Systems,https://openalex.org/W7214234053
IEEE Transactions on Neural Networks and Learning Systems,IEEE,2026,2026-01-01,COFM: Consistent Optimal Transport Flow Matching via Partially Input Convex Neural Networks,Fanghui Song; Zhongjian Wang; Jiebao Sun,PP,,10.1109/tnnls.2026.3729075,https://doi.org/10.1109/tnnls.2026.3729075,article,IEEE Transactions on Neural Networks and Learning Systems,https://openalex.org/W7212081031
IEEE Transactions on Neural Networks and Learning Systems,IEEE,2026,2026-01-01,COVER-EL: Class cOVERage-Aware Noise Correction for Crowdsourced Labels via Elimination-Based Inference,Wang Bi; Yanting Yang; Xuelian Li,PP,,10.1109/tnnls.2026.3722653,https://doi.org/10.1109/tnnls.2026.3722653,article,IEEE Transactions on Neural Networks and Learning Systems,https://openalex.org/W7204492027
IEEE Transactions on Neural Networks and Learning Systems,IEEE,2026,2026-01-01,CausalPD: Joint Causal Discovery and Intervention for Large-Scale Pavement Distress Distribution Data,Xuesong Wu; Tianlu Pan; Xueying Chen; Jianxin Liu; Zhaocheng He,PP,,10.1109/tnnls.2026.3700137,https://doi.org/10.1109/tnnls.2026.3700137,article,IEEE Transactions on Neural Networks and Learning Systems,https://openalex.org/W7165619109
IEEE Transactions on Neural Networks and Learning Systems,IEEE,2026,2026-01-01,Causality-Aware Spatiotemporal Adversarial Learning for Knowledge-Data Fault Diagnosis in Large-Scale Industrial Processes,Chi Zhang; Tengxuan Sun; Kaixiang Peng; Silvio Simani; Jie Dong,PP,,10.1109/tnnls.2026.3710177,https://doi.org/10.1109/tnnls.2026.3710177,article,IEEE Transactions on Neural Networks and Learning Systems,https://openalex.org/W7170171891
IEEE Transactions on Neural Networks and Learning Systems,IEEE,2026,2026-01-01,ChACo: Channel-Wise Adaptive Competitive Layer-Wise Learning,Andreas Papachristodoulou; Christos Kyrkou; Stelios Timotheou; Theocharis Theocharides,PP,,10.1109/tnnls.2026.3715154,https://doi.org/10.1109/tnnls.2026.3715154,article,IEEE Transactions on Neural Networks and Learning Systems,https://openalex.org/W7172067253
IEEE Transactions on Neural Networks and Learning Systems,IEEE,2026,2026-01-01,Chain-of-Thought for Autonomous Driving: A Comprehensive Survey and Future Prospects,Yixin Cui; Haotian Lin; Shuo Yang; Yixiao Wang; Yanjun Huang; Hong Chen,PP,,10.1109/tnnls.2026.3713682,https://doi.org/10.1109/tnnls.2026.3713682,article,IEEE Transactions on Neural Networks and Learning Systems,https://openalex.org/W4414588343
IEEE Transactions on Neural Networks and Learning Systems,IEEE,2026,2026-01-01,Chameleon: Backdoor Attacks With Restoration-Based Triggers Using Diffusion Models,Boyang Zhou; Yixin He; Xiaofu Chen; Y T Hu; Yanjiao Chen; Wenyuan Xu,PP,,10.1109/tnnls.2026.3711860,https://doi.org/10.1109/tnnls.2026.3711860,article,IEEE Transactions on Neural Networks and Learning Systems,https://openalex.org/W7170063680
IEEE Transactions on Neural Networks and Learning Systems,IEEE,2026,2026-01-01,Cloud Server Replenishment Policy Under Given Demand Satisfaction Rates via Reinforcement Learning With Policy Imitation,Jingze Li; 程鹏志; Xinyu Zhang; Wanyi Zhu; Gaojie Wang; Longchao Dou; Baihua Zheng; Weiwei Sun,PP,,10.1109/tnnls.2026.3702596,https://doi.org/10.1109/tnnls.2026.3702596,article,IEEE Transactions on Neural Networks and Learning Systems,https://openalex.org/W7169807644
IEEE Transactions on Neural Networks and Learning Systems,IEEE,2026,2026-01-01,Coarse-to-Fine Fusion: Customized Multiview Contrast Reinforcement Learning for Graph Clustering,Weitong Zhang; Xuerong Zhu; Wenxu Wang; Jinhong Ren; Ronghua Shang; Licheng Jiao,PP,,10.1109/tnnls.2026.3676127,https://doi.org/10.1109/tnnls.2026.3676127,article,IEEE Transactions on Neural Networks and Learning Systems,https://openalex.org/W7140159428
IEEE Transactions on Neural Networks and Learning Systems,IEEE,2026,2026-01-01,Collaborative Hyperparameter Recommendation by Coupled Matrix Factorization With Kernel,Liping Deng; Mingqing Xiao,PP,,10.1109/tnnls.2026.3689439,https://doi.org/10.1109/tnnls.2026.3689439,article,IEEE Transactions on Neural Networks and Learning Systems,https://openalex.org/W7160937778
IEEE Transactions on Neural Networks and Learning Systems,IEEE,2026,2026-01-01,Collect-Then-Select: Multispectral Detection Transformer With Collaborative Aggregation and Progressive Refinement,Xiangyang Li; Chunna Tian; Shiguo Chen; Zhiwei Jiang; Heng Zhou; Zhenxi Zhang; Pengyang Niu,PP,,10.1109/tnnls.2026.3718800,https://doi.org/10.1109/tnnls.2026.3718800,article,IEEE Transactions on Neural Networks and Learning Systems,https://openalex.org/W7203472411
IEEE Transactions on Neural Networks and Learning Systems,IEEE,2026,2026-01-01,Compressed Sensing via Sequential Majorization-Minimization and Collaborative Neurodynamic Optimization,Hongzong Li; Jun Wang; Hangjun Che; Dapeng Oliver Wu,PP,,10.1109/tnnls.2026.3710065,https://doi.org/10.1109/tnnls.2026.3710065,article,IEEE Transactions on Neural Networks and Learning Systems,https://openalex.org/W7202119603
IEEE Transactions on Neural Networks and Learning Systems,IEEE,2026,2026-01-01,Computing Node Failure Prediction Based on Continuous-Time Dynamic Graph,Binbin Huang; Teng Bao; Feiyi Chen; Lingbin Wang; Xunqing Huang; Yuyu Yin; Xiaoying Shi; Shangguang Wang; Shuiguang Deng,PP,,10.1109/tnnls.2026.3684886,https://doi.org/10.1109/tnnls.2026.3684886,article,IEEE Transactions on Neural Networks and Learning Systems,https://openalex.org/W7155183538
IEEE Transactions on Neural Networks and Learning Systems,IEEE,2026,2026-01-01,Contaminative Data-Driven Koopman Resilient Distributed Filtering for Unknown Stochastic Nonlinear Systems,Xiaoyuan Zheng; Zhenrui Sun; Xindi Yang; Huaicheng Yan,PP,,10.1109/tnnls.2026.3693641,https://doi.org/10.1109/tnnls.2026.3693641,article,IEEE Transactions on Neural Networks and Learning Systems,https://openalex.org/W7162632737
IEEE Transactions on Neural Networks and Learning Systems,IEEE,2026,2026-01-01,Contrastive Predictive Coding With Compression for Enhanced Channel State Feedback in Wireless Networks,Ahmed Y. Radwan; Fahad Syed Muhammad; Matthew Baker; Hina Tabassum,PP,,10.1109/tnnls.2026.3709216,https://doi.org/10.1109/tnnls.2026.3709216,article,IEEE Transactions on Neural Networks and Learning Systems,https://openalex.org/W7167737336
IEEE Transactions on Neural Networks and Learning Systems,IEEE,2026,2026-01-01,Controllability Analysis for Vision State Space Models: A Structural Interpretability Framework,Mohamed A. Mabrok; Yalda Zafari-Ghadim,PP,,10.1109/tnnls.2026.3718747,https://doi.org/10.1109/tnnls.2026.3718747,article,IEEE Transactions on Neural Networks and Learning Systems,https://openalex.org/W7203698233
IEEE Transactions on Neural Networks and Learning Systems,IEEE,2026,2026-01-01,ConvShareViT: A Vision Transformer-Like Architecture for Free-Space Optical Accelerators,Riad Ibadulla; THOMAS M. CHEN; Constantino Carlos Reyes‐Aldasoro,PP,,10.1109/tnnls.2026.3689450,https://doi.org/10.1109/tnnls.2026.3689450,article,IEEE Transactions on Neural Networks and Learning Systems,https://openalex.org/W7163069345
IEEE Transactions on Neural Networks and Learning Systems,IEEE,2026,2026-01-01,DHMNN: A Hypergraph Motif-Based Framework for Directed Hyperlink Prediction,Xihang Meng; Hao Peng; Guangjie Zeng; Li Sun; Zhifeng Hao; Philip S. Yu,PP,,10.1109/tnnls.2026.3715245,https://doi.org/10.1109/tnnls.2026.3715245,article,IEEE Transactions on Neural Networks and Learning Systems,https://openalex.org/W7172280140
IEEE Transactions on Neural Networks and Learning Systems,IEEE,2026,2026-01-01,DIFF-MF: A Difference-Driven Channel-Spatial State Space Model for Multimodal Image Fusion,Yiming Sun; Zifan Ye; Qinghua Hu; Pengfei Zhu,PP,,10.1109/tnnls.2026.3727923,https://doi.org/10.1109/tnnls.2026.3727923,article,IEEE Transactions on Neural Networks and Learning Systems,https://openalex.org/W7123247669
IEEE Transactions on Neural Networks and Learning Systems,IEEE,2026,2026-01-01,DOGT: Double-Order Graph Transformers With Adaptive Node-Group Learning,Yupei Zhang; Xian Sheng; Mengfei Liu; Ruotong Zhao; Xuequn Shang,PP,,10.1109/tnnls.2026.3700639,https://doi.org/10.1109/tnnls.2026.3700639,article,IEEE Transactions on Neural Networks and Learning Systems,https://openalex.org/W7164147529
IEEE Transactions on Neural Networks and Learning Systems,IEEE,2026,2026-01-01,DTAgent: Dynamic Time-Series Agent for Industrial Anomaly Detection,Lei Ren; Jingwei Guo; Haiteng Wang; Yusheng Kong; Shixiang Li,,,10.1109/tnnls.2026.3733412,https://doi.org/10.1109/tnnls.2026.3733412,article,IEEE Transactions on Neural Networks and Learning Systems,https://openalex.org/W7214174512
IEEE Transactions on Neural Networks and Learning Systems,IEEE,2026,2026-01-01,Data-Driven Output Feedback Control for Unknown Piecewise Affine Systems,K HU; Tao Liu,PP,,10.1109/tnnls.2026.3691588,https://doi.org/10.1109/tnnls.2026.3691588,article,IEEE Transactions on Neural Networks and Learning Systems,https://openalex.org/W7161283805
IEEE Transactions on Neural Networks and Learning Systems,IEEE,2026,2026-01-01,Decoupling Semantic and Structural Alignment for Cross-Domain Federated Learning,Wenjie Yao; Suxia Zhu; Guanglu Sun; Ruidong Wang; Xinzhong Zhu; Yue Liu; Han Yu; Xiguang Wei,,,10.1109/tnnls.2026.3732298,https://doi.org/10.1109/tnnls.2026.3732298,article,IEEE Transactions on Neural Networks and Learning Systems,https://openalex.org/W7214194889
IEEE Transactions on Neural Networks and Learning Systems,IEEE,2026,2026-01-01,Deep RL-Based Continuous-Time Continuous-Space Homeostatically Regulated Reinforcement Learning (CTCS-HRRL),Hugo Laurençon; Yesoda Bhargava; Riddhi Zantye; Charbel-Raphaël Segerie; Johann Lussange; Veeky Baths; Boris S Gutkin,PP,,10.1109/tnnls.2026.3723854,https://doi.org/10.1109/tnnls.2026.3723854,article,IEEE Transactions on Neural Networks and Learning Systems,https://openalex.org/W7213552698
IEEE Transactions on Neural Networks and Learning Systems,IEEE,2026,2026-01-01,Deep Reinforcement Learning-Based Optimization of Identical-Dual-Band Filters,Ehsan Adibnia,PP,,10.1109/tnnls.2026.3684954,https://doi.org/10.1109/tnnls.2026.3684954,article,IEEE Transactions on Neural Networks and Learning Systems,https://openalex.org/W7159821543
IEEE Transactions on Neural Networks and Learning Systems,IEEE,2026,2026-01-01,Deep Residual Echo State Networks: Exploring Residual Orthogonal Connections in Untrained Recurrent Neural Networks,Matteo Pinna; Andrea Ceni; Claudio Gallicchio,PP,,10.1109/tnnls.2026.3718377,https://doi.org/10.1109/tnnls.2026.3718377,article,IEEE Transactions on Neural Networks and Learning Systems,https://openalex.org/W4415987745
IEEE Transactions on Neural Networks and Learning Systems,IEEE,2026,2026-01-01,Deep Semi-Supervised Learning via Tensor Label Propagation for High-Dimension-Low-Sample-Size Data,Hongmin Cai; Jiali Sun; Fei Qi; Chuhua Xian; Shengfeng He; Ye Liu,PP,,10.1109/tnnls.2026.3717374,https://doi.org/10.1109/tnnls.2026.3717374,article,IEEE Transactions on Neural Networks and Learning Systems,https://openalex.org/W7202110461
IEEE Transactions on Neural Networks and Learning Systems,IEEE,2026,2026-01-01,Differentiable Clustering Graph Convolutional Network for Hyperspectral Unmixing: Methodology and Benchmark,Mingming Xu; Jin Chao Xu; Zhiru Yang; Wei Li; Yonghao Xu; Shiqing Wei; Shanwei Liu; Bo Du; Zengmao Wang,PP,,10.1109/tnnls.2026.3698485,https://doi.org/10.1109/tnnls.2026.3698485,article,IEEE Transactions on Neural Networks and Learning Systems,https://openalex.org/W7164350059
IEEE Transactions on Neural Networks and Learning Systems,IEEE,2026,2026-01-01,Disentangled Generative Graph Representation Learning,Xinyue Hu; Zhibin Duan; Xinyang Liu; Yuxin Li; Bo Chen; Chaojie Wang; Yilin He; Hongwei Liu; Xuefei Cao; Mingyuan Zhou,PP,,10.1109/tnnls.2026.3679557,https://doi.org/10.1109/tnnls.2026.3679557,article,IEEE Transactions on Neural Networks and Learning Systems,https://openalex.org/W4402701336
IEEE Transactions on Neural Networks and Learning Systems,IEEE,2026,2026-01-01,Distributed Inertial k -Winners-Take-All Neural Network Based on Quadratic Optimization Problems,Xiaohan Bo; Song Zhu; Zhen Zhang; Weiwei Luo; Shiping Wen; Chaoxu Mu,PP,,10.1109/tnnls.2026.3683360,https://doi.org/10.1109/tnnls.2026.3683360,article,IEEE Transactions on Neural Networks and Learning Systems,https://openalex.org/W7154952151
IEEE Transactions on Neural Networks and Learning Systems,IEEE,2026,2026-01-01,Dockformer: A Transformer-Based Molecular Docking Paradigm for Large-Scale Virtual Screening,Zhangfan Yang; Junkai Ji; Shan He; Jianqiang Li; Tiantian He; Ruibin Bai; Zexuan Zhu; Yew-Soon Ong,PP,,10.1109/tnnls.2026.3725736,https://doi.org/10.1109/tnnls.2026.3725736,article,IEEE Transactions on Neural Networks and Learning Systems,https://openalex.org/W4404401793
IEEE Transactions on Neural Networks and Learning Systems,IEEE,2026,2026-01-01,Dual Joint Covariance Alignment Method for Incomplete Data Classification,Linqing Huang; Gongshen Liu,PP,,10.1109/tnnls.2026.3707961,https://doi.org/10.1109/tnnls.2026.3707961,article,IEEE Transactions on Neural Networks and Learning Systems,https://openalex.org/W7167890181
IEEE Transactions on Neural Networks and Learning Systems,IEEE,2026,2026-01-01,Dual-Constraint Optimization of Mouse V1 Modeling: Integrating Sparsity and Excitation–Inhibition Balance for Improved Representational Similarity With DNNs,Luntian Mou; Siqi Zhen; Peize Li; Wenjie Chen; Лей Ма; Nan Ma; Tiejun Huang,PP,,10.1109/tnnls.2026.3728662,https://doi.org/10.1109/tnnls.2026.3728662,article,IEEE Transactions on Neural Networks and Learning Systems,https://openalex.org/W7212694575
IEEE Transactions on Neural Networks and Learning Systems,IEEE,2026,2026-01-01,Dual-Domain Multipath Self-Supervised Diffusion Model for Accelerated MRI Reconstruction,Yuxuan Zhang; Jinkui Hao; Bo Zhou,PP,,10.1109/tnnls.2026.3688183,https://doi.org/10.1109/tnnls.2026.3688183,article,IEEE Transactions on Neural Networks and Learning Systems,https://openalex.org/W7160868366
IEEE Transactions on Neural Networks and Learning Systems,IEEE,2026,2026-01-01,Dual-Path Conditional Diffusion Model With Attribute Consistency for Zero-Shot Fault Diagnosis,Wenjie Liao; Like Wu; Shihui Xu; Shigeru Fujimura,PP,,10.1109/tnnls.2026.3683414,https://doi.org/10.1109/tnnls.2026.3683414,article,IEEE Transactions on Neural Networks and Learning Systems,https://openalex.org/W7156058477
IEEE Transactions on Neural Networks and Learning Systems,IEEE,2026,2026-01-01,Dynamic-n-Static Multiplex Graph Representation Learning for Improved Link Prediction,Jia Yu; Mengjun Ding; Weiqiang Sun,PP,,10.1109/tnnls.2026.3700088,https://doi.org/10.1109/tnnls.2026.3700088,article,IEEE Transactions on Neural Networks and Learning Systems,https://openalex.org/W7164867801
IEEE Transactions on Neural Networks and Learning Systems,IEEE,2026,2026-01-01,Dynamics of Q -Learning in Networked Stochastic Games,Zheng Yuan; Guangchen Jiang; Shuyue Hu; Matjaž Perc; Chen Chu; Jinzhuo Liu,37,6,10.1109/tnnls.2025.3641365,https://doi.org/10.1109/tnnls.2025.3641365,article,IEEE Transactions on Neural Networks and Learning Systems,https://openalex.org/W7117866719
IEEE Transactions on Neural Networks and Learning Systems,IEEE,2026,2026-01-01,EMM-Det: Energy-Efficient Multidrone Tiny Object Detection by Memory-Enhanced Spiking Neural Networks,Zheming Cai; Hanning Luo; Tiange Liu; Yingjie Xia; Luming Zhang; Pan Li; Lei Wang,PP,,10.1109/tnnls.2026.3680142,https://doi.org/10.1109/tnnls.2026.3680142,article,IEEE Transactions on Neural Networks and Learning Systems,https://openalex.org/W7151493293
IEEE Transactions on Neural Networks and Learning Systems,IEEE,2026,2026-01-01,Efficient Image Debiased Contrastive Clustering,Hongjie Jia; Junyi Chen; Qirong Mao; Qihong Wang; Qinghua Lu; Guodong Long; Di Wu,PP,,10.1109/tnnls.2026.3702355,https://doi.org/10.1109/tnnls.2026.3702355,article,IEEE Transactions on Neural Networks and Learning Systems,https://openalex.org/W7165666740
IEEE Transactions on Neural Networks and Learning Systems,IEEE,2026,2026-01-01,Efficient Invariant Representation Learning Based on Cauchy–Schwarz Divergence,Lei Wang; Shuo Ye; Qinmu Peng; Shujian Yu; Xinge You; Shiming Chen,PP,,10.1109/tnnls.2026.3729611,https://doi.org/10.1109/tnnls.2026.3729611,article,IEEE Transactions on Neural Networks and Learning Systems,https://openalex.org/W7214123626
IEEE Transactions on Neural Networks and Learning Systems,IEEE,2026,2026-01-01,Efficient Multiagent Reinforcement Learning With OTOS: Online Tuning From an Offline Self-Organization Model,Zhiqiang Pu; Boyin Liu; Shijie Wang; Hao Ma; Min Chen; Yi Pan,PP,,10.1109/tnnls.2026.3722047,https://doi.org/10.1109/tnnls.2026.3722047,article,IEEE Transactions on Neural Networks and Learning Systems,https://openalex.org/W7204144052
IEEE Transactions on Neural Networks and Learning Systems,IEEE,2026,2026-01-01,End-to-End Image Compression With Segmentation Guided Dual Coding for Wind Turbines,Raül Pérez-Gonzalo; Andreas Espersen; Søren Forchhammer; Antonio Agudo,PP,,10.1109/tnnls.2026.3685207,https://doi.org/10.1109/tnnls.2026.3685207,article,IEEE Transactions on Neural Networks and Learning Systems,https://openalex.org/W7158770300
IEEE Transactions on Neural Networks and Learning Systems,IEEE,2026,2026-01-01,Enhanced SAR Ship Detection Using Multiscale Neighborhood Correlation and Self-Supervised Constraint,Lei Li; Yiran Wang; Chaoran Cui; Ke Ren; Junmei Feng; Xue Lin,PP,,10.1109/tnnls.2026.3731090,https://doi.org/10.1109/tnnls.2026.3731090,article,IEEE Transactions on Neural Networks and Learning Systems,https://openalex.org/W7212174732
IEEE Transactions on Neural Networks and Learning Systems,IEEE,2026,2026-01-01,Enhanced Spectral Clustering Robust Aggregation for Lens Detection in Federated Learning Against Byzantine Attacks,Fenhua Bai; Bangming Jin; Kai Zeng; Tao Shen; Bei Gong; Weizhi Meng; Bin Qian Cao,PP,,10.1109/tnnls.2026.3718132,https://doi.org/10.1109/tnnls.2026.3718132,article,IEEE Transactions on Neural Networks and Learning Systems,https://openalex.org/W7202205436
IEEE Transactions on Neural Networks and Learning Systems,IEEE,2026,2026-01-01,Enhancing Generative Models for Modality Imputation of 3-D MRIs via Consistency-Aware Refinement and Super-Resolution Guidance,Zhiyun Song; Xin Wang; Honglin Xiong; Mengjun Liu; Manman Fei; Xiangyu Zhao; Zhenrong Shen; Sheng Wang; Dongdong Chen; Linlin Yao; Qian Wang; Lichi Zhang,PP,,10.1109/tnnls.2026.3700465,https://doi.org/10.1109/tnnls.2026.3700465,article,IEEE Transactions on Neural Networks and Learning Systems,https://openalex.org/W7164411032
IEEE Transactions on Neural Networks and Learning Systems,IEEE,2026,2026-01-01,Escaping Stability-Plasticity Dilemma in Online Continual Learning for Motion Forecasting via Synergetic Memory Rehearsal,Yunlong Lin; Chao Lu; Tongshuai Wu; Xiaocong Zhao; Guodong Du; Yanwei Sun; Zirui Li; Jianwei Gong,PP,,10.1109/tnnls.2026.3700190,https://doi.org/10.1109/tnnls.2026.3700190,article,IEEE Transactions on Neural Networks and Learning Systems,https://openalex.org/W7164316858
IEEE Transactions on Neural Networks and Learning Systems,IEEE,2026,2026-01-01,Event-Based Adaptive Consensus Control of Multiple Flexible Manipulator Systems With Input-Output Constraints,Wei Zhao; Xiangqian Yao,PP,,10.1109/tnnls.2026.3679760,https://doi.org/10.1109/tnnls.2026.3679760,article,IEEE Transactions on Neural Networks and Learning Systems,https://openalex.org/W7151222600
IEEE Transactions on Neural Networks and Learning Systems,IEEE,2026,2026-01-01,Expert Behavior Prior Reinforcement Learning,Gong Gao; Weidong Zhao; Xianhui Liu; Ning Jia,PP,,10.1109/tnnls.2026.3717134,https://doi.org/10.1109/tnnls.2026.3717134,article,IEEE Transactions on Neural Networks and Learning Systems,https://openalex.org/W7201872932
IEEE Transactions on Neural Networks and Learning Systems,IEEE,2026,2026-01-01,Explainable Multihop Social Link Prediction Based on Temporal Logical Rules in Dynamic Social Networks,Wei Jia; Ruizhe Ma; Li Yan; Weinan Niu; Zongmin Ma,PP,,10.1109/tnnls.2026.3680219,https://doi.org/10.1109/tnnls.2026.3680219,article,IEEE Transactions on Neural Networks and Learning Systems,https://openalex.org/W7160526692
IEEE Transactions on Neural Networks and Learning Systems,IEEE,2026,2026-01-01,FLASH: Energy-Efficient FPGA Acceleration via Linear Approximation and Streamlined Two-Stage Pipeline Architectures for Quantized CNN–Transformer Hybrid Networks,Naeun Kim; Beom Jin Kang; Hae In Lee; Seokkyu Yoon; Youngchan Kim; Sungsoo Han; Seok-Bum Ko; Hyun Kim,PP,,10.1109/tnnls.2026.3677427,https://doi.org/10.1109/tnnls.2026.3677427,article,IEEE Transactions on Neural Networks and Learning Systems,https://openalex.org/W7147472697
IEEE Transactions on Neural Networks and Learning Systems,IEEE,2026,2026-01-01,FP3O: Enabling Proximal Policy Optimization in Multiagent Cooperation With Parameter-Sharing Versatility,Lang Feng; Dong Xing; Junru Zhang; Gang Pan,PP,,10.1109/tnnls.2026.3695403,https://doi.org/10.1109/tnnls.2026.3695403,article,IEEE Transactions on Neural Networks and Learning Systems,https://openalex.org/W4387559650
IEEE Transactions on Neural Networks and Learning Systems,IEEE,2026,2026-01-01,Feature-Augmented Broad Neural Network for Sensor Incipient Drift Fault Detection in Wastewater Treatment Process,Jianing Zhang; Wenjing Li; Junfei Qiao,PP,,10.1109/tnnls.2026.3722872,https://doi.org/10.1109/tnnls.2026.3722872,article,IEEE Transactions on Neural Networks and Learning Systems,https://openalex.org/W7203821257
IEEE Transactions on Neural Networks and Learning Systems,IEEE,2026,2026-01-01,FedSKD: Aggregation-Free Model-Heterogeneous Federated Learning via Multidimensional Similarity Knowledge Distillation for Medical Image Classification,Ziqiao Weng; Weidong Cai; Bo Zhou,PP,,10.1109/tnnls.2026.3684321,https://doi.org/10.1109/tnnls.2026.3684321,article,IEEE Transactions on Neural Networks and Learning Systems,https://openalex.org/W7155166279
IEEE Transactions on Neural Networks and Learning Systems,IEEE,2026,2026-01-01,Federated Prototype Learning for Cardiovascular Diseases Recognition Under Non-Independent and Non-Identically Distributed Heart Sounds,Yifan Feng; Wanyong Qiu; Haojie Zhang; Ruobing Li; Yi Chang; Kun Qian; Bin Hu; Björn Wolfgang Schuller; Yoshiharu Yamamoto,PP,,10.1109/tnnls.2026.3722372,https://doi.org/10.1109/tnnls.2026.3722372,article,IEEE Transactions on Neural Networks and Learning Systems,https://openalex.org/W7212275989
IEEE Transactions on Neural Networks and Learning Systems,IEEE,2026,2026-01-01,Fighting Evolving Spam With ARTMAP Models: A Noise-Resilient Online Detection Framework,Michael Shi; Jiao Yin; Chee Peng Lim; Hua Wang,PP,,10.1109/tnnls.2026.3706109,https://doi.org/10.1109/tnnls.2026.3706109,article,IEEE Transactions on Neural Networks and Learning Systems,https://openalex.org/W7167069117
IEEE Transactions on Neural Networks and Learning Systems,IEEE,2026,2026-01-01,Flexible Prescribed-Time Optimal Control With Adaptive State–Input Constraint Bounds via Actor–Critic Learning,Junkai Tan; Shuangsi Xue; Hui Cao; Badong Chen,PP,,10.1109/tnnls.2026.3693754,https://doi.org/10.1109/tnnls.2026.3693754,article,IEEE Transactions on Neural Networks and Learning Systems,https://openalex.org/W7163638326
IEEE Transactions on Neural Networks and Learning Systems,IEEE,2026,2026-01-01,Focus Where It Counts: A Salience-Driven Vision-Language Model for Low Vision Assistance,Jiazhao Liang; Hao Huang; Shuaihang Yuan; Congcong Wen; Geeta Chandra Raju Bethala; Giles Hamilton-Fletcher; Yu Hao; John‐Ross Rizzo; Mengyu Wang; Anthony Tzes; Yi Fang,PP,,10.1109/tnnls.2026.3726274,https://doi.org/10.1109/tnnls.2026.3726274,article,IEEE Transactions on Neural Networks and Learning Systems,https://openalex.org/W7204809739
IEEE Transactions on Neural Networks and Learning Systems,IEEE,2026,2026-01-01,Fokker–Planck Soft Actor–Critic,Hyo-Seok Hwang; Jae‐Joong Kim; Junhee Seok,PP,,10.1109/tnnls.2026.3699399,https://doi.org/10.1109/tnnls.2026.3699399,article,IEEE Transactions on Neural Networks and Learning Systems,https://openalex.org/W7164801314
IEEE Transactions on Neural Networks and Learning Systems,IEEE,2026,2026-01-01,Forgettable Federated Linear Learning With Certified Data Unlearning,Ruinan Jin; M Chen; Q Zhang; Xiaoxiao Li,PP,,10.1109/tnnls.2026.3683398,https://doi.org/10.1109/tnnls.2026.3683398,article,IEEE Transactions on Neural Networks and Learning Systems,https://openalex.org/W7155166228
IEEE Transactions on Neural Networks and Learning Systems,IEEE,2026,2026-01-01,Fourier-Net+: Band-Limited Spatial Representation for Efficient Medical Image Registration,Xi Jia; Alexander Thorley; Alberto Gomez; Wenqi Lu; Dipak Kotecha; Alejandro Federico Frangi; Jinming Duan,PP,,10.1109/tnnls.2026.3688245,https://doi.org/10.1109/tnnls.2026.3688245,article,IEEE Transactions on Neural Networks and Learning Systems,https://openalex.org/W7161746240
IEEE Transactions on Neural Networks and Learning Systems,IEEE,2026,2026-01-01,"From Stochastic Conjugate Gradient to Stochastic Second-Order Optimization, Driven by Conjugate Coefficient With Second-Order Information",Zhuang Yang,PP,,10.1109/tnnls.2026.3694463,https://doi.org/10.1109/tnnls.2026.3694463,article,IEEE Transactions on Neural Networks and Learning Systems,https://openalex.org/W7164372573
IEEE Transactions on Neural Networks and Learning Systems,IEEE,2026,2026-01-01,FuGuard: Client-Level Federated Unlearning via Generative Surrogates and Optimal Transport,Pian Qi; Daniela Annunziata; Chiara Jappelli; Fabio Giampaolo; Francesco Piccialli,PP,,10.1109/tnnls.2026.3708982,https://doi.org/10.1109/tnnls.2026.3708982,article,IEEE Transactions on Neural Networks and Learning Systems,https://openalex.org/W7168129725
IEEE Transactions on Neural Networks and Learning Systems,IEEE,2026,2026-01-01,GBFRS: Robust Fuzzy Rough Sets via Granular Ball Computing,Xiaoyu Lian; Shuyin Xia; Binbin Sang; Guoyin Wang; Xinbo Gao,PP,,10.1109/tnnls.2026.3681370,https://doi.org/10.1109/tnnls.2026.3681370,article,IEEE Transactions on Neural Networks and Learning Systems,https://openalex.org/W7160134063
IEEE Transactions on Neural Networks and Learning Systems,IEEE,2026,2026-01-01,GLRT-Based Deep Metric Learning for Robust Remote Sensing Object Retrieval,Linping Zhang; Xueqian Wang; Zhizhuo Jiang; Yu Liu; Yongqiang Mao; Xian Sun; G Li; You He,PP,,10.1109/tnnls.2026.3679517,https://doi.org/10.1109/tnnls.2026.3679517,article,IEEE Transactions on Neural Networks and Learning Systems,https://openalex.org/W7160936420
IEEE Transactions on Neural Networks and Learning Systems,IEEE,2026,2026-01-01,GVA-BLS: Gaussian Vector Autoregression Broad Learning System Based on Randomly Distributed Embedding for Multistep-Ahead Prediction,Mingyuan Yu; Bo Sun; Heshan Wang; Liangkun Guo; Jinzhu Peng,PP,,10.1109/tnnls.2026.3705873,https://doi.org/10.1109/tnnls.2026.3705873,article,IEEE Transactions on Neural Networks and Learning Systems,https://openalex.org/W7167814462
IEEE Transactions on Neural Networks and Learning Systems,IEEE,2026,2026-01-01,Generative Incomplete Multiview Representation Learning With Learnable Graph,Ying Zou; Zihan Fang; Shide Du; Zhiyong Xu; Yanchao Tan; Shiping Wang,PP,,10.1109/tnnls.2026.3712174,https://doi.org/10.1109/tnnls.2026.3712174,article,IEEE Transactions on Neural Networks and Learning Systems,https://openalex.org/W7170143578
IEEE Transactions on Neural Networks and Learning Systems,IEEE,2026,2026-01-01,Generative Learning Imaging Framework for Millimeter Wave Synthetic Aperture Radar,Mou Wang; Yifei Hu; Hao Zhang; Xiang Cai; Jiahui Chen; Shunjun Wei; Jun Shi; Guolong Cui; Lingjiang Kong; Yong‐Xin Guo,PP,,10.1109/tnnls.2026.3686777,https://doi.org/10.1109/tnnls.2026.3686777,article,IEEE Transactions on Neural Networks and Learning Systems,https://openalex.org/W7160651252
IEEE Transactions on Neural Networks and Learning Systems,IEEE,2026,2026-01-01,Geometry-Aware Line Graph Transformer Pretraining for Molecular Property Prediction,Peizhen Bai; Xianyuan Liu; Wenrui Fan; Tianyi Jiang; William K. Cheung; Haiping Lu,PP,,10.1109/tnnls.2026.3698579,https://doi.org/10.1109/tnnls.2026.3698579,article,IEEE Transactions on Neural Networks and Learning Systems,https://openalex.org/W4386436343
IEEE Transactions on Neural Networks and Learning Systems,IEEE,2026,2026-01-01,GoMA-DTA: A Gene Ontology-Guided Multimodal Attention Fusion Model for Drug–Target Affinity Prediction,An Xiong; Zheyu Zhou; Yazi Li; J H Xu; Yajie Meng; Feifei Cui; Leyi Wei; Quan Zou; Zilong Zhang,PP,,10.1109/tnnls.2026.3713190,https://doi.org/10.1109/tnnls.2026.3713190,article,IEEE Transactions on Neural Networks and Learning Systems,https://openalex.org/W7170711113
IEEE Transactions on Neural Networks and Learning Systems,IEEE,2026,2026-01-01,Granular Ball-Based Noise-Resistant Fuzzy Multineighborhood Feature Selection via Label Enhancement and Feature Graph,Lin Sun; Wenjuan Du; Weiping Ding; Chin‐Teng Lin; Jiucheng Xu,PP,,10.1109/tnnls.2026.3704362,https://doi.org/10.1109/tnnls.2026.3704362,article,IEEE Transactions on Neural Networks and Learning Systems,https://openalex.org/W7167037847
IEEE Transactions on Neural Networks and Learning Systems,IEEE,2026,2026-01-01,Graph Rotation Network: Equivariant Graph Neural Network for Efficient Inverse Design in 4-D Printing,Yue Wang; Mingjun Tang; Shen Gao; Zhilin Chen; N Liu; Yuzhao Zhang; Xiaodong Yue; Tao Yue; Yuxuan Yu; Chao Wang; Shaorong Xie; W P Li,PP,,10.1109/tnnls.2026.3679129,https://doi.org/10.1109/tnnls.2026.3679129,article,IEEE Transactions on Neural Networks and Learning Systems,https://openalex.org/W7160605194
IEEE Transactions on Neural Networks and Learning Systems,IEEE,2026,2026-01-01,HAD: Hierarchical Asymmetric Distillation to Bridge Spatio-Temporal Gaps in Event-Based Object Tracking,Yao Deng; Xian Zhong; Wenxuan Liu; Zhaofei Yu; Jingling Yuan; Tiejun Huang,PP,,10.1109/tnnls.2026.3701296,https://doi.org/10.1109/tnnls.2026.3701296,article,IEEE Transactions on Neural Networks and Learning Systems,https://openalex.org/W4417098257
IEEE Transactions on Neural Networks and Learning Systems,IEEE,2026,2026-01-01,HCD-SCL Net: Hierarchical Category Decoupling and Structural Continual Learning for Object Detection in Remote Sensing Images,Zhiyuan Liu; Dashuai Xie; Zhe Zhao; Jiangbo Xi; Zhenhong Li; Okan K. Ersoy; Jianwu Fang,PP,,10.1109/tnnls.2026.3713035,https://doi.org/10.1109/tnnls.2026.3713035,article,IEEE Transactions on Neural Networks and Learning Systems,https://openalex.org/W7204540328
IEEE Transactions on Neural Networks and Learning Systems,IEEE,2026,2026-01-01,Harmonic Autoencoding Framework for Multiple Tasks in Magnetic Particle Imaging Reconstruction,Zechen Wei; Tao Zhu; Junhua Zhang; Gen Shi; Fan Yang; Liwen Zhang; Xin Ying Yang; Jie Tian; Hui Hui,PP,,10.1109/tnnls.2026.3701024,https://doi.org/10.1109/tnnls.2026.3701024,article,IEEE Transactions on Neural Networks and Learning Systems,https://openalex.org/W7166529347
IEEE Transactions on Neural Networks and Learning Systems,IEEE,2026,2026-01-01,Harnessing Knowledge From Pretrained VLMs for Unsupervised Person Search,Yanling Tian; Shanshan Zhang; Di Chen; Jian Jun Yang,PP,,10.1109/tnnls.2026.3686858,https://doi.org/10.1109/tnnls.2026.3686858,article,IEEE Transactions on Neural Networks and Learning Systems,https://openalex.org/W7162486130
IEEE Transactions on Neural Networks and Learning Systems,IEEE,2026,2026-01-01,Harnessing Multilevel Circulant Matrices for Generalizable Spectral Kernel Learning,Lizhong Ding; Jiarun Fu; Qiuning Wei; Junyu Zhang; Huiwen Bai; Yazhou Yao; Ye Yuan; Guoren Wang,PP,,10.1109/tnnls.2026.3718692,https://doi.org/10.1109/tnnls.2026.3718692,article,IEEE Transactions on Neural Networks and Learning Systems,https://openalex.org/W7203466595
IEEE Transactions on Neural Networks and Learning Systems,IEEE,2026,2026-01-01,Heterogeneous Demand-Aware Multi-Agent Communication Based on Role Representation,Dongkun Huo; Haitao Zhang; Yixue Hao; Yuanlin Ye; Jiesong Lian; Hongbo Liu; Rui Wang; Lu Hu; Min Chen,PP,,10.1109/tnnls.2026.3690644,https://doi.org/10.1109/tnnls.2026.3690644,article,IEEE Transactions on Neural Networks and Learning Systems,https://openalex.org/W7161809539
IEEE Transactions on Neural Networks and Learning Systems,IEEE,2026,2026-01-01,Hidden Data Recovery and Forecasting via Next-Generation Reservoir Computing With Multiscale Delay Selection,Artem Badarin; Andrey V. Andreev; Alexander E. Hramov,PP,,10.1109/tnnls.2026.3706608,https://doi.org/10.1109/tnnls.2026.3706608,article,IEEE Transactions on Neural Networks and Learning Systems,https://openalex.org/W7166703190
IEEE Transactions on Neural Networks and Learning Systems,IEEE,2026,2026-01-01,Hierarchical Fuzzy Feature Clustering With Iterative Ensemble Learning for Student Performance Prediction,Zongwen Fan; Jin Gou; Zhongyi Hu,,,10.1109/tnnls.2026.3735366,https://doi.org/10.1109/tnnls.2026.3735366,article,IEEE Transactions on Neural Networks and Learning Systems,https://openalex.org/W7214197320
IEEE Transactions on Neural Networks and Learning Systems,IEEE,2026,2026-01-01,Hierarchical Semantic Concept Modeling for Generalizable Myocardial Pathology Segmentation on Multisequence CMR Images,Jinwei Dong; Lei Li; Liqin Huang; Lin Pan; Fangxiao Cheng; Wangbin Ding; Xiahai Zhuang,PP,,10.1109/tnnls.2026.3699380,https://doi.org/10.1109/tnnls.2026.3699380,article,IEEE Transactions on Neural Networks and Learning Systems,https://openalex.org/W7165626454
IEEE Transactions on Neural Networks and Learning Systems,IEEE,2026,2026-01-01,High-Confidence Pseudolabeling-Enhanced Multiorder Dynamic Sparse Graph Aggregation Network for Semi-Supervised Hyperspectral Change Detection,Wuli Wang; Minyao Xia; Sichao Fu; Jianbu Wang; Baodi Liu; Weihua Ou; Jian Wang,PP,,10.1109/tnnls.2026.3724649,https://doi.org/10.1109/tnnls.2026.3724649,article,IEEE Transactions on Neural Networks and Learning Systems,https://openalex.org/W7204085523
IEEE Transactions on Neural Networks and Learning Systems,IEEE,2026,2026-01-01,Human-Like Multimodal Fake News Detection via Reflective Summarization and Large–Small Model Collaboration,Boyue Wang; Yihan Gao; T Liu; Junbin Gao; Guangchao Wu; Yongli Hu; Baocai Yin,PP,,10.1109/tnnls.2026.3685634,https://doi.org/10.1109/tnnls.2026.3685634,article,IEEE Transactions on Neural Networks and Learning Systems,https://openalex.org/W7161165944
IEEE Transactions on Neural Networks and Learning Systems,IEEE,2026,2026-01-01,Human–Machine Co-Adaptation for Robot-Assisted Rehabilitation via Dual-Agent Multiple Model Reinforcement Learning (DAMMRL),Yang An; Yaqi Li; Hongwei Wang; Rob Duffield; Steven Weidong Su,PP,,10.1109/tnnls.2026.3685832,https://doi.org/10.1109/tnnls.2026.3685832,article,IEEE Transactions on Neural Networks and Learning Systems,https://openalex.org/W4401306826
IEEE Transactions on Neural Networks and Learning Systems,IEEE,2026,2026-01-01,Hybrid Action-Based Reinforcement Learning for Multiobjective Compatible Autonomous Driving,Guizhe Jin; Zhuoren Li; Bo Leng; Wei Han; Lu Xiong; Chen Sun,PP,,10.1109/tnnls.2026.3674573,https://doi.org/10.1109/tnnls.2026.3674573,article,IEEE Transactions on Neural Networks and Learning Systems,https://openalex.org/W7141024860
IEEE Transactions on Neural Networks and Learning Systems,IEEE,2026,2026-01-01,Hybrid Conditional Diffusion With Implicit Repair for Incomplete Multiview Clustering,Weiqing Yan; Kanglong Liu; Chang Tang; Zhaowei Liu,PP,,10.1109/tnnls.2026.3723954,https://doi.org/10.1109/tnnls.2026.3723954,article,IEEE Transactions on Neural Networks and Learning Systems,https://openalex.org/W7212170548
IEEE Transactions on Neural Networks and Learning Systems,IEEE,2026,2026-01-01,Hybrid Model-Based and Data-Driven Trajectory Tracking Control for Flapping-Wing Microaerial Vehicles,Zhongqi Lu; Zhijie Liu; Hang Zhong; Hui Zhang; Wei He; Yaonan Wang,PP,,10.1109/tnnls.2026.3729583,https://doi.org/10.1109/tnnls.2026.3729583,article,IEEE Transactions on Neural Networks and Learning Systems,https://openalex.org/W7213427770
IEEE Transactions on Neural Networks and Learning Systems,IEEE,2026,2026-01-01,Hybrid Transfer Active Learning for Multistream Processes With Within-Process and Cross-Process Correlation Modeling and Online Updating,Zhiyong Hu; Chao Wang,PP,,10.1109/tnnls.2026.3702597,https://doi.org/10.1109/tnnls.2026.3702597,article,IEEE Transactions on Neural Networks and Learning Systems,https://openalex.org/W7165192312
IEEE Transactions on Neural Networks and Learning Systems,IEEE,2026,2026-01-01,HypBench: Hyperbolic Benchmark for Graph Neural Network Performance,Roya Aliakbarisani; Robert Jankowski; M. Angeles Serrano; Marián Boguñá,PP,,10.1109/tnnls.2026.3697597,https://doi.org/10.1109/tnnls.2026.3697597,article,IEEE Transactions on Neural Networks and Learning Systems,https://openalex.org/W7163688935
IEEE Transactions on Neural Networks and Learning Systems,IEEE,2026,2026-01-01,HyperSAT: Unsupervised Hypergraph Neural Networks for Weighted MaxSAT Problems,Qiyue Chen; Shaolin Tan; Suixiang Gao; Jinhu Lü,PP,,10.1109/tnnls.2026.3703557,https://doi.org/10.1109/tnnls.2026.3703557,article,IEEE Transactions on Neural Networks and Learning Systems,https://openalex.org/W4416542237
IEEE Transactions on Neural Networks and Learning Systems,IEEE,2026,2026-01-01,Hypercube Neural Topologies: Enhancing Depth Efficiency and Gradient Flow in Deep Networks,Byeong-Jun Park; Dong Seog Han,PP,,10.1109/tnnls.2026.3699539,https://doi.org/10.1109/tnnls.2026.3699539,article,IEEE Transactions on Neural Networks and Learning Systems,https://openalex.org/W7165125599
IEEE Transactions on Neural Networks and Learning Systems,IEEE,2026,2026-01-01,IEEE Computational Intelligence Society,,37,1,10.1109/tnnls.2025.3640910,https://doi.org/10.1109/tnnls.2025.3640910,article,IEEE Transactions on Neural Networks and Learning Systems,https://openalex.org/W7119505017
IEEE Transactions on Neural Networks and Learning Systems,IEEE,2026,2026-01-01,IEEE Transactions on Neural Networks and Learning Systems Information for Authors,,37,1,10.1109/tnnls.2025.3640912,https://doi.org/10.1109/tnnls.2025.3640912,paratext,IEEE Transactions on Neural Networks and Learning Systems,https://openalex.org/W7119504022
IEEE Transactions on Neural Networks and Learning Systems,IEEE,2026,2026-01-01,IEEE Transactions on Neural Networks and Learning Systems Publication Information,,37,1,10.1109/tnnls.2025.3640908,https://doi.org/10.1109/tnnls.2025.3640908,paratext,IEEE Transactions on Neural Networks and Learning Systems,https://openalex.org/W7119538258
IEEE Transactions on Neural Networks and Learning Systems,IEEE,2026,2026-01-01,Imitation Learning From Suboptimal Demonstrations via Meta-Learning an Action Ranker,Jiangdong Fan; Guangyi Zhao; Hongcai He; Hui Xu; Jie Shao,PP,,10.1109/tnnls.2026.3726618,https://doi.org/10.1109/tnnls.2026.3726618,article,IEEE Transactions on Neural Networks and Learning Systems,https://openalex.org/W4405955696
IEEE Transactions on Neural Networks and Learning Systems,IEEE,2026,2026-01-01,Implicit Demonstration Augmentation for Robust and Stable In-Context Learning,Xiaoling Zhou; Zhemg Lee; Rui Xie; Lei Zou; Wei Ye; Shikun Zhang,PP,,10.1109/tnnls.2026.3677885,https://doi.org/10.1109/tnnls.2026.3677885,article,IEEE Transactions on Neural Networks and Learning Systems,https://openalex.org/W7146946627
IEEE Transactions on Neural Networks and Learning Systems,IEEE,2026,2026-01-01,Improving the Offline Dataset on Offline Reinforcement Learning,Huihui Zhang; Guoyin Chen,PP,,10.1109/tnnls.2026.3688222,https://doi.org/10.1109/tnnls.2026.3688222,article,IEEE Transactions on Neural Networks and Learning Systems,https://openalex.org/W7163671898
IEEE Transactions on Neural Networks and Learning Systems,IEEE,2026,2026-01-01,Infrared and Visible Image Fusion With Language-Driven Loss and Knowledge Distillation,Yuhao Wang; Lingjuan Miao; Zhiqiang Zhou; L Y Zhang; Yajun Qiao,PP,,10.1109/tnnls.2026.3688448,https://doi.org/10.1109/tnnls.2026.3688448,article,IEEE Transactions on Neural Networks and Learning Systems,https://openalex.org/W7160899277
IEEE Transactions on Neural Networks and Learning Systems,IEEE,2026,2026-01-01,Input-to-State Safety for Reinforcement Learning,Mayank Shekhar Jha; Satya Marthi; Kyriakos G. Vamvoudakis; Soha Kanso; Didier Theilliol,PP,,10.1109/tnnls.2026.3688045,https://doi.org/10.1109/tnnls.2026.3688045,article,IEEE Transactions on Neural Networks and Learning Systems,https://openalex.org/W7160500459
IEEE Transactions on Neural Networks and Learning Systems,IEEE,2026,2026-01-01,Interpreting the Observed Behavior of a Class of Autonomous Linear Systems Using Explainable Inverse Reinforcement Learning,Adolfo Perrusquía; Mengbang Zou; Weisi Guo,PP,,10.1109/tnnls.2026.3699708,https://doi.org/10.1109/tnnls.2026.3699708,article,IEEE Transactions on Neural Networks and Learning Systems,https://openalex.org/W7163921809
IEEE Transactions on Neural Networks and Learning Systems,IEEE,2026,2026-01-01,Intervention Feasible Region and Driver Risk Capacity Aware Human–Machine Collaborative Safe Trajectory Planning,Mengqi Zhang; Wanzhong Zhao; Chunyan Wang; Ziyu Zhang; Xiaochuan Zhou; Mingchun Cao,PP,,10.1109/tnnls.2026.3707640,https://doi.org/10.1109/tnnls.2026.3707640,article,IEEE Transactions on Neural Networks and Learning Systems,https://openalex.org/W7166870079
IEEE Transactions on Neural Networks and Learning Systems,IEEE,2026,2026-01-01,Intrinsic Value-Aligned Policy Optimization for Offline-to-Online Reinforcement Learning,Tenglong Liu; Xin Xu; Xuhui Xie; Yixing Lan; Tao Tang; Zhiyong Ding,PP,,10.1109/tnnls.2026.3688490,https://doi.org/10.1109/tnnls.2026.3688490,article,IEEE Transactions on Neural Networks and Learning Systems,https://openalex.org/W7161743349
IEEE Transactions on Neural Networks and Learning Systems,IEEE,2026,2026-01-01,LANet: A Lightweight and Accurate Balanced Network Based on State Space Models for Real-Time Semantic Segmentation,Mingxi Zhuang; Shukai Liu; Guangming Wang; Yizhou Wang; Hesheng Wang,PP,,10.1109/tnnls.2026.3708426,https://doi.org/10.1109/tnnls.2026.3708426,article,IEEE Transactions on Neural Networks and Learning Systems,https://openalex.org/W7167624211
IEEE Transactions on Neural Networks and Learning Systems,IEEE,2026,2026-01-01,Large-Scale Crowd Counting by Hierarchical Context Guided Aggregation Network,Xingyu Gao; Jinyang Xie; Lei Lyu,PP,,10.1109/tnnls.2023.3258221,https://doi.org/10.1109/tnnls.2023.3258221,article,IEEE Transactions on Neural Networks and Learning Systems,https://openalex.org/W7202353755
IEEE Transactions on Neural Networks and Learning Systems,IEEE,2026,2026-01-01,Latent Diffusion With Topology-Preserving Conditioning for Structure-Aware Data Generation,Qin Lei; C.-H Chen; Jiang Zhong; Xin Xiao; Kaiwen Wei; Hao Wu; Yizhou Yu,PP,,10.1109/tnnls.2026.3724694,https://doi.org/10.1109/tnnls.2026.3724694,article,IEEE Transactions on Neural Networks and Learning Systems,https://openalex.org/W7204969514
IEEE Transactions on Neural Networks and Learning Systems,IEEE,2026,2026-01-01,Learning Dual Transformers for All-in-One Image Restoration From a Frequency Perspective,Jie Chu; Tong Su; Pei Liu; Yunpeng Wu; Le Zhang; Zenglin Shi; Meng Wang,PP,,10.1109/tnnls.2026.3701139,https://doi.org/10.1109/tnnls.2026.3701139,article,IEEE Transactions on Neural Networks and Learning Systems,https://openalex.org/W7165204112
IEEE Transactions on Neural Networks and Learning Systems,IEEE,2026,2026-01-01,Learning External Point-Set Context for Point Cloud Segmentation,Jibin Peng; Haotian Dong; Xin Wang; Di Lin; Haoran Chen; Liu R; Qin Chen; Yipeng Wu; Haoran Lu; Qing Guo; Yue Wang; Lingyu Liang; Wuyuan Xie; Miaohui Wang; P L Li,PP,,10.1109/tnnls.2026.3695520,https://doi.org/10.1109/tnnls.2026.3695520,article,IEEE Transactions on Neural Networks and Learning Systems,https://openalex.org/W7163656771
IEEE Transactions on Neural Networks and Learning Systems,IEEE,2026,2026-01-01,Learning Manipulation Features for Quantitative Assessment and Skill-Level Classification in Robot-Assisted Intervention: In Vivo Rabbit Studies,Siyi Wei; Z W Wu; Jiahao Luo; Yueyang Gao; Zhanxin Geng; Shaomeng Gu; J W Zhang,PP,,10.1109/tnnls.2026.3691748,https://doi.org/10.1109/tnnls.2026.3691748,article,IEEE Transactions on Neural Networks and Learning Systems,https://openalex.org/W7161138102
IEEE Transactions on Neural Networks and Learning Systems,IEEE,2026,2026-01-01,Learning Stable Subgoal Representation in Hierarchical Reinforcement Learning With Causal Factorization,Yibo Zhang; Dengpeng Xing; Tielin Zhang,PP,,10.1109/tnnls.2026.3729654,https://doi.org/10.1109/tnnls.2026.3729654,article,IEEE Transactions on Neural Networks and Learning Systems,https://openalex.org/W7211992574
IEEE Transactions on Neural Networks and Learning Systems,IEEE,2026,2026-01-01,Learning-Based Statistical Refinement for Denoising,Rihuan Ke,PP,,10.1109/tnnls.2026.3691286,https://doi.org/10.1109/tnnls.2026.3691286,article,IEEE Transactions on Neural Networks and Learning Systems,https://openalex.org/W7162399052
IEEE Transactions on Neural Networks and Learning Systems,IEEE,2026,2026-01-01,Less Is More: Minimal Components for Contrastive Learning Delivering Superior Accuracy and Efficiency,Tianjian Zhou; Yishan Li; Lixin Zhan; Jie Jiang,PP,,10.1109/tnnls.2026.3726311,https://doi.org/10.1109/tnnls.2026.3726311,article,IEEE Transactions on Neural Networks and Learning Systems,https://openalex.org/W7207631619
IEEE Transactions on Neural Networks and Learning Systems,IEEE,2026,2026-01-01,"Less Repetition, Less Energy Cost: A Reinforcement Learning-Based Multiagent Energy-Saving Autonomous Exploration System",Yang Liu; Peng Zhang; Yan Li; Pingping Zhang; Jie Wen Zhao; Dong Wang; Huchuan Lu,PP,,10.1109/tnnls.2026.3711169,https://doi.org/10.1109/tnnls.2026.3711169,article,IEEE Transactions on Neural Networks and Learning Systems,https://openalex.org/W7169855383
IEEE Transactions on Neural Networks and Learning Systems,IEEE,2026,2026-01-01,Level-2 Discrete Noninverse Zeroing Neuronet Algorithm Tackling Future Matrix-Vector Linear Equations Problem With Applications,Meichun Huang; Yunong Zhang; Shuai Li,PP,,10.1109/tnnls.2026.3724007,https://doi.org/10.1109/tnnls.2026.3724007,article,IEEE Transactions on Neural Networks and Learning Systems,https://openalex.org/W7204171480
IEEE Transactions on Neural Networks and Learning Systems,IEEE,2026,2026-01-01,Lightweight Condition-Constrained Salient Object Detection Based on Elastic Pixel Difference Convolution,Weiyi Wei; Yongxin Shi; Shengxia Gao; Ming Wei,PP,,10.1109/tnnls.2026.3722866,https://doi.org/10.1109/tnnls.2026.3722866,article,IEEE Transactions on Neural Networks and Learning Systems,https://openalex.org/W7203894142
IEEE Transactions on Neural Networks and Learning Systems,IEEE,2026,2026-01-01,Low-Rankness Enhanced Robust Tensor Principal Component Analysis: A Nonlinear Monotonic Function Approach,Weidong Zhang; Yan Song; Derui Ding; Feng Tian,PP,,10.1109/tnnls.2026.3733136,https://doi.org/10.1109/tnnls.2026.3733136,article,IEEE Transactions on Neural Networks and Learning Systems,https://openalex.org/W7214077793
IEEE Transactions on Neural Networks and Learning Systems,IEEE,2026,2026-01-01,MAB-PGC: Multiagent Mutual Awareness Belief via Progressive Graph Construction,Sihan Zhou; Tiantian He; Yinan Guo; Jie Gao; Hongwei Ge; Yew-Soon Ong; Yaqing Hou,PP,,10.1109/tnnls.2026.3729623,https://doi.org/10.1109/tnnls.2026.3729623,article,IEEE Transactions on Neural Networks and Learning Systems,https://openalex.org/W7212041752
IEEE Transactions on Neural Networks and Learning Systems,IEEE,2026,2026-01-01,MALFM-Captioner: A Multipath Alignment Learning for Image Captioning With Feature Mask,Xiaobao Yang; Bohui Song; Yizhuo Dong; Wei Sun; Tianyu Sun; Shuaikang Zheng; Zhiqiang Hou,PP,,10.1109/tnnls.2026.3690650,https://doi.org/10.1109/tnnls.2026.3690650,article,IEEE Transactions on Neural Networks and Learning Systems,https://openalex.org/W7161687585
IEEE Transactions on Neural Networks and Learning Systems,IEEE,2026,2026-01-01,MENDNet: Memory-Enhanced Dependency Network for Multistock Movement Prediction,Che Liu; Zhi Zheng; Pengfei Luo; Xi Feng Zhu; Tong Xu; Enhong Chen,PP,,10.1109/tnnls.2026.3707172,https://doi.org/10.1109/tnnls.2026.3707172,article,IEEE Transactions on Neural Networks and Learning Systems,https://openalex.org/W7167626809
IEEE Transactions on Neural Networks and Learning Systems,IEEE,2026,2026-01-01,MF-Mamba: A Multifrequency Mamba for the Joint Classification of HSI and LiDAR,Diling Liao; Junyi Liu; Tao Lai; Qingsong Wang; Haifeng Huang,PP,,10.1109/tnnls.2026.3722380,https://doi.org/10.1109/tnnls.2026.3722380,article,IEEE Transactions on Neural Networks and Learning Systems,https://openalex.org/W7204787973
IEEE Transactions on Neural Networks and Learning Systems,IEEE,2026,2026-01-01,MGA-CLIP: A Multigranularity Attribution Framework for Cross-Modal Explainability in CLIP,Xiaotian Cheng; Tianyi Zhou; Siwen Yin; Hao Zhang; Wei Xiong; Weiping Ding,PP,,10.1109/tnnls.2026.3696329,https://doi.org/10.1109/tnnls.2026.3696329,article,IEEE Transactions on Neural Networks and Learning Systems,https://openalex.org/W7162804218
IEEE Transactions on Neural Networks and Learning Systems,IEEE,2026,2026-01-01,MHGNN: Multiplex Hypergraph Neural Networks for Predicting Herb–Symptom Interactions,Xudong Liang; Tao Lin; Biao Xie; Yong Tang; Wei Wang,PP,,10.1109/tnnls.2026.3677056,https://doi.org/10.1109/tnnls.2026.3677056,article,IEEE Transactions on Neural Networks and Learning Systems,https://openalex.org/W7147692521
IEEE Transactions on Neural Networks and Learning Systems,IEEE,2026,2026-01-01,MID: A Self-Supervised Multimodal Iterative Denoising Framework,Chang Nie; Tianchen Deng; Zhe Liu; Hesheng Wang,PP,,10.1109/tnnls.2026.3683544,https://doi.org/10.1109/tnnls.2026.3683544,article,IEEE Transactions on Neural Networks and Learning Systems,https://openalex.org/W4416434665
IEEE Transactions on Neural Networks and Learning Systems,IEEE,2026,2026-01-01,Measuring Model-Induced Discrimination via Efficient Fairness Approximation,Yijun Bian; Yujie Luo,PP,,10.1109/tnnls.2026.3706648,https://doi.org/10.1109/tnnls.2026.3706648,article,IEEE Transactions on Neural Networks and Learning Systems,https://openalex.org/W4396987197
IEEE Transactions on Neural Networks and Learning Systems,IEEE,2026,2026-01-01,Minimizing Time Derivative of Loss for Efficient Generalization Enhancement With Applications to Nickel–Cobalt Alloy Defect Detection,Qihai Jiang; Liangming Chen; Dalin Chen; Xiang Bai; Long Mei Jin,PP,,10.1109/tnnls.2026.3717964,https://doi.org/10.1109/tnnls.2026.3717964,article,IEEE Transactions on Neural Networks and Learning Systems,https://openalex.org/W7172411319
IEEE Transactions on Neural Networks and Learning Systems,IEEE,2026,2026-01-01,Mixture of Lie-Group Kernels for Equivariance-Inspired Feature Learning,Yaoxian Yang; Guipeng Lan; Shuai Xiao; Jiabao Wen; Jie Yang; Wen Bing Lu; Baihua Li; Qinggang Meng; Xinbo Gao,PP,,10.1109/tnnls.2026.3734447,https://doi.org/10.1109/tnnls.2026.3734447,article,IEEE Transactions on Neural Networks and Learning Systems,https://openalex.org/W7214081824
IEEE Transactions on Neural Networks and Learning Systems,IEEE,2026,2026-01-01,MoADL-TLSTM: Multiobjective Automated Deep Learning-Based Transformer-LSTM for Load Forecasting,Kang‐Di Lu; Zhang Bing-xu; Yong Xu; Ying Shen; Zheng‐Guang Wu,PP,,10.1109/tnnls.2026.3700860,https://doi.org/10.1109/tnnls.2026.3700860,article,IEEE Transactions on Neural Networks and Learning Systems,https://openalex.org/W7164376412
IEEE Transactions on Neural Networks and Learning Systems,IEEE,2026,2026-01-01,MoFTSS: Motion Generation With Frequency and Text State Space Models,Chengjian Li; Xiangbo Shu; Qiongjie Cui; Haifeng Xia; Yazhou Yao; Jinhui Tang,PP,,10.1109/tnnls.2026.3683909,https://doi.org/10.1109/tnnls.2026.3683909,article,IEEE Transactions on Neural Networks and Learning Systems,https://openalex.org/W7159863895
IEEE Transactions on Neural Networks and Learning Systems,IEEE,2026,2026-01-01,Modality-Mix Learning: Promoting Multimodal Learning Through Multilabel Objective,Nannan Lu; Zhen Tan; Zhiyuan Han; Song Zhu,PP,,10.1109/tnnls.2026.3677806,https://doi.org/10.1109/tnnls.2026.3677806,article,IEEE Transactions on Neural Networks and Learning Systems,https://openalex.org/W7148976573
IEEE Transactions on Neural Networks and Learning Systems,IEEE,2026,2026-01-01,Monte Carlo Marginalization: A Differentiable Method to Learn High-Dimensional Distributions,Chenqiu Zhao; Guanfang Dong; Anup Basu,PP,,10.1109/tnnls.2026.3682991,https://doi.org/10.1109/tnnls.2026.3682991,article,IEEE Transactions on Neural Networks and Learning Systems,https://openalex.org/W7155416822
IEEE Transactions on Neural Networks and Learning Systems,IEEE,2026,2026-01-01,Motif-Based Hypergraph Representation Learning: Transductive and Inductive Inference for Gene Regulatory Networks,Songyang Wu; Mingjing Tang; Tong Zi; Lin Liu; Shaojie Qiao; Guiguang Ding; Wei Dong Gao,PP,,10.1109/tnnls.2026.3685617,https://doi.org/10.1109/tnnls.2026.3685617,article,IEEE Transactions on Neural Networks and Learning Systems,https://openalex.org/W7155362523
IEEE Transactions on Neural Networks and Learning Systems,IEEE,2026,2026-01-01,Multi-View Clustering With Hybrid-Order Similarity Learning,Dong Huang; Sheng-Yu Liu; Haiyan Wang,PP,,10.1109/tnnls.2026.3696938,https://doi.org/10.1109/tnnls.2026.3696938,article,IEEE Transactions on Neural Networks and Learning Systems,https://openalex.org/W7172281098
IEEE Transactions on Neural Networks and Learning Systems,IEEE,2026,2026-01-01,Multifocus Image Fusion via LS-DTNP in the NSST Domain,Jiachang Xu; Aoxiang Lin; Hongjin Li; Shuzhi Su; Ruijuan Zhao,PP,,10.1109/tnnls.2026.3725369,https://doi.org/10.1109/tnnls.2026.3725369,article,IEEE Transactions on Neural Networks and Learning Systems,https://openalex.org/W7204272661
IEEE Transactions on Neural Networks and Learning Systems,IEEE,2026,2026-01-01,Multimodal Domain Generalization for Depression Detection: An Attention-Based BiLSTM Network With Domain-Adversarial Training,Ali Tabaraei; Federico Simonetta; Stavros Ntalampiras,PP,,10.1109/tnnls.2026.3714047,https://doi.org/10.1109/tnnls.2026.3714047,article,IEEE Transactions on Neural Networks and Learning Systems,https://openalex.org/W7170726861
IEEE Transactions on Neural Networks and Learning Systems,IEEE,2026,2026-01-01,Multimodal Sentiment Analysis Based on Dynamic Language Enhancement and Synergistic Cross-Modal Transformer,Linqin Cai; Daohong Liu; Lanrui Liu; Renyun Mou,PP,,10.1109/tnnls.2026.3678350,https://doi.org/10.1109/tnnls.2026.3678350,article,IEEE Transactions on Neural Networks and Learning Systems,https://openalex.org/W7151507800
IEEE Transactions on Neural Networks and Learning Systems,IEEE,2026,2026-01-01,Multipatch Augmentation Learning Based on Dual-Policy Model for Time Series Classification,Chentao Liu; Xin Huo; Changchun He; Yanchen He; Baohan Mi,PP,,10.1109/tnnls.2026.3712821,https://doi.org/10.1109/tnnls.2026.3712821,article,IEEE Transactions on Neural Networks and Learning Systems,https://openalex.org/W7169776196
IEEE Transactions on Neural Networks and Learning Systems,IEEE,2026,2026-01-01,Multiscale Convolutional Stochastic Configuration Network Soft Sensor Modeling Method,Aijun Yan; Chunpeng Yang,PP,,10.1109/tnnls.2026.3683436,https://doi.org/10.1109/tnnls.2026.3683436,article,IEEE Transactions on Neural Networks and Learning Systems,https://openalex.org/W7158585299
IEEE Transactions on Neural Networks and Learning Systems,IEEE,2026,2026-01-01,Multiscale Graph Redefining: Correlation-Based Multiscale Graph Clustering Network for Human Motion Prediction,Jianqi Zhong; Junyu Shi; Wenming Cao,PP,,10.1109/tnnls.2026.3684128,https://doi.org/10.1109/tnnls.2026.3684128,article,IEEE Transactions on Neural Networks and Learning Systems,https://openalex.org/W7155090952
IEEE Transactions on Neural Networks and Learning Systems,IEEE,2026,2026-01-01,Multiscale Spatiotemporal Network With Reinforcement Learning for Predicting Multisensor Systems,Shijian Dong; Zhao Shi; Tianyu Yu; Meng Zhang,PP,,10.1109/tnnls.2026.3725884,https://doi.org/10.1109/tnnls.2026.3725884,article,IEEE Transactions on Neural Networks and Learning Systems,https://openalex.org/W7204820419
IEEE Transactions on Neural Networks and Learning Systems,IEEE,2026,2026-01-01,Multiview Clustering Integrating Biorthogonal Nonnegative Tensor Factorization and Anchor Graph Learning,Yimou Liao; Wen Li; Qilun Luo,PP,,10.1109/tnnls.2026.3713805,https://doi.org/10.1109/tnnls.2026.3713805,article,IEEE Transactions on Neural Networks and Learning Systems,https://openalex.org/W7171532994
IEEE Transactions on Neural Networks and Learning Systems,IEEE,2026,2026-01-01,Multiview Clustering via Enhanced Multiorder Bipartite Graph Learning,Deng Yang-jun; Wenhao Deng; Longfei Ren; Chenfeng Long; Leyuan Fang; Qian Du,PP,,10.1109/tnnls.2026.3718273,https://doi.org/10.1109/tnnls.2026.3718273,article,IEEE Transactions on Neural Networks and Learning Systems,https://openalex.org/W7172520953
IEEE Transactions on Neural Networks and Learning Systems,IEEE,2026,2026-01-01,Multiview SAR Target Recognition via View-Guided Feature Disentanglement Network,Peng Zhou; Zheng Ye; Yutong Jiang; Jie Zhang; Peng Wang; Daiyin Zhu; HENRY K. LEUNG,PP,,10.1109/tnnls.2026.3723561,https://doi.org/10.1109/tnnls.2026.3723561,article,IEEE Transactions on Neural Networks and Learning Systems,https://openalex.org/W7204202826
IEEE Transactions on Neural Networks and Learning Systems,IEEE,2026,2026-01-01,Multiway Autoregressive Network: A Dynamic Graph Representation Framework for Temporal Link Prediction,Ping He; Xiaohua Xu,PP,,10.1109/tnnls.2026.3711317,https://doi.org/10.1109/tnnls.2026.3711317,article,IEEE Transactions on Neural Networks and Learning Systems,https://openalex.org/W7170770848
IEEE Transactions on Neural Networks and Learning Systems,IEEE,2026,2026-01-01,NDIB-Sim: A Multimodal Bidirectional PINN Model for Simulating Brain Dynamics,Lan Yang; Xiaoyu Cui; Ting Li; Xi Zhang; Ruiyun Chang; Jiayu Lu; Dandan Li; Bin Wang,PP,,10.1109/tnnls.2026.3728665,https://doi.org/10.1109/tnnls.2026.3728665,article,IEEE Transactions on Neural Networks and Learning Systems,https://openalex.org/W7211907368
IEEE Transactions on Neural Networks and Learning Systems,IEEE,2026,2026-01-01,Negation of Basic Belief Assignment in Multisource Information Fusion on Dempster–Shafer Theory With Applications in Pattern Classification,Xingyu Liu; Linlin Fan; Xuekai Wei; Jielu Yan; Jun Luo; Huayan Pu; Weijia Jia; Mingliang Zhou,PP,,10.1109/tnnls.2026.3707739,https://doi.org/10.1109/tnnls.2026.3707739,article,IEEE Transactions on Neural Networks and Learning Systems,https://openalex.org/W7167051007
IEEE Transactions on Neural Networks and Learning Systems,IEEE,2026,2026-01-01,Neural Architecture Search With Spatial–Spectral Attention for Higher-Order Nonlinear Hyperspectral Unmixing,Chunhong Cao; Jing Hu; Yifan Wang; Baolei Xu; Fen Xiao; Xieping Gao,PP,,10.1109/tnnls.2026.3678170,https://doi.org/10.1109/tnnls.2026.3678170,article,IEEE Transactions on Neural Networks and Learning Systems,https://openalex.org/W7151779078
IEEE Transactions on Neural Networks and Learning Systems,IEEE,2026,2026-01-01,Neural Combinatorial Optimization Algorithms for Solving Vehicle Routing Problems: A Comprehensive Survey With Perspectives,Xuan Wu; Lijie Wen; Yubin Xiao; C E Wu; Chunguo Wu; Yuesong Wu; Douglas Leslie Maskell; You Zhou; Wang Dw,PP,,10.1109/tnnls.2026.3713193,https://doi.org/10.1109/tnnls.2026.3713193,article,IEEE Transactions on Neural Networks and Learning Systems,https://openalex.org/W4399356083
IEEE Transactions on Neural Networks and Learning Systems,IEEE,2026,2026-01-01,Never-Ending Behavior-Cloning Agent for Robotic Manipulation,Wenqi Liang; Gan Sun; Yao He; Yu Ren; Jiahua Dong; Yang Cong,PP,,10.1109/tnnls.2026.3672329,https://doi.org/10.1109/tnnls.2026.3672329,article,IEEE Transactions on Neural Networks and Learning Systems,https://openalex.org/W7204962949
IEEE Transactions on Neural Networks and Learning Systems,IEEE,2026,2026-01-01,New Obstacle Avoidance Motion Planning: A Safe Koopman Planning Method,Xucheng Liu; Ruiqi Ke; Yandong Wang; Zongyu Zuo,PP,,10.1109/tnnls.2026.3717737,https://doi.org/10.1109/tnnls.2026.3717737,article,IEEE Transactions on Neural Networks and Learning Systems,https://openalex.org/W7203700340
IEEE Transactions on Neural Networks and Learning Systems,IEEE,2026,2026-01-01,Node Classification in GNNs: Impact of Neighborhood Label Distribution on Homophily and Heterophily,Zhili Zhao; Li Wan; Xupeng Liu; Ruiyi Yan; Shaomeng Wang,PP,,10.1109/tnnls.2026.3680732,https://doi.org/10.1109/tnnls.2026.3680732,article,IEEE Transactions on Neural Networks and Learning Systems,https://openalex.org/W7155195291
IEEE Transactions on Neural Networks and Learning Systems,IEEE,2026,2026-01-01,"Not All, but the Right Ones: Energy-Guided Representation Learning for Incomplete Multiview Clustering",Ziyu Wang; Jian Li; Yiming Du; Rui Ning; Shuai Hao; Daniel Takabi; Lusi Li,PP,,10.1109/tnnls.2026.3702954,https://doi.org/10.1109/tnnls.2026.3702954,article,IEEE Transactions on Neural Networks and Learning Systems,https://openalex.org/W7165024615
IEEE Transactions on Neural Networks and Learning Systems,IEEE,2026,2026-01-01,Novel Halanay Inequality-Based Reachable Set Estimation for Complex-Valued Memristive Fuzzy Neural Networks With Proportional Delays,Yuxian GUO; Mengran Zheng; Liqun Zhou,PP,,10.1109/tnnls.2026.3727635,https://doi.org/10.1109/tnnls.2026.3727635,article,IEEE Transactions on Neural Networks and Learning Systems,https://openalex.org/W7211885703
IEEE Transactions on Neural Networks and Learning Systems,IEEE,2026,2026-01-01,Online Value Iteration for Unknown Nonlinear Multiagent Systems: A Model-Decoupled Encoding–Decoding Mechanism,Tong Zhang; Yiyan Han; Le You; Xin Wang,PP,,10.1109/tnnls.2026.3700775,https://doi.org/10.1109/tnnls.2026.3700775,article,IEEE Transactions on Neural Networks and Learning Systems,https://openalex.org/W7164919297
IEEE Transactions on Neural Networks and Learning Systems,IEEE,2026,2026-01-01,Open-Set Domain Adaptation via Free Boundary Optimal Transport With Support Control,Zi-Xian Huang; Chuan-Xian Ren,PP,,10.1109/tnnls.2026.3710193,https://doi.org/10.1109/tnnls.2026.3710193,article,IEEE Transactions on Neural Networks and Learning Systems,https://openalex.org/W7167941641
IEEE Transactions on Neural Networks and Learning Systems,IEEE,2026,2026-01-01,OpenMvL: An Attribute-Inspired Dual-Head Framework for Open-Set Multiview Learning,Shide Du; Zihan Fang; Lan Du; Yanchao Tan; Changwei Wang; Shiping Wang,PP,,10.1109/tnnls.2026.3703641,https://doi.org/10.1109/tnnls.2026.3703641,article,IEEE Transactions on Neural Networks and Learning Systems,https://openalex.org/W7169621414
IEEE Transactions on Neural Networks and Learning Systems,IEEE,2026,2026-01-01,Optimal Initialization Scale for Neural Networks With Locally Quadratic Loss Landscapes: An SGD Dynamics Perspective,Hiroshi Horii; Sothea Has,PP,,10.1109/tnnls.2026.3721153,https://doi.org/10.1109/tnnls.2026.3721153,article,IEEE Transactions on Neural Networks and Learning Systems,https://openalex.org/W7203643547
IEEE Transactions on Neural Networks and Learning Systems,IEEE,2026,2026-01-01,Output Tracking of Periodically Time-Varying Boolean Networks: State-Flipped Control and Q -Learning Approaches,Xingyu Ge; Amol Yerudkar; Jianquan Lu; Bowen Li; Feng Ding; Jie Zhong,PP,,10.1109/tnnls.2026.3708342,https://doi.org/10.1109/tnnls.2026.3708342,article,IEEE Transactions on Neural Networks and Learning Systems,https://openalex.org/W7167923530
IEEE Transactions on Neural Networks and Learning Systems,IEEE,2026,2026-01-01,PIMPC-GNN: Physics-Informed Multiphase Consensus Learning for Enhancing Imbalanced Node Classification in Graph Neural Networks,Abdul Joseph Fofanah; Lian Wen; David Chen,PP,,10.1109/tnnls.2026.3709308,https://doi.org/10.1109/tnnls.2026.3709308,article,IEEE Transactions on Neural Networks and Learning Systems,https://openalex.org/W7167634219
IEEE Transactions on Neural Networks and Learning Systems,IEEE,2026,2026-01-01,PMSN: A Parallel Multi-Compartment Spiking Neuron for Multiscale Temporal Processing,X Y Chen; Jibin Wu; Chenxiang Ma; Y J Yan; Hanwen Liu; Yujie Wu; Kay Chen Tan,PP,,10.1109/tnnls.2026.3708510,https://doi.org/10.1109/tnnls.2026.3708510,article,IEEE Transactions on Neural Networks and Learning Systems,https://openalex.org/W4402704979
IEEE Transactions on Neural Networks and Learning Systems,IEEE,2026,2026-01-01,PUNF: A Prompt-Driven Unified Unpaired Medical Image Translation With Normalizing Flow,Le Hu; Qiandi Yu; Faming Fang; Guixu Zhang,PP,,10.1109/tnnls.2026.3717783,https://doi.org/10.1109/tnnls.2026.3717783,article,IEEE Transactions on Neural Networks and Learning Systems,https://openalex.org/W7204270306
IEEE Transactions on Neural Networks and Learning Systems,IEEE,2026,2026-01-01,Permutation-Invariant Quantum Graph Neural Network Based on Variational Quantum Algorithms,M Li; Wen Liu; Lei Shi; Yang-Zhi Li; Weiping Ding,PP,,10.1109/tnnls.2026.3709916,https://doi.org/10.1109/tnnls.2026.3709916,article,IEEE Transactions on Neural Networks and Learning Systems,https://openalex.org/W7169804999
IEEE Transactions on Neural Networks and Learning Systems,IEEE,2026,2026-01-01,Physically Guided Diffusion Framework With Neural Information Bottleneck Regulation for Robust Small Object Detection,Yongcheng Zhou; Shilei Tan; Wei Li; Yan Qin,PP,,10.1109/tnnls.2026.3694604,https://doi.org/10.1109/tnnls.2026.3694604,article,IEEE Transactions on Neural Networks and Learning Systems,https://openalex.org/W7163052899
IEEE Transactions on Neural Networks and Learning Systems,IEEE,2026,2026-01-01,Point Cloud Video Modeling With Progressive Prior Knowledge Guidance and Adaptive Neighboring Aggregation,Jingkun Yan; Hongwei Ge; Mingze Cui; Chunguo Wu; Mingde Zhao,PP,,10.1109/tnnls.2026.3678565,https://doi.org/10.1109/tnnls.2026.3678565,article,IEEE Transactions on Neural Networks and Learning Systems,https://openalex.org/W7150944945
IEEE Transactions on Neural Networks and Learning Systems,IEEE,2026,2026-01-01,PteFBIC: Exploiting Pterylotic Relationship for Fine-Grained Bird Image Classification via Rachidian Orientation Learning,Hai Liu; Song He; Tingting Liu; Zhi Liu; Zhaoli Zhang; You-Fu Li,PP,,10.1109/tnnls.2026.3690208,https://doi.org/10.1109/tnnls.2026.3690208,article,IEEE Transactions on Neural Networks and Learning Systems,https://openalex.org/W7160932962
IEEE Transactions on Neural Networks and Learning Systems,IEEE,2026,2026-01-01,"Quantum Convolutional Neural Networks: A Survey on Architectures, Applications, and Future Directions",Ratun Rahman; Dinh C. Nguyen,PP,,10.1109/tnnls.2026.3677762,https://doi.org/10.1109/tnnls.2026.3677762,article,IEEE Transactions on Neural Networks and Learning Systems,https://openalex.org/W7148485909
IEEE Transactions on Neural Networks and Learning Systems,IEEE,2026,2026-01-01,Quantum Rényi α -Entropies for Graph Characterization,Furqan Aziz,PP,,10.1109/tnnls.2026.3707970,https://doi.org/10.1109/tnnls.2026.3707970,article,IEEE Transactions on Neural Networks and Learning Systems,https://openalex.org/W7167581616
IEEE Transactions on Neural Networks and Learning Systems,IEEE,2026,2026-01-01,RL-FM: Reinforcement Learning-Driven Flow Matching for Multimodal Remote Sensing Image Classification,Wei Zhang; Hanqing Tao; Zichen Wang; X Wang; Yuhu Cheng,PP,,10.1109/tnnls.2026.3696365,https://doi.org/10.1109/tnnls.2026.3696365,article,IEEE Transactions on Neural Networks and Learning Systems,https://openalex.org/W7162988731
IEEE Transactions on Neural Networks and Learning Systems,IEEE,2026,2026-01-01,Recovering Reward Functions From Distributed Expert Demonstrations via Bi-Level Maximum-Likelihood Optimization,Guangyu Jiang; Shu Hong; Mahdi Imani; Nathaniel D. Bastian; Tian Lan,PP,,10.1109/tnnls.2026.3688600,https://doi.org/10.1109/tnnls.2026.3688600,article,IEEE Transactions on Neural Networks and Learning Systems,https://openalex.org/W7161728492
IEEE Transactions on Neural Networks and Learning Systems,IEEE,2026,2026-01-01,"Reinforcement Learning in Pursuit–Evasion Differential Game: Safety, Stability, and Robustness",Xinyang Wang; Hongwei Zhang; Jun Xu; Shimin Wang; Martin Guay,PP,,10.1109/tnnls.2026.3710199,https://doi.org/10.1109/tnnls.2026.3710199,article,IEEE Transactions on Neural Networks and Learning Systems,https://openalex.org/W4417266715
IEEE Transactions on Neural Networks and Learning Systems,IEEE,2026,2026-01-01,Reinforcement Learning-Based Cooperative Control for Nonlinear Multiagent System With State and Control Input Constraints and Guaranteed Convergence Performance,Zipeng Cui; Gang Chen,PP,,10.1109/tnnls.2026.3678516,https://doi.org/10.1109/tnnls.2026.3678516,article,IEEE Transactions on Neural Networks and Learning Systems,https://openalex.org/W7150803209
IEEE Transactions on Neural Networks and Learning Systems,IEEE,2026,2026-01-01,Reinforcement Learning-Based Discriminative Feature Selection for Multivariate Time Series Classification,Jidong Yuan; Muhang Li; Jia Guo; Xiaokang Wang; Jinkun Dong; Weiqiang Jia; Zhihai Wang,PP,,10.1109/tnnls.2026.3704100,https://doi.org/10.1109/tnnls.2026.3704100,article,IEEE Transactions on Neural Networks and Learning Systems,https://openalex.org/W7204970480
IEEE Transactions on Neural Networks and Learning Systems,IEEE,2026,2026-01-01,Reinforcement Learning-Based Multinode Interdiction in Unknown Networks,Cheng Zhou; Xin Man; Congshan Ma; Qian Lin; Tao Ying,PP,,10.1109/tnnls.2026.3711268,https://doi.org/10.1109/tnnls.2026.3711268,article,IEEE Transactions on Neural Networks and Learning Systems,https://openalex.org/W7169569252
IEEE Transactions on Neural Networks and Learning Systems,IEEE,2026,2026-01-01,Reinforcement Learning-Based Optimal Formation Tracking for UAVs With Safety Constraints,Ping Wang; Chengpu Yu; Fang Yi Deng; Jie Chen,37,6,10.1109/tnnls.2025.3643630,https://doi.org/10.1109/tnnls.2025.3643630,article,IEEE Transactions on Neural Networks and Learning Systems,https://openalex.org/W7117881975
IEEE Transactions on Neural Networks and Learning Systems,IEEE,2026,2026-01-01,Reinforcement Learning-Based Routing Framework Guided by Vision–Language Model,Zhaochen Guo; Yue Song; Zhongpan Zhu; Bin He,PP,,10.1109/tnnls.2026.3727131,https://doi.org/10.1109/tnnls.2026.3727131,article,IEEE Transactions on Neural Networks and Learning Systems,https://openalex.org/W7204952358
IEEE Transactions on Neural Networks and Learning Systems,IEEE,2026,2026-01-01,Reliable Co-Occurrence Guided Partial Clustering Ensemble,Te Qi; Haoye Qiu; Yuheng Jia; Shi Xiao; Ran Wang,PP,,10.1109/tnnls.2026.3727651,https://doi.org/10.1109/tnnls.2026.3727651,article,IEEE Transactions on Neural Networks and Learning Systems,https://openalex.org/W7212009217
IEEE Transactions on Neural Networks and Learning Systems,IEEE,2026,2026-01-01,Retrieval-Augmented Residual Graph Neural Network for Protein–Protein Interaction Site Prediction,Jia Mi; Yawen Liu; Chong Chu; Chang Li; Jing Wan; Kunfeng Wang,PP,,10.1109/tnnls.2026.3727640,https://doi.org/10.1109/tnnls.2026.3727640,article,IEEE Transactions on Neural Networks and Learning Systems,https://openalex.org/W7207655001
IEEE Transactions on Neural Networks and Learning Systems,IEEE,2026,2026-01-01,RoCA: Robust Contrastive One-Class Time Series Anomaly Detection With Contaminated Data,Xudong Mou; Rui Wang; Bo Hu Li; Tianyu Wo; Jie Sun; H Wang; Liu Xu-dong,PP,,10.1109/tnnls.2026.3702237,https://doi.org/10.1109/tnnls.2026.3702237,article,IEEE Transactions on Neural Networks and Learning Systems,https://openalex.org/W7165616935
IEEE Transactions on Neural Networks and Learning Systems,IEEE,2026,2026-01-01,Robust Ensemble Learning Under Label Noise: A Theoretical Analysis and Framework-Specific Solutions,Guanxiong He; Jie Wang; Zhiyong Li; Jiangnan Yuan; Rong Wang; Zheng Wang; Feiping Nie,PP,,10.1109/tnnls.2026.3712798,https://doi.org/10.1109/tnnls.2026.3712798,article,IEEE Transactions on Neural Networks and Learning Systems,https://openalex.org/W7169780684
IEEE Transactions on Neural Networks and Learning Systems,IEEE,2026,2026-01-01,Robust Sequential Recommendation With Decorrelation and Debiasing,Xiujuan Sun; Fuzhen Sun; Wenxuan Zhang; Aofei Wang; Yihao Wang; Yan Li; Shaoqing Wang,PP,,10.1109/tnnls.2026.3710279,https://doi.org/10.1109/tnnls.2026.3710279,article,IEEE Transactions on Neural Networks and Learning Systems,https://openalex.org/W7172022225
IEEE Transactions on Neural Networks and Learning Systems,IEEE,2026,2026-01-01,S 2 FS: Spatially-Aware Separability-Driven Feature Selection in Fuzzy Decision Systems,Suping Xu; Chuyi Dai; Yujie Liu; Lin Shang; Xibei Yang; Witold Pedrycz,PP,,10.1109/tnnls.2026.3679684,https://doi.org/10.1109/tnnls.2026.3679684,article,IEEE Transactions on Neural Networks and Learning Systems,https://openalex.org/W7152452389
IEEE Transactions on Neural Networks and Learning Systems,IEEE,2026,2026-01-01,SALMON: Self-Adaptive Learning Model on Neuromorphic Hardware,Young Woon Cho; Sungmin Lee; Sangbum Kim,PP,,10.1109/tnnls.2026.3687785,https://doi.org/10.1109/tnnls.2026.3687785,article,IEEE Transactions on Neural Networks and Learning Systems,https://openalex.org/W7160899203
IEEE Transactions on Neural Networks and Learning Systems,IEEE,2026,2026-01-01,SIEFormer: Spectral-Interpretable and -Enhanced Transformer for Generalized Category Discovery,Chunming Li; Shidong Wang; Tong Xin; Haofeng Zhang,,,10.1109/tnnls.2026.3732746,https://doi.org/10.1109/tnnls.2026.3732746,article,IEEE Transactions on Neural Networks and Learning Systems,https://openalex.org/W7129028980
IEEE Transactions on Neural Networks and Learning Systems,IEEE,2026,2026-01-01,SMArT: A Self-Driven Multiview Architecture Leveraging Large Language Models for Time Series Forecasting,Wenbin Xing; Mengran Li; Boyu Zhang; Junzhou Chen; Ronghui Zhang; Yongfu Li; Zhigang Xu; Liang Lin,PP,,10.1109/tnnls.2026.3729022,https://doi.org/10.1109/tnnls.2026.3729022,article,IEEE Transactions on Neural Networks and Learning Systems,https://openalex.org/W7211992665
IEEE Transactions on Neural Networks and Learning Systems,IEEE,2026,2026-01-01,SPGM-Net: Self-Supervised Network of Poisson–Gaussian Mixed Noise Removal for Real-World High-Dimensional Data,Zhicheng Wang; Lina Zhuang; Lianru Gao; Joseph Ryan Michalski; Michael K. Ng,PP,,10.1109/tnnls.2026.3720259,https://doi.org/10.1109/tnnls.2026.3720259,article,IEEE Transactions on Neural Networks and Learning Systems,https://openalex.org/W7203838485
IEEE Transactions on Neural Networks and Learning Systems,IEEE,2026,2026-01-01,SPLNet: Self-Distilled Progressive Learning Network for Deformable Medical Image Registration,Yibo Wang; Mingwei Wen; Xuming Zhang,PP,,10.1109/tnnls.2026.3719750,https://doi.org/10.1109/tnnls.2026.3719750,article,IEEE Transactions on Neural Networks and Learning Systems,https://openalex.org/W7203610943
IEEE Transactions on Neural Networks and Learning Systems,IEEE,2026,2026-01-01,SRWKV: A Shape-Guided RWKV With Adaptive Receptive Fields for Efficient Medical Image Segmentation,Chunlin Yu; Yinhao Li; Zheng Zhao; Taohong Zhang,PP,,10.1109/tnnls.2026.3727882,https://doi.org/10.1109/tnnls.2026.3727882,article,IEEE Transactions on Neural Networks and Learning Systems,https://openalex.org/W7207600503
IEEE Transactions on Neural Networks and Learning Systems,IEEE,2026,2026-01-01,STFO-Diff: A State Feedback Optimization-Based Diffusion Framework for Multimodal Medical Image Fusion,Yu Cheng; Han Zhang; Yufang Dong; Mingjing Han; Xiongwen Quan,PP,,10.1109/tnnls.2026.3677123,https://doi.org/10.1109/tnnls.2026.3677123,article,IEEE Transactions on Neural Networks and Learning Systems,https://openalex.org/W7141285259
IEEE Transactions on Neural Networks and Learning Systems,IEEE,2026,2026-01-01,Safe Decision-Making via Adaptive Causal Representation for Autonomous Driving,Chenyang Zhao; Haoen Huang; Depeng Li; Zhenyu Zhang; Zhigang Zeng,PP,,10.1109/tnnls.2026.3708993,https://doi.org/10.1109/tnnls.2026.3708993,article,IEEE Transactions on Neural Networks and Learning Systems,https://openalex.org/W7167736431
IEEE Transactions on Neural Networks and Learning Systems,IEEE,2026,2026-01-01,Scalable and Efficient Deep Reinforcement Learning-Based Model Checker for Computation Tree Logic,Ghalya Alwhishi; Jamal Bentahar; Amine Andam; Ahmed Elwhishi; Mustapha Hedabou,PP,,10.1109/tnnls.2026.3683573,https://doi.org/10.1109/tnnls.2026.3683573,article,IEEE Transactions on Neural Networks and Learning Systems,https://openalex.org/W7155070692
IEEE Transactions on Neural Networks and Learning Systems,IEEE,2026,2026-01-01,Scalable and Robust Reinforcement Learning Through Expectile Regression,Ukjo Hwang; Song‐Nam Hong,PP,,10.1109/tnnls.2026.3717684,https://doi.org/10.1109/tnnls.2026.3717684,article,IEEE Transactions on Neural Networks and Learning Systems,https://openalex.org/W7196946995
IEEE Transactions on Neural Networks and Learning Systems,IEEE,2026,2026-01-01,Scoring Rounded Data: An Score Smoothing Method for Improving Outlier Detectors,Jiawei Yang; Susanto Rahardja; Matti Kaisti,PP,,10.1109/tnnls.2026.3707635,https://doi.org/10.1109/tnnls.2026.3707635,article,IEEE Transactions on Neural Networks and Learning Systems,https://openalex.org/W7203674681
IEEE Transactions on Neural Networks and Learning Systems,IEEE,2026,2026-01-01,Self-Generating Reward Network for AUV Path Planning With Hybrid Global–Local Optimization,Chen Huang; Deshan Chen; Hao Feng; Di Zhang; H. Zhang; Xinping Yan,PP,,10.1109/tnnls.2026.3713900,https://doi.org/10.1109/tnnls.2026.3713900,article,IEEE Transactions on Neural Networks and Learning Systems,https://openalex.org/W7171534024
IEEE Transactions on Neural Networks and Learning Systems,IEEE,2026,2026-01-01,Self-Supervised Continuous Dynamic Graph Representation Learning via Hawkes Processes,Ruyue Liu; Rong Yin; Xingrui Zhou; Xiaoshuai Hao; Jian Li; Jinwen Zhong; C W; Weiping Wang,PP,,10.1109/tnnls.2026.3702819,https://doi.org/10.1109/tnnls.2026.3702819,article,IEEE Transactions on Neural Networks and Learning Systems,https://openalex.org/W7166808433
IEEE Transactions on Neural Networks and Learning Systems,IEEE,2026,2026-01-01,Semantic-Aware Heterogeneous Graph Learning for Fake News Detection,Shuo Yu; Yupeng Gao; Jing Ren; Jiaying Liu; Huafei Huang; Xin Ye; Tong Zhang; Feng Ding; Xiuzhen Zhang; Feng Xia,,,10.1109/tnnls.2026.3732486,https://doi.org/10.1109/tnnls.2026.3732486,article,IEEE Transactions on Neural Networks and Learning Systems,https://openalex.org/W7214164134
IEEE Transactions on Neural Networks and Learning Systems,IEEE,2026,2026-01-01,Sliding Integral Neural Network Driven Robust Solution for Time-Varying Quadratic Programming,Yang Si; Zhibin Li; Kai Zhao; Haoen Huang; Dongyang Fu,PP,,10.1109/tnnls.2026.3698895,https://doi.org/10.1109/tnnls.2026.3698895,article,IEEE Transactions on Neural Networks and Learning Systems,https://openalex.org/W7164221909
IEEE Transactions on Neural Networks and Learning Systems,IEEE,2026,2026-01-01,Spatial Meta-Learning-Based Representation for Unseen Geographic Entities,Shengwen Li; Zhouzheng Xu; Renyao Chen; Jiarui Zhu; Yaqin Ye; Shunping Zhou; Hong Liang Yao,PP,,10.1109/tnnls.2026.3679789,https://doi.org/10.1109/tnnls.2026.3679789,article,IEEE Transactions on Neural Networks and Learning Systems,https://openalex.org/W7151787217
IEEE Transactions on Neural Networks and Learning Systems,IEEE,2026,2026-01-01,Spatial–Semantic Attention Network With Adaptive Similarity Perception and Memory for Efficient Zero-Shot Object-Goal Visual Navigation,Zihao Dong; Hao Wan; Runmin Cong; Xizhan Gao; Xiuli Shao; Sam Kwong,PP,,10.1109/tnnls.2026.3733240,https://doi.org/10.1109/tnnls.2026.3733240,article,IEEE Transactions on Neural Networks and Learning Systems,https://openalex.org/W7214094763
IEEE Transactions on Neural Networks and Learning Systems,IEEE,2026,2026-01-01,Spatiotemporal Context-Aware Prompting With Low-Rank Dynamic Routing for Exemplar-Free Video Class-Incremental Learning,Kunlun Wu; Bo Peng; Donghai Zhai,PP,,10.1109/tnnls.2026.3698473,https://doi.org/10.1109/tnnls.2026.3698473,article,IEEE Transactions on Neural Networks and Learning Systems,https://openalex.org/W7164023512
IEEE Transactions on Neural Networks and Learning Systems,IEEE,2026,2026-01-01,Spectral Manifold Variational Network for Hyperspectral Superresolution With Spectral Variability,Fei Ye; Peng Zheng; Yang Xu; Tianming Zhan; Peixian Zhuang; Chao Xu; Zhihui Wei; Jun Li; Antonio Plaza; Zebin Wu,PP,,10.1109/tnnls.2026.3729658,https://doi.org/10.1109/tnnls.2026.3729658,article,IEEE Transactions on Neural Networks and Learning Systems,https://openalex.org/W7212234931
IEEE Transactions on Neural Networks and Learning Systems,IEEE,2026,2026-01-01,Spectral–Spatial–Temporal Kolmogorov–Arnold Network for Hyperspectral Change Detection,Puhong Duan; Wenxuan Wang; Xudong Kang; Shutao Li,PP,,10.1109/tnnls.2026.3680585,https://doi.org/10.1109/tnnls.2026.3680585,article,IEEE Transactions on Neural Networks and Learning Systems,https://openalex.org/W7154963381
IEEE Transactions on Neural Networks and Learning Systems,IEEE,2026,2026-01-01,Spike-EIFNet: Lightweight Spike-Driven Event–Image Fusion Network for Accurate and Efficient Semantic Segmentation,Siyu Chen; Qie Liu; Xianlei Long; Yuanke Li; Zhen-Liang Ni; Qingyi Gu; Songtao Guo,PP,,10.1109/tnnls.2026.3715568,https://doi.org/10.1109/tnnls.2026.3715568,article,IEEE Transactions on Neural Networks and Learning Systems,https://openalex.org/W7171733262
IEEE Transactions on Neural Networks and Learning Systems,IEEE,2026,2026-01-01,Stability of Time-Varying Impulsive Systems With State-Dependent Delay and Its Application in Complex Networks,Weilian Liu; Xiaodi Li,PP,,10.1109/tnnls.2026.3700111,https://doi.org/10.1109/tnnls.2026.3700111,article,IEEE Transactions on Neural Networks and Learning Systems,https://openalex.org/W7165643463
IEEE Transactions on Neural Networks and Learning Systems,IEEE,2026,2026-01-01,Stable and Accurate Robot Trajectory Tracking Using Variable-Stiffness Euclideanizing Flow,Tianming Zhang; Yanmin Zhou; Pengpeng Zhang; Zhipeng Wang; Bin He,PP,,10.1109/tnnls.2026.3715414,https://doi.org/10.1109/tnnls.2026.3715414,article,IEEE Transactions on Neural Networks and Learning Systems,https://openalex.org/W7171988640
IEEE Transactions on Neural Networks and Learning Systems,IEEE,2026,2026-01-01,Structure-Guided Domain-Adaptive Network for Few-Shot SAR Ship Detection,Kang Ni; Weihang Zhou,PP,,10.1109/tnnls.2026.3699093,https://doi.org/10.1109/tnnls.2026.3699093,article,IEEE Transactions on Neural Networks and Learning Systems,https://openalex.org/W7163883250
IEEE Transactions on Neural Networks and Learning Systems,IEEE,2026,2026-01-01,Supervised Feature Selection via Collective First-Order Neural Dynamics,Bolin Liao; Yufei Wang; Shuai Li; Long Mei Jin,PP,,10.1109/tnnls.2026.3724444,https://doi.org/10.1109/tnnls.2026.3724444,article,IEEE Transactions on Neural Networks and Learning Systems,https://openalex.org/W7204239887
IEEE Transactions on Neural Networks and Learning Systems,IEEE,2026,2026-01-01,Systematic Abductive Reasoning via Diverse Relation Representations in Vector-Symbolic Architecture,Zhong-Hua Sun; Ru‐Yuan Zhang; Zonglei Zhen; Da‐Hui Wang; Yongjie Li; Xiaohong Wan; Hongzhi You,PP,,10.1109/tnnls.2026.3684958,https://doi.org/10.1109/tnnls.2026.3684958,article,IEEE Transactions on Neural Networks and Learning Systems,https://openalex.org/W4406745266
IEEE Transactions on Neural Networks and Learning Systems,IEEE,2026,2026-01-01,TAF-Net: Temporal-Adaptive Fusion Framework for Semisupervised Segmentation of Intracranial Arteries in DSA Sequences,Yuanjing Wang; Yuhan Xie; Shuyu Chang; Haiping Huang; Minghui Yang,PP,,10.1109/tnnls.2026.3718595,https://doi.org/10.1109/tnnls.2026.3718595,article,IEEE Transactions on Neural Networks and Learning Systems,https://openalex.org/W7172513489
IEEE Transactions on Neural Networks and Learning Systems,IEEE,2026,2026-01-01,TAFNet: Trusted Multiview Associative Fusion Neural Networks for Analyzing Dynamic Brain Networks,Weiping Ding; Wenhao Dai; Tao Hou; Tao Yin; Qichong Hua; Yuepeng Chen; Jiashuang Huang; Jiaru Yang,PP,,10.1109/tnnls.2026.3700636,https://doi.org/10.1109/tnnls.2026.3700636,article,IEEE Transactions on Neural Networks and Learning Systems,https://openalex.org/W7164416652
IEEE Transactions on Neural Networks and Learning Systems,IEEE,2026,2026-01-01,TMMSAM2: Tracker-Aided Multitemporal Memory SAM2 for Hyperspectral Object Tracking,Xiyou Fu; Ting Zhang; Xi Zhang; Mingying Lin; Zijun Lv; Wangquan He; Qi Ren; Meng Hua Xu; Sen Jia,PP,,10.1109/tnnls.2026.3705897,https://doi.org/10.1109/tnnls.2026.3705897,article,IEEE Transactions on Neural Networks and Learning Systems,https://openalex.org/W7167601596
IEEE Transactions on Neural Networks and Learning Systems,IEEE,2026,2026-01-01,TS-Binaural: Visually Guided Binaural Audio Generation by Temporal–Spatial Dynamic Analysis,Shulin Liu; Haonan Cheng; Zhicheng Lian; Long Ye; Qin Zhang,PP,,10.1109/tnnls.2026.3678063,https://doi.org/10.1109/tnnls.2026.3678063,article,IEEE Transactions on Neural Networks and Learning Systems,https://openalex.org/W7147641408
IEEE Transactions on Neural Networks and Learning Systems,IEEE,2026,2026-01-01,TSCNet: A Trend–Seasonality Coupled Network for Efficient Multivariate Time Series Forecasting,Ziqiong Li; Heyu Chai; Xinru Liu; Shengjun Liu,PP,,10.1109/tnnls.2026.3729311,https://doi.org/10.1109/tnnls.2026.3729311,article,IEEE Transactions on Neural Networks and Learning Systems,https://openalex.org/W7213541134
IEEE Transactions on Neural Networks and Learning Systems,IEEE,2026,2026-01-01,TSGNAS: A Topology- and Semantic-Guided Graph Neural Network Architecture Searcher,Kuijie Zhang; Shanchen Pang; Hongjuan Pei; Yun Bai; Wenhao Wu; Xiao He,PP,,10.1109/tnnls.2026.3692360,https://doi.org/10.1109/tnnls.2026.3692360,article,IEEE Transactions on Neural Networks and Learning Systems,https://openalex.org/W7161308143
IEEE Transactions on Neural Networks and Learning Systems,IEEE,2026,2026-01-01,TTP-SSFL: Test-Time Personalization Self-Supervised Federated Learning for Accelerating MR Image Reconstruction,Chenghu Geng; Mingfeng Jiang; Dongsheng Ruan; Chengjin Yu; Hong Sun; Feng Liu; Ling Xia; Guang Zhong Yang,PP,,10.1109/tnnls.2026.3703424,https://doi.org/10.1109/tnnls.2026.3703424,article,IEEE Transactions on Neural Networks and Learning Systems,https://openalex.org/W7165643098
IEEE Transactions on Neural Networks and Learning Systems,IEEE,2026,2026-01-01,Table of Contents,,37,1,10.1109/tnnls.2025.3640906,https://doi.org/10.1109/tnnls.2025.3640906,paratext,IEEE Transactions on Neural Networks and Learning Systems,https://openalex.org/W7119486547
IEEE Transactions on Neural Networks and Learning Systems,IEEE,2026,2026-01-01,Temporal Logic Guided Universal Task Representations for Reinforcement Learning,Hao Zhang; Zhangli Zhou; Zhen Kan,PP,,10.1109/tnnls.2026.3698967,https://doi.org/10.1109/tnnls.2026.3698967,article,IEEE Transactions on Neural Networks and Learning Systems,https://openalex.org/W7165117273
IEEE Transactions on Neural Networks and Learning Systems,IEEE,2026,2026-01-01,Temporal Mask-Embedding Learning and Query-Refined Head Network for Visual Tracking,Jiabing Xiong; Yuejie Lu; Qiang Ling,PP,,10.1109/tnnls.2026.3708840,https://doi.org/10.1109/tnnls.2026.3708840,article,IEEE Transactions on Neural Networks and Learning Systems,https://openalex.org/W7167621692
IEEE Transactions on Neural Networks and Learning Systems,IEEE,2026,2026-01-01,Temporal-Aware Bidirectional Local Label Propagation for Semi-Supervised Time Series Forecasting Under Sparse Supervision,Suting Gao; Wen Yu; Tianyou Chai,PP,,10.1109/tnnls.2026.3709538,https://doi.org/10.1109/tnnls.2026.3709538,article,IEEE Transactions on Neural Networks and Learning Systems,https://openalex.org/W7169836899
IEEE Transactions on Neural Networks and Learning Systems,IEEE,2026,2026-01-01,Text-ADBench: Text Anomaly Detection Benchmark Based on LLM Embeddings,Feng Xiao; Jicong Fan,PP,,10.1109/tnnls.2026.3727304,https://doi.org/10.1109/tnnls.2026.3727304,article,IEEE Transactions on Neural Networks and Learning Systems,https://openalex.org/W7206172678
IEEE Transactions on Neural Networks and Learning Systems,IEEE,2026,2026-01-01,ToFe: Lagged Token Freezing and Reusing for Efficient Vision Transformer Inference,Haoyue Zhang; Jie Zhang; Chenyu Hu; Song Guo,PP,,10.1109/tnnls.2026.3684383,https://doi.org/10.1109/tnnls.2026.3684383,article,IEEE Transactions on Neural Networks and Learning Systems,https://openalex.org/W4417439635
IEEE Transactions on Neural Networks and Learning Systems,IEEE,2026,2026-01-01,Tomo-Net: A Physics-Inspired Dual Regression Network for Nonlinear Tomographic Imaging,Yi Guo; Shipeng Wang; Zeying Chen; Zhaoying Bian; Dong Zeng; Jianhua Ma; Yongbo Wang,PP,,10.1109/tnnls.2026.3723386,https://doi.org/10.1109/tnnls.2026.3723386,article,IEEE Transactions on Neural Networks and Learning Systems,https://openalex.org/W7203831889
IEEE Transactions on Neural Networks and Learning Systems,IEEE,2026,2026-01-01,Topology-Preserving Deep Hashing for Ultrafast Drone-Dominated Object Detection,Luming Zhang; Guifeng Wang; Zi Wang; Ling Shao,PP,,10.1109/tnnls.2026.3686846,https://doi.org/10.1109/tnnls.2026.3686846,article,IEEE Transactions on Neural Networks and Learning Systems,https://openalex.org/W7160102430
IEEE Transactions on Neural Networks and Learning Systems,IEEE,2026,2026-01-01,Toward Effective Graph Long-Tailed Learning With Noisy Labels,Han Liu; Zhiliang Hao; 铭豪 梁; Wei Wang; Hong Yu; Xiaotong Zhang,PP,,10.1109/tnnls.2026.3698867,https://doi.org/10.1109/tnnls.2026.3698867,article,IEEE Transactions on Neural Networks and Learning Systems,https://openalex.org/W7164055626
IEEE Transactions on Neural Networks and Learning Systems,IEEE,2026,2026-01-01,Toward Efficient Consistency Models via Variance-Reduced Distillation,Useok Choi; Seunjoong Lee; MyeongAh Cho,PP,,10.1109/tnnls.2026.3705500,https://doi.org/10.1109/tnnls.2026.3705500,article,IEEE Transactions on Neural Networks and Learning Systems,https://openalex.org/W7170793834
IEEE Transactions on Neural Networks and Learning Systems,IEEE,2026,2026-01-01,Toward Fair Federated Graph Learning,Z W Wu; Boyang Pang; X.C. Li; Yinlin Zhu; Daohan Su; Bowen Fan; Rong-Hua Li; Guoren Wang; Chenghu Zhou,PP,,10.1109/tnnls.2026.3690015,https://doi.org/10.1109/tnnls.2026.3690015,article,IEEE Transactions on Neural Networks and Learning Systems,https://openalex.org/W7163062164
IEEE Transactions on Neural Networks and Learning Systems,IEEE,2026,2026-01-01,Toward Improving Stochastic Neural Network Robustness via Arbitrary Distribution Injection,Rui Zhou; Hao Yang; Wenxu Wang; Dingjiang Wei; Peng Lin; Cheng Zhu; Yun Zhou,PP,,10.1109/tnnls.2026.3719510,https://doi.org/10.1109/tnnls.2026.3719510,article,IEEE Transactions on Neural Networks and Learning Systems,https://openalex.org/W7206215868
IEEE Transactions on Neural Networks and Learning Systems,IEEE,2026,2026-01-01,Toward Privacy Preservation in Federated Learning: A Framework Integrating Client-Side Shuffling and Model Compression,Jinguo Li; Ruyang Xiao; Le Yu; Kai Zhang; Jianting Ning,PP,,10.1109/tnnls.2026.3690045,https://doi.org/10.1109/tnnls.2026.3690045,article,IEEE Transactions on Neural Networks and Learning Systems,https://openalex.org/W7161594644
IEEE Transactions on Neural Networks and Learning Systems,IEEE,2026,2026-01-01,Toward Robust Weakly Supervised Text Classification: Weak Supervision Generation and Correlation-Aware Supervision Propagation,Ximing Li; Yiming Wang; Chenglong Hu; Guiyu Mu; Bo Fu; Renchu Guan; Jihong Ouyang,PP,,10.1109/tnnls.2026.3707387,https://doi.org/10.1109/tnnls.2026.3707387,article,IEEE Transactions on Neural Networks and Learning Systems,https://openalex.org/W7170055177
IEEE Transactions on Neural Networks and Learning Systems,IEEE,2026,2026-01-01,TrafficFlowNet : A Neural Transport Model for Dynamic Traffic Flows,Xinwei Huang; Tianmu Hu; Rongrong Duan; Guorong Wu; Tingting Dan,PP,,10.1109/tnnls.2026.3715738,https://doi.org/10.1109/tnnls.2026.3715738,article,IEEE Transactions on Neural Networks and Learning Systems,https://openalex.org/W7171486674
IEEE Transactions on Neural Networks and Learning Systems,IEEE,2026,2026-01-01,Trajectory-Constrained Human-Guided Reinforcement Learning for Autonomous Driving,Lifei Dai; Yiqun Liu; Hao Zhang; Zhuping Wang; Changzhu Zhang,PP,,10.1109/tnnls.2026.3726595,https://doi.org/10.1109/tnnls.2026.3726595,article,IEEE Transactions on Neural Networks and Learning Systems,https://openalex.org/W7204889488
IEEE Transactions on Neural Networks and Learning Systems,IEEE,2026,2026-01-01,Tree-IS: Efficient Index Selection and Optimization Model for Dynamic Workloads,Shaojie Qiao; Lei Yang; Rongxing Tang; Shuyin Xia; Kun Yue; Nan Han; Quanqing Xu; Chunfang Yang; Hui Li; Xindong Wu,PP,,10.1109/tnnls.2026.3714085,https://doi.org/10.1109/tnnls.2026.3714085,article,IEEE Transactions on Neural Networks and Learning Systems,https://openalex.org/W7170148129
IEEE Transactions on Neural Networks and Learning Systems,IEEE,2026,2026-01-01,Triangular Adaptive Low-Rank Adaptation for Parameter-Efficient Fine-Tuning,Yao Liang; Yantong Wang; Yi Zeng,PP,,10.1109/tnnls.2026.3703540,https://doi.org/10.1109/tnnls.2026.3703540,article,IEEE Transactions on Neural Networks and Learning Systems,https://openalex.org/W7165548162
IEEE Transactions on Neural Networks and Learning Systems,IEEE,2026,2026-01-01,Tuning-Free Latent Diffusion Models for Ultrahigh-Resolution Image Editing,Wanglong Lu; Lingming Su; Kaijie Shi; Minglun Gong; Xiaogang Jin; Hanli Zhao; Xianta Jiang,PP,,10.1109/tnnls.2026.3707463,https://doi.org/10.1109/tnnls.2026.3707463,article,IEEE Transactions on Neural Networks and Learning Systems,https://openalex.org/W7166828262
IEEE Transactions on Neural Networks and Learning Systems,IEEE,2026,2026-01-01,U2Multi-UDA: A Unified Multilevel Multisource Unsupervised Domain Adaptation Method for Motor Imagery,Zhenxi Zhao; Yingyu Cao; Hongbin Yu; Huixian Yu; Huang Jun-fen,PP,,10.1109/tnnls.2026.3713085,https://doi.org/10.1109/tnnls.2026.3713085,article,IEEE Transactions on Neural Networks and Learning Systems,https://openalex.org/W7204922145
IEEE Transactions on Neural Networks and Learning Systems,IEEE,2026,2026-01-01,Unleashing the Potential of Imperfect Demonstration for Imitation Learning via Hierarchical Expert Guidance,Zhiliang Lin; Zhuangzhuang Chen; Guanming Zhu; Jianqiang Li,PP,,10.1109/tnnls.2026.3700275,https://doi.org/10.1109/tnnls.2026.3700275,article,IEEE Transactions on Neural Networks and Learning Systems,https://openalex.org/W7164170732
IEEE Transactions on Neural Networks and Learning Systems,IEEE,2026,2026-01-01,Unsupervised Variational Posterior Learning for Mosaic-Based Hyperspectral Fusion Imaging,Nan Wang; Renwei Dian; Anjing Guo; Jinyang Liu; Shutao Li,,,10.1109/tnnls.2026.3730458,https://doi.org/10.1109/tnnls.2026.3730458,article,IEEE Transactions on Neural Networks and Learning Systems,https://openalex.org/W7214221889
IEEE Transactions on Neural Networks and Learning Systems,IEEE,2026,2026-01-01,VBON: A Relational Action-Graph Network for Mitigating Path Fixation in Sparse-Reward Reinforcement Learning,Zijian Zhou; Tao Wang; Mengke Wang; Xiangfeng Luo; Shaorong Xie,PP,,10.1109/tnnls.2026.3722558,https://doi.org/10.1109/tnnls.2026.3722558,article,IEEE Transactions on Neural Networks and Learning Systems,https://openalex.org/W7203697864
IEEE Transactions on Neural Networks and Learning Systems,IEEE,2026,2026-01-01,VCF-CLIP: Visual Context-Driven Fine-Grained Prompt Learning for Zero-Shot Anomaly Detection,Kaiwen Fu; Fei Qi; Chengyuan Chang; Jiahui Chen; Zhifu Zhao; Xiaotian Wang; Kun Liu,PP,,10.1109/tnnls.2026.3713374,https://doi.org/10.1109/tnnls.2026.3713374,article,IEEE Transactions on Neural Networks and Learning Systems,https://openalex.org/W7169839758
IEEE Transactions on Neural Networks and Learning Systems,IEEE,2026,2026-01-01,Vision-Assisted Foundation Model for Solving Multitask Vehicle Routing Problems,Shuangchun Gui; Zhiguang Cao; Wen Wu Song; Yew-Soon Ong,PP,,10.1109/tnnls.2026.3702010,https://doi.org/10.1109/tnnls.2026.3702010,article,IEEE Transactions on Neural Networks and Learning Systems,https://openalex.org/W7165946870
IEEE Transactions on Neural Networks and Learning Systems,IEEE,2026,2026-01-01,Why Empirical Risk Minimization Performs Well for Open Set Domain Adaptation: A Theoretical Analysis From Causal View,Huaming Du; Yaling Liu; C. Q. Feng; Guisong Liu; Carl Yang; Gang Kou,PP,,10.1109/tnnls.2026.3694812,https://doi.org/10.1109/tnnls.2026.3694812,article,IEEE Transactions on Neural Networks and Learning Systems,https://openalex.org/W7165041794
IEEE Transactions on Neural Networks and Learning Systems,IEEE,2026,2026-01-01,WiCount-DASL: Domain-Adversarial Semisupervised Learning for Wi-Fi-Based Stationary Crowd Counting,He Wang; Ivan Wang‐Hei Ho,PP,,10.1109/tnnls.2026.3700839,https://doi.org/10.1109/tnnls.2026.3700839,article,IEEE Transactions on Neural Networks and Learning Systems,https://openalex.org/W7164135102
IEEE Transactions on Neural Networks and Learning Systems,IEEE,2026,2026-01-01,Without Paired Labeled Data: End-to-End Self-Supervised Learning for Drone-View Geo-Localization,Zhongwei Chen; Zhao-Xu Yang; Hai-Jun Rong; Guoqi Li,PP,,10.1109/tnnls.2026.3696684,https://doi.org/10.1109/tnnls.2026.3696684,article,IEEE Transactions on Neural Networks and Learning Systems,https://openalex.org/W7162793305
IEEE Transactions on Neural Networks and Learning Systems,IEEE,2026,2026-01-01,XAI-Exit: Interpretability-Driven Dynamic Early Exits for Efficient and Transparent DNN Inference,Haseena Rahmath P; Ajith Abraham; Kuldeep Chaurasia,PP,,10.1109/tnnls.2026.3685408,https://doi.org/10.1109/tnnls.2026.3685408,article,IEEE Transactions on Neural Networks and Learning Systems,https://openalex.org/W7159644797
IEEE Transactions on Neural Networks and Learning Systems,IEEE,2026,2026-01-01,cPU: Consistent Risk Estimator for Positive-Unlabeled Learning,Zhang Yao; Ke Wang; Jun Tang; Yan Zhang; Dong Liang,PP,,10.1109/tnnls.2026.3706351,https://doi.org/10.1109/tnnls.2026.3706351,article,IEEE Transactions on Neural Networks and Learning Systems,https://openalex.org/W7166843882
IEEE Transactions on Neural Networks and Learning Systems,IEEE,2026,2026-01-05,Accurate and Robust Neural Architecture Search via a Flexible Supernet,Yuqi Feng; Yuwei Ou; Yanan Sun,37,7,10.1109/tnnls.2025.3649055,https://doi.org/10.1109/tnnls.2025.3649055,article,IEEE Transactions on Neural Networks and Learning Systems,https://openalex.org/W7118191111
IEEE Transactions on Neural Networks and Learning Systems,IEEE,2026,2026-01-05,Deep Learning for Video Anomaly Detection: A Review,Peng Wu; Chengyu Pan; Yuting Yan; Guansong Pang; Qingsen Yan; Peng Wang; Yanning zhang,37,7,10.1109/tnnls.2025.3647892,https://doi.org/10.1109/tnnls.2025.3647892,article,IEEE Transactions on Neural Networks and Learning Systems,https://openalex.org/W7118219849
IEEE Transactions on Neural Networks and Learning Systems,IEEE,2026,2026-01-05,The Applications and Properties of the TDS Algorithm,Xufeng Chen; Liang Yan,37,4,10.1109/tnnls.2025.3626585,https://doi.org/10.1109/tnnls.2025.3626585,article,IEEE Transactions on Neural Networks and Learning Systems,https://openalex.org/W7118162207
IEEE Transactions on Neural Networks and Learning Systems,IEEE,2026,2026-01-06,Boosting Adversarial Training With Mitigating Hard Sample Interference,Bin Hu; Kehua Guo; Tian Qiu; Shaojun Guo,37,7,10.1109/tnnls.2025.3648421,https://doi.org/10.1109/tnnls.2025.3648421,article,IEEE Transactions on Neural Networks and Learning Systems,https://openalex.org/W7118989070
IEEE Transactions on Neural Networks and Learning Systems,IEEE,2026,2026-01-06,Funny-Valen-Tine: Planning Solution Distribution Enhances Machine Abstract Reasoning Ability,Ruizhuo Song; Beiming Yuan,37,7,10.1109/tnnls.2025.3647282,https://doi.org/10.1109/tnnls.2025.3647282,article,IEEE Transactions on Neural Networks and Learning Systems,https://openalex.org/W7118385638
IEEE Transactions on Neural Networks and Learning Systems,IEEE,2026,2026-01-06,HarmoFGL: Harmonizing GNN Latent Factors for Federated Graph Learning,Yeyu Yan; Zhenfeng Zhu; Shuai Zheng; Hongli Xu; Yawei Zhao; Kunlun He; Yao Zhao,37,7,10.1109/tnnls.2025.3648828,https://doi.org/10.1109/tnnls.2025.3648828,article,IEEE Transactions on Neural Networks and Learning Systems,https://openalex.org/W7118653003
IEEE Transactions on Neural Networks and Learning Systems,IEEE,2026,2026-01-06,MotifGT-DTI: Pivotal Motif-Based Graph Transformer Model Improves Drug--Target Interaction Prediction,Wen Tian; Min Zeng; Jianxin Wang; Chengqian Lu,37,7,10.1109/tnnls.2025.3646159,https://doi.org/10.1109/tnnls.2025.3646159,article,IEEE Transactions on Neural Networks and Learning Systems,https://openalex.org/W7119183066
IEEE Transactions on Neural Networks and Learning Systems,IEEE,2026,2026-01-12,Adaptive Boosting LLMs for Text Classification,Mengyao Wang; Yazhou Zhang; Chenyu Ren; Qiuchi Li; Prayag Tiwari; Benyou Wang; Jing Qin,37,6,10.1109/tnnls.2025.3639613,https://doi.org/10.1109/tnnls.2025.3639613,article,IEEE Transactions on Neural Networks and Learning Systems,https://openalex.org/W7123345058
IEEE Transactions on Neural Networks and Learning Systems,IEEE,2026,2026-01-12,Anomaly Subgraph Detection on Multiple Associated Attributed Networks,Nannan Wu; Ying Sun; Yi Zhao; Wenjun Wang; Xueli Liu; Jianxin Li,37,7,10.1109/tnnls.2025.3647831,https://doi.org/10.1109/tnnls.2025.3647831,article,IEEE Transactions on Neural Networks and Learning Systems,https://openalex.org/W7123346264
IEEE Transactions on Neural Networks and Learning Systems,IEEE,2026,2026-01-12,Boosting Semi-Supervised Medical Image Segmentation Through Inter-Instance Information Complementarity,Shuai Wu; Ruyi Liu; Hang Wei; Linrunjia Liu; Jie Wen; Qiguang Miao,37,7,10.1109/tnnls.2025.3649537,https://doi.org/10.1109/tnnls.2025.3649537,article,IEEE Transactions on Neural Networks and Learning Systems,https://openalex.org/W7123335284
IEEE Transactions on Neural Networks and Learning Systems,IEEE,2026,2026-01-12,Brain-Inspired Chaotic Graph Backpropagation for Combinatorial Optimization,Peng Tao; Kazuyuki Aihara; Luonan Chen,37,7,10.1109/tnnls.2025.3650570,https://doi.org/10.1109/tnnls.2025.3650570,article,IEEE Transactions on Neural Networks and Learning Systems,https://openalex.org/W7123354329
IEEE Transactions on Neural Networks and Learning Systems,IEEE,2026,2026-01-12,CPFformer: A Hierarchical-Based Graph Modeling Fusion Framework for Making the Emotional Features of Chinese Poetry Pronunciation More Controllable,Qing Wang; Ke Li; Jing Hai Zhou; Xiang Wang; Jing Qin; Changyuan Yu,37,7,10.1109/tnnls.2025.3648530,https://doi.org/10.1109/tnnls.2025.3648530,article,IEEE Transactions on Neural Networks and Learning Systems,https://openalex.org/W7123358274
IEEE Transactions on Neural Networks and Learning Systems,IEEE,2026,2026-01-12,Exploiting Scale-Variant Attention for Segmenting Small Medical Objects,Wei Dai; Rui Liu; Zixuan Wu; Tianyi Wu; Min Wang; Junxian Zhou; Yixuan Yuan; Jun Liu,37,7,10.1109/tnnls.2025.3645355,https://doi.org/10.1109/tnnls.2025.3645355,article,IEEE Transactions on Neural Networks and Learning Systems,https://openalex.org/W4400601150
IEEE Transactions on Neural Networks and Learning Systems,IEEE,2026,2026-01-12,Graph Transformers: A Survey,Ahsan Haider Shehzad; Feng Xia; Shagufta Abid; Ciyuan Peng; Shuo Yu; Dongyu Zhang; Karin M. Verspoor,37,7,10.1109/tnnls.2025.3646122,https://doi.org/10.1109/tnnls.2025.3646122,article,IEEE Transactions on Neural Networks and Learning Systems,https://openalex.org/W4400702846
IEEE Transactions on Neural Networks and Learning Systems,IEEE,2026,2026-01-12,HSA 2 M: Hierarchical Spike Aggregation Activation Map for Visual Explanations From Spiking Neural Networks,Mingxuan Yang; Xiaojun Wu; Michael Yu Wang,37,7,10.1109/tnnls.2025.3650157,https://doi.org/10.1109/tnnls.2025.3650157,article,IEEE Transactions on Neural Networks and Learning Systems,https://openalex.org/W7123357901
IEEE Transactions on Neural Networks and Learning Systems,IEEE,2026,2026-01-12,IEGSCL: Interaction-Enhanced Graph Neural Sequence Contrastive Learning for Microscopic Diffusion Prediction,Yiru Chang; Fei Xiong; Shirui Pan; Jia Wu; Liang Wang; Amin Beheshti,37,7,10.1109/tnnls.2025.3650184,https://doi.org/10.1109/tnnls.2025.3650184,article,IEEE Transactions on Neural Networks and Learning Systems,https://openalex.org/W7123344964
IEEE Transactions on Neural Networks and Learning Systems,IEEE,2026,2026-01-12,Implicit Illumination-Aware Representation With Cross-Modal Prefusion Alignment for Universal Multispectral Pedestrian Detection,Yan Gong; Lei Lin; Yang Luo; Hao Liu; Yongsheng Gao; Jie Zhao; Ziying Song; Xiaoxi Hu,37,7,10.1109/tnnls.2025.3647641,https://doi.org/10.1109/tnnls.2025.3647641,article,IEEE Transactions on Neural Networks and Learning Systems,https://openalex.org/W7123341800
IEEE Transactions on Neural Networks and Learning Systems,IEEE,2026,2026-01-12,Lightweight Multi-Dilated Transformer for Image Deblurring,Zhihao Zhao; Zhulin Tao; Jinshan Pan,37,7,10.1109/tnnls.2025.3647027,https://doi.org/10.1109/tnnls.2025.3647027,article,IEEE Transactions on Neural Networks and Learning Systems,https://openalex.org/W7123344724
IEEE Transactions on Neural Networks and Learning Systems,IEEE,2026,2026-01-12,Multiagent Deep Reinforcement Learning With Evolutionary Strategy for Mobile Charging Vehicles Dispatching,H. B. Li; Bongju Jeong,37,7,10.1109/tnnls.2025.3649341,https://doi.org/10.1109/tnnls.2025.3649341,article,IEEE Transactions on Neural Networks and Learning Systems,https://openalex.org/W7123349576
IEEE Transactions on Neural Networks and Learning Systems,IEEE,2026,2026-01-12,Multisynchronization of Delayed Coupled Neural Networks With General Activation Functions via Impulsive Control,Yang Liu; Zhen Wang; Huang Xia; Min Xiao,37,7,10.1109/tnnls.2025.3649103,https://doi.org/10.1109/tnnls.2025.3649103,article,IEEE Transactions on Neural Networks and Learning Systems,https://openalex.org/W7123351172
IEEE Transactions on Neural Networks and Learning Systems,IEEE,2026,2026-01-12,Robust Least Squares Twin Support Vector Machine With Adaptive Pinball Loss,Hong-Jie Xing; Si-Wei Wang; Zi-Chuan He; Yidan Wang,37,7,10.1109/tnnls.2025.3649221,https://doi.org/10.1109/tnnls.2025.3649221,article,IEEE Transactions on Neural Networks and Learning Systems,https://openalex.org/W7123342813
IEEE Transactions on Neural Networks and Learning Systems,IEEE,2026,2026-01-12,ScaDyG: A New Paradigm for Large-Scale Dynamic Graph Learning,Xiang Wu; Xunkai Li; Rong-Hua Li; Kangfei Zhao; Guoren Wang,37,7,10.1109/tnnls.2025.3650673,https://doi.org/10.1109/tnnls.2025.3650673,article,IEEE Transactions on Neural Networks and Learning Systems,https://openalex.org/W7123351251
IEEE Transactions on Neural Networks and Learning Systems,IEEE,2026,2026-01-13,Cross-Scene Hyperspectral Image Classification via Bidirectional Mamba and Domain Mixing Network,Junzhe Dang; Chaobin Guo; M J Zhang; Yuxiang Zhang; Wen Jia; Wei Li,37,8,10.1109/tnnls.2026.3651563,https://doi.org/10.1109/tnnls.2026.3651563,article,IEEE Transactions on Neural Networks and Learning Systems,https://openalex.org/W7124006320
IEEE Transactions on Neural Networks and Learning Systems,IEEE,2026,2026-01-13,GHAttack: Generative Adversarial Attacks on Heterogeneous Graph Neural Networks,S C Li; Xiaofeng Liao; Huanzhang Zhu; Junqing Le; Lingyang Chu,37,7,10.1109/tnnls.2025.3648367,https://doi.org/10.1109/tnnls.2025.3648367,article,IEEE Transactions on Neural Networks and Learning Systems,https://openalex.org/W7123693069
IEEE Transactions on Neural Networks and Learning Systems,IEEE,2026,2026-01-13,PosFormer: Generalizable Indoor Positioning via Global--Local Feature Fusion Network,Xing Xiao; Zhiqiang Yao; Xingyu Gao; Menggang Sheng; Deyi Peng; Min Zeng,37,8,10.1109/tnnls.2026.3650775,https://doi.org/10.1109/tnnls.2026.3650775,article,IEEE Transactions on Neural Networks and Learning Systems,https://openalex.org/W7123530641
IEEE Transactions on Neural Networks and Learning Systems,IEEE,2026,2026-01-14,Open Set Domain Adaptation via Known Joint Distribution Matching and Unknown Classification Risk Reformulation,Sentao Chen; Ping Xuan; Lifang He,37,7,10.1109/tnnls.2025.3647483,https://doi.org/10.1109/tnnls.2025.3647483,article,IEEE Transactions on Neural Networks and Learning Systems,https://openalex.org/W7124144001
IEEE Transactions on Neural Networks and Learning Systems,IEEE,2026,2026-01-14,Robust Physics-Based Deep MRI Reconstruction via Diffusion Purification,Ismail Alkhouri; Shijun Liang; Rongrong Wang; Qing Qu; Saiprasad Ravishankar,37,5,10.1109/tnnls.2025.3631742,https://doi.org/10.1109/tnnls.2025.3631742,article,IEEE Transactions on Neural Networks and Learning Systems,https://openalex.org/W7124144969
IEEE Transactions on Neural Networks and Learning Systems,IEEE,2026,2026-01-14,Seeing Clearly and Detecting Precisely: Perceptual Enhancement and Focus Calibration for Small-Object Detection,Zhiqin Zhu; Yang Yang; Guanqiu Qi; Shuang Li; Huafeng Li; Yu Liu,37,8,10.1109/tnnls.2026.3651289,https://doi.org/10.1109/tnnls.2026.3651289,article,IEEE Transactions on Neural Networks and Learning Systems,https://openalex.org/W7124160586
IEEE Transactions on Neural Networks and Learning Systems,IEEE,2026,2026-01-15,"Physical Parameter Dependencies in Mechanical Reservoir Computing: Structural Analysis, Actuation, and Improved Processing",Max Austin; Kohei Nakajima,37,7,10.1109/tnnls.2025.3649650,https://doi.org/10.1109/tnnls.2025.3649650,article,IEEE Transactions on Neural Networks and Learning Systems,https://openalex.org/W7124452051
IEEE Transactions on Neural Networks and Learning Systems,IEEE,2026,2026-01-19,EEGMoE: A Domain-Decoupled Mixture-of-Experts Model for Self-Supervised EEG Representation Learning,Xuange Gao; Danli Wang; Yanyan Zhao,37,8,10.1109/tnnls.2026.3652277,https://doi.org/10.1109/tnnls.2026.3652277,article,IEEE Transactions on Neural Networks and Learning Systems,https://openalex.org/W7124962183
IEEE Transactions on Neural Networks and Learning Systems,IEEE,2026,2026-01-21,A Linearized Alternating Direction Multiplier Method for Federated Matrix Completion Problems,Patrick C. Hytla; Tran T. A. Nghia; Duy Nhat Phan; Andrew D. Rice,37,8,10.1109/tnnls.2026.3652123,https://doi.org/10.1109/tnnls.2026.3652123,article,IEEE Transactions on Neural Networks and Learning Systems,https://openalex.org/W7125389423
IEEE Transactions on Neural Networks and Learning Systems,IEEE,2026,2026-01-21,An Attention-Assisted AI Model for Real-Time Underwater Sound Speed Estimation Leveraging Remote Sensing Sea Surface Temperature Data,Pengfei Wu; Wei Kang Huang; Yujie Shi; Feng Yin; Hao Zhang,37,8,10.1109/tnnls.2026.3653116,https://doi.org/10.1109/tnnls.2026.3653116,article,IEEE Transactions on Neural Networks and Learning Systems,https://openalex.org/W4407759749
IEEE Transactions on Neural Networks and Learning Systems,IEEE,2026,2026-01-21,Discovering Causality Representations in Graph Convolutional Network for Automated Assessment of Parkinsonian Hand Postural Tremor,Yuyang Quan; Rui Guo; Jie Ren; Chencheng Zhang; Xiaohua Qian,37,8,10.1109/tnnls.2026.3651326,https://doi.org/10.1109/tnnls.2026.3651326,article,IEEE Transactions on Neural Networks and Learning Systems,https://openalex.org/W7125426544
IEEE Transactions on Neural Networks and Learning Systems,IEEE,2026,2026-01-21,Gradient-Refined Federated Learning on Head-Tail Imbalanced Data,Yiwen Wang; Heye Zhang; Chenchu Xu; Lin Gu; Jingfeng Zhang; Tieyong Zeng; Zhifan Gao,37,8,10.1109/tnnls.2026.3653211,https://doi.org/10.1109/tnnls.2026.3653211,article,IEEE Transactions on Neural Networks and Learning Systems,https://openalex.org/W7125403710
IEEE Transactions on Neural Networks and Learning Systems,IEEE,2026,2026-01-22,NeRF-MIR: Toward High-Quality Restoration of Masked Images With Neural Radiance Fields,Xianliang Huang; Z. Zhong; Shuhang Chen; Yi Xu; Jihong Guan; Shuigeng Zhou,37,8,10.1109/tnnls.2026.3651302,https://doi.org/10.1109/tnnls.2026.3651302,article,IEEE Transactions on Neural Networks and Learning Systems,https://openalex.org/W7125508640
IEEE Transactions on Neural Networks and Learning Systems,IEEE,2026,2026-01-27,Structure-Enhanced Self-Supervised Weighted Information Bottleneck for Multiview Clustering,Zhengzheng Lou; Yucong Wu; Ke Zhang; Chaoyang Zhang; Bo Ji; Shizhe Hu,37,8,10.1109/tnnls.2026.3654997,https://doi.org/10.1109/tnnls.2026.3654997,article,IEEE Transactions on Neural Networks and Learning Systems,https://openalex.org/W7125789298
IEEE Transactions on Neural Networks and Learning Systems,IEEE,2026,2026-01-27,Where and How: Mining Convertible Outlying Aspect for Outlier Interpretation,Lili Guan; Lei Duan; Xinye Wang; Zhuoling Li; Haiying Wang,37,8,10.1109/tnnls.2026.3654261,https://doi.org/10.1109/tnnls.2026.3654261,article,IEEE Transactions on Neural Networks and Learning Systems,https://openalex.org/W7125803689
IEEE Transactions on Neural Networks and Learning Systems,IEEE,2026,2026-01-28,An Adaptive Environment Generator for Effective Decision Region Enlargement in Deep Reinforcement Learning,Wenzhe Yin; Guowei Zhao,37,8,10.1109/tnnls.2026.3655179,https://doi.org/10.1109/tnnls.2026.3655179,article,IEEE Transactions on Neural Networks and Learning Systems,https://openalex.org/W7125939613
IEEE Transactions on Neural Networks and Learning Systems,IEEE,2026,2026-01-28,Mitigating LLM Hallucination Snowballing in Multiagent Systems via Context-Aware Semantic Consistency Reasoning,Xijian Xu; Jun Wu,37,8,10.1109/tnnls.2026.3655508,https://doi.org/10.1109/tnnls.2026.3655508,article,IEEE Transactions on Neural Networks and Learning Systems,https://openalex.org/W7125906888
IEEE Transactions on Neural Networks and Learning Systems,IEEE,2026,2026-01-28,PromptGCN: Bridging Subgraph Gaps in Lightweight GCNs,Shengwei Ji; Yujie Tian; Fei Liu; Xinlu Li; Le Wu,37,8,10.1109/tnnls.2026.3654995,https://doi.org/10.1109/tnnls.2026.3654995,article,IEEE Transactions on Neural Networks and Learning Systems,https://openalex.org/W7125972010
IEEE Transactions on Neural Networks and Learning Systems,IEEE,2026,2026-02-01,IEEE Computational Intelligence Society,,37,2,10.1109/tnnls.2026.3652776,https://doi.org/10.1109/tnnls.2026.3652776,article,IEEE Transactions on Neural Networks and Learning Systems,https://openalex.org/W7127628812
IEEE Transactions on Neural Networks and Learning Systems,IEEE,2026,2026-02-01,IEEE Transactions on Neural Networks and Learning Systems Information for Authors,,37,2,10.1109/tnnls.2026.3652778,https://doi.org/10.1109/tnnls.2026.3652778,paratext,IEEE Transactions on Neural Networks and Learning Systems,https://openalex.org/W7127636505
IEEE Transactions on Neural Networks and Learning Systems,IEEE,2026,2026-02-01,IEEE Transactions on Neural Networks and Learning Systems Publication Information,,37,2,10.1109/tnnls.2026.3652774,https://doi.org/10.1109/tnnls.2026.3652774,paratext,IEEE Transactions on Neural Networks and Learning Systems,https://openalex.org/W7127600962
IEEE Transactions on Neural Networks and Learning Systems,IEEE,2026,2026-02-01,Table of Contents,,37,2,10.1109/tnnls.2026.3652772,https://doi.org/10.1109/tnnls.2026.3652772,paratext,IEEE Transactions on Neural Networks and Learning Systems,https://openalex.org/W7127630120
IEEE Transactions on Neural Networks and Learning Systems,IEEE,2026,2026-02-03,Byzantine-Robust and Communication-Efficient Distributed Learning via Compressed Momentum Filtering,Changxin Liu; Yong Li; Yuhao Yi; Karl H. Johansson,37,8,10.1109/tnnls.2026.3658104,https://doi.org/10.1109/tnnls.2026.3658104,article,IEEE Transactions on Neural Networks and Learning Systems,https://openalex.org/W7127421549
IEEE Transactions on Neural Networks and Learning Systems,IEEE,2026,2026-02-04,A High-Accuracy Probabilistic-Based Sigmoid Approximator Incorporating Memory-Saving and Time-Efficient Strategies,Wenhao Lu; Chi-Sing Leung; Feng Qin; Tiancheng Cao; Wenwen Zhang; Yucen Shi; Yiping Ke; Zhenya Zang,37,7,10.1109/tnnls.2025.3646023,https://doi.org/10.1109/tnnls.2025.3646023,article,IEEE Transactions on Neural Networks and Learning Systems,https://openalex.org/W7127604934
IEEE Transactions on Neural Networks and Learning Systems,IEEE,2026,2026-02-04,Causal Graph Spatial--Temporal Autoencoder for Reliable and Interpretable Process Monitoring,Xiangrui Zhang; Chunyue Song; Wei Dai; Zheng Zhang; Kaihua Gao; Furong Gao,37,8,10.1109/tnnls.2026.3656591,https://doi.org/10.1109/tnnls.2026.3656591,article,IEEE Transactions on Neural Networks and Learning Systems,https://openalex.org/W7127582909
IEEE Transactions on Neural Networks and Learning Systems,IEEE,2026,2026-02-04,Decentralized Primal--Dual Optimization Without Global Lipschitz Continuity,Luqing Wang; Shaofu Yang; Min-Ling Zhang,37,8,10.1109/tnnls.2026.3656728,https://doi.org/10.1109/tnnls.2026.3656728,article,IEEE Transactions on Neural Networks and Learning Systems,https://openalex.org/W7127634971
IEEE Transactions on Neural Networks and Learning Systems,IEEE,2026,2026-02-06,A2Net: Affiliation Alignment Networks for Whole-Body Pose Estimation With Vision--Language Models,Ling Lin; Yaoxing Wang; Congcong Zhu; Jingrun Chen,37,8,10.1109/tnnls.2026.3656293,https://doi.org/10.1109/tnnls.2026.3656293,article,IEEE Transactions on Neural Networks and Learning Systems,https://openalex.org/W7128206121
IEEE Transactions on Neural Networks and Learning Systems,IEEE,2026,2026-02-06,Enhancing PPO With Trajectory-Aware Hybrid Policies,Qisai Liu; Zhanhong Jiang; Hsin-Jung Yang; Mahsa Khosravi; Joshua R. Waite; Soumik Sarkar,37,6,10.1109/tnnls.2025.3641531,https://doi.org/10.1109/tnnls.2025.3641531,article,IEEE Transactions on Neural Networks and Learning Systems,https://openalex.org/W7128240039
IEEE Transactions on Neural Networks and Learning Systems,IEEE,2026,2026-02-06,KSIQA: A Knowledge-Sharing Model for No-Reference Image Quality Assessment,Huasheng Wang; Jiang Liu; Hongchen Tan; Jianxun Lou; Xiaochang Liu; Wei Xin Zhou; Ying Chen; Roger M. Whitaker; Walter Colombo; Hantao Liu,37,8,10.1109/tnnls.2026.3656757,https://doi.org/10.1109/tnnls.2026.3656757,article,IEEE Transactions on Neural Networks and Learning Systems,https://openalex.org/W7128219754
IEEE Transactions on Neural Networks and Learning Systems,IEEE,2026,2026-02-06,LoLDU: Low-Rank Adaptation via Lower-Diag-Upper Decomposition for Parameter-Efficient Fine-Tuning,Yiming Shi; Yujia Wu; Jiwei Wei; Ran Ran; Chengwei Sun; Shiyuan He; Yang Yang,37,8,10.1109/tnnls.2026.3655172,https://doi.org/10.1109/tnnls.2026.3655172,article,IEEE Transactions on Neural Networks and Learning Systems,https://openalex.org/W7128177961
IEEE Transactions on Neural Networks and Learning Systems,IEEE,2026,2026-02-06,MetaGrasp: Generalizable Dexterous Multifingered Functional Grasping With Gradual Skill Curriculum Learning,Yinglan Lv; Qiyu Chen; Xiangbo Lin; Jianwen Li; Wenbin Bai; Yi Sun,37,8,10.1109/tnnls.2026.3655749,https://doi.org/10.1109/tnnls.2026.3655749,article,IEEE Transactions on Neural Networks and Learning Systems,https://openalex.org/W7128218254
IEEE Transactions on Neural Networks and Learning Systems,IEEE,2026,2026-02-06,"Next-Gen Digital Predistortion From Hardware Acceleration of Neural Networks: Trends, Challenges, and Future",Mohd Tasleem Khan; Yuan Ding; George Goussetis,37,8,10.1109/tnnls.2026.3656642,https://doi.org/10.1109/tnnls.2026.3656642,article,IEEE Transactions on Neural Networks and Learning Systems,https://openalex.org/W7128208719
IEEE Transactions on Neural Networks and Learning Systems,IEEE,2026,2026-02-06,Transformer Meets Gated Residual Networks to Enhance PICU's PPG Artifact Detection Informed by Mutual Information Neural Estimation,Thanh-Dung Le; Clara Macabiau; Kévin Albert; Symeon Chatzinotas; Philippe Jouvet; Rita Noumeir,37,8,10.1109/tnnls.2026.3656756,https://doi.org/10.1109/tnnls.2026.3656756,article,IEEE Transactions on Neural Networks and Learning Systems,https://openalex.org/W7128182962
IEEE Transactions on Neural Networks and Learning Systems,IEEE,2026,2026-02-06,Using Class and Domain Information to Address Domain Shift in Federated Learning,Chien-Yu Chiou; Chun-Rong Huang; Lawrence L. Latour; Yang C Fann; Pau‐Choo Chung,37,9,10.1109/tnnls.2026.3658584,https://doi.org/10.1109/tnnls.2026.3658584,article,IEEE Transactions on Neural Networks and Learning Systems,https://openalex.org/W7128190938
IEEE Transactions on Neural Networks and Learning Systems,IEEE,2026,2026-02-09,A Survey on Learning Motion Planning and Control for Mobile Robots: Toward Embodied Intelligence,Mengyun Wang; Yifeng Niu; Bo Wang; Wei Zhang; Chang Wang,37,8,10.1109/tnnls.2026.3656889,https://doi.org/10.1109/tnnls.2026.3656889,article,IEEE Transactions on Neural Networks and Learning Systems,https://openalex.org/W7128432249
IEEE Transactions on Neural Networks and Learning Systems,IEEE,2026,2026-02-09,Adversarial Augmentation With Maximum Discrepancy for Graph Contrastive Learning,Chunchun Chen; Xing Wei; Yuxing Zhang; Wei Ye,37,8,10.1109/tnnls.2026.3650798,https://doi.org/10.1109/tnnls.2026.3650798,article,IEEE Transactions on Neural Networks and Learning Systems,https://openalex.org/W7128423559
IEEE Transactions on Neural Networks and Learning Systems,IEEE,2026,2026-02-09,AquaticCLIP: A Vision-Language Foundation Model and Dataset for Underwater Scene Analysis,Basit Alawode; Iyyakutti Iyappan Ganapathi; Sajid Javed; Mohammed Bennamoun; Arif Mahmood,37,8,10.1109/tnnls.2026.3657138,https://doi.org/10.1109/tnnls.2026.3657138,article,IEEE Transactions on Neural Networks and Learning Systems,https://openalex.org/W7128431742
IEEE Transactions on Neural Networks and Learning Systems,IEEE,2026,2026-02-09,Distributed Learning for Online Stochastic Mixed Equilibrium Problems With Heavy-Tailed Noises,Hang Xu; Kaihong Lu; Yu-Long Wang; Qixin Zhu,37,7,10.1109/tnnls.2026.3650771,https://doi.org/10.1109/tnnls.2026.3650771,article,IEEE Transactions on Neural Networks and Learning Systems,https://openalex.org/W7128450626
IEEE Transactions on Neural Networks and Learning Systems,IEEE,2026,2026-02-09,Egocentric Head Direction Encoding and Perception Model Based on an Adaptive Ring Attractor Network,Zugang Chen; Haodong Wang; Jing Li; Guoqing Li; Shaohua Wang,37,8,10.1109/tnnls.2026.3656687,https://doi.org/10.1109/tnnls.2026.3656687,article,IEEE Transactions on Neural Networks and Learning Systems,https://openalex.org/W7128427790
IEEE Transactions on Neural Networks and Learning Systems,IEEE,2026,2026-02-10,A Multiobjective Evolutionary Algorithm Based on Bipopulation With Uniform Sampling for Neural Architecture Search,Yu Xue; Pengcheng Jiang; Chenchen Zhu; Yong Zhang; Ran Cheng; Kaizhou Gao; Dunwei Gong,37,9,10.1109/tnnls.2026.3659508,https://doi.org/10.1109/tnnls.2026.3659508,article,IEEE Transactions on Neural Networks and Learning Systems,https://openalex.org/W7128467277
IEEE Transactions on Neural Networks and Learning Systems,IEEE,2026,2026-02-10,Logits-Level Balanced Machine Unlearning for LLM-Based Recommendation System,Chenchen Tan; X Li; Youyang Qu; Cunjian Chen; Shujie Cui; Longxiang Gao,37,9,10.1109/tnnls.2026.3660137,https://doi.org/10.1109/tnnls.2026.3660137,article,IEEE Transactions on Neural Networks and Learning Systems,https://openalex.org/W7128468438
IEEE Transactions on Neural Networks and Learning Systems,IEEE,2026,2026-02-10,Resource-Efficient and Layer Interdependence-Aware CNN Pruning Leveraging Filter Replacement,Sadegh Tofigh; Mohammad Askarizadeh; M. Omair Ahmad; M. N. S. Swamy; Kim Khoa Nguyen,37,8,10.1109/tnnls.2026.3658318,https://doi.org/10.1109/tnnls.2026.3658318,article,IEEE Transactions on Neural Networks and Learning Systems,https://openalex.org/W7128525623
IEEE Transactions on Neural Networks and Learning Systems,IEEE,2026,2026-02-11,ATTE: An Innovative Ensemble Learning Method With Age-Group-Guided Fine-Tuning for Improving Personalized Blood Pressure Estimation,Yuhui Cen; Hongbo Wang; Xing Zhu; Chunlong Miao; Jingjing Luo,37,8,10.1109/tnnls.2026.3655736,https://doi.org/10.1109/tnnls.2026.3655736,article,IEEE Transactions on Neural Networks and Learning Systems,https://openalex.org/W7128630546
IEEE Transactions on Neural Networks and Learning Systems,IEEE,2026,2026-02-13,Class-Incremental Cloud-Device Collaborative Adaptation With Contrastive Learning in Dynamic Changing Environments,Yushi Zeng; Haopeng Ren; Yi Cai; Yingjian Li; Yaowei Wang; Qing Li,37,8,10.1109/tnnls.2026.3657499,https://doi.org/10.1109/tnnls.2026.3657499,article,IEEE Transactions on Neural Networks and Learning Systems,https://openalex.org/W7128809524
IEEE Transactions on Neural Networks and Learning Systems,IEEE,2026,2026-02-16,Neural-Adaptive Finite-Time Consensus Tracking of Singular Multiagent Systems With Actuator Attack,Xiaofan Liu; Yunyi Yan; Yongfang Xie; Xianxiang Wu,37,9,10.1109/tnnls.2026.3659079,https://doi.org/10.1109/tnnls.2026.3659079,article,IEEE Transactions on Neural Networks and Learning Systems,https://openalex.org/W7129055639
IEEE Transactions on Neural Networks and Learning Systems,IEEE,2026,2026-02-18,Dual-Teacher and Dual-Prompt Pool for Few-Shot Dialog State Tracking,Di Wu; yuheng li; Zhizhi Yu,37,9,10.1109/tnnls.2026.3659341,https://doi.org/10.1109/tnnls.2026.3659341,article,IEEE Transactions on Neural Networks and Learning Systems,https://openalex.org/W7130426006
IEEE Transactions on Neural Networks and Learning Systems,IEEE,2026,2026-02-18,Improved Spontaneous EEG Signal Decoding Efficiency by Function Predefined Convolutional Neural Network,Boxun Fu; Fu Li; Junkai Li; Youshuo Ji; Yang Li; Yinghui Quan; Liuxin Zhang; Guangming Shi,37,8,10.1109/tnnls.2026.3652882,https://doi.org/10.1109/tnnls.2026.3652882,article,IEEE Transactions on Neural Networks and Learning Systems,https://openalex.org/W7130344868
IEEE Transactions on Neural Networks and Learning Systems,IEEE,2026,2026-02-18,Unsupervised Deep Spectral Basis Learning for Generalized Eigendecomposition and Spectral Embedding,Diya Sun; Yuru Pei; Tianbing Wang,37,9,10.1109/tnnls.2026.3660929,https://doi.org/10.1109/tnnls.2026.3660929,article,IEEE Transactions on Neural Networks and Learning Systems,https://openalex.org/W7130393888
IEEE Transactions on Neural Networks and Learning Systems,IEEE,2026,2026-02-18,ZK-HybridFL: Zero-Knowledge Proof-Enhanced Hybrid Ledger for Federated Learning,Amirhossein Taherpour; Xiaodong Wang,37,9,10.1109/tnnls.2026.3658993,https://doi.org/10.1109/tnnls.2026.3658993,article,IEEE Transactions on Neural Networks and Learning Systems,https://openalex.org/W7130417135
IEEE Transactions on Neural Networks and Learning Systems,IEEE,2026,2026-02-19,Fine-Grained Analysis of Nonparametric Estimation for Pairwise Learning,Junyu Zhou; Shuo Huang; Feng Han; Puyu Wang; Ding-Xuan Zhou,37,9,10.1109/tnnls.2026.3661550,https://doi.org/10.1109/tnnls.2026.3661550,article,IEEE Transactions on Neural Networks and Learning Systems,https://openalex.org/W7130598776
IEEE Transactions on Neural Networks and Learning Systems,IEEE,2026,2026-02-19,TCPFMC: Trustworthy Cyclic Progressive Fusion for Multimodal Classification,A. G. Li; Dehua Miao; Tianyu Gao; Sanlin Mei; Fengwei Gu; Chen Chen; Aichen Wang; Haoyi Fan; Xinwang Liu,37,9,10.1109/tnnls.2026.3661974,https://doi.org/10.1109/tnnls.2026.3661974,article,IEEE Transactions on Neural Networks and Learning Systems,https://openalex.org/W7130555282
IEEE Transactions on Neural Networks and Learning Systems,IEEE,2026,2026-02-23,Beyond Subject-Specific Models in Dynamical Human--Machine Interaction: Benchmarking and Optimization Strategies,L. Manneschi; Matthew O. A. Ellis; Elisa Donati,37,9,10.1109/tnnls.2026.3662308,https://doi.org/10.1109/tnnls.2026.3662308,article,IEEE Transactions on Neural Networks and Learning Systems,https://openalex.org/W7131138038
IEEE Transactions on Neural Networks and Learning Systems,IEEE,2026,2026-02-24,Attention-Guided Low-Light Object Detection Based on Receptive Field With Adaptive Depth Convolution,Jing Zhao; Yuan Liu; Fei Xie; Laishou Song; Jie Ding,37,8,10.1109/tnnls.2026.3655151,https://doi.org/10.1109/tnnls.2026.3655151,article,IEEE Transactions on Neural Networks and Learning Systems,https://openalex.org/W7131302155
IEEE Transactions on Neural Networks and Learning Systems,IEEE,2026,2026-02-24,K-Free Dependence Bayesian Classifiers,Kexin Meng; Huan Zhang; Liangxiao JIANG; Pei Lv; Shuo He; Mingliang Xu,37,9,10.1109/tnnls.2026.3664196,https://doi.org/10.1109/tnnls.2026.3664196,article,IEEE Transactions on Neural Networks and Learning Systems,https://openalex.org/W7131281421
IEEE Transactions on Neural Networks and Learning Systems,IEEE,2026,2026-02-25,Cross-Image Federated Learning for Hyperspectral Image Classification,Zhenyu Li; Xiangrong Zhang; Lijing Zheng; Guanchun Wang; Licheng Jiao,37,8,10.1109/tnnls.2026.3655587,https://doi.org/10.1109/tnnls.2026.3655587,article,IEEE Transactions on Neural Networks and Learning Systems,https://openalex.org/W7131376716
IEEE Transactions on Neural Networks and Learning Systems,IEEE,2026,2026-02-25,Gauss--Newton Temporal Difference Learning With Nonlinear Function Approximation,Zhifa Ke; Junyu Zhang; ZaiWen Wen,37,9,10.1109/tnnls.2026.3661291,https://doi.org/10.1109/tnnls.2026.3661291,article,IEEE Transactions on Neural Networks and Learning Systems,https://openalex.org/W7131381952
IEEE Transactions on Neural Networks and Learning Systems,IEEE,2026,2026-02-25,Redundancy Removal and Knowledge Alignment-Based Personalized Federated Learning for Online Condition Monitoring,Jinsheng Ji; Hongqun Li; Kai Xian Lai; Yuanjin Zheng; Xudong Jiang,37,9,10.1109/tnnls.2026.3663653,https://doi.org/10.1109/tnnls.2026.3663653,article,IEEE Transactions on Neural Networks and Learning Systems,https://openalex.org/W7131412482
IEEE Transactions on Neural Networks and Learning Systems,IEEE,2026,2026-02-26,Robust Image-Based Visual Servoing Formation Control for Quadrotors Without Communication via Reinforcement Learning,Xinning Yi; Hao Liu; Haibin Duan; Biao Luo; Shan Zuo,37,9,10.1109/tnnls.2026.3665724,https://doi.org/10.1109/tnnls.2026.3665724,article,IEEE Transactions on Neural Networks and Learning Systems,https://openalex.org/W7131637138
IEEE Transactions on Neural Networks and Learning Systems,IEEE,2026,2026-02-26,Virtual Domain-Guided Cross-Modal Distillation With Multiview Correlation Awareness for Domain-Specific Multimodal Neural Machine Translation,Zhenyu Hou; Junjun Guo; Zhengtao Yu,37,8,10.1109/tnnls.2026.3656559,https://doi.org/10.1109/tnnls.2026.3656559,article,IEEE Transactions on Neural Networks and Learning Systems,https://openalex.org/W7131674629
IEEE Transactions on Neural Networks and Learning Systems,IEEE,2026,2026-02-27,Heuristic Knowledge-Driven Spatio-Temporal Forecasting via Multigraph,Xiao Xiao; Xuwu Xiang; Xinyue Yang; Zhiling Jin; Jing Xu; Shuo Wang; Guoqiang Mao; Wei Shao,37,8,10.1109/tnnls.2026.3656372,https://doi.org/10.1109/tnnls.2026.3656372,article,IEEE Transactions on Neural Networks and Learning Systems,https://openalex.org/W7131899668
IEEE Transactions on Neural Networks and Learning Systems,IEEE,2026,2026-02-27,NPSVC++: A Representation Learning Framework for Nonparallel Classifiers,Junhong Zhang; Zhihui Lai; Jie Zhou; Guangfei Liang,37,9,10.1109/tnnls.2026.3661343,https://doi.org/10.1109/tnnls.2026.3661343,article,IEEE Transactions on Neural Networks and Learning Systems,https://openalex.org/W7131863366
IEEE Transactions on Neural Networks and Learning Systems,IEEE,2026,2026-03-01,IEEE Computational Intelligence Society,,37,3,10.1109/tnnls.2026.3662217,https://doi.org/10.1109/tnnls.2026.3662217,article,IEEE Transactions on Neural Networks and Learning Systems,https://openalex.org/W7133183951
IEEE Transactions on Neural Networks and Learning Systems,IEEE,2026,2026-03-01,IEEE Transactions on Neural Networks and Learning Systems Information for Authors,,37,3,10.1109/tnnls.2026.3662219,https://doi.org/10.1109/tnnls.2026.3662219,paratext,IEEE Transactions on Neural Networks and Learning Systems,https://openalex.org/W7133190407
IEEE Transactions on Neural Networks and Learning Systems,IEEE,2026,2026-03-01,IEEE Transactions on Neural Networks and Learning Systems Publication Information,,37,3,10.1109/tnnls.2026.3662215,https://doi.org/10.1109/tnnls.2026.3662215,paratext,IEEE Transactions on Neural Networks and Learning Systems,https://openalex.org/W7133198698
IEEE Transactions on Neural Networks and Learning Systems,IEEE,2026,2026-03-01,Table of Contents,,37,3,10.1109/tnnls.2026.3662213,https://doi.org/10.1109/tnnls.2026.3662213,paratext,IEEE Transactions on Neural Networks and Learning Systems,https://openalex.org/W7133191867
IEEE Transactions on Neural Networks and Learning Systems,IEEE,2026,2026-03-03,Rethinking the Utilization of Individual Rewards in Multiagent Reinforcement Learning With Sparse Team Rewards,Yang Zhang; Yunjian Xu; Chengwei Zhang; Chao Wang; Zhihe Yang; Bo Tang; Edward Chung,37,9,10.1109/tnnls.2026.3658520,https://doi.org/10.1109/tnnls.2026.3658520,article,IEEE Transactions on Neural Networks and Learning Systems,https://openalex.org/W7133310300
IEEE Transactions on Neural Networks and Learning Systems,IEEE,2026,2026-03-04,DPIU: Dynamic Pedestrian Intention Understanding Through Cognitive Decision-Making,Jiaheng Xiao; Zhihui Li; Mingxin Wang; Yu Xie; Qin Ma; Xin Wang; Yu Sun,37,9,10.1109/tnnls.2026.3665567,https://doi.org/10.1109/tnnls.2026.3665567,article,IEEE Transactions on Neural Networks and Learning Systems,https://openalex.org/W7133499652
IEEE Transactions on Neural Networks and Learning Systems,IEEE,2026,2026-03-04,Fractional-Order Dynamics Learning and Control via Data-Driven Approaches: Taking Soft Manipulator as an Example,Xiangyu Shao; Linke Xu; Shaojie Zhang; Guanghui Sun; Chengwei Wu,37,9,10.1109/tnnls.2026.3665811,https://doi.org/10.1109/tnnls.2026.3665811,article,IEEE Transactions on Neural Networks and Learning Systems,https://openalex.org/W7133483202
IEEE Transactions on Neural Networks and Learning Systems,IEEE,2026,2026-03-04,PerC-SimAM-BLSTM: Position Perception Circular Convolution With Simple Attention Mechanism Based on BLSTM for Bundle Branch Block Detection,Jibin Wang; Bo Shi,37,9,10.1109/tnnls.2026.3665367,https://doi.org/10.1109/tnnls.2026.3665367,article,IEEE Transactions on Neural Networks and Learning Systems,https://openalex.org/W7133534986
IEEE Transactions on Neural Networks and Learning Systems,IEEE,2026,2026-03-06,GeNeX: Genetic Network eXperts Framework for Addressing Validation Overfitting,Emmanuel G. Pintelas; Ioannis E. Livieris,37,9,10.1109/tnnls.2026.3669867,https://doi.org/10.1109/tnnls.2026.3669867,article,IEEE Transactions on Neural Networks and Learning Systems,https://openalex.org/W7134138522
IEEE Transactions on Neural Networks and Learning Systems,IEEE,2026,2026-03-06,Global Polynomial Synchronization of Uncertain Complex-Valued Reaction--Diffusion T--S Fuzzy Memristive Neural Networks With Proportional Delays Under Adaptive Event-Triggered Control,Yuxian GUO; Liqun Zhou,37,9,10.1109/tnnls.2026.3668287,https://doi.org/10.1109/tnnls.2026.3668287,article,IEEE Transactions on Neural Networks and Learning Systems,https://openalex.org/W7134130362
IEEE Transactions on Neural Networks and Learning Systems,IEEE,2026,2026-03-06,Rederived Closed-Form Continuous-Time Neural Networks,Xingyu Liang; Siyi Zhou; Li'Ao Chen; Liguo Weng; Haifeng Lin; Yuxin Huang; Min Xia,37,9,10.1109/tnnls.2026.3669345,https://doi.org/10.1109/tnnls.2026.3669345,article,IEEE Transactions on Neural Networks and Learning Systems,https://openalex.org/W7134120730
IEEE Transactions on Neural Networks and Learning Systems,IEEE,2026,2026-03-10,A Neural-Network-Assisted Approach to Recursive State Estimation for Energy Harvesting Complex Networks With Unknown Nonlinearities,Yuhan Zhang; Zidong Wang; Lei Zou; Junping Du; Shuang‐Hua Yang,37,9,10.1109/tnnls.2026.3669864,https://doi.org/10.1109/tnnls.2026.3669864,article,IEEE Transactions on Neural Networks and Learning Systems,https://openalex.org/W7134888936
IEEE Transactions on Neural Networks and Learning Systems,IEEE,2026,2026-03-10,A Push-Pull Network Mechanism Revealed by Describing Function Analysis for Alzheimer's Pathological Oscillations,Chen Liu; Wenjing Li; Shuai Wang; Jiang Wang; Jixuan Wang; Hao Wu; Kenneth A. Loparo; Chris Fietkiewicz,37,9,10.1109/tnnls.2026.3666557,https://doi.org/10.1109/tnnls.2026.3666557,article,IEEE Transactions on Neural Networks and Learning Systems,https://openalex.org/W7134901856
IEEE Transactions on Neural Networks and Learning Systems,IEEE,2026,2026-03-10,Coupled Impulsive Control for Multisynchronization of Multistable Stochastic Neural Networks Under Parameter Uncertainties,Xuemei Li; Song Zhu; Zhen Zhang; Weiwei Luo; Shiping Wen,37,9,10.1109/tnnls.2026.3669910,https://doi.org/10.1109/tnnls.2026.3669910,article,IEEE Transactions on Neural Networks and Learning Systems,https://openalex.org/W7134956456
IEEE Transactions on Neural Networks and Learning Systems,IEEE,2026,2026-03-10,Focus on Your Focus (FOYF): Cross-Domain Few-Shot Semantic Segmentation by Attention Specialization,Jiaming Xu; Zegeng Wei; Zhifu Huang; Ge Ma; Yu Liu,37,9,10.1109/tnnls.2026.3669921,https://doi.org/10.1109/tnnls.2026.3669921,article,IEEE Transactions on Neural Networks and Learning Systems,https://openalex.org/W7134963738
IEEE Transactions on Neural Networks and Learning Systems,IEEE,2026,2026-03-10,Fortifying Robustness in Graph Neural Networks: A Loss Correction Approach to Mitigate Label Noise,I-Chung Hsieh; Cheng-Te Li,37,9,10.1109/tnnls.2026.3661886,https://doi.org/10.1109/tnnls.2026.3661886,article,IEEE Transactions on Neural Networks and Learning Systems,https://openalex.org/W7134958319
IEEE Transactions on Neural Networks and Learning Systems,IEEE,2026,2026-03-10,Multiscale Switch for Semi-Supervised and Contrastive Learning in Medical Ultrasound Image Segmentation,Jingguo Qu; Xinyang Han; Yao Pu; Man-Lik Chui; Simon Takadiyi Gunda; Ziman Chen; Jing Qin; P. King; W. Chu; Jing Cai; Prof. Michael Tin-Cheung Ying,37,9,10.1109/tnnls.2026.3669814,https://doi.org/10.1109/tnnls.2026.3669814,article,IEEE Transactions on Neural Networks and Learning Systems,https://openalex.org/W7134960290
IEEE Transactions on Neural Networks and Learning Systems,IEEE,2026,2026-03-11,Novel Meta Mode-Adaptive Multihead Attention for Multimode Industrial Process Soft Sensing,Yan-Lin He; Yingbo Zhao; Yuan Xu; Qun-Xiong Zhu; Peng-Fei Wang,37,9,10.1109/tnnls.2026.3670848,https://doi.org/10.1109/tnnls.2026.3670848,article,IEEE Transactions on Neural Networks and Learning Systems,https://openalex.org/W7135099419
IEEE Transactions on Neural Networks and Learning Systems,IEEE,2026,2026-03-12,A Deep Learning Approach for Dynamic Modeling of Stimulated Raman Scattering in Chalcogenide Microstructured Optical Fibers,Jun Hui Fu; Yupeng Liu; Qi Wang; Meiting Pan; Tonglei Cheng,37,9,10.1109/tnnls.2026.3670396,https://doi.org/10.1109/tnnls.2026.3670396,article,IEEE Transactions on Neural Networks and Learning Systems,https://openalex.org/W7135066973
IEEE Transactions on Neural Networks and Learning Systems,IEEE,2026,2026-03-12,Bilateral Sharpness-Aware Minimization for Flatter Minima,Jiaxin Deng; Junbiao Pang; Baochang Zhang; Qingming Huang,37,9,10.1109/tnnls.2026.3671361,https://doi.org/10.1109/tnnls.2026.3671361,article,IEEE Transactions on Neural Networks and Learning Systems,https://openalex.org/W7135090622
IEEE Transactions on Neural Networks and Learning Systems,IEEE,2026,2026-03-12,Deterministic Learning-Based Fault Identification for Nonlinear Sampled-Data Systems: Learning Accuracy Analysis,L. Chen; JiaJue He; Jingtao Hu; Cong Wang,37,9,10.1109/tnnls.2026.3671326,https://doi.org/10.1109/tnnls.2026.3671326,article,IEEE Transactions on Neural Networks and Learning Systems,https://openalex.org/W7135130877
IEEE Transactions on Neural Networks and Learning Systems,IEEE,2026,2026-03-12,Topology-Optimal Multiple Gossip Steps for Decentralized Federated Learning via Gossip Tensor,Yan Zhong; Lei Ma; Xiaomeng Yan,37,9,10.1109/tnnls.2026.3670013,https://doi.org/10.1109/tnnls.2026.3670013,article,IEEE Transactions on Neural Networks and Learning Systems,https://openalex.org/W7135082544
IEEE Transactions on Neural Networks and Learning Systems,IEEE,2026,2026-03-13,An Enhanced Low-Computational-Complexity Predefined-Time Convergent Zeroing Neural Network for Constrained Time-Varying Quadratic Programming With Kinematic Control of Robotic Manipulator,Junpei Yang; Zhan Li; Weibing Li,37,9,10.1109/tnnls.2026.3672118,https://doi.org/10.1109/tnnls.2026.3672118,article,IEEE Transactions on Neural Networks and Learning Systems,https://openalex.org/W7135170362
IEEE Transactions on Neural Networks and Learning Systems,IEEE,2026,2026-03-13,Robust Reinforcement Learning via Leveraging Historically Optimal Policy With Regulation of Performance,Qinglong Chen; Fei Zhu,37,9,10.1109/tnnls.2026.3670947,https://doi.org/10.1109/tnnls.2026.3670947,article,IEEE Transactions on Neural Networks and Learning Systems,https://openalex.org/W7135211766
IEEE Transactions on Neural Networks and Learning Systems,IEEE,2026,2026-03-13,Spatiotemporal Decoupled Learning for Spiking Neural Networks,Chenxiang Ma; Xinyi Chen; Kay Chen Tan; J. S. Wu,37,9,10.1109/tnnls.2026.3671461,https://doi.org/10.1109/tnnls.2026.3671461,article,IEEE Transactions on Neural Networks and Learning Systems,https://openalex.org/W7135224915
IEEE Transactions on Neural Networks and Learning Systems,IEEE,2026,2026-03-16,CIRCUS: A Causal Intervention-Based Framework for Enhancing Counterfactual Fairness in Trained Classifiers,Qifen Yang; Yuhui Deng; Jiande Huang; Lijuan Lu; Peng Zhou; Geyong Min,37,9,10.1109/tnnls.2026.3670269,https://doi.org/10.1109/tnnls.2026.3670269,article,IEEE Transactions on Neural Networks and Learning Systems,https://openalex.org/W7137231072
IEEE Transactions on Neural Networks and Learning Systems,IEEE,2026,2026-03-16,Policy-Adjustable Q-Learning for Data-Driven Nonlinear Optimal Tracking Control,Jiaoyuan Chen; Dawei Gong; Yuyang Zhao; Shijie Song; M. H. Zhu,37,9,10.1109/tnnls.2026.3672136,https://doi.org/10.1109/tnnls.2026.3672136,article,IEEE Transactions on Neural Networks and Learning Systems,https://openalex.org/W7137345552
IEEE Transactions on Neural Networks and Learning Systems,IEEE,2026,2026-03-17,Adaptive Niching-Based Gradient-Accelerated Differential Evolution for High-Dimensional Nonconvex Optimization,Qi Yu; Xijun Liang; Jinmeng Liu; Pu Tian; Ling Jian,37,9,10.1109/tnnls.2026.3671634,https://doi.org/10.1109/tnnls.2026.3671634,article,IEEE Transactions on Neural Networks and Learning Systems,https://openalex.org/W7137801993
IEEE Transactions on Neural Networks and Learning Systems,IEEE,2026,2026-03-17,CoreKD: A Context-Aware Local Region Structural Contrastive Knowledge Distillation Framework for Object Detection,Junfei Yi; Jianxu Mao; Yaonan Wang; Tengfei Liu; Mingjie Li; Kai Zeng; Hui Zhang; Xiaojun Chang,37,9,10.1109/tnnls.2026.3672967,https://doi.org/10.1109/tnnls.2026.3672967,article,IEEE Transactions on Neural Networks and Learning Systems,https://openalex.org/W7138020964
IEEE Transactions on Neural Networks and Learning Systems,IEEE,2026,2026-03-17,Enhancing Stability of Probabilistic Model-Based Reinforcement Learning by Adaptive Noise Filtering,Wenjun Huang; X. Yue; Yidong Chen; Tianfu Sun; Yunduan Cui,37,9,10.1109/tnnls.2026.3672453,https://doi.org/10.1109/tnnls.2026.3672453,article,IEEE Transactions on Neural Networks and Learning Systems,https://openalex.org/W7138289035
IEEE Transactions on Neural Networks and Learning Systems,IEEE,2026,2026-03-17,Prompt Then Refine: Prompt-Free SAM-Enhanced Collaborative Learning Network for Detecting Salient Objects in Underwater Images,Wujie Zhou; Beibei Tang; Xiena Dong; Fangfang Qiang,37,9,10.1109/tnnls.2026.3673090,https://doi.org/10.1109/tnnls.2026.3673090,article,IEEE Transactions on Neural Networks and Learning Systems,https://openalex.org/W7138399400
IEEE Transactions on Neural Networks and Learning Systems,IEEE,2026,2026-03-17,Rethinking Spectral Graph Neural Networks With Spatially Adaptive Filtering,Jingwei Guo; Kaizhu Huang; Xinping Yi; Zixian Su; Rui Zhang,37,9,10.1109/tnnls.2026.3673098,https://doi.org/10.1109/tnnls.2026.3673098,article,IEEE Transactions on Neural Networks and Learning Systems,https://openalex.org/W7138407777
IEEE Transactions on Neural Networks and Learning Systems,IEEE,2026,2026-03-18,Sparse Variational Student-t Processes for Heavy-Tailed Modeling,Jian Xu; Delu Zeng; John William Paisley,37,9,10.1109/tnnls.2026.3673350,https://doi.org/10.1109/tnnls.2026.3673350,article,IEEE Transactions on Neural Networks and Learning Systems,https://openalex.org/W7138934545
IEEE Transactions on Neural Networks and Learning Systems,IEEE,2026,2026-03-19,Learning From M -Tuple One-vs-All Confidence Comparison Data,Jiahe Qin; Junpeng Li; Changchun Hua; Yana Yang,37,9,10.1109/tnnls.2026.3673280,https://doi.org/10.1109/tnnls.2026.3673280,article,IEEE Transactions on Neural Networks and Learning Systems,https://openalex.org/W7138871207
IEEE Transactions on Neural Networks and Learning Systems,IEEE,2026,2026-03-20,Accelerated Reinforcement Learning With Verifiable Excitation for Cubic Convergence,Jiacheng Wu; Changyun Wen; Yang Zhu,37,9,10.1109/tnnls.2026.3674477,https://doi.org/10.1109/tnnls.2026.3674477,article,IEEE Transactions on Neural Networks and Learning Systems,https://openalex.org/W7139936821
IEEE Transactions on Neural Networks and Learning Systems,IEEE,2026,2026-03-20,Learning Optimal Policies With Local Observations for Cooperative Multiagent Reinforcement Learning,He Kong; Qianli Xing; Qi Wang; Hechang Chen; Runliang Niu; Zhiyi Duan; Shiqi Wang; Yi Chang; Irwin King,37,9,10.1109/tnnls.2026.3673692,https://doi.org/10.1109/tnnls.2026.3673692,article,IEEE Transactions on Neural Networks and Learning Systems,https://openalex.org/W7139921036
IEEE Transactions on Neural Networks and Learning Systems,IEEE,2026,2026-03-20,Seeing What Few-Shot Learners See: Contrastive Cross-Class Attribution for Explainability,Lingfeng Chen; Panhe Hu; Zhen Liu,37,9,10.1109/tnnls.2026.3672242,https://doi.org/10.1109/tnnls.2026.3672242,article,IEEE Transactions on Neural Networks and Learning Systems,https://openalex.org/W7139949913
IEEE Transactions on Neural Networks and Learning Systems,IEEE,2026,2026-03-23,Incomplete Multimodal Federated Learning via Masking and Contrasting Prototypes,Guangyin Bao; Qi Zhang; Duoqian Miao; Zixuan Gong; Chaochao Chen; Liang Hu; Longbing Cao,37,9,10.1109/tnnls.2026.3658522,https://doi.org/10.1109/tnnls.2026.3658522,article,IEEE Transactions on Neural Networks and Learning Systems,https://openalex.org/W7140091381
IEEE Transactions on Neural Networks and Learning Systems,IEEE,2026,2026-03-23,TSFA: A Two-Stage Feature Alignment Method for Unsupervised Open-Set Domain Adaptation in Time-Series Classification,Qingchen Wang; Dazhong Ma; Lishan Zhang; Zhiqiang Tian; Shaoyi Du,37,9,10.1109/tnnls.2026.3669519,https://doi.org/10.1109/tnnls.2026.3669519,article,IEEE Transactions on Neural Networks and Learning Systems,https://openalex.org/W7140089931
IEEE Transactions on Neural Networks and Learning Systems,IEEE,2026,2026-03-24,Differentially Private Accelerated Distributed Algorithm for Aggregative Optimization,Bing Liu; Dongxing Li; Li Chai,37,9,10.1109/tnnls.2026.3674758,https://doi.org/10.1109/tnnls.2026.3674758,article,IEEE Transactions on Neural Networks and Learning Systems,https://openalex.org/W7140235746
IEEE Transactions on Neural Networks and Learning Systems,IEEE,2026,2026-03-24,Multiobjective Simulated Annealing-Based Stopwords Substitution for Rubbish Text Attack,Chang Li; Xinghao Yang; Ao Wang; Yongshun Gong; Baodi Liu; Weifeng Liu,37,9,10.1109/tnnls.2026.3675368,https://doi.org/10.1109/tnnls.2026.3675368,article,IEEE Transactions on Neural Networks and Learning Systems,https://openalex.org/W7140178193
IEEE Transactions on Neural Networks and Learning Systems,IEEE,2026,2026-03-25,Anti-Disturbance Proximal Neural Networks for Composite Resource Allocation,Linhua Luan; Shuai Qi; Sitian Qin,37,9,10.1109/tnnls.2026.3675092,https://doi.org/10.1109/tnnls.2026.3675092,article,IEEE Transactions on Neural Networks and Learning Systems,https://openalex.org/W7140275557
IEEE Transactions on Neural Networks and Learning Systems,IEEE,2026,2026-03-26,Recent Advances of Multimodal Continual Learning: A Comprehensive Survey,Dianzhi Yu; Xinni Zhang; Yankai Chen; Aiwei Liu; Yifei Zhang; Philip S. Yu; Irwin King,37,9,10.1109/tnnls.2026.3658485,https://doi.org/10.1109/tnnls.2026.3658485,article,IEEE Transactions on Neural Networks and Learning Systems,https://openalex.org/W7140396222
IEEE Transactions on Neural Networks and Learning Systems,IEEE,2026,2026-03-26,Toward Robust End-to-End Delay Prediction: A GNN Approach With Routing-Aware Attention and Masked Subgraph Sampling,Zichen Wang; Yiqi Chen; Dongwei Liu; Huile Wang; Yusong Zhou; Weiping Zheng,37,9,10.1109/tnnls.2026.3670186,https://doi.org/10.1109/tnnls.2026.3670186,article,IEEE Transactions on Neural Networks and Learning Systems,https://openalex.org/W7140509149
IEEE Transactions on Neural Networks and Learning Systems,IEEE,2026,2026-03-27,Fusion of Supervised Feature Selection and Unsupervised Clustering for Multinuclei Classification of MER Signals in DBS for Parkinson's Disease,Xiang Lu; Xuexin Du; Peng Lun; Yande Ren,37,9,10.1109/tnnls.2026.3675818,https://doi.org/10.1109/tnnls.2026.3675818,article,IEEE Transactions on Neural Networks and Learning Systems,https://openalex.org/W7141221357
IEEE Transactions on Neural Networks and Learning Systems,IEEE,2026,2026-03-30,Semantic Prompt and Graph-Convolution-Structure Distillation Framework for Semantic Segmentation of Remote Sensing Images,Wujie Zhou; Jin Xie; Caie Xu,37,9,10.1109/tnnls.2026.3675381,https://doi.org/10.1109/tnnls.2026.3675381,article,IEEE Transactions on Neural Networks and Learning Systems,https://openalex.org/W7143476281
IEEE Transactions on Neural Networks and Learning Systems,IEEE,2026,2026-04-01,Corrections to “Incremental Learning for Defect Segmentation With Efficient Transformer Semantic Complement”,Xiqi Li; Zhifu Huang; Ge Ma; Yu Liu,37,4,10.1109/tnnls.2026.3664605,https://doi.org/10.1109/tnnls.2026.3664605,erratum,IEEE Transactions on Neural Networks and Learning Systems,https://openalex.org/W7150756515
IEEE Transactions on Neural Networks and Learning Systems,IEEE,2026,2026-04-01,IEEE Computational Intelligence Society,,37,4,10.1109/tnnls.2026.3666324,https://doi.org/10.1109/tnnls.2026.3666324,article,IEEE Transactions on Neural Networks and Learning Systems,https://openalex.org/W7150936100
IEEE Transactions on Neural Networks and Learning Systems,IEEE,2026,2026-04-01,IEEE Transactions on Neural Networks and Learning Systems Information for Authors,,37,4,10.1109/tnnls.2026.3666326,https://doi.org/10.1109/tnnls.2026.3666326,paratext,IEEE Transactions on Neural Networks and Learning Systems,https://openalex.org/W7150790396
IEEE Transactions on Neural Networks and Learning Systems,IEEE,2026,2026-04-01,IEEE Transactions on Neural Networks and Learning Systems Publication Information,,37,4,10.1109/tnnls.2026.3666322,https://doi.org/10.1109/tnnls.2026.3666322,paratext,IEEE Transactions on Neural Networks and Learning Systems,https://openalex.org/W7151047523
IEEE Transactions on Neural Networks and Learning Systems,IEEE,2026,2026-04-01,Multi-Agent Explainable Trading System (MAETS): A Cooperative Deep Reinforcement Learning Framework for Transparent and Risk-Aware Automated Portfolio Management,Mayur Chaudhari,,,10.5281/zenodo.19364264,https://doi.org/10.5281/zenodo.19364264,article,IEEE Transactions on Neural Networks and Learning Systems,https://openalex.org/W7147238060
IEEE Transactions on Neural Networks and Learning Systems,IEEE,2026,2026-04-01,Multi-Agent Explainable Trading System (MAETS): A Cooperative Deep Reinforcement Learning Framework for Transparent and Risk-Aware Automated Portfolio Management,Mayur Chaudhari,,,10.5281/zenodo.19364263,https://doi.org/10.5281/zenodo.19364263,article,IEEE Transactions on Neural Networks and Learning Systems,https://openalex.org/W7147609785
IEEE Transactions on Neural Networks and Learning Systems,IEEE,2026,2026-04-01,Table of Contents,,37,4,10.1109/tnnls.2026.3666320,https://doi.org/10.1109/tnnls.2026.3666320,paratext,IEEE Transactions on Neural Networks and Learning Systems,https://openalex.org/W7150922902
IEEE Transactions on Neural Networks and Learning Systems,IEEE,2026,2026-04-03,Evaluating Large Language Models on Named Entity Recognition,Bin Ji; Huijun Liu; Shasha Li; Jun Ma; Jie Yu; See-Kiong Ng,37,6,10.1109/tnnls.2025.3636917,https://doi.org/10.1109/tnnls.2025.3636917,article,IEEE Transactions on Neural Networks and Learning Systems,https://openalex.org/W7149012941
IEEE Transactions on Neural Networks and Learning Systems,IEEE,2026,2026-04-03,Rethinking Topic Modeling With Information Bottleneck Principle,Zhibin Duan; Xinyue Hu; Bo Chen; Chaojie Wang; Xuefei Cao; Fei Meng; Mingyuan Zhou,37,7,10.1109/tnnls.2025.3644425,https://doi.org/10.1109/tnnls.2025.3644425,article,IEEE Transactions on Neural Networks and Learning Systems,https://openalex.org/W7148698248
IEEE Transactions on Neural Networks and Learning Systems,IEEE,2026,2026-04-06,ITS-ShipFormer: An Informative Token Selection Former for SAR Ship Recognition,Yuanzhe Shang; Wei Pu; Congwen Wu; Yulin Huang; Yin Zhang; Junjie Wu; Jianyu Yang; Jianqi Wu,37,9,10.1109/tnnls.2026.3661083,https://doi.org/10.1109/tnnls.2026.3661083,article,IEEE Transactions on Neural Networks and Learning Systems,https://openalex.org/W7150908653
IEEE Transactions on Neural Networks and Learning Systems,IEEE,2026,2026-04-07,Hybrid Convolution Reparameterization for Efficient Deep Learning-Based Nonprecipitation Echo Recognition and Removal,Jianwei Si; Lei Han; Lejian Zhang; Chuanxin Li,37,9,10.1109/tnnls.2026.3675666,https://doi.org/10.1109/tnnls.2026.3675666,article,IEEE Transactions on Neural Networks and Learning Systems,https://openalex.org/W7151344535
IEEE Transactions on Neural Networks and Learning Systems,IEEE,2026,2026-04-07,TopoCL: Topological Contrastive Learning for Time Series,Nam-Woo Kim; Hyungryul Baik; Yoonjin Yoon,37,9,10.1109/tnnls.2026.3675422,https://doi.org/10.1109/tnnls.2026.3675422,article,IEEE Transactions on Neural Networks and Learning Systems,https://openalex.org/W4407212696
IEEE Transactions on Neural Networks and Learning Systems,IEEE,2026,2026-04-08,Bridging Distribution Gaps in Time Series Foundation Model Pretraining With Prototype-Guided Normalization,Peiliang Gong; Emadeldeen Eldele; Min Wu; Zhenghua Chen; Xiaoli Li; Daoqiang Zhang,37,9,10.1109/tnnls.2026.3673975,https://doi.org/10.1109/tnnls.2026.3673975,article,IEEE Transactions on Neural Networks and Learning Systems,https://openalex.org/W4416054057
IEEE Transactions on Neural Networks and Learning Systems,IEEE,2026,2026-04-09,Multistage PCA Whitening: A Robust Method to Dimensionality Reduction in Image Retrieval,Bo-Jian Zhang; Guanghai Liu; Zuoyong Li; Shuxiang Song,37,9,10.1109/tnnls.2026.3669538,https://doi.org/10.1109/tnnls.2026.3669538,article,IEEE Transactions on Neural Networks and Learning Systems,https://openalex.org/W7152406200
IEEE Transactions on Neural Networks and Learning Systems,IEEE,2026,2026-04-09,When Optimal Transport Meets Photo-Realistic Image Dehazing With Unpaired Training,Yuanbo Wen; Tao Gao; Shan Liang; Dena Zhang; Ziqi Li; Jing Qin; Ting Chen,37,9,10.1109/tnnls.2026.3673760,https://doi.org/10.1109/tnnls.2026.3673760,article,IEEE Transactions on Neural Networks and Learning Systems,https://openalex.org/W7152701423
IEEE Transactions on Neural Networks and Learning Systems,IEEE,2026,2026-04-28,A Survey on Vision--Language--Action Models for Embodied AI,Yueen Ma; Zixing Song; Yuzheng Zhuang; Jianye Hao; Irwin King,37,7,10.1109/tnnls.2025.3650584,https://doi.org/10.1109/tnnls.2025.3650584,article,IEEE Transactions on Neural Networks and Learning Systems,https://openalex.org/W4398796510
IEEE Transactions on Neural Networks and Learning Systems,IEEE,2026,2026-05-01,Corrections to “Learning From M-Tuple One-vs-All Confidence Comparison Data”,Jiahe Qin; Junpeng Li; Changchun Hua; Yana Yang,37,5,10.1109/tnnls.2026.3679244,https://doi.org/10.1109/tnnls.2026.3679244,erratum,IEEE Transactions on Neural Networks and Learning Systems,https://openalex.org/W7160283793
IEEE Transactions on Neural Networks and Learning Systems,IEEE,2026,2026-05-01,IEEE Computational Intelligence Society,,37,5,10.1109/tnnls.2026.3682064,https://doi.org/10.1109/tnnls.2026.3682064,article,IEEE Transactions on Neural Networks and Learning Systems,https://openalex.org/W7160164719
IEEE Transactions on Neural Networks and Learning Systems,IEEE,2026,2026-05-01,IEEE Transactions on Neural Networks and Learning Systems Information for Authors,,37,5,10.1109/tnnls.2026.3682066,https://doi.org/10.1109/tnnls.2026.3682066,paratext,IEEE Transactions on Neural Networks and Learning Systems,https://openalex.org/W7160253830
IEEE Transactions on Neural Networks and Learning Systems,IEEE,2026,2026-05-01,IEEE Transactions on Neural Networks and Learning Systems Publication Information,,37,5,10.1109/tnnls.2026.3682061,https://doi.org/10.1109/tnnls.2026.3682061,paratext,IEEE Transactions on Neural Networks and Learning Systems,https://openalex.org/W7160267911
IEEE Transactions on Neural Networks and Learning Systems,IEEE,2026,2026-05-01,Table of Contents,,37,5,10.1109/tnnls.2026.3682059,https://doi.org/10.1109/tnnls.2026.3682059,paratext,IEEE Transactions on Neural Networks and Learning Systems,https://openalex.org/W7160315458
IEEE Transactions on Neural Networks and Learning Systems,IEEE,2026,2026-06-01,IEEE Computational Intelligence Society,,37,6,10.1109/tnnls.2026.3691514,https://doi.org/10.1109/tnnls.2026.3691514,article,IEEE Transactions on Neural Networks and Learning Systems,https://openalex.org/W7163404438
IEEE Transactions on Neural Networks and Learning Systems,IEEE,2026,2026-06-01,IEEE Transactions on Neural Networks and Learning Systems Information for Authors,,37,6,10.1109/tnnls.2026.3691516,https://doi.org/10.1109/tnnls.2026.3691516,paratext,IEEE Transactions on Neural Networks and Learning Systems,https://openalex.org/W7163356721
IEEE Transactions on Neural Networks and Learning Systems,IEEE,2026,2026-06-01,IEEE Transactions on Neural Networks and Learning Systems Publication Information,,37,6,10.1109/tnnls.2026.3691512,https://doi.org/10.1109/tnnls.2026.3691512,paratext,IEEE Transactions on Neural Networks and Learning Systems,https://openalex.org/W7163355449
IEEE Transactions on Neural Networks and Learning Systems,IEEE,2026,2026-06-01,Table of Contents,,37,6,10.1109/tnnls.2026.3691510,https://doi.org/10.1109/tnnls.2026.3691510,paratext,IEEE Transactions on Neural Networks and Learning Systems,https://openalex.org/W7163317281
IEEE Transactions on Neural Networks and Learning Systems,IEEE,2026,2026-06-15,Benefiting From OOD Samples in Open-Set Semi-Supervised Object Detection,Yiqi Zou; Kuo Wang; Jichang Li; Chuan Wang; Shuangyin Liu; Liang Lin; Guanbin Li,37,9,10.1109/tnnls.2026.3659534,https://doi.org/10.1109/tnnls.2026.3659534,article,IEEE Transactions on Neural Networks and Learning Systems,https://openalex.org/W7164860695
IEEE Transactions on Neural Networks and Learning Systems,IEEE,2026,2026-07-01,"Corrections to “A Fully Data-Driven Value Iteration for Stochastic LQR: Convergence, Robustness, and Stability”",Leilei Cui; Zhong‐Ping Jiang; Petter N. Kolm; Grégoire G. Macqueron,37,7,10.1109/tnnls.2026.3691521,https://doi.org/10.1109/tnnls.2026.3691521,erratum,IEEE Transactions on Neural Networks and Learning Systems,https://openalex.org/W7167839379
IEEE Transactions on Neural Networks and Learning Systems,IEEE,2026,2026-07-01,IEEE Computational Intelligence Society,,37,7,10.1109/tnnls.2026.3699054,https://doi.org/10.1109/tnnls.2026.3699054,article,IEEE Transactions on Neural Networks and Learning Systems,https://openalex.org/W7167719872
IEEE Transactions on Neural Networks and Learning Systems,IEEE,2026,2026-07-01,IEEE Transactions on Neural Networks and Learning Systems Information for Authors,,37,7,10.1109/tnnls.2026.3699056,https://doi.org/10.1109/tnnls.2026.3699056,paratext,IEEE Transactions on Neural Networks and Learning Systems,https://openalex.org/W7167700413
IEEE Transactions on Neural Networks and Learning Systems,IEEE,2026,2026-07-01,IEEE Transactions on Neural Networks and Learning Systems Publication Information,,37,7,10.1109/tnnls.2026.3699052,https://doi.org/10.1109/tnnls.2026.3699052,paratext,IEEE Transactions on Neural Networks and Learning Systems,https://openalex.org/W7167737417
IEEE Transactions on Neural Networks and Learning Systems,IEEE,2026,2026-07-01,Table of Contents,,37,7,10.1109/tnnls.2026.3699050,https://doi.org/10.1109/tnnls.2026.3699050,paratext,IEEE Transactions on Neural Networks and Learning Systems,https://openalex.org/W7167691722
IEEE Transactions on Neural Networks and Learning Systems,IEEE,2026,2026-08-01,IEEE Computational Intelligence Society,,37,8,10.1109/tnnls.2026.3712788,https://doi.org/10.1109/tnnls.2026.3712788,article,IEEE Transactions on Neural Networks and Learning Systems,https://openalex.org/W7172537095
IEEE Transactions on Neural Networks and Learning Systems,IEEE,2026,2026-08-01,IEEE Transactions on Neural Networks and Learning Systems Information for Authors,,37,8,10.1109/tnnls.2026.3712786,https://doi.org/10.1109/tnnls.2026.3712786,paratext,IEEE Transactions on Neural Networks and Learning Systems,https://openalex.org/W7172534065
IEEE Transactions on Neural Networks and Learning Systems,IEEE,2026,2026-08-01,IEEE Transactions on Neural Networks and Learning Systems Publication Information,,37,8,10.1109/tnnls.2026.3712790,https://doi.org/10.1109/tnnls.2026.3712790,paratext,IEEE Transactions on Neural Networks and Learning Systems,https://openalex.org/W7172511249
IEEE Transactions on Neural Networks and Learning Systems,IEEE,2026,2026-08-01,Table of Contents,,37,8,10.1109/tnnls.2026.3712792,https://doi.org/10.1109/tnnls.2026.3712792,paratext,IEEE Transactions on Neural Networks and Learning Systems,https://openalex.org/W7172533836
IEEE Transactions on Neural Networks and Learning Systems,IEEE,2026,2026-09-01,IEEE Computational Intelligence Society,,37,9,10.1109/tnnls.2026.3723916,https://doi.org/10.1109/tnnls.2026.3723916,article,IEEE Transactions on Neural Networks and Learning Systems,https://openalex.org/W7206162369
IEEE Transactions on Neural Networks and Learning Systems,IEEE,2026,2026-09-01,IEEE Transactions on Neural Networks and Learning Systems Information for Authors,,37,9,10.1109/tnnls.2026.3723918,https://doi.org/10.1109/tnnls.2026.3723918,paratext,IEEE Transactions on Neural Networks and Learning Systems,https://openalex.org/W7206211581
IEEE Transactions on Neural Networks and Learning Systems,IEEE,2026,2026-09-01,IEEE Transactions on Neural Networks and Learning Systems Publication Information,,37,9,10.1109/tnnls.2026.3723914,https://doi.org/10.1109/tnnls.2026.3723914,paratext,IEEE Transactions on Neural Networks and Learning Systems,https://openalex.org/W7206207035
IEEE Transactions on Neural Networks and Learning Systems,IEEE,2026,2026-09-01,Table of Contents,,37,9,10.1109/tnnls.2026.3723912,https://doi.org/10.1109/tnnls.2026.3723912,paratext,IEEE Transactions on Neural Networks and Learning Systems,https://openalex.org/W7206202967
