journal,publisher_family,year,publication_date,title,authors,volume,issue,doi,article_url,article_type,source_container_title,openalex_id
"IEEE Transactions on Systems, Man, and Cybernetics: Systems",IEEE,2025,2025-01-01,A Bi-Population Cooperative Discrete Differential Evolution for Multiobjective Energy-Efficient Distributed Blocking Flow Shop Scheduling Problem,Yong Wang; Haojie Jin; Gai‐Ge Wang; Ling Wang,55,3,10.1109/tsmc.2024.3520320,https://doi.org/10.1109/tsmc.2024.3520320,article,IEEE Transactions on Systems Man and Cybernetics Systems,https://openalex.org/W4405968093
"IEEE Transactions on Systems, Man, and Cybernetics: Systems",IEEE,2025,2025-01-01,A Local Knowledge Transfer-Based Evolutionary Algorithm for Constrained Multitask Optimization,Xuanxuan Ban; Jing Liang; Kunjie Yu; Yaonan Wang; Kangjia Qiao; Jinzhu Peng; Dunwei Gong; Canyun Dai,55,3,10.1109/tsmc.2024.3520322,https://doi.org/10.1109/tsmc.2024.3520322,article,IEEE Transactions on Systems Man and Cybernetics Systems,https://openalex.org/W4405968080
"IEEE Transactions on Systems, Man, and Cybernetics: Systems",IEEE,2025,2025-01-01,A Trust Incentive Driven Feedback Mechanism With Risk Attitude for Group Consensus in Social Networks,Feixia Ji; Jian Wu; Francisco Chiclana; Qi Sun; Enrique Herrera‐Viedma,55,3,10.1109/tsmc.2024.3519510,https://doi.org/10.1109/tsmc.2024.3519510,article,IEEE Transactions on Systems Man and Cybernetics Systems,https://openalex.org/W4405974841
"IEEE Transactions on Systems, Man, and Cybernetics: Systems",IEEE,2025,2025-01-01,Adaptive Exponential Consensus With Cooperative Exponential Parameter Identification Over Leaderless Directed Graphs,Dongdong Yue; Simone Baldi; Jinde Cao; Ling Shi,55,3,10.1109/tsmc.2024.3520586,https://doi.org/10.1109/tsmc.2024.3520586,article,IEEE Transactions on Systems Man and Cybernetics Systems,https://openalex.org/W4405974826
"IEEE Transactions on Systems, Man, and Cybernetics: Systems",IEEE,2025,2025-01-01,Adaptive Sliding Mode Control Based on Time-Delay Estimation for Underactuated 7-DOF Tower Crane,Gang Li; Xin Ma; Yibin Li,55,3,10.1109/tsmc.2024.3520174,https://doi.org/10.1109/tsmc.2024.3520174,article,IEEE Transactions on Systems Man and Cybernetics Systems,https://openalex.org/W4405968100
"IEEE Transactions on Systems, Man, and Cybernetics: Systems",IEEE,2025,2025-01-01,Fuzzy Optimal Event-Triggered Control for Dynamic Positioning of Unmanned Surface Vehicle,Wenting Song; Yi Zuo; Shaocheng Tong,55,3,10.1109/tsmc.2024.3520600,https://doi.org/10.1109/tsmc.2024.3520600,article,IEEE Transactions on Systems Man and Cybernetics Systems,https://openalex.org/W4405968084
"IEEE Transactions on Systems, Man, and Cybernetics: Systems",IEEE,2025,2025-01-01,Local and Global Finite-Time Synchronization of Fractional-Order Complex Dynamical Networks via Hybrid Impulsive Control,Chen Wei; Xiaoping Wang; Fangmin Ren; Zhigang Zeng,55,3,10.1109/tsmc.2024.3520135,https://doi.org/10.1109/tsmc.2024.3520135,article,IEEE Transactions on Systems Man and Cybernetics Systems,https://openalex.org/W4405974523
"IEEE Transactions on Systems, Man, and Cybernetics: Systems",IEEE,2025,2025-01-01,Observer-Based Adaptive NN Tracking Control for Nonlinear NCSs Under Intermittent DoS Attacks: A Finite-Time Prescribed Performance Method,Guangdeng Zong; Ruonan Liu; Hongzhen Xie; Yudi Wang; Xudong Zhao,55,3,10.1109/tsmc.2024.3521025,https://doi.org/10.1109/tsmc.2024.3521025,article,IEEE Transactions on Systems Man and Cybernetics Systems,https://openalex.org/W4405968094
"IEEE Transactions on Systems, Man, and Cybernetics: Systems",IEEE,2025,2025-01-01,Systems Analysis of Decision-Making Under Ambiguity With Comparative Out-of-Sample Experimental Study of Geometric Dispersion Theory and Cumulative Prospect Theory,Camelia Al‐Najjar; Behnam B. Malakooti,,,10.1109/tsmc.2025.3564865,https://doi.org/10.1109/tsmc.2025.3564865,article,IEEE Transactions on Systems Man and Cybernetics Systems,https://openalex.org/W4410359281
"IEEE Transactions on Systems, Man, and Cybernetics: Systems",IEEE,2025,2025-01-03,Composite Learning Fixed-Time Control for Nonlinear Servo Systems With State Constraints and Unknown Dynamics,Shubo Wang; Chuanbin Sun; Qiang Chen; Haoran He,55,3,10.1109/tsmc.2024.3522116,https://doi.org/10.1109/tsmc.2024.3522116,article,IEEE Transactions on Systems Man and Cybernetics Systems,https://openalex.org/W4406028095
"IEEE Transactions on Systems, Man, and Cybernetics: Systems",IEEE,2025,2025-01-03,Finite-Time Synchronization of Coupled Fractional-Order Systems via Intermittent IT-2 Fuzzy Control,Rongqiang Tang; Peng Shi; Xinsong Yang; Guanghui Wen; Lei Shi,55,3,10.1109/tsmc.2024.3518513,https://doi.org/10.1109/tsmc.2024.3518513,article,IEEE Transactions on Systems Man and Cybernetics Systems,https://openalex.org/W4406028161
"IEEE Transactions on Systems, Man, and Cybernetics: Systems",IEEE,2025,2025-01-03,Multistability Analysis of Fractional-Order State-Dependent Switched Competitive Neural Networks With Sigmoidal Activation Functions,Xiaobing Nie; Boqiang Cao; Wei Xing Zheng; Jinde Cao,55,3,10.1109/tsmc.2024.3520823,https://doi.org/10.1109/tsmc.2024.3520823,article,IEEE Transactions on Systems Man and Cybernetics Systems,https://openalex.org/W4406028229
"IEEE Transactions on Systems, Man, and Cybernetics: Systems",IEEE,2025,2025-01-03,Partial-State Decomposition-Based Control of MIMO Nonminimum Phase Nonlinear Systems With Application to a Hypersonic Vehicle Model,Xinhao Zhang; Yanjun Zhang; Jianliang Ai; Yeguang Wang; Xuelin Zhang,55,3,10.1109/tsmc.2024.3521380,https://doi.org/10.1109/tsmc.2024.3521380,article,IEEE Transactions on Systems Man and Cybernetics Systems,https://openalex.org/W4406028093
"IEEE Transactions on Systems, Man, and Cybernetics: Systems",IEEE,2025,2025-01-06,Multibranch Horizontal Augmentation Network for Continuous Remaining Useful Life Prediction,Jianghong Zhou; Jun Luo; Huayan Pu; Yi Qin,55,3,10.1109/tsmc.2024.3519347,https://doi.org/10.1109/tsmc.2024.3519347,article,IEEE Transactions on Systems Man and Cybernetics Systems,https://openalex.org/W4406094133
"IEEE Transactions on Systems, Man, and Cybernetics: Systems",IEEE,2025,2025-01-06,New Eigenvalue-Based Analysis for Precise Limit Cycle Stability Assessment in a Two-State Epileptor Model,Samaneh Alsadat Saeedinia; Mohammad-Reza Jahed-Motlagh; Nikola Kirilov Kasabov; Abbas Tafakhori,55,3,10.1109/tsmc.2024.3517620,https://doi.org/10.1109/tsmc.2024.3517620,article,IEEE Transactions on Systems Man and Cybernetics Systems,https://openalex.org/W4406094531
"IEEE Transactions on Systems, Man, and Cybernetics: Systems",IEEE,2025,2025-01-06,Output Feedback Control With Inexact Premise Variables of T-S Fuzzy Systems,Tássio M. Linhares; Eduardo Stockler Tognetti; Taís R. Calliero,55,3,10.1109/tsmc.2024.3521369,https://doi.org/10.1109/tsmc.2024.3521369,article,IEEE Transactions on Systems Man and Cybernetics Systems,https://openalex.org/W4406117312
"IEEE Transactions on Systems, Man, and Cybernetics: Systems",IEEE,2025,2025-01-07,Optimal Group Consensus of Multiagent Systems in Graphical Games Using Reinforcement Learning,Yuhan Wang; Zhuping Wang; Hao Zhang; Huaicheng Yan,55,3,10.1109/tsmc.2024.3522968,https://doi.org/10.1109/tsmc.2024.3522968,article,IEEE Transactions on Systems Man and Cybernetics Systems,https://openalex.org/W4406137837
"IEEE Transactions on Systems, Man, and Cybernetics: Systems",IEEE,2025,2025-01-07,Real-Time Scheduling for Flexible Job Shop With AGVs Using Multiagent Reinforcement Learning and Efficient Action Decoding,Yuxin Li; Qingzheng Wang; Xinyu Li; Liang Gao; Ling Fu; Yanbin Yu; Wei Zhou,55,3,10.1109/tsmc.2024.3520381,https://doi.org/10.1109/tsmc.2024.3520381,article,IEEE Transactions on Systems Man and Cybernetics Systems,https://openalex.org/W4406137826
"IEEE Transactions on Systems, Man, and Cybernetics: Systems",IEEE,2025,2025-01-08,Consensus Control of Nonlinear Stochastic Multiagent Systems With Unknown and Time-Varying Control Coefficients Based on Novel Nussbaum Functions,Baoyu Wen; Jiangshuai Huang; Xiaojie Su; Yue Yang,55,3,10.1109/tsmc.2024.3523369,https://doi.org/10.1109/tsmc.2024.3523369,article,IEEE Transactions on Systems Man and Cybernetics Systems,https://openalex.org/W4406172501
"IEEE Transactions on Systems, Man, and Cybernetics: Systems",IEEE,2025,2025-01-08,Multiobjective Multitask Optimization via Diversity- and Convergence-Oriented Knowledge Transfer,Yanchi Li; Dongcheng Li; Wenyin Gong; Qiong Gu,55,3,10.1109/tsmc.2024.3520526,https://doi.org/10.1109/tsmc.2024.3520526,article,IEEE Transactions on Systems Man and Cybernetics Systems,https://openalex.org/W4406172464
"IEEE Transactions on Systems, Man, and Cybernetics: Systems",IEEE,2025,2025-01-09,Correlation-Driven Explainable Recommendation With Aspect and Rating Boosted Representation Learning: A Unified Joint-Ranking Framework,Jianghong Ma; Rong Wang; Tianjun Wei; Kangzhe Liu; Haijun Zhang; Xiaolei Lu,55,4,10.1109/tsmc.2024.3522980,https://doi.org/10.1109/tsmc.2024.3522980,article,IEEE Transactions on Systems Man and Cybernetics Systems,https://openalex.org/W4406201990
"IEEE Transactions on Systems, Man, and Cybernetics: Systems",IEEE,2025,2025-01-09,Robust Delay-Dependent Output-Feedback PD Controller Design for Variable Fractional-Order Uncertain Neutral Systems With Time-Varying Delays,Zahra Sadat Aghayan; Alireza Alfi; Yashar Mousavi; Afef Fekih,55,3,10.1109/tsmc.2024.3508573,https://doi.org/10.1109/tsmc.2024.3508573,article,IEEE Transactions on Systems Man and Cybernetics Systems,https://openalex.org/W4406201979
"IEEE Transactions on Systems, Man, and Cybernetics: Systems",IEEE,2025,2025-01-10,Design and Analysis of a Closed-Loop Emotion Regulation System Based on Multimodal Affective Computing and Emotional Markov Chain,Xingchao Wang; Chenzhong Li; Zhenglong Sun; Yangsheng Xu,55,4,10.1109/tsmc.2024.3523342,https://doi.org/10.1109/tsmc.2024.3523342,article,IEEE Transactions on Systems Man and Cybernetics Systems,https://openalex.org/W4406259097
"IEEE Transactions on Systems, Man, and Cybernetics: Systems",IEEE,2025,2025-01-10,Stacked Ensemble of Extremely Interpretable Takagi-Sugeno–Kang Fuzzy Classifiers for High-Dimensional Data,Yuchen Li; Erhao Zhou; Chi‐Man Vong; Shitong Wang,55,4,10.1109/tsmc.2024.3516857,https://doi.org/10.1109/tsmc.2024.3516857,article,IEEE Transactions on Systems Man and Cybernetics Systems,https://openalex.org/W4406259506
"IEEE Transactions on Systems, Man, and Cybernetics: Systems",IEEE,2025,2025-01-15,A Predefined-Time Robust Sliding Mode Control Based on Zeroing Neural Dynamics for Position and Attitude Tracking of Quadrotor,Yongjun He; Lin Xiao; Qiuyue Zuo; Hang Cai; Yaonan Wang,55,4,10.1109/tsmc.2024.3523404,https://doi.org/10.1109/tsmc.2024.3523404,article,IEEE Transactions on Systems Man and Cybernetics Systems,https://openalex.org/W4406416099
"IEEE Transactions on Systems, Man, and Cybernetics: Systems",IEEE,2025,2025-01-15,Adaptive Fault Tolerant Tracking Control for Output Constrained Nonlinear Systems Using a Novel BLF Method,Xiaomei Wang; Xudong Zhao; Ben Niu; Yueying Wang; Jiaming Zhang; Guangdeng Zong,55,4,10.1109/tsmc.2024.3525300,https://doi.org/10.1109/tsmc.2024.3525300,article,IEEE Transactions on Systems Man and Cybernetics Systems,https://openalex.org/W4406415974
"IEEE Transactions on Systems, Man, and Cybernetics: Systems",IEEE,2025,2025-01-15,Deep Multiscale Convolutional Model With Multihead Self-Attention for Industrial Process Fault Diagnosis,Youqiang Chen; Ridong Zhang,55,4,10.1109/tsmc.2024.3523708,https://doi.org/10.1109/tsmc.2024.3523708,article,IEEE Transactions on Systems Man and Cybernetics Systems,https://openalex.org/W4406416145
"IEEE Transactions on Systems, Man, and Cybernetics: Systems",IEEE,2025,2025-01-15,"IEEE Systems, Man, and Cybernetics Society Information",,55,2,10.1109/tsmc.2024.3523055,https://doi.org/10.1109/tsmc.2024.3523055,paratext,IEEE Transactions on Systems Man and Cybernetics Systems,https://openalex.org/W4406416259
"IEEE Transactions on Systems, Man, and Cybernetics: Systems",IEEE,2025,2025-01-15,"IEEE Systems, Man, and Cybernetics Society Information",,55,2,10.1109/tsmc.2024.3523061,https://doi.org/10.1109/tsmc.2024.3523061,paratext,IEEE Transactions on Systems Man and Cybernetics Systems,https://openalex.org/W4406418097
"IEEE Transactions on Systems, Man, and Cybernetics: Systems",IEEE,2025,2025-01-15,"IEEE Transactions on Systems, Man, and Cybernetics: Systems Information for Authors",,55,2,10.1109/tsmc.2024.3523057,https://doi.org/10.1109/tsmc.2024.3523057,paratext,IEEE Transactions on Systems Man and Cybernetics Systems,https://openalex.org/W4406416267
"IEEE Transactions on Systems, Man, and Cybernetics: Systems",IEEE,2025,2025-01-15,"IEEE Transactions on Systems, Man, and Cybernetics: Systems Information for Authors",,55,2,10.1109/tsmc.2024.3523059,https://doi.org/10.1109/tsmc.2024.3523059,paratext,IEEE Transactions on Systems Man and Cybernetics Systems,https://openalex.org/W4406416268
"IEEE Transactions on Systems, Man, and Cybernetics: Systems",IEEE,2025,2025-01-15,"IEEE Transactions on Systems, Man, and Cybernetics: Systems Publication Information",,55,2,10.1109/tsmc.2024.3523053,https://doi.org/10.1109/tsmc.2024.3523053,paratext,IEEE Transactions on Systems Man and Cybernetics Systems,https://openalex.org/W4406416308
"IEEE Transactions on Systems, Man, and Cybernetics: Systems",IEEE,2025,2025-01-15,"IEEE Transactions on Systems, Man, and Cybernetics: Systems Publication Information",,55,2,10.1109/tsmc.2024.3523065,https://doi.org/10.1109/tsmc.2024.3523065,paratext,IEEE Transactions on Systems Man and Cybernetics Systems,https://openalex.org/W4406416332
"IEEE Transactions on Systems, Man, and Cybernetics: Systems",IEEE,2025,2025-01-15,Table of Contents,,55,2,10.1109/tsmc.2024.3523051,https://doi.org/10.1109/tsmc.2024.3523051,paratext,IEEE Transactions on Systems Man and Cybernetics Systems,https://openalex.org/W4406416257
"IEEE Transactions on Systems, Man, and Cybernetics: Systems",IEEE,2025,2025-01-15,Table of Contents,,55,2,10.1109/tsmc.2024.3523063,https://doi.org/10.1109/tsmc.2024.3523063,paratext,IEEE Transactions on Systems Man and Cybernetics Systems,https://openalex.org/W4406416331
"IEEE Transactions on Systems, Man, and Cybernetics: Systems",IEEE,2025,2025-01-15,TechRxiv: Share Your Preprint Research With the World!,,55,2,10.1109/tsmc.2025.3527177,https://doi.org/10.1109/tsmc.2025.3527177,article,IEEE Transactions on Systems Man and Cybernetics Systems,https://openalex.org/W4406416256
"IEEE Transactions on Systems, Man, and Cybernetics: Systems",IEEE,2025,2025-01-16,Adaptive Prescribed-Time Optimal Control for Flexible-Joint Robots via Reinforcement Learning,Shiyu Xie; Wei Sun; Yougang Sun; Shun‐Feng Su,55,4,10.1109/tsmc.2024.3524448,https://doi.org/10.1109/tsmc.2024.3524448,article,IEEE Transactions on Systems Man and Cybernetics Systems,https://openalex.org/W4406495841
"IEEE Transactions on Systems, Man, and Cybernetics: Systems",IEEE,2025,2025-01-16,Cooperative Multi-AAV Path Planning for Discovering and Tracking Multiple Radio-Tagged Targets,Yukang Cui; Jiabin Chen; Hong Sheng Lin; Zhan Shu; Tingwen Huang,55,4,10.1109/tsmc.2024.3523132,https://doi.org/10.1109/tsmc.2024.3523132,article,IEEE Transactions on Systems Man and Cybernetics Systems,https://openalex.org/W4406495713
"IEEE Transactions on Systems, Man, and Cybernetics: Systems",IEEE,2025,2025-01-16,Distributed Nonconvex Optimization via Bounded Gradient-Free Inputs,Yong Du; Fei Chen; Linying Xiang; Gang Feng,55,4,10.1109/tsmc.2024.3525007,https://doi.org/10.1109/tsmc.2024.3525007,article,IEEE Transactions on Systems Man and Cybernetics Systems,https://openalex.org/W4406495780
"IEEE Transactions on Systems, Man, and Cybernetics: Systems",IEEE,2025,2025-01-16,Minimum Upper Bound Estimation With Colored Measurement Noise in the Presence of Generalized Unknown Disturbance,Yanbo Yang; Zhunga Liu; Yuemei Qin; Qianqian Zhou; Quan Pan,55,4,10.1109/tsmc.2024.3524304,https://doi.org/10.1109/tsmc.2024.3524304,article,IEEE Transactions on Systems Man and Cybernetics Systems,https://openalex.org/W4406495767
"IEEE Transactions on Systems, Man, and Cybernetics: Systems",IEEE,2025,2025-01-17,A Predictive Sliding Control Algorithm and Application to Angle Following of Steer-by-Wire,Ziang Xu; Qin Shi; Yujiang Wei; Mingwei Wang; Chaolu Guo; Lin He,55,4,10.1109/tsmc.2025.3526252,https://doi.org/10.1109/tsmc.2025.3526252,article,IEEE Transactions on Systems Man and Cybernetics Systems,https://openalex.org/W4406521889
"IEEE Transactions on Systems, Man, and Cybernetics: Systems",IEEE,2025,2025-01-17,A Stackelberg Game Framework for Double-Incentive Consensus Mechanism With Cost Budget in Group Decision Making,Bowen Zhang; Yu Zeng; Qingxian An; Yucheng Dong; Witold Pedrycz,55,4,10.1109/tsmc.2025.3525776,https://doi.org/10.1109/tsmc.2025.3525776,article,IEEE Transactions on Systems Man and Cybernetics Systems,https://openalex.org/W4406521386
"IEEE Transactions on Systems, Man, and Cybernetics: Systems",IEEE,2025,2025-01-17,Adaptive Neural Fault Tolerant Control for Input-Delayed Stochastic Systems Subject to States and Input Quantization,Jian Wu; Yadong Yang; Weisheng Chen; Hai Wang; Zheng‐Guang Wu,55,4,10.1109/tsmc.2025.3525508,https://doi.org/10.1109/tsmc.2025.3525508,article,IEEE Transactions on Systems Man and Cybernetics Systems,https://openalex.org/W4406522238
"IEEE Transactions on Systems, Man, and Cybernetics: Systems",IEEE,2025,2025-01-17,Complex Network Modeling With Power-Law Activating Patterns and Its Evolutionary Dynamics,Ziyan Zeng; Minyu Feng; Pengfei Liu; Jürgen Kurths,55,4,10.1109/tsmc.2025.3525465,https://doi.org/10.1109/tsmc.2025.3525465,article,IEEE Transactions on Systems Man and Cybernetics Systems,https://openalex.org/W4406523664
"IEEE Transactions on Systems, Man, and Cybernetics: Systems",IEEE,2025,2025-01-17,Gradient-Based Performance Optimization for Flight Control System With Real-Time Data,Zhengen Zhao; Yunsong Xu; Guanghui Wen,55,4,10.1109/tsmc.2025.3525486,https://doi.org/10.1109/tsmc.2025.3525486,article,IEEE Transactions on Systems Man and Cybernetics Systems,https://openalex.org/W4406523216
"IEEE Transactions on Systems, Man, and Cybernetics: Systems",IEEE,2025,2025-01-17,High Probability Convergence of Clipped Distributed Dual Averaging With Heavy-Tailed Noises,Yanfu Qin; Kaihong Lu; Hang Xu; Xiangyong Chen,55,4,10.1109/tsmc.2024.3525011,https://doi.org/10.1109/tsmc.2024.3525011,article,IEEE Transactions on Systems Man and Cybernetics Systems,https://openalex.org/W4406523083
"IEEE Transactions on Systems, Man, and Cybernetics: Systems",IEEE,2025,2025-01-17,Learning Feature Exploration and Selection With Handcrafted Features for Few-Shot Learning,Yi Zhang; Sheng Huang; Luwen Huangfu; Daniel Dajun Zeng,55,4,10.1109/tsmc.2024.3524390,https://doi.org/10.1109/tsmc.2024.3524390,article,IEEE Transactions on Systems Man and Cybernetics Systems,https://openalex.org/W4406523107
"IEEE Transactions on Systems, Man, and Cybernetics: Systems",IEEE,2025,2025-01-17,Perception Theory: Perception Representation and Analysis in Cybernetics,Ö. Ciftcioglu; Michael S. Bittermann,55,4,10.1109/tsmc.2024.3522360,https://doi.org/10.1109/tsmc.2024.3522360,article,IEEE Transactions on Systems Man and Cybernetics Systems,https://openalex.org/W4406523487
"IEEE Transactions on Systems, Man, and Cybernetics: Systems",IEEE,2025,2025-01-17,Rethinking the Sparse End-to-End Multiperson Pose Estimation,Xixia Xu; Qi Zou; Jiamao Li,55,4,10.1109/tsmc.2024.3525021,https://doi.org/10.1109/tsmc.2024.3525021,article,IEEE Transactions on Systems Man and Cybernetics Systems,https://openalex.org/W4406521653
"IEEE Transactions on Systems, Man, and Cybernetics: Systems",IEEE,2025,2025-01-17,Semi-Global Adaptive Sampled-Data Formation Control for a Class of Uncertain Nonlinear Multiagent Systems,Quangui He; Wei Liu,55,4,10.1109/tsmc.2024.3523679,https://doi.org/10.1109/tsmc.2024.3523679,article,IEEE Transactions on Systems Man and Cybernetics Systems,https://openalex.org/W4406523507
"IEEE Transactions on Systems, Man, and Cybernetics: Systems",IEEE,2025,2025-01-20,Risk-Aware Complete Coverage Path Planning Using Reinforcement Learning,I. D. Wijegunawardana; S. M. Bhagya P. Samarakoon; M. A. Viraj J. Muthugala; Mohan Rajesh Elara,55,4,10.1109/tsmc.2024.3524158,https://doi.org/10.1109/tsmc.2024.3524158,article,IEEE Transactions on Systems Man and Cybernetics Systems,https://openalex.org/W4406610846
"IEEE Transactions on Systems, Man, and Cybernetics: Systems",IEEE,2025,2025-01-22,ATMNet: Adaptive Two-Stage Modular Network for Accurate Video Captioning,Tianyang Xu; Yunjie Zhang; Xiaoning Song; Zhenhua Feng; Xiao‐Jun Wu,55,4,10.1109/tsmc.2024.3524682,https://doi.org/10.1109/tsmc.2024.3524682,article,IEEE Transactions on Systems Man and Cybernetics Systems,https://openalex.org/W4406729002
"IEEE Transactions on Systems, Man, and Cybernetics: Systems",IEEE,2025,2025-01-22,Distributed Multiobjective Optimization Scheme for Load Aggregators in Incentive-Based Demand Response Programs,Xin Li; Li Ding; Yi-Ru Chen; Zhenwei Yu; Lin Qiao,55,4,10.1109/tsmc.2024.3524646,https://doi.org/10.1109/tsmc.2024.3524646,article,IEEE Transactions on Systems Man and Cybernetics Systems,https://openalex.org/W4406729808
"IEEE Transactions on Systems, Man, and Cybernetics: Systems",IEEE,2025,2025-01-22,Event-Based Sensor Transmission Strategy for Wireless Networked Control Systems Over Time-Varying Channels,Xiao-Hui Liu; Guang‐Hong Yang; Georgi Marko Dimirovski,55,4,10.1109/tsmc.2025.3525556,https://doi.org/10.1109/tsmc.2025.3525556,article,IEEE Transactions on Systems Man and Cybernetics Systems,https://openalex.org/W4406728818
"IEEE Transactions on Systems, Man, and Cybernetics: Systems",IEEE,2025,2025-01-22,Exponential Stabilization of Phase-Change Inertial Neural Networks With Time-Varying Delays,Tao Dong; Rui He; Huaqing Li; Wenjie Hu; Tingwen Huang,55,4,10.1109/tsmc.2024.3525038,https://doi.org/10.1109/tsmc.2024.3525038,article,IEEE Transactions on Systems Man and Cybernetics Systems,https://openalex.org/W4406729183
"IEEE Transactions on Systems, Man, and Cybernetics: Systems",IEEE,2025,2025-01-22,Fault-Tolerant H ∞ Control for Topside Separation Systems via Output-Feedback Reinforcement Learning,Yuguang Zhang; Xiaoyuan Luo; Shaobao Li; Juan Wang; Zhenyu Yang; Xinping Guan,55,4,10.1109/tsmc.2024.3523904,https://doi.org/10.1109/tsmc.2024.3523904,article,IEEE Transactions on Systems Man and Cybernetics Systems,https://openalex.org/W4406729466
"IEEE Transactions on Systems, Man, and Cybernetics: Systems",IEEE,2025,2025-01-22,Finite-Time Resilient Control of Networked Markov Switched Nonlinear Systems: A Relaxed Design,Haiyang Chen; Guangdeng Zong; Mouquan Shen; Fangzheng Gao,55,4,10.1109/tsmc.2025.3526321,https://doi.org/10.1109/tsmc.2025.3526321,article,IEEE Transactions on Systems Man and Cybernetics Systems,https://openalex.org/W4406728006
"IEEE Transactions on Systems, Man, and Cybernetics: Systems",IEEE,2025,2025-01-22,Fixed-Time Bipartite Containment Control for Heterogeneous Multiagent Systems Under DoS Attacks: An Event-Triggered Mechanism,Li Wang; Huaicheng Yan; Xiao Hu; Zhichen Li; Meng Wang,55,4,10.1109/tsmc.2024.3523705,https://doi.org/10.1109/tsmc.2024.3523705,article,IEEE Transactions on Systems Man and Cybernetics Systems,https://openalex.org/W4406729797
"IEEE Transactions on Systems, Man, and Cybernetics: Systems",IEEE,2025,2025-01-22,Graph Model for Conflict Resolution Considering Heterogeneous Behavior Based on Hesitant Fuzzy Preference and Social Network Analysis,Peng Wang; Yingxin Fu; Пэйдэ Лю,55,4,10.1109/tsmc.2024.3524795,https://doi.org/10.1109/tsmc.2024.3524795,article,IEEE Transactions on Systems Man and Cybernetics Systems,https://openalex.org/W4406729274
"IEEE Transactions on Systems, Man, and Cybernetics: Systems",IEEE,2025,2025-01-22,Hybrid Knowledge Distillation Network for RGB-D Co-Salient Object Detection,Zhi Tu; Wujie Zhou; Xiaohong Qian; Weiqing Yan,55,4,10.1109/tsmc.2025.3526234,https://doi.org/10.1109/tsmc.2025.3526234,article,IEEE Transactions on Systems Man and Cybernetics Systems,https://openalex.org/W4406728012
"IEEE Transactions on Systems, Man, and Cybernetics: Systems",IEEE,2025,2025-01-22,Hybrid Rumor Debunking in Online Social Networks: A Differential Game Approach,Chenquan Gan; Wei Yang; Qingyi Zhu; Menghe H. Li; Deepak Kumar; Vitomir Štruc; Da-Wen Huang,55,4,10.1109/tsmc.2025.3526734,https://doi.org/10.1109/tsmc.2025.3526734,article,IEEE Transactions on Systems Man and Cybernetics Systems,https://openalex.org/W4406728823
"IEEE Transactions on Systems, Man, and Cybernetics: Systems",IEEE,2025,2025-01-22,Model-Free Inverse Optimal Control for Completely Unknown Nonlinear Systems by Adaptive Dynamic Programming,Peyman Ahmadi; Mehdi Rahmani; Aref Shahmansoorian,55,7,10.1109/tsmc.2025.3526576,https://doi.org/10.1109/tsmc.2025.3526576,article,IEEE Transactions on Systems Man and Cybernetics Systems,https://openalex.org/W4406729816
"IEEE Transactions on Systems, Man, and Cybernetics: Systems",IEEE,2025,2025-01-22,Parallel Control for Nonzero-Sum Games With Completely Unknown Nonlinear Dynamics via Reinforcement Learning,Jingwei Lu; Qinglai Wei; Fei–Yue Wang,55,4,10.1109/tsmc.2025.3526357,https://doi.org/10.1109/tsmc.2025.3526357,article,IEEE Transactions on Systems Man and Cybernetics Systems,https://openalex.org/W4406728811
"IEEE Transactions on Systems, Man, and Cybernetics: Systems",IEEE,2025,2025-01-22,Prescribed-Time Control With Bounded Feedback Gain: A Nonscaling and Structural Adaptation-Based Approach,Jie Su; Yongduan Song,55,4,10.1109/tsmc.2024.3525296,https://doi.org/10.1109/tsmc.2024.3525296,article,IEEE Transactions on Systems Man and Cybernetics Systems,https://openalex.org/W4406729644
"IEEE Transactions on Systems, Man, and Cybernetics: Systems",IEEE,2025,2025-01-22,Reinforcement Learning-Assisted Memetic Algorithm for Sustainability-Oriented Multiobjective Distributed Flow Shop Group Scheduling,Yuhang Wang; Yuyan Han; Yuting Wang; Xianpeng Wang; Yiping Liu; Kaizhou Gao,55,4,10.1109/tsmc.2024.3518625,https://doi.org/10.1109/tsmc.2024.3518625,article,IEEE Transactions on Systems Man and Cybernetics Systems,https://openalex.org/W4406729731
"IEEE Transactions on Systems, Man, and Cybernetics: Systems",IEEE,2025,2025-01-22,Visionary Policy Iteration for Continuous Control,Botao Dong; Longyang Huang; Xiwen Ma; Hongtian Chen; Weidong Zhang,55,4,10.1109/tsmc.2025.3525473,https://doi.org/10.1109/tsmc.2025.3525473,article,IEEE Transactions on Systems Man and Cybernetics Systems,https://openalex.org/W4406728069
"IEEE Transactions on Systems, Man, and Cybernetics: Systems",IEEE,2025,2025-01-23,Adaptive Dynamic Event-Triggered-Based Practical Fixed-Time Optimal Consensus of Multiagent Systems,Fang Wang; Chao Zhou; Xiaonan Lin; Wen Liu; Changchun Hua,55,4,10.1109/tsmc.2025.3526969,https://doi.org/10.1109/tsmc.2025.3526969,article,IEEE Transactions on Systems Man and Cybernetics Systems,https://openalex.org/W4406754316
"IEEE Transactions on Systems, Man, and Cybernetics: Systems",IEEE,2025,2025-01-23,Prescribed Performance-Based Switching Tracking Algorithm for DC–DC Buck Power Converter With Nonaffine Input and Stochastic Disturbance,Junsheng Zhao; Bingxin Zhang; Yangzi Hu; Dengxiu Yu; Zong‐Yao Sun; C. L. Philip Chen,55,4,10.1109/tsmc.2024.3515040,https://doi.org/10.1109/tsmc.2024.3515040,article,IEEE Transactions on Systems Man and Cybernetics Systems,https://openalex.org/W4406753950
"IEEE Transactions on Systems, Man, and Cybernetics: Systems",IEEE,2025,2025-01-27,"Secure Resource Management in Cloud Computing: Challenges, Strategies and Meta-Analysis",Deepika Saxena; Smruti Rekha Swain; Jatinder Kumar; Sakshi Patni; Kishu Gupta; Ashutosh Kumar Singh; V. Lindenstruth,55,4,10.1109/tsmc.2025.3525956,https://doi.org/10.1109/tsmc.2025.3525956,article,IEEE Transactions on Systems Man and Cybernetics Systems,https://openalex.org/W4406878785
"IEEE Transactions on Systems, Man, and Cybernetics: Systems",IEEE,2025,2025-01-28,Enhanced Epidemic Control: Community-Based Observer Placement and Source Tracing,Jie Zhao; Kang Hao Cheong,55,4,10.1109/tsmc.2024.3518560,https://doi.org/10.1109/tsmc.2024.3518560,article,IEEE Transactions on Systems Man and Cybernetics Systems,https://openalex.org/W4406890914
"IEEE Transactions on Systems, Man, and Cybernetics: Systems",IEEE,2025,2025-01-28,Generalized Trackability Analysis of Learning Control Systems: A Frequency-Domain Method,Jingyao Zhang; Deyuan Meng,55,4,10.1109/tsmc.2024.3524399,https://doi.org/10.1109/tsmc.2024.3524399,article,IEEE Transactions on Systems Man and Cybernetics Systems,https://openalex.org/W4406890908
"IEEE Transactions on Systems, Man, and Cybernetics: Systems",IEEE,2025,2025-01-28,Policy Iterative-Based Adaptive Optimal Control for Unknown Continuous-Time Nonlinear Systems,Haiyang Fang; Shuping He; Fei Liu; Zhengtao Ding,55,4,10.1109/tsmc.2025.3527583,https://doi.org/10.1109/tsmc.2025.3527583,article,IEEE Transactions on Systems Man and Cybernetics Systems,https://openalex.org/W4406891927
"IEEE Transactions on Systems, Man, and Cybernetics: Systems",IEEE,2025,2025-01-29,Nonsingular Practical Fixed-Time Adaptive Fuzzy Consensus Control of Nonstrict-Feedback Nonlinear Multiagent Systems With Actuator Fault,Tao Zhang; Ming Yang; Wu Sun; Dengxiu Yu; C. L. Philip Chen,55,4,10.1109/tsmc.2025.3526980,https://doi.org/10.1109/tsmc.2025.3526980,article,IEEE Transactions on Systems Man and Cybernetics Systems,https://openalex.org/W4406947981
"IEEE Transactions on Systems, Man, and Cybernetics: Systems",IEEE,2025,2025-02-11,A Novel Modeling Approach for Cumulative Belief Rule-Base With Joint Optimization and Rule Synthesis,Long-Hao Yang; Dan-Ning Yu; Fei-Fei Ye; Haibo Hu; Qingqing Ye,55,4,10.1109/tsmc.2025.3534988,https://doi.org/10.1109/tsmc.2025.3534988,article,IEEE Transactions on Systems Man and Cybernetics Systems,https://openalex.org/W4407360854
"IEEE Transactions on Systems, Man, and Cybernetics: Systems",IEEE,2025,2025-02-11,Fixed-Time Distributed Optimization via Edge-Based Adaptive Algorithms,Lanlan Ma; Cheng Hu; Shiping Wen; Zhiyong Yu; Haijun Jiang,55,5,10.1109/tsmc.2025.3534629,https://doi.org/10.1109/tsmc.2025.3534629,article,IEEE Transactions on Systems Man and Cybernetics Systems,https://openalex.org/W4407360837
"IEEE Transactions on Systems, Man, and Cybernetics: Systems",IEEE,2025,2025-02-13,"Adaptive Dynamic Programming for PMSM Control Under Safety, Robustness, and Optimality Constraints",Zhongxin Fan; Shihua Li; Jinya Su,55,4,10.1109/tsmc.2024.3510544,https://doi.org/10.1109/tsmc.2024.3510544,article,IEEE Transactions on Systems Man and Cybernetics Systems,https://openalex.org/W4407450087
"IEEE Transactions on Systems, Man, and Cybernetics: Systems",IEEE,2025,2025-02-14,Stability Analysis of Networked Stochastic Systems With Time Delays Under Deception Attacks by Sampled-Data Control,Peiyang Lin; Feiqi Deng; Xueyan Zhao; Fangzhe Wan; Yongjia Huang,55,4,10.1109/tsmc.2025.3536018,https://doi.org/10.1109/tsmc.2025.3536018,article,IEEE Transactions on Systems Man and Cybernetics Systems,https://openalex.org/W4407566401
"IEEE Transactions on Systems, Man, and Cybernetics: Systems",IEEE,2025,2025-02-17,A Unified Sparse Training Framework for Lightweight Lifelong Deep Reinforcement Learning,Meng Xu; Xinhong Chen; Weiwei Fu; Y.S. Lin; Yung‐Hui Li; Jianping Wang,55,4,10.1109/tsmc.2025.3537990,https://doi.org/10.1109/tsmc.2025.3537990,article,IEEE Transactions on Systems Man and Cybernetics Systems,https://openalex.org/W4407638197
"IEEE Transactions on Systems, Man, and Cybernetics: Systems",IEEE,2025,2025-02-17,An Adaptive p -Norms-Based Kinematic Calibration Model for Industrial Robot Positioning Accuracy Promotion,Tinghui Chen; Weiyi Yang; Shuai Li; Xin Luo,55,4,10.1109/tsmc.2025.3535783,https://doi.org/10.1109/tsmc.2025.3535783,article,IEEE Transactions on Systems Man and Cybernetics Systems,https://openalex.org/W4407638831
"IEEE Transactions on Systems, Man, and Cybernetics: Systems",IEEE,2025,2025-02-18,Discrete-Time Nonlinear System Identification: A Fixed-Time Concurrent Learning Approach,Farzaneh Tatari; Nariman Niknejad; Hamidreza Modares,55,3,10.1109/tsmc.2024.3508267,https://doi.org/10.1109/tsmc.2024.3508267,article,IEEE Transactions on Systems Man and Cybernetics Systems,https://openalex.org/W4407690794
"IEEE Transactions on Systems, Man, and Cybernetics: Systems",IEEE,2025,2025-02-18,Event-Triggered Cooperative Adaptive Optimal Output Regulation for Multiagent Systems Under Switching Network: An Adaptive Dynamic Programming Approach,Fuyu Zhao; Sunxiaoyu Luo; Weinan Gao; Changyun Wen,55,3,10.1109/tsmc.2024.3514202,https://doi.org/10.1109/tsmc.2024.3514202,article,IEEE Transactions on Systems Man and Cybernetics Systems,https://openalex.org/W4407690739
"IEEE Transactions on Systems, Man, and Cybernetics: Systems",IEEE,2025,2025-02-18,"IEEE Systems, Man, and Cybernetics Society Information",,55,3,10.1109/tsmc.2025.3539407,https://doi.org/10.1109/tsmc.2025.3539407,paratext,IEEE Transactions on Systems Man and Cybernetics Systems,https://openalex.org/W4407690588
"IEEE Transactions on Systems, Man, and Cybernetics: Systems",IEEE,2025,2025-02-18,"IEEE Systems, Man, and Cybernetics Society Information",,55,3,10.1109/tsmc.2025.3539415,https://doi.org/10.1109/tsmc.2025.3539415,paratext,IEEE Transactions on Systems Man and Cybernetics Systems,https://openalex.org/W4407690612
"IEEE Transactions on Systems, Man, and Cybernetics: Systems",IEEE,2025,2025-02-18,"IEEE Transactions on Systems, Man, and Cybernetics: Systems Information for Authors",,55,3,10.1109/tsmc.2025.3539409,https://doi.org/10.1109/tsmc.2025.3539409,paratext,IEEE Transactions on Systems Man and Cybernetics Systems,https://openalex.org/W4407691341
"IEEE Transactions on Systems, Man, and Cybernetics: Systems",IEEE,2025,2025-02-18,"IEEE Transactions on Systems, Man, and Cybernetics: Systems Information for Authors",,55,3,10.1109/tsmc.2025.3539437,https://doi.org/10.1109/tsmc.2025.3539437,paratext,IEEE Transactions on Systems Man and Cybernetics Systems,https://openalex.org/W4407691527
"IEEE Transactions on Systems, Man, and Cybernetics: Systems",IEEE,2025,2025-02-18,"IEEE Transactions on Systems, Man, and Cybernetics: Systems Publication Information",,55,3,10.1109/tsmc.2025.3539405,https://doi.org/10.1109/tsmc.2025.3539405,paratext,IEEE Transactions on Systems Man and Cybernetics Systems,https://openalex.org/W4407690572
"IEEE Transactions on Systems, Man, and Cybernetics: Systems",IEEE,2025,2025-02-18,"IEEE Transactions on Systems, Man, and Cybernetics: Systems Publication Information",,55,3,10.1109/tsmc.2025.3539413,https://doi.org/10.1109/tsmc.2025.3539413,paratext,IEEE Transactions on Systems Man and Cybernetics Systems,https://openalex.org/W4407693413
"IEEE Transactions on Systems, Man, and Cybernetics: Systems",IEEE,2025,2025-02-18,Table of Contents,,55,3,10.1109/tsmc.2025.3536605,https://doi.org/10.1109/tsmc.2025.3536605,paratext,IEEE Transactions on Systems Man and Cybernetics Systems,https://openalex.org/W4407690940
"IEEE Transactions on Systems, Man, and Cybernetics: Systems",IEEE,2025,2025-02-18,Table of Contents,,55,3,10.1109/tsmc.2025.3536736,https://doi.org/10.1109/tsmc.2025.3536736,paratext,IEEE Transactions on Systems Man and Cybernetics Systems,https://openalex.org/W4407691562
"IEEE Transactions on Systems, Man, and Cybernetics: Systems",IEEE,2025,2025-02-18,TechRxiv: Share Your Preprint Research With the World!,,55,3,10.1109/tsmc.2025.3539411,https://doi.org/10.1109/tsmc.2025.3539411,article,IEEE Transactions on Systems Man and Cybernetics Systems,https://openalex.org/W4407690990
"IEEE Transactions on Systems, Man, and Cybernetics: Systems",IEEE,2025,2025-02-19,Anti-Disturbance Fault-Tolerant Adaptive Output Feedback Control for Uncertain Nonlinear Systems With Disturbance Observer,Wenhui Liu; Qian Ma; Shengyuan Xu,55,4,10.1109/tsmc.2025.3538872,https://doi.org/10.1109/tsmc.2025.3538872,article,IEEE Transactions on Systems Man and Cybernetics Systems,https://openalex.org/W4407736582
"IEEE Transactions on Systems, Man, and Cybernetics: Systems",IEEE,2025,2025-02-19,Confident Local Structure-Aware Incomplete Multiview Spectral Clustering,Wai Keung Wong; Lusi Li; Lunke Fei; Bob Zhang; Anne Toomey; Jie Wen,55,4,10.1109/tsmc.2025.3537801,https://doi.org/10.1109/tsmc.2025.3537801,article,IEEE Transactions on Systems Man and Cybernetics Systems,https://openalex.org/W4407736477
"IEEE Transactions on Systems, Man, and Cybernetics: Systems",IEEE,2025,2025-02-19,Dynamic Quantized Control of Fuzzy Semi-Markov Jump Systems With Fading Channels: An Improved Event-Triggered Mechanism,Mengjie Hu; Ju H. Park; Jun Sheng Cheng; Yan‐Wu Wang,55,5,10.1109/tsmc.2025.3537276,https://doi.org/10.1109/tsmc.2025.3537276,article,IEEE Transactions on Systems Man and Cybernetics Systems,https://openalex.org/W4407736587
"IEEE Transactions on Systems, Man, and Cybernetics: Systems",IEEE,2025,2025-02-19,Estimated States-Based Event-Triggered Control for Interconnected Nonlinear Systems With Hybrid Stochastic Faults,Rui Meng; Changchun Hua; Kuo Li; Pengju Ning,55,4,10.1109/tsmc.2025.3538644,https://doi.org/10.1109/tsmc.2025.3538644,article,IEEE Transactions on Systems Man and Cybernetics Systems,https://openalex.org/W4407736526
"IEEE Transactions on Systems, Man, and Cybernetics: Systems",IEEE,2025,2025-02-19,Event-Triggered Control for Complex-Valued Hybrid Stochastic Multilinks Networks,Hui Zhou; Ju H. Park; Wenxue Li,55,4,10.1109/tsmc.2025.3537662,https://doi.org/10.1109/tsmc.2025.3537662,article,IEEE Transactions on Systems Man and Cybernetics Systems,https://openalex.org/W4407737098
"IEEE Transactions on Systems, Man, and Cybernetics: Systems",IEEE,2025,2025-02-19,Optimization of Persistent Excitation Level of Training Trajectories in Deterministic Learning,Juncheng Xu; Yiming Fei; Jiangang Li; Yanan Li,55,4,10.1109/tsmc.2025.3538505,https://doi.org/10.1109/tsmc.2025.3538505,article,IEEE Transactions on Systems Man and Cybernetics Systems,https://openalex.org/W4407736657
"IEEE Transactions on Systems, Man, and Cybernetics: Systems",IEEE,2025,2025-02-19,Path-Planning Method Based on Reinforcement Learning for Cooperative Two-Crane Lift Considering Load Constraint,Jianqi An; Huimin Ou; Min Wu; Xin Chen,55,4,10.1109/tsmc.2025.3539318,https://doi.org/10.1109/tsmc.2025.3539318,article,IEEE Transactions on Systems Man and Cybernetics Systems,https://openalex.org/W4407736480
"IEEE Transactions on Systems, Man, and Cybernetics: Systems",IEEE,2025,2025-02-19,Protocol-Based SMC for Fuzzy Semi-Markov Switching Systems With Multizone Probabilitic Time-Varying Delays,Jiangming Xu; Jun Sheng Cheng; Mohammed Chadli; Wenhai Qi,55,4,10.1109/tsmc.2025.3538550,https://doi.org/10.1109/tsmc.2025.3538550,article,IEEE Transactions on Systems Man and Cybernetics Systems,https://openalex.org/W4407736560
"IEEE Transactions on Systems, Man, and Cybernetics: Systems",IEEE,2025,2025-02-19,SOTIF-Oriented Distributed Control for Connected Autonomous Vehicles Platoons,Xiaohua Ge; Dario Giuseppe Lui; Carlo Motta; Alberto Petrillo; Stefania Santini,55,4,10.1109/tsmc.2025.3538043,https://doi.org/10.1109/tsmc.2025.3538043,article,IEEE Transactions on Systems Man and Cybernetics Systems,https://openalex.org/W4407736524
"IEEE Transactions on Systems, Man, and Cybernetics: Systems",IEEE,2025,2025-02-19,Sampled-Data Consensus for Multiagent Systems Over Semi-Markov Switching Networks Under Denial-of-Service Attacks,Guanglei Wu; Yang Shan Tang; Xiaotai Wu; Tingwen Huang; Haibin Zhu; Wenbing Zhang,55,4,10.1109/tsmc.2025.3538640,https://doi.org/10.1109/tsmc.2025.3538640,article,IEEE Transactions on Systems Man and Cybernetics Systems,https://openalex.org/W4407736520
"IEEE Transactions on Systems, Man, and Cybernetics: Systems",IEEE,2025,2025-02-20,A Variational Bayesian Inference-Based Robust Dissimilarity Analytics Model for Industrial Fault Detection,Wanke Yu; Biao Huang; Gaoxi Xiao; Chuan‐Ke Zhang,55,5,10.1109/tsmc.2025.3538854,https://doi.org/10.1109/tsmc.2025.3538854,article,IEEE Transactions on Systems Man and Cybernetics Systems,https://openalex.org/W4407782438
"IEEE Transactions on Systems, Man, and Cybernetics: Systems",IEEE,2025,2025-02-20,Adaptive Fuzzy Distributed Optimal Control for Nonlinear Multiagent Systems-Based Multiplayer Differential Graphical Game,Wei Wu; Yi Zuo; Shaocheng Tong,55,5,10.1109/tsmc.2025.3539998,https://doi.org/10.1109/tsmc.2025.3539998,article,IEEE Transactions on Systems Man and Cybernetics Systems,https://openalex.org/W4407782448
"IEEE Transactions on Systems, Man, and Cybernetics: Systems",IEEE,2025,2025-02-20,Dual Perspective Secure Analysis for Local Estimate-Based FDI Attacks in Networked Systems,Fuyi Qu; Hao Liu; Cheng Tan; Yuzhe Li,55,5,10.1109/tsmc.2025.3539835,https://doi.org/10.1109/tsmc.2025.3539835,article,IEEE Transactions on Systems Man and Cybernetics Systems,https://openalex.org/W4407782518
"IEEE Transactions on Systems, Man, and Cybernetics: Systems",IEEE,2025,2025-02-20,Intelligent Inspection of Electronic Devices in Specific Environments via a Novel Cascade Network of Combining Mixed Sampling and Nonstrided Convolution,Bo Liu; Jing Guo; Yaowei Wang; Chengrong Yang; Fengtao Nan; Yun Yang,55,5,10.1109/tsmc.2025.3539699,https://doi.org/10.1109/tsmc.2025.3539699,article,IEEE Transactions on Systems Man and Cybernetics Systems,https://openalex.org/W4407782505
"IEEE Transactions on Systems, Man, and Cybernetics: Systems",IEEE,2025,2025-02-20,Neural Network for Distributed Collaboration of Multiple Manipulators With Switching Topologies: A Game-Theoretic Perspective,Mei Liu; W. L. Mu; Xin Lv; Zhongbo Sun; Long Mei Jin,55,5,10.1109/tsmc.2025.3540403,https://doi.org/10.1109/tsmc.2025.3540403,article,IEEE Transactions on Systems Man and Cybernetics Systems,https://openalex.org/W4407782453
"IEEE Transactions on Systems, Man, and Cybernetics: Systems",IEEE,2025,2025-02-20,Robust Practical Stabilization for Complex Dynamical Networks With DoS Attacks and Actuator Saturation,Xueya Shi; Zhinan Peng; Junzhi Yu; Hongfei Li,55,5,10.1109/tsmc.2025.3539781,https://doi.org/10.1109/tsmc.2025.3539781,article,IEEE Transactions on Systems Man and Cybernetics Systems,https://openalex.org/W4407782427
"IEEE Transactions on Systems, Man, and Cybernetics: Systems",IEEE,2025,2025-02-20,Sampled-Data Consensus for Multiagent Systems With Open Topology and Packet Loss,Haitao Zhu; Jianquan Lu; Yang Liu; Lingzhong Zhang,55,5,10.1109/tsmc.2025.3538930,https://doi.org/10.1109/tsmc.2025.3538930,article,IEEE Transactions on Systems Man and Cybernetics Systems,https://openalex.org/W4407782533
"IEEE Transactions on Systems, Man, and Cybernetics: Systems",IEEE,2025,2025-02-20,Toward Universal Controller: Performance-Aware Self-Optimizing Reinforcement Learning for Discrete-Time Systems With Uncontrollable Factors,Jianfeng Zhang; Haoran Zhang; Chunhui Zhao,55,5,10.1109/tsmc.2025.3539349,https://doi.org/10.1109/tsmc.2025.3539349,article,IEEE Transactions on Systems Man and Cybernetics Systems,https://openalex.org/W4407782396
"IEEE Transactions on Systems, Man, and Cybernetics: Systems",IEEE,2025,2025-02-21,Data-Driven Aperiodic Sampled-Data Control of Markovian Jump System,Guoliang Chen; Linqi Wang; Jianwei Xia; Xiangpeng Xie; Ju H. Park,55,5,10.1109/tsmc.2025.3540568,https://doi.org/10.1109/tsmc.2025.3540568,article,IEEE Transactions on Systems Man and Cybernetics Systems,https://openalex.org/W4407829785
"IEEE Transactions on Systems, Man, and Cybernetics: Systems",IEEE,2025,2025-02-21,Deep Co-Training Partial Least Squares Model for Semi-Supervised Industrial Soft Sensing,Junhua Zheng; Le Zhou; Lingjian Ye; Zhiqiang Ge,55,5,10.1109/tsmc.2025.3540028,https://doi.org/10.1109/tsmc.2025.3540028,article,IEEE Transactions on Systems Man and Cybernetics Systems,https://openalex.org/W4407829775
"IEEE Transactions on Systems, Man, and Cybernetics: Systems",IEEE,2025,2025-02-21,Neuroadaptive Containment Control for Nonlinear Multiagent Systems With Input Saturation: An Event-Triggered Communication Approach,Xin Wang; Sen Zhang; Huaqing Li; Wei Zhang; Hongyi Li; Tingwen Huang,55,5,10.1109/tsmc.2025.3540580,https://doi.org/10.1109/tsmc.2025.3540580,article,IEEE Transactions on Systems Man and Cybernetics Systems,https://openalex.org/W4407827535
"IEEE Transactions on Systems, Man, and Cybernetics: Systems",IEEE,2025,2025-02-21,Optimal Control for Fractional Order Nonlinear Systems Based on Adaptive Dynamic Programming,Yuqing Yan; Huaguang Zhang; Jiayue Sun; Shuhang Yu,55,5,10.1109/tsmc.2024.3520962,https://doi.org/10.1109/tsmc.2024.3520962,article,IEEE Transactions on Systems Man and Cybernetics Systems,https://openalex.org/W4407827693
"IEEE Transactions on Systems, Man, and Cybernetics: Systems",IEEE,2025,2025-02-21,Resilient Finite-Time Consensus of Variable-Order Fractional Multiagent Systems Under DoS Attacks,Ruihong Li; Qintao Gan; Huaiqin Wu; Jinde Cao; Qiaokun Kang,55,5,10.1109/tsmc.2025.3539656,https://doi.org/10.1109/tsmc.2025.3539656,article,IEEE Transactions on Systems Man and Cybernetics Systems,https://openalex.org/W4407827485
"IEEE Transactions on Systems, Man, and Cybernetics: Systems",IEEE,2025,2025-02-21,Wavelet-Infused Convolution-Transformer for Efficient Segmentation in Medical Images,Pallabi Dutta; Sushmita Mitra; Swalpa Kumar Roy,55,5,10.1109/tsmc.2025.3539573,https://doi.org/10.1109/tsmc.2025.3539573,article,IEEE Transactions on Systems Man and Cybernetics Systems,https://openalex.org/W4407829773
"IEEE Transactions on Systems, Man, and Cybernetics: Systems",IEEE,2025,2025-02-24,"Adaptive Robust Control Integrated With Gaussian Processes for Quadrotors: Enhanced Accuracy, Fault Tolerance and Anti-Disturbance",Weisheng Liang; A. Amer; Mohit Mehndiratta; Zheng Chen; Bin Yao; Erdal Kayacan,55,5,10.1109/tsmc.2025.3539707,https://doi.org/10.1109/tsmc.2025.3539707,article,IEEE Transactions on Systems Man and Cybernetics Systems,https://openalex.org/W4407900385
"IEEE Transactions on Systems, Man, and Cybernetics: Systems",IEEE,2025,2025-02-24,Curve-Suppression-Based Event-Triggered Mechanisms for Quasi-Synchronization of Fuzzy Delayed Neural Networks on Time Scales,Peng Wan; Yufeng Zhou; Zhigang Zeng; Jingang Lai,55,5,10.1109/tsmc.2025.3540092,https://doi.org/10.1109/tsmc.2025.3540092,article,IEEE Transactions on Systems Man and Cybernetics Systems,https://openalex.org/W4407900401
"IEEE Transactions on Systems, Man, and Cybernetics: Systems",IEEE,2025,2025-02-24,Distributed Nonconvex Optimal Resource Allocation via a Momentum-Based Multiagent Optimization Approach,Zicong Xia; Wenwu Yu; Jinhu Lü,55,5,10.1109/tsmc.2025.3539232,https://doi.org/10.1109/tsmc.2025.3539232,article,IEEE Transactions on Systems Man and Cybernetics Systems,https://openalex.org/W4407900375
"IEEE Transactions on Systems, Man, and Cybernetics: Systems",IEEE,2025,2025-02-24,Disturbance Observer-Based Neural Network Control of a 2-DOF Helicopter System With Input Saturation and Output Constraints,Zhijia Zhao; Di Zhang; Jiale Wu; Zhijie Liu; Min Wang; Keum‐Shik Hong,55,5,10.1109/tsmc.2025.3538990,https://doi.org/10.1109/tsmc.2025.3538990,article,IEEE Transactions on Systems Man and Cybernetics Systems,https://openalex.org/W4407900446
"IEEE Transactions on Systems, Man, and Cybernetics: Systems",IEEE,2025,2025-02-24,Neural Adaptive Boundary Control for Switched PDE Systems With Application to Chip Temperature Control,Xiaona Song; Zenglong Peng; Choon Ki Ahn; Shuai Song,55,5,10.1109/tsmc.2025.3540168,https://doi.org/10.1109/tsmc.2025.3540168,article,IEEE Transactions on Systems Man and Cybernetics Systems,https://openalex.org/W4407900456
"IEEE Transactions on Systems, Man, and Cybernetics: Systems",IEEE,2025,2025-02-25,Adaptive Predefined-Time Bounded Consensus Tracking Control of Multiagent Systems Under Input/Output Quantization,Tao Jiang; Yan Yan; Shuzhi Sam Ge,55,5,10.1109/tsmc.2025.3540109,https://doi.org/10.1109/tsmc.2025.3540109,article,IEEE Transactions on Systems Man and Cybernetics Systems,https://openalex.org/W4407946330
"IEEE Transactions on Systems, Man, and Cybernetics: Systems",IEEE,2025,2025-02-25,Fuzzy Adaptive Predefined Time Control With Global Prescribed Performance for Robotic Manipulator Under Unknown Disturbance,Chengguo Liu; Kai Zhao; Junyang Li; Chenguang Yang,55,5,10.1109/tsmc.2025.3540777,https://doi.org/10.1109/tsmc.2025.3540777,article,IEEE Transactions on Systems Man and Cybernetics Systems,https://openalex.org/W4407946260
"IEEE Transactions on Systems, Man, and Cybernetics: Systems",IEEE,2025,2025-02-25,Hierarchical Learning-Based Integrated Robust Optimal Control for Nonlinear Systems,Jiacheng Zhang; Jingjing Wang; Honggui Han; Ying Hou; Yanting Huang,55,5,10.1109/tsmc.2025.3538841,https://doi.org/10.1109/tsmc.2025.3538841,article,IEEE Transactions on Systems Man and Cybernetics Systems,https://openalex.org/W4407937742
"IEEE Transactions on Systems, Man, and Cybernetics: Systems",IEEE,2025,2025-02-25,Integrated Guidance and Control of Morphing Flight Vehicle via Sliding-Mode-Based Robust Reinforcement Learning,Chengyu Cao; Fanbiao Li; Qi-Chao Xie; Yuxin Liao; Tingwen Huang; Chunhua Yang; Weihua Gui,55,5,10.1109/tsmc.2025.3540262,https://doi.org/10.1109/tsmc.2025.3540262,article,IEEE Transactions on Systems Man and Cybernetics Systems,https://openalex.org/W4407946279
"IEEE Transactions on Systems, Man, and Cybernetics: Systems",IEEE,2025,2025-02-25,Optimal Tracking Control for Leader-Following Consensus of Nonlinear Multiagent Systems,Wei Su; Chaoxu Mu; Xiong Yang; Jinshan Bian; Changyin Sun,55,5,10.1109/tsmc.2025.3539351,https://doi.org/10.1109/tsmc.2025.3539351,article,IEEE Transactions on Systems Man and Cybernetics Systems,https://openalex.org/W4407937778
"IEEE Transactions on Systems, Man, and Cybernetics: Systems",IEEE,2025,2025-02-25,Predefined-Time Distributed Fault-Tolerant Control for Nonlinear Multiagent Systems Suffering From Nonaffine Faults,Shuai Cheng; Bin Xin; Jie Chen; Fang Yi Deng,55,5,10.1109/tsmc.2025.3540464,https://doi.org/10.1109/tsmc.2025.3540464,article,IEEE Transactions on Systems Man and Cybernetics Systems,https://openalex.org/W4407946263
"IEEE Transactions on Systems, Man, and Cybernetics: Systems",IEEE,2025,2025-02-26,Neuro-Adaptive Fault-Tolerant Attitude Control of a Quadrotor UAV With Flight Envelope Limitation and Feedforward Compensation,Yan‐Jun Liu; Benke Gao; Dengxiu Yu; Dapeng Li; Lei Liu,55,5,10.1109/tsmc.2025.3534986,https://doi.org/10.1109/tsmc.2025.3534986,article,IEEE Transactions on Systems Man and Cybernetics Systems,https://openalex.org/W4407948652
"IEEE Transactions on Systems, Man, and Cybernetics: Systems",IEEE,2025,2025-02-26,Reinforcement-Learning-Based Counter Deception for Nonlinear Pursuit–Evasion Game With Incomplete and Asymmetric Information,Yongkang Wang; Rongxin Cui; Weisheng Yan; Xinxin Guo; Shouxu Zhang; Zhuo Zhang; Zhexuan Zhao,55,5,10.1109/tsmc.2025.3541105,https://doi.org/10.1109/tsmc.2025.3541105,article,IEEE Transactions on Systems Man and Cybernetics Systems,https://openalex.org/W4407948729
"IEEE Transactions on Systems, Man, and Cybernetics: Systems",IEEE,2025,2025-02-27,Adaptive Prescribed Finite-Time Bipartite Consensus Control for Nonaffine Nonlinear MASs Under Structurally Unbalanced Topology,Xiaomei Wang; Yongduan Song; Xudong Zhao; Huanqing Wang; Ding Wang; Ben Niu,55,5,10.1109/tsmc.2025.3540897,https://doi.org/10.1109/tsmc.2025.3540897,article,IEEE Transactions on Systems Man and Cybernetics Systems,https://openalex.org/W4408017298
"IEEE Transactions on Systems, Man, and Cybernetics: Systems",IEEE,2025,2025-02-28,An Integrated Control Framework for Safe and Ergonomic Human-Drone Interaction in Industrial Warehouses,Silvia Proia; Graziana Cavone; Paolo Scarabaggio; Raffaele Carli; Mariagrazia Dotoli,55,5,10.1109/tsmc.2025.3540635,https://doi.org/10.1109/tsmc.2025.3540635,article,IEEE Transactions on Systems Man and Cybernetics Systems,https://openalex.org/W4408047491
"IEEE Transactions on Systems, Man, and Cybernetics: Systems",IEEE,2025,2025-02-28,Cross-Domain Random Pretraining With Prototypes for Reinforcement Learning,Xin Liu; Yaran Chen; Haoran Li; Boyu Li; Dongbin Zhao,55,5,10.1109/tsmc.2025.3541926,https://doi.org/10.1109/tsmc.2025.3541926,article,IEEE Transactions on Systems Man and Cybernetics Systems,https://openalex.org/W4408047562
"IEEE Transactions on Systems, Man, and Cybernetics: Systems",IEEE,2025,2025-02-28,Dual Event-Triggered-Based Fault-Tolerant Attitude Flexible Performance Tracking Control for Satellite,Baomin Li; Mou Chen; Jianwei Xia,55,5,10.1109/tsmc.2025.3540280,https://doi.org/10.1109/tsmc.2025.3540280,article,IEEE Transactions on Systems Man and Cybernetics Systems,https://openalex.org/W4408047931
"IEEE Transactions on Systems, Man, and Cybernetics: Systems",IEEE,2025,2025-02-28,Hyperbolic Sine Function-Based Full-State Feedback Attitude Tracking Control for Rigid Spacecraft,Rui‐Qi Dong; Ai‐Guo Wu; Bin Li; Guang‐Ren Duan,55,5,10.1109/tsmc.2024.3524479,https://doi.org/10.1109/tsmc.2024.3524479,article,IEEE Transactions on Systems Man and Cybernetics Systems,https://openalex.org/W4408047689
"IEEE Transactions on Systems, Man, and Cybernetics: Systems",IEEE,2025,2025-03-03,A Group-Based Many-Task Collaborative Optimization Framework for Evolutionary Robots Design,Yaqing Hou; YU Zhao-ping; Zheng Guo; Wenbin Pei; Yaoxin Wu; Hongwei Ge; Bing Xue; Mengjie Zhang,55,5,10.1109/tsmc.2025.3541002,https://doi.org/10.1109/tsmc.2025.3541002,article,IEEE Transactions on Systems Man and Cybernetics Systems,https://openalex.org/W4408100561
"IEEE Transactions on Systems, Man, and Cybernetics: Systems",IEEE,2025,2025-03-03,Neural Network-Based Indirect Adaptive Force Control of a Two-Fingered Hand Exoskeleton Toward Robust Grasping Assistance,Kaushik Halder; Arnab Roy; M. Felix Orlando,55,5,10.1109/tsmc.2025.3541994,https://doi.org/10.1109/tsmc.2025.3541994,article,IEEE Transactions on Systems Man and Cybernetics Systems,https://openalex.org/W4408100590
"IEEE Transactions on Systems, Man, and Cybernetics: Systems",IEEE,2025,2025-03-04,Cognitive Robotics: Enhancing Multirobot Target Search in Unknown Environments Through Adaptive Communication Strategies,Xuewei Yu; Bo Su; Ziheng Wang; Jianlei Zhang; Chunyan Zhang,55,5,10.1109/tsmc.2025.3540059,https://doi.org/10.1109/tsmc.2025.3540059,article,IEEE Transactions on Systems Man and Cybernetics Systems,https://openalex.org/W4408145550
"IEEE Transactions on Systems, Man, and Cybernetics: Systems",IEEE,2025,2025-03-04,DIG: Improved DINO for Graffiti Detection,Bingshu Wang; Qianchen Mao; Aifei Liu; Long Chen; C. L. Philip Chen,55,5,10.1109/tsmc.2025.3541795,https://doi.org/10.1109/tsmc.2025.3541795,article,IEEE Transactions on Systems Man and Cybernetics Systems,https://openalex.org/W4408145528
"IEEE Transactions on Systems, Man, and Cybernetics: Systems",IEEE,2025,2025-03-05,Robust Energy Consumption Prediction With a Missing Value-Resilient Metaheuristic-Based Neural Network in Mobile App Development,Seyed Jalaleddin Mousavirad; Luı́s A. Alexandre,55,5,10.1109/tsmc.2025.3543786,https://doi.org/10.1109/tsmc.2025.3543786,article,IEEE Transactions on Systems Man and Cybernetics Systems,https://openalex.org/W4408254188
"IEEE Transactions on Systems, Man, and Cybernetics: Systems",IEEE,2025,2025-03-05,Spatial Coordination of Multiple Nonholonomic Agents With Sensory Connectivity Maintenance,Xi Chen; Meimin Chen; Lijun Zhu; Li Chai,55,5,10.1109/tsmc.2025.3539859,https://doi.org/10.1109/tsmc.2025.3539859,article,IEEE Transactions on Systems Man and Cybernetics Systems,https://openalex.org/W4409574222
"IEEE Transactions on Systems, Man, and Cybernetics: Systems",IEEE,2025,2025-03-06,Co-Opetition Network-Based Group Decision-Making Under Incomplete Information,Xiwen Ma; Zhihuan Hu; Kairong Duan; Xiaolin Ai; Wei Xie; Jingsong Yang; Weidong Zhang,55,5,10.1109/tsmc.2025.3540492,https://doi.org/10.1109/tsmc.2025.3540492,article,IEEE Transactions on Systems Man and Cybernetics Systems,https://openalex.org/W4408181601
"IEEE Transactions on Systems, Man, and Cybernetics: Systems",IEEE,2025,2025-03-06,Fuzzy-Model-Based Robust Fault Estimation Observer Design for Nonlinear Discrete-Time Systems Using Dissipativity Theory,Yunfei Mu; Huaguang Zhang; Weihua Li; Kun Zhang,55,5,10.1109/tsmc.2023.3332672,https://doi.org/10.1109/tsmc.2023.3332672,article,IEEE Transactions on Systems Man and Cybernetics Systems,https://openalex.org/W4408182367
"IEEE Transactions on Systems, Man, and Cybernetics: Systems",IEEE,2025,2025-03-06,New Results on Interval Type-3 Fuzzy Control for Nonlinear Time-Delay Systems Using Convex Relaxation Technique,B. Harikaran; Shanmugam Harshavarthini; Sangmoon Lee; Rathinasamy Sakthivel; T. Sathiyaraj,55,5,10.1109/tsmc.2025.3543170,https://doi.org/10.1109/tsmc.2025.3543170,article,IEEE Transactions on Systems Man and Cybernetics Systems,https://openalex.org/W4408182283
"IEEE Transactions on Systems, Man, and Cybernetics: Systems",IEEE,2025,2025-03-07,Fuzzy-Model-Based Fault-Tolerant Control for Stochastic Re-Entrant Manufacturing Systems,Kexin Zhang; Qing Zhong Gao; Steven X. Ding; Jinhu Lü; Jianbin Qiu; Yige Guo,55,5,10.1109/tsmc.2025.3542356,https://doi.org/10.1109/tsmc.2025.3542356,article,IEEE Transactions on Systems Man and Cybernetics Systems,https://openalex.org/W4408241918
"IEEE Transactions on Systems, Man, and Cybernetics: Systems",IEEE,2025,2025-03-11,Dynamic Self-Triggered Control for Nonzero-Sum Games of Unknown Nonlinear Constrained Systems via Generalized Fuzzy Hyperbolic Models,Fan Liu; Hanguang Su; Huaguang Zhang; Biao Luo; Jiawei Wang,55,5,10.1109/tsmc.2025.3541300,https://doi.org/10.1109/tsmc.2025.3541300,article,IEEE Transactions on Systems Man and Cybernetics Systems,https://openalex.org/W4408323903
"IEEE Transactions on Systems, Man, and Cybernetics: Systems",IEEE,2025,2025-03-13,Design of Adaptive Global Barrier-Function PID-Type Finite Time Tracking Control Method for Uncertain Systems,Saleh Mobayen,55,5,10.1109/tsmc.2025.3546801,https://doi.org/10.1109/tsmc.2025.3546801,article,IEEE Transactions on Systems Man and Cybernetics Systems,https://openalex.org/W4408399482
"IEEE Transactions on Systems, Man, and Cybernetics: Systems",IEEE,2025,2025-03-13,Multiparty Random Phase Wrapping Secret-Sharing Systems for Visual Data Security,You-Hyun Kim; Ongee Jeong; Inkyu Moon; Bahram Javidi,55,5,10.1109/tsmc.2025.3541827,https://doi.org/10.1109/tsmc.2025.3541827,article,IEEE Transactions on Systems Man and Cybernetics Systems,https://openalex.org/W4408399687
"IEEE Transactions on Systems, Man, and Cybernetics: Systems",IEEE,2025,2025-03-13,Robust Adaptive Sliding Mode Security Control of Markov Jump Cyber-Physical Systems With Stochastic Injection Attacks Through Event-Triggered-Based Observer Approach,Baoping Jiang; Fuzhou Niu; Zhengtian Wu; Jianbin Qiu,55,5,10.1109/tsmc.2025.3547020,https://doi.org/10.1109/tsmc.2025.3547020,article,IEEE Transactions on Systems Man and Cybernetics Systems,https://openalex.org/W4408399527
"IEEE Transactions on Systems, Man, and Cybernetics: Systems",IEEE,2025,2025-03-14,Bipartite Complete Synchronization of Fractional Heterogeneous Networks via Quantized Control Without Gauge Transformation,Yu Sun; Cheng Hu; Juan Yu; Hongli Li; Shiping Wen,55,5,10.1109/tsmc.2025.3546677,https://doi.org/10.1109/tsmc.2025.3546677,article,IEEE Transactions on Systems Man and Cybernetics Systems,https://openalex.org/W4408441472
"IEEE Transactions on Systems, Man, and Cybernetics: Systems",IEEE,2025,2025-03-14,Robust Data-Driven Containment of Fully Unknown Heterogeneous MASs From Noisy Data,Shicheng Huo; Guobao Liu; Hao  Yang Shen; Chao Deng; Ya Zhang,55,5,10.1109/tsmc.2025.3545832,https://doi.org/10.1109/tsmc.2025.3545832,article,IEEE Transactions on Systems Man and Cybernetics Systems,https://openalex.org/W4408441456
"IEEE Transactions on Systems, Man, and Cybernetics: Systems",IEEE,2025,2025-03-17,Diagnosability Verification and Enforcement in Labeled Petri Nets Under Sensor Attacks,Shaopeng Hu; Zhiwu Li; Ding Liu,55,5,10.1109/tsmc.2025.3545756,https://doi.org/10.1109/tsmc.2025.3545756,article,IEEE Transactions on Systems Man and Cybernetics Systems,https://openalex.org/W4408520418
"IEEE Transactions on Systems, Man, and Cybernetics: Systems",IEEE,2025,2025-03-17,State Estimation of Discrete-Time Fractional-Order Nonautonomous Neural Networks With Time Delays,Jie Deng; Hongli Li; Cheng Hu; Haijun Jiang; Jinde Cao,55,5,10.1109/tsmc.2025.3546945,https://doi.org/10.1109/tsmc.2025.3546945,article,IEEE Transactions on Systems Man and Cybernetics Systems,https://openalex.org/W4408520471
"IEEE Transactions on Systems, Man, and Cybernetics: Systems",IEEE,2025,2025-03-18,Adaptive State Constrained Control of a Flexible Riser System With Transient Performance,Xin-Yu Zhang; Xiangpeng Xie; Yan‐Jun Liu; Li Dan Tang; Zhou Gu,55,6,10.1109/tsmc.2025.3547054,https://doi.org/10.1109/tsmc.2025.3547054,article,IEEE Transactions on Systems Man and Cybernetics Systems,https://openalex.org/W4408564496
"IEEE Transactions on Systems, Man, and Cybernetics: Systems",IEEE,2025,2025-03-18,Distribution-Allowed Noise-Resistant Neural Dynamics for Constrained Time-Dependent Quadratic Programming With kWTA Application,Xin Ma; Dexiu Ma; Mei Liu,55,5,10.1109/tsmc.2025.3547387,https://doi.org/10.1109/tsmc.2025.3547387,article,IEEE Transactions on Systems Man and Cybernetics Systems,https://openalex.org/W4408564537
"IEEE Transactions on Systems, Man, and Cybernetics: Systems",IEEE,2025,2025-03-18,Finite-Time Input-to-State Stability of Neural Networks With Disturbances and Prescribed Performance,Mingxin Wang; Song Zhu; Xiaoyang Liu; Shiping Wen; Chaoxu Mu,55,5,10.1109/tsmc.2025.3547499,https://doi.org/10.1109/tsmc.2025.3547499,article,IEEE Transactions on Systems Man and Cybernetics Systems,https://openalex.org/W4408564515
"IEEE Transactions on Systems, Man, and Cybernetics: Systems",IEEE,2025,2025-03-19,A Framework for the Automated and Optimal Design of Vertical Lift Modules,Nicola Mignoni; Paolo Scarabaggio; Raffaele Carli; Mariagrazia Dotoli,55,6,10.1109/tsmc.2025.3547302,https://doi.org/10.1109/tsmc.2025.3547302,article,IEEE Transactions on Systems Man and Cybernetics Systems,https://openalex.org/W4408609396
"IEEE Transactions on Systems, Man, and Cybernetics: Systems",IEEE,2025,2025-03-19,An Adaptive Federated Fuzzy C-Means Clustering With Nonindependently and Identically Distributed Data,Longmei Li; Wei Lu; Witold Pedrycz,55,6,10.1109/tsmc.2025.3547350,https://doi.org/10.1109/tsmc.2025.3547350,article,IEEE Transactions on Systems Man and Cybernetics Systems,https://openalex.org/W4408609303
"IEEE Transactions on Systems, Man, and Cybernetics: Systems",IEEE,2025,2025-03-19,Distributed State Estimation for Nonlinear Dynamical Networks With Stochastic Topological Structures Subject to Random Deception Attacks and Bit-Rate Constraints,Jun Feng Hu; Bing Hong XU; R. Caballero‐Águila; Chaoqing Jia; Hongli Dong,55,6,10.1109/tsmc.2025.3547926,https://doi.org/10.1109/tsmc.2025.3547926,article,IEEE Transactions on Systems Man and Cybernetics Systems,https://openalex.org/W4408609260
"IEEE Transactions on Systems, Man, and Cybernetics: Systems",IEEE,2025,2025-03-19,Fault Detection for Piecewise Systems via a New Event-Triggered Mechanism,Xiao‐Lei Wang; Zongzheng Ma; Chao Deng; Yu‐Long Wang; Chen Peng,55,6,10.1109/tsmc.2025.3547313,https://doi.org/10.1109/tsmc.2025.3547313,article,IEEE Transactions on Systems Man and Cybernetics Systems,https://openalex.org/W4408609281
"IEEE Transactions on Systems, Man, and Cybernetics: Systems",IEEE,2025,2025-03-19,"IEEE Systems, Man, and Cybernetics Society Information",,55,4,10.1109/tsmc.2025.3551104,https://doi.org/10.1109/tsmc.2025.3551104,paratext,IEEE Transactions on Systems Man and Cybernetics Systems,https://openalex.org/W4408609392
"IEEE Transactions on Systems, Man, and Cybernetics: Systems",IEEE,2025,2025-03-19,"IEEE Systems, Man, and Cybernetics Society Information",,55,4,10.1109/tsmc.2025.3551171,https://doi.org/10.1109/tsmc.2025.3551171,paratext,IEEE Transactions on Systems Man and Cybernetics Systems,https://openalex.org/W4408609552
"IEEE Transactions on Systems, Man, and Cybernetics: Systems",IEEE,2025,2025-03-19,"IEEE Transactions on Systems, Man, and Cybernetics: Systems Information for Authors",,55,4,10.1109/tsmc.2025.3551173,https://doi.org/10.1109/tsmc.2025.3551173,paratext,IEEE Transactions on Systems Man and Cybernetics Systems,https://openalex.org/W4408609175
"IEEE Transactions on Systems, Man, and Cybernetics: Systems",IEEE,2025,2025-03-19,"IEEE Transactions on Systems, Man, and Cybernetics: Systems Information for Authors",,55,4,10.1109/tsmc.2025.3551106,https://doi.org/10.1109/tsmc.2025.3551106,paratext,IEEE Transactions on Systems Man and Cybernetics Systems,https://openalex.org/W4408609516
"IEEE Transactions on Systems, Man, and Cybernetics: Systems",IEEE,2025,2025-03-19,"IEEE Transactions on Systems, Man, and Cybernetics: Systems Publication Information",,55,4,10.1109/tsmc.2025.3551169,https://doi.org/10.1109/tsmc.2025.3551169,paratext,IEEE Transactions on Systems Man and Cybernetics Systems,https://openalex.org/W4408609290
"IEEE Transactions on Systems, Man, and Cybernetics: Systems",IEEE,2025,2025-03-19,"IEEE Transactions on Systems, Man, and Cybernetics: Systems Publication Information",,55,4,10.1109/tsmc.2025.3551102,https://doi.org/10.1109/tsmc.2025.3551102,paratext,IEEE Transactions on Systems Man and Cybernetics Systems,https://openalex.org/W4408609365
"IEEE Transactions on Systems, Man, and Cybernetics: Systems",IEEE,2025,2025-03-19,Interval Type-2 Fuzzy Dynamic Event-Triggered H ∞ Consensus of Multiagent Systems,Zhenbin Du; Xiangpeng Xie; Yonggui Kao; Xudong Zhao,55,6,10.1109/tsmc.2025.3546994,https://doi.org/10.1109/tsmc.2025.3546994,article,IEEE Transactions on Systems Man and Cybernetics Systems,https://openalex.org/W4408609299
"IEEE Transactions on Systems, Man, and Cybernetics: Systems",IEEE,2025,2025-03-19,Introducing IEEE Collabratec,,55,4,10.1109/tsmc.2025.3551110,https://doi.org/10.1109/tsmc.2025.3551110,article,IEEE Transactions on Systems Man and Cybernetics Systems,https://openalex.org/W4408609211
"IEEE Transactions on Systems, Man, and Cybernetics: Systems",IEEE,2025,2025-03-19,Model-Free H ∞ Optimal Hierarchical Control of Heterogeneous Multiagent Systems via Adaptive Dynamic Programming,Yanhong Luo; Shunwei Hu; Huaguang Zhang; Xiangpeng Xie,55,6,10.1109/tsmc.2025.3548114,https://doi.org/10.1109/tsmc.2025.3548114,article,IEEE Transactions on Systems Man and Cybernetics Systems,https://openalex.org/W4408609304
"IEEE Transactions on Systems, Man, and Cybernetics: Systems",IEEE,2025,2025-03-19,Outlier-Aware Recursive Instantaneous Minimum Error Entropy Algorithm,Shan Zhong; Bei Peng; Ziyi Wang; Jiacheng He; Yin Zhang; Gang Wang,55,6,10.1109/tsmc.2025.3547378,https://doi.org/10.1109/tsmc.2025.3547378,article,IEEE Transactions on Systems Man and Cybernetics Systems,https://openalex.org/W4408609248
"IEEE Transactions on Systems, Man, and Cybernetics: Systems",IEEE,2025,2025-03-19,Table of Contents,,55,4,10.1109/tsmc.2025.3546711,https://doi.org/10.1109/tsmc.2025.3546711,paratext,IEEE Transactions on Systems Man and Cybernetics Systems,https://openalex.org/W4408609244
"IEEE Transactions on Systems, Man, and Cybernetics: Systems",IEEE,2025,2025-03-19,Table of Contents,,55,4,10.1109/tsmc.2025.3546707,https://doi.org/10.1109/tsmc.2025.3546707,paratext,IEEE Transactions on Systems Man and Cybernetics Systems,https://openalex.org/W4408609287
"IEEE Transactions on Systems, Man, and Cybernetics: Systems",IEEE,2025,2025-03-19,TechRxiv: Share Your Preprint Research With the World!,,55,4,10.1109/tsmc.2025.3551108,https://doi.org/10.1109/tsmc.2025.3551108,article,IEEE Transactions on Systems Man and Cybernetics Systems,https://openalex.org/W4408609285
"IEEE Transactions on Systems, Man, and Cybernetics: Systems",IEEE,2025,2025-03-19,TechRxiv: Share Your Preprint Research With the World!,,55,4,10.1109/tsmc.2025.3551175,https://doi.org/10.1109/tsmc.2025.3551175,article,IEEE Transactions on Systems Man and Cybernetics Systems,https://openalex.org/W4408609353
"IEEE Transactions on Systems, Man, and Cybernetics: Systems",IEEE,2025,2025-03-19,Tensor-Based Privacy Protection Scheme With Multifeature Fusion for Facial Recognition,Yan Xiao; Jian-Jun Han; Jiayi Cen; Zikang Fang,55,6,10.1109/tsmc.2025.3547887,https://doi.org/10.1109/tsmc.2025.3547887,article,IEEE Transactions on Systems Man and Cybernetics Systems,https://openalex.org/W4408609317
"IEEE Transactions on Systems, Man, and Cybernetics: Systems",IEEE,2025,2025-03-21,A Hyper-Heuristic for Dynamic Integrated Process Planning and Scheduling Problem With Reconfigurable Manufacturing Cells,Haoxin Guo; Jianhua Liu; Cunbo Zhuang; Hongliang Dong; Feng Zhang,55,6,10.1109/tsmc.2025.3548120,https://doi.org/10.1109/tsmc.2025.3548120,article,IEEE Transactions on Systems Man and Cybernetics Systems,https://openalex.org/W4408710770
"IEEE Transactions on Systems, Man, and Cybernetics: Systems",IEEE,2025,2025-03-21,Biomechanics-Based Collaborative Manipulation Method for an Ultrasound-Guided Puncture Robot,Zheng Liu; Shuang Wang; Qianlin Dai; Zhenggang Cao; Li Lin; Le Xie,55,6,10.1109/tsmc.2025.3547574,https://doi.org/10.1109/tsmc.2025.3547574,article,IEEE Transactions on Systems Man and Cybernetics Systems,https://openalex.org/W4408716263
"IEEE Transactions on Systems, Man, and Cybernetics: Systems",IEEE,2025,2025-03-21,Data-Driven Control for Continuous-Time Delayed Systems Under Denial-of-Service Attacks and Unknown Measurement Noise,Yi Zou; Engang Tian; Huwei Chen,55,6,10.1109/tsmc.2025.3548663,https://doi.org/10.1109/tsmc.2025.3548663,article,IEEE Transactions on Systems Man and Cybernetics Systems,https://openalex.org/W4408709786
"IEEE Transactions on Systems, Man, and Cybernetics: Systems",IEEE,2025,2025-03-21,Extended Zero-Gradient-Sum Approach for Constrained Distributed Optimization With Free Initialization,Xinli Shi; Xinghuo Yu; Guanghui Wen; Xiangping Xu,55,6,10.1109/tsmc.2025.3547335,https://doi.org/10.1109/tsmc.2025.3547335,article,IEEE Transactions on Systems Man and Cybernetics Systems,https://openalex.org/W4408709689
"IEEE Transactions on Systems, Man, and Cybernetics: Systems",IEEE,2025,2025-03-21,Mean-Square Finite-Time Stability and Stabilization of Impulsive Stochastic Distributed Parameter Systems,Xisheng Dai; Huang Zuo; Feiqi Deng,55,6,10.1109/tsmc.2025.3547949,https://doi.org/10.1109/tsmc.2025.3547949,article,IEEE Transactions on Systems Man and Cybernetics Systems,https://openalex.org/W4408710435
"IEEE Transactions on Systems, Man, and Cybernetics: Systems",IEEE,2025,2025-03-21,Observer-Based Control for Interval Type-2 Fuzzy Systems Under PDT-Based DoS Attacks,Hao  Yang Shen; Xinmiao Liu; Qian Ma; Jing Wang,55,6,10.1109/tsmc.2025.3547320,https://doi.org/10.1109/tsmc.2025.3547320,article,IEEE Transactions on Systems Man and Cybernetics Systems,https://openalex.org/W4408711313
"IEEE Transactions on Systems, Man, and Cybernetics: Systems",IEEE,2025,2025-03-21,Optimal Linear Stealthy Attacks on Remote State Estimation: A Colored Noise-Based Approach,Pengyu Li; Dan Ye,55,6,10.1109/tsmc.2025.3548601,https://doi.org/10.1109/tsmc.2025.3548601,article,IEEE Transactions on Systems Man and Cybernetics Systems,https://openalex.org/W4408716280
"IEEE Transactions on Systems, Man, and Cybernetics: Systems",IEEE,2025,2025-03-21,Robust Attribute Reduction Exploring Class-Separability and Attribute-Correlation for Ordered Decision Systems,Binbin Sang; Lei Yang; Hongmei Chen; Tianrui Li; Weihua Xu,55,6,10.1109/tsmc.2025.3547972,https://doi.org/10.1109/tsmc.2025.3547972,article,IEEE Transactions on Systems Man and Cybernetics Systems,https://openalex.org/W4408709186
"IEEE Transactions on Systems, Man, and Cybernetics: Systems",IEEE,2025,2025-03-22,Adaptive Secure Control for Uncertain Cyber-Physical Systems With Markov Switching Against Both Sensor and Actuator Attacks,Zhen Liu; Junye Zhang; Quanmin Zhu,55,6,10.1109/tsmc.2025.3547865,https://doi.org/10.1109/tsmc.2025.3547865,article,IEEE Transactions on Systems Man and Cybernetics Systems,https://openalex.org/W4408710462
"IEEE Transactions on Systems, Man, and Cybernetics: Systems",IEEE,2025,2025-03-22,What Contributes More to the Robustness of Heterophilic Graph Neural Networks?,Junyuan Fang; Han Yang; Jiajing Wu; Zibin Zheng; Chi Kong Tse,55,6,10.1109/tsmc.2025.3548860,https://doi.org/10.1109/tsmc.2025.3548860,article,IEEE Transactions on Systems Man and Cybernetics Systems,https://openalex.org/W4408709169
"IEEE Transactions on Systems, Man, and Cybernetics: Systems",IEEE,2025,2025-03-24,Adaptive NN Output Feedback Control of Switched Nonlinear Systems via Multiple Event-Triggering Communications,Fenglan Wang; Lijun Long,55,6,10.1109/tsmc.2025.3549528,https://doi.org/10.1109/tsmc.2025.3549528,article,IEEE Transactions on Systems Man and Cybernetics Systems,https://openalex.org/W4408779621
"IEEE Transactions on Systems, Man, and Cybernetics: Systems",IEEE,2025,2025-03-24,Adaptive Predefined-Time Event-Triggered Control for Attitude Consensus of Multiple Spacecraft With Time-Varying State Constraints,Xiaoyu Yang; Qiang Chen; Shuzong Xie; Xiongxiong He,55,6,10.1109/tsmc.2025.3535816,https://doi.org/10.1109/tsmc.2025.3535816,article,IEEE Transactions on Systems Man and Cybernetics Systems,https://openalex.org/W4408779797
"IEEE Transactions on Systems, Man, and Cybernetics: Systems",IEEE,2025,2025-03-24,Dynamic Nash Equilibrium Seeking for Constrained Noncooperative Game of Open Multiagent Systems,Jing‐Zhe Xu; Zhi‐Wei Liu; Dingxin He; Zhian Jia; Ming‐Feng Ge,55,6,10.1109/tsmc.2025.3548122,https://doi.org/10.1109/tsmc.2025.3548122,article,IEEE Transactions on Systems Man and Cybernetics Systems,https://openalex.org/W4408779684
"IEEE Transactions on Systems, Man, and Cybernetics: Systems",IEEE,2025,2025-03-24,Game Behavior-Driven Consensus Models With Maximum Linear-Quadratic Payoffs and Minimum Adjustment,Shengli Li; Yuzheng Sang; Rosa M. Rodríguez; Jindong Qin; Cuiping Wei,55,6,10.1109/tsmc.2025.3548123,https://doi.org/10.1109/tsmc.2025.3548123,article,IEEE Transactions on Systems Man and Cybernetics Systems,https://openalex.org/W4408779784
"IEEE Transactions on Systems, Man, and Cybernetics: Systems",IEEE,2025,2025-03-24,Handling Multiobjective Optimization Problems With Complex Constraints: A Constraints Grouping-Based Approach,Biao Xu; Yiwu Zheng; Wenji Li; Xiao‐Zhi Gao; Dunwei Gong; Jie He; Zhun Fan,55,6,10.1109/tsmc.2025.3547618,https://doi.org/10.1109/tsmc.2025.3547618,article,IEEE Transactions on Systems Man and Cybernetics Systems,https://openalex.org/W4408779772
"IEEE Transactions on Systems, Man, and Cybernetics: Systems",IEEE,2025,2025-03-24,Super-Ellipse Formation Tracking of Uncertain Vehicles: A Simplified Reinforcement Learning Energy Optimization Method,Rui Yu; Yang‐Yang Chen; Guanghui Wen; Shuai Wang; Tingwen Huang,55,6,10.1109/tsmc.2025.3548081,https://doi.org/10.1109/tsmc.2025.3548081,article,IEEE Transactions on Systems Man and Cybernetics Systems,https://openalex.org/W4408779626
"IEEE Transactions on Systems, Man, and Cybernetics: Systems",IEEE,2025,2025-03-24,Time-Varying Momentum-Like Neurodynamic Optimization Approaches With Fixed-Time Convergence for Nash Equilibrium Seeking in Noncooperative Games,Xingxing Ju; Xinsong Yang; Chuandong Li,55,6,10.1109/tsmc.2025.3547407,https://doi.org/10.1109/tsmc.2025.3547407,article,IEEE Transactions on Systems Man and Cybernetics Systems,https://openalex.org/W4408779787
"IEEE Transactions on Systems, Man, and Cybernetics: Systems",IEEE,2025,2025-03-26,Collaborative Control of Human–Machine Game in Lateral and Longitudinal Dimensions Considering Dynamic Allocation of Driving Authority,Xiang Chen; Wenlong Ding; Wanzhong Zhao; Chunyan Wang,55,6,10.1109/tsmc.2025.3549424,https://doi.org/10.1109/tsmc.2025.3549424,article,IEEE Transactions on Systems Man and Cybernetics Systems,https://openalex.org/W4408858312
"IEEE Transactions on Systems, Man, and Cybernetics: Systems",IEEE,2025,2025-03-26,Compliant Control of Flexible Joint Toward Prescribed Performance With Gaussian Kernels,Hongyu Wan; Silu Chen; Xiangjie Kong; Xianbei Sun; Chin-Yin Chen; Jinhua Chen; Chi Zhang; Guilin Yang,55,6,10.1109/tsmc.2025.3548306,https://doi.org/10.1109/tsmc.2025.3548306,article,IEEE Transactions on Systems Man and Cybernetics Systems,https://openalex.org/W4408858379
"IEEE Transactions on Systems, Man, and Cybernetics: Systems",IEEE,2025,2025-03-26,Contrastive Translation With Dynamical Temperature for Sequential Recommendation,Aoran Zhang; Yonghong Yu; Zhang Li; Rong Gao; Hongzhi Yin,55,6,10.1109/tsmc.2025.3550701,https://doi.org/10.1109/tsmc.2025.3550701,article,IEEE Transactions on Systems Man and Cybernetics Systems,https://openalex.org/W4408859538
"IEEE Transactions on Systems, Man, and Cybernetics: Systems",IEEE,2025,2025-03-26,Distributed Adaptive Dynamic Programming for Consensus Control of Multiagent Systems Within Hierarchical Stackelberg–Nash Game Framework,Haoyan Zhang; Yingwei Zhang; Xudong Zhao; Chun‐Yi Su,55,6,10.1109/tsmc.2025.3548319,https://doi.org/10.1109/tsmc.2025.3548319,article,IEEE Transactions on Systems Man and Cybernetics Systems,https://openalex.org/W4408858345
"IEEE Transactions on Systems, Man, and Cybernetics: Systems",IEEE,2025,2025-03-26,Dynamic Event-Triggered Cluster Consensus for Multiagent Systems Under DoS Attacks With Antagonistic Interactions,Siwen Zhou; Yang Liu; Xinxi Lu; Wenling Li; Jiang Long,55,6,10.1109/tsmc.2025.3549726,https://doi.org/10.1109/tsmc.2025.3549726,article,IEEE Transactions on Systems Man and Cybernetics Systems,https://openalex.org/W4408859940
"IEEE Transactions on Systems, Man, and Cybernetics: Systems",IEEE,2025,2025-03-26,Group Multirole Assignment With General Conflict,Shiyu Wu; Shenglin Li; Haibin Zhu; Tianxing Wang; Libo Zhang,55,6,10.1109/tsmc.2025.3549602,https://doi.org/10.1109/tsmc.2025.3549602,article,IEEE Transactions on Systems Man and Cybernetics Systems,https://openalex.org/W4408859475
"IEEE Transactions on Systems, Man, and Cybernetics: Systems",IEEE,2025,2025-03-26,Interval Observer-Based Coordination Control for Discrete-Time Multi-Agent Systems,Miaohong Luo; Housheng Su; Wei Xing Zheng,55,6,10.1109/tsmc.2025.3545954,https://doi.org/10.1109/tsmc.2025.3545954,article,IEEE Transactions on Systems Man and Cybernetics Systems,https://openalex.org/W4408859833
"IEEE Transactions on Systems, Man, and Cybernetics: Systems",IEEE,2025,2025-03-26,Multichannel-Based Multiview Shallow Fusion for Time Series Classification and Its Application in Fault Diagnosis,Changchun He; Xin Huo; Yuchen Jiang; Chao Zhu,55,6,10.1109/tsmc.2025.3548662,https://doi.org/10.1109/tsmc.2025.3548662,article,IEEE Transactions on Systems Man and Cybernetics Systems,https://openalex.org/W4408859655
"IEEE Transactions on Systems, Man, and Cybernetics: Systems",IEEE,2025,2025-03-27,A Compensation Matrix Based Model Predictive Control Structure for the Register Control of Roll-to-Roll Manufacturing,Tao Zhang; Gaojie Li; Ying Zheng; Zhihua Chen,55,6,10.1109/tsmc.2025.3547246,https://doi.org/10.1109/tsmc.2025.3547246,article,IEEE Transactions on Systems Man and Cybernetics Systems,https://openalex.org/W4408859512
"IEEE Transactions on Systems, Man, and Cybernetics: Systems",IEEE,2025,2025-03-27,Computational Creativity by Diversity-Optimized Intelligent Search: An Automatic Approach to Artificial Synthesis of Trigonometric Identities,Sayantani Ghosh; Amit Konar,55,6,10.1109/tsmc.2025.3550723,https://doi.org/10.1109/tsmc.2025.3550723,article,IEEE Transactions on Systems Man and Cybernetics Systems,https://openalex.org/W4408858286
"IEEE Transactions on Systems, Man, and Cybernetics: Systems",IEEE,2025,2025-03-27,Nash Equilibrium Seeking for Nonzero-Sum Games of Switched Nonlinear Systems,Yan Zhang; Yuhang Meng; Fang Wang; Choon Ki Ahn; Zhengrong Xiang,55,6,10.1109/tsmc.2025.3549599,https://doi.org/10.1109/tsmc.2025.3549599,article,IEEE Transactions on Systems Man and Cybernetics Systems,https://openalex.org/W4408858262
"IEEE Transactions on Systems, Man, and Cybernetics: Systems",IEEE,2025,2025-03-28,A New Multi-Target Domain Adaptation Method Based on Evidence Theory for Distribution Inconsistent Data Classification,Linqing Huang; Jinfu Fan; Shilin Wang; Kaiqin Xu; Yong Liu,55,6,10.1109/tsmc.2025.3548988,https://doi.org/10.1109/tsmc.2025.3548988,article,IEEE Transactions on Systems Man and Cybernetics Systems,https://openalex.org/W4408915682
"IEEE Transactions on Systems, Man, and Cybernetics: Systems",IEEE,2025,2025-03-28,DRIFT: A Dynamic Crowd Inflow Control System Using LSTM-Based Deep Reinforcement Learning,Xiao-Cheng Liao; Wei–Neng Chen; Xiao-Qi Guo; Jinghui Zhong; Dajiang Wang,55,6,10.1109/tsmc.2025.3549627,https://doi.org/10.1109/tsmc.2025.3549627,article,IEEE Transactions on Systems Man and Cybernetics Systems,https://openalex.org/W4408915760
"IEEE Transactions on Systems, Man, and Cybernetics: Systems",IEEE,2025,2025-03-28,Practical Robust Formation Control for Nonlinear Multiagent Systems via Generative Adversarial Learning Framework: Theory and Experiment,Nuan Wen; Mir Feroskhan,55,6,10.1109/tsmc.2025.3550255,https://doi.org/10.1109/tsmc.2025.3550255,article,IEEE Transactions on Systems Man and Cybernetics Systems,https://openalex.org/W4408915813
"IEEE Transactions on Systems, Man, and Cybernetics: Systems",IEEE,2025,2025-03-28,Sharpness-Aware Cross-Domain Recommendation to Cold-Start Users,Guohang Zeng; Qian Zhang; Guangquan Zhang; Jie Lü,55,6,10.1109/tsmc.2025.3549400,https://doi.org/10.1109/tsmc.2025.3549400,article,IEEE Transactions on Systems Man and Cybernetics Systems,https://openalex.org/W4408915767
"IEEE Transactions on Systems, Man, and Cybernetics: Systems",IEEE,2025,2025-03-31,A Highly-Accurate Three-Way Decision-Incorporated Online Sparse Streaming Features Selection Model,Ruiyang Xu; Di Wu; Renfang Wang; Xin Luo,55,6,10.1109/tsmc.2025.3548648,https://doi.org/10.1109/tsmc.2025.3548648,article,IEEE Transactions on Systems Man and Cybernetics Systems,https://openalex.org/W4409014709
"IEEE Transactions on Systems, Man, and Cybernetics: Systems",IEEE,2025,2025-04-01,A Novel Data-Driven DRNN-SMC Model for Redundant Manipulators,Min Yang; Yuxin Guo; Siying Zhu; Ning Tan; Bolin Liao; Hui Zhang,55,6,10.1109/tsmc.2025.3550943,https://doi.org/10.1109/tsmc.2025.3550943,article,IEEE Transactions on Systems Man and Cybernetics Systems,https://openalex.org/W4409057809
"IEEE Transactions on Systems, Man, and Cybernetics: Systems",IEEE,2025,2025-04-01,An Effective Computing Cloud–Edge-Seamless System for Industrial Internet of Things,Xinyi Xie; Houbing  Herbert Song; Shaobo Zhang; Anfeng Liu,55,6,10.1109/tsmc.2025.3548099,https://doi.org/10.1109/tsmc.2025.3548099,article,IEEE Transactions on Systems Man and Cybernetics Systems,https://openalex.org/W4409057819
"IEEE Transactions on Systems, Man, and Cybernetics: Systems",IEEE,2025,2025-04-01,Analysis on Fault Detectability of Boolean Control Networks: A Labeled Graph Approach,Jiahao Wu; Yang Liu; Jianlong Qiu; Zheng‐Guang Wu; Mahmoud Abdel‐Aty,55,6,10.1109/tsmc.2025.3550368,https://doi.org/10.1109/tsmc.2025.3550368,article,IEEE Transactions on Systems Man and Cybernetics Systems,https://openalex.org/W4409057806
"IEEE Transactions on Systems, Man, and Cybernetics: Systems",IEEE,2025,2025-04-01,Deep Active Learning for Image Hierarchical Classification by Introducing Dependencies and Constraints Between Classes,Yanxue Wu; Min Wang; Fan Min; Qi Wang; Zhi-Heng Zhang; Haoyu Zhang; Xiangbing Zhou,55,6,10.1109/tsmc.2025.3552667,https://doi.org/10.1109/tsmc.2025.3552667,article,IEEE Transactions on Systems Man and Cybernetics Systems,https://openalex.org/W4409057793
"IEEE Transactions on Systems, Man, and Cybernetics: Systems",IEEE,2025,2025-04-01,Event-Triggered Generalized State Observer-Based Finite-Time Fault-Tolerant Control of Underwater Vehicles With Input Saturation,Nihad Ali; Zahoor Ahmed; Hongtian Chen; Weidong Zhang,55,6,10.1109/tsmc.2025.3550917,https://doi.org/10.1109/tsmc.2025.3550917,article,IEEE Transactions on Systems Man and Cybernetics Systems,https://openalex.org/W4409057824
"IEEE Transactions on Systems, Man, and Cybernetics: Systems",IEEE,2025,2025-04-01,Fault Detection for Discrete-Time Takagi-Sugeno Fuzzy Systems With Unmeasurable Premise Variable With L ₂ – L ∞/ H ∞ Mixed Observer and Zonotopic Analysis,Yi Li; Jiuxiang Dong,55,6,10.1109/tsmc.2025.3548095,https://doi.org/10.1109/tsmc.2025.3548095,article,IEEE Transactions on Systems Man and Cybernetics Systems,https://openalex.org/W4409057825
"IEEE Transactions on Systems, Man, and Cybernetics: Systems",IEEE,2025,2025-04-01,Leader-Following Consensus of MASs With Input Constraints: A Time-Varying Dynamic Event-Triggered Approach,Meilin Li; Tieshan Li; Kai Zhang,55,6,10.1109/tsmc.2025.3552416,https://doi.org/10.1109/tsmc.2025.3552416,article,IEEE Transactions on Systems Man and Cybernetics Systems,https://openalex.org/W4409057790
"IEEE Transactions on Systems, Man, and Cybernetics: Systems",IEEE,2025,2025-04-01,Optimal Scheduling of a Hydrogen-Based Microgrid for an Industrial Park: A Reinforcement Learning Approach,Wangli He; Chenhao Cai; Qing‐Long Han; Xiangyun Qing; Wenli Du; Feng Qian,55,6,10.1109/tsmc.2025.3551325,https://doi.org/10.1109/tsmc.2025.3551325,article,IEEE Transactions on Systems Man and Cybernetics Systems,https://openalex.org/W4409076693
"IEEE Transactions on Systems, Man, and Cybernetics: Systems",IEEE,2025,2025-04-01,Privacy-Preserving Diffusion Adaptive Learning With Nonzero-Mean Protection Noise,Hongyu Han; Sheng Zhang; Guanghui Wen,55,6,10.1109/tsmc.2025.3550524,https://doi.org/10.1109/tsmc.2025.3550524,article,IEEE Transactions on Systems Man and Cybernetics Systems,https://openalex.org/W4409057791
"IEEE Transactions on Systems, Man, and Cybernetics: Systems",IEEE,2025,2025-04-01,Self-Determination Theory and Deep Reinforcement Learning for Personalized Energy Trading in Smart Grid,Min Zhang; Frank Eliassen; Amir Taherkordi; Hans‐Arno Jacobsen; Yushuai Li; Yan Zhang,55,6,10.1109/tsmc.2025.3551667,https://doi.org/10.1109/tsmc.2025.3551667,article,IEEE Transactions on Systems Man and Cybernetics Systems,https://openalex.org/W4409057805
"IEEE Transactions on Systems, Man, and Cybernetics: Systems",IEEE,2025,2025-04-01,Stability Region Analysis for Nabla Linear Time Invariant Fractional Order Systems,Yiheng Wei; Linlin Zhao; Xuan Zhao; Jinde Cao,55,6,10.1109/tsmc.2025.3549640,https://doi.org/10.1109/tsmc.2025.3549640,article,IEEE Transactions on Systems Man and Cybernetics Systems,https://openalex.org/W4409057789
"IEEE Transactions on Systems, Man, and Cybernetics: Systems",IEEE,2025,2025-04-02,Fixed-Time Tracking Control of 3-D Collaborative Double Boom Cranes With Obstacle Avoidance and Prescribed Performance,Zhuoqing Liu; Tong Yang; Lu Zhou; Yongchun Fang; Ning Sun,55,6,10.1109/tsmc.2025.3551601,https://doi.org/10.1109/tsmc.2025.3551601,article,IEEE Transactions on Systems Man and Cybernetics Systems,https://openalex.org/W4409102176
"IEEE Transactions on Systems, Man, and Cybernetics: Systems",IEEE,2025,2025-04-02,Night-Time Traffic Light Recognition Based on Enhancement-Guided Object Detection,Zikai Yao; Qiang Liu; Zhangzhen Zhao; Yuliang Qin; Jinglong Zhu; Tianzhi Xia; Bo Li; Lipo Wang,55,6,10.1109/tsmc.2025.3552621,https://doi.org/10.1109/tsmc.2025.3552621,article,IEEE Transactions on Systems Man and Cybernetics Systems,https://openalex.org/W4409102218
"IEEE Transactions on Systems, Man, and Cybernetics: Systems",IEEE,2025,2025-04-02,Utility-Driven Minimum Cost Consensus Model With Preference Learning and Fairness Concerns,Bowen Zhang; Wenjun Huang; Yucheng Dong; Witold Pedrycz,55,7,10.1109/tsmc.2025.3552113,https://doi.org/10.1109/tsmc.2025.3552113,article,IEEE Transactions on Systems Man and Cybernetics Systems,https://openalex.org/W4409102251
"IEEE Transactions on Systems, Man, and Cybernetics: Systems",IEEE,2025,2025-04-03,Coupled Control of Preview Active Suspension and Longitudinal Dynamics for Autonomous Vehicle,Ming Bai; Jue Wang; Weichao Sun,55,7,10.1109/tsmc.2025.3552829,https://doi.org/10.1109/tsmc.2025.3552829,article,IEEE Transactions on Systems Man and Cybernetics Systems,https://openalex.org/W4409129274
"IEEE Transactions on Systems, Man, and Cybernetics: Systems",IEEE,2025,2025-04-03,Deep Semantic Canonical Correlation Embedding for Zero-Shot Industrial Process Fault Diagnosis,Zongyu Yao; Qingchao Jiang; Weimin Zhong; Xingsheng Gu,55,7,10.1109/tsmc.2025.3549235,https://doi.org/10.1109/tsmc.2025.3549235,article,IEEE Transactions on Systems Man and Cybernetics Systems,https://openalex.org/W4409129315
"IEEE Transactions on Systems, Man, and Cybernetics: Systems",IEEE,2025,2025-04-03,Multistage Particle Swarm Optimization for Heterogeneous Multipoint Dynamic Aggregation,Shi-Hao Dai; Ya-Hui Jia; Wei–Neng Chen; Yi Mei; Qiang Yang,55,7,10.1109/tsmc.2025.3553553,https://doi.org/10.1109/tsmc.2025.3553553,article,IEEE Transactions on Systems Man and Cybernetics Systems,https://openalex.org/W4409129300
"IEEE Transactions on Systems, Man, and Cybernetics: Systems",IEEE,2025,2025-04-04,Event-Based Adaptive Consensus Control for Multiagent Systems With Asymmetric Multi-Information-Related Constraints on All States,Tingting Gao; Tieshan Li; Yan‐Jun Liu; Shaocheng Tong; Lei Liu,55,7,10.1109/tsmc.2025.3553379,https://doi.org/10.1109/tsmc.2025.3553379,article,IEEE Transactions on Systems Man and Cybernetics Systems,https://openalex.org/W4409154346
"IEEE Transactions on Systems, Man, and Cybernetics: Systems",IEEE,2025,2025-04-04,Optimizing Pinning-Synchronization and Mining Pinned-Nodes of Directed Networks,Hui Liu; Ming-Rui Lu; Xi Zhang; Zengyang Li; Guanrong Chen; Zhigang Zeng; Jinhu Lü,55,7,10.1109/tsmc.2025.3553518,https://doi.org/10.1109/tsmc.2025.3553518,article,IEEE Transactions on Systems Man and Cybernetics Systems,https://openalex.org/W4409154204
"IEEE Transactions on Systems, Man, and Cybernetics: Systems",IEEE,2025,2025-04-04,Vaccination Against Backdoor Attacks on Federated Learning Systems,Agnideven Palanisamy Sundar; Feng Li; Xukai Zou; Tianchong Gao; Ryan Hosler,55,7,10.1109/tsmc.2025.3551264,https://doi.org/10.1109/tsmc.2025.3551264,article,IEEE Transactions on Systems Man and Cybernetics Systems,https://openalex.org/W4409154272
"IEEE Transactions on Systems, Man, and Cybernetics: Systems",IEEE,2025,2025-04-07,Robust Control of Automated Manufacturing Systems With Multiple Unreliable Resources Using Extended Structural Objects,Yanxiang Feng; Sida Ren; Ye Cao; Keyi Xing; Yikang Yang,55,7,10.1109/tsmc.2025.3551885,https://doi.org/10.1109/tsmc.2025.3551885,article,IEEE Transactions on Systems Man and Cybernetics Systems,https://openalex.org/W4409222998
"IEEE Transactions on Systems, Man, and Cybernetics: Systems",IEEE,2025,2025-04-08,Capital Equilibrium Switching Control for Discrete Supply Chain Systems,Xiaohong Chen; Yi Cui; Dongbin Hu; Xuanhua Xu; Fangyi Zhou,55,7,10.1109/tsmc.2025.3554754,https://doi.org/10.1109/tsmc.2025.3554754,article,IEEE Transactions on Systems Man and Cybernetics Systems,https://openalex.org/W4409249449
"IEEE Transactions on Systems, Man, and Cybernetics: Systems",IEEE,2025,2025-04-08,Decoupling Design and Fast Kinematics Resolving Method for Cable-Driven Segmented Manipulator,Taiwei Yang; Junxiang Li; Wenfu Xu; Lei Yan; Bin Liang,55,7,10.1109/tsmc.2025.3554591,https://doi.org/10.1109/tsmc.2025.3554591,article,IEEE Transactions on Systems Man and Cybernetics Systems,https://openalex.org/W4409249453
"IEEE Transactions on Systems, Man, and Cybernetics: Systems",IEEE,2025,2025-04-08,Iterative Q -Learning Design for Zero-Sum Games With Evolving Policies,Ding Wang; Yuan Wang; Mingming Zhao; Junfei Qiao,55,7,10.1109/tsmc.2025.3554219,https://doi.org/10.1109/tsmc.2025.3554219,article,IEEE Transactions on Systems Man and Cybernetics Systems,https://openalex.org/W4409249416
"IEEE Transactions on Systems, Man, and Cybernetics: Systems",IEEE,2025,2025-04-08,Time-Constrained Single-Armed Cluster Tools Requiring Chamber Cleaning Operations: Schedulability Analysis and Scheduling Approaches,Lu Zhen; Xiaoqin Zhang; Fajun Yang; MengChu Zhou; Yusuf A. Al‐Turki,55,7,10.1109/tsmc.2025.3551205,https://doi.org/10.1109/tsmc.2025.3551205,article,IEEE Transactions on Systems Man and Cybernetics Systems,https://openalex.org/W4409249439
"IEEE Transactions on Systems, Man, and Cybernetics: Systems",IEEE,2025,2025-04-10,Pinning Control for Local Synchronization of Drive-Response Boolean Networks,Tiantian Mu; Jun‐e Feng; Yiliang Li; Yanjun Cui,55,7,10.1109/tsmc.2025.3553301,https://doi.org/10.1109/tsmc.2025.3553301,article,IEEE Transactions on Systems Man and Cybernetics Systems,https://openalex.org/W4409327204
"IEEE Transactions on Systems, Man, and Cybernetics: Systems",IEEE,2025,2025-04-10,Security Control of Interval Type-2 Fuzzy Singularly Perturbed Hidden Markov Jump Systems: Dissipativity-Based Static Output Feedback,Dongji Wang; Shengyuan Xu; Hao Shen,55,7,10.1109/tsmc.2025.3549655,https://doi.org/10.1109/tsmc.2025.3549655,article,IEEE Transactions on Systems Man and Cybernetics Systems,https://openalex.org/W4409327360
"IEEE Transactions on Systems, Man, and Cybernetics: Systems",IEEE,2025,2025-04-11,Capability-Oriented Decision-Making in Multi-UAV Deployment and Task Allocation: A Hierarchical Game-Based Framework,Xingshuo Hai; Qiang Feng; Weike Chen; Changyun Wen; Andy W. H. Khong,55,7,10.1109/tsmc.2025.3551500,https://doi.org/10.1109/tsmc.2025.3551500,article,IEEE Transactions on Systems Man and Cybernetics Systems,https://openalex.org/W4409356400
"IEEE Transactions on Systems, Man, and Cybernetics: Systems",IEEE,2025,2025-04-14,An Algebraic Approach to Robust Iterative Learning Control for Linear Discrete-Time Singular System With Initial State Shifting,Xiaoe Ruan; Ijaz Hussain; Chen Liu; Yan Liu; Bingqiang Li,55,7,10.1109/tsmc.2025.3552680,https://doi.org/10.1109/tsmc.2025.3552680,article,IEEE Transactions on Systems Man and Cybernetics Systems,https://openalex.org/W4409427201
"IEEE Transactions on Systems, Man, and Cybernetics: Systems",IEEE,2025,2025-04-15,Resilient MPC With Switched Cost Functions for Cyber-Physical Systems Against DoS Attacks,Huan Yang; Li Dai; Yaling Ma; Qing Li; Yuanqing Xia,55,7,10.1109/tsmc.2025.3555826,https://doi.org/10.1109/tsmc.2025.3555826,article,IEEE Transactions on Systems Man and Cybernetics Systems,https://openalex.org/W4409474044
"IEEE Transactions on Systems, Man, and Cybernetics: Systems",IEEE,2025,2025-04-16,"IEEE Systems, Man, and Cybernetics Society Information",,55,5,10.1109/tsmc.2025.3561478,https://doi.org/10.1109/tsmc.2025.3561478,paratext,IEEE Transactions on Systems Man and Cybernetics Systems,https://openalex.org/W4409494262
"IEEE Transactions on Systems, Man, and Cybernetics: Systems",IEEE,2025,2025-04-16,"IEEE Systems, Man, and Cybernetics Society Information",,55,5,10.1109/tsmc.2025.3561484,https://doi.org/10.1109/tsmc.2025.3561484,paratext,IEEE Transactions on Systems Man and Cybernetics Systems,https://openalex.org/W4409494298
"IEEE Transactions on Systems, Man, and Cybernetics: Systems",IEEE,2025,2025-04-16,"IEEE Transactions on Systems, Man, and Cybernetics: Systems Information for Authors",,55,5,10.1109/tsmc.2025.3561480,https://doi.org/10.1109/tsmc.2025.3561480,paratext,IEEE Transactions on Systems Man and Cybernetics Systems,https://openalex.org/W4409494302
"IEEE Transactions on Systems, Man, and Cybernetics: Systems",IEEE,2025,2025-04-16,"IEEE Transactions on Systems, Man, and Cybernetics: Systems Information for Authors",,55,5,10.1109/tsmc.2025.3561486,https://doi.org/10.1109/tsmc.2025.3561486,paratext,IEEE Transactions on Systems Man and Cybernetics Systems,https://openalex.org/W4409494303
"IEEE Transactions on Systems, Man, and Cybernetics: Systems",IEEE,2025,2025-04-16,"IEEE Transactions on Systems, Man, and Cybernetics: Systems Publication Information",,55,5,10.1109/tsmc.2025.3561476,https://doi.org/10.1109/tsmc.2025.3561476,paratext,IEEE Transactions on Systems Man and Cybernetics Systems,https://openalex.org/W4409494270
"IEEE Transactions on Systems, Man, and Cybernetics: Systems",IEEE,2025,2025-04-16,"IEEE Transactions on Systems, Man, and Cybernetics: Systems Publication Information",,55,5,10.1109/tsmc.2025.3561482,https://doi.org/10.1109/tsmc.2025.3561482,paratext,IEEE Transactions on Systems Man and Cybernetics Systems,https://openalex.org/W4409494324
"IEEE Transactions on Systems, Man, and Cybernetics: Systems",IEEE,2025,2025-04-16,Introducing IEEE Collabratec,,55,5,10.1109/tsmc.2025.3561491,https://doi.org/10.1109/tsmc.2025.3561491,article,IEEE Transactions on Systems Man and Cybernetics Systems,https://openalex.org/W4409494320
"IEEE Transactions on Systems, Man, and Cybernetics: Systems",IEEE,2025,2025-04-16,Reinforcement Learning Methods for Assistive and Rehabilitation Robotic Systems: A Survey,Mojtaba Sharifi; Shreesh Tripathi; Yun Chen; Qiang Zhang; Mahdi Tavakoli,55,7,10.1109/tsmc.2025.3555598,https://doi.org/10.1109/tsmc.2025.3555598,article,IEEE Transactions on Systems Man and Cybernetics Systems,https://openalex.org/W4409494326
"IEEE Transactions on Systems, Man, and Cybernetics: Systems",IEEE,2025,2025-04-16,Table of Contents,,55,5,10.1109/tsmc.2025.3555358,https://doi.org/10.1109/tsmc.2025.3555358,paratext,IEEE Transactions on Systems Man and Cybernetics Systems,https://openalex.org/W4409494301
"IEEE Transactions on Systems, Man, and Cybernetics: Systems",IEEE,2025,2025-04-16,Table of Contents,,55,5,10.1109/tsmc.2025.3555359,https://doi.org/10.1109/tsmc.2025.3555359,paratext,IEEE Transactions on Systems Man and Cybernetics Systems,https://openalex.org/W4409494304
"IEEE Transactions on Systems, Man, and Cybernetics: Systems",IEEE,2025,2025-04-16,TechRxiv: Share Your Preprint Research With the World!,,55,5,10.1109/tsmc.2025.3561489,https://doi.org/10.1109/tsmc.2025.3561489,article,IEEE Transactions on Systems Man and Cybernetics Systems,https://openalex.org/W4409494571
"IEEE Transactions on Systems, Man, and Cybernetics: Systems",IEEE,2025,2025-04-16,"Together, we are advancing technology",,55,5,10.1109/tsmc.2025.3561493,https://doi.org/10.1109/tsmc.2025.3561493,article,IEEE Transactions on Systems Man and Cybernetics Systems,https://openalex.org/W4409494260
"IEEE Transactions on Systems, Man, and Cybernetics: Systems",IEEE,2025,2025-04-17,Coherence Analysis for a Class of Polygon Networks With the Noise Disturbance,Jia‐Bao Liu; Lei Guan; Jinde Cao; Liping Chen,55,7,10.1109/tsmc.2025.3559326,https://doi.org/10.1109/tsmc.2025.3559326,article,IEEE Transactions on Systems Man and Cybernetics Systems,https://openalex.org/W4409560888
"IEEE Transactions on Systems, Man, and Cybernetics: Systems",IEEE,2025,2025-04-21,An Improved Data-Driven Scheme of Robust Fault Detection for Traction Drive Systems,Chao Cheng; Zhiwei Wan; Ting Xue; Yunfeng Peng; Tangwen Yin; Hongtian Chen,55,7,10.1109/tsmc.2025.3558778,https://doi.org/10.1109/tsmc.2025.3558778,article,IEEE Transactions on Systems Man and Cybernetics Systems,https://openalex.org/W4409640990
"IEEE Transactions on Systems, Man, and Cybernetics: Systems",IEEE,2025,2025-04-21,Finite-Time Synchronization for Delayed NNs via Generalized Halanay Inequalities,Yue Chen; Song Zhu; Yan Li; Xiaoyang Liu; Shiping Wen,55,7,10.1109/tsmc.2025.3559474,https://doi.org/10.1109/tsmc.2025.3559474,article,IEEE Transactions on Systems Man and Cybernetics Systems,https://openalex.org/W4409640871
"IEEE Transactions on Systems, Man, and Cybernetics: Systems",IEEE,2025,2025-04-22,Consensus and Products of Substochastic Matrices: Convergence Rate With Communication Delays,Lei Shi; Shuaiming Yan; Weihao Li,55,7,10.1109/tsmc.2025.3559667,https://doi.org/10.1109/tsmc.2025.3559667,article,IEEE Transactions on Systems Man and Cybernetics Systems,https://openalex.org/W4409659362
"IEEE Transactions on Systems, Man, and Cybernetics: Systems",IEEE,2025,2025-04-22,Demand Response-Based Aperiodic Sampled-Data Load Frequency Control for Multiarea Power Systems With Communication Delays,Xiaobin Han; Guoliang Chen; Te Yang; Jianwei Xia; Ju H. Park,55,7,10.1109/tsmc.2025.3559475,https://doi.org/10.1109/tsmc.2025.3559475,article,IEEE Transactions on Systems Man and Cybernetics Systems,https://openalex.org/W4409659354
"IEEE Transactions on Systems, Man, and Cybernetics: Systems",IEEE,2025,2025-04-22,Vaccination Dynamics of Age-Structured Populations in Higher-Order Social Networks,Yanyi Nie; Tao Lin; Yanbing Liu; Wei Wang,55,7,10.1109/tsmc.2025.3559885,https://doi.org/10.1109/tsmc.2025.3559885,article,IEEE Transactions on Systems Man and Cybernetics Systems,https://openalex.org/W4409683108
"IEEE Transactions on Systems, Man, and Cybernetics: Systems",IEEE,2025,2025-04-23,A Model-Free Stealthy Attack for Cyber-Physical Systems Based on Deep Reinforcement Learning,Qirui Zhang; Siqi Meng; Wei Li Dai; Zhenxing Xia; Chunyu Yang; Xuesong Wang,55,7,10.1109/tsmc.2025.3559710,https://doi.org/10.1109/tsmc.2025.3559710,article,IEEE Transactions on Systems Man and Cybernetics Systems,https://openalex.org/W4409723779
"IEEE Transactions on Systems, Man, and Cybernetics: Systems",IEEE,2025,2025-04-23,Adaptive Fuzzy Cooperative Control Based on a Predefined Time Disturbance Observer for MASs,Honggui Han; Han‐Qian Hou; Haoyuan Sun; Junfei Qiao,55,7,10.1109/tsmc.2025.3559439,https://doi.org/10.1109/tsmc.2025.3559439,article,IEEE Transactions on Systems Man and Cybernetics Systems,https://openalex.org/W4409723352
"IEEE Transactions on Systems, Man, and Cybernetics: Systems",IEEE,2025,2025-04-23,Brain-Guided Self-Paced Curriculum Learning for Adaptive Human-Machine Interfaces,Yeon-Woo Choi; Hye-Bin Shin; Seong-Whan Lee,55,7,10.1109/tsmc.2025.3560832,https://doi.org/10.1109/tsmc.2025.3560832,article,IEEE Transactions on Systems Man and Cybernetics Systems,https://openalex.org/W4409723734
"IEEE Transactions on Systems, Man, and Cybernetics: Systems",IEEE,2025,2025-04-23,Control of Networked Systems With Asynchronous Sensor and Controller Over a Lossy Network,Zhipei Hu; Kai Chen; Shuo Zhao; Feiqi Deng; Xueyan Zhao; Songlin Hu,55,7,10.1109/tsmc.2025.3559545,https://doi.org/10.1109/tsmc.2025.3559545,article,IEEE Transactions on Systems Man and Cybernetics Systems,https://openalex.org/W4409723328
"IEEE Transactions on Systems, Man, and Cybernetics: Systems",IEEE,2025,2025-04-23,DMCN Nash Seeking Based on Distributed Approximate Gradient Descent Optimization Algorithms for MASs,Meimei Su; Chunhui Zhao; Yang Lyu; Zheng Tan; Jinwen Hu; Xiaolei Hou; Quan Pan,55,7,10.1109/tsmc.2025.3559437,https://doi.org/10.1109/tsmc.2025.3559437,article,IEEE Transactions on Systems Man and Cybernetics Systems,https://openalex.org/W4409723741
"IEEE Transactions on Systems, Man, and Cybernetics: Systems",IEEE,2025,2025-04-23,Design of Optimal Transition-Based Supervisors for Flexible Manufacturing Systems via Resource Requirement Graphs,Yao Lu; Yufeng Chen; Christoforos N. Hadjicostis; Zhiwu Li,55,7,10.1109/tsmc.2025.3548655,https://doi.org/10.1109/tsmc.2025.3548655,article,IEEE Transactions on Systems Man and Cybernetics Systems,https://openalex.org/W4409723581
"IEEE Transactions on Systems, Man, and Cybernetics: Systems",IEEE,2025,2025-04-23,Filter-Based Intelligent Output-Constrained Control of Uncertain MIMO Nonlinear Systems With Sensor and Actuator Faults,Ning Zhou; Canyang Zhao; Xiaodong Cheng; Yuanqing Xia,55,7,10.1109/tsmc.2025.3559694,https://doi.org/10.1109/tsmc.2025.3559694,article,IEEE Transactions on Systems Man and Cybernetics Systems,https://openalex.org/W4409723729
"IEEE Transactions on Systems, Man, and Cybernetics: Systems",IEEE,2025,2025-04-23,Prescribed Performance Practical Fixed-Time Consensus Control for Multiagent Systems With Input Saturation,Dajie Yao; Xiangpeng Xie,55,7,10.1109/tsmc.2025.3560029,https://doi.org/10.1109/tsmc.2025.3560029,article,IEEE Transactions on Systems Man and Cybernetics Systems,https://openalex.org/W4409723536
"IEEE Transactions on Systems, Man, and Cybernetics: Systems",IEEE,2025,2025-04-23,Secure Event-Based Consensus Control for Multi-Agent Systems Under DoS Attacks and Input Saturation,Yifang Zhang; Zheng‐Guang Wu; Ka‐Wai Kwok; Tingwen Huang; Prąsun Chakrabarti; Le Zhou,55,7,10.1109/tsmc.2025.3558286,https://doi.org/10.1109/tsmc.2025.3558286,article,IEEE Transactions on Systems Man and Cybernetics Systems,https://openalex.org/W4409723343
"IEEE Transactions on Systems, Man, and Cybernetics: Systems",IEEE,2025,2025-04-25,Competition and Cooperation of Multiagent System for Moving Target Defense With Dynamic Task-Switching,Haiyan Zhao; Rongxin Cui; Weisheng Yan; Lepeng Chen,55,7,10.1109/tsmc.2025.3561037,https://doi.org/10.1109/tsmc.2025.3561037,article,IEEE Transactions on Systems Man and Cybernetics Systems,https://openalex.org/W4409795852
"IEEE Transactions on Systems, Man, and Cybernetics: Systems",IEEE,2025,2025-04-25,Event-Triggered Robust Adaptive Fault-Tolerant Tracking and Vibration Control for the Rigid-Flexible Coupled Robotic Mechanisms With Large Beam-Deformations,Xingyu Zhou; Haoping Wang; Ke Wu; Yang Tian; Gang Zheng,55,7,10.1109/tsmc.2025.3560247,https://doi.org/10.1109/tsmc.2025.3560247,article,IEEE Transactions on Systems Man and Cybernetics Systems,https://openalex.org/W4409795858
"IEEE Transactions on Systems, Man, and Cybernetics: Systems",IEEE,2025,2025-04-25,Finite-Time Synchronization of Complex Dynamic Networks via Pinning Hybrid Control With Stochastic Disturbances,Bo Zhang; Liang Chen; Shengli Xie; Feiqi Deng,55,7,10.1109/tsmc.2025.3559529,https://doi.org/10.1109/tsmc.2025.3559529,article,IEEE Transactions on Systems Man and Cybernetics Systems,https://openalex.org/W4409795840
"IEEE Transactions on Systems, Man, and Cybernetics: Systems",IEEE,2025,2025-04-25,Fixed-Time Event-Triggered Bipartite Consensus of Multiagent Systems Under Time-Varying Disconnected Topologies,Xiaoyang Liu; Haibin He; Zhuyan Jiang; Fan Lü; Wenwu Yu,55,7,10.1109/tsmc.2025.3560947,https://doi.org/10.1109/tsmc.2025.3560947,article,IEEE Transactions on Systems Man and Cybernetics Systems,https://openalex.org/W4409796023
"IEEE Transactions on Systems, Man, and Cybernetics: Systems",IEEE,2025,2025-04-25,Human Leading Behavior Learning for Multiple Autonomous Followers Under Constrained Communication Topologies,Xiao-Xiao Zhang; Huai‐Ning Wu; Jin-Liang Wang,55,7,10.1109/tsmc.2025.3560325,https://doi.org/10.1109/tsmc.2025.3560325,article,IEEE Transactions on Systems Man and Cybernetics Systems,https://openalex.org/W4409795839
"IEEE Transactions on Systems, Man, and Cybernetics: Systems",IEEE,2025,2025-04-25,Large-Scale Behavioral Three-Way Group Decision Based on Prospect Theory Under Dual Hesitant Fuzzy Environment,Wenjing Lei; Xiaona Li; Kaixin Gong; Bingzhen Sun,55,7,10.1109/tsmc.2025.3561051,https://doi.org/10.1109/tsmc.2025.3561051,article,IEEE Transactions on Systems Man and Cybernetics Systems,https://openalex.org/W4409795846
"IEEE Transactions on Systems, Man, and Cybernetics: Systems",IEEE,2025,2025-04-25,Obstacle Avoidance and Safe Coverage of Moving Domains for Multiagent Systems via Adaptive Control Barrier Function,S. Wu; Lijun Long,55,7,10.1109/tsmc.2025.3561205,https://doi.org/10.1109/tsmc.2025.3561205,article,IEEE Transactions on Systems Man and Cybernetics Systems,https://openalex.org/W4409795958
"IEEE Transactions on Systems, Man, and Cybernetics: Systems",IEEE,2025,2025-04-25,Output Regulation Based on Zero-Sum Game for Discrete-Time System Driven by Exogenous Signal,Ruizhuo Song; Gaofu Yang; Frank L. Lewis,55,7,10.1109/tsmc.2025.3560421,https://doi.org/10.1109/tsmc.2025.3560421,article,IEEE Transactions on Systems Man and Cybernetics Systems,https://openalex.org/W4409796009
"IEEE Transactions on Systems, Man, and Cybernetics: Systems",IEEE,2025,2025-04-25,Privacy-Preserving Distributed Estimation Over Sensor Networks With Multistrategy Injection Attacks: A Chaotic Encryption Scheme,Lijuan Zha; Jinzhao Miao; Jinliang Liu; Engang Tian; Chen Peng,55,7,10.1109/tsmc.2025.3560404,https://doi.org/10.1109/tsmc.2025.3560404,article,IEEE Transactions on Systems Man and Cybernetics Systems,https://openalex.org/W4409795855
"IEEE Transactions on Systems, Man, and Cybernetics: Systems",IEEE,2025,2025-04-25,Robust Training in Multiagent Deep Reinforcement Learning Against Optimal Adversary,Weiran Guo; Guanjun Liu; Ziyuan Zhou; Jiacun Wang; Ying Gina Tang; Miaomiao Wang,55,7,10.1109/tsmc.2025.3561276,https://doi.org/10.1109/tsmc.2025.3561276,article,IEEE Transactions on Systems Man and Cybernetics Systems,https://openalex.org/W4409796470
"IEEE Transactions on Systems, Man, and Cybernetics: Systems",IEEE,2025,2025-04-25,State Estimation of Stochastic Boolean Networks Based on Event-Triggered Sampling,Zibo Wei; Yong Ding; Yuqian Guo; Weihua Gui,55,7,10.1109/tsmc.2025.3560648,https://doi.org/10.1109/tsmc.2025.3560648,article,IEEE Transactions on Systems Man and Cybernetics Systems,https://openalex.org/W4409796043
"IEEE Transactions on Systems, Man, and Cybernetics: Systems",IEEE,2025,2025-04-28,A Computing-for-Communication Method Without Additional Protocols and Traffic for Networked Multiagent Scheduling,Runfeng Chen; Jie Li; Yiting Chen; Yuchong Huang; Xiangke Wang; Lincheng Shen,55,7,10.1109/tsmc.2025.3562100,https://doi.org/10.1109/tsmc.2025.3562100,article,IEEE Transactions on Systems Man and Cybernetics Systems,https://openalex.org/W4409882984
"IEEE Transactions on Systems, Man, and Cybernetics: Systems",IEEE,2025,2025-04-28,Event-Triggered Vibration Control of an Axially Moving Belt System With Output Constraint,Yukan Zheng; Xiangqian Yao; Yu Liu,55,7,10.1109/tsmc.2025.3560728,https://doi.org/10.1109/tsmc.2025.3560728,article,IEEE Transactions on Systems Man and Cybernetics Systems,https://openalex.org/W4409882964
"IEEE Transactions on Systems, Man, and Cybernetics: Systems",IEEE,2025,2025-04-28,Lyapunov-Like Characterization of Stipulated-Time Stability: Controller and Observer Design,Jixing Lv; Changhong Wang; Lihua Xie,55,7,10.1109/tsmc.2025.3559189,https://doi.org/10.1109/tsmc.2025.3559189,article,IEEE Transactions on Systems Man and Cybernetics Systems,https://openalex.org/W4409882985
"IEEE Transactions on Systems, Man, and Cybernetics: Systems",IEEE,2025,2025-04-28,Optimal Sequential-Parallel Test Strategy Generation Method for Complex Systems,Jingyuan Wang; Zhen Liu; Jiahong Wang; Min Wang; Borui Gu; Yuhua Cheng,55,7,10.1109/tsmc.2025.3560997,https://doi.org/10.1109/tsmc.2025.3560997,article,IEEE Transactions on Systems Man and Cybernetics Systems,https://openalex.org/W4409883022
"IEEE Transactions on Systems, Man, and Cybernetics: Systems",IEEE,2025,2025-04-28,Practical Prescribed Time Control Framework for Decentralized Robust Steering of Connected Automated Vehicles Under Deception Attacks,Xuelei Qi; Chen Li; Wei Ni; Quan Z. Sheng; Hongjun Ma,55,7,10.1109/tsmc.2025.3561509,https://doi.org/10.1109/tsmc.2025.3561509,article,IEEE Transactions on Systems Man and Cybernetics Systems,https://openalex.org/W4409883002
"IEEE Transactions on Systems, Man, and Cybernetics: Systems",IEEE,2025,2025-04-28,Robust AI-Driven Target-Object-Free Hybrid Vision/Force Control of Industrial Robotic Systems,Ehsan Zakeri; Wenfang Xie,55,7,10.1109/tsmc.2025.3561241,https://doi.org/10.1109/tsmc.2025.3561241,article,IEEE Transactions on Systems Man and Cybernetics Systems,https://openalex.org/W4409883015
"IEEE Transactions on Systems, Man, and Cybernetics: Systems",IEEE,2025,2025-04-28,Time and Energy Costs for Consensus of Multiagent Systems With a Novel Adaptive Switching Control,Jiaqi Chang; Haifeng Dai; Yongzheng Sun; Guanghui Wen,55,7,10.1109/tsmc.2025.3559230,https://doi.org/10.1109/tsmc.2025.3559230,article,IEEE Transactions on Systems Man and Cybernetics Systems,https://openalex.org/W4409882966
"IEEE Transactions on Systems, Man, and Cybernetics: Systems",IEEE,2025,2025-04-29,Consensus Tracking of Disturbed Second-Order Multiagent Systems With Actuator Attacks: Reinforcement-Learning-Based Approach,Huawei Liu; Guanghui Wen; Junjie Fu; Zhexin Luo; Dezhi Zheng; C. L. Philip Chen,55,8,10.1109/tsmc.2025.3559784,https://doi.org/10.1109/tsmc.2025.3559784,article,IEEE Transactions on Systems Man and Cybernetics Systems,https://openalex.org/W4409917187
"IEEE Transactions on Systems, Man, and Cybernetics: Systems",IEEE,2025,2025-04-29,Differential Flatness-Based Fast Trajectory Planning for Fixed-Wing Autonomous Aerial Vehicles,Junzhi Li; Jingliang Sun; Teng Long; Zhenlin Zhou,55,8,10.1109/tsmc.2025.3559591,https://doi.org/10.1109/tsmc.2025.3559591,article,IEEE Transactions on Systems Man and Cybernetics Systems,https://openalex.org/W4409917271
"IEEE Transactions on Systems, Man, and Cybernetics: Systems",IEEE,2025,2025-04-30,A Reinforcement Learning Control Method for Process Industry Based on Implicit and Explicit Knowledge Extraction and Embedding,Tianhao Liu; Chunhua Yang; Can Zhou; Yonggang Li; Bei Sun,55,8,10.1109/tsmc.2025.3559766,https://doi.org/10.1109/tsmc.2025.3559766,article,IEEE Transactions on Systems Man and Cybernetics Systems,https://openalex.org/W4409985564
"IEEE Transactions on Systems, Man, and Cybernetics: Systems",IEEE,2025,2025-05-01,Achieving Targeted Tracking Control Accuracy Within Given Timeframe for Arm-Hand Robotic Systems Under Actuation Faults,Jie Su; Pan Liu; Yongduan Song,55,8,10.1109/tsmc.2025.3560126,https://doi.org/10.1109/tsmc.2025.3560126,article,IEEE Transactions on Systems Man and Cybernetics Systems,https://openalex.org/W4409992284
"IEEE Transactions on Systems, Man, and Cybernetics: Systems",IEEE,2025,2025-05-02,Cooperative Fault-Tolerant Control for Heterogeneous Multiagent Systems: A Dual Dynamic Event-Triggered Approach,Ruixue Cui; Changchun Hua; Kuo Li; Hailong Cui; Dianrui Mu,55,8,10.1109/tsmc.2025.3561184,https://doi.org/10.1109/tsmc.2025.3561184,article,IEEE Transactions on Systems Man and Cybernetics Systems,https://openalex.org/W4410027492
"IEEE Transactions on Systems, Man, and Cybernetics: Systems",IEEE,2025,2025-05-05,Circulation Design for Eigenvalue Replacement: Minimizing Condition Numbers,Guang‐Ren Duan,55,8,10.1109/tsmc.2025.3562587,https://doi.org/10.1109/tsmc.2025.3562587,article,IEEE Transactions on Systems Man and Cybernetics Systems,https://openalex.org/W4410087359
"IEEE Transactions on Systems, Man, and Cybernetics: Systems",IEEE,2025,2025-05-07,A Model-Based Systems Synthesis Approach to Set and Solve a Deployment Problem of Software Functions on a Heterogeneous Embedded Hardware Architecture,Stephen Creff; Pierre‐Alain Yvars; Laurent Zimmer; Jérôme Le Noir; Sébastien Madelénat,55,8,10.1109/tsmc.2025.3564655,https://doi.org/10.1109/tsmc.2025.3564655,article,IEEE Transactions on Systems Man and Cybernetics Systems,https://openalex.org/W4410153041
"IEEE Transactions on Systems, Man, and Cybernetics: Systems",IEEE,2025,2025-05-07,Event-Based Robust Adaptive Distributed Observer Under Directed Graphs,Hanyu Zhu; Housheng Su,55,8,10.1109/tsmc.2025.3565114,https://doi.org/10.1109/tsmc.2025.3565114,article,IEEE Transactions on Systems Man and Cybernetics Systems,https://openalex.org/W4410153013
"IEEE Transactions on Systems, Man, and Cybernetics: Systems",IEEE,2025,2025-05-08,A Survey on Uncertainty Quantification in Dynamical Systems,Arash Latifi; Caterina Scoglio,55,8,10.1109/tsmc.2025.3564984,https://doi.org/10.1109/tsmc.2025.3564984,article,IEEE Transactions on Systems Man and Cybernetics Systems,https://openalex.org/W4410204030
"IEEE Transactions on Systems, Man, and Cybernetics: Systems",IEEE,2025,2025-05-08,Learning-Based Foot-Shape-Aware Foothold Selection for Quadrupedal Robots,Simone Tolomei; Dominik Belter; Jakub Bednarek; Franco Angelini; Manolo Garabini,55,8,10.1109/tsmc.2025.3563974,https://doi.org/10.1109/tsmc.2025.3563974,article,IEEE Transactions on Systems Man and Cybernetics Systems,https://openalex.org/W4410204008
"IEEE Transactions on Systems, Man, and Cybernetics: Systems",IEEE,2025,2025-05-09,Airflow Angles Estimation-Based Finite-Time Adaptive Neural Control for Aircraft at High-Angle-of-Attack Maneuvers,Xia Wang; Muhang Yu; Lin Yang; Bin Xu,55,8,10.1109/tsmc.2025.3559536,https://doi.org/10.1109/tsmc.2025.3559536,article,IEEE Transactions on Systems Man and Cybernetics Systems,https://openalex.org/W4410226694
"IEEE Transactions on Systems, Man, and Cybernetics: Systems",IEEE,2025,2025-05-15,Output Feedback Secure Control for Fully Quantized Nonlinear Systems Under Irregular Input/Output DoS Attacks,Zhen Gao; Yongduan Song; Frank L. Lewis,55,8,10.1109/tsmc.2025.3565513,https://doi.org/10.1109/tsmc.2025.3565513,article,IEEE Transactions on Systems Man and Cybernetics Systems,https://openalex.org/W4410393827
"IEEE Transactions on Systems, Man, and Cybernetics: Systems",IEEE,2025,2025-05-15,Prox-DBRO-VR: A Unified Analysis on Byzantine-Resilient Decentralized Stochastic Composite Optimization With Variance Reduction and Nonasymptotic Convergence Rates,Jinhui Hu; Guo Chen; Huaqing Li; Xiaoyu Guo; Liang Ran; Tingwen Huang,55,8,10.1109/tsmc.2025.3565568,https://doi.org/10.1109/tsmc.2025.3565568,article,IEEE Transactions on Systems Man and Cybernetics Systems,https://openalex.org/W4410393819
"IEEE Transactions on Systems, Man, and Cybernetics: Systems",IEEE,2025,2025-05-16,"IEEE Systems, Man, and Cybernetics Society Information",,55,6,10.1109/tsmc.2025.3568259,https://doi.org/10.1109/tsmc.2025.3568259,paratext,IEEE Transactions on Systems Man and Cybernetics Systems,https://openalex.org/W4410427464
"IEEE Transactions on Systems, Man, and Cybernetics: Systems",IEEE,2025,2025-05-16,"IEEE Systems, Man, and Cybernetics Society Information",,55,6,10.1109/tsmc.2025.3568233,https://doi.org/10.1109/tsmc.2025.3568233,paratext,IEEE Transactions on Systems Man and Cybernetics Systems,https://openalex.org/W4410428779
"IEEE Transactions on Systems, Man, and Cybernetics: Systems",IEEE,2025,2025-05-16,"IEEE Transactions on Systems, Man, and Cybernetics: Systems Information for Authors",,55,6,10.1109/tsmc.2025.3568235,https://doi.org/10.1109/tsmc.2025.3568235,paratext,IEEE Transactions on Systems Man and Cybernetics Systems,https://openalex.org/W4410427467
"IEEE Transactions on Systems, Man, and Cybernetics: Systems",IEEE,2025,2025-05-16,"IEEE Transactions on Systems, Man, and Cybernetics: Systems Information for Authors",,55,6,10.1109/tsmc.2025.3568261,https://doi.org/10.1109/tsmc.2025.3568261,paratext,IEEE Transactions on Systems Man and Cybernetics Systems,https://openalex.org/W4410428178
"IEEE Transactions on Systems, Man, and Cybernetics: Systems",IEEE,2025,2025-05-16,"IEEE Transactions on Systems, Man, and Cybernetics: Systems Publication Information",,55,6,10.1109/tsmc.2025.3568231,https://doi.org/10.1109/tsmc.2025.3568231,paratext,IEEE Transactions on Systems Man and Cybernetics Systems,https://openalex.org/W4410428481
"IEEE Transactions on Systems, Man, and Cybernetics: Systems",IEEE,2025,2025-05-16,"IEEE Transactions on Systems, Man, and Cybernetics: Systems Publication Information",,55,6,10.1109/tsmc.2025.3568257,https://doi.org/10.1109/tsmc.2025.3568257,paratext,IEEE Transactions on Systems Man and Cybernetics Systems,https://openalex.org/W4410428492
"IEEE Transactions on Systems, Man, and Cybernetics: Systems",IEEE,2025,2025-05-16,Table of Contents,,55,6,10.1109/tsmc.2025.3566569,https://doi.org/10.1109/tsmc.2025.3566569,paratext,IEEE Transactions on Systems Man and Cybernetics Systems,https://openalex.org/W4410427914
"IEEE Transactions on Systems, Man, and Cybernetics: Systems",IEEE,2025,2025-05-16,Table of Contents,,55,6,10.1109/tsmc.2025.3566530,https://doi.org/10.1109/tsmc.2025.3566530,paratext,IEEE Transactions on Systems Man and Cybernetics Systems,https://openalex.org/W4410428679
"IEEE Transactions on Systems, Man, and Cybernetics: Systems",IEEE,2025,2025-05-22,Secure State Estimation for Interval Type-2 Fuzzy Systems With FDI Attacks and Event-Triggered WTOD Protocol,Lijuan Zha; Tao Huang; Jinliang Liu; Engang Tian; Xiangpeng Xie; Chen Peng,55,8,10.1109/tsmc.2025.3569725,https://doi.org/10.1109/tsmc.2025.3569725,article,IEEE Transactions on Systems Man and Cybernetics Systems,https://openalex.org/W4410614160
"IEEE Transactions on Systems, Man, and Cybernetics: Systems",IEEE,2025,2025-05-23,Data-Driven Homotopic Reinforcement Learning-Based Adaptive Optimal Control for Markov Jump Nonlinear Systems,Hai Wang; Jun Sheng Cheng; Shuping He; Shengda Tang,55,8,10.1109/tsmc.2023.3325658,https://doi.org/10.1109/tsmc.2023.3325658,article,IEEE Transactions on Systems Man and Cybernetics Systems,https://openalex.org/W4410638811
"IEEE Transactions on Systems, Man, and Cybernetics: Systems",IEEE,2025,2025-05-29,Safety Filter for Underactuated Mechanical Systems With Time-Varying Constraints,Shizhen Wu; Biao Lu; Yongchun Fang; Ning Sun,55,8,10.1109/tsmc.2025.3571320,https://doi.org/10.1109/tsmc.2025.3571320,article,IEEE Transactions on Systems Man and Cybernetics Systems,https://openalex.org/W4410852554
"IEEE Transactions on Systems, Man, and Cybernetics: Systems",IEEE,2025,2025-05-29,Synthesizing Control Barrier Functions With Artificial Potential Fields for Safe Reinforcement Learning,Changchun Hua; Hainan Zhang; Jiannan Chen; Xi Luo,55,8,10.1109/tsmc.2025.3551291,https://doi.org/10.1109/tsmc.2025.3551291,article,IEEE Transactions on Systems Man and Cybernetics Systems,https://openalex.org/W4410852502
"IEEE Transactions on Systems, Man, and Cybernetics: Systems",IEEE,2025,2025-05-30,Neural Networks-Based Iterative Learning Decoupling Control for Discrete-Time Nonlinear MIMO Repetitive Systems,Chong Zhang; Yunfeng Hu; Xun Gong; Zhenze Liu; Bin Ma; Hong Chen,55,8,10.1109/tsmc.2025.3571609,https://doi.org/10.1109/tsmc.2025.3571609,article,IEEE Transactions on Systems Man and Cybernetics Systems,https://openalex.org/W4410886906
"IEEE Transactions on Systems, Man, and Cybernetics: Systems",IEEE,2025,2025-06-02,Adaptive Fuzzy Tracking Control for Uncertain Nonlinear Systems With Unknown Control Gain Functions via Intermittent Output,Xinjun Wang; Shenghang Liu; Xin Wang; Ben Niu; Wenqi Zhou; Xinmin Song,55,8,10.1109/tsmc.2025.3572602,https://doi.org/10.1109/tsmc.2025.3572602,article,IEEE Transactions on Systems Man and Cybernetics Systems,https://openalex.org/W4410949999
"IEEE Transactions on Systems, Man, and Cybernetics: Systems",IEEE,2025,2025-06-02,Benefit Maximization or the-Quality-First? An E-CARGO Perspective on the Logistics Chain,Junhao Chen; Haibin Zhu; Dongning Liu,55,8,10.1109/tsmc.2025.3571717,https://doi.org/10.1109/tsmc.2025.3571717,article,IEEE Transactions on Systems Man and Cybernetics Systems,https://openalex.org/W4410949960
"IEEE Transactions on Systems, Man, and Cybernetics: Systems",IEEE,2025,2025-06-02,Optimal Performance of Discrete Networked Systems With Cyber-Attack and Packet Dropouts,Xiaowei Jiang; Xinyu Ren; Bo Li; Feng Liu; Wu‐Hua Chen,55,8,10.1109/tsmc.2025.3571466,https://doi.org/10.1109/tsmc.2025.3571466,article,IEEE Transactions on Systems Man and Cybernetics Systems,https://openalex.org/W4410949966
"IEEE Transactions on Systems, Man, and Cybernetics: Systems",IEEE,2025,2025-06-03,A Fuzzy Transfer Reservoir Learning Machine Through Domain Enhancement on Multiple Sources,Jia-Wei Lin; Fu-Lai Chung; Shitong Wang,55,8,10.1109/tsmc.2025.3571955,https://doi.org/10.1109/tsmc.2025.3571955,article,IEEE Transactions on Systems Man and Cybernetics Systems,https://openalex.org/W4410985787
"IEEE Transactions on Systems, Man, and Cybernetics: Systems",IEEE,2025,2025-06-03,Constraint-Coupled Distributed Coordination Control for Nonlinear Stochastic Multiagent Systems: Application to Power Resource Allocation,Haokun Hu; Quanxin Zhu; Muzhou Hou,55,8,10.1109/tsmc.2025.3570640,https://doi.org/10.1109/tsmc.2025.3570640,article,IEEE Transactions on Systems Man and Cybernetics Systems,https://openalex.org/W4410986065
"IEEE Transactions on Systems, Man, and Cybernetics: Systems",IEEE,2025,2025-06-03,Distributed Privacy-Preserving Economic Dispatch of Isolated Microgrid Based on Event-Triggered Mechanism,Hongfei Bai; Shengxuan Weng; Dong Yue; Chunxia Dou,55,8,10.1109/tsmc.2025.3570718,https://doi.org/10.1109/tsmc.2025.3570718,article,IEEE Transactions on Systems Man and Cybernetics Systems,https://openalex.org/W4410985796
"IEEE Transactions on Systems, Man, and Cybernetics: Systems",IEEE,2025,2025-06-03,Neural-Network-Based Distributed State Estimation Under Encoding-Decoding Schemes: Probabilistic-Constrained Cases,Yamei Ju; Yangkai Chen; Derui Ding; Guoliang Wei; Ying Sun,55,8,10.1109/tsmc.2025.3571783,https://doi.org/10.1109/tsmc.2025.3571783,article,IEEE Transactions on Systems Man and Cybernetics Systems,https://openalex.org/W4410985792
"IEEE Transactions on Systems, Man, and Cybernetics: Systems",IEEE,2025,2025-06-03,New Criteria on Input-to-State Stability for Stochastic Nonlinear Delayed Systems With Multiple Impulses,Haofeng Xu; Quanxin Zhu; Wei Xing Zheng,55,8,10.1109/tsmc.2025.3572289,https://doi.org/10.1109/tsmc.2025.3572289,article,IEEE Transactions on Systems Man and Cybernetics Systems,https://openalex.org/W4410986054
"IEEE Transactions on Systems, Man, and Cybernetics: Systems",IEEE,2025,2025-06-03,Optimal Scheduling of Single-Armed Cluster Tools With Two Wafer Types and Chamber Cleaning,Fajun Yang; Chao Li; Chunjiang Zhang; Naiqi Wu,55,8,10.1109/tsmc.2025.3571733,https://doi.org/10.1109/tsmc.2025.3571733,article,IEEE Transactions on Systems Man and Cybernetics Systems,https://openalex.org/W4410985759
"IEEE Transactions on Systems, Man, and Cybernetics: Systems",IEEE,2025,2025-06-03,Recursive State Estimation for Complex Networks With Energy Harvesting Constraints and Decode-and-Forward Relays,Miaomiao Shi; Lifeng Ma; Xiaojian Yi,55,8,10.1109/tsmc.2025.3572087,https://doi.org/10.1109/tsmc.2025.3572087,article,IEEE Transactions on Systems Man and Cybernetics Systems,https://openalex.org/W4410985776
"IEEE Transactions on Systems, Man, and Cybernetics: Systems",IEEE,2025,2025-06-03,Target Interception of Marine Surface Vehicle With Dynamic Memory Event-Triggered Prescribed Performance Control,Shang Liu; Ge Guo,55,8,10.1109/tsmc.2025.3572371,https://doi.org/10.1109/tsmc.2025.3572371,article,IEEE Transactions on Systems Man and Cybernetics Systems,https://openalex.org/W4410985758
"IEEE Transactions on Systems, Man, and Cybernetics: Systems",IEEE,2025,2025-06-04,Adaptive Fuzzy Secure Collision-Free Formation Control for Nonlinear MASs With DoS Attacks,Jun Zhang; Jun Ning; Shaocheng Tong,55,8,10.1109/tsmc.2025.3572377,https://doi.org/10.1109/tsmc.2025.3572377,article,IEEE Transactions on Systems Man and Cybernetics Systems,https://openalex.org/W4411019814
"IEEE Transactions on Systems, Man, and Cybernetics: Systems",IEEE,2025,2025-06-04,Deadlock Resolution in Networked Automated Manufacturing Systems With Communication Delays and Losses Using Petri Nets,Z. B. Zhang; Hesuan Hu,55,8,10.1109/tsmc.2025.3571500,https://doi.org/10.1109/tsmc.2025.3571500,article,IEEE Transactions on Systems Man and Cybernetics Systems,https://openalex.org/W4411019793
"IEEE Transactions on Systems, Man, and Cybernetics: Systems",IEEE,2025,2025-06-04,False Data Injection Attack Detection Under Uncertain Parameters in Cyber-Physical Systems,Yu Shi; Lingli Cheng; Xisheng Zhan; Huaicheng Yan,55,8,10.1109/tsmc.2025.3572634,https://doi.org/10.1109/tsmc.2025.3572634,article,IEEE Transactions on Systems Man and Cybernetics Systems,https://openalex.org/W4411019740
"IEEE Transactions on Systems, Man, and Cybernetics: Systems",IEEE,2025,2025-06-04,Workload Balancing for Photolithography Machines in Semiconductor Manufacturing via Estimation of Distribution Algorithm Integrating Kmeans Clustering,L. D. Chen; Yan Qiao; Naiqi Wu; Mohammadhossein Ghahramani; YongHua Shao; SiJun Zhan,55,8,10.1109/tsmc.2025.3572370,https://doi.org/10.1109/tsmc.2025.3572370,article,IEEE Transactions on Systems Man and Cybernetics Systems,https://openalex.org/W4411019726
"IEEE Transactions on Systems, Man, and Cybernetics: Systems",IEEE,2025,2025-06-05,Distributed Predictive Control for Multiagent Systems With Communication Delays via a Hybrid Data-Driven and Model-Based Approach,Yi Chu Huang; Shuai Liu; Yi Yu; Wenshan Hu,55,8,10.1109/tsmc.2025.3571743,https://doi.org/10.1109/tsmc.2025.3571743,article,IEEE Transactions on Systems Man and Cybernetics Systems,https://openalex.org/W4411055433
"IEEE Transactions on Systems, Man, and Cybernetics: Systems",IEEE,2025,2025-06-05,Link-Based Attributed Graph Clustering via Approximate Generative Bayesian Learning,Yue Yang; Lun Hu; Guodong Li; Dongxu Li; Pengwei Hu; Xin Luo,55,8,10.1109/tsmc.2025.3572738,https://doi.org/10.1109/tsmc.2025.3572738,article,IEEE Transactions on Systems Man and Cybernetics Systems,https://openalex.org/W4411054984
"IEEE Transactions on Systems, Man, and Cybernetics: Systems",IEEE,2025,2025-06-05,Video Object Detection Considering Dynamic Neighborhood Feature Multiplexing,Jiahui Yu; Yifan Chen; Xuna Wang; Long Fei Chen; Hang Chen; Dalin Zhou; Yingke Xu; Zhaojie Ju,55,8,10.1109/tsmc.2025.3572123,https://doi.org/10.1109/tsmc.2025.3572123,article,IEEE Transactions on Systems Man and Cybernetics Systems,https://openalex.org/W4411054993
"IEEE Transactions on Systems, Man, and Cybernetics: Systems",IEEE,2025,2025-06-06,Decentralized Tracking Control of Large-Scale Time-Delay Nonlinear Systems and Application to Chemical Reactor System,Zhenguo Liu; Ziwen Jiang; Wei Sun; Shun‐Feng Su,55,8,10.1109/tsmc.2025.3573069,https://doi.org/10.1109/tsmc.2025.3573069,article,IEEE Transactions on Systems Man and Cybernetics Systems,https://openalex.org/W4411086417
"IEEE Transactions on Systems, Man, and Cybernetics: Systems",IEEE,2025,2025-06-06,Local Projection and Global Tracking-Based Decentralized Optimization: Take Local Energy Trading as an Example,Chenggang Mu; Tao Ding; Xinyue Chang; Shanying Zhu; Yixun Xue; Zhuopu Han; Mohammad Shahidehpour,55,8,10.1109/tsmc.2025.3572363,https://doi.org/10.1109/tsmc.2025.3572363,article,IEEE Transactions on Systems Man and Cybernetics Systems,https://openalex.org/W4411086435
"IEEE Transactions on Systems, Man, and Cybernetics: Systems",IEEE,2025,2025-06-06,"Real-Time Data-Driven Hybrid Synchronization for Integrated Planning, Scheduling, and Execution Toward Industry 5.0 Human-Centric Manufacturing",Mingxing Li; Shiquan Ling; Ting Qu; Shan Lu; Ming Li; Daqiang Guo; Zhen He; George Q. Huang,55,8,10.1109/tsmc.2025.3572389,https://doi.org/10.1109/tsmc.2025.3572389,article,IEEE Transactions on Systems Man and Cybernetics Systems,https://openalex.org/W4411086399
"IEEE Transactions on Systems, Man, and Cybernetics: Systems",IEEE,2025,2025-06-09,Image Compression for Resource-Constrained AIoT System With Compressed Sensing,Bin Chen; Yujun Huang; Han Qiu; Shu‐Tao Xia; Fei Wei; Xuan Wang; Meikang Qiu,55,8,10.1109/tsmc.2025.3571480,https://doi.org/10.1109/tsmc.2025.3571480,article,IEEE Transactions on Systems Man and Cybernetics Systems,https://openalex.org/W4411142995
"IEEE Transactions on Systems, Man, and Cybernetics: Systems",IEEE,2025,2025-06-09,New Criteria on Stability Analysis of Generalized Neural Networks With Time-Varying Delays,Wei-Min Wang; Yan‐Wu Wang,55,8,10.1109/tsmc.2025.3571036,https://doi.org/10.1109/tsmc.2025.3571036,article,IEEE Transactions on Systems Man and Cybernetics Systems,https://openalex.org/W4411142867
"IEEE Transactions on Systems, Man, and Cybernetics: Systems",IEEE,2025,2025-06-09,Objective-Constraint Correlation-Guided Evolutionary Direction Adaptive Adjustment for Expensive Constrained Optimization,Kunjie Yu; Fan Chen; Jing Liang; Mingyuan Yu; Ke Chen; Caitong Yue; Ying Bi,55,8,10.1109/tsmc.2025.3573195,https://doi.org/10.1109/tsmc.2025.3573195,article,IEEE Transactions on Systems Man and Cybernetics Systems,https://openalex.org/W4411142998
"IEEE Transactions on Systems, Man, and Cybernetics: Systems",IEEE,2025,2025-06-09,Observer-Based Dissipative ISMC for Asynchronous Switched Systems: A Novel LMI Technique,Thangavel Saravanakumar; Quanxin Zhu; Chee Peng Lim,55,8,10.1109/tsmc.2025.3572897,https://doi.org/10.1109/tsmc.2025.3572897,article,IEEE Transactions on Systems Man and Cybernetics Systems,https://openalex.org/W4411142941
"IEEE Transactions on Systems, Man, and Cybernetics: Systems",IEEE,2025,2025-06-10,A Bidding-Based Deep Reinforcement Learning Approach for Multi-Agent Job Shop Scheduling Problem,Gaopan Shen; Shudong Sun; Yaqiong Liu,55,8,10.1109/tsmc.2025.3572451,https://doi.org/10.1109/tsmc.2025.3572451,article,IEEE Transactions on Systems Man and Cybernetics Systems,https://openalex.org/W4411171686
"IEEE Transactions on Systems, Man, and Cybernetics: Systems",IEEE,2025,2025-06-10,A Multiform Framework for Multiobjective Feature Selection in Unbalanced Classification: Combining Oversampling and Cost-Sensitive Learning,Jing Liang; Yu-Yang Zhang; Boyang Qu; Ke Chen; Kunjie Yu; Caitong Yue,55,8,10.1109/tsmc.2025.3573080,https://doi.org/10.1109/tsmc.2025.3573080,article,IEEE Transactions on Systems Man and Cybernetics Systems,https://openalex.org/W4411171659
"IEEE Transactions on Systems, Man, and Cybernetics: Systems",IEEE,2025,2025-06-10,A Transaction Fee Mechanism for Resource Allocation in Blockchain-Based IoT Systems,Rong Zhao; Yunshu Liu; Hong Kang; Wei Cai,55,9,10.1109/tsmc.2025.3573285,https://doi.org/10.1109/tsmc.2025.3573285,article,IEEE Transactions on Systems Man and Cybernetics Systems,https://openalex.org/W4411171788
"IEEE Transactions on Systems, Man, and Cybernetics: Systems",IEEE,2025,2025-06-10,Energy-Efficiency Oriented Distributed Heterogeneous Hybrid Flow Shop Scheduling With Multilevelled Mixed-Model Assembly,Weishi Shao; Zhongshi Shao; Dechang Pi; Jiaquan Gao,55,8,10.1109/tsmc.2025.3572378,https://doi.org/10.1109/tsmc.2025.3572378,article,IEEE Transactions on Systems Man and Cybernetics Systems,https://openalex.org/W4411172093
"IEEE Transactions on Systems, Man, and Cybernetics: Systems",IEEE,2025,2025-06-10,Event-Triggered Fault-Tolerant Consensus Control of Multiagent Systems With Hybrid Attacks,Chun Liu; Bin Jiang; Youmin M. Zhang; Xiaoqiang Ren; Xiaofan Wang,55,8,10.1109/tsmc.2025.3571020,https://doi.org/10.1109/tsmc.2025.3571020,article,IEEE Transactions on Systems Man and Cybernetics Systems,https://openalex.org/W4411171829
"IEEE Transactions on Systems, Man, and Cybernetics: Systems",IEEE,2025,2025-06-10,Impact of Opinion-Driven Adaptive Vigilance on Virus Spread and Opinion Evolution,Shidong Zhai; Shijie Yin; Fenglan Sun; Jürgen Kurths,55,8,10.1109/tsmc.2025.3573298,https://doi.org/10.1109/tsmc.2025.3573298,article,IEEE Transactions on Systems Man and Cybernetics Systems,https://openalex.org/W4411171795
"IEEE Transactions on Systems, Man, and Cybernetics: Systems",IEEE,2025,2025-06-10,Pinning Control Design for Stabilizing Large-Scale Markovian Jump Boolean Networks,Lina Wang; Amol Yerudkar; Yang Liu; Mahmoud Abdel‐Aty,55,9,10.1109/tsmc.2025.3573295,https://doi.org/10.1109/tsmc.2025.3573295,article,IEEE Transactions on Systems Man and Cybernetics Systems,https://openalex.org/W4411171823
"IEEE Transactions on Systems, Man, and Cybernetics: Systems",IEEE,2025,2025-06-10,Safety-Aware Pursuit-Evasion Game Based on Control Barrier Function and Reinforcement Learning,Yupeng Jia; Xiran Cui; Yi Dong; Xiaoming Hu,55,8,10.1109/tsmc.2025.3546968,https://doi.org/10.1109/tsmc.2025.3546968,article,IEEE Transactions on Systems Man and Cybernetics Systems,https://openalex.org/W4411171660
"IEEE Transactions on Systems, Man, and Cybernetics: Systems",IEEE,2025,2025-06-10,Sampled-Data-Based Event-Triggered Output-Feedback Consensus for Uncertain Heterogeneous High-Order Multiagent Systems,Chenxi Song; Yuan Li; Yin Sheng; Zhigang Zeng; Nikhil Ranjan Pal,55,9,10.1109/tsmc.2025.3573323,https://doi.org/10.1109/tsmc.2025.3573323,article,IEEE Transactions on Systems Man and Cybernetics Systems,https://openalex.org/W4411171723
"IEEE Transactions on Systems, Man, and Cybernetics: Systems",IEEE,2025,2025-06-10,Stabilization for Switched Systems Based on Switching Event-Triggered Bumpless Transfer Strategy,Yani Yang; Yue-E Wang; Di Wu,55,8,10.1109/tsmc.2025.3574416,https://doi.org/10.1109/tsmc.2025.3574416,article,IEEE Transactions on Systems Man and Cybernetics Systems,https://openalex.org/W4411171726
"IEEE Transactions on Systems, Man, and Cybernetics: Systems",IEEE,2025,2025-06-10,Twin Trust Region Policy Optimization,Haotian Xu; Junyu Xuan; Guangquan Zhang; Jie Lü,55,8,10.1109/tsmc.2025.3573513,https://doi.org/10.1109/tsmc.2025.3573513,article,IEEE Transactions on Systems Man and Cybernetics Systems,https://openalex.org/W4411171674
"IEEE Transactions on Systems, Man, and Cybernetics: Systems",IEEE,2025,2025-06-11,Probability-Guaranteed Filtering for 2-D Nonlinear Systems Over Full-Duplex Relay Network With Energy Harvesting Constraint,Chengyu Yang; Jinling Liang,55,9,10.1109/tsmc.2025.3573985,https://doi.org/10.1109/tsmc.2025.3573985,article,IEEE Transactions on Systems Man and Cybernetics Systems,https://openalex.org/W4411203405
"IEEE Transactions on Systems, Man, and Cybernetics: Systems",IEEE,2025,2025-06-12,Edge Stabilizability of Multiagent Systems,Yinshuang Sun; Zhijian Ji; Yang Shi; Yungang Liu,55,9,10.1109/tsmc.2025.3574320,https://doi.org/10.1109/tsmc.2025.3574320,article,IEEE Transactions on Systems Man and Cybernetics Systems,https://openalex.org/W4411232188
"IEEE Transactions on Systems, Man, and Cybernetics: Systems",IEEE,2025,2025-06-12,Exploration via Embracing Diversity in Reinforcement Learning for Sparse-Reward Procedurally-Generated Tasks,Pei Xu; Hao Chen; Wenjie Yang; Kaiqi Huang,55,9,10.1109/tsmc.2025.3574024,https://doi.org/10.1109/tsmc.2025.3574024,article,IEEE Transactions on Systems Man and Cybernetics Systems,https://openalex.org/W4411232152
"IEEE Transactions on Systems, Man, and Cybernetics: Systems",IEEE,2025,2025-06-12,Jarque-Bera-Based Artificial Neural Correlation Analysis for Nonlinear and Non-Gaussian Process Monitoring,Youqing Wang; Haoqian Wang; Tongze Hou; Xukai Ye; Silvio Simani; Xin Ma,55,9,10.1109/tsmc.2025.3574056,https://doi.org/10.1109/tsmc.2025.3574056,article,IEEE Transactions on Systems Man and Cybernetics Systems,https://openalex.org/W4411232141
"IEEE Transactions on Systems, Man, and Cybernetics: Systems",IEEE,2025,2025-06-12,Singularity-Free Finite-Time Tracking Control of Stochastic Nonlinear Systems With Unknown Measurement Sensitivity,Yanli Liu; Yihua Sun; Li‐Ying Hao,55,9,10.1109/tsmc.2025.3574160,https://doi.org/10.1109/tsmc.2025.3574160,article,IEEE Transactions on Systems Man and Cybernetics Systems,https://openalex.org/W4411232181
"IEEE Transactions on Systems, Man, and Cybernetics: Systems",IEEE,2025,2025-06-17,Attack Detection and Security Control for Advanced Cyber-Physical Systems and Its Applications,,55,7,10.1109/tsmc.2025.3574771,https://doi.org/10.1109/tsmc.2025.3574771,article,IEEE Transactions on Systems Man and Cybernetics Systems,https://openalex.org/W4411358820
"IEEE Transactions on Systems, Man, and Cybernetics: Systems",IEEE,2025,2025-06-17,Hierarchical Network With Local-Global Awareness for Ethereum Account De-anonymization,Jiahui Huang; Teng Huang; Changyu Dong; Sisi Duan; Yan Pang,55,9,10.1109/tsmc.2025.3571795,https://doi.org/10.1109/tsmc.2025.3571795,article,IEEE Transactions on Systems Man and Cybernetics Systems,https://openalex.org/W4411358936
"IEEE Transactions on Systems, Man, and Cybernetics: Systems",IEEE,2025,2025-06-17,"IEEE Systems, Man, and Cybernetics Society Information",,55,7,10.1109/tsmc.2025.3575153,https://doi.org/10.1109/tsmc.2025.3575153,paratext,IEEE Transactions on Systems Man and Cybernetics Systems,https://openalex.org/W4411358710
"IEEE Transactions on Systems, Man, and Cybernetics: Systems",IEEE,2025,2025-06-17,"IEEE Systems, Man, and Cybernetics Society Information",,55,7,10.1109/tsmc.2025.3573476,https://doi.org/10.1109/tsmc.2025.3573476,paratext,IEEE Transactions on Systems Man and Cybernetics Systems,https://openalex.org/W4411358942
"IEEE Transactions on Systems, Man, and Cybernetics: Systems",IEEE,2025,2025-06-17,"IEEE Transactions on Systems, Man, and Cybernetics: Systems Information for Authors",,55,7,10.1109/tsmc.2025.3575155,https://doi.org/10.1109/tsmc.2025.3575155,paratext,IEEE Transactions on Systems Man and Cybernetics Systems,https://openalex.org/W4411358783
"IEEE Transactions on Systems, Man, and Cybernetics: Systems",IEEE,2025,2025-06-17,"IEEE Transactions on Systems, Man, and Cybernetics: Systems Information for Authors",,55,7,10.1109/tsmc.2025.3575147,https://doi.org/10.1109/tsmc.2025.3575147,paratext,IEEE Transactions on Systems Man and Cybernetics Systems,https://openalex.org/W4411358935
"IEEE Transactions on Systems, Man, and Cybernetics: Systems",IEEE,2025,2025-06-17,"IEEE Transactions on Systems, Man, and Cybernetics: Systems Publication Information",,55,7,10.1109/tsmc.2025.3573434,https://doi.org/10.1109/tsmc.2025.3573434,paratext,IEEE Transactions on Systems Man and Cybernetics Systems,https://openalex.org/W4411358802
"IEEE Transactions on Systems, Man, and Cybernetics: Systems",IEEE,2025,2025-06-17,"IEEE Transactions on Systems, Man, and Cybernetics: Systems Publication Information",,55,7,10.1109/tsmc.2025.3575151,https://doi.org/10.1109/tsmc.2025.3575151,paratext,IEEE Transactions on Systems Man and Cybernetics Systems,https://openalex.org/W4411358940
"IEEE Transactions on Systems, Man, and Cybernetics: Systems",IEEE,2025,2025-06-17,Intelligent Modeling for Deep Peak Shaving Oriented Thermal Power-Molten Salt Heat Storage Coupled System by Improved Mamba-2,Ting Huang; Guolian Hou; Congzhi Huang; Fan Zhang; Qingwei Li,55,7,10.1109/tsmc.2025.3554153,https://doi.org/10.1109/tsmc.2025.3554153,article,IEEE Transactions on Systems Man and Cybernetics Systems,https://openalex.org/W4411358808
"IEEE Transactions on Systems, Man, and Cybernetics: Systems",IEEE,2025,2025-06-17,Predictive Control for Euler-Lagrange Systems With Input Saturation and Dead-Zone: A FAS Approach,Xiubo Wang; Guang‐Ren Duan,55,9,10.1109/tsmc.2025.3575453,https://doi.org/10.1109/tsmc.2025.3575453,article,IEEE Transactions on Systems Man and Cybernetics Systems,https://openalex.org/W4411358898
"IEEE Transactions on Systems, Man, and Cybernetics: Systems",IEEE,2025,2025-06-17,Table of Contents,,55,7,10.1109/tsmc.2025.3575141,https://doi.org/10.1109/tsmc.2025.3575141,paratext,IEEE Transactions on Systems Man and Cybernetics Systems,https://openalex.org/W4411358714
"IEEE Transactions on Systems, Man, and Cybernetics: Systems",IEEE,2025,2025-06-17,TechRxiv: Share Your Preprint Research With the World!,,55,7,10.1109/tsmc.2025.3575177,https://doi.org/10.1109/tsmc.2025.3575177,article,IEEE Transactions on Systems Man and Cybernetics Systems,https://openalex.org/W4411358926
"IEEE Transactions on Systems, Man, and Cybernetics: Systems",IEEE,2025,2025-06-18,Distributed Optimal Containment Control of Wheeled Mobile Robots via Adaptive Dynamic Programming,Yongwei Zhang; Bo Zhao; Derong Liu,55,9,10.1109/tsmc.2025.3573738,https://doi.org/10.1109/tsmc.2025.3573738,article,IEEE Transactions on Systems Man and Cybernetics Systems,https://openalex.org/W4411408298
"IEEE Transactions on Systems, Man, and Cybernetics: Systems",IEEE,2025,2025-06-18,Table of Contents,,55,7,10.1109/tsmc.2025.3575149,https://doi.org/10.1109/tsmc.2025.3575149,paratext,IEEE Transactions on Systems Man and Cybernetics Systems,https://openalex.org/W4411408330
"IEEE Transactions on Systems, Man, and Cybernetics: Systems",IEEE,2025,2025-06-19,Design and Control of an Underactuated Hip Exoskeleton for Hybrid Active-Passive Walking Assistance,Junjie Chao; Qingcong Wu; Zhijie Wang; Yanghui Zhu; Bai Chen; Hongtao Wu,55,9,10.1109/tsmc.2025.3575375,https://doi.org/10.1109/tsmc.2025.3575375,article,IEEE Transactions on Systems Man and Cybernetics Systems,https://openalex.org/W4411446479
"IEEE Transactions on Systems, Man, and Cybernetics: Systems",IEEE,2025,2025-06-19,Finite-Time Adaptive Bipartite Consensus Tracking Control for Constrained Nonlinear MASs: A Locally Optimal Bipartition Strategy,Xiaomei Wang; Ben Niu; Xudong Zhao; Yingying Liu; Ding Wang,55,9,10.1109/tsmc.2025.3575184,https://doi.org/10.1109/tsmc.2025.3575184,article,IEEE Transactions on Systems Man and Cybernetics Systems,https://openalex.org/W4411446457
"IEEE Transactions on Systems, Man, and Cybernetics: Systems",IEEE,2025,2025-06-19,Network Analysis for Organized Fraud Detection in Automobile Insurance With Graph Theory and Poisson Process,Saeed Doostali; Mohammad Javad Nadjafi-Arani; Asma Hamzeh,55,9,10.1109/tsmc.2025.3576050,https://doi.org/10.1109/tsmc.2025.3576050,article,IEEE Transactions on Systems Man and Cybernetics Systems,https://openalex.org/W4411446451
"IEEE Transactions on Systems, Man, and Cybernetics: Systems",IEEE,2025,2025-06-19,Robust Fault Diagnosis of Networked Discrete Event Systems Using Labeled Petri Nets,Yihui Hu; Ruotian Liu; Maria Pia Fanti; Zhiwu Li,55,9,10.1109/tsmc.2025.3573565,https://doi.org/10.1109/tsmc.2025.3573565,article,IEEE Transactions on Systems Man and Cybernetics Systems,https://openalex.org/W4411446371
"IEEE Transactions on Systems, Man, and Cybernetics: Systems",IEEE,2025,2025-06-24,A Novel Approach for Optimizing Synchronizability in Multilayer Complex Networks via Association Schemes,Saber Jafarizadeh,55,9,10.1109/tsmc.2025.3577368,https://doi.org/10.1109/tsmc.2025.3577368,article,IEEE Transactions on Systems Man and Cybernetics Systems,https://openalex.org/W4411599980
"IEEE Transactions on Systems, Man, and Cybernetics: Systems",IEEE,2025,2025-06-24,A Unified Primal and Dual Consensus Algorithm With Predefined-Time Convergence for Time-Varying Optimization,Yuanyuan Yue; Qingshan Liu,55,9,10.1109/tsmc.2025.3577157,https://doi.org/10.1109/tsmc.2025.3577157,article,IEEE Transactions on Systems Man and Cybernetics Systems,https://openalex.org/W4411599754
"IEEE Transactions on Systems, Man, and Cybernetics: Systems",IEEE,2025,2025-06-24,Adaptive Event-Triggered Control for Flexible Manipulators With Input Backlash and Prescribed Performance,Zhijia Zhao; Rourou Xu; Shouyan Chen; Zhijie Liu; Xuefeng Zhou; Han‐Xiong Li,55,9,10.1109/tsmc.2025.3577749,https://doi.org/10.1109/tsmc.2025.3577749,article,IEEE Transactions on Systems Man and Cybernetics Systems,https://openalex.org/W4411600094
"IEEE Transactions on Systems, Man, and Cybernetics: Systems",IEEE,2025,2025-06-24,Data-Based Event-Triggered Cooperative Optimal Output Regulation of Nonlinear Multiagent Systems,Kewen Li; Ying Xu; Yongming Li,55,9,10.1109/tsmc.2025.3577375,https://doi.org/10.1109/tsmc.2025.3577375,article,IEEE Transactions on Systems Man and Cybernetics Systems,https://openalex.org/W4411599966
"IEEE Transactions on Systems, Man, and Cybernetics: Systems",IEEE,2025,2025-06-24,Divide-and-Conquer Evolutionary Multitasking Optimization,Hao Li; Guodong Xu; Maoguo Gong; Yue Wu; A. Kai Qin; Lining Xing,55,9,10.1109/tsmc.2025.3577732,https://doi.org/10.1109/tsmc.2025.3577732,article,IEEE Transactions on Systems Man and Cybernetics Systems,https://openalex.org/W4411600101
"IEEE Transactions on Systems, Man, and Cybernetics: Systems",IEEE,2025,2025-06-24,Fully Distributed Robust Adaptive Nash Equilibrium Seeking of High-Order Uncertain Nonlinear Systems,Bo Xu; Yuan‐Xin Li; Zhongsheng Hou,55,9,10.1109/tsmc.2025.3577306,https://doi.org/10.1109/tsmc.2025.3577306,article,IEEE Transactions on Systems Man and Cybernetics Systems,https://openalex.org/W4411599789
"IEEE Transactions on Systems, Man, and Cybernetics: Systems",IEEE,2025,2025-06-24,Human-Inspired Adaptive Optimal Control Framework for Robot-Environment Interaction,Haotian Liu; Yuchuang Tong; Zhengtao Zhang,55,9,10.1109/tsmc.2025.3577296,https://doi.org/10.1109/tsmc.2025.3577296,article,IEEE Transactions on Systems Man and Cybernetics Systems,https://openalex.org/W4411599804
"IEEE Transactions on Systems, Man, and Cybernetics: Systems",IEEE,2025,2025-06-24,Hybrid Learning Framework-Based Profit-Maximizing Personalized Route Recommendation for Vacant Taxis,Xingyu Li; Qi Xin; Linfeng Liu,55,9,10.1109/tsmc.2025.3577031,https://doi.org/10.1109/tsmc.2025.3577031,article,IEEE Transactions on Systems Man and Cybernetics Systems,https://openalex.org/W4411599969
"IEEE Transactions on Systems, Man, and Cybernetics: Systems",IEEE,2025,2025-06-24,Minimum Cost Consensus Model Based on Granular Computing Through Online Reviews for Supporting Group Decision-Making,Jindong Qin; Ying Zou; Yingying Liang; Witold Pedrycz,55,9,10.1109/tsmc.2025.3577263,https://doi.org/10.1109/tsmc.2025.3577263,article,IEEE Transactions on Systems Man and Cybernetics Systems,https://openalex.org/W4411599951
"IEEE Transactions on Systems, Man, and Cybernetics: Systems",IEEE,2025,2025-06-24,Practical Prescribed-Time Fault-Tolerant Tracking Control for Uncertain Nonlinear Systems via an Immediate Actuator Switching Strategy,Ben Niu; Yanju Ji; Huanqing Wang; Xinjun Wang; Xudong Zhao,55,9,10.1109/tsmc.2025.3577253,https://doi.org/10.1109/tsmc.2025.3577253,article,IEEE Transactions on Systems Man and Cybernetics Systems,https://openalex.org/W4411599780
"IEEE Transactions on Systems, Man, and Cybernetics: Systems",IEEE,2025,2025-06-24,Self-Learning Control for Nonlinear Markov Jump Systems With Application to Quarter-Car Suspension Model,Wenhai Qi; Runkun Li; Ju H. Park; Zheng‐Guang Wu; Huaicheng Yan,55,9,10.1109/tsmc.2025.3577177,https://doi.org/10.1109/tsmc.2025.3577177,article,IEEE Transactions on Systems Man and Cybernetics Systems,https://openalex.org/W4411599991
"IEEE Transactions on Systems, Man, and Cybernetics: Systems",IEEE,2025,2025-06-24,Stackelberg Game-Based Finite-Horizon Optimal Fault-Tolerant Control of Heterogeneous MASs,Haoyue Yang; Hao Zhang; Zhuping Wang; Huaicheng Yan,55,9,10.1109/tsmc.2025.3577215,https://doi.org/10.1109/tsmc.2025.3577215,article,IEEE Transactions on Systems Man and Cybernetics Systems,https://openalex.org/W4411599984
"IEEE Transactions on Systems, Man, and Cybernetics: Systems",IEEE,2025,2025-06-24,TVMTrailer: A Text-Video-Music AIGC Framework for Film Trailer Generation,Cong Jin; Ming-Shen Lin; Fengjuan Wu; Xiaoyu Wu; Yu Zhou; Jiacun Wang,55,9,10.1109/tsmc.2025.3576988,https://doi.org/10.1109/tsmc.2025.3576988,article,IEEE Transactions on Systems Man and Cybernetics Systems,https://openalex.org/W4411599806
"IEEE Transactions on Systems, Man, and Cybernetics: Systems",IEEE,2025,2025-06-24,Toward Interpretable Multimodal Violence Detection With Knowledge Distillation and Modality-Aligned Preprocessing,Wendong Jiang; Chih-Yung Chang; Ming‐Yang Su; Yue‐Shi Lee; Diptendu Sinha Roy,55,9,10.1109/tsmc.2025.3576390,https://doi.org/10.1109/tsmc.2025.3576390,article,IEEE Transactions on Systems Man and Cybernetics Systems,https://openalex.org/W4411599808
"IEEE Transactions on Systems, Man, and Cybernetics: Systems",IEEE,2025,2025-06-25,A Central Motor System Inspired Pretraining Reinforcement Learning for Robotic Control,Pei Zhang; Zhaobo Hua; Jinliang Ding,55,9,10.1109/tsmc.2025.3577698,https://doi.org/10.1109/tsmc.2025.3577698,article,IEEE Transactions on Systems Man and Cybernetics Systems,https://openalex.org/W4411640072
"IEEE Transactions on Systems, Man, and Cybernetics: Systems",IEEE,2025,2025-06-25,Prescribed-Time Tracking Control for Uncertain Nonlinear Multiagent Systems With Matched and Mismatched Disturbances,Shasha Yang; Changhui Liao; Lianghao Ji; Qiuguang Jin,55,9,10.1109/tsmc.2025.3573704,https://doi.org/10.1109/tsmc.2025.3573704,article,IEEE Transactions on Systems Man and Cybernetics Systems,https://openalex.org/W4411639877
"IEEE Transactions on Systems, Man, and Cybernetics: Systems",IEEE,2025,2025-06-26,Attention-Based Multiscale tCNN for SSVEP Classification and Its Application to Bionic Intelligent Soft Gripper Control,Rao Wei; Changchun Hua; Jiannan Chen; Dianrui Mu; Jing Zhao,55,9,10.1109/tsmc.2025.3578533,https://doi.org/10.1109/tsmc.2025.3578533,article,IEEE Transactions on Systems Man and Cybernetics Systems,https://openalex.org/W4411688054
"IEEE Transactions on Systems, Man, and Cybernetics: Systems",IEEE,2025,2025-06-26,CIMAP: A High-Performance Motion Planning Algorithm for Robotic Manipulators in Complex Environments Using Clearance Inference Network,Bo Chen; Hui Zhang; Fangfang Zhang; Yiming Jiang; Wei He; Chenguang Yang; Yaonan Wang,55,9,10.1109/tsmc.2025.3578828,https://doi.org/10.1109/tsmc.2025.3578828,article,IEEE Transactions on Systems Man and Cybernetics Systems,https://openalex.org/W4411688072
"IEEE Transactions on Systems, Man, and Cybernetics: Systems",IEEE,2025,2025-06-26,Convergence Analysis of Log-Linear Learning of Games With Irrationality,Shi Qiang Lu; Hao Yang,55,9,10.1109/tsmc.2025.3577386,https://doi.org/10.1109/tsmc.2025.3577386,article,IEEE Transactions on Systems Man and Cybernetics Systems,https://openalex.org/W4411688083
"IEEE Transactions on Systems, Man, and Cybernetics: Systems",IEEE,2025,2025-06-26,Fuzzy-Control-Aided ZNN for Minimum Energy Consumption Scheme of Redundant Manipulator,Min Yang; Xiaohan Bai; Ning Tan; Bolin Liao; Lin Xiao,55,9,10.1109/tsmc.2025.3578058,https://doi.org/10.1109/tsmc.2025.3578058,article,IEEE Transactions on Systems Man and Cybernetics Systems,https://openalex.org/W4411688058
"IEEE Transactions on Systems, Man, and Cybernetics: Systems",IEEE,2025,2025-06-26,Robust Adaptive Iterative Learning Control for Multitrain System With Actuator Saturation and State Constraints,Qingyuan Wang; Xinyue Wang; Youxing Guo; Juxia Ding; Pengfei Sun; Xiaoyun Feng,55,9,10.1109/tsmc.2025.3578026,https://doi.org/10.1109/tsmc.2025.3578026,article,IEEE Transactions on Systems Man and Cybernetics Systems,https://openalex.org/W4411688052
"IEEE Transactions on Systems, Man, and Cybernetics: Systems",IEEE,2025,2025-06-26,Self-Supervised Pseudo-Label Learning-Enabled Cross-Domain Fault Diagnosis Method Under Time-Varying Speeds,Li Wang; Yiping Gao; Xinyu Li; Liang Gao,55,9,10.1109/tsmc.2025.3576815,https://doi.org/10.1109/tsmc.2025.3576815,article,IEEE Transactions on Systems Man and Cybernetics Systems,https://openalex.org/W4411688046
"IEEE Transactions on Systems, Man, and Cybernetics: Systems",IEEE,2025,2025-06-26,Time-Series Clustering With Dynamic Feature Mining in the Framework of Belief Function Theory,Yunshu Shi; Chaoyu Gong; Zhi‐gang Su,55,9,10.1109/tsmc.2025.3577606,https://doi.org/10.1109/tsmc.2025.3577606,article,IEEE Transactions on Systems Man and Cybernetics Systems,https://openalex.org/W4411688066
"IEEE Transactions on Systems, Man, and Cybernetics: Systems",IEEE,2025,2025-06-27,Adaptive Asymptotic Exponential Regulation for Nonparametric Uncertain Strict-Feedback Systems With Asymmetric Time-Varying Output Constraints,Yunfei Dai; Yujuan Wang; Zheng Zhou; Huanyu Yang,55,9,10.1109/tsmc.2025.3578329,https://doi.org/10.1109/tsmc.2025.3578329,article,IEEE Transactions on Systems Man and Cybernetics Systems,https://openalex.org/W4411725539
"IEEE Transactions on Systems, Man, and Cybernetics: Systems",IEEE,2025,2025-06-27,Adaptive Event-Triggered Control for Uncertain Nonlinear Systems With Dynamic Limits Error Constraints,Xingce Liu; Dongsheng Yang; Yingchun Wang; Juan Zhang,55,9,10.1109/tsmc.2025.3573792,https://doi.org/10.1109/tsmc.2025.3573792,article,IEEE Transactions on Systems Man and Cybernetics Systems,https://openalex.org/W4411725531
"IEEE Transactions on Systems, Man, and Cybernetics: Systems",IEEE,2025,2025-06-27,DMIC: Decision-Making Integrated Predictive Control for Intelligent Vehicles,Yu Zhang; Xiaolin Tang; Yechen Qin; Mingming Dong,55,9,10.1109/tsmc.2025.3577691,https://doi.org/10.1109/tsmc.2025.3577691,article,IEEE Transactions on Systems Man and Cybernetics Systems,https://openalex.org/W4411725536
"IEEE Transactions on Systems, Man, and Cybernetics: Systems",IEEE,2025,2025-06-27,Dynamic Event-Triggered Bipartite Consensus for Multiagent Systems Under Switching Topologies on Time Scales,Ruoyang Dang; Wei Tang; Yin Sheng; Qiang Xiao; Zhigang Zeng; Tingwen Huang,55,9,10.1109/tsmc.2025.3578339,https://doi.org/10.1109/tsmc.2025.3578339,article,IEEE Transactions on Systems Man and Cybernetics Systems,https://openalex.org/W4411725640
"IEEE Transactions on Systems, Man, and Cybernetics: Systems",IEEE,2025,2025-06-27,Improving Sample Efficiency Through Stability Enhancement in Deep-Reinforcement Learning,Ziru Wang; Wanli Jiang; Ru Peng; Qian Kou; Lipeng Wan; Xuguang Lan,55,9,10.1109/tsmc.2025.3578050,https://doi.org/10.1109/tsmc.2025.3578050,article,IEEE Transactions on Systems Man and Cybernetics Systems,https://openalex.org/W4411725490
"IEEE Transactions on Systems, Man, and Cybernetics: Systems",IEEE,2025,2025-06-27,Link Augmentation and Q-Learning for Set Stabilization in Switched Boolean Networks,Qinyao Pan; Jianquan Lu; Amol Yerudkar; Koichi Kobayashi; Jie Zhong,55,9,10.1109/tsmc.2025.3578029,https://doi.org/10.1109/tsmc.2025.3578029,article,IEEE Transactions on Systems Man and Cybernetics Systems,https://openalex.org/W4411725535
"IEEE Transactions on Systems, Man, and Cybernetics: Systems",IEEE,2025,2025-06-27,Total Structure Multirate Autoregressive Dynamic Latent Variable Model for Multirate Dynamic Process Fault Detection,Donglei Zheng; Le Zhou; Yi Liu; Zheng‐Guang Wu; Zhihuan Song,55,9,10.1109/tsmc.2025.3578475,https://doi.org/10.1109/tsmc.2025.3578475,article,IEEE Transactions on Systems Man and Cybernetics Systems,https://openalex.org/W4411725532
"IEEE Transactions on Systems, Man, and Cybernetics: Systems",IEEE,2025,2025-06-30,FMvPCI: A Multiview Fusion Neural Network for Identifying Protein Complex via Fuzzy Clustering,Yue Yang; Lun Hu; Guodong Li; Dongxu Li; Pengwei Hu; Xin Luo,55,9,10.1109/tsmc.2025.3578348,https://doi.org/10.1109/tsmc.2025.3578348,article,IEEE Transactions on Systems Man and Cybernetics Systems,https://openalex.org/W4411799204
"IEEE Transactions on Systems, Man, and Cybernetics: Systems",IEEE,2025,2025-06-30,Finite-Iteration Learning Control for Nonlinear Systems With Parameter Uncertainties,Zihan Li; Dong Shen,55,9,10.1109/tsmc.2025.3578604,https://doi.org/10.1109/tsmc.2025.3578604,article,IEEE Transactions on Systems Man and Cybernetics Systems,https://openalex.org/W4411799112
"IEEE Transactions on Systems, Man, and Cybernetics: Systems",IEEE,2025,2025-06-30,Social Network Group Consensus Model Considering Quantum Cognition-Based Social Interaction Pattern and Individual Utility,Yueyuan Li; Пэйдэ Лю; Zhibin Wu,55,9,10.1109/tsmc.2025.3578501,https://doi.org/10.1109/tsmc.2025.3578501,article,IEEE Transactions on Systems Man and Cybernetics Systems,https://openalex.org/W4411799097
"IEEE Transactions on Systems, Man, and Cybernetics: Systems",IEEE,2025,2025-07-01,Adaptive Fault-Tolerance Control for Stochastic Fully Actuated Systems With Component Faults,Xueqing Liu; Donghua Zhou; Li Sheng,55,9,10.1109/tsmc.2025.3574164,https://doi.org/10.1109/tsmc.2025.3574164,article,IEEE Transactions on Systems Man and Cybernetics Systems,https://openalex.org/W4411867073
"IEEE Transactions on Systems, Man, and Cybernetics: Systems",IEEE,2025,2025-07-01,Deep Learning From Crowds on a Healthy Data Diet,Hang Yang; Zhiwu Li; Witold Pedrycz; Mirko Farina,55,9,10.1109/tsmc.2025.3578893,https://doi.org/10.1109/tsmc.2025.3578893,article,IEEE Transactions on Systems Man and Cybernetics Systems,https://openalex.org/W4411867065
"IEEE Transactions on Systems, Man, and Cybernetics: Systems",IEEE,2025,2025-07-01,Stochastic Linear-Quadratic Optimal Control With Input Delay and Quadratic Constraint,Dawei Liu; Jingrui Sun; Juanjuan Xu; Huanshui Zhang,55,9,10.1109/tsmc.2025.3578704,https://doi.org/10.1109/tsmc.2025.3578704,article,IEEE Transactions on Systems Man and Cybernetics Systems,https://openalex.org/W4411867063
"IEEE Transactions on Systems, Man, and Cybernetics: Systems",IEEE,2025,2025-07-02,A Distributed Slack Barrier Recurrent Neural Network for Multiple Redundant Manipulators Collaborative System in Obstacles Environment,Mingyang Zhang; Jinjia Guo; Zhijun Zhang,55,9,10.1109/tsmc.2025.3578566,https://doi.org/10.1109/tsmc.2025.3578566,article,IEEE Transactions on Systems Man and Cybernetics Systems,https://openalex.org/W4411949378
"IEEE Transactions on Systems, Man, and Cybernetics: Systems",IEEE,2025,2025-07-02,Adaptive Dynamics-Based Prescribed-Time Control for Robots Formation Tracking in Task Space,Xinru Ma; Hengyu Li; Yonghao Xie; Jun Liu; Yan Peng; Shaorong Xie; Jun Luo,55,10,10.1109/tsmc.2025.3579053,https://doi.org/10.1109/tsmc.2025.3579053,article,IEEE Transactions on Systems Man and Cybernetics Systems,https://openalex.org/W4411949405
"IEEE Transactions on Systems, Man, and Cybernetics: Systems",IEEE,2025,2025-07-02,Agent-Based Space Teleoperation: Mitigating Time Delays With Deep Reinforcement Learning,Bo Xia; Xianru Tian; Bo Yuan; Chun-Ju Yang; Li Li; Bin Liang; Xueqian Wang,55,10,10.1109/tsmc.2025.3578134,https://doi.org/10.1109/tsmc.2025.3578134,article,IEEE Transactions on Systems Man and Cybernetics Systems,https://openalex.org/W4411949414
"IEEE Transactions on Systems, Man, and Cybernetics: Systems",IEEE,2025,2025-07-02,An Optimization Framework With Imbalance-Ratio and Position for Imbalanced Noisy Classification,Hao Zhou; Min Li; Qun Liu; Keke Zhang; Qingguo Lü; Huaqing Li; Ponnuthurai Nagaratnam Suganthan,55,10,10.1109/tsmc.2025.3579210,https://doi.org/10.1109/tsmc.2025.3579210,article,IEEE Transactions on Systems Man and Cybernetics Systems,https://openalex.org/W4411949418
"IEEE Transactions on Systems, Man, and Cybernetics: Systems",IEEE,2025,2025-07-02,Bounded Intermittent Controllers-Based Predefined-Time Control of Neutral Filippov Systems,Honglin Ni; Fanchao Kong; Quanxin Zhu; Tingwen Huang,55,10,10.1109/tsmc.2025.3578342,https://doi.org/10.1109/tsmc.2025.3578342,article,IEEE Transactions on Systems Man and Cybernetics Systems,https://openalex.org/W4411949430
"IEEE Transactions on Systems, Man, and Cybernetics: Systems",IEEE,2025,2025-07-02,Enhancing Motion Perception in Vehicle Simulators Through a Heuristic-Based Classical Washout Algorithm,José Vicente Riera; Sergio Casas; Pedro Morillo; Marcos Fernández,55,10,10.1109/tsmc.2025.3579305,https://doi.org/10.1109/tsmc.2025.3579305,article,IEEE Transactions on Systems Man and Cybernetics Systems,https://openalex.org/W4411949420
"IEEE Transactions on Systems, Man, and Cybernetics: Systems",IEEE,2025,2025-07-02,Global Polynomial Synchronization of Proportional Delay Memristive Competitive Neural Networks With Uncertain Parameters for Image Encryption,Liqun Zhou; Jiapeng Han; Zhi-Xue Zhao; Quanxin Zhu; Tingwen Huang,55,10,10.1109/tsmc.2025.3577201,https://doi.org/10.1109/tsmc.2025.3577201,article,IEEE Transactions on Systems Man and Cybernetics Systems,https://openalex.org/W4411949416
"IEEE Transactions on Systems, Man, and Cybernetics: Systems",IEEE,2025,2025-07-02,Local-Global Temporal Fusion Network With an Attention Mechanism for Multiple and Multiclass Arrhythmia Classification,Yun Kwan Kim; Minji Lee; Hee Seok Song; Seong–Whan Lee,55,10,10.1109/tsmc.2025.3579145,https://doi.org/10.1109/tsmc.2025.3579145,article,IEEE Transactions on Systems Man and Cybernetics Systems,https://openalex.org/W4411949366
"IEEE Transactions on Systems, Man, and Cybernetics: Systems",IEEE,2025,2025-07-02,Neural-Network-Based Optimal Impedance Control for Robots in Physical Interaction With Soft Environments,Haiyi Kong; Guangzhu Peng; Guang Li; Chenguang Yang,55,10,10.1109/tsmc.2025.3579017,https://doi.org/10.1109/tsmc.2025.3579017,article,IEEE Transactions on Systems Man and Cybernetics Systems,https://openalex.org/W4411949429
"IEEE Transactions on Systems, Man, and Cybernetics: Systems",IEEE,2025,2025-07-02,Positivity-Preserving Consensus Control of Multiagent Systems With Input Nonlinearities,Xiujuan Lu; Bohao Zhu; James Lam; Han Wu; Jason J. R. Liu,55,10,10.1109/tsmc.2025.3580171,https://doi.org/10.1109/tsmc.2025.3580171,article,IEEE Transactions on Systems Man and Cybernetics Systems,https://openalex.org/W4411949380
"IEEE Transactions on Systems, Man, and Cybernetics: Systems",IEEE,2025,2025-07-03,Autonomous Creeping Mode Control for Traction Enhancement and Energy Optimization in Self-Reconfigurable Wheeled Mobile Robots,Huanan Qi; Liang Ding; Huaiguang Yang; Xinyan Guo; Shu Li; Haibo Gao; Zdravko Terze; Zongquan Deng,55,10,10.1109/tsmc.2025.3577720,https://doi.org/10.1109/tsmc.2025.3577720,article,IEEE Transactions on Systems Man and Cybernetics Systems,https://openalex.org/W4411997001
"IEEE Transactions on Systems, Man, and Cybernetics: Systems",IEEE,2025,2025-07-03,Enhancing Robotic Surgery With Haptic Feedback: A Cooperative Control Strategy for Autonomous Laparoscope Control,Jin Fang; Xiaojian Li; Hangjie Mo; Hua Tang; Pengxin Guo; Kai Guo Yan; Xiaopeng Li; Ling Li,55,10,10.1109/tsmc.2025.3579383,https://doi.org/10.1109/tsmc.2025.3579383,article,IEEE Transactions on Systems Man and Cybernetics Systems,https://openalex.org/W4411997014
"IEEE Transactions on Systems, Man, and Cybernetics: Systems",IEEE,2025,2025-07-03,Event-Triggered Optimal Containment Control for Heterogeneous Stochastic Nonlinear Multiagent Systems Under Denial-of-Service Attacks,Weiwei Guang; Yan Lei; Xin Wang,55,10,10.1109/tsmc.2025.3578367,https://doi.org/10.1109/tsmc.2025.3578367,article,IEEE Transactions on Systems Man and Cybernetics Systems,https://openalex.org/W4411996969
"IEEE Transactions on Systems, Man, and Cybernetics: Systems",IEEE,2025,2025-07-03,Finite-Time Adaptive Control for Uncertain High-Order Stochastic Nonlinear Systems With Unknown Time-Varying Control Coefficients,Ruipeng Xi; Hailong Huang; Guodong Yin; Huaguang Zhang,55,10,10.1109/tsmc.2025.3579588,https://doi.org/10.1109/tsmc.2025.3579588,article,IEEE Transactions on Systems Man and Cybernetics Systems,https://openalex.org/W4411983335
"IEEE Transactions on Systems, Man, and Cybernetics: Systems",IEEE,2025,2025-07-03,Optimal Inventory Level Control in the Case of Perishable Goods With Unknown Time-Varying Decay Factor: A Data-Driven Supervised Robust Model Predictive Control Approach,Beatrice Ietto; Valentina Orsini,55,10,10.1109/tsmc.2025.3579546,https://doi.org/10.1109/tsmc.2025.3579546,article,IEEE Transactions on Systems Man and Cybernetics Systems,https://openalex.org/W4411997013
"IEEE Transactions on Systems, Man, and Cybernetics: Systems",IEEE,2025,2025-07-03,pth Moment Exponential Stability of Highly Nonlinear Neutral Hybrid Stochastic Delayed Systems With Impulsive Effect,Yueli Huang; Quanxin Zhu,55,10,10.1109/tsmc.2025.3579565,https://doi.org/10.1109/tsmc.2025.3579565,article,IEEE Transactions on Systems Man and Cybernetics Systems,https://openalex.org/W4411997002
"IEEE Transactions on Systems, Man, and Cybernetics: Systems",IEEE,2025,2025-07-04,Intelligent Finite-Time Self-Triggered Control for Fuzzy UMV Systems With Hybrid Attacks,Huaichao Yin; Wenhai Qi; Ju H. Park; Zheng‐Guang Wu; Huaicheng Yan,55,10,10.1109/tsmc.2025.3578080,https://doi.org/10.1109/tsmc.2025.3578080,article,IEEE Transactions on Systems Man and Cybernetics Systems,https://openalex.org/W4412030434
"IEEE Transactions on Systems, Man, and Cybernetics: Systems",IEEE,2025,2025-07-04,Output Feedback Adaptive Tracking Control of Uncertain Parameter Systems via Dynamic Regressor Extension and Mixing,Xinyu Wang; Fei Dong; Jianying Zheng; Qinglei Hu; Dongyu Li; Xiaodong Shao,55,10,10.1109/tsmc.2025.3578763,https://doi.org/10.1109/tsmc.2025.3578763,article,IEEE Transactions on Systems Man and Cybernetics Systems,https://openalex.org/W4412030524
"IEEE Transactions on Systems, Man, and Cybernetics: Systems",IEEE,2025,2025-07-04,Robust Decorrelated Stochastic Configuration Networks Ensemble via Weighted Negative Correlation Learning,Chenglong Zhang; Chaoxun Guo; Xiaozhu Wang; Shifei Ding; Feng Wu; David Zhang,55,10,10.1109/tsmc.2025.3580086,https://doi.org/10.1109/tsmc.2025.3580086,article,IEEE Transactions on Systems Man and Cybernetics Systems,https://openalex.org/W4412030320
"IEEE Transactions on Systems, Man, and Cybernetics: Systems",IEEE,2025,2025-07-08,Adaptive Prescribed-Time Tracking Control for Strict-Feedback Nonlinear Systems: A Novel Full Errors Approach,Linchuang Zhang; Jie Zhang; Hongjing Liang; Yonghui Sun; Tieshan Li,55,10,10.1109/tsmc.2025.3581550,https://doi.org/10.1109/tsmc.2025.3581550,article,IEEE Transactions on Systems Man and Cybernetics Systems,https://openalex.org/W4413478207
"IEEE Transactions on Systems, Man, and Cybernetics: Systems",IEEE,2025,2025-07-08,Analysis of Secure Collaboration Plans for Multiple Workflow Processes With Timed Dynamic Relations and Shared Users,Yanhua Du; Hua Zhang; Hesuan Hu,55,10,10.1109/tsmc.2025.3578481,https://doi.org/10.1109/tsmc.2025.3578481,article,IEEE Transactions on Systems Man and Cybernetics Systems,https://openalex.org/W4414372597
"IEEE Transactions on Systems, Man, and Cybernetics: Systems",IEEE,2025,2025-07-08,Asynchronous Consensus Evolution Mechanism for Large Group Emergency Decision Making: Risk Mitigation Strategy Selection Under Uncertainty,Ya-Jing Zhou; Mi Zhou; Jian Wu; Witold Pedrycz; Xin-Bao Liu,55,10,10.1109/tsmc.2025.3580657,https://doi.org/10.1109/tsmc.2025.3580657,article,IEEE Transactions on Systems Man and Cybernetics Systems,https://openalex.org/W4412375699
"IEEE Transactions on Systems, Man, and Cybernetics: Systems",IEEE,2025,2025-07-08,DOMAIN: Mildly Conservative Model-Based Offline Reinforcement Learning,Xiao-Yin Liu; Xiao-Hu Zhou; Mei-Jiang Gui; Guotao Li; Xiao‐Liang Xie; Shi-Qi Liu; Shuangyi Wang; Qichao Zhang; Biao Luo; Zeng‐Guang Hou,55,10,10.1109/tsmc.2025.3578666,https://doi.org/10.1109/tsmc.2025.3578666,article,IEEE Transactions on Systems Man and Cybernetics Systems,https://openalex.org/W4413478205
"IEEE Transactions on Systems, Man, and Cybernetics: Systems",IEEE,2025,2025-07-08,Data and Prior-Driven Low-Light Enhancement Boosting the Visibility of Imaging Systems,Huaian Chen; Tianle Liu; Ben Wang; Zhixiang Wei; Yi Jin; Enhong Chen,55,10,10.1109/tsmc.2025.3579759,https://doi.org/10.1109/tsmc.2025.3579759,article,IEEE Transactions on Systems Man and Cybernetics Systems,https://openalex.org/W4412368822
"IEEE Transactions on Systems, Man, and Cybernetics: Systems",IEEE,2025,2025-07-08,Equilibrium Torque Control-Based Lower-Limb Exoskeleton Assistance With Memory-Enhanced Gait Prediction and Real-Time Learning,Wenlong Li; Yiming Fei; Hao Su; Qi Li; Yanan Li,55,10,10.1109/tsmc.2025.3580690,https://doi.org/10.1109/tsmc.2025.3580690,article,IEEE Transactions on Systems Man and Cybernetics Systems,https://openalex.org/W4412375781
"IEEE Transactions on Systems, Man, and Cybernetics: Systems",IEEE,2025,2025-07-08,Event-Based Adaptive Optimal Fault-Tolerant Consensus Control for Uncertain Nonlinear Multiagent Systems With Actuator Failures,Yuanbo Su; Qihe Shan; Hongjing Liang; Tieshan Li; Huaguang Zhang,55,10,10.1109/tsmc.2025.3582815,https://doi.org/10.1109/tsmc.2025.3582815,article,IEEE Transactions on Systems Man and Cybernetics Systems,https://openalex.org/W4412375717
"IEEE Transactions on Systems, Man, and Cybernetics: Systems",IEEE,2025,2025-07-08,Fuzzy Adaptive Event-Driven Control Strategy and its Application in Ship Maneuvering System With Input Delay and Full-State Constraints,Liping Xie; Yihao Zhang; Kanjian Zhang; Zong‐Yao Sun; Xiangpeng Xie,55,10,10.1109/tsmc.2025.3579537,https://doi.org/10.1109/tsmc.2025.3579537,article,IEEE Transactions on Systems Man and Cybernetics Systems,https://openalex.org/W4412375764
"IEEE Transactions on Systems, Man, and Cybernetics: Systems",IEEE,2025,2025-07-08,Imbalance-Aware Culvert-Sewer Defect Segmentation Using an Enhanced Feature Pyramid Network,Rasha Alshawi; Md Meftahul Ferdaus; Mahdi Abdelguerfi; Kendall N. Niles; Ken Pathak; Steven D. Sloan,55,10,10.1109/tsmc.2025.3579706,https://doi.org/10.1109/tsmc.2025.3579706,article,IEEE Transactions on Systems Man and Cybernetics Systems,https://openalex.org/W4412375659
"IEEE Transactions on Systems, Man, and Cybernetics: Systems",IEEE,2025,2025-07-08,Stabilization of Hybrid Neutral Stochastic Delay Systems With Aperiodically Intermittent Control and Delay Feedback,Fangzhe Wan; Feiqi Deng; Xueyan Zhao,55,10,10.1109/tsmc.2025.3580625,https://doi.org/10.1109/tsmc.2025.3580625,article,IEEE Transactions on Systems Man and Cybernetics Systems,https://openalex.org/W4412368824
"IEEE Transactions on Systems, Man, and Cybernetics: Systems",IEEE,2025,2025-07-08,Strategic Manipulation Behavior Analysis for Group Decision-Making Based on Nash Bargaining Game and Regret Theory,Yufeng Shen; Xueling Ma; Yukun Bao; Zeshui Xu; Jianming Zhan,55,10,10.1109/tsmc.2025.3582734,https://doi.org/10.1109/tsmc.2025.3582734,article,IEEE Transactions on Systems Man and Cybernetics Systems,https://openalex.org/W4412375628
"IEEE Transactions on Systems, Man, and Cybernetics: Systems",IEEE,2025,2025-07-08,Supervisor Design of Unbounded Petri Nets for Discrete Event Systems,Yanan Zhang; Yufeng Chen; Ahmed M. El‐Sherbeeny; Zhiwu Li,55,10,10.1109/tsmc.2025.3580434,https://doi.org/10.1109/tsmc.2025.3580434,article,IEEE Transactions on Systems Man and Cybernetics Systems,https://openalex.org/W4412375680
"IEEE Transactions on Systems, Man, and Cybernetics: Systems",IEEE,2025,2025-07-08,Telling Human and Machine Handwriting Apart,Luis A. Leiva; Moises Díaz; Nuwan T. Attygalle; Miguel A. Ferrer; Réjean Plamondon,55,10,10.1109/tsmc.2025.3579921,https://doi.org/10.1109/tsmc.2025.3579921,article,IEEE Transactions on Systems Man and Cybernetics Systems,https://openalex.org/W4414372598
"IEEE Transactions on Systems, Man, and Cybernetics: Systems",IEEE,2025,2025-07-08,The Spacecraft Early Analysis Model: An MBSE Framework for Early Analysis of Spacecraft Behavior,Joe Gregory; Lucy Berthoud; Theo Tryfonas; Ludovic Faure; Antonio Prezzavento,55,10,10.1109/tsmc.2025.3581567,https://doi.org/10.1109/tsmc.2025.3581567,article,IEEE Transactions on Systems Man and Cybernetics Systems,https://openalex.org/W4412375761
"IEEE Transactions on Systems, Man, and Cybernetics: Systems",IEEE,2025,2025-07-08,Unified and Nonconservative Stability Conditions for Continuous-Time Switched Systems,Hui-Ting Wang; Songlin Zhuang; Yong Min He; Yang Shi; Min Wu,55,10,10.1109/tsmc.2025.3580361,https://doi.org/10.1109/tsmc.2025.3580361,article,IEEE Transactions on Systems Man and Cybernetics Systems,https://openalex.org/W4414372596
"IEEE Transactions on Systems, Man, and Cybernetics: Systems",IEEE,2025,2025-07-08,When Process Control Meets Big Data: Data-Driven Cloud-Edge Collaborative Predictive Control Method for Multiple Operating Conditions Processes,Keke Huang; Yanwei Tang; Zui Tao; Dehao Wu; Chunhua Yang; Weihua Gui,55,10,10.1109/tsmc.2025.3582880,https://doi.org/10.1109/tsmc.2025.3582880,article,IEEE Transactions on Systems Man and Cybernetics Systems,https://openalex.org/W4412375709
"IEEE Transactions on Systems, Man, and Cybernetics: Systems",IEEE,2025,2025-07-09,Active Resilient Secure Control for Heterogeneous Swarm Systems Under Malicious Cyber-Attacks,Yishi Liu; Xiwang Dong; Enrico Zio; Ying Cui,55,10,10.1109/tsmc.2025.3580940,https://doi.org/10.1109/tsmc.2025.3580940,article,IEEE Transactions on Systems Man and Cybernetics Systems,https://openalex.org/W4412164756
"IEEE Transactions on Systems, Man, and Cybernetics: Systems",IEEE,2025,2025-07-09,Adaptive Perturbation Suppression Control for Multiple Nonholonomic Mobile Robot Clusters Against Composite Motion Windups,Zhi Zheng; Tao Jiang; Jianchuan Ye; Shaoxin Sun; Xiaojie Su,55,10,10.1109/tsmc.2025.3580449,https://doi.org/10.1109/tsmc.2025.3580449,article,IEEE Transactions on Systems Man and Cybernetics Systems,https://openalex.org/W4412375071
"IEEE Transactions on Systems, Man, and Cybernetics: Systems",IEEE,2025,2025-07-09,Intelligent Control in Asymmetric Decision-Making: An Event-Triggered RL Approach for Mismatched Uncertainties,Xiangnan Zhong; Zhen Ni,55,10,10.1109/tsmc.2025.3583066,https://doi.org/10.1109/tsmc.2025.3583066,article,IEEE Transactions on Systems Man and Cybernetics Systems,https://openalex.org/W4412375093
"IEEE Transactions on Systems, Man, and Cybernetics: Systems",IEEE,2025,2025-07-09,Optimal Time-Varying Q -Learning Algorithm for Affine Nonlinear Systems With Coupled Players,Huaguang Zhang; Shuhang Yu; Jiayue Sun; Mei Li,55,10,10.1109/tsmc.2025.3580988,https://doi.org/10.1109/tsmc.2025.3580988,article,IEEE Transactions on Systems Man and Cybernetics Systems,https://openalex.org/W4412164404
"IEEE Transactions on Systems, Man, and Cybernetics: Systems",IEEE,2025,2025-07-10,A Framework for Time-Series Dynamic Modeling of Carbon Consumption in Sintering Process,Jie Zhen Hu; Junyong Liu; Min Wu; Witold Pedrycz,55,10,10.1109/tsmc.2025.3583084,https://doi.org/10.1109/tsmc.2025.3583084,article,IEEE Transactions on Systems Man and Cybernetics Systems,https://openalex.org/W4412170898
"IEEE Transactions on Systems, Man, and Cybernetics: Systems",IEEE,2025,2025-07-10,Learning Hidden Transition for Nonstationary Environments With Multistep Tree Search,Yangqing Fu; Yue Gao,55,10,10.1109/tsmc.2025.3578730,https://doi.org/10.1109/tsmc.2025.3578730,article,IEEE Transactions on Systems Man and Cybernetics Systems,https://openalex.org/W4412170909
"IEEE Transactions on Systems, Man, and Cybernetics: Systems",IEEE,2025,2025-07-11,Adaptive Fixed-Time Event-Triggered Consensus Tracking Control for Robotic Multiagent Systems,Ben Niu; Xinliang Zhao; Yahui Gao; Shengtao Li; Jihang Sui; Huanqing Wang,55,10,10.1109/tsmc.2025.3582649,https://doi.org/10.1109/tsmc.2025.3582649,article,IEEE Transactions on Systems Man and Cybernetics Systems,https://openalex.org/W4412345728
"IEEE Transactions on Systems, Man, and Cybernetics: Systems",IEEE,2025,2025-07-11,Observer-Based DETM-Switching- H∞ Control for Disturbed Servo Systems Under DoS Attacks,Qiaofeng Zhang; Meng Li; Yong Chen; Meng Zhang; Haiyu Song,55,10,10.1109/tsmc.2025.3582912,https://doi.org/10.1109/tsmc.2025.3582912,article,IEEE Transactions on Systems Man and Cybernetics Systems,https://openalex.org/W4412353445
"IEEE Transactions on Systems, Man, and Cybernetics: Systems",IEEE,2025,2025-07-11,Online Reinforcement Learning Algorithm Design for Adaptive Optimal Consensus Control Under Interval Excitation,Yong Xu; Qi-Yue Che; Meng-Ying Wan; Di Mei; Zheng‐Guang Wu,55,10,10.1109/tsmc.2025.3583212,https://doi.org/10.1109/tsmc.2025.3583212,article,IEEE Transactions on Systems Man and Cybernetics Systems,https://openalex.org/W4412353450
"IEEE Transactions on Systems, Man, and Cybernetics: Systems",IEEE,2025,2025-07-11,PCDT: Pessimistic Critic Decision Transformer for Offline Reinforcement Learning,Xuesong Wang; Hengrui Zhang; Jiazhi Zhang; C. L. Philip Chen; Yuhu Cheng,55,10,10.1109/tsmc.2025.3583392,https://doi.org/10.1109/tsmc.2025.3583392,article,IEEE Transactions on Systems Man and Cybernetics Systems,https://openalex.org/W4412353404
"IEEE Transactions on Systems, Man, and Cybernetics: Systems",IEEE,2025,2025-07-14,Knowledge-Guided Multiview Hierarchical Evolutionary Algorithm for Flexible Job Shop Scheduling With Finite Skilled Workers,Rui Li; Ling Wang; Hongyan Sang; Lizhong Yao,55,10,10.1109/tsmc.2025.3583207,https://doi.org/10.1109/tsmc.2025.3583207,article,IEEE Transactions on Systems Man and Cybernetics Systems,https://openalex.org/W4412404416
"IEEE Transactions on Systems, Man, and Cybernetics: Systems",IEEE,2025,2025-07-14,Prospect Theory-Based Portfolio Selection Using Multiple Fuzzy Reference Intervals,Xianhe Wang; Bo Wang; Long Teng; Yaoxin Wu,55,10,10.1109/tsmc.2025.3578997,https://doi.org/10.1109/tsmc.2025.3578997,article,IEEE Transactions on Systems Man and Cybernetics Systems,https://openalex.org/W4412404138
"IEEE Transactions on Systems, Man, and Cybernetics: Systems",IEEE,2025,2025-07-14,Surrogate-Assisted Differential Evolution With Search Space Tightening for High-Dimensional Expensive Optimization Problems,Rongfeng Zhou; Chongle Ren; Zhenyu Meng; Haibin Zhu,55,10,10.1109/tsmc.2025.3582897,https://doi.org/10.1109/tsmc.2025.3582897,article,IEEE Transactions on Systems Man and Cybernetics Systems,https://openalex.org/W4412404001
"IEEE Transactions on Systems, Man, and Cybernetics: Systems",IEEE,2025,2025-07-15,Adaptive Robust Motion Control for Hydraulic Actuators With an Adjustable Event Trigger,Jixiang Chen; Zhongyang Fei; Litong Lyu; Weiguo Xia; Xi‐Ming Sun,55,10,10.1109/tsmc.2025.3581240,https://doi.org/10.1109/tsmc.2025.3581240,article,IEEE Transactions on Systems Man and Cybernetics Systems,https://openalex.org/W4412444932
"IEEE Transactions on Systems, Man, and Cybernetics: Systems",IEEE,2025,2025-07-15,Dynamic Event-Triggered Quantized Control for Switched Systems Under DoS Attacks: A Min-Derivative Switching Strategy,Hanqing Qu; Bo‐Chao Zheng; Jiasheng Shi,55,10,10.1109/tsmc.2025.3584062,https://doi.org/10.1109/tsmc.2025.3584062,article,IEEE Transactions on Systems Man and Cybernetics Systems,https://openalex.org/W4412444601
"IEEE Transactions on Systems, Man, and Cybernetics: Systems",IEEE,2025,2025-07-15,Smoothing and Matrix Decomposition-Based Stacked Bidirectional GRU Model for Machine Downtime Forecasting,Waqar Ahmed Khan; Sai‐Ho Chung; Shi Qiang Liu; Mahmoud Masoud; Xin Wen,55,10,10.1109/tsmc.2025.3582768,https://doi.org/10.1109/tsmc.2025.3582768,article,IEEE Transactions on Systems Man and Cybernetics Systems,https://openalex.org/W4412444930
"IEEE Transactions on Systems, Man, and Cybernetics: Systems",IEEE,2025,2025-07-16,Adaptive Event-Triggered Optimal Control With Regulative Learning Rate Under Aperiodic DoS Attacks,Yi Cheng; Yongqing Yang; Jinde Cao,55,10,10.1109/tsmc.2025.3583832,https://doi.org/10.1109/tsmc.2025.3583832,article,IEEE Transactions on Systems Man and Cybernetics Systems,https://openalex.org/W4413073622
"IEEE Transactions on Systems, Man, and Cybernetics: Systems",IEEE,2025,2025-07-16,Neural Networks-Incorporated Latent Factor Analysis for High-Dimensional and Incomplete Data,Ming‐Wei Lin; Xingyu Lin; Xiuqin Xu; Zeshui Xu; Xin Luo,55,10,10.1109/tsmc.2025.3583919,https://doi.org/10.1109/tsmc.2025.3583919,article,IEEE Transactions on Systems Man and Cybernetics Systems,https://openalex.org/W4412972614
"IEEE Transactions on Systems, Man, and Cybernetics: Systems",IEEE,2025,2025-07-18,"IEEE Systems, Man, and Cybernetics Society Information",,55,8,10.1109/tsmc.2025.3584494,https://doi.org/10.1109/tsmc.2025.3584494,paratext,IEEE Transactions on Systems Man and Cybernetics Systems,https://openalex.org/W4412972432
"IEEE Transactions on Systems, Man, and Cybernetics: Systems",IEEE,2025,2025-07-18,"IEEE Systems, Man, and Cybernetics Society Information",,55,8,10.1109/tsmc.2025.3584486,https://doi.org/10.1109/tsmc.2025.3584486,paratext,IEEE Transactions on Systems Man and Cybernetics Systems,https://openalex.org/W4412972551
"IEEE Transactions on Systems, Man, and Cybernetics: Systems",IEEE,2025,2025-07-18,"IEEE Transactions on Systems, Man, and Cybernetics: Systems Information for Authors",,55,8,10.1109/tsmc.2025.3584576,https://doi.org/10.1109/tsmc.2025.3584576,paratext,IEEE Transactions on Systems Man and Cybernetics Systems,https://openalex.org/W4412972545
"IEEE Transactions on Systems, Man, and Cybernetics: Systems",IEEE,2025,2025-07-18,"IEEE Transactions on Systems, Man, and Cybernetics: Systems Publication Information",,55,8,10.1109/tsmc.2025.3584492,https://doi.org/10.1109/tsmc.2025.3584492,paratext,IEEE Transactions on Systems Man and Cybernetics Systems,https://openalex.org/W4412972556
"IEEE Transactions on Systems, Man, and Cybernetics: Systems",IEEE,2025,2025-07-18,Introducing IEEE Collabratec,,55,8,10.1109/tsmc.2025.3584426,https://doi.org/10.1109/tsmc.2025.3584426,article,IEEE Transactions on Systems Man and Cybernetics Systems,https://openalex.org/W4412972553
"IEEE Transactions on Systems, Man, and Cybernetics: Systems",IEEE,2025,2025-07-18,Introducing IEEE Collabratec,,55,8,10.1109/tsmc.2025.3584582,https://doi.org/10.1109/tsmc.2025.3584582,article,IEEE Transactions on Systems Man and Cybernetics Systems,https://openalex.org/W4412972560
"IEEE Transactions on Systems, Man, and Cybernetics: Systems",IEEE,2025,2025-07-18,Reinforcement Dynamic Learning-Based Tracking Control Strategy for an Unknown 2-DOF Helicopter System,Weitian He; Fukai Zhang; Zhijia Zhao; Chenguang Yang; Cong Wang,55,10,10.1109/tsmc.2025.3582830,https://doi.org/10.1109/tsmc.2025.3582830,article,IEEE Transactions on Systems Man and Cybernetics Systems,https://openalex.org/W4412619186
"IEEE Transactions on Systems, Man, and Cybernetics: Systems",IEEE,2025,2025-07-18,Table of Contents,,55,8,10.1109/tsmc.2025.3584490,https://doi.org/10.1109/tsmc.2025.3584490,paratext,IEEE Transactions on Systems Man and Cybernetics Systems,https://openalex.org/W4412972549
"IEEE Transactions on Systems, Man, and Cybernetics: Systems",IEEE,2025,2025-07-18,Table of Contents,,55,8,10.1109/tsmc.2025.3584482,https://doi.org/10.1109/tsmc.2025.3584482,paratext,IEEE Transactions on Systems Man and Cybernetics Systems,https://openalex.org/W4412972558
"IEEE Transactions on Systems, Man, and Cybernetics: Systems",IEEE,2025,2025-07-18,TechRxiv: Share Your Preprint Research With the World!,,55,8,10.1109/tsmc.2025.3584424,https://doi.org/10.1109/tsmc.2025.3584424,article,IEEE Transactions on Systems Man and Cybernetics Systems,https://openalex.org/W4412972522
"IEEE Transactions on Systems, Man, and Cybernetics: Systems",IEEE,2025,2025-07-21,A Similar-Niching-Based Differential Evolution for Constrained Multimodal Multiobjective Optimization,Hongyu Lin; Jing Liang; Caitong Yue; Ying Bi; Kangjia Qiao; Yaonan Wang; Ponnuthurai Nagaratnam Suganthan,55,10,10.1109/tsmc.2025.3582852,https://doi.org/10.1109/tsmc.2025.3582852,article,IEEE Transactions on Systems Man and Cybernetics Systems,https://openalex.org/W4412536463
"IEEE Transactions on Systems, Man, and Cybernetics: Systems",IEEE,2025,2025-07-21,A Universal Reactive Approach for Graph-Based Persistent Path Planning Problems With Temporal Logic Constraints,Tong Wang; Yuanhao Li; Panfeng Huang,55,10,10.1109/tsmc.2025.3579023,https://doi.org/10.1109/tsmc.2025.3579023,article,IEEE Transactions on Systems Man and Cybernetics Systems,https://openalex.org/W4412536530
"IEEE Transactions on Systems, Man, and Cybernetics: Systems",IEEE,2025,2025-07-21,Cluster Synchronization of Individuals During an Epidemic: A Contraction-Based Analysis,Shidong Zhai; Jinkui Zhang; Jun Ma; Zhengrong Xiang,55,10,10.1109/tsmc.2025.3585121,https://doi.org/10.1109/tsmc.2025.3585121,article,IEEE Transactions on Systems Man and Cybernetics Systems,https://openalex.org/W4412536417
"IEEE Transactions on Systems, Man, and Cybernetics: Systems",IEEE,2025,2025-07-21,Distributed Nonconvex Optimization and Application to UAV Optimal Rendezvous Formation,Fuxi Niu; Xiaohong Nian; Miaoping Sun; Yong Chen; Yu Jun Shi; Jieyuan Yang; S. S. Li,55,10,10.1109/tsmc.2025.3583312,https://doi.org/10.1109/tsmc.2025.3583312,article,IEEE Transactions on Systems Man and Cybernetics Systems,https://openalex.org/W4412536476
"IEEE Transactions on Systems, Man, and Cybernetics: Systems",IEEE,2025,2025-07-21,Evolutionary Multiobjective Cross-Spectral Adversarial Attacks With Synergistic Patches,Wencheng Han; Hao Li; Maoguo Gong; Yue Wu; A. Kai Qin; Lining Xing; Yu Zhou,55,10,10.1109/tsmc.2025.3584347,https://doi.org/10.1109/tsmc.2025.3584347,article,IEEE Transactions on Systems Man and Cybernetics Systems,https://openalex.org/W4412536495
"IEEE Transactions on Systems, Man, and Cybernetics: Systems",IEEE,2025,2025-07-22,A Group Decision-Making Model Integrating Information Consensus and Polarity,Qianlei Jia; Francisco Javier Cabrerizo; Ignacio Javier Pérez; Enrique Herrera‐Viedma,55,10,10.1109/tsmc.2025.3585186,https://doi.org/10.1109/tsmc.2025.3585186,article,IEEE Transactions on Systems Man and Cybernetics Systems,https://openalex.org/W4412567215
"IEEE Transactions on Systems, Man, and Cybernetics: Systems",IEEE,2025,2025-07-22,An Innovative Formal Verification Method Based on Timed Petri Nets With Integrated Database Tables,Jian Song; Guanjun Liu; Ying Gina Tang; Li Wang; Miaomiao Wang; Lin Li,55,10,10.1109/tsmc.2025.3585039,https://doi.org/10.1109/tsmc.2025.3585039,article,IEEE Transactions on Systems Man and Cybernetics Systems,https://openalex.org/W4412567197
"IEEE Transactions on Systems, Man, and Cybernetics: Systems",IEEE,2025,2025-07-22,Arithmetic-Free Personalized Compressed Sensing Based On Deep Neural Networks for Wireless Transmission From Brain–Computer Interfaces,Erfan Ebrahim Esfahani; Ali Akbar Khadem,55,10,10.1109/tsmc.2025.3584478,https://doi.org/10.1109/tsmc.2025.3584478,article,IEEE Transactions on Systems Man and Cybernetics Systems,https://openalex.org/W4412567166
"IEEE Transactions on Systems, Man, and Cybernetics: Systems",IEEE,2025,2025-07-22,Distributed Cooperative Control of Human–UAV Swarm Based on State Observation,Hangxuan He; Mengzhen Huo; Haibin Duan; Yimin Deng; Chen Wei,55,10,10.1109/tsmc.2025.3584209,https://doi.org/10.1109/tsmc.2025.3584209,article,IEEE Transactions on Systems Man and Cybernetics Systems,https://openalex.org/W4412567304
"IEEE Transactions on Systems, Man, and Cybernetics: Systems",IEEE,2025,2025-07-22,Stability and Stabilization for Delayed T–S Fuzzy Systems via the Membership-Dependent Free-Weighting-Matrices Method,Zhou-Zhou Liu; Li Jin; Yong Min He,55,10,10.1109/tsmc.2025.3583296,https://doi.org/10.1109/tsmc.2025.3583296,article,IEEE Transactions on Systems Man and Cybernetics Systems,https://openalex.org/W4412567319
"IEEE Transactions on Systems, Man, and Cybernetics: Systems",IEEE,2025,2025-07-24,Multisource Feature Separation and Weighted Network for Cross-Conditional Capacity Estimation of Lithium Batteries,Yi Yeol Lyu; Xu Xiao; Ruhui Fan; Ci Chen,55,10,10.1109/tsmc.2025.3585260,https://doi.org/10.1109/tsmc.2025.3585260,article,IEEE Transactions on Systems Man and Cybernetics Systems,https://openalex.org/W4412623489
"IEEE Transactions on Systems, Man, and Cybernetics: Systems",IEEE,2025,2025-07-28,A New Scheduling Approach to Wafer-Residency-Time-Constrained Dual-Arm Cluster Tools Concurrently Processing Multivariety Wafers,Jufeng Wang; Tingting Leng; Chunfeng Liu; MengChu Zhou; Side Zhao,55,10,10.1109/tsmc.2025.3579615,https://doi.org/10.1109/tsmc.2025.3579615,article,IEEE Transactions on Systems Man and Cybernetics Systems,https://openalex.org/W4412722371
"IEEE Transactions on Systems, Man, and Cybernetics: Systems",IEEE,2025,2025-07-29,A Novel Hierarchical Distributed Robust Formation Control Strategy for Multiple Quadrotor Aircrafts,Qianxiong Li; Xiaoqing Lu; Yaonan Wang,55,10,10.1109/tsmc.2025.3585704,https://doi.org/10.1109/tsmc.2025.3585704,article,IEEE Transactions on Systems Man and Cybernetics Systems,https://openalex.org/W4412722239
"IEEE Transactions on Systems, Man, and Cybernetics: Systems",IEEE,2025,2025-07-29,Data-Knowledge-Driven Integrated Optimal Control for Multitime Scale Nonlinear Systems,Honggui Han; Yue Zhang; Haoyuan Sun; Zheng Liu; Junfei Qiao,55,10,10.1109/tsmc.2025.3577763,https://doi.org/10.1109/tsmc.2025.3577763,article,IEEE Transactions on Systems Man and Cybernetics Systems,https://openalex.org/W4412722269
"IEEE Transactions on Systems, Man, and Cybernetics: Systems",IEEE,2025,2025-07-30,H∞Delay Filters Design for Linear Time-Varying Delay Systems in the Finite Frequency Domain: An Input-Output Approach,Hicham El Aiss; Taha Zoulagh; El Haiek Badreddine; Karina A. Barbosa; Ahmed El Hajjaji,55,10,10.1109/tsmc.2025.3586786,https://doi.org/10.1109/tsmc.2025.3586786,article,IEEE Transactions on Systems Man and Cybernetics Systems,https://openalex.org/W4412747891
"IEEE Transactions on Systems, Man, and Cybernetics: Systems",IEEE,2025,2025-08-13,Fuzzy Adaptive Command Filtered Control of Strict-Feedback Fractional-Order Nonlinear Systems With State and Input Quantization,Zhiyao Ma; Ke Sun; Shaocheng Tong,55,10,10.1109/tsmc.2025.3593351,https://doi.org/10.1109/tsmc.2025.3593351,article,IEEE Transactions on Systems Man and Cybernetics Systems,https://openalex.org/W4413155858
"IEEE Transactions on Systems, Man, and Cybernetics: Systems",IEEE,2025,2025-08-14,Hessian-Free Fixed-/Predefined-Time Algorithms for Distributed Time-Varying Optimization,Zeng-Di Zhou; Ge Guo; Renyongkang Zhang,55,10,10.1109/tsmc.2025.3593476,https://doi.org/10.1109/tsmc.2025.3593476,article,IEEE Transactions on Systems Man and Cybernetics Systems,https://openalex.org/W4413469178
"IEEE Transactions on Systems, Man, and Cybernetics: Systems",IEEE,2025,2025-08-19,A Knowledge-Guided Co-Evolutionary Algorithm for Energy-Efficient Distributed Assembly Welding Shop Scheduling Problem,Fei Yu; Liang Gao; Chao Lu; Lvjiang Yin,55,10,10.1109/tsmc.2025.3594350,https://doi.org/10.1109/tsmc.2025.3594350,article,IEEE Transactions on Systems Man and Cybernetics Systems,https://openalex.org/W4413344255
"IEEE Transactions on Systems, Man, and Cybernetics: Systems",IEEE,2025,2025-08-19,A Piecewise Varying Coefficient Dual Criterion Optimization Method for Motion Planning of Manipulators With Insufficient Redundancy,Jinjia Guo; Xiaohui Ren; Zhijun Zhang,55,10,10.1109/tsmc.2025.3594148,https://doi.org/10.1109/tsmc.2025.3594148,article,IEEE Transactions on Systems Man and Cybernetics Systems,https://openalex.org/W4413344185
"IEEE Transactions on Systems, Man, and Cybernetics: Systems",IEEE,2025,2025-08-19,Energy-Efficient Lot-Streaming Scheduling Method of Multi-Resource Constrained Flexible Job Shop,Zhiqiang Tian; Xingyu Jiang; Weijun Liu; Guangdong Tian; Zhiwu Li; Weiwei Liu,55,10,10.1109/tsmc.2025.3593373,https://doi.org/10.1109/tsmc.2025.3593373,article,IEEE Transactions on Systems Man and Cybernetics Systems,https://openalex.org/W4413319045
"IEEE Transactions on Systems, Man, and Cybernetics: Systems",IEEE,2025,2025-08-19,Environment-Adaptive Synergistic Swarm With Flexible Obstacle Avoidance via Active and Passive Strategy,Kai Shen; Shiying Li; Yinghe Ding; Zheng Ming Xu; Pengfei Yang,55,10,10.1109/tsmc.2025.3594546,https://doi.org/10.1109/tsmc.2025.3594546,article,IEEE Transactions on Systems Man and Cybernetics Systems,https://openalex.org/W4413319004
"IEEE Transactions on Systems, Man, and Cybernetics: Systems",IEEE,2025,2025-08-19,"IEEE Systems, Man, and Cybernetics Society Information",,55,9,10.1109/tsmc.2025.3594810,https://doi.org/10.1109/tsmc.2025.3594810,paratext,IEEE Transactions on Systems Man and Cybernetics Systems,https://openalex.org/W4413318999
"IEEE Transactions on Systems, Man, and Cybernetics: Systems",IEEE,2025,2025-08-19,"IEEE Systems, Man, and Cybernetics Society Information",,55,9,10.1109/tsmc.2025.3594820,https://doi.org/10.1109/tsmc.2025.3594820,paratext,IEEE Transactions on Systems Man and Cybernetics Systems,https://openalex.org/W4413319018
"IEEE Transactions on Systems, Man, and Cybernetics: Systems",IEEE,2025,2025-08-19,"IEEE Transactions on Systems, Man, and Cybernetics: Systems Information for Authors",,55,9,10.1109/tsmc.2025.3594812,https://doi.org/10.1109/tsmc.2025.3594812,paratext,IEEE Transactions on Systems Man and Cybernetics Systems,https://openalex.org/W4413319017
"IEEE Transactions on Systems, Man, and Cybernetics: Systems",IEEE,2025,2025-08-19,"IEEE Transactions on Systems, Man, and Cybernetics: Systems Information for Authors",,55,9,10.1109/tsmc.2025.3594822,https://doi.org/10.1109/tsmc.2025.3594822,paratext,IEEE Transactions on Systems Man and Cybernetics Systems,https://openalex.org/W4413319043
"IEEE Transactions on Systems, Man, and Cybernetics: Systems",IEEE,2025,2025-08-19,"IEEE Transactions on Systems, Man, and Cybernetics: Systems Publication Information",,55,9,10.1109/tsmc.2025.3594748,https://doi.org/10.1109/tsmc.2025.3594748,paratext,IEEE Transactions on Systems Man and Cybernetics Systems,https://openalex.org/W4413319034
"IEEE Transactions on Systems, Man, and Cybernetics: Systems",IEEE,2025,2025-08-19,"IEEE Transactions on Systems, Man, and Cybernetics: Systems Publication Information",,55,9,10.1109/tsmc.2025.3594816,https://doi.org/10.1109/tsmc.2025.3594816,paratext,IEEE Transactions on Systems Man and Cybernetics Systems,https://openalex.org/W4413344146
"IEEE Transactions on Systems, Man, and Cybernetics: Systems",IEEE,2025,2025-08-19,Switching Event-Triggered-Based Gain-Scheduled Control for Bipartite Synchronization of Coupled Coopetitive Memristive Neural Networks,Zhen Wang; Lisha Yan; Yingjie Fan; Fang Wang; Hao Shen,55,10,10.1109/tsmc.2025.3594542,https://doi.org/10.1109/tsmc.2025.3594542,article,IEEE Transactions on Systems Man and Cybernetics Systems,https://openalex.org/W4413318968
"IEEE Transactions on Systems, Man, and Cybernetics: Systems",IEEE,2025,2025-08-19,Table of Contents,,55,9,10.1109/tsmc.2025.3594746,https://doi.org/10.1109/tsmc.2025.3594746,paratext,IEEE Transactions on Systems Man and Cybernetics Systems,https://openalex.org/W4413319001
"IEEE Transactions on Systems, Man, and Cybernetics: Systems",IEEE,2025,2025-08-19,Table of Contents,,55,9,10.1109/tsmc.2025.3594814,https://doi.org/10.1109/tsmc.2025.3594814,paratext,IEEE Transactions on Systems Man and Cybernetics Systems,https://openalex.org/W4413319029
"IEEE Transactions on Systems, Man, and Cybernetics: Systems",IEEE,2025,2025-08-19,UKF-Based Multistep Heuristic Dynamic Programming for Optimal Event-Triggering Control of Nonlinear Systems With Asymmetric Input Constraints,Kun Zhang; Ning Liu; Xiangpeng Xie; Ding Wang,55,10,10.1109/tsmc.2025.3594379,https://doi.org/10.1109/tsmc.2025.3594379,article,IEEE Transactions on Systems Man and Cybernetics Systems,https://openalex.org/W4413344165
"IEEE Transactions on Systems, Man, and Cybernetics: Systems",IEEE,2025,2025-08-20,Dynamic Observer-Based Fault-Tolerant Control for Switched Stochastic Nonlinear Systems With Nonlinear Exogenous Disturbance,Jian Han; Jiuling Zhang; Xiuhua Liu; Xinjiang Wei,55,10,10.1109/tsmc.2025.3595169,https://doi.org/10.1109/tsmc.2025.3595169,article,IEEE Transactions on Systems Man and Cybernetics Systems,https://openalex.org/W4413359214
"IEEE Transactions on Systems, Man, and Cybernetics: Systems",IEEE,2025,2025-08-20,Event-Triggered Direct Data-Driven Iterative Learning Control for Multiagent Systems,Na Lin; Ronghu Chi; Biao Huang,55,10,10.1109/tsmc.2025.3596544,https://doi.org/10.1109/tsmc.2025.3596544,article,IEEE Transactions on Systems Man and Cybernetics Systems,https://openalex.org/W4413359263
"IEEE Transactions on Systems, Man, and Cybernetics: Systems",IEEE,2025,2025-08-20,Extended Stability Envelopes and Effectiveness Quantification for Integrated Chassis Control With Multiple Actuator Configurations in the Energy Phase Plane,Nan Xu; Zhuo Yin; Yuetao Zhang; Konghui Guo,55,10,10.1109/tsmc.2025.3594736,https://doi.org/10.1109/tsmc.2025.3594736,article,IEEE Transactions on Systems Man and Cybernetics Systems,https://openalex.org/W4413359160
"IEEE Transactions on Systems, Man, and Cybernetics: Systems",IEEE,2025,2025-08-20,Global-Regularized Neighborhood Regression for Efficient Zero-Shot Texture Anomaly Detection,Haiming Yao; Wei Luo; Yunkang Cao; Yiheng Zhang; Wenyong Yu; Weiming Shen,55,10,10.1109/tsmc.2025.3595539,https://doi.org/10.1109/tsmc.2025.3595539,article,IEEE Transactions on Systems Man and Cybernetics Systems,https://openalex.org/W4413349474
"IEEE Transactions on Systems, Man, and Cybernetics: Systems",IEEE,2025,2025-08-20,Manifesting Nominal Assistance in Hemiplegia Gait Training Through an Assistive Normality Framework,Wanxin Chen; Bi Zhang; Zhihai Li; Lianqing Liu; Haibin Yu; Xingang Zhao,55,10,10.1109/tsmc.2025.3595211,https://doi.org/10.1109/tsmc.2025.3595211,article,IEEE Transactions on Systems Man and Cybernetics Systems,https://openalex.org/W4413360023
"IEEE Transactions on Systems, Man, and Cybernetics: Systems",IEEE,2025,2025-08-21,Multiplex Experts Governance Collaboration for Label Noise-Resistant Graph Representation Learning,Sichao Fu; Qinmu Peng; Yiu‐ming Cheung; Yizhuo Xu; Bin Zou; Xiao‐Yuan Jing; Xinge You,55,10,10.1109/tsmc.2025.3595183,https://doi.org/10.1109/tsmc.2025.3595183,article,IEEE Transactions on Systems Man and Cybernetics Systems,https://openalex.org/W4413392364
"IEEE Transactions on Systems, Man, and Cybernetics: Systems",IEEE,2025,2025-08-21,Optimal Transmission Scheduling for Remote State Estimation Under Active Eavesdropping-Based DoS Attacks,Yuan‐Cheng Sun; Kui Gao; Liwei Chen; Feisheng Yang; Liwei An,55,10,10.1109/tsmc.2025.3595565,https://doi.org/10.1109/tsmc.2025.3595565,article,IEEE Transactions on Systems Man and Cybernetics Systems,https://openalex.org/W4413394348
"IEEE Transactions on Systems, Man, and Cybernetics: Systems",IEEE,2025,2025-08-23,Dynamic Historical Data-Based Reinforcement Learning for Pursuit–Evasion Games of Nonholonomic Vehicles With Input Saturation,Fei Zhang; Guang‐Hong Yang,55,10,10.1109/tsmc.2025.3595891,https://doi.org/10.1109/tsmc.2025.3595891,article,IEEE Transactions on Systems Man and Cybernetics Systems,https://openalex.org/W4413472155
"IEEE Transactions on Systems, Man, and Cybernetics: Systems",IEEE,2025,2025-08-23,Vertical Information Sharing in a Blockchain-Enabled Supply Chain,Mingyang Chen; Yeming Gong,55,10,10.1109/tsmc.2025.3595714,https://doi.org/10.1109/tsmc.2025.3595714,article,IEEE Transactions on Systems Man and Cybernetics Systems,https://openalex.org/W4413472297
"IEEE Transactions on Systems, Man, and Cybernetics: Systems",IEEE,2025,2025-08-26,Adaptive Event-Triggered Output Feedback Control for Nonlinear Multiagent Systems Using Output Information Only,Guangliang  Gary Liu; Hongjing Liang; Rui Wang; Zhengqi Sui; Qiuye Sun,55,11,10.1109/tsmc.2025.3597016,https://doi.org/10.1109/tsmc.2025.3597016,article,IEEE Transactions on Systems Man and Cybernetics Systems,https://openalex.org/W4413677489
"IEEE Transactions on Systems, Man, and Cybernetics: Systems",IEEE,2025,2025-08-26,An Adaptive Fuzzy Rough Neural Network and Its Application in Classification,Changzhong Wang; Yang Zhang; Shuang An; Weiping Ding,55,10,10.1109/tsmc.2025.3599882,https://doi.org/10.1109/tsmc.2025.3599882,article,IEEE Transactions on Systems Man and Cybernetics Systems,https://openalex.org/W4413677721
"IEEE Transactions on Systems, Man, and Cybernetics: Systems",IEEE,2025,2025-08-26,Asymptotic Event-Based Tracking Design for Nonlinear Systems Under Multiple Unknown Control Directions,Yongliang Yang; Guilong Liu; Wei Xie; Weidong Zhang; Qing Li; Choon Ki Ahn,55,11,10.1109/tsmc.2025.3595570,https://doi.org/10.1109/tsmc.2025.3595570,article,IEEE Transactions on Systems Man and Cybernetics Systems,https://openalex.org/W4413640128
"IEEE Transactions on Systems, Man, and Cybernetics: Systems",IEEE,2025,2025-08-26,Design of Switching-Type Zonotopic Unknown Input Observers for Attack Reconstruction and Detection in Uncertain Cyber–Physical Systems,Mengni Du; Xiangpeng Xie; Jian Wu,55,11,10.1109/tsmc.2025.3598066,https://doi.org/10.1109/tsmc.2025.3598066,article,IEEE Transactions on Systems Man and Cybernetics Systems,https://openalex.org/W4413677512
"IEEE Transactions on Systems, Man, and Cybernetics: Systems",IEEE,2025,2025-08-26,Dynamic Event-Triggered Adaptive Neural Practical Predefined-Time Control for Uncertain Nonlinear Systems With Unknown Control Directions,Guibing Zhu; Yongchao Liu; Jianbin Qiu,55,11,10.1109/tsmc.2025.3594377,https://doi.org/10.1109/tsmc.2025.3594377,article,IEEE Transactions on Systems Man and Cybernetics Systems,https://openalex.org/W4413677494
"IEEE Transactions on Systems, Man, and Cybernetics: Systems",IEEE,2025,2025-08-26,Fault-Tolerant Synchronization Control for Complex Networks by an Average Observer Approach,Mouquan Shen; Chen Wang; Wen Qin; Qing-Guo Wang; Tingwen Huang,55,11,10.1109/tsmc.2025.3598020,https://doi.org/10.1109/tsmc.2025.3598020,article,IEEE Transactions on Systems Man and Cybernetics Systems,https://openalex.org/W4413640126
"IEEE Transactions on Systems, Man, and Cybernetics: Systems",IEEE,2025,2025-08-26,Fixed-Time Sliding Mode Adaptive Control of Hydraulic Manipulator With Shutoff Deadzone and Uncertain Nonlinearity,Qing Juan Guo; Haoran Zhan; Zhao Wang; Tieshan Li,55,10,10.1109/tsmc.2025.3598080,https://doi.org/10.1109/tsmc.2025.3598080,article,IEEE Transactions on Systems Man and Cybernetics Systems,https://openalex.org/W4413677926
"IEEE Transactions on Systems, Man, and Cybernetics: Systems",IEEE,2025,2025-08-26,Robust Multilabel Feature Selection With Label Enhancement for Fault Diagnosis,Qingqi Han; Wei Zhang; Chi Ma; Jialong He; Wanfu Gao,55,11,10.1109/tsmc.2025.3598796,https://doi.org/10.1109/tsmc.2025.3598796,article,IEEE Transactions on Systems Man and Cybernetics Systems,https://openalex.org/W4413677484
"IEEE Transactions on Systems, Man, and Cybernetics: Systems",IEEE,2025,2025-08-27,Air–Ground Cooperative Multitarget Hierarchical Tracking Method Based on Aerial Fisheye View,Yangjie Cui; Hongyi Lu; Xin Dong; Jinwu Xiang; Daochun Li; Zhan Tu,55,11,10.1109/tsmc.2025.3598356,https://doi.org/10.1109/tsmc.2025.3598356,article,IEEE Transactions on Systems Man and Cybernetics Systems,https://openalex.org/W4413754702
"IEEE Transactions on Systems, Man, and Cybernetics: Systems",IEEE,2025,2025-08-27,Asynchronous Fuzzy Dynamic Sliding Mode Control for Nonlinear Markov Jump Systems Under Hidden Mode Detections,Wenqiang Ji; Min Ma; Jianbin Qiu; Hak‐Keung Lam,55,11,10.1109/tsmc.2025.3600629,https://doi.org/10.1109/tsmc.2025.3600629,article,IEEE Transactions on Systems Man and Cybernetics Systems,https://openalex.org/W4413755053
"IEEE Transactions on Systems, Man, and Cybernetics: Systems",IEEE,2025,2025-08-27,Distribution Direction-Assisted Two-Stage Knowledge Transfer for Many-Task Optimization,T. Zhang; Xinyi Wu; Yanchi Li; Wenyin Gong; Hu Qin,55,10,10.1109/tsmc.2025.3598800,https://doi.org/10.1109/tsmc.2025.3598800,article,IEEE Transactions on Systems Man and Cybernetics Systems,https://openalex.org/W4413754716
"IEEE Transactions on Systems, Man, and Cybernetics: Systems",IEEE,2025,2025-08-27,From Finite Through Fixed to Arbitrary-Time Convergent Zeroing Neurodynamics for Time-Varying Optimization With Nonlinear Equation Constraint,Wenqi Wu; Yunong Zhang,55,11,10.1109/tsmc.2025.3600554,https://doi.org/10.1109/tsmc.2025.3600554,article,IEEE Transactions on Systems Man and Cybernetics Systems,https://openalex.org/W4413755024
"IEEE Transactions on Systems, Man, and Cybernetics: Systems",IEEE,2025,2025-08-28,A Virtual Domain-Driven Semi-Supervised Hyperbolic Metric Network With Domain-Class Adversarial Decoupling for Aircraft Engine Intershaft Bearings Fault diagnosis,Changdong Wang; Huamin Jie; Jingli Yang; Zhenyu Zhao; Ruobin Gao; Ponnuthurai Nagaratnam Suganthan,55,11,10.1109/tsmc.2025.3598790,https://doi.org/10.1109/tsmc.2025.3598790,article,IEEE Transactions on Systems Man and Cybernetics Systems,https://openalex.org/W4413785878
"IEEE Transactions on Systems, Man, and Cybernetics: Systems",IEEE,2025,2025-08-28,Adaptive Neural Network Tracking Control for Nonstrict-Feedback Nonlinear Systems With States and Inputs Quantization,Hang Su; Weihai Zhang,55,10,10.1109/tsmc.2025.3599146,https://doi.org/10.1109/tsmc.2025.3599146,article,IEEE Transactions on Systems Man and Cybernetics Systems,https://openalex.org/W4413785734
"IEEE Transactions on Systems, Man, and Cybernetics: Systems",IEEE,2025,2025-08-28,Approximate Scenario-Based Model Predictive Control for Battery Thermal Management in Electric Vehicles,Qian Ma; Yan Ma; Jinwu Gao; Hong Chen,55,11,10.1109/tsmc.2025.3598509,https://doi.org/10.1109/tsmc.2025.3598509,article,IEEE Transactions on Systems Man and Cybernetics Systems,https://openalex.org/W4413785864
"IEEE Transactions on Systems, Man, and Cybernetics: Systems",IEEE,2025,2025-08-28,Asymmetric Nash Bargaining Compensation Mechanism With Individual Limited Budgets for Minimum Cost Consensus in Social Network,Yang Jie; Jian Wu; Francisco Chiclana; Mingshuo Cao; Jackson Jinhong Mi,55,11,10.1109/tsmc.2025.3598302,https://doi.org/10.1109/tsmc.2025.3598302,article,IEEE Transactions on Systems Man and Cybernetics Systems,https://openalex.org/W4413785360
"IEEE Transactions on Systems, Man, and Cybernetics: Systems",IEEE,2025,2025-08-28,Energy-Efficiency Formation Control of AUVs via Angle Measurement: A Minimally Rigid-Based Solution,Zexing Tian; Jing Jie Yan; Xian Yang; Cailian Chen; Xiaoyuan Luo; Xinping Guan,55,11,10.1109/tsmc.2025.3598281,https://doi.org/10.1109/tsmc.2025.3598281,article,IEEE Transactions on Systems Man and Cybernetics Systems,https://openalex.org/W4413785860
"IEEE Transactions on Systems, Man, and Cybernetics: Systems",IEEE,2025,2025-08-28,Novel Event-Triggered Control for Time-Varying Leader–Follower MASs on Directed Graphs,Lina Xia; Qing Li; Ruizhuo Song; Lei Guo; Frank L. Lewis,55,11,10.1109/tsmc.2025.3598358,https://doi.org/10.1109/tsmc.2025.3598358,article,IEEE Transactions on Systems Man and Cybernetics Systems,https://openalex.org/W4413785357
"IEEE Transactions on Systems, Man, and Cybernetics: Systems",IEEE,2025,2025-08-29,Adaptive Event-Triggered Output-Feedback Stabilization for a Class of Uncertain Nonlinear Systems With Unknown Control Coefficients,Lei Liang; Xia Huang; Zhen Wang; Hao Shen,55,11,10.1109/tsmc.2025.3598765,https://doi.org/10.1109/tsmc.2025.3598765,article,IEEE Transactions on Systems Man and Cybernetics Systems,https://openalex.org/W4413861899
"IEEE Transactions on Systems, Man, and Cybernetics: Systems",IEEE,2025,2025-08-29,Constrained Multiobjective Evolutionary Optimization With Population Image Convolution,Mingcheng Zuo; Dunwei Gong; Ruomeng Wang; Zhang Yon; Yongde Guo,55,11,10.1109/tsmc.2025.3599939,https://doi.org/10.1109/tsmc.2025.3599939,article,IEEE Transactions on Systems Man and Cybernetics Systems,https://openalex.org/W4413847171
"IEEE Transactions on Systems, Man, and Cybernetics: Systems",IEEE,2025,2025-08-29,Distributed Stackelberg Strategies in State-Based Potential Games for Autonomous Decentralized Learning Manufacturing Systems,Steve Yuwono; Dorothea Schwung; Andreas Schwung,55,11,10.1109/tsmc.2025.3602958,https://doi.org/10.1109/tsmc.2025.3602958,article,IEEE Transactions on Systems Man and Cybernetics Systems,https://openalex.org/W4413847160
"IEEE Transactions on Systems, Man, and Cybernetics: Systems",IEEE,2025,2025-08-29,Dynamic Event-Triggered Control for Lag Bipartite Consensus of Multiagent Systems With Signed Directed Topology,Jin-Liang Wang; Jian-Qiao Wang; Shun‐Yan Ren; Ruiguo Li; Tingwen Huang,55,11,10.1109/tsmc.2025.3594832,https://doi.org/10.1109/tsmc.2025.3594832,article,IEEE Transactions on Systems Man and Cybernetics Systems,https://openalex.org/W4413822135
"IEEE Transactions on Systems, Man, and Cybernetics: Systems",IEEE,2025,2025-08-29,Higher Order Epidemic Spreading in Simplicial Networks,Yang Zhao; Cong Li; Dinghua Shi; Guanrong Chen; Xiang Li,55,11,10.1109/tsmc.2025.3601832,https://doi.org/10.1109/tsmc.2025.3601832,article,IEEE Transactions on Systems Man and Cybernetics Systems,https://openalex.org/W4413822136
"IEEE Transactions on Systems, Man, and Cybernetics: Systems",IEEE,2025,2025-08-29,Joint Estimation of Deception Attacks on Sensors and Actuators in Cyber–Physical Systems,Pedro O. F. Pires; Márcia L. C. Peixoto; Pedro Henrique Silva Coutinho; Reinaldo M. Palhares,55,11,10.1109/tsmc.2025.3600987,https://doi.org/10.1109/tsmc.2025.3600987,article,IEEE Transactions on Systems Man and Cybernetics Systems,https://openalex.org/W4413847152
"IEEE Transactions on Systems, Man, and Cybernetics: Systems",IEEE,2025,2025-08-29,Model-Free Q-Learning for Output Feedback Nash Strategy of Decentralized Nonzero-Sum Games,Qiyan Zhang; Hongxia Wang; Kai Peng; Huanshui Zhang,55,11,10.1109/tsmc.2025.3600349,https://doi.org/10.1109/tsmc.2025.3600349,article,IEEE Transactions on Systems Man and Cybernetics Systems,https://openalex.org/W4413847144
"IEEE Transactions on Systems, Man, and Cybernetics: Systems",IEEE,2025,2025-08-29,Observer-Based Distributed Control and Power Sharing of Multiterminal DC Transmission Systems With Switching Topology,Xiangyong Chen; Ji Sun; Long Cheng; Guanghui Wen; Jinde Cao; Jianlong Qiu,55,11,10.1109/tsmc.2025.3600676,https://doi.org/10.1109/tsmc.2025.3600676,article,IEEE Transactions on Systems Man and Cybernetics Systems,https://openalex.org/W4413822123
"IEEE Transactions on Systems, Man, and Cybernetics: Systems",IEEE,2025,2025-08-29,"Predefined-Time Output Feedback Control for Active Vehicle Suspension Systems With Beneficial Couplings, Disturbances, and Nonlinearities",Zengcheng Zhou; Menghua Zhang; David Navarro-Alarcón; Xingjian Jing,55,11,10.1109/tsmc.2025.3598136,https://doi.org/10.1109/tsmc.2025.3598136,article,IEEE Transactions on Systems Man and Cybernetics Systems,https://openalex.org/W4413822187
"IEEE Transactions on Systems, Man, and Cybernetics: Systems",IEEE,2025,2025-08-29,Supplier Selection and Material Sourcing With Multiuncertainties in Cloud Manufacturing Using Reinforcement Learning,Zhongyi Chen; Xiaoping Li; Rubén Ruíz,55,11,10.1109/tsmc.2025.3599308,https://doi.org/10.1109/tsmc.2025.3599308,article,IEEE Transactions on Systems Man and Cybernetics Systems,https://openalex.org/W4413822159
"IEEE Transactions on Systems, Man, and Cybernetics: Systems",IEEE,2025,2025-09-01,A Time Delay Identification Technique for Signal Source Localization,Alper Bayrak; Enver Tatlıcıoğlu,55,11,10.1109/tsmc.2025.3599263,https://doi.org/10.1109/tsmc.2025.3599263,article,IEEE Transactions on Systems Man and Cybernetics Systems,https://openalex.org/W4413887013
"IEEE Transactions on Systems, Man, and Cybernetics: Systems",IEEE,2025,2025-09-01,Adaptive Output Feedback Control for Networked Nonlinear Systems With Hybrid Attacks: A Fuzzy Information Learning Approach,Yang Li; Ju H. Park; Hongyi Li,55,11,10.1109/tsmc.2025.3599333,https://doi.org/10.1109/tsmc.2025.3599333,article,IEEE Transactions on Systems Man and Cybernetics Systems,https://openalex.org/W4413887032
"IEEE Transactions on Systems, Man, and Cybernetics: Systems",IEEE,2025,2025-09-01,Finite-Time Annular Domain Guaranteed Cost Control for Uncertain Mean-Field Stochastic Systems With Wiener and Poisson Noises,Zhiguo Yan; Zhankun Pan; Guolin Hu; Huaicheng Yan,55,11,10.1109/tsmc.2025.3598993,https://doi.org/10.1109/tsmc.2025.3598993,article,IEEE Transactions on Systems Man and Cybernetics Systems,https://openalex.org/W4413887339
"IEEE Transactions on Systems, Man, and Cybernetics: Systems",IEEE,2025,2025-09-01,Online Performance Predictor for Evolutionary Neural Architecture Search,Xiaotian Song; Ji Han; Jian Zhang; Jiyuan Liu; Shangce Gao; Yanan Sun,55,11,10.1109/tsmc.2025.3599175,https://doi.org/10.1109/tsmc.2025.3599175,article,IEEE Transactions on Systems Man and Cybernetics Systems,https://openalex.org/W4413887138
"IEEE Transactions on Systems, Man, and Cybernetics: Systems",IEEE,2025,2025-09-01,Sampled-Data Fault-Tolerant Bipartite Formation Control With Fuzzy Neural Network for Nonlinear Continuous-Time MIMO Multiagent Systems,Qian Wang; Shangtai Jin; Yuteng Wang; Zhi Weng; Zhongsheng Hou,55,11,10.1109/tsmc.2025.3598337,https://doi.org/10.1109/tsmc.2025.3598337,article,IEEE Transactions on Systems Man and Cybernetics Systems,https://openalex.org/W4413887265
"IEEE Transactions on Systems, Man, and Cybernetics: Systems",IEEE,2025,2025-09-01,Transitive Iterative Learning Control for Switched Systems With Performance-Driven Switching Laws,Yiwen Qi; Caibin Yao; Ziyu Qu; Choon Ki Ahn,55,11,10.1109/tsmc.2025.3599407,https://doi.org/10.1109/tsmc.2025.3599407,article,IEEE Transactions on Systems Man and Cybernetics Systems,https://openalex.org/W4413887335
"IEEE Transactions on Systems, Man, and Cybernetics: Systems",IEEE,2025,2025-09-03,A Novel ZNN-Based Chaos Synchronization Controller and Its Application in Secure Voice Communications,Jiajie Luo; Jiguang Li; Lin Xiao; Jichun Li,55,11,10.1109/tsmc.2025.3599651,https://doi.org/10.1109/tsmc.2025.3599651,article,IEEE Transactions on Systems Man and Cybernetics Systems,https://openalex.org/W4413967196
"IEEE Transactions on Systems, Man, and Cybernetics: Systems",IEEE,2025,2025-09-03,A Segment-Progress Statics Method for Configuration Prediction or Force Sensing of Concentric Cable-Driven Manipulators,Guikun Lv; Boran Zhou; Luyang Zhang; Yuxia Li; Zonggao Mu,55,11,10.1109/tsmc.2025.3604623,https://doi.org/10.1109/tsmc.2025.3604623,article,IEEE Transactions on Systems Man and Cybernetics Systems,https://openalex.org/W4413967226
"IEEE Transactions on Systems, Man, and Cybernetics: Systems",IEEE,2025,2025-09-03,AIGC for Industrial Time Series: From Deep-Generative Models to Large-Generative Models,Lei Ren; Haiteng Wang; Jinwang Li; Yang Shan Tang; Chunhua Yang,55,11,10.1109/tsmc.2025.3598252,https://doi.org/10.1109/tsmc.2025.3598252,article,IEEE Transactions on Systems Man and Cybernetics Systems,https://openalex.org/W4413967214
"IEEE Transactions on Systems, Man, and Cybernetics: Systems",IEEE,2025,2025-09-03,"An Acupuncture Robot Integrating Needle Bending Compensation and Manipulative Techniques: Modeling, Control, and Validation",Weihao Li; Junlong Tao; Yu Han; Wanquan Liu; Jianqing Peng,55,11,10.1109/tsmc.2025.3599889,https://doi.org/10.1109/tsmc.2025.3599889,article,IEEE Transactions on Systems Man and Cybernetics Systems,https://openalex.org/W4413967197
"IEEE Transactions on Systems, Man, and Cybernetics: Systems",IEEE,2025,2025-09-03,Multimodal Assessment of Expertise in AR-Guided Psychomotor Tasks,Dong Woo Yoo; Casper Harteveld; Nick Wilson; Kemi Jona; Mohsen Moghaddam,55,11,10.1109/tsmc.2025.3604693,https://doi.org/10.1109/tsmc.2025.3604693,article,IEEE Transactions on Systems Man and Cybernetics Systems,https://openalex.org/W4413967201
"IEEE Transactions on Systems, Man, and Cybernetics: Systems",IEEE,2025,2025-09-03,Sampled-Data-Based Robust Safety Control of Switched Systems and Its Application to Vehicle Driving,Chunxiao Huang; Lijun Long,55,11,10.1109/tsmc.2025.3603235,https://doi.org/10.1109/tsmc.2025.3603235,article,IEEE Transactions on Systems Man and Cybernetics Systems,https://openalex.org/W4413967189
"IEEE Transactions on Systems, Man, and Cybernetics: Systems",IEEE,2025,2025-09-03,Staff Competency Assessment and Task Allocation Methods Considering AI Augmentation: A Study Based on the E-CARGO Model,Xinlei Zhang; Jiahui Yu; Danming Huang; Haibin Zhu; Yuxiang Sun; Xianzhong Zhou,55,11,10.1109/tsmc.2025.3599525,https://doi.org/10.1109/tsmc.2025.3599525,article,IEEE Transactions on Systems Man and Cybernetics Systems,https://openalex.org/W4413967229
"IEEE Transactions on Systems, Man, and Cybernetics: Systems",IEEE,2025,2025-09-04,A Flexible Economic MPC Approach for Multimode Operation of Industrial Systems,Yaru Yang; Xu Ma; Shaoyuan Li; Yuanyuan Zou; Yi Chen,55,11,10.1109/tsmc.2025.3598170,https://doi.org/10.1109/tsmc.2025.3598170,article,IEEE Transactions on Systems Man and Cybernetics Systems,https://openalex.org/W4413978779
"IEEE Transactions on Systems, Man, and Cybernetics: Systems",IEEE,2025,2025-09-04,A Two-Level Model Management-Based Surrogate-Assisted Evolutionary Algorithm for Medium-Scale Expensive Multiobjective Optimization,Yuanchao Liu; Jinliang Ding; Qian Li; Fei Li; Jianchang Liu,55,11,10.1109/tsmc.2025.3604949,https://doi.org/10.1109/tsmc.2025.3604949,article,IEEE Transactions on Systems Man and Cybernetics Systems,https://openalex.org/W4413979860
"IEEE Transactions on Systems, Man, and Cybernetics: Systems",IEEE,2025,2025-09-04,Adaptive Neural Network Event-Triggered Control for a High-Rise Building With Active Mass Damper,Qian Li; Shuang Zhang; Xuena Zhao; Zhijie Liu; Wei He; Guang Li,55,11,10.1109/tsmc.2025.3600108,https://doi.org/10.1109/tsmc.2025.3600108,article,IEEE Transactions on Systems Man and Cybernetics Systems,https://openalex.org/W4414041261
"IEEE Transactions on Systems, Man, and Cybernetics: Systems",IEEE,2025,2025-09-04,Communication in Multiagent Reinforcement Learning via Counterfactual Message Value,Zihong Gao; Changsheng Qu; Yuanhui Hao; Liangjun Ke,55,11,10.1109/tsmc.2025.3604230,https://doi.org/10.1109/tsmc.2025.3604230,article,IEEE Transactions on Systems Man and Cybernetics Systems,https://openalex.org/W4413977935
"IEEE Transactions on Systems, Man, and Cybernetics: Systems",IEEE,2025,2025-09-04,Cooperative Target Fencing of Uncertain Multi-USVs: A Reinforcement Learning-Based Approach,Guanglin Gong; Dan Zhao; Zhexin Luo; Guanghui Wen,55,11,10.1109/tsmc.2025.3602679,https://doi.org/10.1109/tsmc.2025.3602679,article,IEEE Transactions on Systems Man and Cybernetics Systems,https://openalex.org/W4413978035
"IEEE Transactions on Systems, Man, and Cybernetics: Systems",IEEE,2025,2025-09-04,H∞Synchronization Control for Multitiered Networked Re-Entrant Manufacturing Systems,Chenguang Liu; Michael Basin; Qing Zhong Gao; Wei Wang; Jinhu Lü,55,11,10.1109/tsmc.2025.3598653,https://doi.org/10.1109/tsmc.2025.3598653,article,IEEE Transactions on Systems Man and Cybernetics Systems,https://openalex.org/W4413977964
"IEEE Transactions on Systems, Man, and Cybernetics: Systems",IEEE,2025,2025-09-04,Learning-Based Approach to Integrated Operational Optimization Problems in Robot-Assisted Multistation Warehouse Systems,Ziyan Zhao; Bingchen Cao; Jiaqi Liang; Shixin Liu; MengChu Zhou,55,11,10.1109/tsmc.2025.3598298,https://doi.org/10.1109/tsmc.2025.3598298,article,IEEE Transactions on Systems Man and Cybernetics Systems,https://openalex.org/W4414032889
"IEEE Transactions on Systems, Man, and Cybernetics: Systems",IEEE,2025,2025-09-04,Power Regulation and Load Mitigation of Fixed-Bottom Offshore Wind Turbines via Adaptive Dynamic Programming,Shaodong Wang; Shuzong Xie; Wenchao Meng; Qinmin Yang,55,11,10.1109/tsmc.2025.3602152,https://doi.org/10.1109/tsmc.2025.3602152,article,IEEE Transactions on Systems Man and Cybernetics Systems,https://openalex.org/W4413978948
"IEEE Transactions on Systems, Man, and Cybernetics: Systems",IEEE,2025,2025-09-04,Random Time-Space Sampled-Data Control of T-S Fuzzy Reaction-Diffusion Neural Networks With Time-Delayed Communication Scheme,Jun Sheng Cheng; Wanying Wei; Yueying Wang; Michael Basin; Dan Zhang,55,11,10.1109/tsmc.2025.3598279,https://doi.org/10.1109/tsmc.2025.3598279,article,IEEE Transactions on Systems Man and Cybernetics Systems,https://openalex.org/W4413979859
"IEEE Transactions on Systems, Man, and Cybernetics: Systems",IEEE,2025,2025-09-05,A Proximal-ADMM-Incorporated Nonnegative Latent-Factorization-of-Tensors Model for Representing Dynamic Cryptocurrency Transaction Network,Xin Liao; Hao Wu; Tiantian He; Xin Luo,55,11,10.1109/tsmc.2025.3605054,https://doi.org/10.1109/tsmc.2025.3605054,article,IEEE Transactions on Systems Man and Cybernetics Systems,https://openalex.org/W4414008180
"IEEE Transactions on Systems, Man, and Cybernetics: Systems",IEEE,2025,2025-09-05,Data-Based Inverse Reinforcement Learning for Nonlinear Systems With Control Constraints,Huaipin Zhang; Weijie You; Wei Zhao; Lei Ding; Dong Yue,55,11,10.1109/tsmc.2025.3604873,https://doi.org/10.1109/tsmc.2025.3604873,article,IEEE Transactions on Systems Man and Cybernetics Systems,https://openalex.org/W4414008171
"IEEE Transactions on Systems, Man, and Cybernetics: Systems",IEEE,2025,2025-09-05,Finite-Time Distributed Aggregative Optimal Consensus of Multivehicle Systems With Multiple Time-Varying Constraints,Wenbo Zhu; Qingling Wang,55,11,10.1109/tsmc.2025.3604807,https://doi.org/10.1109/tsmc.2025.3604807,article,IEEE Transactions on Systems Man and Cybernetics Systems,https://openalex.org/W4414008176
"IEEE Transactions on Systems, Man, and Cybernetics: Systems",IEEE,2025,2025-09-05,Hierarchical Bipartite Time-Varying Formation Containment Control for Large-Scale Multiagent Systems,Chengmei Tang; Lianghao Ji; Huaqing Li; Xiaofeng Liao,55,11,10.1109/tsmc.2025.3599915,https://doi.org/10.1109/tsmc.2025.3599915,article,IEEE Transactions on Systems Man and Cybernetics Systems,https://openalex.org/W4414008395
"IEEE Transactions on Systems, Man, and Cybernetics: Systems",IEEE,2025,2025-09-05,Multimodule-Based Dynamic Community Detection for Enhancing Innovation Performance in Crowdsourcing Contests,Jianyu Zhao; Lujie Zhou; Chuanbin Liu; Yi Jiang; Sam Kwong; Zhi‐Hui Zhan,55,11,10.1109/tsmc.2025.3603622,https://doi.org/10.1109/tsmc.2025.3603622,article,IEEE Transactions on Systems Man and Cybernetics Systems,https://openalex.org/W4414008153
"IEEE Transactions on Systems, Man, and Cybernetics: Systems",IEEE,2025,2025-09-05,Novel CP Models and CP-Assisted Meta-Heuristic Algorithm for Flexible Job Shop Scheduling Benchmark Problem With Multi-AGV,Leilei Meng; Weiyao Cheng; Chaoyong Zhang; Kaizhou Gao; Biao Zhang; Yaping Ren,55,11,10.1109/tsmc.2025.3604355,https://doi.org/10.1109/tsmc.2025.3604355,article,IEEE Transactions on Systems Man and Cybernetics Systems,https://openalex.org/W4414008175
"IEEE Transactions on Systems, Man, and Cybernetics: Systems",IEEE,2025,2025-09-05,Real-Time Coordinated Transmission Contingency Management Leveraging Heavy-Duty Electric Trucks During Abnormal Condition,Tayfur Gökçek; Ozan Erdinç; João P. S. Catalào,55,11,10.1109/tsmc.2025.3602371,https://doi.org/10.1109/tsmc.2025.3602371,article,IEEE Transactions on Systems Man and Cybernetics Systems,https://openalex.org/W4414008254
"IEEE Transactions on Systems, Man, and Cybernetics: Systems",IEEE,2025,2025-09-05,Sustainable Reinforcement Learning for Autonomous Driving Under Postsuspension of Human Guidance,Lifei Dai; Changzhu Zhang; Hao Zhang; Yuxiong Ji; Huaicheng Yan,55,11,10.1109/tsmc.2025.3605349,https://doi.org/10.1109/tsmc.2025.3605349,article,IEEE Transactions on Systems Man and Cybernetics Systems,https://openalex.org/W4414037019
"IEEE Transactions on Systems, Man, and Cybernetics: Systems",IEEE,2025,2025-09-08,Adaptive Intermittent and Optimal Control of Active Vehicle Suspension Systems With State-Dependent Constraints,Zheng Li; Lei Liu; Jun Wang,55,11,10.1109/tsmc.2025.3600649,https://doi.org/10.1109/tsmc.2025.3600649,article,IEEE Transactions on Systems Man and Cybernetics Systems,https://openalex.org/W4414054215
"IEEE Transactions on Systems, Man, and Cybernetics: Systems",IEEE,2025,2025-09-08,Integrating Personalized Individual Semantics and Consistency Control to Support Consensus Reaching in 2-Rank Group Decision Making,Zhen Zhang; Jize Luo; Wenyu Yu; Zhuolin Li; Francisco Chiclana,56,2,10.1109/tsmc.2025.3597963,https://doi.org/10.1109/tsmc.2025.3597963,article,IEEE Transactions on Systems Man and Cybernetics Systems,https://openalex.org/W4414054216
"IEEE Transactions on Systems, Man, and Cybernetics: Systems",IEEE,2025,2025-09-08,Neuroadaptive Consensus Control for Heterogeneous Port Uncrewed Container Transporter Platoon via Sliding Mode Estimators,Shuo Ma; Kewen Li; Yongming Li,55,11,10.1109/tsmc.2025.3599538,https://doi.org/10.1109/tsmc.2025.3599538,article,IEEE Transactions on Systems Man and Cybernetics Systems,https://openalex.org/W4414079436
"IEEE Transactions on Systems, Man, and Cybernetics: Systems",IEEE,2025,2025-09-08,Simple Controller Design to Achieve Iso-Damping Robustness: Noniterative Data-Driven Approach Based on Fractional-Order Reference Model,Ansei Yonezawa; Heisei Yonezawa; Shuichi Yahagi; Itsuro KAJIWARA,55,11,10.1109/tsmc.2025.3599208,https://doi.org/10.1109/tsmc.2025.3599208,article,IEEE Transactions on Systems Man and Cybernetics Systems,https://openalex.org/W4414054192
"IEEE Transactions on Systems, Man, and Cybernetics: Systems",IEEE,2025,2025-09-08,Switching-Based Moving Target Defense Control Against Cyberattacks,Lezhong Xu; Hongming Zhu; Chengwei Wu; Yabin Gao; Ligang Wu,55,11,10.1109/tsmc.2025.3605339,https://doi.org/10.1109/tsmc.2025.3605339,article,IEEE Transactions on Systems Man and Cybernetics Systems,https://openalex.org/W4414054186
"IEEE Transactions on Systems, Man, and Cybernetics: Systems",IEEE,2025,2025-09-08,Time-Varying Formation Tracking for Nonholonomic Mobile Robots With Asymmetric Input Constraints,Lei Tian; Xiangke Wang; Hao Chen; Xiwang Dong,55,11,10.1109/tsmc.2025.3600897,https://doi.org/10.1109/tsmc.2025.3600897,article,IEEE Transactions on Systems Man and Cybernetics Systems,https://openalex.org/W4414054208
"IEEE Transactions on Systems, Man, and Cybernetics: Systems",IEEE,2025,2025-09-09,A Dynamic Watermarking Scheme to Attack-Detection-Based Resilient Set-Membership Estimation for 2-D Systems Over Sensor Networks,Yuhan Xie; Sanbo Ding; Nannan Rong; Xiangpeng Xie,55,11,10.1109/tsmc.2025.3605658,https://doi.org/10.1109/tsmc.2025.3605658,article,IEEE Transactions on Systems Man and Cybernetics Systems,https://openalex.org/W4414165778
"IEEE Transactions on Systems, Man, and Cybernetics: Systems",IEEE,2025,2025-09-09,A Personality Traits-Driven Conflict Quadrant Diagram by Large Language Models for Personalized Feedback in Group Decision-Making,Tiantian Gai; Jian Wu; Francisco Chiclana; Mi Zhou; Witold Pedrycz,55,11,10.1109/tsmc.2025.3605404,https://doi.org/10.1109/tsmc.2025.3605404,article,IEEE Transactions on Systems Man and Cybernetics Systems,https://openalex.org/W4414165771
"IEEE Transactions on Systems, Man, and Cybernetics: Systems",IEEE,2025,2025-09-09,Traffic Signal Timing Optimization: From Evolution to Adaptation,Sheng-Hao Wu; Zhi‐Hui Zhan; Kay Chen Tan; Jun Zhang,55,11,10.1109/tsmc.2025.3605217,https://doi.org/10.1109/tsmc.2025.3605217,article,IEEE Transactions on Systems Man and Cybernetics Systems,https://openalex.org/W4414165767
"IEEE Transactions on Systems, Man, and Cybernetics: Systems",IEEE,2025,2025-09-10,A Unified Arbitrarily Predefined -Time Convergent Recurrent Neural Network for Motion Control of Redundant Robot Manipulators: A Unified Paradigm,Boyu Zheng; Chunquan Li; Yingnan Jiao; Jingyi Fu; Zhijun Zhang; Junzhi Yu; Peter Xiaoping Liu,55,11,10.1109/tsmc.2025.3605191,https://doi.org/10.1109/tsmc.2025.3605191,article,IEEE Transactions on Systems Man and Cybernetics Systems,https://openalex.org/W4414110700
"IEEE Transactions on Systems, Man, and Cybernetics: Systems",IEEE,2025,2025-09-10,Disturbance Decoupling of Probabilistic Boolean Networks,Yifeng Li; Ying Cheng; Haitao Li; Zhichun Yang; Tingwen Huang,55,11,10.1109/tsmc.2025.3605616,https://doi.org/10.1109/tsmc.2025.3605616,article,IEEE Transactions on Systems Man and Cybernetics Systems,https://openalex.org/W4414110699
"IEEE Transactions on Systems, Man, and Cybernetics: Systems",IEEE,2025,2025-09-10,Event-Based Adaptive PI-Funnel Global Tracking Control for Uncertain Nonlinear Systems,Cuihua Zhang; Z.S. Hu; Yu-Jia Li; Ying Zhang; Changchun Hua; Yueying Liu,55,11,10.1109/tsmc.2025.3605859,https://doi.org/10.1109/tsmc.2025.3605859,article,IEEE Transactions on Systems Man and Cybernetics Systems,https://openalex.org/W4414110692
"IEEE Transactions on Systems, Man, and Cybernetics: Systems",IEEE,2025,2025-09-10,Modeling Opinion Evolution and Conformity Behavior in Large-Scale Social Network Group Decision-Making,Xiujuan Ma; Xinwang Liu; Zaiwu Gong; Fang Liu,55,11,10.1109/tsmc.2025.3606507,https://doi.org/10.1109/tsmc.2025.3606507,article,IEEE Transactions on Systems Man and Cybernetics Systems,https://openalex.org/W4414110744
"IEEE Transactions on Systems, Man, and Cybernetics: Systems",IEEE,2025,2025-09-10,Reconstructing Network Structures Using Gaussian Mixture Model: From Unsigned to Signed Networks,Haifeng Zhang; Kunpeng Liu; Huan Wang; Chuang Ma,55,11,10.1109/tsmc.2025.3606222,https://doi.org/10.1109/tsmc.2025.3606222,article,IEEE Transactions on Systems Man and Cybernetics Systems,https://openalex.org/W4414110707
"IEEE Transactions on Systems, Man, and Cybernetics: Systems",IEEE,2025,2025-09-11,A Model Predictive Control Strategy Under Partial State Availability for Resilience and Maintenance Operations of Cyber-Physical Systems,Domenico Famularo; Francesco Tedesco; Giuseppe Franzè,55,11,10.1109/tsmc.2025.3604291,https://doi.org/10.1109/tsmc.2025.3604291,article,IEEE Transactions on Systems Man and Cybernetics Systems,https://openalex.org/W4414154324
"IEEE Transactions on Systems, Man, and Cybernetics: Systems",IEEE,2025,2025-09-11,Gait Adaptation and Iterative Control: A Switched Systems Optimization Framework for Quadrupedal Robots,Pietro Gori; Michele Pierallini; Franco Angelini; Manolo Garabini,55,11,10.1109/tsmc.2025.3604639,https://doi.org/10.1109/tsmc.2025.3604639,article,IEEE Transactions on Systems Man and Cybernetics Systems,https://openalex.org/W4414153854
"IEEE Transactions on Systems, Man, and Cybernetics: Systems",IEEE,2025,2025-09-11,Stochastic Generalized Nash Equilibrium Seeking: Reflected Gradient Methods,Enbing Su; Cheng Peng; Zhihuan Hu; Li Li; Weidong Zhang,55,11,10.1109/tsmc.2025.3606747,https://doi.org/10.1109/tsmc.2025.3606747,article,IEEE Transactions on Systems Man and Cybernetics Systems,https://openalex.org/W4414154282
"IEEE Transactions on Systems, Man, and Cybernetics: Systems",IEEE,2025,2025-09-15,Adaptive Neural Network Exact-Optimal Consensus Fault Tolerant Control for Nonlinear Multiagent Systems With Actuator Faults,Mengyuan Cui; Yi Zuo; Shaocheng Tong,55,11,10.1109/tsmc.2025.3605350,https://doi.org/10.1109/tsmc.2025.3605350,article,IEEE Transactions on Systems Man and Cybernetics Systems,https://openalex.org/W4414198608
"IEEE Transactions on Systems, Man, and Cybernetics: Systems",IEEE,2025,2025-09-15,CoMix: Collaborative Mixed Learning via Style Fuzzy Normalization for Visible–Infrared Person Re-Identification,Haojie Liu; Jianyang Gu; Zhiyong Li; Mingyu Wang; Q. M. Jonathan Wu; Wei Jiang,55,11,10.1109/tsmc.2025.3604832,https://doi.org/10.1109/tsmc.2025.3604832,article,IEEE Transactions on Systems Man and Cybernetics Systems,https://openalex.org/W4414198623
"IEEE Transactions on Systems, Man, and Cybernetics: Systems",IEEE,2025,2025-09-16,Conditions for Guaranteeing Nonovershooting Control of MIMO Nonlinear Systems With Application to Robot Manipulator,Fujin Jia; Quanxin Zhu,55,11,10.1109/tsmc.2025.3607885,https://doi.org/10.1109/tsmc.2025.3607885,article,IEEE Transactions on Systems Man and Cybernetics Systems,https://openalex.org/W4414266335
"IEEE Transactions on Systems, Man, and Cybernetics: Systems",IEEE,2025,2025-09-16,Event-Triggered Dissipative Filtering for Stochastic Fuzzy Complex Networks Under Multiple Cyberattacks,Yinghong Zhao; Likui Wang; Hak‐Keung Lam,55,11,10.1109/tsmc.2025.3606937,https://doi.org/10.1109/tsmc.2025.3606937,article,IEEE Transactions on Systems Man and Cybernetics Systems,https://openalex.org/W4414265873
"IEEE Transactions on Systems, Man, and Cybernetics: Systems",IEEE,2025,2025-09-18,Adaptive Vision-Admittance-Based Leakage-Type Sliding Mode Control for Uncertain Collaborative Robot With Actuator Saturation,Minglei Zhu; Cong Huang; Shijie Song; Yuyang Zhao; Jun Qi; Dawei Gong,55,11,10.1109/tsmc.2025.3604489,https://doi.org/10.1109/tsmc.2025.3604489,article,IEEE Transactions on Systems Man and Cybernetics Systems,https://openalex.org/W4414322039
"IEEE Transactions on Systems, Man, and Cybernetics: Systems",IEEE,2025,2025-09-18,Attention-Guided Multiscale Interaction Network for Face Super-Resolution,Xujie Wan; Wenjie Li; Guangwei Gao; Huimin Lu; Jian Jun Yang; Chia‐Wen Lin,55,11,10.1109/tsmc.2025.3605649,https://doi.org/10.1109/tsmc.2025.3605649,article,IEEE Transactions on Systems Man and Cybernetics Systems,https://openalex.org/W4414322154
"IEEE Transactions on Systems, Man, and Cybernetics: Systems",IEEE,2025,2025-09-18,Fault-Tolerant Control for Autonomous Underwater Vehicles With Prescribed Tracking Accuracy,Yi-Fan Li; Xifeng Gao; Xingchen Li; Kai Zhang; Okyay Kaynak; Jiubin Tan,55,11,10.1109/tsmc.2025.3606857,https://doi.org/10.1109/tsmc.2025.3606857,article,IEEE Transactions on Systems Man and Cybernetics Systems,https://openalex.org/W4414322151
"IEEE Transactions on Systems, Man, and Cybernetics: Systems",IEEE,2025,2025-09-19,"IEEE Systems, Man, and Cybernetics Society Information",,55,10,10.1109/tsmc.2025.3604209,https://doi.org/10.1109/tsmc.2025.3604209,paratext,IEEE Transactions on Systems Man and Cybernetics Systems,https://openalex.org/W4414348255
"IEEE Transactions on Systems, Man, and Cybernetics: Systems",IEEE,2025,2025-09-19,"IEEE Transactions on Systems, Man, and Cybernetics: Systems Information for Authors",,55,10,10.1109/tsmc.2025.3604211,https://doi.org/10.1109/tsmc.2025.3604211,paratext,IEEE Transactions on Systems Man and Cybernetics Systems,https://openalex.org/W4414348623
"IEEE Transactions on Systems, Man, and Cybernetics: Systems",IEEE,2025,2025-09-19,"IEEE Transactions on Systems, Man, and Cybernetics: Systems Publication Information",,55,10,10.1109/tsmc.2025.3604199,https://doi.org/10.1109/tsmc.2025.3604199,paratext,IEEE Transactions on Systems Man and Cybernetics Systems,https://openalex.org/W4414348629
"IEEE Transactions on Systems, Man, and Cybernetics: Systems",IEEE,2025,2025-09-19,Introducing IEEE Collabratec,,55,10,10.1109/tsmc.2025.3606173,https://doi.org/10.1109/tsmc.2025.3606173,article,IEEE Transactions on Systems Man and Cybernetics Systems,https://openalex.org/W4414348313
"IEEE Transactions on Systems, Man, and Cybernetics: Systems",IEEE,2025,2025-09-19,Table of Contents,,55,10,10.1109/tsmc.2025.3604197,https://doi.org/10.1109/tsmc.2025.3604197,paratext,IEEE Transactions on Systems Man and Cybernetics Systems,https://openalex.org/W4414348459
"IEEE Transactions on Systems, Man, and Cybernetics: Systems",IEEE,2025,2025-09-19,Thank You for Your Authorship,,55,10,10.1109/tsmc.2025.3606176,https://doi.org/10.1109/tsmc.2025.3606176,article,IEEE Transactions on Systems Man and Cybernetics Systems,https://openalex.org/W4414348340
"IEEE Transactions on Systems, Man, and Cybernetics: Systems",IEEE,2025,2025-09-23,Reciprocal-Type Zeroing Neural Dynamics Model for Tackling Time-Dependent Lyapunov Matrix Equation Problems and Applications,Pengfei Guo; Yunong Zhang; Min Yang; Zheng‐an Yao; Shuai Li,55,11,10.1109/tsmc.2025.3611700,https://doi.org/10.1109/tsmc.2025.3611700,article,IEEE Transactions on Systems Man and Cybernetics Systems,https://openalex.org/W4414432090
"IEEE Transactions on Systems, Man, and Cybernetics: Systems",IEEE,2025,2025-09-24,BHIS: A Bayesian–Heuristic Inference System for Recognition of Walking Gait Phases,Samer A. Mohamed; Uriel Martínez-Hernández,55,11,10.1109/tsmc.2025.3601893,https://doi.org/10.1109/tsmc.2025.3601893,article,IEEE Transactions on Systems Man and Cybernetics Systems,https://openalex.org/W4414463418
"IEEE Transactions on Systems, Man, and Cybernetics: Systems",IEEE,2025,2025-09-24,Contrastive-Learning-Based Decision Making for Dynamic Time-Linkage Optimization,Xiaofang Liu; Meng Gao; Yongchun Fang; Zhi‐Hui Zhan; Jun Zhang,55,11,10.1109/tsmc.2025.3611797,https://doi.org/10.1109/tsmc.2025.3611797,article,IEEE Transactions on Systems Man and Cybernetics Systems,https://openalex.org/W4414463398
"IEEE Transactions on Systems, Man, and Cybernetics: Systems",IEEE,2025,2025-09-24,DreamArrangement: Learning Language-Conditioned Robotic Rearrangement of Objects via Denoising Diffusion and VLM Planner,Wenkai Chen; Changming Xiao; Ge Gao; Fuchun Sun; Changshui Zhang; Jianwei Zhang,55,11,10.1109/tsmc.2025.3611698,https://doi.org/10.1109/tsmc.2025.3611698,article,IEEE Transactions on Systems Man and Cybernetics Systems,https://openalex.org/W4414463417
"IEEE Transactions on Systems, Man, and Cybernetics: Systems",IEEE,2025,2025-09-24,Event-Triggered Control for Linear Positive Discrete-Time Singular Systems With Time Delay,Nguyen Huu Sau; Mai Viết Thuận,55,11,10.1109/tsmc.2025.3608211,https://doi.org/10.1109/tsmc.2025.3608211,article,IEEE Transactions on Systems Man and Cybernetics Systems,https://openalex.org/W4414463402
"IEEE Transactions on Systems, Man, and Cybernetics: Systems",IEEE,2025,2025-09-24,Polynomial-Based Gain-Scheduling Mechanism of Fuzzy Markov Jump System With Incomplete Transition Probability Information With Experimental Validation,Xingchen Shao; Lipo Mo; Xiangpeng Xie,55,11,10.1109/tsmc.2025.3611824,https://doi.org/10.1109/tsmc.2025.3611824,article,IEEE Transactions on Systems Man and Cybernetics Systems,https://openalex.org/W4414463442
"IEEE Transactions on Systems, Man, and Cybernetics: Systems",IEEE,2025,2025-09-24,Trajectory Planning and High-Precision Motion Control of Excavators Based on Independent Metering Hydraulic Configuration,J.S. Chen; Yujie Guo; Xiangdong Kong; Kelong Xu; Chao Ai,55,11,10.1109/tsmc.2025.3611946,https://doi.org/10.1109/tsmc.2025.3611946,article,IEEE Transactions on Systems Man and Cybernetics Systems,https://openalex.org/W4414463423
"IEEE Transactions on Systems, Man, and Cybernetics: Systems",IEEE,2025,2025-09-26,A Convolution Bias-Incorporated Nonnegative Latent Factorization of Tensors Model for Accurate Representation Learning to Dynamic Directed Graphs,Wang Qu; Hao Wu; Xin Luo,55,12,10.1109/tsmc.2025.3611792,https://doi.org/10.1109/tsmc.2025.3611792,article,IEEE Transactions on Systems Man and Cybernetics Systems,https://openalex.org/W4414539077
"IEEE Transactions on Systems, Man, and Cybernetics: Systems",IEEE,2025,2025-09-26,Constrained Sampling-Based MPC Using Path Integral for Collision-Free Robot Manipulation,Xingfang Wang; Hui Li; Dong Wang; Xiao Huang; Zhihong Jiang,55,11,10.1109/tsmc.2025.3611922,https://doi.org/10.1109/tsmc.2025.3611922,article,IEEE Transactions on Systems Man and Cybernetics Systems,https://openalex.org/W4414538349
"IEEE Transactions on Systems, Man, and Cybernetics: Systems",IEEE,2025,2025-09-26,Global Regulation of Time-Varying Stochastic Nonlinear Systems via Output Feedback and Its Application in One-Link Manipulator,Xian‐Long Yin; Zong‐Yao Sun; Changyun Wen; Chih‐Chiang Chen,55,11,10.1109/tsmc.2025.3611915,https://doi.org/10.1109/tsmc.2025.3611915,article,IEEE Transactions on Systems Man and Cybernetics Systems,https://openalex.org/W4414538398
"IEEE Transactions on Systems, Man, and Cybernetics: Systems",IEEE,2025,2025-09-26,Graph-Based Dual-Agent Deep Reinforcement Learning for Dynamic Human–Machine Hybrid Reconfiguration Manufacturing Scheduling,Yuxin Li; Qihao Liu; Chunjiang Zhang; Xinyu Li; Liang Gao,55,11,10.1109/tsmc.2025.3612300,https://doi.org/10.1109/tsmc.2025.3612300,article,IEEE Transactions on Systems Man and Cybernetics Systems,https://openalex.org/W4414538366
"IEEE Transactions on Systems, Man, and Cybernetics: Systems",IEEE,2025,2025-09-26,Piecewise Homogeneous-Type Stabilization for Nonlinear Semi-Markov Jump Systems: Controller Design and Experiments,Shiyao Pan; Xiangpeng Xie; Dongsheng Yang,55,12,10.1109/tsmc.2025.3612142,https://doi.org/10.1109/tsmc.2025.3612142,article,IEEE Transactions on Systems Man and Cybernetics Systems,https://openalex.org/W4414538365
"IEEE Transactions on Systems, Man, and Cybernetics: Systems",IEEE,2025,2025-09-29,A Deep Multiobject Detection Model for Passenger Escalator Safety,Yo‐Ping Huang; Satchidanand Kshetrimayum; Haobijam Basanta; Frode Eika Sandnes,55,12,10.1109/tsmc.2025.3612901,https://doi.org/10.1109/tsmc.2025.3612901,article,IEEE Transactions on Systems Man and Cybernetics Systems,https://openalex.org/W4414603140
"IEEE Transactions on Systems, Man, and Cybernetics: Systems",IEEE,2025,2025-09-29,Learning-Based Prescribed-Time Fuzzy Optimal Quantized Control for Large-Scale Systems With Bridge-Hole Constraint,Shiyu Xie; Wei Sun; Yuqiang Wu,55,12,10.1109/tsmc.2025.3612400,https://doi.org/10.1109/tsmc.2025.3612400,article,IEEE Transactions on Systems Man and Cybernetics Systems,https://openalex.org/W4414603509
"IEEE Transactions on Systems, Man, and Cybernetics: Systems",IEEE,2025,2025-09-29,Recursive State Estimation for Nonlinear Cyber-Physical Systems Under Random Access Protocol: A Token Bucket Strategy,Yu-Ang Wang; Zidong Wang; Lei Zou; Fan Wang; Hongli Dong,55,12,10.1109/tsmc.2025.3612590,https://doi.org/10.1109/tsmc.2025.3612590,article,IEEE Transactions on Systems Man and Cybernetics Systems,https://openalex.org/W4414603526
"IEEE Transactions on Systems, Man, and Cybernetics: Systems",IEEE,2025,2025-09-29,Small-Gain Method-Based Adaptive Fuzzy Output Feedback Control for Nonlinear Systems With Irregular Constraints,Lei Liu; Zhaoxia Liu; Qiang Hong Zeng; Yan‐Jun Liu,55,12,10.1109/tsmc.2025.3606556,https://doi.org/10.1109/tsmc.2025.3606556,article,IEEE Transactions on Systems Man and Cybernetics Systems,https://openalex.org/W4414603129
"IEEE Transactions on Systems, Man, and Cybernetics: Systems",IEEE,2025,2025-09-30,A New Encryption Algorithm for Secure Aviation Communications,Moatsum Alawida,55,12,10.1109/tsmc.2025.3613057,https://doi.org/10.1109/tsmc.2025.3613057,article,IEEE Transactions on Systems Man and Cybernetics Systems,https://openalex.org/W4414646974
"IEEE Transactions on Systems, Man, and Cybernetics: Systems",IEEE,2025,2025-09-30,A Self-Learning Noise-Resistant Zeroing Neural Network for Dynamic Equations and Its Applications,Yiwei Li; Jiaxin Liu; Lin Xiao; Qiuyue Zuo; Liangze Yin; Wei Yu Dong,55,12,10.1109/tsmc.2025.3613133,https://doi.org/10.1109/tsmc.2025.3613133,article,IEEE Transactions on Systems Man and Cybernetics Systems,https://openalex.org/W4414647357
"IEEE Transactions on Systems, Man, and Cybernetics: Systems",IEEE,2025,2025-09-30,Barrier Lyapunov Function-Based Asymptotic Tracking Control for Irregular Ellipsoidal Output Constraints,Tao Guan; Bin Li; Yongduan Song; Guang‐Ren Duan,55,12,10.1109/tsmc.2025.3613424,https://doi.org/10.1109/tsmc.2025.3613424,article,IEEE Transactions on Systems Man and Cybernetics Systems,https://openalex.org/W4414647295
"IEEE Transactions on Systems, Man, and Cybernetics: Systems",IEEE,2025,2025-09-30,Co-Design of Fault Detection and Bipartite Time-Varying Formation Control for a Class of Fuzzy Multiagent Systems Under Switching Topology,Siyang Zhao; Jinyong Yu; Zhihong Zhao; Michael Basin,55,12,10.1109/tsmc.2025.3612419,https://doi.org/10.1109/tsmc.2025.3612419,article,IEEE Transactions on Systems Man and Cybernetics Systems,https://openalex.org/W4414647205
"IEEE Transactions on Systems, Man, and Cybernetics: Systems",IEEE,2025,2025-09-30,Distributed Online Convex Optimization Over Time-Varying Unbalanced Digraphs With Multiple Coupled Constraints,Wei Suo; Wenling Li; Bin Zhang; Yang Liu,55,12,10.1109/tsmc.2025.3613348,https://doi.org/10.1109/tsmc.2025.3613348,article,IEEE Transactions on Systems Man and Cybernetics Systems,https://openalex.org/W4414647185
"IEEE Transactions on Systems, Man, and Cybernetics: Systems",IEEE,2025,2025-09-30,Intelligent Critic Learning for Data-Driven Output Tracking Control With Lightweight Parallelization,Jiangyu Wang; Ding Wang; Jin Ren; Junfei Qiao,55,12,10.1109/tsmc.2025.3611928,https://doi.org/10.1109/tsmc.2025.3611928,article,IEEE Transactions on Systems Man and Cybernetics Systems,https://openalex.org/W4414647334
"IEEE Transactions on Systems, Man, and Cybernetics: Systems",IEEE,2025,2025-09-30,Observer-Based Adaptive Prescribed-Time Asymptotic Tracking Control for Flexible-Joint Manipulators,Yu Gao; Wei Sun; Ning Sun,55,12,10.1109/tsmc.2025.3612585,https://doi.org/10.1109/tsmc.2025.3612585,article,IEEE Transactions on Systems Man and Cybernetics Systems,https://openalex.org/W4414647350
"IEEE Transactions on Systems, Man, and Cybernetics: Systems",IEEE,2025,2025-09-30,Unbiased State and Fault Estimation for Nonlinear Interconnected Systems Based on Second-Order Fault-Tolerant Kalman Filter,Xinci Gao; Weiwei Sun; Xiangyu Chen; Lusong Ding,55,12,10.1109/tsmc.2025.3613136,https://doi.org/10.1109/tsmc.2025.3613136,article,IEEE Transactions on Systems Man and Cybernetics Systems,https://openalex.org/W4414630922
"IEEE Transactions on Systems, Man, and Cybernetics: Systems",IEEE,2025,2025-10-01,Distributed Adaptive Containment Control of Stochastic Nonlinear Multiagent Systems,Jiabao Gu; Hui Wang; Lewei Dong; Wuquan Li,55,12,10.1109/tsmc.2025.3612943,https://doi.org/10.1109/tsmc.2025.3612943,article,IEEE Transactions on Systems Man and Cybernetics Systems,https://openalex.org/W4414693342
"IEEE Transactions on Systems, Man, and Cybernetics: Systems",IEEE,2025,2025-10-01,Model-Free Adaptive Hierarchical Resilient Cloud Control for Multiagent Group Systems Under Aperiodic DoS Attacks,Lin Zhu; Dongsheng Yang; Wei‐Wei Che,55,12,10.1109/tsmc.2025.3610858,https://doi.org/10.1109/tsmc.2025.3610858,article,IEEE Transactions on Systems Man and Cybernetics Systems,https://openalex.org/W4414693476
"IEEE Transactions on Systems, Man, and Cybernetics: Systems",IEEE,2025,2025-10-01,Resilience Analytics for Integrated Power and District Heating Networks by Identifying Critical Contingencies,Morteza Zare Oskouei; Tayfur Gökçek; Ayşe Kübra Erenoğlu; Ozan Erdinç; João P. S. Catalào,55,12,10.1109/tsmc.2025.3612864,https://doi.org/10.1109/tsmc.2025.3612864,article,IEEE Transactions on Systems Man and Cybernetics Systems,https://openalex.org/W4414693552
"IEEE Transactions on Systems, Man, and Cybernetics: Systems",IEEE,2025,2025-10-01,Robustness Analysis in Automated Manufacturing Systems Allowing Multiple Server Failures Using Generalized Reduced Reachability Graphs,Junyan Li; Hesuan Hu,55,12,10.1109/tsmc.2025.3613580,https://doi.org/10.1109/tsmc.2025.3613580,article,IEEE Transactions on Systems Man and Cybernetics Systems,https://openalex.org/W4414693344
"IEEE Transactions on Systems, Man, and Cybernetics: Systems",IEEE,2025,2025-10-03,Fault-Tolerant Control of Nonlinear Multiplayer Pursuit-Evasion Game With Actuator Faults,Wenjing Hou; Li Liang; Youqing Wang,55,12,10.1109/tsmc.2025.3614232,https://doi.org/10.1109/tsmc.2025.3614232,article,IEEE Transactions on Systems Man and Cybernetics Systems,https://openalex.org/W4414798864
"IEEE Transactions on Systems, Man, and Cybernetics: Systems",IEEE,2025,2025-10-03,Perfect Control for Nonlinear Time-Invariant MIMO Systems Described in the Discrete-Time State-Space Framework,Wojciech Przemyslaw Hunek; Dariusz Pączko,55,12,10.1109/tsmc.2025.3613064,https://doi.org/10.1109/tsmc.2025.3613064,article,IEEE Transactions on Systems Man and Cybernetics Systems,https://openalex.org/W4414798912
"IEEE Transactions on Systems, Man, and Cybernetics: Systems",IEEE,2025,2025-10-03,Reinforcement Learning Assisting Artificial Bee Colony Algorithm for Scheduling Distributed Assembly Flowshops With Batch Delivery,Dachao Li; Kaizhou Gao; Peiyong Duan; Ponnuthurai Nagaratnam Suganthan; Naiqi Wu,55,12,10.1109/tsmc.2025.3613727,https://doi.org/10.1109/tsmc.2025.3613727,article,IEEE Transactions on Systems Man and Cybernetics Systems,https://openalex.org/W4414798855
"IEEE Transactions on Systems, Man, and Cybernetics: Systems",IEEE,2025,2025-10-03,Self-Triggered Impulsive Control for Disturbed T-S Fuzzy Delay Systems,Mingzhu Wang; Xiaodi Li,55,12,10.1109/tsmc.2025.3613835,https://doi.org/10.1109/tsmc.2025.3613835,article,IEEE Transactions on Systems Man and Cybernetics Systems,https://openalex.org/W4414798878
"IEEE Transactions on Systems, Man, and Cybernetics: Systems",IEEE,2025,2025-10-06,A Hybrid Triggering Consensus Framework to Nonlinear Multiagent Systems With Local Observer,Yang Wang; Jiuxiang Dong; Fanwei Meng; Ju H. Park,55,12,10.1109/tsmc.2025.3612577,https://doi.org/10.1109/tsmc.2025.3612577,article,IEEE Transactions on Systems Man and Cybernetics Systems,https://openalex.org/W4414856450
"IEEE Transactions on Systems, Man, and Cybernetics: Systems",IEEE,2025,2025-10-06,A Spanning Tree-Induced Method to Derive Weights From Fuzzy Preference Relations: A Monte Carlo Simulation-Based Investigation,Yejun Xu; Mengqi Li; Xiaoying Lai; Witold Pedrycz,55,12,10.1109/tsmc.2025.3612434,https://doi.org/10.1109/tsmc.2025.3612434,article,IEEE Transactions on Systems Man and Cybernetics Systems,https://openalex.org/W4414856476
"IEEE Transactions on Systems, Man, and Cybernetics: Systems",IEEE,2025,2025-10-06,Adaptive Second-Order Sliding Mode Controller Design Subject to Mismatched Uncertainties,Chen Ding; Li Ma; Shihong Ding; Xinghuo Yu; Keqi Mei,55,12,10.1109/tsmc.2025.3614905,https://doi.org/10.1109/tsmc.2025.3614905,article,IEEE Transactions on Systems Man and Cybernetics Systems,https://openalex.org/W4414856471
"IEEE Transactions on Systems, Man, and Cybernetics: Systems",IEEE,2025,2025-10-06,Event-Triggered Unified Prescribed Performance Control for Continuum Robots With Actuator Faults,Yifan Luo; Xiaomei Wang; Kai Zhao; Ben Niu,55,12,10.1109/tsmc.2025.3614342,https://doi.org/10.1109/tsmc.2025.3614342,article,IEEE Transactions on Systems Man and Cybernetics Systems,https://openalex.org/W4414856470
"IEEE Transactions on Systems, Man, and Cybernetics: Systems",IEEE,2025,2025-10-06,Global Robust Output Regulation of a Class of MIMO Time-Varying Nonlinear Systems and Its Application to PMSM,Zhaowu Ping; Hui Song; Zhiyong Chen,55,12,10.1109/tsmc.2025.3612414,https://doi.org/10.1109/tsmc.2025.3612414,article,IEEE Transactions on Systems Man and Cybernetics Systems,https://openalex.org/W4414856437
"IEEE Transactions on Systems, Man, and Cybernetics: Systems",IEEE,2025,2025-10-06,LeSkill: Structured Skill Learning for Long-Horizon Robotic Manipulation Tasks,Xiucai Huang; Shifeng Chen; Yongduan Song,55,12,10.1109/tsmc.2025.3605528,https://doi.org/10.1109/tsmc.2025.3605528,article,IEEE Transactions on Systems Man and Cybernetics Systems,https://openalex.org/W4414856415
"IEEE Transactions on Systems, Man, and Cybernetics: Systems",IEEE,2025,2025-10-06,Multigranularity-Layer Shadowed Set: A Three-Way Approximation Framework for Fuzzy Information,Man Gao; Qinghua Zhang; Fan Zhao; Qin Xie; Guoyin Wang; Weiping Ding,55,12,10.1109/tsmc.2025.3613350,https://doi.org/10.1109/tsmc.2025.3613350,article,IEEE Transactions on Systems Man and Cybernetics Systems,https://openalex.org/W4414856446
"IEEE Transactions on Systems, Man, and Cybernetics: Systems",IEEE,2025,2025-10-06,Neuroadaptive Control for Nonlinear Systems With Piecewise and Discontinuous Output Constraints,Shuyan Zhou; Junjie Liu; Kai Zhao; Xuesong Wang; Yuhu Cheng,55,12,10.1109/tsmc.2025.3613353,https://doi.org/10.1109/tsmc.2025.3613353,article,IEEE Transactions on Systems Man and Cybernetics Systems,https://openalex.org/W4414856442
"IEEE Transactions on Systems, Man, and Cybernetics: Systems",IEEE,2025,2025-10-06,Offset-Free Model-Independent Filtering Technique for Servo Motor Applications via Order Reduction Approach,Seok‐Kyoon Kim; Sun Lim; Hak‐Keung Lam; Choon Ki Ahn,55,12,10.1109/tsmc.2025.3612394,https://doi.org/10.1109/tsmc.2025.3612394,article,IEEE Transactions on Systems Man and Cybernetics Systems,https://openalex.org/W4414856426
"IEEE Transactions on Systems, Man, and Cybernetics: Systems",IEEE,2025,2025-10-06,Optimizing Superdiffusion of Multiplex Networks Based on Spectral Graph Theory,Hui Liu; Shiqi Dai; Junhao Zhao; Xiaoqun Wu; Shaolin Tan; Guanrong Chen; Zhigang Zeng; Jinhu Lü,55,12,10.1109/tsmc.2025.3614239,https://doi.org/10.1109/tsmc.2025.3614239,article,IEEE Transactions on Systems Man and Cybernetics Systems,https://openalex.org/W4414856438
"IEEE Transactions on Systems, Man, and Cybernetics: Systems",IEEE,2025,2025-10-06,Role Assignment for Agent Evaluation Under Uncertainty: A Distributionally Robust Approach,Zhihang Yu; Bo Wang; Libo Zhang; Zhi Wang; Haibin Zhu,55,12,10.1109/tsmc.2025.3614831,https://doi.org/10.1109/tsmc.2025.3614831,article,IEEE Transactions on Systems Man and Cybernetics Systems,https://openalex.org/W4414856460
"IEEE Transactions on Systems, Man, and Cybernetics: Systems",IEEE,2025,2025-10-06,k -Winner-Take-All Competition Based on Novel Dynamic Neural Networks,Xinwei Cao; Yiguo Yang; Shuai Li; Vasilios N. Katsikis,55,12,10.1109/tsmc.2025.3614997,https://doi.org/10.1109/tsmc.2025.3614997,article,IEEE Transactions on Systems Man and Cybernetics Systems,https://openalex.org/W4414856445
"IEEE Transactions on Systems, Man, and Cybernetics: Systems",IEEE,2025,2025-10-08,A Two-Stage Adaptive Search Algorithm for the 2-D Rectangle Packing Area Minimization Problem,Kun Li; Zhipeng Lü; Junwen Ding; Zhouxing Su; Qingyun Zhang,55,12,10.1109/tsmc.2025.3614262,https://doi.org/10.1109/tsmc.2025.3614262,article,IEEE Transactions on Systems Man and Cybernetics Systems,https://openalex.org/W4414955943
"IEEE Transactions on Systems, Man, and Cybernetics: Systems",IEEE,2025,2025-10-08,Evaluating Variable Autonomy for a Teleoperated Navigation Task in a Habituated Environment,Tal Arie; Tal Oron-Gilad; Vardit Sarne‐Fleischmann; Yael Edan,55,12,10.1109/tsmc.2025.3612496,https://doi.org/10.1109/tsmc.2025.3612496,article,IEEE Transactions on Systems Man and Cybernetics Systems,https://openalex.org/W4414955980
"IEEE Transactions on Systems, Man, and Cybernetics: Systems",IEEE,2025,2025-10-14,A Clustering-Based Adaptive Hybrid Algorithm for the Stochastic Resource Allocation Problem With Time Windows,Danjing Wang; Bin Xin; Jia Zhang; Qing Wang; Xianpeng Wang,55,12,10.1109/tsmc.2025.3614245,https://doi.org/10.1109/tsmc.2025.3614245,article,IEEE Transactions on Systems Man and Cybernetics Systems,https://openalex.org/W4415178911
"IEEE Transactions on Systems, Man, and Cybernetics: Systems",IEEE,2025,2025-10-14,Adaptive Control for End-Effector Exoskeleton Robots With Unknown Dynamics and Actuator Parameters,Brahim Brahmi; Maarouf Saad,55,12,10.1109/tsmc.2025.3616513,https://doi.org/10.1109/tsmc.2025.3616513,article,IEEE Transactions on Systems Man and Cybernetics Systems,https://openalex.org/W4415178895
"IEEE Transactions on Systems, Man, and Cybernetics: Systems",IEEE,2025,2025-10-14,An Error-Tolerant Design of Joint Planner for a Table Tennis Robot Using Variable-Sigmoid-Based Motion Template,Yuxin Wang; Zhiyong Sun; Chengeng Qu; Yongle Luo; Haibo Zhang; Kun Dong; Yu Liu; Qiang Zhang; Bin Cai; Erkang Cheng; Jie Ren; Bo Song,55,12,10.1109/tsmc.2025.3607764,https://doi.org/10.1109/tsmc.2025.3607764,article,IEEE Transactions on Systems Man and Cybernetics Systems,https://openalex.org/W4415179179
"IEEE Transactions on Systems, Man, and Cybernetics: Systems",IEEE,2025,2025-10-14,Dendritic Kernel Convolutional Neural Network for Breast Ultrasound Images Segmentation,Han Zhang; Zhipeng Liu; Zhiming Zhang; Zhenyu Lei; Ziqian Wang; Hideyuki Hasegawa; Shangce Gao,55,12,10.1109/tsmc.2025.3615627,https://doi.org/10.1109/tsmc.2025.3615627,article,IEEE Transactions on Systems Man and Cybernetics Systems,https://openalex.org/W4415178837
"IEEE Transactions on Systems, Man, and Cybernetics: Systems",IEEE,2025,2025-10-14,Online Learning of Noisy Functions via a Data-Regularized Gradient-Descent Approach,Farzaneh Tatari; Ramin Esmzad; Hamidreza Modares,55,12,10.1109/tsmc.2025.3614871,https://doi.org/10.1109/tsmc.2025.3614871,article,IEEE Transactions on Systems Man and Cybernetics Systems,https://openalex.org/W4415178875
"IEEE Transactions on Systems, Man, and Cybernetics: Systems",IEEE,2025,2025-10-15,Adaptive Neural Finite-Time Deployment of Nonlinear Heterogeneous Multi-Agent Systems With Inconsistent Semi-Markov Topologies: An ODE–PDE Approach,Jingtao Man; Zhigang Zeng; Yin Sheng; Jiankun Sun,55,12,10.1109/tsmc.2025.3611933,https://doi.org/10.1109/tsmc.2025.3611933,article,IEEE Transactions on Systems Man and Cybernetics Systems,https://openalex.org/W4415222038
"IEEE Transactions on Systems, Man, and Cybernetics: Systems",IEEE,2025,2025-10-15,Obstacle-Avoiding X-Architecture Bounded-Skew Tree Algorithm Under Timing Slack Constraints,Genggeng Liu; Ren Lu; Yuhan Zhu; Zhifeng Lin; Chuandong Chen; Min Gan; Jianli Chen; Wenzhong Guo,55,12,10.1109/tsmc.2025.3612832,https://doi.org/10.1109/tsmc.2025.3612832,article,IEEE Transactions on Systems Man and Cybernetics Systems,https://openalex.org/W4415222162
"IEEE Transactions on Systems, Man, and Cybernetics: Systems",IEEE,2025,2025-10-15,Preserving Privacy in Cloud-Based Data-Driven Stabilization,Teimour Hosseinalizadeh; Nima Monshizadeh,55,12,10.1109/tsmc.2025.3617862,https://doi.org/10.1109/tsmc.2025.3617862,article,IEEE Transactions on Systems Man and Cybernetics Systems,https://openalex.org/W4415222014
"IEEE Transactions on Systems, Man, and Cybernetics: Systems",IEEE,2025,2025-10-16,"IEEE Systems, Man, and Cybernetics Society Information",,55,11,10.1109/tsmc.2025.3618067,https://doi.org/10.1109/tsmc.2025.3618067,paratext,IEEE Transactions on Systems Man and Cybernetics Systems,https://openalex.org/W4415250820
"IEEE Transactions on Systems, Man, and Cybernetics: Systems",IEEE,2025,2025-10-16,"IEEE Transactions on Systems, Man, and Cybernetics: Systems Information for Authors",,55,11,10.1109/tsmc.2025.3618069,https://doi.org/10.1109/tsmc.2025.3618069,paratext,IEEE Transactions on Systems Man and Cybernetics Systems,https://openalex.org/W4415250815
"IEEE Transactions on Systems, Man, and Cybernetics: Systems",IEEE,2025,2025-10-16,"IEEE Transactions on Systems, Man, and Cybernetics: Systems Publication Information",,55,11,10.1109/tsmc.2025.3618065,https://doi.org/10.1109/tsmc.2025.3618065,paratext,IEEE Transactions on Systems Man and Cybernetics Systems,https://openalex.org/W4415250719
"IEEE Transactions on Systems, Man, and Cybernetics: Systems",IEEE,2025,2025-10-16,Introducing IEEE Collabratec,,55,11,10.1109/tsmc.2025.3618055,https://doi.org/10.1109/tsmc.2025.3618055,article,IEEE Transactions on Systems Man and Cybernetics Systems,https://openalex.org/W4415250770
"IEEE Transactions on Systems, Man, and Cybernetics: Systems",IEEE,2025,2025-10-16,Table of Contents,,55,11,10.1109/tsmc.2025.3618023,https://doi.org/10.1109/tsmc.2025.3618023,paratext,IEEE Transactions on Systems Man and Cybernetics Systems,https://openalex.org/W4415250832
"IEEE Transactions on Systems, Man, and Cybernetics: Systems",IEEE,2025,2025-10-20,Contrastive Multiview Low-Rank Latent Subspace Self-Representation and Classification Network,Deyu Zeng; Tong Zhang; Zongze Wu; Wei Liu; Chris H. Q. Ding; Weixiang Liu,55,12,10.1109/tsmc.2025.3616371,https://doi.org/10.1109/tsmc.2025.3616371,article,IEEE Transactions on Systems Man and Cybernetics Systems,https://openalex.org/W4415366566
"IEEE Transactions on Systems, Man, and Cybernetics: Systems",IEEE,2025,2025-10-20,Fractional-Order Controllers: A Practical Approach,Ivo Petráš,55,12,10.1109/tsmc.2025.3614290,https://doi.org/10.1109/tsmc.2025.3614290,article,IEEE Transactions on Systems Man and Cybernetics Systems,https://openalex.org/W4415366591
"IEEE Transactions on Systems, Man, and Cybernetics: Systems",IEEE,2025,2025-10-21,Adaptive Yager T-Norm-Based Takagi–Sugeno–Kang Fuzzy Systems,Guangdong Xue; Yekai Yang; Jian Wang,55,12,10.1109/tsmc.2025.3621346,https://doi.org/10.1109/tsmc.2025.3621346,article,IEEE Transactions on Systems Man and Cybernetics Systems,https://openalex.org/W4415398559
"IEEE Transactions on Systems, Man, and Cybernetics: Systems",IEEE,2025,2025-10-21,An Experimental Study on Road Condition Monitoring and Junction Analysis Using Bus Trajectory Data,Pruthvish Rajput; Manish Chaturvedi,55,12,10.1109/tsmc.2025.3616438,https://doi.org/10.1109/tsmc.2025.3616438,article,IEEE Transactions on Systems Man and Cybernetics Systems,https://openalex.org/W4415399158
"IEEE Transactions on Systems, Man, and Cybernetics: Systems",IEEE,2025,2025-10-21,Density-Driven Optimal Control for Efficient and Collaborative Multiagent Nonuniform Coverage,Sungjun Seo; Kooktae Lee,55,12,10.1109/tsmc.2025.3622075,https://doi.org/10.1109/tsmc.2025.3622075,article,IEEE Transactions on Systems Man and Cybernetics Systems,https://openalex.org/W4415399174
"IEEE Transactions on Systems, Man, and Cybernetics: Systems",IEEE,2025,2025-10-21,Expensive Multiobjective Optimization With Adaptive Contribution Sampling and Enhanced Search,Shufen Qin; Chaoli Sun,55,12,10.1109/tsmc.2025.3612690,https://doi.org/10.1109/tsmc.2025.3612690,article,IEEE Transactions on Systems Man and Cybernetics Systems,https://openalex.org/W4415401715
"IEEE Transactions on Systems, Man, and Cybernetics: Systems",IEEE,2025,2025-10-21,Graph Neural Network-Based Surrogate Model for Evolutionary Neural Architecture Search,Yu Xue; Xiaolei Zhang; Ferrante Neri; Bing Xue; Mengjie Zhang,55,12,10.1109/tsmc.2025.3621488,https://doi.org/10.1109/tsmc.2025.3621488,article,IEEE Transactions on Systems Man and Cybernetics Systems,https://openalex.org/W4415398132
"IEEE Transactions on Systems, Man, and Cybernetics: Systems",IEEE,2025,2025-10-21,Low-Complexity Fault-Tolerant Prescribed Performance Control of Unknown Nonlinear Systems With Deferred Actuator Replacement,Kai-Di Xu; Jin‐Xi Zhang; Tianyou Chai; Zhongmei Li,55,12,10.1109/tsmc.2025.3621614,https://doi.org/10.1109/tsmc.2025.3621614,article,IEEE Transactions on Systems Man and Cybernetics Systems,https://openalex.org/W4415399275
"IEEE Transactions on Systems, Man, and Cybernetics: Systems",IEEE,2025,2025-10-21,Observer-Based Impulsive Control for Nonlinear Systems With Actuator Saturation and Its Application to Complex Networks,Miaomiao Yu; Shuchen Wu; Xiaodi Li,55,12,10.1109/tsmc.2025.3621613,https://doi.org/10.1109/tsmc.2025.3621613,article,IEEE Transactions on Systems Man and Cybernetics Systems,https://openalex.org/W4415399025
"IEEE Transactions on Systems, Man, and Cybernetics: Systems",IEEE,2025,2025-10-21,Peak-Free Feedback-Cascaded Generalized Extended High-Gain Observer: A Multisaturation Approach,Hongfu Wang; Guanghui Wen; Wenchao Xue; Zhengping Fan; Fan Zhang,55,12,10.1109/tsmc.2025.3621314,https://doi.org/10.1109/tsmc.2025.3621314,article,IEEE Transactions on Systems Man and Cybernetics Systems,https://openalex.org/W4415398146
"IEEE Transactions on Systems, Man, and Cybernetics: Systems",IEEE,2025,2025-10-21,Transition Bumpless Control for Continuous-Time Switched Linear Systems: A Two-Step Approach,Jian Yu Zhang; Yanzheng Zhu; Donghua Zhou; Xinkai Chen,55,12,10.1109/tsmc.2025.3620572,https://doi.org/10.1109/tsmc.2025.3620572,article,IEEE Transactions on Systems Man and Cybernetics Systems,https://openalex.org/W4415398678
"IEEE Transactions on Systems, Man, and Cybernetics: Systems",IEEE,2025,2025-10-22,Global Consensus in Nonlinear Multiagent Systems via Robust Fuzzy Control,Jiaxi Chen; Junlin Zhang; Junmin Li; Weisheng Chen; Shuai Zhang; Xiangwei Bu,55,12,10.1109/tsmc.2025.3620432,https://doi.org/10.1109/tsmc.2025.3620432,article,IEEE Transactions on Systems Man and Cybernetics Systems,https://openalex.org/W4415444061
"IEEE Transactions on Systems, Man, and Cybernetics: Systems",IEEE,2025,2025-10-23,An Evolutionary Approach to Joint Latency and Reward Optimization for Block Verification in Blockchain Networks,Shoufei Han; Xiaojing Liu; MengChu Zhou; Kun Zhu; Liang Zhao; Changhe Li,55,12,10.1109/tsmc.2025.3620571,https://doi.org/10.1109/tsmc.2025.3620571,article,IEEE Transactions on Systems Man and Cybernetics Systems,https://openalex.org/W4415482695
"IEEE Transactions on Systems, Man, and Cybernetics: Systems",IEEE,2025,2025-10-23,Secure Consensus of MASs Subject to DoS Attacks: A New Dynamic-Memory-Weight-Dependent Security Control Protocol,Mao Chen; Ruimei Zhang; Liang Liu; Deqiang Zeng; Linli Zhang; Jianying Xiao,55,12,10.1109/tsmc.2025.3621681,https://doi.org/10.1109/tsmc.2025.3621681,article,IEEE Transactions on Systems Man and Cybernetics Systems,https://openalex.org/W4415482593
"IEEE Transactions on Systems, Man, and Cybernetics: Systems",IEEE,2025,2025-10-27,A Dual-Space Artificial Bee Colony Algorithm Integrating Configuration-Coupled Heterogeneous Disjunctive Graph for Scheduling Problem in Reconfigurable Manufacturing Systems,Haoran Li; Qihao Liu; Zipeng Yang; Liang Gao; Xinyu Li,55,12,10.1109/tsmc.2025.3623166,https://doi.org/10.1109/tsmc.2025.3623166,article,IEEE Transactions on Systems Man and Cybernetics Systems,https://openalex.org/W4415594095
"IEEE Transactions on Systems, Man, and Cybernetics: Systems",IEEE,2025,2025-10-27,Conflict Resolution Under Power Asymmetry Based on Incomplete Linguistic Preference Relations,Guolin Tang; Tangzhu Zhang; Пэйдэ Лю,55,12,10.1109/tsmc.2025.3621259,https://doi.org/10.1109/tsmc.2025.3621259,article,IEEE Transactions on Systems Man and Cybernetics Systems,https://openalex.org/W4415594094
"IEEE Transactions on Systems, Man, and Cybernetics: Systems",IEEE,2025,2025-10-27,Congestion-Based Repair Policy for a Failure-Prone Service System With Strategic Customers,Yilin Wang; Jinting Wang; Lingjiao Zhang; Zhe George Zhang,55,12,10.1109/tsmc.2025.3621549,https://doi.org/10.1109/tsmc.2025.3621549,article,IEEE Transactions on Systems Man and Cybernetics Systems,https://openalex.org/W4415594107
"IEEE Transactions on Systems, Man, and Cybernetics: Systems",IEEE,2025,2025-10-27,Dual-Channel Event-Triggered Fixed-Time Optimal Consensus Control of Nonlinear Multiagent Systems With Unknown Control Directions,Bo Zhao; Yuan‐Xin Li; Zhongsheng Hou,55,12,10.1109/tsmc.2025.3622971,https://doi.org/10.1109/tsmc.2025.3622971,article,IEEE Transactions on Systems Man and Cybernetics Systems,https://openalex.org/W4415594099
"IEEE Transactions on Systems, Man, and Cybernetics: Systems",IEEE,2025,2025-10-27,Homography-Based Cooperative Teleoperation With Partial Pose Synchronization,Yuan Yang; Baoguo Xu; Lifeng Zhu; Yizhai Zhang; Juan Wu; Guangming Song; Panfeng Huang; Aiguo Song,55,12,10.1109/tsmc.2025.3623449,https://doi.org/10.1109/tsmc.2025.3623449,article,IEEE Transactions on Systems Man and Cybernetics Systems,https://openalex.org/W4415593868
"IEEE Transactions on Systems, Man, and Cybernetics: Systems",IEEE,2025,2025-10-27,Impulsive Time Window-Based Saturation Impulsive Synchronization of Coupled Neural Networks,Ze Tang; Wenjing Sun; Jianwen Feng; Ju H. Park,55,12,10.1109/tsmc.2025.3623106,https://doi.org/10.1109/tsmc.2025.3623106,article,IEEE Transactions on Systems Man and Cybernetics Systems,https://openalex.org/W4415593886
"IEEE Transactions on Systems, Man, and Cybernetics: Systems",IEEE,2025,2025-10-27,Security-Driven Adaptive Iterative Learning Formation Control for Multiagent Systems,Zhiqiang Li; Yang Liu; Guangdeng Chen; Tingwen Huang,55,12,10.1109/tsmc.2025.3622120,https://doi.org/10.1109/tsmc.2025.3622120,article,IEEE Transactions on Systems Man and Cybernetics Systems,https://openalex.org/W4415593873
"IEEE Transactions on Systems, Man, and Cybernetics: Systems",IEEE,2025,2025-10-27,Three-Stage Zonotopic Kalman Filter-Based H ∞ Augmented State Observer for Time-Delay System With Actuator Fault,Yongfeng Ma; Ziyun Wang; Yan Wang; Ju H. Park; Zhenhua Wang,55,12,10.1109/tsmc.2025.3622580,https://doi.org/10.1109/tsmc.2025.3622580,article,IEEE Transactions on Systems Man and Cybernetics Systems,https://openalex.org/W4415594104
"IEEE Transactions on Systems, Man, and Cybernetics: Systems",IEEE,2025,2025-10-28,Adaptive Ensemble Control for Stochastic Systems With Mixed Asymmetric Laplace Noises,Yajie Yu; Xuehui Ma; Shiliang Zhang; Z. Wang; Xubing Shi; Yushuai Li; Tingwen Huang,56,1,10.1109/tsmc.2025.3623515,https://doi.org/10.1109/tsmc.2025.3623515,article,IEEE Transactions on Systems Man and Cybernetics Systems,https://openalex.org/W4415624325
"IEEE Transactions on Systems, Man, and Cybernetics: Systems",IEEE,2025,2025-10-28,Dual-Mode-Based Model Predictive Control for Markovian Systems With Improved Optimizing Prediction Dynamics,Bin Zhang; Yan Song; Shanying Zhu; Cailian Chen,56,1,10.1109/tsmc.2025.3621891,https://doi.org/10.1109/tsmc.2025.3621891,article,IEEE Transactions on Systems Man and Cybernetics Systems,https://openalex.org/W4415624356
"IEEE Transactions on Systems, Man, and Cybernetics: Systems",IEEE,2025,2025-10-28,Entropy-Based Active Learning for Precise Influence Evaluation in Complex Networks,Bingyu Zhu; Qingyun Sun; Jianxin Li; Daqing Li,55,12,10.1109/tsmc.2025.3623009,https://doi.org/10.1109/tsmc.2025.3623009,article,IEEE Transactions on Systems Man and Cybernetics Systems,https://openalex.org/W4415624323
"IEEE Transactions on Systems, Man, and Cybernetics: Systems",IEEE,2025,2025-10-28,From Scenarios Engineering to Scenarios Intelligence: Microworld Models for Embodied AI Based on Parallel Intelligence,Yonglin Tian; Yutong Wang; Yin Zhu; Xuan Li; Xinyuan Zhang; Shuyang Li; Hongmei Zhang; Yunzhe Wang; Yong Zhang; Qiang Li; Fei–Yue Wang,56,1,10.1109/tsmc.2025.3618120,https://doi.org/10.1109/tsmc.2025.3618120,article,IEEE Transactions on Systems Man and Cybernetics Systems,https://openalex.org/W4415624357
"IEEE Transactions on Systems, Man, and Cybernetics: Systems",IEEE,2025,2025-10-28,Observer-Based Fuzzy Boundary Dissipative Control of Parabolic PDE System With Parameter Uncertainties Under Dynamic Quantization,Teng‐Fei Li; Xiao‐Heng Chang; Ju H. Park,56,1,10.1109/tsmc.2025.3622967,https://doi.org/10.1109/tsmc.2025.3622967,article,IEEE Transactions on Systems Man and Cybernetics Systems,https://openalex.org/W4415624368
"IEEE Transactions on Systems, Man, and Cybernetics: Systems",IEEE,2025,2025-10-28,Resilient Performance-Based Funnel Congestion Control for TCP/AWM Networks,Xiaoting Gao; Jiqing Chen; Enchang Cui; Jiayue Sun; Yuanwei Jing; Georgi Marko Dimirovski,55,12,10.1109/tsmc.2025.3621521,https://doi.org/10.1109/tsmc.2025.3621521,article,IEEE Transactions on Systems Man and Cybernetics Systems,https://openalex.org/W4415624371
"IEEE Transactions on Systems, Man, and Cybernetics: Systems",IEEE,2025,2025-10-28,Time-Delayed k WTA Network Considering Communication Interference With Multirobot Applications,Mei Liu; Junsheng Ding; Yingqi Chen; Long Mei Jin,55,12,10.1109/tsmc.2025.3623274,https://doi.org/10.1109/tsmc.2025.3623274,article,IEEE Transactions on Systems Man and Cybernetics Systems,https://openalex.org/W4415624353
"IEEE Transactions on Systems, Man, and Cybernetics: Systems",IEEE,2025,2025-10-29,Fuzzy Finite-Time Pose Tracking Control With Nonlinear Output Scale Factor for a Four Mecanum-Wheel Vehicle in Smooth Indoor and Complex Outdoor Environments,Chih‐Lyang Hwang; Y Li,56,1,10.1109/tsmc.2025.3622961,https://doi.org/10.1109/tsmc.2025.3622961,article,IEEE Transactions on Systems Man and Cybernetics Systems,https://openalex.org/W4415672016
"IEEE Transactions on Systems, Man, and Cybernetics: Systems",IEEE,2025,2025-10-29,Graph Contrastive Learning With Diffusion-Based Transfer for Cross-Domain Recommender System,Phan Minh-Thu; Qian Zhang; Guangquan Zhang; Jie Lü,56,1,10.1109/tsmc.2025.3624447,https://doi.org/10.1109/tsmc.2025.3624447,article,IEEE Transactions on Systems Man and Cybernetics Systems,https://openalex.org/W4415672012
"IEEE Transactions on Systems, Man, and Cybernetics: Systems",IEEE,2025,2025-10-29,Heart Rate Varies With Mental Workload and Performance in Virtual Reality Flight Tasks,Jamie Koerner; Hrishikesh M. Rao; Kyle McAlpin; Gregory A. Ciccarelli; Thomas Heldt,56,1,10.1109/tsmc.2025.3618535,https://doi.org/10.1109/tsmc.2025.3618535,article,IEEE Transactions on Systems Man and Cybernetics Systems,https://openalex.org/W4415672008
"IEEE Transactions on Systems, Man, and Cybernetics: Systems",IEEE,2025,2025-10-29,Prescribed-Time Convergent Distributed Multiobjective Optimization With Dynamic Event-Triggered Communication,Tengyang Gong; Zhongguo Li; Yiqiao Xu; Zhengtao Ding,56,1,10.1109/tsmc.2025.3623465,https://doi.org/10.1109/tsmc.2025.3623465,article,IEEE Transactions on Systems Man and Cybernetics Systems,https://openalex.org/W4415672007
"IEEE Transactions on Systems, Man, and Cybernetics: Systems",IEEE,2025,2025-10-29,Quantum Blackhole Learning-Optimized Hadamard Neural Network Model for Dynamic Resource Reservation in Industry Clouds,Deepika Saxena; Hari Mohan Gaur; Ashutosh Kumar Singh; Anand Mohan,56,1,10.1109/tsmc.2025.3621341,https://doi.org/10.1109/tsmc.2025.3621341,article,IEEE Transactions on Systems Man and Cybernetics Systems,https://openalex.org/W4415672006
"IEEE Transactions on Systems, Man, and Cybernetics: Systems",IEEE,2025,2025-10-30,An Effective Interval Normalization Weighting Method for Accurate Object Detection,Shuai Wu; Chunwei Tian; Ruyi Liu; Hang Wei; Yong Dong Xu,56,1,10.1109/tsmc.2025.3624473,https://doi.org/10.1109/tsmc.2025.3624473,article,IEEE Transactions on Systems Man and Cybernetics Systems,https://openalex.org/W4415707244
"IEEE Transactions on Systems, Man, and Cybernetics: Systems",IEEE,2025,2025-10-30,Auxiliary Optimization With Resource Allocation for Constrained Multiobjective Problems,Wenguan Luo; Xiaobing Yu; Suoyi Tan; Xin Biao Lu; Witold Pedrycz,56,1,10.1109/tsmc.2025.3622990,https://doi.org/10.1109/tsmc.2025.3622990,article,IEEE Transactions on Systems Man and Cybernetics Systems,https://openalex.org/W4415707237
"IEEE Transactions on Systems, Man, and Cybernetics: Systems",IEEE,2025,2025-10-30,Correct Online Estimation of the Powertrain Time Constants in Adaptive Vehicular Platooning,Qiuhao Wen; Simone Baldi; Jiwei Wang; Wenwu Yu; Di Liu,56,1,10.1109/tsmc.2025.3624054,https://doi.org/10.1109/tsmc.2025.3624054,article,IEEE Transactions on Systems Man and Cybernetics Systems,https://openalex.org/W4415707246
"IEEE Transactions on Systems, Man, and Cybernetics: Systems",IEEE,2025,2025-10-30,Integrated Fault Detection and Fault-Tolerant Optimal Tracking Control for Unknown Nonlinear Systems With State and Input Constraints Using Safe Reinforcement Learning,Sajad Roshanravan; Saeed Shamaghdari,56,1,10.1109/tsmc.2025.3617850,https://doi.org/10.1109/tsmc.2025.3617850,article,IEEE Transactions on Systems Man and Cybernetics Systems,https://openalex.org/W4415707380
"IEEE Transactions on Systems, Man, and Cybernetics: Systems",IEEE,2025,2025-10-30,Neural Nonnegative Latent Factorization of Tensors Model With Acceleration and Unconstraint,Wenqiang Li; Ming‐Wei Lin; Xiuqin Xu; Lin Ling; Zeshui Xu; Xin Luo,56,1,10.1109/tsmc.2025.3622727,https://doi.org/10.1109/tsmc.2025.3622727,article,IEEE Transactions on Systems Man and Cybernetics Systems,https://openalex.org/W4415707364
"IEEE Transactions on Systems, Man, and Cybernetics: Systems",IEEE,2025,2025-10-30,Output-Feedback Safe Navigation of High-Order Multiagent Systems Under Disturbances and Measurement Errors,Tran Quang Huy; Yen‐Chen Liu,56,1,10.1109/tsmc.2025.3624097,https://doi.org/10.1109/tsmc.2025.3624097,article,IEEE Transactions on Systems Man and Cybernetics Systems,https://openalex.org/W4415707362
"IEEE Transactions on Systems, Man, and Cybernetics: Systems",IEEE,2025,2025-10-30,Prescribed-Time Collision-Free Formation Control of MASs: A Time-Segmented Design Method,Yufeng Zhou; Jiazhong Hu; Yawen Zhou; Peng Wan; Qiang Xiao,56,1,10.1109/tsmc.2025.3624089,https://doi.org/10.1109/tsmc.2025.3624089,article,IEEE Transactions on Systems Man and Cybernetics Systems,https://openalex.org/W4415707366
"IEEE Transactions on Systems, Man, and Cybernetics: Systems",IEEE,2025,2025-10-30,Real-Time Scheduling for Energy-Efficient Distributed Hybrid Flow-Shop With Evolution Strategies-Based Multiple Graph Neural Networks,Yuanzhu Di; Libao Deng; Ling Wang,56,1,10.1109/tsmc.2025.3624063,https://doi.org/10.1109/tsmc.2025.3624063,article,IEEE Transactions on Systems Man and Cybernetics Systems,https://openalex.org/W4415707233
"IEEE Transactions on Systems, Man, and Cybernetics: Systems",IEEE,2025,2025-10-30,Robust Image-Based Visual Servoing for Accurate Target Trajectory Tracking of Omnidirectional Mobile Robot With a Single Camera,Kangmin Jo; Junseok Boo; Dongkyoung Chwa,56,1,10.1109/tsmc.2025.3623628,https://doi.org/10.1109/tsmc.2025.3623628,article,IEEE Transactions on Systems Man and Cybernetics Systems,https://openalex.org/W4415707236
"IEEE Transactions on Systems, Man, and Cybernetics: Systems",IEEE,2025,2025-10-30,Temporal Convolutional Network-Based Spatiotemporal Modeling Method for Distributed Parameter Systems,Liangyong Wang; Peng Fu,56,1,10.1109/tsmc.2025.3624216,https://doi.org/10.1109/tsmc.2025.3624216,article,IEEE Transactions on Systems Man and Cybernetics Systems,https://openalex.org/W4415707215
"IEEE Transactions on Systems, Man, and Cybernetics: Systems",IEEE,2025,2025-10-30,The Cooperative Vehicle Routing Problem With Drones,Jie Jiang; Ying Dai; Fei Yang; Ruijuan Zhang; Zujun Ma,56,1,10.1109/tsmc.2025.3623697,https://doi.org/10.1109/tsmc.2025.3623697,article,IEEE Transactions on Systems Man and Cybernetics Systems,https://openalex.org/W4415707248
"IEEE Transactions on Systems, Man, and Cybernetics: Systems",IEEE,2025,2025-10-31,Advancing Dynamic Output Feedback Switched Model Predictive Control for Discrete-Time Markov Jump Systems,Yigang Zhang; Gang Fang; Yiqi Liu,56,1,10.1109/tsmc.2025.3623640,https://doi.org/10.1109/tsmc.2025.3623640,article,IEEE Transactions on Systems Man and Cybernetics Systems,https://openalex.org/W4415748205
"IEEE Transactions on Systems, Man, and Cybernetics: Systems",IEEE,2025,2025-10-31,An Adaptive Trajectory Planning Method of Autonomous Vehicles Integrating Multiple Tasks,Haiyan Zhao; Hongbin Xie; Bingzhao Gao; Xinghao Lu; Hong Chen,56,1,10.1109/tsmc.2025.3624625,https://doi.org/10.1109/tsmc.2025.3624625,article,IEEE Transactions on Systems Man and Cybernetics Systems,https://openalex.org/W4415748039
"IEEE Transactions on Systems, Man, and Cybernetics: Systems",IEEE,2025,2025-10-31,Power Consumption Forecasting of Spacecraft Based on Adaptive Frequency-Domain Pruning-Enhanced Transformer,Joey Chan; Shiyuan Piao; Huan Wang; Zhen Chen; Ershun Pan; Fugee Tsung,56,1,10.1109/tsmc.2025.3624401,https://doi.org/10.1109/tsmc.2025.3624401,article,IEEE Transactions on Systems Man and Cybernetics Systems,https://openalex.org/W4415748186
"IEEE Transactions on Systems, Man, and Cybernetics: Systems",IEEE,2025,2025-10-31,Role-Policy Enhanced Collaborative Task Learning in Multiagent Systems,Hang Fu; Jingjing Wang; Ye Wang; Pengfei Ren; Jianrui Chen; C. L. Philip Chen,56,1,10.1109/tsmc.2025.3623649,https://doi.org/10.1109/tsmc.2025.3623649,article,IEEE Transactions on Systems Man and Cybernetics Systems,https://openalex.org/W4415748212
"IEEE Transactions on Systems, Man, and Cybernetics: Systems",IEEE,2025,2025-10-31,Stochastic Tube-Based Model Predictive Control for Cyber-Physical Systems Under False Data Injection Attacks With Bounded Probability,Yun‐Fei Xiao; Senchun Chai; Li Dai; Yuanqing Xia; Runqi Chai,56,1,10.1109/tsmc.2025.3612216,https://doi.org/10.1109/tsmc.2025.3612216,article,IEEE Transactions on Systems Man and Cybernetics Systems,https://openalex.org/W4414565120
"IEEE Transactions on Systems, Man, and Cybernetics: Systems",IEEE,2025,2025-11-03,Collaboration–Competition Estimation of Distribution Algorithm for Flexible Job Shop Co-Scheduling With Multiload AGVs,Yao Huang; Yinan Guo; Hong Kui WEI; Jianbin Xin; Shengxiang Yang,56,1,10.1109/tsmc.2025.3624888,https://doi.org/10.1109/tsmc.2025.3624888,article,IEEE Transactions on Systems Man and Cybernetics Systems,https://openalex.org/W4415821317
"IEEE Transactions on Systems, Man, and Cybernetics: Systems",IEEE,2025,2025-11-04,Anti-Delay Distributed Optimization Protocols for Multiagent Systems With Coupled Constraints,Yao Zou; Wei Wang; Bomin Huang; Hui Wang; Ziyang Meng; Keum‐Shik Hong,56,1,10.1109/tsmc.2025.3623643,https://doi.org/10.1109/tsmc.2025.3623643,article,IEEE Transactions on Systems Man and Cybernetics Systems,https://openalex.org/W4415883134
"IEEE Transactions on Systems, Man, and Cybernetics: Systems",IEEE,2025,2025-11-04,IRL-Based Optimal Consensus Control of MASs With Predefined Time Convergence Performance,Yuhao Zhou; Jingyi Sun; Biao Luo; Xiaodong Xu,56,1,10.1109/tsmc.2025.3624794,https://doi.org/10.1109/tsmc.2025.3624794,article,IEEE Transactions on Systems Man and Cybernetics Systems,https://openalex.org/W4415883099
"IEEE Transactions on Systems, Man, and Cybernetics: Systems",IEEE,2025,2025-11-04,Neural Network-Based Impedance Learning Controller With Anti-Noise Performance: Application to Prosthesis Finger,Liming Zhao; Baozhen Nie; Jiliang Zhang; Long Mei Jin; Zhongbo Sun,56,1,10.1109/tsmc.2025.3625760,https://doi.org/10.1109/tsmc.2025.3625760,article,IEEE Transactions on Systems Man and Cybernetics Systems,https://openalex.org/W4415883133
"IEEE Transactions on Systems, Man, and Cybernetics: Systems",IEEE,2025,2025-11-04,PfoPG: A Personalized Federated First-Order Policy Gradient Algorithm and Its Nonasymptotic Analysis,Junlong Zhu; Hao Dong; Mingchuan Zhang; Gaofeng Chen; Ruijuan Zheng; Quanbo Ge; Qingtao Wu,56,1,10.1109/tsmc.2025.3627478,https://doi.org/10.1109/tsmc.2025.3627478,article,IEEE Transactions on Systems Man and Cybernetics Systems,https://openalex.org/W4415883101
"IEEE Transactions on Systems, Man, and Cybernetics: Systems",IEEE,2025,2025-11-04,Reinforcement Learning Can Be a Double-Edged Sword for Cooperation on Higher-Order Networks,Yan Xu; Dawei Zhao; Tina P. Benko; Chengyi Xia; Matjaž Perc,56,1,10.1109/tsmc.2025.3624366,https://doi.org/10.1109/tsmc.2025.3624366,article,IEEE Transactions on Systems Man and Cybernetics Systems,https://openalex.org/W4415883123
"IEEE Transactions on Systems, Man, and Cybernetics: Systems",IEEE,2025,2025-11-04,Soft-Constrained Estimation for Tethered Satellite Formations Under Probabilistic Sensor Failures,Guotao Fang; Qinyi Wang; Yizhai Zhang; Fan Zhang; Panfeng Huang,56,1,10.1109/tsmc.2025.3614301,https://doi.org/10.1109/tsmc.2025.3614301,article,IEEE Transactions on Systems Man and Cybernetics Systems,https://openalex.org/W4415883104
"IEEE Transactions on Systems, Man, and Cybernetics: Systems",IEEE,2025,2025-11-05,PDE-Based Adaptive Consensus Control of Leader–Follower Multiagent Systems With Dynamic Event-Triggered Strategy,Zhongqi Lu; Yaonan Wang; Zhiji Han; Zhijie Liu; Hang Zhong; Wei He,56,1,10.1109/tsmc.2025.3625302,https://doi.org/10.1109/tsmc.2025.3625302,article,IEEE Transactions on Systems Man and Cybernetics Systems,https://openalex.org/W4415933721
"IEEE Transactions on Systems, Man, and Cybernetics: Systems",IEEE,2025,2025-11-05,Partial-Nodes-Based Estimation for Complex Networks With Random Inner Coupling,Qian Yang; Yijun Zhong; Chang Liu; Yong Kang Xu; Tingwen Huang; Leszek Rutkowski,56,1,10.1109/tsmc.2025.3626136,https://doi.org/10.1109/tsmc.2025.3626136,article,IEEE Transactions on Systems Man and Cybernetics Systems,https://openalex.org/W4415933722
"IEEE Transactions on Systems, Man, and Cybernetics: Systems",IEEE,2025,2025-11-06,Probabilistic Adaptive Dynamic Programming for Optimal Output Regulation With Fault-Prediction and Epistemic Uncertainty Tolerance,Jincan Liu; Zhengchao Xie; Yingbo Huang; Jing Na; Pak Kin Wong; Jing Bo Zhao,56,1,10.1109/tsmc.2025.3625086,https://doi.org/10.1109/tsmc.2025.3625086,article,IEEE Transactions on Systems Man and Cybernetics Systems,https://openalex.org/W4415970996
"IEEE Transactions on Systems, Man, and Cybernetics: Systems",IEEE,2025,2025-11-10,An Adaptive Learning-Based Model for Water Quality Assessment in Aquaculture,Yo‐Ping Huang; Simon Peter Khabusi; Meng-Chun Tsai; Frode Eika Sandnes,56,1,10.1109/tsmc.2025.3627307,https://doi.org/10.1109/tsmc.2025.3627307,article,IEEE Transactions on Systems Man and Cybernetics Systems,https://openalex.org/W4416078318
"IEEE Transactions on Systems, Man, and Cybernetics: Systems",IEEE,2025,2025-11-10,Prescribed-Time Time-Varying Formation Tracking of Linear Multiagent Systems With Multiple Leaders on Directed Graphs: A Fully Distributed Technique,Jinsheng Li; Xiaokang Lv; Yongzhao Hua; Xiwang Dong; Zhang Ren,56,1,10.1109/tsmc.2025.3628189,https://doi.org/10.1109/tsmc.2025.3628189,article,IEEE Transactions on Systems Man and Cybernetics Systems,https://openalex.org/W4416078149
"IEEE Transactions on Systems, Man, and Cybernetics: Systems",IEEE,2025,2025-11-10,Reinforcement Learning-Based Prescribed-Time Fault-Tolerant Fuzzy Optimal Tracking Control for Stochastic Nonlinear Systems and Its Application to Robot Arm,G.K. Sathya Narayanan; Sangmoon Lee; Sangtae Ahn,56,1,10.1109/tsmc.2025.3628464,https://doi.org/10.1109/tsmc.2025.3628464,article,IEEE Transactions on Systems Man and Cybernetics Systems,https://openalex.org/W4416078153
"IEEE Transactions on Systems, Man, and Cybernetics: Systems",IEEE,2025,2025-11-11,Coordinated Observation and Data Transmission Scheduling of Heterogeneous Space Platforms: A Time-Dependent Team Orienteering Problem With Multiple Time Windows,Guanghui Zhou; Jingxian Luo; Junsong Bian; Yixiang Zhang,56,1,10.1109/tsmc.2025.3624873,https://doi.org/10.1109/tsmc.2025.3624873,article,IEEE Transactions on Systems Man and Cybernetics Systems,https://openalex.org/W4416183105
"IEEE Transactions on Systems, Man, and Cybernetics: Systems",IEEE,2025,2025-11-11,Distributed Matrix Pencil Formulations for Prescribed-Time Leader-Following Consensus of MASs With Unknown Sensor Sensitivity,Hefu Ye; Changyun Wen; Yongduan Song,56,1,10.1109/tsmc.2025.3627671,https://doi.org/10.1109/tsmc.2025.3627671,article,IEEE Transactions on Systems Man and Cybernetics Systems,https://openalex.org/W4416113975
"IEEE Transactions on Systems, Man, and Cybernetics: Systems",IEEE,2025,2025-11-11,Multipattern Learning and Collaboration-Based Evolutionary Optimizer for Large-Scale Multiobjective Optimization,Wei Song; Mingshuo Song; Haojie Zhou; Xiaoyan Sun; Yaochu Jin; Songbai Liu; Qiuzhen Lin; Shengxiang Yang,56,1,10.1109/tsmc.2025.3628874,https://doi.org/10.1109/tsmc.2025.3628874,article,IEEE Transactions on Systems Man and Cybernetics Systems,https://openalex.org/W4416113965
"IEEE Transactions on Systems, Man, and Cybernetics: Systems",IEEE,2025,2025-11-11,Multitarget Finite-Time Dynamic Encirclement Control for Multi-ASV Systems,Yue Yang; Jiahui Zhang; Kezhong Liu; Tieshan Li,56,1,10.1109/tsmc.2025.3627416,https://doi.org/10.1109/tsmc.2025.3627416,article,IEEE Transactions on Systems Man and Cybernetics Systems,https://openalex.org/W4416113991
"IEEE Transactions on Systems, Man, and Cybernetics: Systems",IEEE,2025,2025-11-11,Prescribed-Time Observer-Based HI-RL Secure Output Tracking Control for Heterogeneous MASs Under DoS Attacks,Shuo‐Qiu Zhang; Wei‐Wei Che; Zheng‐Guang Wu,56,1,10.1109/tsmc.2025.3628968,https://doi.org/10.1109/tsmc.2025.3628968,article,IEEE Transactions on Systems Man and Cybernetics Systems,https://openalex.org/W4416113984
"IEEE Transactions on Systems, Man, and Cybernetics: Systems",IEEE,2025,2025-11-11,Prognostic Framework for Robotic Manipulators Operating Under Dynamic Task Severities,Ayush Mohanty; Jason Dekarske; Stephen K. Robinson; Sanjay S. Joshi; Nagi Gebraeel,56,1,10.1109/tsmc.2025.3625566,https://doi.org/10.1109/tsmc.2025.3625566,article,IEEE Transactions on Systems Man and Cybernetics Systems,https://openalex.org/W4416183119
"IEEE Transactions on Systems, Man, and Cybernetics: Systems",IEEE,2025,2025-11-11,The Evolution and Future Perspectives of Artificial Intelligence-Generated Content,Chengzhang Zhu; Luobin Cui; Ying Gina Tang; Jiacun Wang,56,1,10.1109/tsmc.2025.3627806,https://doi.org/10.1109/tsmc.2025.3627806,article,IEEE Transactions on Systems Man and Cybernetics Systems,https://openalex.org/W4416114003
"IEEE Transactions on Systems, Man, and Cybernetics: Systems",IEEE,2025,2025-11-12,A Novel FTP+d Control Approach With Event- Driven Communication for Time-Delayed Bilateral Teleoperation Systems,Haochen Zhang; Dingbiao Zhang; Jiangning Wen; Shaobo Shen; Liyue Fu; Weirong Liu; Erchao Li; Aiguo Song,56,1,10.1109/tsmc.2025.3624156,https://doi.org/10.1109/tsmc.2025.3624156,article,IEEE Transactions on Systems Man and Cybernetics Systems,https://openalex.org/W4416148864
"IEEE Transactions on Systems, Man, and Cybernetics: Systems",IEEE,2025,2025-11-12,PCF-Grasp: Converting Point Completion to Geometry Feature to Enhance 6-DoF Grasp,Yaofeng Cheng; Fusheng Zha; Wei Guo; Pengfei Wang; Chao Zeng; Lining Sun; Chenguang Yang,56,1,10.1109/tsmc.2025.3628946,https://doi.org/10.1109/tsmc.2025.3628946,article,IEEE Transactions on Systems Man and Cybernetics Systems,https://openalex.org/W4416148861
"IEEE Transactions on Systems, Man, and Cybernetics: Systems",IEEE,2025,2025-11-13,Adaptive Matrix Decomposition for False Data Injection Attack Detection in Consensus-Based Home Energy Management Systems Integrating Electric Vehicles,Seyed Mohammad Sharifhosseini; Taher Niknam; Mohammad Hossein Taabodi; Habib Asadi Aghajari; Ali Arefi,56,1,10.1109/tsmc.2025.3626865,https://doi.org/10.1109/tsmc.2025.3626865,article,IEEE Transactions on Systems Man and Cybernetics Systems,https://openalex.org/W7105608246
"IEEE Transactions on Systems, Man, and Cybernetics: Systems",IEEE,2025,2025-11-13,HyColor: An Efficient Heuristic Algorithm for Graph Coloring,Enqiang Zhu; Yu Zhang; Haopeng Sun; Ziqi Wei; Witold Pedrycz; Chanjuan Liu; Jin Xu,56,1,10.1109/tsmc.2025.3629990,https://doi.org/10.1109/tsmc.2025.3629990,article,IEEE Transactions on Systems Man and Cybernetics Systems,https://openalex.org/W7105602842
"IEEE Transactions on Systems, Man, and Cybernetics: Systems",IEEE,2025,2025-11-13,Periodic Event-Triggering Adaptive Control for Networked Uncertain Nonlinear Systems Against Actuator Attacks and Its Applications,Huiyan Zhang; Ning Zhao; Chee Peng Lim; Peng Shi; Mehrdad Saif,56,1,10.1109/tsmc.2025.3628600,https://doi.org/10.1109/tsmc.2025.3628600,article,IEEE Transactions on Systems Man and Cybernetics Systems,https://openalex.org/W7105596989
"IEEE Transactions on Systems, Man, and Cybernetics: Systems",IEEE,2025,2025-11-13,Small-Gain Approach for Adaptive Optimal Control of Switched Nonlinear Systems With Unstable Dynamics,Licheng Zheng; Zhi Liu; C. L. Philip Chen; Yun Zhang; Zongze Wu,56,1,10.1109/tsmc.2025.3628400,https://doi.org/10.1109/tsmc.2025.3628400,article,IEEE Transactions on Systems Man and Cybernetics Systems,https://openalex.org/W7105590045
"IEEE Transactions on Systems, Man, and Cybernetics: Systems",IEEE,2025,2025-11-13,Surrogate-Assisted Many-Objective Optimization With Estimate Error Preference,Shufen Qin; Chaoli Sun,56,1,10.1109/tsmc.2025.3629284,https://doi.org/10.1109/tsmc.2025.3629284,article,IEEE Transactions on Systems Man and Cybernetics Systems,https://openalex.org/W7105598474
"IEEE Transactions on Systems, Man, and Cybernetics: Systems",IEEE,2025,2025-11-14,A Periodic Scheduling Method for Dual-Arm Cluster Tools Considering Wafer Priority and Residency Time Constraint,Jufeng Wang; Chunfeng Liu; MengChu Zhou; Abdullah M. Abusorrah,56,1,10.1109/tsmc.2025.3629134,https://doi.org/10.1109/tsmc.2025.3629134,article,IEEE Transactions on Systems Man and Cybernetics Systems,https://openalex.org/W4416214965
"IEEE Transactions on Systems, Man, and Cybernetics: Systems",IEEE,2025,2025-11-14,Data-Based Approach to Robust Predictive Iterative Learning Control via Admissible Behaviors,Chenchao Wang; Deyuan Meng; Lina Wang,56,1,10.1109/tsmc.2025.3627905,https://doi.org/10.1109/tsmc.2025.3627905,article,IEEE Transactions on Systems Man and Cybernetics Systems,https://openalex.org/W4416214867
"IEEE Transactions on Systems, Man, and Cybernetics: Systems",IEEE,2025,2025-11-14,Robust Fault Diagnosis Against Permanent Loss of Observations Using Labeled Petri Nets,Tengbo Li; Haiping Ren; Yihui Hu; Lu Xiong Xu; Zhiwu Li,56,1,10.1109/tsmc.2025.3630653,https://doi.org/10.1109/tsmc.2025.3630653,article,IEEE Transactions on Systems Man and Cybernetics Systems,https://openalex.org/W4416214852
"IEEE Transactions on Systems, Man, and Cybernetics: Systems",IEEE,2025,2025-11-14,Semi-Supervised Ensemble Classifier Based on Distance Constraint for High-Dimensional Data,Guojie Li; Ziwei Fan; Zhiwen Yu; Kaixiang Yang; C. L. Philip Chen,56,1,10.1109/tsmc.2025.3629555,https://doi.org/10.1109/tsmc.2025.3629555,article,IEEE Transactions on Systems Man and Cybernetics Systems,https://openalex.org/W4416214964
"IEEE Transactions on Systems, Man, and Cybernetics: Systems",IEEE,2025,2025-11-18,High Coverage and Privacy-Preserving IoT-Based Fall Detection System With Two-Thermal-Sensor Configuration,Yuen Wing Lo; Chun Yin Lai; Man Ho Tsoi; Steve W. Y. Mung,56,2,10.1109/tsmc.2025.3614012,https://doi.org/10.1109/tsmc.2025.3614012,article,IEEE Transactions on Systems Man and Cybernetics Systems,https://openalex.org/W4416323766
"IEEE Transactions on Systems, Man, and Cybernetics: Systems",IEEE,2025,2025-11-19,"IEEE Systems, Man, and Cybernetics Society Information",,55,12,10.1109/tsmc.2025.3627739,https://doi.org/10.1109/tsmc.2025.3627739,paratext,IEEE Transactions on Systems Man and Cybernetics Systems,https://openalex.org/W4416366475
"IEEE Transactions on Systems, Man, and Cybernetics: Systems",IEEE,2025,2025-11-19,"IEEE Systems, Man, and Cybernetics Society Information",,55,12,10.1109/tsmc.2025.3627725,https://doi.org/10.1109/tsmc.2025.3627725,paratext,IEEE Transactions on Systems Man and Cybernetics Systems,https://openalex.org/W7105987838
"IEEE Transactions on Systems, Man, and Cybernetics: Systems",IEEE,2025,2025-11-19,"IEEE Transactions on Systems, Man, and Cybernetics: Systems Information for Authors",,55,12,10.1109/tsmc.2025.3627727,https://doi.org/10.1109/tsmc.2025.3627727,paratext,IEEE Transactions on Systems Man and Cybernetics Systems,https://openalex.org/W4416366428
"IEEE Transactions on Systems, Man, and Cybernetics: Systems",IEEE,2025,2025-11-19,"IEEE Transactions on Systems, Man, and Cybernetics: Systems Information for Authors",,55,12,10.1109/tsmc.2025.3627737,https://doi.org/10.1109/tsmc.2025.3627737,paratext,IEEE Transactions on Systems Man and Cybernetics Systems,https://openalex.org/W4416366459
"IEEE Transactions on Systems, Man, and Cybernetics: Systems",IEEE,2025,2025-11-19,"IEEE Transactions on Systems, Man, and Cybernetics: Systems Publication Information",,55,12,10.1109/tsmc.2025.3627703,https://doi.org/10.1109/tsmc.2025.3627703,paratext,IEEE Transactions on Systems Man and Cybernetics Systems,https://openalex.org/W4416366593
"IEEE Transactions on Systems, Man, and Cybernetics: Systems",IEEE,2025,2025-11-19,"IEEE Transactions on Systems, Man, and Cybernetics: Systems Publication Information",,55,12,10.1109/tsmc.2025.3627743,https://doi.org/10.1109/tsmc.2025.3627743,paratext,IEEE Transactions on Systems Man and Cybernetics Systems,https://openalex.org/W7105984139
"IEEE Transactions on Systems, Man, and Cybernetics: Systems",IEEE,2025,2025-11-19,Introducing IEEE Collabratec,,55,12,10.1109/tsmc.2025.3627745,https://doi.org/10.1109/tsmc.2025.3627745,article,IEEE Transactions on Systems Man and Cybernetics Systems,https://openalex.org/W7106007624
"IEEE Transactions on Systems, Man, and Cybernetics: Systems",IEEE,2025,2025-11-19,Switching Rule Design for Dual-Channel Data Transmission in Discrete-Time Fuzzy Systems,Tianfeng Tang; Jun Sheng Cheng; Michael M. Shi; Dan Zhang; Michael Basin; Leszek Rutkowski,56,2,10.1109/tsmc.2025.3626543,https://doi.org/10.1109/tsmc.2025.3626543,article,IEEE Transactions on Systems Man and Cybernetics Systems,https://openalex.org/W4416366454
"IEEE Transactions on Systems, Man, and Cybernetics: Systems",IEEE,2025,2025-11-19,Table of Contents,,55,12,10.1109/tsmc.2025.3627701,https://doi.org/10.1109/tsmc.2025.3627701,paratext,IEEE Transactions on Systems Man and Cybernetics Systems,https://openalex.org/W4416366533
"IEEE Transactions on Systems, Man, and Cybernetics: Systems",IEEE,2025,2025-11-19,Table of Contents,,55,12,10.1109/tsmc.2025.3627741,https://doi.org/10.1109/tsmc.2025.3627741,paratext,IEEE Transactions on Systems Man and Cybernetics Systems,https://openalex.org/W4416366611
"IEEE Transactions on Systems, Man, and Cybernetics: Systems",IEEE,2025,2025-11-19,TechRxiv: Share Your Preprint Research With the World!,,55,12,10.1109/tsmc.2025.3627747,https://doi.org/10.1109/tsmc.2025.3627747,article,IEEE Transactions on Systems Man and Cybernetics Systems,https://openalex.org/W4416366430
"IEEE Transactions on Systems, Man, and Cybernetics: Systems",IEEE,2025,2025-11-19,Thank You for Your Authorship,,55,12,10.1109/tsmc.2025.3630255,https://doi.org/10.1109/tsmc.2025.3630255,article,IEEE Transactions on Systems Man and Cybernetics Systems,https://openalex.org/W7106012563
"IEEE Transactions on Systems, Man, and Cybernetics: Systems",IEEE,2025,2025-11-19,Toward Memory-Efficient Continual Adaptation for MI-EEG Decoding in BCIs,D.X. Li; Hye-Bin Shin; Seong–Whan Lee,56,1,10.1109/tsmc.2025.3630757,https://doi.org/10.1109/tsmc.2025.3630757,article,IEEE Transactions on Systems Man and Cybernetics Systems,https://openalex.org/W4416366462
"IEEE Transactions on Systems, Man, and Cybernetics: Systems",IEEE,2025,2025-11-20,Output Feedback Control for PAM-Actuated Parallel Robots With Interval Type-2 Fuzzy Neural Networks,Qihang Wang; Shuzhen Diao; Gendi Liu; Tong Yang; Yongsheng Wang; Yanding Qin; Ning Sun,56,1,10.1109/tsmc.2025.3632057,https://doi.org/10.1109/tsmc.2025.3632057,article,IEEE Transactions on Systems Man and Cybernetics Systems,https://openalex.org/W4416429245
"IEEE Transactions on Systems, Man, and Cybernetics: Systems",IEEE,2025,2025-11-21,A New Explicit Penalty Method for Evolutionary Multimodal Optimization,Wu Song; Jiahui Ren; Bing-Chuan Wang; Xinzhi Liu; Tingwen Huang,56,2,10.1109/tsmc.2025.3628274,https://doi.org/10.1109/tsmc.2025.3628274,article,IEEE Transactions on Systems Man and Cybernetics Systems,https://openalex.org/W4416513214
"IEEE Transactions on Systems, Man, and Cybernetics: Systems",IEEE,2025,2025-11-25,Dynamic Integral Sliding Mode Control of Uncertain Takagi–Sugeno Fuzzy Delayed Systems on Time Scales,Peng Wan; Jingang Lai; Zhigang Zeng; Jingtao Man,56,2,10.1109/tsmc.2025.3634325,https://doi.org/10.1109/tsmc.2025.3634325,article,IEEE Transactions on Systems Man and Cybernetics Systems,https://openalex.org/W4416649954
"IEEE Transactions on Systems, Man, and Cybernetics: Systems",IEEE,2025,2025-11-25,Neural Adaptive Finite-Time Formation Tracking Control for Manipulator End Effectors Under Input Constraints,S. S. Xue; Zihang Guo; Junkai Tan; Kai Qu; Hui Cao; Badong Chen,56,2,10.1109/tsmc.2025.3634832,https://doi.org/10.1109/tsmc.2025.3634832,article,IEEE Transactions on Systems Man and Cybernetics Systems,https://openalex.org/W4416649951
"IEEE Transactions on Systems, Man, and Cybernetics: Systems",IEEE,2025,2025-11-25,Optimal Stochastic Containment Control of Discrete-Time Multiagent Systems With Process Disturbances,Jiasheng Ren; Jing Lai; Xiaofeng Zong; Shuping He; Gaoxi Xiao,56,2,10.1109/tsmc.2025.3635234,https://doi.org/10.1109/tsmc.2025.3635234,article,IEEE Transactions on Systems Man and Cybernetics Systems,https://openalex.org/W4416756310
"IEEE Transactions on Systems, Man, and Cybernetics: Systems",IEEE,2025,2025-11-26,"2025 Index IEEE Transactions on Systems, Man, and Cybernetics Systems: Systems",,55,12,10.1109/tsmc.2025.3635840,https://doi.org/10.1109/tsmc.2025.3635840,article,IEEE Transactions on Systems Man and Cybernetics Systems,https://openalex.org/W4416707477
"IEEE Transactions on Systems, Man, and Cybernetics: Systems",IEEE,2025,2025-12-02,Fully Distributed Event-Triggered Formation Control With Collision-Free for Nonlinear Multiagent Systems Under Directed Graphs,Xingyu Gao; Zhengrong Xiang,56,2,10.1109/tsmc.2025.3635910,https://doi.org/10.1109/tsmc.2025.3635910,article,IEEE Transactions on Systems Man and Cybernetics Systems,https://openalex.org/W4416922252
"IEEE Transactions on Systems, Man, and Cybernetics: Systems",IEEE,2025,2025-12-02,Hesitant Fuzzy Ordered Linguistic Term Sets for Group Decision-Making,Yingying Liang; Jindong Qin; Yudao Sun; Witold Pedrycz; Luis M. Martínez,56,2,10.1109/tsmc.2025.3627076,https://doi.org/10.1109/tsmc.2025.3627076,article,IEEE Transactions on Systems Man and Cybernetics Systems,https://openalex.org/W4416922251
"IEEE Transactions on Systems, Man, and Cybernetics: Systems",IEEE,2025,2025-12-02,Human-Like One-Shot Fault Diagnosis via Large Language Model,Huazheng Han; Xuejin Gao; Huayun Han; Huihui Gao; Yongsheng Qi,56,2,10.1109/tsmc.2025.3635892,https://doi.org/10.1109/tsmc.2025.3635892,article,IEEE Transactions on Systems Man and Cybernetics Systems,https://openalex.org/W4416922257
"IEEE Transactions on Systems, Man, and Cybernetics: Systems",IEEE,2025,2025-12-02,Spiral Sweeping Search for Smart Evaders,Roee Mordechai Francos; Alfred Marcel Bruckstein,56,2,10.1109/tsmc.2025.3628999,https://doi.org/10.1109/tsmc.2025.3628999,article,IEEE Transactions on Systems Man and Cybernetics Systems,https://openalex.org/W4416922248
"IEEE Transactions on Systems, Man, and Cybernetics: Systems",IEEE,2025,2025-12-04,Optimal Hybrid Transmission Strategy for Remote State Estimation With Deep Reinforcement Learning,Hongxia Rao; Zitian Li; Lixin Yang; Yong Kang Xu; Tingwen Huang; Leszek Rutkowski,56,2,10.1109/tsmc.2025.3636912,https://doi.org/10.1109/tsmc.2025.3636912,article,IEEE Transactions on Systems Man and Cybernetics Systems,https://openalex.org/W4417003199
"IEEE Transactions on Systems, Man, and Cybernetics: Systems",IEEE,2025,2025-12-04,Static and Dynamic Event-Triggered Control for Disturbed Interconnected Systems Through Adaptive Critic Designs,Ding Wang; Zeqiang Yuan; Ao Liu; Qinna Hu; Junfei Qiao,56,2,10.1109/tsmc.2025.3638702,https://doi.org/10.1109/tsmc.2025.3638702,article,IEEE Transactions on Systems Man and Cybernetics Systems,https://openalex.org/W4417003194
"IEEE Transactions on Systems, Man, and Cybernetics: Systems",IEEE,2025,2025-12-05,A Hybrid Multiobjective Memetic Algorithm for Energy-Efficient Scheduling of Distributed Heterogeneous Flow Shop With Economic Benefit Problem,Libao Deng; Yixuan Qiu; Chunlei Li; Ling Wang,56,2,10.1109/tsmc.2025.3624259,https://doi.org/10.1109/tsmc.2025.3624259,article,IEEE Transactions on Systems Man and Cybernetics Systems,https://openalex.org/W7108700032
"IEEE Transactions on Systems, Man, and Cybernetics: Systems",IEEE,2025,2025-12-09,Satellite Interpretable Anomaly Detection With Expert Experience-Based Algorithm Unfolding and Conditional Canonical Correlation Analysis,Tianyi Luo; Ming Liu; Lixian Zhang; Guangren Duan; Xibin Cao,56,2,10.1109/tsmc.2025.3637225,https://doi.org/10.1109/tsmc.2025.3637225,article,IEEE Transactions on Systems Man and Cybernetics Systems,https://openalex.org/W7111399290
"IEEE Transactions on Systems, Man, and Cybernetics: Systems",IEEE,2025,2025-12-10,ReSPIRe: Informative and Reusable Belief Tree Search for Robot Probabilistic Search and Tracking in Unknown Environments,Kangjie Zhou; Zhaoyang Li; Han Gao; Yao Su; Hangxin Liu; Junzhi Yu; Chang Liu,56,2,10.1109/tsmc.2025.3636589,https://doi.org/10.1109/tsmc.2025.3636589,article,IEEE Transactions on Systems Man and Cybernetics Systems,https://openalex.org/W4417201728
"IEEE Transactions on Systems, Man, and Cybernetics: Systems",IEEE,2025,2025-12-11,Infusing PID Tracking Control With Intelligence-Like Elements/Actions,Kaili Xiang; Yongduan Song,56,2,10.1109/tsmc.2025.3641231,https://doi.org/10.1109/tsmc.2025.3641231,article,IEEE Transactions on Systems Man and Cybernetics Systems,https://openalex.org/W4417252124
"IEEE Transactions on Systems, Man, and Cybernetics: Systems",IEEE,2025,2025-12-12,Asynchronous Supervisory Control of DESs With Intermittent Faults Using Labeled Petri Nets,Yulin Zhao; Mingming Yan; Zhiwu Li,56,2,10.1109/tsmc.2025.3639467,https://doi.org/10.1109/tsmc.2025.3639467,article,IEEE Transactions on Systems Man and Cybernetics Systems,https://openalex.org/W4417284409
"IEEE Transactions on Systems, Man, and Cybernetics: Systems",IEEE,2025,2025-12-12,Information Leakage and Privacy Protection in Industrial Federated Learning,Zilong Lin; Xiaoyu Jiang; Xinmin Zhang; Le Yao; Zhihuan Song,56,2,10.1109/tsmc.2025.3633589,https://doi.org/10.1109/tsmc.2025.3633589,article,IEEE Transactions on Systems Man and Cybernetics Systems,https://openalex.org/W4417284418
"IEEE Transactions on Systems, Man, and Cybernetics: Systems",IEEE,2025,2025-12-17,Advances in Cyber-Medical Systems,,56,1,10.1109/tsmc.2025.3641404,https://doi.org/10.1109/tsmc.2025.3641404,article,IEEE Transactions on Systems Man and Cybernetics Systems,https://openalex.org/W4417438874
"IEEE Transactions on Systems, Man, and Cybernetics: Systems",IEEE,2025,2025-12-17,"Farewell Editorial: Dynamic Development—Past, Present, and Future",R. Kozma,56,1,10.1109/tsmc.2025.3641541,https://doi.org/10.1109/tsmc.2025.3641541,article,IEEE Transactions on Systems Man and Cybernetics Systems,https://openalex.org/W4417438897
"IEEE Transactions on Systems, Man, and Cybernetics: Systems",IEEE,2025,2025-12-17,"IEEE Systems, Man, and Cybernetics Society Information",,56,1,10.1109/tsmc.2025.3637476,https://doi.org/10.1109/tsmc.2025.3637476,paratext,IEEE Transactions on Systems Man and Cybernetics Systems,https://openalex.org/W4417438880
"IEEE Transactions on Systems, Man, and Cybernetics: Systems",IEEE,2025,2025-12-17,"IEEE Systems, Man, and Cybernetics Society Information",,56,1,10.1109/tsmc.2025.3637457,https://doi.org/10.1109/tsmc.2025.3637457,paratext,IEEE Transactions on Systems Man and Cybernetics Systems,https://openalex.org/W4417438905
"IEEE Transactions on Systems, Man, and Cybernetics: Systems",IEEE,2025,2025-12-17,"IEEE Transactions on Systems, Man, and Cybernetics: Systems Information for Authors",,56,1,10.1109/tsmc.2025.3637478,https://doi.org/10.1109/tsmc.2025.3637478,paratext,IEEE Transactions on Systems Man and Cybernetics Systems,https://openalex.org/W4417438891
"IEEE Transactions on Systems, Man, and Cybernetics: Systems",IEEE,2025,2025-12-17,"IEEE Transactions on Systems, Man, and Cybernetics: Systems Information for Authors",,56,1,10.1109/tsmc.2025.3637459,https://doi.org/10.1109/tsmc.2025.3637459,paratext,IEEE Transactions on Systems Man and Cybernetics Systems,https://openalex.org/W4417438911
"IEEE Transactions on Systems, Man, and Cybernetics: Systems",IEEE,2025,2025-12-17,"IEEE Transactions on Systems, Man, and Cybernetics: Systems Publication Information",,56,1,10.1109/tsmc.2025.3637455,https://doi.org/10.1109/tsmc.2025.3637455,paratext,IEEE Transactions on Systems Man and Cybernetics Systems,https://openalex.org/W4417438902
"IEEE Transactions on Systems, Man, and Cybernetics: Systems",IEEE,2025,2025-12-17,"IEEE Transactions on Systems, Man, and Cybernetics: Systems Publication Information",,56,1,10.1109/tsmc.2025.3637474,https://doi.org/10.1109/tsmc.2025.3637474,paratext,IEEE Transactions on Systems Man and Cybernetics Systems,https://openalex.org/W4417438903
"IEEE Transactions on Systems, Man, and Cybernetics: Systems",IEEE,2025,2025-12-17,Table of Contents,,56,1,10.1109/tsmc.2025.3637453,https://doi.org/10.1109/tsmc.2025.3637453,paratext,IEEE Transactions on Systems Man and Cybernetics Systems,https://openalex.org/W4417438877
"IEEE Transactions on Systems, Man, and Cybernetics: Systems",IEEE,2025,2025-12-17,Table of Contents,,56,1,10.1109/tsmc.2025.3637472,https://doi.org/10.1109/tsmc.2025.3637472,paratext,IEEE Transactions on Systems Man and Cybernetics Systems,https://openalex.org/W4417438901
"IEEE Transactions on Systems, Man, and Cybernetics: Systems",IEEE,2025,2025-12-17,TeViR: Text-to-Video Reward With Diffusion Models for Efficient Reinforcement Learning,Yuhui Chen; Haoran Li; Ziyuan Jiang; Haowei Wen; Dongbin Zhao,56,2,10.1109/tsmc.2025.3638818,https://doi.org/10.1109/tsmc.2025.3638818,article,IEEE Transactions on Systems Man and Cybernetics Systems,https://openalex.org/W4417438920
"IEEE Transactions on Systems, Man, and Cybernetics: Systems",IEEE,2025,2025-12-23,A Novel Evolutionary Bayesian Optimization Algorithm Based on Decomposition for Expensive Constrained Multiobjective Optimization Problems,Zhiyao Zhang; Yong Wang; Guangyong Sun; Tong Pang,56,2,10.1109/tsmc.2025.3637210,https://doi.org/10.1109/tsmc.2025.3637210,article,IEEE Transactions on Systems Man and Cybernetics Systems,https://openalex.org/W7116956510
"IEEE Transactions on Systems, Man, and Cybernetics: Systems",IEEE,2025,2025-12-23,Enhancing the Swin Transformer With Spatiotemporal Feature Correction for Time-Series Image Segmentation,Jianchao Fan; P S P Wang; Xinzhe Wang; Jun Wang,56,3,10.1109/tsmc.2025.3646227,https://doi.org/10.1109/tsmc.2025.3646227,article,IEEE Transactions on Systems Man and Cybernetics Systems,https://openalex.org/W7116879271
"IEEE Transactions on Systems, Man, and Cybernetics: Systems",IEEE,2025,2025-12-25,Efficient Dual-Type Reference Governor for Model Predictive Control With Vehicle System Applications,Qianyue Luo; Yukang Cui; James Lam,56,2,10.1109/tsmc.2025.3645600,https://doi.org/10.1109/tsmc.2025.3645600,article,IEEE Transactions on Systems Man and Cybernetics Systems,https://openalex.org/W7117242737
"IEEE Transactions on Systems, Man, and Cybernetics: Systems",IEEE,2025,2025-12-25,Fault-Tolerant Control for Finite/Fixed-Time Synchronization of Delayed Inertial Memristive NNs With Time-Varying Actuator Faults,Yuxin Jiang; Song Hao Zhu; Mouquan Shen; Shiping Wen; Chaoxu Mu,56,3,10.1109/tsmc.2025.3646253,https://doi.org/10.1109/tsmc.2025.3646253,article,IEEE Transactions on Systems Man and Cybernetics Systems,https://openalex.org/W7117271656
"IEEE Transactions on Systems, Man, and Cybernetics: Systems",IEEE,2025,2025-12-25,Reinforcement Learning-Based Formation Control for Networked Fixed-Wing UAVs: Self-Triggered Observer–Feedforward–Feedback Design and Experiment,Hao Liu; Ziming Ren; Haibin Duan; Michael Basin,56,2,10.1109/tsmc.2025.3646484,https://doi.org/10.1109/tsmc.2025.3646484,article,IEEE Transactions on Systems Man and Cybernetics Systems,https://openalex.org/W7117246554
"IEEE Transactions on Systems, Man, and Cybernetics: Systems",IEEE,2025,2025-12-25,State-Triggered Fault-Tolerant Control Strategy for Performance Recovery in Nonlinear Interconnected Systems,Weiwei Sun; Lusong Ding; Xinyu Lv; You Wu,56,2,10.1109/tsmc.2025.3646608,https://doi.org/10.1109/tsmc.2025.3646608,article,IEEE Transactions on Systems Man and Cybernetics Systems,https://openalex.org/W7117244981
"IEEE Transactions on Systems, Man, and Cybernetics: Systems",IEEE,2025,2025-12-29,Adaptive Prescribed-Time Stabilization of Uncertain Nonlinear Systems: A Time-Transformation Method,Cui-Hua Zhang; Yu-Jia Li; Ze-Yun Hu; Chang-Chun Hua; Kai Ma; Ying Zhang,56,2,10.1109/tsmc.2025.3646476,https://doi.org/10.1109/tsmc.2025.3646476,article,IEEE Transactions on Systems Man and Cybernetics Systems,https://openalex.org/W7117476398
"IEEE Transactions on Systems, Man, and Cybernetics: Systems",IEEE,2025,2025-12-29,Bionic AR: Standalone Augmented Reality System Controlled by Multimodal Biosignals,HyunSub Kim; Hyeseong Jeon; Chaeyoon Kim; Chunghwan Kim; Hwykuen Kwak; Tae-Nam Kim; IM Chang‐Hwan,56,3,10.1109/tsmc.2025.3646667,https://doi.org/10.1109/tsmc.2025.3646667,article,IEEE Transactions on Systems Man and Cybernetics Systems,https://openalex.org/W7117453712
"IEEE Transactions on Systems, Man, and Cybernetics: Systems",IEEE,2025,2025-12-29,Enhanced Robustness in Simultaneous Fault Estimation and Distributed Fault-Tolerant Consensus Tracking Control for Multiagent Systems Utilizing Extended Observer Approach,Yanzhou Li; Shenghuang He; Bangquan Xie; Wenjian Zhong,56,3,10.1109/tsmc.2025.3647126,https://doi.org/10.1109/tsmc.2025.3647126,article,IEEE Transactions on Systems Man and Cybernetics Systems,https://openalex.org/W7117447599
"IEEE Transactions on Systems, Man, and Cybernetics: Systems",IEEE,2025,2025-12-29,Road-Adaptive Path Tracking Control: An Event-Triggered Flexible Prescribed Performance Method for Autonomous Ground Vehicles,Yicai Liu; Xiangyu Wang; Heng Wei; Quantong Li; Liang Li,56,2,10.1109/tsmc.2025.3647453,https://doi.org/10.1109/tsmc.2025.3647453,article,IEEE Transactions on Systems Man and Cybernetics Systems,https://openalex.org/W7117459102
"IEEE Transactions on Systems, Man, and Cybernetics: Systems",IEEE,2025,2025-12-31,Adaptive Implementable Control for Hysteretic Systems and Its Application on Electro-Mechanical Coupling Motion Platform,Yingzhou Wang; Zhengnian He; Xiuyu Zhang; Yue Wang; Junjie Xu,56,3,10.1109/tsmc.2025.3647856,https://doi.org/10.1109/tsmc.2025.3647856,article,IEEE Transactions on Systems Man and Cybernetics Systems,https://openalex.org/W7117764877
"IEEE Transactions on Systems, Man, and Cybernetics: Systems",IEEE,2025,2025-12-31,Adaptive Neural Sliding Mode Control-Based Real-Time Security Reachable Set Control of Markov Jump Cyber–Physical Systems Against Actuator Attacks,Liang Zhang; Zhihao Shen; Ning Wei Zhao; Ben Niu; Guangdeng Zong,56,3,10.1109/tsmc.2025.3647863,https://doi.org/10.1109/tsmc.2025.3647863,article,IEEE Transactions on Systems Man and Cybernetics Systems,https://openalex.org/W7117724333
"IEEE Transactions on Systems, Man, and Cybernetics: Systems",IEEE,2025,2025-12-31,An Ant Colony System for Passenger Assignment and Route Design of Urban Customized Bus With Flexible Pick-Ups and Drop-Offs,Wen-Jin Qiu; Zhan-Xian Liang; Xiao‐Min Hu; Jun Zhang; Wei-Neng Chen,56,2,10.1109/tsmc.2025.3648151,https://doi.org/10.1109/tsmc.2025.3648151,article,IEEE Transactions on Systems Man and Cybernetics Systems,https://openalex.org/W7117656752
"IEEE Transactions on Systems, Man, and Cybernetics: Systems",IEEE,2025,2025-12-31,Attitude–Orbit Integrated Modeling and Control for Flexible Spacecraft Based on Twistors and Fully Actuated System Approach,Dongyan Jin; Jianbin Qiu; Wenqiang Ji; Tong Wang,56,2,10.1109/tsmc.2025.3647684,https://doi.org/10.1109/tsmc.2025.3647684,article,IEEE Transactions on Systems Man and Cybernetics Systems,https://openalex.org/W7117746081
"IEEE Transactions on Systems, Man, and Cybernetics: Systems",IEEE,2025,2025-12-31,CamFD: Semi-Supervised Camouflage-Aware Fraud Detection Based on Dynamic Graphs,Rui Ou; Kun Zhu; Nana Zhang; MengChu Zhou; Changjun Jiang,56,2,10.1109/tsmc.2025.3648571,https://doi.org/10.1109/tsmc.2025.3648571,article,IEEE Transactions on Systems Man and Cybernetics Systems,https://openalex.org/W7117753272
"IEEE Transactions on Systems, Man, and Cybernetics: Systems",IEEE,2025,2025-12-31,Discrete-Time Distributed Optimal Formation Algorithms for Multiagent Systems With Nonlinear Inequality Constraints,Yi Huang; Jicai Kuai; Ziyang Meng; Jian Sun,56,2,10.1109/tsmc.2025.3647847,https://doi.org/10.1109/tsmc.2025.3647847,article,IEEE Transactions on Systems Man and Cybernetics Systems,https://openalex.org/W7117651709
"IEEE Transactions on Systems, Man, and Cybernetics: Systems",IEEE,2025,2025-12-31,Fixed-Time Anti-Swing Control of Quadrotor UAV Slung-Load System With Unknown Cable Length and Load Mass,Yannan Li; Yanhong Luo; Jinliang Ding,56,3,10.1109/tsmc.2025.3648176,https://doi.org/10.1109/tsmc.2025.3648176,article,IEEE Transactions on Systems Man and Cybernetics Systems,https://openalex.org/W7117786822
"IEEE Transactions on Systems, Man, and Cybernetics: Systems",IEEE,2025,2025-12-31,Learning-Assisted Genetic Programming Hyperheuristic for Dynamic Distributed Hybrid Flow Shop Scheduling With Uncertain Events,Lin Luo; Xuesong Yan; Chengyu Hu; Liang Gao,56,2,10.1109/tsmc.2025.3648136,https://doi.org/10.1109/tsmc.2025.3648136,article,IEEE Transactions on Systems Man and Cybernetics Systems,https://openalex.org/W7117703926
"IEEE Transactions on Systems, Man, and Cybernetics: Systems",IEEE,2025,2025-12-31,Natural Language to Code for Automated Annotation in Autonomous Driving,Aoxiang Qin; Yijie Zhou; Lei Wang; Xiangyang Xue; Jian Feng Pu,56,2,10.1109/tsmc.2025.3648552,https://doi.org/10.1109/tsmc.2025.3648552,article,IEEE Transactions on Systems Man and Cybernetics Systems,https://openalex.org/W7117649687
"IEEE Transactions on Systems, Man, and Cybernetics: Systems",IEEE,2025,2025-12-31,Node-Set Synchronization and Calculation of General Boolean Networks Combining STP and Q -Learning,Zhipeng Zhang; Leihao Du; Haitao Li; Yang Liu; ZengQiang CHEN,56,2,10.1109/tsmc.2025.3647865,https://doi.org/10.1109/tsmc.2025.3647865,article,IEEE Transactions on Systems Man and Cybernetics Systems,https://openalex.org/W7117693096
"IEEE Transactions on Systems, Man, and Cybernetics: Systems",IEEE,2025,2025-12-31,SSTwS: Specialized Sparse Transformer Without Shortcuts for Short-Term Multivariate Time-Series Prediction,Xiang Wu; Jihuan Ren; Yi Liu; Boyang Fan; Jiacun Wang; Yuming Bo,56,3,10.1109/tsmc.2025.3649106,https://doi.org/10.1109/tsmc.2025.3649106,article,IEEE Transactions on Systems Man and Cybernetics Systems,https://openalex.org/W7117686912
"IEEE Transactions on Systems, Man, and Cybernetics: Systems",IEEE,2025,2025-12-31,Secure State Estimation for Continuous-Time T-S Fuzzy Cyber-Physical Systems via Sliding Mode Observers,Qingdong Sun; Guang-Hong Yang,56,2,10.1109/tsmc.2025.3647813,https://doi.org/10.1109/tsmc.2025.3647813,article,IEEE Transactions on Systems Man and Cybernetics Systems,https://openalex.org/W7117777159
"IEEE Transactions on Systems, Man, and Cybernetics: Systems",IEEE,2025,2025-12-31,Solution Approaches for the Dynamic Naval Air Defense Planning Problem,Caner Arslan; Orhan Karasakal; Ömer Kırca,56,3,10.1109/tsmc.2025.3648686,https://doi.org/10.1109/tsmc.2025.3648686,article,IEEE Transactions on Systems Man and Cybernetics Systems,https://openalex.org/W7117691501
"IEEE Transactions on Systems, Man, and Cybernetics: Systems",IEEE,2025,2025-12-31,Toward Zero-Shot Point Cloud Anomaly Detection: A Multiview Projection Framework,Yuqi Cheng; Yunkang Cao; Guoyang Xie; Zhichao Lu; Weiming Shen,56,3,10.1109/tsmc.2025.3648581,https://doi.org/10.1109/tsmc.2025.3648581,article,IEEE Transactions on Systems Man and Cybernetics Systems,https://openalex.org/W7117712195
"IEEE Transactions on Systems, Man, and Cybernetics: Systems",IEEE,2025,2025-12-31,Uncertainty Measures in Evidence Theory: A Genealogy,Tommaso Pellegrini; Matteo Brunelli,56,3,10.1109/tsmc.2025.3648198,https://doi.org/10.1109/tsmc.2025.3648198,article,IEEE Transactions on Systems Man and Cybernetics Systems,https://openalex.org/W7117766679
"IEEE Transactions on Systems, Man, and Cybernetics: Systems",IEEE,2026,2026-01-01,A Causal Knowledge-Assisted Semi-Supervised Dynamical Generative Latent Variable Model for Industrial Quality Index Prediction,Wenxue Han; Ze Tian; Weiming Shao; Junghui Chen,56,3,10.1109/tsmc.2025.3648195,https://doi.org/10.1109/tsmc.2025.3648195,article,IEEE Transactions on Systems Man and Cybernetics Systems,https://openalex.org/W7117933319
"IEEE Transactions on Systems, Man, and Cybernetics: Systems",IEEE,2026,2026-01-01,A Critical Path-Based Bi-Population Cooperative Coevolutionary Algorithm for Hybrid Lot-Streaming Flow Shop Scheduling Problem,Fuqing Zhao; Shaoqi Cai; Ling Wang; Yang Yu,,,10.1109/tsmc.2026.3714501,https://doi.org/10.1109/tsmc.2026.3714501,article,IEEE Transactions on Systems Man and Cybernetics Systems,https://openalex.org/W7171354533
"IEEE Transactions on Systems, Man, and Cybernetics: Systems",IEEE,2026,2026-01-01,A General Disjunctive Graph Evolutionary Framework for Solving Shop Scheduling Problems,Cong Luo; Xinyu Li; Liang Gao; Qihao Liu; Qingsong Fan; Youjie Yao,,,10.1109/tsmc.2026.3712185,https://doi.org/10.1109/tsmc.2026.3712185,article,IEEE Transactions on Systems Man and Cybernetics Systems,https://openalex.org/W7168297439
"IEEE Transactions on Systems, Man, and Cybernetics: Systems",IEEE,2026,2026-01-01,A Local–Global Domain Adaptation Framework for Industrial Fault Diagnosis Under Variable Operating Conditions,Liang Ma; Yuhang Shi; Kaixiang Peng,,,10.1109/tsmc.2026.3704330,https://doi.org/10.1109/tsmc.2026.3704330,article,IEEE Transactions on Systems Man and Cybernetics Systems,https://openalex.org/W7166184152
"IEEE Transactions on Systems, Man, and Cybernetics: Systems",IEEE,2026,2026-01-01,A Minimum-Cost Partial Consensus Mechanism With Truthful Cost Claim and Collusion Resistance,Bowen Zhang; Li Zeng; Yao Li; Witold Pedrycz,,,10.1109/tsmc.2026.3705233,https://doi.org/10.1109/tsmc.2026.3705233,article,IEEE Transactions on Systems Man and Cybernetics Systems,https://openalex.org/W7166570499
"IEEE Transactions on Systems, Man, and Cybernetics: Systems",IEEE,2026,2026-01-01,A Novel Convex Layers Strategy for Circular Formation in Multiagent Systems,Gautam Kumar; Ashwini Ratnoo,,,10.1109/tsmc.2025.3648313,https://doi.org/10.1109/tsmc.2025.3648313,article,IEEE Transactions on Systems Man and Cybernetics Systems,https://openalex.org/W7118232576
"IEEE Transactions on Systems, Man, and Cybernetics: Systems",IEEE,2026,2026-01-01,A Novel Graph Neural Network Framework for Diagnosability Analysis in Unbounded Petri Nets,Sichen Ding; Zhiwu Li,,,10.1109/tsmc.2026.3728419,https://doi.org/10.1109/tsmc.2026.3728419,article,IEEE Transactions on Systems Man and Cybernetics Systems,https://openalex.org/W7213360241
"IEEE Transactions on Systems, Man, and Cybernetics: Systems",IEEE,2026,2026-01-01,A Pairwise Comparison Relation-Assisted Multiobjective Evolutionary Neural Architecture Search Method With Multipopulation Mechanism,Yu Xue; Pengcheng Jiang; Chenchen Zhu; MengChu Zhou; Mohamed Wahib; Moncef Gabbouj,56,2,10.1109/tsmc.2025.3647894,https://doi.org/10.1109/tsmc.2025.3647894,article,IEEE Transactions on Systems Man and Cybernetics Systems,https://openalex.org/W4402824313
"IEEE Transactions on Systems, Man, and Cybernetics: Systems",IEEE,2026,2026-01-01,A Risk-Aware Distributional Reinforcement Learning Framework for Multiagent Motion Planning in Dynamic Environments,He-Ting Zhao; Huai‐Ning Wu; Xiaoyan Jiang,,,10.1109/tsmc.2026.3733673,https://doi.org/10.1109/tsmc.2026.3733673,article,IEEE Transactions on Systems Man and Cybernetics Systems,https://openalex.org/W7214119993
"IEEE Transactions on Systems, Man, and Cybernetics: Systems",IEEE,2026,2026-01-01,A Semantic-Driven Integrated TOD Scheduling for Networked Control Systems With Autoencoder,Hongchenyu Yang; Chen Peng; Fei Chu; Zhiru Cao,,,10.1109/tsmc.2026.3703482,https://doi.org/10.1109/tsmc.2026.3703482,article,IEEE Transactions on Systems Man and Cybernetics Systems,https://openalex.org/W7166643322
"IEEE Transactions on Systems, Man, and Cybernetics: Systems",IEEE,2026,2026-01-01,A Structure-Collaborative Distributed Dictionary Learning Framework for Plant-Wide Monitoring,Yi Liu; Bingbing Jiang; Cheng Lu; Lei Xie; Weiping Ding; Dongping Zhang; Jiusun Zeng,,,10.1109/tsmc.2026.3724321,https://doi.org/10.1109/tsmc.2026.3724321,article,IEEE Transactions on Systems Man and Cybernetics Systems,https://openalex.org/W7204233440
"IEEE Transactions on Systems, Man, and Cybernetics: Systems",IEEE,2026,2026-01-01,A Survey of Attack Detection and Security Control for Advanced Cyber–Physical Systems and Their Applications,Kangkang Sun; Yue Fang; Jianbin Qiu; Qinglai Wei; H Z Chen; T R Wang; Daniele Fontanelli,,,10.1109/tsmc.2026.3690568,https://doi.org/10.1109/tsmc.2026.3690568,article,IEEE Transactions on Systems Man and Cybernetics Systems,https://openalex.org/W7160947313
"IEEE Transactions on Systems, Man, and Cybernetics: Systems",IEEE,2026,2026-01-01,A Two-Stage Consensus-Based Inverse Graph Model for Conflict Resolution With Minimum Adjustment in a Linguistic Context,Jing Xiao; Xu Zhang,,,10.1109/tsmc.2026.3704646,https://doi.org/10.1109/tsmc.2026.3704646,article,IEEE Transactions on Systems Man and Cybernetics Systems,https://openalex.org/W7166837596
"IEEE Transactions on Systems, Man, and Cybernetics: Systems",IEEE,2026,2026-01-01,A Unified Equilibrium Seeking Framework for Time-Varying Zero-Sum and Nonzero-Sum Games,Zicong Xia; Wenwu Yu; Jiahu Qin,,,10.1109/tsmc.2026.3707224,https://doi.org/10.1109/tsmc.2026.3707224,article,IEEE Transactions on Systems Man and Cybernetics Systems,https://openalex.org/W7168158978
"IEEE Transactions on Systems, Man, and Cybernetics: Systems",IEEE,2026,2026-01-01,A Unified Label-Noise Learning Framework for Industrial Time-Series Forecasting,Yudi Zhang; Xuguo Jiao; Hongpeng Yin; Lin Wei; Linsong Yuan; Tengfei Zhang; Qinmin Yang,,,10.1109/tsmc.2026.3713481,https://doi.org/10.1109/tsmc.2026.3713481,article,IEEE Transactions on Systems Man and Cybernetics Systems,https://openalex.org/W7169850335
"IEEE Transactions on Systems, Man, and Cybernetics: Systems",IEEE,2026,2026-01-01,ADP-Based Resilient Control of Nonlinear Multiagent Systems Against False Data Injection Attacks,Zhenyu Xu; Ke Wang; Jinshan Bian; Chaoxu Mu; Song Zhu,,,10.1109/tsmc.2026.3727858,https://doi.org/10.1109/tsmc.2026.3727858,article,IEEE Transactions on Systems Man and Cybernetics Systems,https://openalex.org/W7211996751
"IEEE Transactions on Systems, Man, and Cybernetics: Systems",IEEE,2026,2026-01-01,Adaptive Event-Triggered Compensation Control for Nonlinear Semi-Markov Jump Systems With False Data Injection Attacks,Yuyan Wu; Huaicheng Yan; Yifan Shi; Yunkai Lv; Sheng Gao; Xiaojin Wu,,,10.1109/tsmc.2026.3706117,https://doi.org/10.1109/tsmc.2026.3706117,article,IEEE Transactions on Systems Man and Cybernetics Systems,https://openalex.org/W7202351158
"IEEE Transactions on Systems, Man, and Cybernetics: Systems",IEEE,2026,2026-01-01,Adaptive Fault-Tolerant Prescribed-Time Stabilization for Uncertain Nonlinear Systems With Composite Disturbances,Huaguang Zhang; Le Wang; Juan Zhang; Jiawei Ma,,,10.1109/tsmc.2026.3725362,https://doi.org/10.1109/tsmc.2026.3725362,article,IEEE Transactions on Systems Man and Cybernetics Systems,https://openalex.org/W7204556167
"IEEE Transactions on Systems, Man, and Cybernetics: Systems",IEEE,2026,2026-01-01,Adaptive Fault-Tolerant Tracking Control for Uncertain Nonlinear Systems With Performance Constraints and Compound Faults,Jintao Zhang; Donghua Zhou; Li Sheng; Xiao He,,,10.1109/tsmc.2026.3732139,https://doi.org/10.1109/tsmc.2026.3732139,article,IEEE Transactions on Systems Man and Cybernetics Systems,https://openalex.org/W7214172130
"IEEE Transactions on Systems, Man, and Cybernetics: Systems",IEEE,2026,2026-01-01,Adaptive Fuzzy Prescribed-Time Dynamic Surface Control for High-Order Large-Scale Interconnected Stochastic Nonlinear Systems,Wei Jiang; Yang Xiao; Huanqing Wang; Haikuo Shen,,,10.1109/tsmc.2026.3714511,https://doi.org/10.1109/tsmc.2026.3714511,article,IEEE Transactions on Systems Man and Cybernetics Systems,https://openalex.org/W7203744149
"IEEE Transactions on Systems, Man, and Cybernetics: Systems",IEEE,2026,2026-01-01,Adaptive Predefined-Time Intralayer and Interlayer Synchronization of Multilayer Networks,Henglei Liu; Dongbing Tong; Qiaoyu Chen; Wuneng Zhou,,,10.1109/tsmc.2026.3713217,https://doi.org/10.1109/tsmc.2026.3713217,article,IEEE Transactions on Systems Man and Cybernetics Systems,https://openalex.org/W7169887523
"IEEE Transactions on Systems, Man, and Cybernetics: Systems",IEEE,2026,2026-01-01,Adaptive Reinforcement Learning Control With Prescribed-Performance Tracking Control for Uncertain Hydraulic Manipulators,J.S. Chen; Kelong Xu; Gexin Chen; Chao Ai; Xiangdong Kong,,,10.1109/tsmc.2026.3715627,https://doi.org/10.1109/tsmc.2026.3715627,article,IEEE Transactions on Systems Man and Cybernetics Systems,https://openalex.org/W7171529813
"IEEE Transactions on Systems, Man, and Cybernetics: Systems",IEEE,2026,2026-01-01,Adaptive Relation Network for Rotating Machinery Fault Detection in Zero Fault Samples and Fluctuating Operating Conditions,Zuoyi Chen; Jun Wu; Zhongwei Deng; Hong‐Zhong Huang,,,10.1109/tsmc.2026.3711691,https://doi.org/10.1109/tsmc.2026.3711691,article,IEEE Transactions on Systems Man and Cybernetics Systems,https://openalex.org/W7169864249
"IEEE Transactions on Systems, Man, and Cybernetics: Systems",IEEE,2026,2026-01-01,Adaptive Safe Reinforcement Learning With Energy Dissipation Principles,Hainan Zhang; Changchun Hua; Jiannan Chen; Xi Luo,,,10.1109/tsmc.2026.3711442,https://doi.org/10.1109/tsmc.2026.3711442,article,IEEE Transactions on Systems Man and Cybernetics Systems,https://openalex.org/W7168280566
"IEEE Transactions on Systems, Man, and Cybernetics: Systems",IEEE,2026,2026-01-01,Adaptive Vibration and Consensus Control for Networked Mobile Vehicle-Mounted Manipulator With Actuator Faults and Output Constraints,Wei Zhao; Xiangqian Yao; Yu Liu,,,10.1109/tsmc.2026.3719774,https://doi.org/10.1109/tsmc.2026.3719774,article,IEEE Transactions on Systems Man and Cybernetics Systems,https://openalex.org/W7202249194
"IEEE Transactions on Systems, Man, and Cybernetics: Systems",IEEE,2026,2026-01-01,Agile Project Portfolio Realignment: A PbRL-EMOA Framework for Shifting Strategic Priority,Yulong Dai; Ziyi Chen; Yajie Dou; Witold Pedrycz; Yanjie Song; Jiang Jiang,,,10.1109/tsmc.2026.3705431,https://doi.org/10.1109/tsmc.2026.3705431,article,IEEE Transactions on Systems Man and Cybernetics Systems,https://openalex.org/W7167571976
"IEEE Transactions on Systems, Man, and Cybernetics: Systems",IEEE,2026,2026-01-01,An Evolutionary Algorithm With Adaptive Search Space Switching and Constraint-Guided Operators for Sparse Constrained Multiobjective Optimization,Shuai Shao; Ye Tian; Yajie Zhang; Xingyi Zhang,,,10.1109/tsmc.2026.3704713,https://doi.org/10.1109/tsmc.2026.3704713,article,IEEE Transactions on Systems Man and Cybernetics Systems,https://openalex.org/W7165800104
"IEEE Transactions on Systems, Man, and Cybernetics: Systems",IEEE,2026,2026-01-01,An n -Dimensional Discrete Chaotic Model and Its Application,Zhiqiang Zhang; Liping Liao; Yongdong Wang; Mingyue Wang; Yong Wang; Leo Yu Zhang,,,10.1109/tsmc.2026.3715669,https://doi.org/10.1109/tsmc.2026.3715669,article,IEEE Transactions on Systems Man and Cybernetics Systems,https://openalex.org/W7203627600
"IEEE Transactions on Systems, Man, and Cybernetics: Systems",IEEE,2026,2026-01-01,Asynchronous Diagnosability Verification and Enforcement in Unbounded Petri Nets Using Supervisory Control,Yihui Hu; Shaopeng Hu; Jun Li; Maria Pia Fanti; Huanchao Du,,,10.1109/tsmc.2026.3714513,https://doi.org/10.1109/tsmc.2026.3714513,article,IEEE Transactions on Systems Man and Cybernetics Systems,https://openalex.org/W7172353230
"IEEE Transactions on Systems, Man, and Cybernetics: Systems",IEEE,2026,2026-01-01,Asynchronous Output Feedback-Based Adaptive Control for Discrete-Time Markov Jump Systems With Sensor Uncertainties,Yuqian Lin; Yajie Ma; Bin Jiang; Liyan Wen,,,10.1109/tsmc.2026.3704609,https://doi.org/10.1109/tsmc.2026.3704609,article,IEEE Transactions on Systems Man and Cybernetics Systems,https://openalex.org/W7166529443
"IEEE Transactions on Systems, Man, and Cybernetics: Systems",IEEE,2026,2026-01-01,Attack Detection for Cyber-Physical Systems Based on Causal Representation,Liang Cao; Youqing Wang; Yan Qin; Yankai Cao; Bhushan Gopaluni; Richard D. Braatz,,,10.1109/tsmc.2026.3661182,https://doi.org/10.1109/tsmc.2026.3661182,article,IEEE Transactions on Systems Man and Cybernetics Systems,https://openalex.org/W7129083012
"IEEE Transactions on Systems, Man, and Cybernetics: Systems",IEEE,2026,2026-01-01,Augmenting Micro-Doppler Signatures Based on Representation Generation and Mix-Up,Haichen Zhao; Fei Zhou; Lei Huang,,,10.1109/tsmc.2026.3733771,https://doi.org/10.1109/tsmc.2026.3733771,article,IEEE Transactions on Systems Man and Cybernetics Systems,https://openalex.org/W7214220566
"IEEE Transactions on Systems, Man, and Cybernetics: Systems",IEEE,2026,2026-01-01,Barrier-Based Adaptive Sliding Mode Security Control for Interconnected Power Systems,Xinxin Liu; Michael Shi; Yufeng Tian; Xiaojie Su; Dapeng Wei,,,10.1109/tsmc.2026.3724964,https://doi.org/10.1109/tsmc.2026.3724964,article,IEEE Transactions on Systems Man and Cybernetics Systems,https://openalex.org/W7204201133
"IEEE Transactions on Systems, Man, and Cybernetics: Systems",IEEE,2026,2026-01-01,Best-Worst Disaggregation: An Approach to the Preference Disaggregation Problem,Matteo Brunelli; Fuqi Liang; Jafar Rezaei,,,10.1109/tsmc.2026.3713254,https://doi.org/10.1109/tsmc.2026.3713254,article,IEEE Transactions on Systems Man and Cybernetics Systems,https://openalex.org/W4403581918
"IEEE Transactions on Systems, Man, and Cybernetics: Systems",IEEE,2026,2026-01-01,Boundary Control of Traffic Density Waves Using a Markov-Switching Stochastic Parabolic PDE Model,Shuang Liang; Hongyan Guo; Kai‐Ning Wu; Xiaoming Hu; Yugang Niu; Hong Chen,,,10.1109/tsmc.2026.3706592,https://doi.org/10.1109/tsmc.2026.3706592,article,IEEE Transactions on Systems Man and Cybernetics Systems,https://openalex.org/W7167239456
"IEEE Transactions on Systems, Man, and Cybernetics: Systems",IEEE,2026,2026-01-01,Bumpless Transfer Sliding-Mode Control for Discrete Hidden Semi-Markov Jump Systems With Applications,Wenhai Qi; Qian Sun; Ju H. Park; Zheng‐Guang Wu,,,10.1109/tsmc.2026.3714282,https://doi.org/10.1109/tsmc.2026.3714282,article,IEEE Transactions on Systems Man and Cybernetics Systems,https://openalex.org/W7170132330
"IEEE Transactions on Systems, Man, and Cybernetics: Systems",IEEE,2026,2026-01-01,Cluster Synchronization Analysis and Encryption Application of Delayed Discrete-Time Fractional-Order Coupled Neural Networks,Kejin Li; Feifei Du; Yingying Zhang; Diyi Chen,,,10.1109/tsmc.2026.3716799,https://doi.org/10.1109/tsmc.2026.3716799,article,IEEE Transactions on Systems Man and Cybernetics Systems,https://openalex.org/W7172443183
"IEEE Transactions on Systems, Man, and Cybernetics: Systems",IEEE,2026,2026-01-01,Complete Coverage Path Planning by IGBNN- μ for Scalable Interreconfigurable Robots,Ash Yaw Sang Wan; Yang Jiao; Mohan Rajesh Elara; Anh Vu Le,,,10.1109/tsmc.2026.3731065,https://doi.org/10.1109/tsmc.2026.3731065,article,IEEE Transactions on Systems Man and Cybernetics Systems,https://openalex.org/W7214106160
"IEEE Transactions on Systems, Man, and Cybernetics: Systems",IEEE,2026,2026-01-01,Composite Fault-Tolerant Control of Interconnected Systems Subject to Heterogeneous Time-Varying Faults and Stochastic FDI Attacks,Lewei Dong; Jian Han; Ju H. Park; Wuquan Li,,,10.1109/tsmc.2026.3708350,https://doi.org/10.1109/tsmc.2026.3708350,article,IEEE Transactions on Systems Man and Cybernetics Systems,https://openalex.org/W7167707577
"IEEE Transactions on Systems, Man, and Cybernetics: Systems",IEEE,2026,2026-01-01,Composite-Learning-Based Fault-Tolerant Containment Control for Heterogeneous Fully Actuated Multiagent Systems,Yonghao Ma; Ke Zhang; Bin Jiang,,,10.1109/tsmc.2026.3704612,https://doi.org/10.1109/tsmc.2026.3704612,article,IEEE Transactions on Systems Man and Cybernetics Systems,https://openalex.org/W7165636315
"IEEE Transactions on Systems, Man, and Cybernetics: Systems",IEEE,2026,2026-01-01,"Cone-Invariance, Stability, and Stabilization of Linear Discrete 2-D Systems",Zhaoxia Duan; Chenchen Chu; Choon Ki Ahn; Zhengrong Xiang,,,10.1109/tsmc.2026.3717329,https://doi.org/10.1109/tsmc.2026.3717329,article,IEEE Transactions on Systems Man and Cybernetics Systems,https://openalex.org/W7196989048
"IEEE Transactions on Systems, Man, and Cybernetics: Systems",IEEE,2026,2026-01-01,Cost-Sensitive Optimal Transport for Unsupervised Fuzzy Domain Adaptation in Regression,Qianshan Zhan; Xiao‐Jun Zeng,,,10.1109/tsmc.2026.3705481,https://doi.org/10.1109/tsmc.2026.3705481,article,IEEE Transactions on Systems Man and Cybernetics Systems,https://openalex.org/W7166517276
"IEEE Transactions on Systems, Man, and Cybernetics: Systems",IEEE,2026,2026-01-01,DRMCMO: A Detection Region Method-Based Evolutionary Algorithm for Multiobjective Optimization With Binary Feasibility Constraints,Weixiong Huang; Rui Wang; Tao Zhang; Sheng Qi; Ling Wang,,,10.1109/tsmc.2026.3713189,https://doi.org/10.1109/tsmc.2026.3713189,article,IEEE Transactions on Systems Man and Cybernetics Systems,https://openalex.org/W7169878702
"IEEE Transactions on Systems, Man, and Cybernetics: Systems",IEEE,2026,2026-01-01,Data-Driven Formation Control of Multi-Agent Systems Under DoS Attacks via Complex Laplacian,Dong Liu; Peng Zhi-qiang; Xin Wang; Wei‐Wei Che; Zheng‐Guang Wu,,,10.1109/tsmc.2026.3711693,https://doi.org/10.1109/tsmc.2026.3711693,article,IEEE Transactions on Systems Man and Cybernetics Systems,https://openalex.org/W7169870771
"IEEE Transactions on Systems, Man, and Cybernetics: Systems",IEEE,2026,2026-01-01,Decoupled Cyber–Physical Defense for Resilient Control of AC Microgrids Under Hybrid Threats,Zhenzhe Xia; Jingang Lai; Huaicheng Yan,,,10.1109/tsmc.2026.3730424,https://doi.org/10.1109/tsmc.2026.3730424,article,IEEE Transactions on Systems Man and Cybernetics Systems,https://openalex.org/W7214164127
"IEEE Transactions on Systems, Man, and Cybernetics: Systems",IEEE,2026,2026-01-01,Decoupling Constraints From Two Directions for Evolutionary Constrained Multiobjective Optimization,Ruiqing Sun; Dawei Feng; Xing Zhou; Lianghao Li; Sheng Qi; Bo Ding; Yijie Wang; Rui Wang; Huaimin Wang,,,10.1109/tsmc.2026.3718290,https://doi.org/10.1109/tsmc.2026.3718290,article,IEEE Transactions on Systems Man and Cybernetics Systems,https://openalex.org/W7202157580
"IEEE Transactions on Systems, Man, and Cybernetics: Systems",IEEE,2026,2026-01-01,Direction-Constrained Control for Efficient Physical Human–Robot Interaction Under Hierarchical Tasks,Mengxin Xu; Jinyu Zhang; Hesheng Wang; Kensuke Harada; Hesheng Wang,,,10.1109/tsmc.2026.3717300,https://doi.org/10.1109/tsmc.2026.3717300,article,IEEE Transactions on Systems Man and Cybernetics Systems,https://openalex.org/W4404261340
"IEEE Transactions on Systems, Man, and Cybernetics: Systems",IEEE,2026,2026-01-01,Dissipativity Analysis of Delayed Neural Networks via Delay-Parameter-Dependent Free-Matrices and Application to the Quadruple-Tank Process,Xu-Kang Chang; Yong Min He; Chen-Guang Wei,,,10.1109/tsmc.2026.3717272,https://doi.org/10.1109/tsmc.2026.3717272,article,IEEE Transactions on Systems Man and Cybernetics Systems,https://openalex.org/W7172244030
"IEEE Transactions on Systems, Man, and Cybernetics: Systems",IEEE,2026,2026-01-01,Distributed Affine Formation Security Control for Multiple AUVs With Deception Attacks,Mingqi Yao; Kai Guo; Hongjun Chu; Wei Zhang; Lei Qiao,,,10.1109/tsmc.2026.3730627,https://doi.org/10.1109/tsmc.2026.3730627,article,IEEE Transactions on Systems Man and Cybernetics Systems,https://openalex.org/W7214209604
"IEEE Transactions on Systems, Man, and Cybernetics: Systems",IEEE,2026,2026-01-01,Distributed Event-Triggered Critic Control for UAV Swarms With Privacy-Preserving Mechanisms: A Fully-Actuated System Approach,Ying Biao Wu; Mou Chen; Shuyi Shao; Zhechen Zhu; Mohammed Chadli,,,10.1109/tsmc.2026.3712467,https://doi.org/10.1109/tsmc.2026.3712467,article,IEEE Transactions on Systems Man and Cybernetics Systems,https://openalex.org/W7169859033
"IEEE Transactions on Systems, Man, and Cybernetics: Systems",IEEE,2026,2026-01-01,Distributed Nonsmooth Nonconvex Optimization: A Multiagent Approach With Finite-Time Consensus,Na Liu; Jun Wang; Sitian Qin,,,10.1109/tsmc.2026.3703546,https://doi.org/10.1109/tsmc.2026.3703546,article,IEEE Transactions on Systems Man and Cybernetics Systems,https://openalex.org/W7165626412
"IEEE Transactions on Systems, Man, and Cybernetics: Systems",IEEE,2026,2026-01-01,Distributed Sparse Optimal Policy for Multiarea Power Systems Under DoS Attacks: A Hybrid Adaptive Dynamic Programming Method,Linghuan Kong; Xin Wang; Michael Basin,,,10.1109/tsmc.2026.3723853,https://doi.org/10.1109/tsmc.2026.3723853,article,IEEE Transactions on Systems Man and Cybernetics Systems,https://openalex.org/W7214184584
"IEEE Transactions on Systems, Man, and Cybernetics: Systems",IEEE,2026,2026-01-01,Dual-Clock Guaranteed-Time Actor–Critic Optimal Control With Flexible Input Saturation,Junkai Tan; Shuangsi Xue; Hui Cao; Badong Chen,,,10.1109/tsmc.2026.3710287,https://doi.org/10.1109/tsmc.2026.3710287,article,IEEE Transactions on Systems Man and Cybernetics Systems,https://openalex.org/W7168298583
"IEEE Transactions on Systems, Man, and Cybernetics: Systems",IEEE,2026,2026-01-01,Dual-Critic Network-Based ADP Control for Flexible Flapping-Wing UAVs With Time-Varying Constraints,Hejia Gao; Tao Hong; Jiangxu Liu; Changyin Sun,,,10.1109/tsmc.2026.3707572,https://doi.org/10.1109/tsmc.2026.3707572,article,IEEE Transactions on Systems Man and Cybernetics Systems,https://openalex.org/W7166856833
"IEEE Transactions on Systems, Man, and Cybernetics: Systems",IEEE,2026,2026-01-01,Dual-Flexible Prescribed Performance Boundary-Guided Reinforcement Learning Control for Nonlinear Coupled Constrained Systems,Yangang Yao; Ziyi Liu; Yu Kang; Yun‐Bo Zhao; Jieqing Tan; Lichuan Gu; Qiang Li,,,10.1109/tsmc.2026.3724133,https://doi.org/10.1109/tsmc.2026.3724133,article,IEEE Transactions on Systems Man and Cybernetics Systems,https://openalex.org/W7214092102
"IEEE Transactions on Systems, Man, and Cybernetics: Systems",IEEE,2026,2026-01-01,Dual-Regulation Prescribed Performance Output Feedback Control for Nonlinear Systems With Abrupt Load Variations,Jun He; Yu Xia; Jinde Cao; Ramesh K. Agarwal; Imre J. Rudas,,,10.1109/tsmc.2026.3727091,https://doi.org/10.1109/tsmc.2026.3727091,article,IEEE Transactions on Systems Man and Cybernetics Systems,https://openalex.org/W7204884270
"IEEE Transactions on Systems, Man, and Cybernetics: Systems",IEEE,2026,2026-01-01,Dynamic Encoding-Based SMC Under Stochastic Communication Protocol: A Novel Token Extension Technique,Pengcheng Zhang; Chen Peng; Jason J. R. Liu; Kaiqun Zhu; Zhiru Cao,,,10.1109/tsmc.2026.3707319,https://doi.org/10.1109/tsmc.2026.3707319,article,IEEE Transactions on Systems Man and Cybernetics Systems,https://openalex.org/W7167041857
"IEEE Transactions on Systems, Man, and Cybernetics: Systems",IEEE,2026,2026-01-01,Dynamic Self-Triggered Model Predictive Control for Modular and Reconfigurable Robots via Data-Driven Adaptive Dynamic Programming,Bo Lin Dong; Xinyi He; Jian Qiao Sun; Tianjiao An,,,10.1109/tsmc.2026.3708830,https://doi.org/10.1109/tsmc.2026.3708830,article,IEEE Transactions on Systems Man and Cybernetics Systems,https://openalex.org/W7167615628
"IEEE Transactions on Systems, Man, and Cybernetics: Systems",IEEE,2026,2026-01-01,Encoding-Decoding-Enabled Non-Fragile Secure Control for Nonlinear NCSs Under Cyber Attacks,Jian Liu; Luhao Jin; Jinliang Liu; Engang Tian,,,10.1109/tsmc.2026.3701916,https://doi.org/10.1109/tsmc.2026.3701916,article,IEEE Transactions on Systems Man and Cybernetics Systems,https://openalex.org/W7164987378
"IEEE Transactions on Systems, Man, and Cybernetics: Systems",IEEE,2026,2026-01-01,Energy Optimization Methodologies for Underwater Gliding Robots: A Comprehensive Review,Anyan Jing; Hui Zhang; Chenguang Yang; Yexin Fan; Jian Gao; Yaonan Wang,,,10.1109/tsmc.2026.3712142,https://doi.org/10.1109/tsmc.2026.3712142,article,IEEE Transactions on Systems Man and Cybernetics Systems,https://openalex.org/W7170098390
"IEEE Transactions on Systems, Man, and Cybernetics: Systems",IEEE,2026,2026-01-01,Enhanced Cooperation and Diminished Conflict via Group Role Assignment,Jun Zhang; Tianxing Wang; Haibin Zhu; Bing S Huang,,,10.1109/tsmc.2026.3723842,https://doi.org/10.1109/tsmc.2026.3723842,article,IEEE Transactions on Systems Man and Cybernetics Systems,https://openalex.org/W7204270386
"IEEE Transactions on Systems, Man, and Cybernetics: Systems",IEEE,2026,2026-01-01,Enhancing Autonomous Driving With Physics-Informed and Human-Guided Reinforcement Learning,Qixiang Zhang; Yongjun Yan; Jinxiang Wang; Yang Xing; Yahui Liu; Guodong Yin,,,10.1109/tsmc.2026.3721084,https://doi.org/10.1109/tsmc.2026.3721084,article,IEEE Transactions on Systems Man and Cybernetics Systems,https://openalex.org/W7203484527
"IEEE Transactions on Systems, Man, and Cybernetics: Systems",IEEE,2026,2026-01-01,Entropy-Informed Variable Grouping for Expensive Large-Scale Multiobjective Optimization,Xu Wang; Qiqi Liu; Yaochu Jin; Junhua Gu; Haoyu Zhang; Ran Cheng,,,10.1109/tsmc.2026.3717782,https://doi.org/10.1109/tsmc.2026.3717782,article,IEEE Transactions on Systems Man and Cybernetics Systems,https://openalex.org/W7203639028
"IEEE Transactions on Systems, Man, and Cybernetics: Systems",IEEE,2026,2026-01-01,Establishing Dynamic Safety Boundaries via Identification of Peak Road Adhesion Coefficient for High-Performance Autonomous Vehicles,Bo Peng; Shuo Cheng; Y LIU; Junqiu Li; Liang Li,,,10.1109/tsmc.2026.3713904,https://doi.org/10.1109/tsmc.2026.3713904,article,IEEE Transactions on Systems Man and Cybernetics Systems,https://openalex.org/W7171421823
"IEEE Transactions on Systems, Man, and Cybernetics: Systems",IEEE,2026,2026-01-01,Event-Triggered Output Feedback Lyapunov-Based Distributed Model Predictive Control for Large-Scale Nonlinear Systems,Langwen Zhang; Zhenwei Wu; Bohui Wang; Chao Qun Shen; Chao Deng; Xudong Zhao,,,10.1109/tsmc.2026.3716700,https://doi.org/10.1109/tsmc.2026.3716700,article,IEEE Transactions on Systems Man and Cybernetics Systems,https://openalex.org/W7202137241
"IEEE Transactions on Systems, Man, and Cybernetics: Systems",IEEE,2026,2026-01-01,Expensive Multimodal Multiobjective Optimization: A Kriging-Assisted Differential Evolution Algorithm With Zoning Search,Mingyuan Yu; Wanli Pan; Caitong Yue; Ying Bi; Shuangshuang Zhu; Yaochu Jin; Jing Liang,,,10.1109/tsmc.2026.3720319,https://doi.org/10.1109/tsmc.2026.3720319,article,IEEE Transactions on Systems Man and Cybernetics Systems,https://openalex.org/W7204492152
"IEEE Transactions on Systems, Man, and Cybernetics: Systems",IEEE,2026,2026-01-01,FORTRESS: Real-Time Infrastructure Defect Detection via Adaptive Kolmogorov–Arnold Networks With Spatial Attention,Christina Thrainer; Md Meftahul Ferdaus; Mahdi Abdelguerfi; Christian Guetl; Steven D. Sloan; Anton Netchaev; Kendall N. Niles; Ken Pathak,,,10.1109/tsmc.2026.3732985,https://doi.org/10.1109/tsmc.2026.3732985,article,IEEE Transactions on Systems Man and Cybernetics Systems,https://openalex.org/W7214083666
"IEEE Transactions on Systems, Man, and Cybernetics: Systems",IEEE,2026,2026-01-01,Fault-Tolerant Adaptive Output-Feedback Prescribed-Time Control of Uncertain Active Suspension Systems via Preset Trajectories,Seok Gyu Jang; Sung Jin Yoo,,,10.1109/tsmc.2026.3729996,https://doi.org/10.1109/tsmc.2026.3729996,article,IEEE Transactions on Systems Man and Cybernetics Systems,https://openalex.org/W7212013548
"IEEE Transactions on Systems, Man, and Cybernetics: Systems",IEEE,2026,2026-01-01,FedCon 2 : Federated Learning on Non-I.I.D. Continual Data via Dual-Contrastive Representations,Hang Yang; Zhiwu Li; Witold Pedrycz,,,10.1109/tsmc.2026.3707826,https://doi.org/10.1109/tsmc.2026.3707826,article,IEEE Transactions on Systems Man and Cybernetics Systems,https://openalex.org/W7167947163
"IEEE Transactions on Systems, Man, and Cybernetics: Systems",IEEE,2026,2026-01-01,Finite-Time Adaptive Distributed Nash Equilibrium Seeking for Networked Games With Partial-Decision Information,Yaping Tang; Bin Hu; Zhi‐Hong Guan; Zhao Zhang; Tao Li,,,10.1109/tsmc.2026.3717312,https://doi.org/10.1109/tsmc.2026.3717312,article,IEEE Transactions on Systems Man and Cybernetics Systems,https://openalex.org/W7172431297
"IEEE Transactions on Systems, Man, and Cybernetics: Systems",IEEE,2026,2026-01-01,Finite-Time Fault Detection Against Censored Measurements: A Novel Memory-Adaptive Event-Triggered Approach,Jun Feng Hu; Siteng Ma; Zhihui Wu; Hongli Dong; Weilu Chen,,,10.1109/tsmc.2026.3717729,https://doi.org/10.1109/tsmc.2026.3717729,article,IEEE Transactions on Systems Man and Cybernetics Systems,https://openalex.org/W7172435720
"IEEE Transactions on Systems, Man, and Cybernetics: Systems",IEEE,2026,2026-01-01,Fixed-Time Fault-Tolerant Control of Saturated Spacecraft With Full-State Prescribed Performance,Peng Cheng; Wenjun Luo; Jason J. R. Liu; Zhiguang Feng,,,10.1109/tsmc.2026.3722910,https://doi.org/10.1109/tsmc.2026.3722910,article,IEEE Transactions on Systems Man and Cybernetics Systems,https://openalex.org/W7203797961
"IEEE Transactions on Systems, Man, and Cybernetics: Systems",IEEE,2026,2026-01-01,Fixed-Time Prescribed Performance Super-Twisting Control With State-Dependent Variable Exponents for a Class of Nonlinear Systems,Chang Zhang; Yi-Xiang Wang; Yang Deng; Zhang Chen; Emmanuel Moulay; Franck Plestan; Wei He; Bin Liang,,,10.1109/tsmc.2026.3729260,https://doi.org/10.1109/tsmc.2026.3729260,article,IEEE Transactions on Systems Man and Cybernetics Systems,https://openalex.org/W7214207560
"IEEE Transactions on Systems, Man, and Cybernetics: Systems",IEEE,2026,2026-01-01,Formation Control for Discrete-Time MASs on Lie Groups With Cartan–Schouten Connections,Yu Yan; Housheng Su,,,10.1109/tsmc.2026.3705772,https://doi.org/10.1109/tsmc.2026.3705772,article,IEEE Transactions on Systems Man and Cybernetics Systems,https://openalex.org/W7166814124
"IEEE Transactions on Systems, Man, and Cybernetics: Systems",IEEE,2026,2026-01-01,Graph-Based Mutually Supervised Heterogeneous Ensemble Learning for Class-Imbalance Data,Qi Dai; Lingjing Kong; Weiping Ding; Li-fang Chen,,,10.1109/tsmc.2026.3713998,https://doi.org/10.1109/tsmc.2026.3713998,article,IEEE Transactions on Systems Man and Cybernetics Systems,https://openalex.org/W7170181942
"IEEE Transactions on Systems, Man, and Cybernetics: Systems",IEEE,2026,2026-01-01,Heterogeneous Event-Triggered Fixed-Time Synchronization for Switched Networked Positive Systems With Application to Vehicle Platooning,Yuqing Gao; Fanchao Kong; Chaoxu Mu; Yongduan Song,,,10.1109/tsmc.2026.3734214,https://doi.org/10.1109/tsmc.2026.3734214,article,IEEE Transactions on Systems Man and Cybernetics Systems,https://openalex.org/W7214216415
"IEEE Transactions on Systems, Man, and Cybernetics: Systems",IEEE,2026,2026-01-01,HiMARS: Hierarchical Multiagent Reinforcement Learning With Skill Orchestration for Multi-AAV Cooperation in Complex Environments,Chao Yan; Yihao Sun; Mou Chen; Han Zhou; Xiaojia Xiang,,,10.1109/tsmc.2026.3719419,https://doi.org/10.1109/tsmc.2026.3719419,article,IEEE Transactions on Systems Man and Cybernetics Systems,https://openalex.org/W7202133547
"IEEE Transactions on Systems, Man, and Cybernetics: Systems",IEEE,2026,2026-01-01,Hybrid Adaptive ESO Network With Noise-Robust Fusion for Wideband Disturbance Rejection: Application to Pneumatic Precision Machining,Mingze Sun; Yingjian Wang; Shijian Zhao; Zhiming Yang; Jiange Kou; Zhibo Sun; Yixuan Wang; Shaofeng Xu; Yan Shi,,,10.1109/tsmc.2026.3720504,https://doi.org/10.1109/tsmc.2026.3720504,article,IEEE Transactions on Systems Man and Cybernetics Systems,https://openalex.org/W7203492119
"IEEE Transactions on Systems, Man, and Cybernetics: Systems",IEEE,2026,2026-01-01,IMGL-AWNN: Incomplete Multiview Graph Learning With Adaptive Weighted Nuclear Norm for Drug Repurposing in Biomedical Systems,Yuqing Qian; Quan Zou; Li Liu; Weiping Ding; Yijie Ding; Xiaoyi Guo,,,10.1109/tsmc.2026.3708719,https://doi.org/10.1109/tsmc.2026.3708719,article,IEEE Transactions on Systems Man and Cybernetics Systems,https://openalex.org/W7167697654
"IEEE Transactions on Systems, Man, and Cybernetics: Systems",IEEE,2026,2026-01-01,Improved Optimal Formation Safety Control for Multi-UAVs Based on Position Deviation,Huaguang Zhang; Muxuan Li; Jiawei Ma; Zhongyang Ming,,,10.1109/tsmc.2026.3712064,https://doi.org/10.1109/tsmc.2026.3712064,article,IEEE Transactions on Systems Man and Cybernetics Systems,https://openalex.org/W7170656562
"IEEE Transactions on Systems, Man, and Cybernetics: Systems",IEEE,2026,2026-01-01,Imputation-Based Missing Data Robust Adaptive Filters,Yanglong Gu; Qin Song; Jingen Ni,,,10.1109/tsmc.2026.3710743,https://doi.org/10.1109/tsmc.2026.3710743,article,IEEE Transactions on Systems Man and Cybernetics Systems,https://openalex.org/W7168337875
"IEEE Transactions on Systems, Man, and Cybernetics: Systems",IEEE,2026,2026-01-01,Inherent Tolerance of Distributed Model Predictive Control to Communication Interruptions,Shuang Shen; Chenrui Zhang; Zhiping Lin; Runqi Chai; Yuanqing Xia; Senchun Chai,,,10.1109/tsmc.2026.3715932,https://doi.org/10.1109/tsmc.2026.3715932,article,IEEE Transactions on Systems Man and Cybernetics Systems,https://openalex.org/W7201834521
"IEEE Transactions on Systems, Man, and Cybernetics: Systems",IEEE,2026,2026-01-01,Intermittent Asynchronous Impulsive Control for Quasi-Consensus of Heterogeneous Multiagent Systems: Time/Event-Triggered Mechanism,Jiawei Zhuang; Hao Peng; Shiguo Peng; Junyi Li,,,10.1109/tsmc.2026.3728677,https://doi.org/10.1109/tsmc.2026.3728677,article,IEEE Transactions on Systems Man and Cybernetics Systems,https://openalex.org/W7211986863
"IEEE Transactions on Systems, Man, and Cybernetics: Systems",IEEE,2026,2026-01-01,Intermittent Sampled-Data Security Fuzzy Control for Nonlinear Coupled Delayed ODE–PDE Systems,Zipeng Wang; Jin-Yang Zheng; Honggui Han; Junfei Qiao; Huai‐Ning Wu; Tingwen Huang,,,10.1109/tsmc.2026.3711318,https://doi.org/10.1109/tsmc.2026.3711318,article,IEEE Transactions on Systems Man and Cybernetics Systems,https://openalex.org/W7169883717
"IEEE Transactions on Systems, Man, and Cybernetics: Systems",IEEE,2026,2026-01-01,Interventional Contrastive Learning Through Dual Knowledge Distillation on Bongard Problems,Qinglai Wei; Weikun Bai; Jun Wang; Xuan Zhao; Beiming Yuan,,,10.1109/tsmc.2026.3715078,https://doi.org/10.1109/tsmc.2026.3715078,article,IEEE Transactions on Systems Man and Cybernetics Systems,https://openalex.org/W7171546078
"IEEE Transactions on Systems, Man, and Cybernetics: Systems",IEEE,2026,2026-01-01,Iterative Interval State Estimation Against Stealthy Deception Attacks for Wind Turbine Systems Subject to Unknown Disturbances,Yang Gu; Mouquan Shen; Ju H. Park; Qing‐Guo Wang,,,10.1109/tsmc.2026.3703438,https://doi.org/10.1109/tsmc.2026.3703438,article,IEEE Transactions on Systems Man and Cybernetics Systems,https://openalex.org/W7166650906
"IEEE Transactions on Systems, Man, and Cybernetics: Systems",IEEE,2026,2026-01-01,Iterative Learning Observer Design for Nonlinear Complex Networks With Multiple Periodic Disturbances Subject to Bit-Rate Constraints,Jiyue Guo; Zidong Wang; Lei Zou; Jun Feng Hu; Yang Liu,,,10.1109/tsmc.2026.3732141,https://doi.org/10.1109/tsmc.2026.3732141,article,IEEE Transactions on Systems Man and Cybernetics Systems,https://openalex.org/W7213430806
"IEEE Transactions on Systems, Man, and Cybernetics: Systems",IEEE,2026,2026-01-01,Kernel Entropy Slow Feature Statistical Difference Quotient for Process Monitoring of Polyethylene Production,Tao Li; Yongming M Han; Bo Ma; Zhiqiang Geng,,,10.1109/tsmc.2026.3733198,https://doi.org/10.1109/tsmc.2026.3733198,article,IEEE Transactions on Systems Man and Cybernetics Systems,https://openalex.org/W7214014147
"IEEE Transactions on Systems, Man, and Cybernetics: Systems",IEEE,2026,2026-01-01,LLM-RailATD: Large Language Model-Driven Autonomous Train Dispatching for High-Speed Railways in Case of Emergencies,Min Zhou; Xuan Liu; Hongwei Wang; Hairong Dong,,,10.1109/tsmc.2026.3719359,https://doi.org/10.1109/tsmc.2026.3719359,article,IEEE Transactions on Systems Man and Cybernetics Systems,https://openalex.org/W7202183602
"IEEE Transactions on Systems, Man, and Cybernetics: Systems",IEEE,2026,2026-01-01,Leader–Follower Formation Control of Underactuated USV With FOV Constraints and Obstacle Avoidance: A High-Order Control Barrier Function Approach,Chengxi Yu; Xi Chen; Ying Wu; Li Chai,,,10.1109/tsmc.2026.3714390,https://doi.org/10.1109/tsmc.2026.3714390,article,IEEE Transactions on Systems Man and Cybernetics Systems,https://openalex.org/W7170191846
"IEEE Transactions on Systems, Man, and Cybernetics: Systems",IEEE,2026,2026-01-01,Learning From Demonstration and Intervention: Dual-Mode Human-Guided Reinforcement Learning for Efficient Robotic Tadpole Navigation,Man Shi; Chao Xu; Zhongyi Qiu; Bohan Yu; Haifan Su; Xingjian Jing,,,10.1109/tsmc.2026.3731372,https://doi.org/10.1109/tsmc.2026.3731372,article,IEEE Transactions on Systems Man and Cybernetics Systems,https://openalex.org/W7213536035
"IEEE Transactions on Systems, Man, and Cybernetics: Systems",IEEE,2026,2026-01-01,Learning Multilayer Feature Projection for Homogeneous and Heterogeneous Palmprint Recognition,Lunke Fei; K. H. Huang; Shuping Zhao; Qi Zhu; Bob Zhang; Wei Jia,56,4,10.1109/tsmc.2025.3647704,https://doi.org/10.1109/tsmc.2025.3647704,article,IEEE Transactions on Systems Man and Cybernetics Systems,https://openalex.org/W7117877441
"IEEE Transactions on Systems, Man, and Cybernetics: Systems",IEEE,2026,2026-01-01,Learning an Intention Projection Operator for Axis-Wise Human Control in Remote Piloted Aircraft Systems,Satoshi Miura; Yuki Kaku; Bo Zhang; Tomoyuki Miyashita; Shigeki Sugano,,,10.1109/tsmc.2026.3717276,https://doi.org/10.1109/tsmc.2026.3717276,article,IEEE Transactions on Systems Man and Cybernetics Systems,https://openalex.org/W7172447551
"IEEE Transactions on Systems, Man, and Cybernetics: Systems",IEEE,2026,2026-01-01,Learning to “Meta-Transfer” Based on Balanced Meta Adaptation Network,Haoyu Wang; Yuhu Cheng; Wei Zhang; Xiaomin Liu; Xuesong Wang,,,10.1109/tsmc.2026.3718423,https://doi.org/10.1109/tsmc.2026.3718423,article,IEEE Transactions on Systems Man and Cybernetics Systems,https://openalex.org/W7202341507
"IEEE Transactions on Systems, Man, and Cybernetics: Systems",IEEE,2026,2026-01-01,Learning-Based Optimal Control for CPSs Under Multichannel Attacks: A Two-Layer Stackelberg Game Approach,Jinyan Li; Xiao‐Jie Peng; Yunzhou Jiang; Yan Lei; Hongyi Li,,,10.1109/tsmc.2026.3712737,https://doi.org/10.1109/tsmc.2026.3712737,article,IEEE Transactions on Systems Man and Cybernetics Systems,https://openalex.org/W7169868231
"IEEE Transactions on Systems, Man, and Cybernetics: Systems",IEEE,2026,2026-01-01,Local Frame-Enhanced Deep Reinforcement Learning for Multiagent Pursuit-Evasion Game,Jingjing Wang; Xin Chen; Ye Wang; Hang Fu; Jianrui Chen,,,10.1109/tsmc.2026.3701899,https://doi.org/10.1109/tsmc.2026.3701899,article,IEEE Transactions on Systems Man and Cybernetics Systems,https://openalex.org/W7171501007
"IEEE Transactions on Systems, Man, and Cybernetics: Systems",IEEE,2026,2026-01-01,Local-Oriented Proactive Strategy for Resilient Incorporation of Power-to-Heat Assets Into Power Grids: An Analysis Based on Stress Maps,Morteza Zare Oskouei; Ayşe Kübra Erenoğlu; Ozan Erdinç; Tayfur Gökçek; João P. S. Catalào,,,10.1109/tsmc.2026.3713306,https://doi.org/10.1109/tsmc.2026.3713306,article,IEEE Transactions on Systems Man and Cybernetics Systems,https://openalex.org/W7171558895
"IEEE Transactions on Systems, Man, and Cybernetics: Systems",IEEE,2026,2026-01-01,Managing Consensus in Group Decision Making Under Social Comparison-Induced Non-Cooperative Behaviors,Yangjingjing Zhang; Xia Chen; Wenhao Lin; Zengqiang Wang; Rui Wang,,,10.1109/tsmc.2026.3710611,https://doi.org/10.1109/tsmc.2026.3710611,article,IEEE Transactions on Systems Man and Cybernetics Systems,https://openalex.org/W7169596153
"IEEE Transactions on Systems, Man, and Cybernetics: Systems",IEEE,2026,2026-01-01,Model-Free Robust Fuzzy Tracking Control for Autonomous Vehicles via Zero-Sum Game-Based Hybrid Reinforcement Learning,Yiqun Liu; Lifei Dai; Hao Zhang; Jianbin Qiu; Changzhu Zhang,,,10.1109/tsmc.2026.3726481,https://doi.org/10.1109/tsmc.2026.3726481,article,IEEE Transactions on Systems Man and Cybernetics Systems,https://openalex.org/W7204896121
"IEEE Transactions on Systems, Man, and Cybernetics: Systems",IEEE,2026,2026-01-01,Off-Policy Reinforcement Learning H ∞ Control for Two-Time-Scale Supply Chain Systems Subject to Design Change,Qingkui Li; Hong-Kai Yang; Ding-Xin Tang; Hai Lin; Wei He,,,10.1109/tsmc.2026.3705358,https://doi.org/10.1109/tsmc.2026.3705358,article,IEEE Transactions on Systems Man and Cybernetics Systems,https://openalex.org/W7166534255
"IEEE Transactions on Systems, Man, and Cybernetics: Systems",IEEE,2026,2026-01-01,On the Estimation of Object Inertial Parameters Through Optimal Motion Patterns,Leonardo Marcello; Olga Napolitano; Paolo Bonifati; Giuseppe Averta; Matteo Bianchi; Paolo Salaris,,,10.1109/tsmc.2026.3732067,https://doi.org/10.1109/tsmc.2026.3732067,article,IEEE Transactions on Systems Man and Cybernetics Systems,https://openalex.org/W7214071436
"IEEE Transactions on Systems, Man, and Cybernetics: Systems",IEEE,2026,2026-01-01,Opacity Enforcement by Edit Functions Under Incomparable Observations,Wei Duan; Ruotian Liu; Maria Pia Fanti; Christoforos N. Hadjicostis; Zhiwu Li,,,10.1109/tsmc.2026.3701679,https://doi.org/10.1109/tsmc.2026.3701679,article,IEEE Transactions on Systems Man and Cybernetics Systems,https://openalex.org/W4403444182
"IEEE Transactions on Systems, Man, and Cybernetics: Systems",IEEE,2026,2026-01-01,Optical-Cavity-Based Reservoir Computing for Low-Power Time-Series Analysis in Industrial Internet of Things Applications,Zichen Wang; Yiqun Zhu,,,10.1109/tsmc.2026.3701842,https://doi.org/10.1109/tsmc.2026.3701842,article,IEEE Transactions on Systems Man and Cybernetics Systems,https://openalex.org/W7165559398
"IEEE Transactions on Systems, Man, and Cybernetics: Systems",IEEE,2026,2026-01-01,Optimal Tracking Control of Interval Type-3 Fuzzy Jump Systems for PMSM Application: A Learning-Based Lumped Disturbance Estimator Method,A. Blessy; Shanmugam Harshavarthini,,,10.1109/tsmc.2026.3707243,https://doi.org/10.1109/tsmc.2026.3707243,article,IEEE Transactions on Systems Man and Cybernetics Systems,https://openalex.org/W7167634215
"IEEE Transactions on Systems, Man, and Cybernetics: Systems",IEEE,2026,2026-01-01,Predefined-Time Disturbance Observer-Based Control for Nonlinear Systems With Quantized Input,Huifang Min; Qian Ma; Shengyuan Xu; Shang Shi,,,10.1109/tsmc.2026.3714397,https://doi.org/10.1109/tsmc.2026.3714397,article,IEEE Transactions on Systems Man and Cybernetics Systems,https://openalex.org/W7171410405
"IEEE Transactions on Systems, Man, and Cybernetics: Systems",IEEE,2026,2026-01-01,Predefined-Time Event-Triggered Practical Output Consensus Tracking of Multiagent Systems With False Data Injection Attack Under Digraph,Junkang Ni; Sailiu Zhao; Yuanshi Zheng; Bing Cheng Yan; Peng Shi,,,10.1109/tsmc.2026.3721749,https://doi.org/10.1109/tsmc.2026.3721749,article,IEEE Transactions on Systems Man and Cybernetics Systems,https://openalex.org/W7204095142
"IEEE Transactions on Systems, Man, and Cybernetics: Systems",IEEE,2026,2026-01-01,Predefined-Time Stabilization With Output Safety,Zhiyuan Liu; Yungang Liu; Yuan Wang,,,10.1109/tsmc.2026.3705007,https://doi.org/10.1109/tsmc.2026.3705007,article,IEEE Transactions on Systems Man and Cybernetics Systems,https://openalex.org/W7166531717
"IEEE Transactions on Systems, Man, and Cybernetics: Systems",IEEE,2026,2026-01-01,Prescribed Trajectory Fault-Tolerant Control for Nonlinear Systems With Unknown Positive Odd Integer Powers,Yu Xia; Jun He; Radu‐Emil Precup; Jinde Cao; Ramesh K. Agarwal; Imre J. Rudas,,,10.1109/tsmc.2026.3727107,https://doi.org/10.1109/tsmc.2026.3727107,article,IEEE Transactions on Systems Man and Cybernetics Systems,https://openalex.org/W7204962590
"IEEE Transactions on Systems, Man, and Cybernetics: Systems",IEEE,2026,2026-01-01,Reinforcement Learning Strategy for Sojourn-Probability-Based Fuzzy Switched Systems Under DoS Attacks,Hongjie Pang; Mingang Hua; Shoucheng Yuan; Jun Sheng Cheng; Leszek Rutkowski; Yonghong Chen,,,10.1109/tsmc.2026.3724925,https://doi.org/10.1109/tsmc.2026.3724925,article,IEEE Transactions on Systems Man and Cybernetics Systems,https://openalex.org/W7204258745
"IEEE Transactions on Systems, Man, and Cybernetics: Systems",IEEE,2026,2026-01-01,Reinforcement Learning-Enhanced Model-Free Adaptive Predictive Control With Residual-Neural Compensation for Heavy-Duty Gas Turbine Generation Systems,Ren Liu; Congzhi Huang; Haofei Wang; Shuzhi Sam Ge,,,10.1109/tsmc.2026.3714559,https://doi.org/10.1109/tsmc.2026.3714559,article,IEEE Transactions on Systems Man and Cybernetics Systems,https://openalex.org/W7171565288
"IEEE Transactions on Systems, Man, and Cybernetics: Systems",IEEE,2026,2026-01-01,Resilient Cooperative Output Regulation for Heterogeneous Networked Multiagent Systems Under Unknown Multiple Cyber-Attacks,Beirui Sun; Huaicheng Yan; Tinghan Jia; Zhengtian Wu; Xiaojin Wu,,,10.1109/tsmc.2026.3708769,https://doi.org/10.1109/tsmc.2026.3708769,article,IEEE Transactions on Systems Man and Cybernetics Systems,https://openalex.org/W7169859484
"IEEE Transactions on Systems, Man, and Cybernetics: Systems",IEEE,2026,2026-01-01,Robust Detection of Dummy Data Attacks in Smart Grids via Transformer-Based Reinforcement Learning Under Partial Observability,Zhixun Zhang; Jianquan Lu; Jianqiang Hu; Josep M. Guerrero,,,10.1109/tsmc.2026.3663393,https://doi.org/10.1109/tsmc.2026.3663393,article,IEEE Transactions on Systems Man and Cybernetics Systems,https://openalex.org/W7131649926
"IEEE Transactions on Systems, Man, and Cybernetics: Systems",IEEE,2026,2026-01-01,Robust Stabilization of Large-Scale Boolean Networks Subject to Bridging Fault,Zhiqiao Tian; Haitao Li; Wenrong Li,,,10.1109/tsmc.2026.3727951,https://doi.org/10.1109/tsmc.2026.3727951,article,IEEE Transactions on Systems Man and Cybernetics Systems,https://openalex.org/W7206181530
"IEEE Transactions on Systems, Man, and Cybernetics: Systems",IEEE,2026,2026-01-01,SCPO: Support-Constrained Policy Optimization With Offline Data,Longyang Huang; Botao Dong; Ning Pang; Wei Zhang,,,10.1109/tsmc.2026.3733153,https://doi.org/10.1109/tsmc.2026.3733153,article,IEEE Transactions on Systems Man and Cybernetics Systems,https://openalex.org/W7214103300
"IEEE Transactions on Systems, Man, and Cybernetics: Systems",IEEE,2026,2026-01-01,Safety-Critical Tracking Control of Self-Organizing Swarm for Unmanned Surface Vehicle Based on Identifier–Critic–Actor Reinforcement Learning,Yongjin Liu; Xianku Zhang; Hugan Zhang; Ronghui Li,,,10.1109/tsmc.2026.3715684,https://doi.org/10.1109/tsmc.2026.3715684,article,IEEE Transactions on Systems Man and Cybernetics Systems,https://openalex.org/W7212145096
"IEEE Transactions on Systems, Man, and Cybernetics: Systems",IEEE,2026,2026-01-01,Sampled-Data Control of MIMO Fractional-Order Systems via State-Transition Matrix Image Analysis,Yiwen Chen; Jun Hai Jiang; Rochdi Merzouki; Michaël Defoort,,,10.1109/tsmc.2026.3702919,https://doi.org/10.1109/tsmc.2026.3702919,article,IEEE Transactions on Systems Man and Cybernetics Systems,https://openalex.org/W7165388964
"IEEE Transactions on Systems, Man, and Cybernetics: Systems",IEEE,2026,2026-01-01,Secure Self-Triggered Impulsive Control of Stochastic Complex Networks Under Deception Attacks,Tao Zhan; Jie Yang; Yuanqing Xia; Wentao Li; Witold Pedrycz,,,10.1109/tsmc.2026.3713537,https://doi.org/10.1109/tsmc.2026.3713537,article,IEEE Transactions on Systems Man and Cybernetics Systems,https://openalex.org/W7170919250
"IEEE Transactions on Systems, Man, and Cybernetics: Systems",IEEE,2026,2026-01-01,Secure State Estimation of CPSs via Decode-and-Forward Relays Against Consecutive DoS Attacks,Yun Liu; Wen Dong Yang; Feiqi Deng; Xueyan Zhao; Xiaobin Gao,,,10.1109/tsmc.2026.3703410,https://doi.org/10.1109/tsmc.2026.3703410,article,IEEE Transactions on Systems Man and Cybernetics Systems,https://openalex.org/W7165396211
"IEEE Transactions on Systems, Man, and Cybernetics: Systems",IEEE,2026,2026-01-01,Secure-Oriented Gain-Scheduling for IT-2 Fuzzy Active Vehicle Suspension Systems Under Malicious Attacks: Polynomial-Driven Relaxation and Experimental Validation,Jiayi Wang; Xiangpeng Xie,,,10.1109/tsmc.2026.3726279,https://doi.org/10.1109/tsmc.2026.3726279,article,IEEE Transactions on Systems Man and Cybernetics Systems,https://openalex.org/W7207727049
"IEEE Transactions on Systems, Man, and Cybernetics: Systems",IEEE,2026,2026-01-01,Sensor Trust-Based Fusion Estimation With Event-Triggered Feedback Under Generalized Abnormal Measurements,Mingyang Fan; Yan Liang; Li Li; Hui Li,,,10.1109/tsmc.2026.3713165,https://doi.org/10.1109/tsmc.2026.3713165,article,IEEE Transactions on Systems Man and Cybernetics Systems,https://openalex.org/W7169876420
"IEEE Transactions on Systems, Man, and Cybernetics: Systems",IEEE,2026,2026-01-01,Singularity Avoidance for Redundant Manipulators: An MSV-Based Mobility-Bound Approach,Jiawang Tan; Mingsheng Shang; Long Mei Jin,,,10.1109/tsmc.2026.3706266,https://doi.org/10.1109/tsmc.2026.3706266,article,IEEE Transactions on Systems Man and Cybernetics Systems,https://openalex.org/W7166819208
"IEEE Transactions on Systems, Man, and Cybernetics: Systems",IEEE,2026,2026-01-01,Socially Aware Robot Crowd Navigation via Online Uncertainty-Driven Risk Adaptation,Zhirui Sun; Xingrong Diao; Yao Wang; Bi-Ke Zhu; Wenjun Xu; Jiankun Wang,,,10.1109/tsmc.2026.3720408,https://doi.org/10.1109/tsmc.2026.3720408,article,IEEE Transactions on Systems Man and Cybernetics Systems,https://openalex.org/W4415311719
"IEEE Transactions on Systems, Man, and Cybernetics: Systems",IEEE,2026,2026-01-01,Stability Analysis of Linear Systems With Delays via Negative- and Positive-Definiteness Lemmas and Application to LFC in Power Systems,Wei-Min Wang; Hong‐Bing Zeng,,,10.1109/tsmc.2026.3727767,https://doi.org/10.1109/tsmc.2026.3727767,article,IEEE Transactions on Systems Man and Cybernetics Systems,https://openalex.org/W7212020215
"IEEE Transactions on Systems, Man, and Cybernetics: Systems",IEEE,2026,2026-01-01,State Estimation via Distributed Observers Under Adaptive Dynamic Event-Triggered Scheme,Jing Ping; Song Zhu; Da‐Yan Liu; Ali Zemouche,,,10.1109/tsmc.2026.3718723,https://doi.org/10.1109/tsmc.2026.3718723,article,IEEE Transactions on Systems Man and Cybernetics Systems,https://openalex.org/W7202115894
"IEEE Transactions on Systems, Man, and Cybernetics: Systems",IEEE,2026,2026-01-01,State-of-Charge Estimation of LiFePO 4 Batteries With Asymmetric Hysteresis Modeling,Lisen Yan; Jun Peng; Heng Li; Zhongwei Deng; Zhiwu Huang; Weihan Li,,,10.1109/tsmc.2026.3720378,https://doi.org/10.1109/tsmc.2026.3720378,article,IEEE Transactions on Systems Man and Cybernetics Systems,https://openalex.org/W7202165908
"IEEE Transactions on Systems, Man, and Cybernetics: Systems",IEEE,2026,2026-01-01,Strong-Tracking Kalman Filter-Based Federated Learning for Distributed Fault Diagnosis,Lihao Ye; Ke Zhang; Bin Jiang; Silvio Simani,,,10.1109/tsmc.2026.3704378,https://doi.org/10.1109/tsmc.2026.3704378,article,IEEE Transactions on Systems Man and Cybernetics Systems,https://openalex.org/W7165673628
"IEEE Transactions on Systems, Man, and Cybernetics: Systems",IEEE,2026,2026-01-01,TRCSF: A Trustworthy and Resource-Centric Collaborative Storage Framework for Blockchain Sharding,Peiyun Zhang; Ying Liu; Weifeng Guo; Haibin Zhu; Qinglin Zhao; Rongjian Xie,,,10.1109/tsmc.2026.3710454,https://doi.org/10.1109/tsmc.2026.3710454,article,IEEE Transactions on Systems Man and Cybernetics Systems,https://openalex.org/W7168297389
"IEEE Transactions on Systems, Man, and Cybernetics: Systems",IEEE,2026,2026-01-01,Time-Synchronized Control for Spacecraft Rendezvous and Docking With Reinforcement Learning-Based Optimization,Biyue Pan; Yuxiang Zhang; Qinglei Hu; Shuzhi Sam Ge; Dongyu Li,,,10.1109/tsmc.2026.3706933,https://doi.org/10.1109/tsmc.2026.3706933,article,IEEE Transactions on Systems Man and Cybernetics Systems,https://openalex.org/W7166882199
"IEEE Transactions on Systems, Man, and Cybernetics: Systems",IEEE,2026,2026-01-01,To Be a Truster or Not to Be: Evolutionary Dynamics of a Symmetric N-Player Trust Game in Well-Mixed and Networked Populations,Ik Soo Lim; Naoki Masuda,,,10.1109/tsmc.2026.3726798,https://doi.org/10.1109/tsmc.2026.3726798,article,IEEE Transactions on Systems Man and Cybernetics Systems,https://openalex.org/W4404987505
"IEEE Transactions on Systems, Man, and Cybernetics: Systems",IEEE,2026,2026-01-01,Toward Adaptive Interaction Strategies for Human Companion Robot via Deep Reinforcement Learning,Cong-Thanh Vu; Yen‐Chen Liu,,,10.1109/tsmc.2026.3726038,https://doi.org/10.1109/tsmc.2026.3726038,article,IEEE Transactions on Systems Man and Cybernetics Systems,https://openalex.org/W7207871001
"IEEE Transactions on Systems, Man, and Cybernetics: Systems",IEEE,2026,2026-01-01,Toward Efficient Offline-to-Online Reinforcement Learning: Diversified Policy Ensemble With Exclusive Online Data Utilization,Jinyuan Feng; Zhiqiang Pu; Tenghai Qiu; Jianqiang Yi; Jielun Zhao; Wenjun Xue,,,10.1109/tsmc.2026.3703454,https://doi.org/10.1109/tsmc.2026.3703454,article,IEEE Transactions on Systems Man and Cybernetics Systems,https://openalex.org/W7166781949
"IEEE Transactions on Systems, Man, and Cybernetics: Systems",IEEE,2026,2026-01-01,Twin World Model Assisted by Multifrequency-Enhanced Image Features,Xiaoyang Li; Xuesong Wang; C. L. Philip Chen; Yuhu Cheng,,,10.1109/tsmc.2026.3731216,https://doi.org/10.1109/tsmc.2026.3731216,article,IEEE Transactions on Systems Man and Cybernetics Systems,https://openalex.org/W7213553482
"IEEE Transactions on Systems, Man, and Cybernetics: Systems",IEEE,2026,2026-01-01,Two-Stage Evolution for Large-Scale Binary Optimization: Feature-to-Score Transformation and Guided Refinement,Genghui Li; Zhengyi Wu; Qiuzhen Lin; Weifeng Gao; Zhenkun Wang; Ming Dai; Xizhao Wang; Laizhong Cui,,,10.1109/tsmc.2026.3717974,https://doi.org/10.1109/tsmc.2026.3717974,article,IEEE Transactions on Systems Man and Cybernetics Systems,https://openalex.org/W7172521503
"IEEE Transactions on Systems, Man, and Cybernetics: Systems",IEEE,2026,2026-01-01,UAV Localization in GPS-Denied Environments: A Review,Yusen Wu; Dawei Liu; Jieming Ma; Xu He,,,10.1109/tsmc.2026.3708505,https://doi.org/10.1109/tsmc.2026.3708505,article,IEEE Transactions on Systems Man and Cybernetics Systems,https://openalex.org/W7168430489
"IEEE Transactions on Systems, Man, and Cybernetics: Systems",IEEE,2026,2026-01-01,Variable-Gain ESO-Based Robust Model Predictive Control of Quadrotor Trajectory Tracking With Nonvanishing Uncertainties,T.P. Wang; Wentao Ning; Zhongqi Sun; Di‐Hua Zhai; Yuanqing Xia,,,10.1109/tsmc.2026.3722368,https://doi.org/10.1109/tsmc.2026.3722368,article,IEEE Transactions on Systems Man and Cybernetics Systems,https://openalex.org/W7204792887
"IEEE Transactions on Systems, Man, and Cybernetics: Systems",IEEE,2026,2026-01-01,Weighted Multicriteria Group-Based Potential Games,Fengli Sun; Jun‐e Feng; Biao Wang,,,10.1109/tsmc.2026.3732541,https://doi.org/10.1109/tsmc.2026.3732541,article,IEEE Transactions on Systems Man and Cybernetics Systems,https://openalex.org/W7213542672
"IEEE Transactions on Systems, Man, and Cybernetics: Systems",IEEE,2026,2026-01-06,A Class of Matrix-Valued Function Negative-Determination Method and Its Application to Linear Systems With Time-Varying Delays,Jin Tang Yang; Hongjing Liang; Kaibo Shi; Tieshan Li,56,2,10.1109/tsmc.2025.3627910,https://doi.org/10.1109/tsmc.2025.3627910,article,IEEE Transactions on Systems Man and Cybernetics Systems,https://openalex.org/W7118857578
"IEEE Transactions on Systems, Man, and Cybernetics: Systems",IEEE,2026,2026-01-06,A New Approach to Designated-Time Stabilizing Strategy of Stochastic Nonlinear Systems and its Application to Mass-Spring Mechanical System,Junsheng Zhao; Lifang Qiu; Zong‐Yao Sun; Huaicheng Yan; Weihai Zhang,56,2,10.1109/tsmc.2025.3647491,https://doi.org/10.1109/tsmc.2025.3647491,article,IEEE Transactions on Systems Man and Cybernetics Systems,https://openalex.org/W7118874773
"IEEE Transactions on Systems, Man, and Cybernetics: Systems",IEEE,2026,2026-01-06,Adaptive Conflict Resolution Model for Large-Group Decision-Making Based on Dynamic Trust Relationship Evolution and Weight Determination,Bing Yan; Zhenhua Fan; Qifa Xu; Tianming Xie; Zhiwei Gao,56,2,10.1109/tsmc.2025.3647277,https://doi.org/10.1109/tsmc.2025.3647277,article,IEEE Transactions on Systems Man and Cybernetics Systems,https://openalex.org/W7118245941
"IEEE Transactions on Systems, Man, and Cybernetics: Systems",IEEE,2026,2026-01-06,Backpropagation-Based Counterfactual Explanations for Quasi-Nonlinear Fuzzy Cognitive Maps,Marios Tyrovolas; Gonzalo Nápoles; Chrysostomos D. Stylios,56,3,10.1109/tsmc.2025.3647125,https://doi.org/10.1109/tsmc.2025.3647125,article,IEEE Transactions on Systems Man and Cybernetics Systems,https://openalex.org/W7118398481
"IEEE Transactions on Systems, Man, and Cybernetics: Systems",IEEE,2026,2026-01-06,Efficient Text-Driven Motion Generation via Latent Consistency Training,Mengxian Hu; Minghao Zhu; Xun Zhou; Qingqing Yan; Shu Li; Chengju J. Liu; Qijun J. Chen,56,3,10.1109/tsmc.2025.3647052,https://doi.org/10.1109/tsmc.2025.3647052,article,IEEE Transactions on Systems Man and Cybernetics Systems,https://openalex.org/W7118622935
"IEEE Transactions on Systems, Man, and Cybernetics: Systems",IEEE,2026,2026-01-06,Initially Excited Asynchronous Reinforcement Learning Control With Monotonicity and Stability,Jiacheng Wu; Wenqian Xue; Frank L. Lewis; Bosen Lian,56,2,10.1109/tsmc.2025.3647521,https://doi.org/10.1109/tsmc.2025.3647521,article,IEEE Transactions on Systems Man and Cybernetics Systems,https://openalex.org/W7118324624
"IEEE Transactions on Systems, Man, and Cybernetics: Systems",IEEE,2026,2026-01-06,Knowledge-Aware Clustering,Man-Sheng Chen; Li-An Ren; Wu-Dong Xi; Chang-Dong Wang; Philip S. Yu,56,2,10.1109/tsmc.2025.3647548,https://doi.org/10.1109/tsmc.2025.3647548,article,IEEE Transactions on Systems Man and Cybernetics Systems,https://openalex.org/W7118897158
"IEEE Transactions on Systems, Man, and Cybernetics: Systems",IEEE,2026,2026-01-06,Neuro-Adaptive Safe Consensus Tracking Control for Pure-Feedback Nonaffine Multiagent Systems,Qun Lu; Zedan Lu; Houdong Xiang; Chengru Yang; Haiyu Song; Liu Yong-Hua; Chun-Yi Su,56,3,10.1109/tsmc.2025.3647119,https://doi.org/10.1109/tsmc.2025.3647119,article,IEEE Transactions on Systems Man and Cybernetics Systems,https://openalex.org/W7118393503
"IEEE Transactions on Systems, Man, and Cybernetics: Systems",IEEE,2026,2026-01-06,Observer-Based Event-Triggered Control for Stochastic Systems With Sampled-Data Output,Xuetao Yang; Quanxin Zhu; Hua Wang,56,2,10.1109/tsmc.2025.3646691,https://doi.org/10.1109/tsmc.2025.3646691,article,IEEE Transactions on Systems Man and Cybernetics Systems,https://openalex.org/W7119026131
"IEEE Transactions on Systems, Man, and Cybernetics: Systems",IEEE,2026,2026-01-06,Portfolio Optimization Subject to Second-Order Stochastic Dominance Constraints,Fangyu Zhang; Jun Wang,56,3,10.1109/tsmc.2025.3646278,https://doi.org/10.1109/tsmc.2025.3646278,article,IEEE Transactions on Systems Man and Cybernetics Systems,https://openalex.org/W7118578218
"IEEE Transactions on Systems, Man, and Cybernetics: Systems",IEEE,2026,2026-01-06,Reinforcement Learning-Based Adaptive Vibration Control of Flexible Two-Link Manipulator Systems With Input Saturation,Hejia Gao; Jiangxu Liu; Zele Yu; Changyin Sun,56,2,10.1109/tsmc.2025.3648063,https://doi.org/10.1109/tsmc.2025.3648063,article,IEEE Transactions on Systems Man and Cybernetics Systems,https://openalex.org/W7119083633
"IEEE Transactions on Systems, Man, and Cybernetics: Systems",IEEE,2026,2026-01-06,Virtual–Real-Based Distributed Neuro-Adaptive Control Design for 3-D Formation Tracking Motion of Underactuated Autonomous Underwater Vehicles,Peng Wan; Jinfeng Yang; Zhigang Zeng; Yin Sheng; Jingang Lai,56,3,10.1109/tsmc.2025.3646202,https://doi.org/10.1109/tsmc.2025.3646202,article,IEEE Transactions on Systems Man and Cybernetics Systems,https://openalex.org/W7119041412
"IEEE Transactions on Systems, Man, and Cybernetics: Systems",IEEE,2026,2026-01-12,A Kolmogorov–Arnold-Informed Interpretable Graph Wavelet Activation Network for Machine Fault Diagnosis,Tianfu Li; Chuang Sun; Zhibin Zhao; Tao Liu; Xuefeng Chen; Ruqiang Yan,56,3,10.1109/tsmc.2025.3647102,https://doi.org/10.1109/tsmc.2025.3647102,article,IEEE Transactions on Systems Man and Cybernetics Systems,https://openalex.org/W7123355787
"IEEE Transactions on Systems, Man, and Cybernetics: Systems",IEEE,2026,2026-01-12,A Practical Fixed-Time Intermittent Event-Triggered Control Scheme for Complex Dynamical Networks,Xiaofang Hu; Leimin Wang; Feida Song; Chuan-Ke Zhang; Yong Min He,56,4,10.1109/tsmc.2025.3649923,https://doi.org/10.1109/tsmc.2025.3649923,article,IEEE Transactions on Systems Man and Cybernetics Systems,https://openalex.org/W7123359947
"IEEE Transactions on Systems, Man, and Cybernetics: Systems",IEEE,2026,2026-01-12,A Real-Time Fault-Tolerant Constrained Control Scheme for Elastic Cable-Driven Robots,Seyed Mahdi Fazeli; Adel Ameri; Amir Molaei; Amir G. Aghdam; Mohammad A. Khosravi; Di Tao Niu,56,3,10.1109/tsmc.2025.3649158,https://doi.org/10.1109/tsmc.2025.3649158,article,IEEE Transactions on Systems Man and Cybernetics Systems,https://openalex.org/W7123336374
"IEEE Transactions on Systems, Man, and Cybernetics: Systems",IEEE,2026,2026-01-12,Adaptive Safety-Constrained Control for Quadrotors Navigation,Haofan Shi; Yan-Jun Liu; Ruojun Xue; Dengxiu Yu; Lei Liu; Yong Duan,56,3,10.1109/tsmc.2025.3649935,https://doi.org/10.1109/tsmc.2025.3649935,article,IEEE Transactions on Systems Man and Cybernetics Systems,https://openalex.org/W7123343615
"IEEE Transactions on Systems, Man, and Cybernetics: Systems",IEEE,2026,2026-01-12,Almost Sure Convergence of Nonhomogeneous Switching Markov Chains With Absorbing States: A Graph-Based Approach,Jie Lian; W. Wang; Peilin Jia,56,4,10.1109/tsmc.2025.3650171,https://doi.org/10.1109/tsmc.2025.3650171,article,IEEE Transactions on Systems Man and Cybernetics Systems,https://openalex.org/W7123356598
"IEEE Transactions on Systems, Man, and Cybernetics: Systems",IEEE,2026,2026-01-12,An Evolutionary Algorithm With Memory Guidance for Data Transmission Scheduling Optimization in Communication Satellite Network,Yingying Ren; Qiuli Li; Yue Zhang; Jiting Li; Witold Pedrycz; Ponnuthurai Nagaratnam Suganthan; Rammohan Mallipeddi; Yanjie Song,56,2,10.1109/tsmc.2025.3647265,https://doi.org/10.1109/tsmc.2025.3647265,article,IEEE Transactions on Systems Man and Cybernetics Systems,https://openalex.org/W7123352680
"IEEE Transactions on Systems, Man, and Cybernetics: Systems",IEEE,2026,2026-01-12,Causal Federated Graph Neural Networks for Multiobjective Facility Location,Xueming Yan; Yaochu Jin; Chuyue Wang; Shangshang Yang,56,3,10.1109/tsmc.2025.3647753,https://doi.org/10.1109/tsmc.2025.3647753,article,IEEE Transactions on Systems Man and Cybernetics Systems,https://openalex.org/W7123357992
"IEEE Transactions on Systems, Man, and Cybernetics: Systems",IEEE,2026,2026-01-12,Distributed Formation Control for Underactuated Multi-ASVs Under DoS Attacks Using Value Decomposition Reinforcement Learning,Chun Liu; Rui Xiao; Liang Xu; XiaoQiang Ren; Xiaofan Wang,56,4,10.1109/tsmc.2025.3647748,https://doi.org/10.1109/tsmc.2025.3647748,article,IEEE Transactions on Systems Man and Cybernetics Systems,https://openalex.org/W7123360844
"IEEE Transactions on Systems, Man, and Cybernetics: Systems",IEEE,2026,2026-01-12,Effective Fault Identification Approach for Model-Based Diagnosis,Jihong Ouyang; Sen Huang; Jinjin Chi; Liming Zhang; XiangFu Zhao,56,4,10.1109/tsmc.2025.3649682,https://doi.org/10.1109/tsmc.2025.3649682,article,IEEE Transactions on Systems Man and Cybernetics Systems,https://openalex.org/W7123348618
"IEEE Transactions on Systems, Man, and Cybernetics: Systems",IEEE,2026,2026-01-12,Enhanced Load and Accuracy for a New Cable-Driven Redundant Manipulator With Linkage Quaternion Joint via Variable Stiffness Optimization,Liang Han; Jincheng Zhang; Yunzhi Huang; Guo Yu,56,3,10.1109/tsmc.2025.3647145,https://doi.org/10.1109/tsmc.2025.3647145,article,IEEE Transactions on Systems Man and Cybernetics Systems,https://openalex.org/W7123337078
"IEEE Transactions on Systems, Man, and Cybernetics: Systems",IEEE,2026,2026-01-12,Event-Triggered-Based Adaptive Practical Fixed-Time Consensus Tracking Control for Nonlinear Multiagent Systems With Unmeasurable States,Lei Liang; Huang Xia; Zhen Wang; Hao Shen,56,2,10.1109/tsmc.2025.3646636,https://doi.org/10.1109/tsmc.2025.3646636,article,IEEE Transactions on Systems Man and Cybernetics Systems,https://openalex.org/W7123359111
"IEEE Transactions on Systems, Man, and Cybernetics: Systems",IEEE,2026,2026-01-12,Fault Estimation for a Class of Discrete-Time Nonlinear Systems With Adaptive Fuzzy Observer,Liheng Chen; Yongjie Tan; Shasha Fu; Jianbin Qiu; Yuxin Zhao,56,2,10.1109/tsmc.2025.3647106,https://doi.org/10.1109/tsmc.2025.3647106,article,IEEE Transactions on Systems Man and Cybernetics Systems,https://openalex.org/W7123362478
"IEEE Transactions on Systems, Man, and Cybernetics: Systems",IEEE,2026,2026-01-12,"Fixed-Size Dynamic Scale-Free Networks: Modeling, Stationarity, and Resilience",Yichao Yao; Minyu Feng; Matjaž Perc; J. Kurths,56,4,10.1109/tsmc.2025.3649867,https://doi.org/10.1109/tsmc.2025.3649867,article,IEEE Transactions on Systems Man and Cybernetics Systems,https://openalex.org/W7123348220
"IEEE Transactions on Systems, Man, and Cybernetics: Systems",IEEE,2026,2026-01-12,Funnel-Based Adaptive Optimal Resilient Control for Air–Ground Cooperative Systems With Composite Disturbances,Yongyan Zhao; Mou Chen,56,3,10.1109/tsmc.2025.3649301,https://doi.org/10.1109/tsmc.2025.3649301,article,IEEE Transactions on Systems Man and Cybernetics Systems,https://openalex.org/W7123342376
"IEEE Transactions on Systems, Man, and Cybernetics: Systems",IEEE,2026,2026-01-12,Gated-Dual-Attention-Based Full-Resolution Floor Plan Segmentation Network for Topological Semantic Mapping,Yiyang Sun; MengChu Zhou; Zhengcai Cao,56,4,10.1109/tsmc.2025.3648921,https://doi.org/10.1109/tsmc.2025.3648921,article,IEEE Transactions on Systems Man and Cybernetics Systems,https://openalex.org/W7123358275
"IEEE Transactions on Systems, Man, and Cybernetics: Systems",IEEE,2026,2026-01-12,Heterofunctional Graph Theoretic Framework for Holistic Resiliency Analysis of Power Systems,Prudhviraj Dhanapala; Amulya Sreejith; Balasubramaniam Natarajan; Anil Pahwa,56,3,10.1109/tsmc.2025.3650101,https://doi.org/10.1109/tsmc.2025.3650101,article,IEEE Transactions on Systems Man and Cybernetics Systems,https://openalex.org/W7123351234
"IEEE Transactions on Systems, Man, and Cybernetics: Systems",IEEE,2026,2026-01-12,Hierarchical Causal Graph Neural Networks With Cascading Failure Analysis for Complex Systems Root Cause Identification,Kai Zhong; Y. M. Xu; Yinglai Deng; Wenkai Hu; Fan Yang,56,3,10.1109/tsmc.2025.3646249,https://doi.org/10.1109/tsmc.2025.3646249,article,IEEE Transactions on Systems Man and Cybernetics Systems,https://openalex.org/W7123361719
"IEEE Transactions on Systems, Man, and Cybernetics: Systems",IEEE,2026,2026-01-12,LEGO-Motif: Enhancing IoT Topology Robustness With Evolutionary Motif-Based Generation,Ning Chen; Tie Qiu; Xiaobo Zhou; Songwei Zhang; Weisheng Si; Xingwei Wang,56,3,10.1109/tsmc.2025.3646727,https://doi.org/10.1109/tsmc.2025.3646727,article,IEEE Transactions on Systems Man and Cybernetics Systems,https://openalex.org/W7123338203
"IEEE Transactions on Systems, Man, and Cybernetics: Systems",IEEE,2026,2026-01-12,Multiscale Pooling Spatial–Temporal Attention Network: Elevating Cross Session and Small Sample Decoding in Motor Imagery Brain–Computer Interfaces,Weijie Chen; Ian P. Daly; Yixin Chen; Xiao Wu; Xinjie He; Xingyu Wang; Andrzej S Cichocki; Jing Jin,56,4,10.1109/tsmc.2025.3650196,https://doi.org/10.1109/tsmc.2025.3650196,article,IEEE Transactions on Systems Man and Cybernetics Systems,https://openalex.org/W7123335868
"IEEE Transactions on Systems, Man, and Cybernetics: Systems",IEEE,2026,2026-01-12,On the Almost-Global Stabilization of Rigid Bodies Using Exponential Coordinates,Javier Pliego-Jiménez; Carlos Montañez-Molina; Johnny Rubio-Pecasso,56,3,10.1109/tsmc.2025.3647469,https://doi.org/10.1109/tsmc.2025.3647469,article,IEEE Transactions on Systems Man and Cybernetics Systems,https://openalex.org/W7123335307
"IEEE Transactions on Systems, Man, and Cybernetics: Systems",IEEE,2026,2026-01-12,Optimal Output–Feedback Tracker Design of Linear Quadratic Tracking Problem Using High-Order Filter and Incremental Data Adaptive Dynamic Programming,Zhongyang Wang; Li Liang; Weinan Gao; Youqing Wang,56,2,10.1109/tsmc.2025.3647834,https://doi.org/10.1109/tsmc.2025.3647834,article,IEEE Transactions on Systems Man and Cybernetics Systems,https://openalex.org/W7123346082
"IEEE Transactions on Systems, Man, and Cybernetics: Systems",IEEE,2026,2026-01-12,Optimizing Performance While Considering Equity and Preference in Time-Constrained Group Multirole Assignment,Jiahui Yu; Libo Zhang; Haibin Zhu; Xianzhong Zhou,56,2,10.1109/tsmc.2025.3648031,https://doi.org/10.1109/tsmc.2025.3648031,article,IEEE Transactions on Systems Man and Cybernetics Systems,https://openalex.org/W7123368899
"IEEE Transactions on Systems, Man, and Cybernetics: Systems",IEEE,2026,2026-01-12,Reinforcement Learning Optimal Output Feedback Control for Takagi–Sugeno Fuzzy Systems With Disturbances,Yifan Deng; Wenting Song; Shaocheng Tong,56,4,10.1109/tsmc.2025.3649181,https://doi.org/10.1109/tsmc.2025.3649181,article,IEEE Transactions on Systems Man and Cybernetics Systems,https://openalex.org/W7123343226
"IEEE Transactions on Systems, Man, and Cybernetics: Systems",IEEE,2026,2026-01-12,Reinforcement Learning-Based Dynamic Event-Triggered Control for Unknown Nonaffine Systems Using Dynamic Feedback,Jinquan Lin; Bo Zhao; Yonghua Wang,56,3,10.1109/tsmc.2025.3647065,https://doi.org/10.1109/tsmc.2025.3647065,article,IEEE Transactions on Systems Man and Cybernetics Systems,https://openalex.org/W7123357253
"IEEE Transactions on Systems, Man, and Cybernetics: Systems",IEEE,2026,2026-01-12,Robust Security Control of a Class of Second-Order Nonlinear Systems Against DoS Attacks,Jin Xiaozheng; Jing Chi; Jiahu Qin; Wei Xing Zheng; Xiaoming Wu; Weiming Fu,56,2,10.1109/tsmc.2025.3646685,https://doi.org/10.1109/tsmc.2025.3646685,article,IEEE Transactions on Systems Man and Cybernetics Systems,https://openalex.org/W7123359778
"IEEE Transactions on Systems, Man, and Cybernetics: Systems",IEEE,2026,2026-01-12,Subgoal-Based Hierarchical Reinforcement Learning for Multiagent Collaboration,Cheng Xu; Yuchen Shi; Changtian Zhang; Ran Wang; Shihong Duan; Yadong Wan; Xiaotong Zhang,56,2,10.1109/tsmc.2025.3646451,https://doi.org/10.1109/tsmc.2025.3646451,article,IEEE Transactions on Systems Man and Cybernetics Systems,https://openalex.org/W7123362426
"IEEE Transactions on Systems, Man, and Cybernetics: Systems",IEEE,2026,2026-01-12,Two-Stage Observer-Based Fault Detection and Isolation for Re-Entrant Manufacturing Systems,Hao Sun; Qing Zhong Gao; Steven X. Ding; Jianbin Qiu; Jinhu Lv,56,4,10.1109/tsmc.2025.3650005,https://doi.org/10.1109/tsmc.2025.3650005,article,IEEE Transactions on Systems Man and Cybernetics Systems,https://openalex.org/W7123359318
"IEEE Transactions on Systems, Man, and Cybernetics: Systems",IEEE,2026,2026-01-12,Wafer Flow Time Control in Robotized Semiconductor Manufacturing Tools,Min-Chan Kim; Tae-Sun Yu,56,4,10.1109/tsmc.2025.3649646,https://doi.org/10.1109/tsmc.2025.3649646,article,IEEE Transactions on Systems Man and Cybernetics Systems,https://openalex.org/W7123353325
"IEEE Transactions on Systems, Man, and Cybernetics: Systems",IEEE,2026,2026-01-14,A Novel Compound Fault Diagnosis Method by Combining Feature Conditional Diffusion and Capsule Networks Under Scarce Samples,Xiaoli Su; Huimin Wang; Guang-Hong Yang,56,4,10.1109/tsmc.2026.3652132,https://doi.org/10.1109/tsmc.2026.3652132,article,IEEE Transactions on Systems Man and Cybernetics Systems,https://openalex.org/W7124146987
"IEEE Transactions on Systems, Man, and Cybernetics: Systems",IEEE,2026,2026-01-14,A Search Strategy With Graph Attention Networks and Neighborhood Search Features for Dynamic Flexible Job Shop Scheduling,Fuqing Zhao; Jia Yu; Ling Wang; Yang Yu,56,4,10.1109/tsmc.2025.3649526,https://doi.org/10.1109/tsmc.2025.3649526,article,IEEE Transactions on Systems Man and Cybernetics Systems,https://openalex.org/W7124157614
"IEEE Transactions on Systems, Man, and Cybernetics: Systems",IEEE,2026,2026-01-14,A Tri-Stage Cooperative Optimization Algorithm With Q-Learning Mechanism for the Multiobjective Distributed Flexible Job Shop Scheduling With Worker Factors,Fuqing Zhao; Jiali Gao; Ling Wang; Hongyan Sang,56,3,10.1109/tsmc.2025.3648993,https://doi.org/10.1109/tsmc.2025.3648993,article,IEEE Transactions on Systems Man and Cybernetics Systems,https://openalex.org/W7124174554
"IEEE Transactions on Systems, Man, and Cybernetics: Systems",IEEE,2026,2026-01-14,Adaptive Neural Backstepping Control for Uncertain MIMO Systems With Sensor/Actuator Faults and Asymmetric Time-Interval Output Constraints,Ning Zhou; Canyang Zhao; Xiaodong Cheng; Yuanqing Xia; Tiejun Li; B Wang,56,3,10.1109/tsmc.2025.3648683,https://doi.org/10.1109/tsmc.2025.3648683,article,IEEE Transactions on Systems Man and Cybernetics Systems,https://openalex.org/W7124136227
"IEEE Transactions on Systems, Man, and Cybernetics: Systems",IEEE,2026,2026-01-14,Causality-Informed Neural Networks for Regularized Learning in Regression Problems,Xiaoge Zhang; Tao Wang; Xiao-Lin Wang; Feng-Lei Fan; Yiu-Ming Cheung; Indranil Bose,56,3,10.1109/tsmc.2025.3646993,https://doi.org/10.1109/tsmc.2025.3646993,article,IEEE Transactions on Systems Man and Cybernetics Systems,https://openalex.org/W7124175540
"IEEE Transactions on Systems, Man, and Cybernetics: Systems",IEEE,2026,2026-01-14,Control Design for Nonuniform Continuum Arm System Using Static Force and In-Domain Velocity Feedback,Zhiji Han; Zhijie Liu; HongDu Wang; YONG ZHAO REN; Yidao Ji; Wei He,56,3,10.1109/tsmc.2025.3649349,https://doi.org/10.1109/tsmc.2025.3649349,article,IEEE Transactions on Systems Man and Cybernetics Systems,https://openalex.org/W7124165007
"IEEE Transactions on Systems, Man, and Cybernetics: Systems",IEEE,2026,2026-01-14,Deep Learning in Palmprint Recognition: A Comprehensive Survey,Chengrui Gao; Ziyuan Yang; Wei Jia; Lu Leng; Bob Zhang; Andrew Beng Jin Teoh,56,3,10.1109/tsmc.2025.3649416,https://doi.org/10.1109/tsmc.2025.3649416,article,IEEE Transactions on Systems Man and Cybernetics Systems,https://openalex.org/W7124151642
"IEEE Transactions on Systems, Man, and Cybernetics: Systems",IEEE,2026,2026-01-14,Dissipative Synchronization of Semi-Markov Jump Reaction–Diffusion Complex Dynamical Networks via Adaptive Event-Triggering,Wenhai Qi; Zhenzhen Yuan; J PARK; Jinde Cao; Huaicheng Yan,56,4,10.1109/tsmc.2025.3649088,https://doi.org/10.1109/tsmc.2025.3649088,article,IEEE Transactions on Systems Man and Cybernetics Systems,https://openalex.org/W7124142112
"IEEE Transactions on Systems, Man, and Cybernetics: Systems",IEEE,2026,2026-01-14,Dynamic Event-Triggered Cooperative Adaptive Optimal Output Regulation for Multiagent Systems With Input Saturation,Fuyu Zhao; Sunxiaoyu Luo; Lü Zhao; Changyun Wen,56,3,10.1109/tsmc.2025.3649760,https://doi.org/10.1109/tsmc.2025.3649760,article,IEEE Transactions on Systems Man and Cybernetics Systems,https://openalex.org/W7124193915
"IEEE Transactions on Systems, Man, and Cybernetics: Systems",IEEE,2026,2026-01-14,Enhanced Zeroing Neural Network for Kinematic Control of Surgical Manipulator Under RCM Constraints,Jing Guo; Kaiyao Luo; Yinlu Gan; Weixing Wu; Xi Yuan; Haohui Huang; Zhan Li; Chenguang Yang; Haifang Lou,56,3,10.1109/tsmc.2025.3648372,https://doi.org/10.1109/tsmc.2025.3648372,article,IEEE Transactions on Systems Man and Cybernetics Systems,https://openalex.org/W7124179228
"IEEE Transactions on Systems, Man, and Cybernetics: Systems",IEEE,2026,2026-01-14,Finite-Time Stability and State-Feedback Stabilization of Output-Constrained Stochastic Nonlinear Systems,Huifang Min; Shengyuan Xu; Guozeng Cui; Shang Shi,56,4,10.1109/tsmc.2025.3649985,https://doi.org/10.1109/tsmc.2025.3649985,article,IEEE Transactions on Systems Man and Cybernetics Systems,https://openalex.org/W7124131375
"IEEE Transactions on Systems, Man, and Cybernetics: Systems",IEEE,2026,2026-01-14,Hyperedge-Based Adaptive Pinning Control in Hypernetworks Under Dynamic Link Attacks,Wenying Yuan; Wei Gu; Tianliang Zhang; Tianchi Tong; Qian Nian Dong; Jinsheng Sun,56,4,10.1109/tsmc.2025.3649993,https://doi.org/10.1109/tsmc.2025.3649993,article,IEEE Transactions on Systems Man and Cybernetics Systems,https://openalex.org/W7124179377
"IEEE Transactions on Systems, Man, and Cybernetics: Systems",IEEE,2026,2026-01-14,Lightweight Log-Linear Learning With Neighborhood Search for Equilibrium Selection in Finite Potential Games,Zhe Li; C.W. Liu; Shaolin Tan; Wei Wang,56,4,10.1109/tsmc.2026.3651822,https://doi.org/10.1109/tsmc.2026.3651822,article,IEEE Transactions on Systems Man and Cybernetics Systems,https://openalex.org/W7124182368
"IEEE Transactions on Systems, Man, and Cybernetics: Systems",IEEE,2026,2026-01-14,Long- and Short-Term Constraint-Driven Safe Reinforcement Learning for Autonomous Driving,Xuemin Hu; Pan Chen; Yijun Wen; Bo Tang; Long Fei Chen,56,3,10.1109/tsmc.2025.3648508,https://doi.org/10.1109/tsmc.2025.3648508,article,IEEE Transactions on Systems Man and Cybernetics Systems,https://openalex.org/W7124157084
"IEEE Transactions on Systems, Man, and Cybernetics: Systems",IEEE,2026,2026-01-14,Multiobjective Multitask Optimization With Manifold Structure-Driven Knowledge Transfer,Tingyu Zhang; Xinyi Wu; Yanchi Li; Shuijia Li; Wenyin Gong,56,4,10.1109/tsmc.2025.3649528,https://doi.org/10.1109/tsmc.2025.3649528,article,IEEE Transactions on Systems Man and Cybernetics Systems,https://openalex.org/W7124214552
"IEEE Transactions on Systems, Man, and Cybernetics: Systems",IEEE,2026,2026-01-14,Optimal Scalability-Aware Allocation of Swarm Robots: From Linear to Retrograde Performance via Marginal Gains,Simay Atasoy Bingöl; Tobias Töpfer; Sven Kosub; Heiko Hamann; Andreagiovanni Reina,56,3,10.1109/tsmc.2025.3649593,https://doi.org/10.1109/tsmc.2025.3649593,article,IEEE Transactions on Systems Man and Cybernetics Systems,https://openalex.org/W7124150463
"IEEE Transactions on Systems, Man, and Cybernetics: Systems",IEEE,2026,2026-01-14,PECC: Position Encoding Coordinate Classification System Design for Human Pose Estimation,Tao Zhang; Yubo Zhang; Qiang Wu; Yeh-Cheng Chen; Neal N. Xiong,56,3,10.1109/tsmc.2025.3649204,https://doi.org/10.1109/tsmc.2025.3649204,article,IEEE Transactions on Systems Man and Cybernetics Systems,https://openalex.org/W7124221005
"IEEE Transactions on Systems, Man, and Cybernetics: Systems",IEEE,2026,2026-01-14,Prescribed-Time Containment Control for Multiple Mobile Robot Systems,Jiaming Zhang; Y. Liu; Ben Niu; Wenling Li; Bin Zhang,56,4,10.1109/tsmc.2025.3650119,https://doi.org/10.1109/tsmc.2025.3650119,article,IEEE Transactions on Systems Man and Cybernetics Systems,https://openalex.org/W7124163070
"IEEE Transactions on Systems, Man, and Cybernetics: Systems",IEEE,2026,2026-01-14,Probability-Guaranteed Distributed Fusion Estimation With Event-Driven Censored Measurements: A Binary Encoding Scheme,Jiayi Zhang; Guoliang Wei; Derui Ding; Han Chen,56,3,10.1109/tsmc.2025.3646816,https://doi.org/10.1109/tsmc.2025.3646816,article,IEEE Transactions on Systems Man and Cybernetics Systems,https://openalex.org/W7124155293
"IEEE Transactions on Systems, Man, and Cybernetics: Systems",IEEE,2026,2026-01-14,Sampled-Data Adaptive Backstepping Control for Incommensurate Air Handling Units in HVAC Systems,Xinyao Li; Ying Yong Zou; Jian Cen; Chao Deng; Feiqi Deng,56,3,10.1109/tsmc.2025.3648988,https://doi.org/10.1109/tsmc.2025.3648988,article,IEEE Transactions on Systems Man and Cybernetics Systems,https://openalex.org/W7124156239
"IEEE Transactions on Systems, Man, and Cybernetics: Systems",IEEE,2026,2026-01-14,Separation Approach to Adaptive Control for Robot Manipulators Without Joint-Space and Task-Space Velocity Measurements,Bo Zhang; Changchun Hua; Jiafeng Zhou; Jian Zhang; Y. Zhang,56,4,10.1109/tsmc.2025.3649270,https://doi.org/10.1109/tsmc.2025.3649270,article,IEEE Transactions on Systems Man and Cybernetics Systems,https://openalex.org/W7124148238
"IEEE Transactions on Systems, Man, and Cybernetics: Systems",IEEE,2026,2026-01-14,Stochastic Stabilization for Nonlinear Systems: A Noise-Compensated Prediction Scheme,Peiyang Lin; Feiqi Deng; Xueyan Zhao; Fangzhe Wan,56,4,10.1109/tsmc.2025.3649511,https://doi.org/10.1109/tsmc.2025.3649511,article,IEEE Transactions on Systems Man and Cybernetics Systems,https://openalex.org/W7124173560
"IEEE Transactions on Systems, Man, and Cybernetics: Systems",IEEE,2026,2026-01-15,Event-Triggered Zero-Sum Game for Safety Control of Autonomous Surface Vehicles,Shukang Chen; Shan Xue; Ruonan Liu; Zhihuan Hu; Weidong Zhang,56,2,10.1109/tsmc.2025.3541221,https://doi.org/10.1109/tsmc.2025.3541221,article,IEEE Transactions on Systems Man and Cybernetics Systems,https://openalex.org/W7124429372
"IEEE Transactions on Systems, Man, and Cybernetics: Systems",IEEE,2026,2026-01-15,Reinforcement Learning-Based Optimized Adaptive Secure Control for Constrained Fractional-Order Nonlinear Systems Under FDI Attacks,Shuai Song; Longhang Xing; Xiaona Song; Baoyong Zhang; Hak‐Keung Lam,56,4,10.1109/tsmc.2025.3650112,https://doi.org/10.1109/tsmc.2025.3650112,article,IEEE Transactions on Systems Man and Cybernetics Systems,https://openalex.org/W7124425414
"IEEE Transactions on Systems, Man, and Cybernetics: Systems",IEEE,2026,2026-01-16,Ensemble Transitive Bidirectional Decoupled Self-Distillation for Time-Series Classification,Zhiwen Xiao; Huanlai Xing; Rong Qu; Hui Li; Li Feng; Bowen Zhao; Qian Wan,56,3,10.1109/tsmc.2025.3647205,https://doi.org/10.1109/tsmc.2025.3647205,article,IEEE Transactions on Systems Man and Cybernetics Systems,https://openalex.org/W7124458840
"IEEE Transactions on Systems, Man, and Cybernetics: Systems",IEEE,2026,2026-01-16,Fuzzy Reinforcement Learning-Based Safe Cooperative Control for Nonlinear Multiagent Systems,Jinshan Bian; Chaoxu Mu; Hongbing Xia; Chenyi Si,56,4,10.1109/tsmc.2025.3650055,https://doi.org/10.1109/tsmc.2025.3650055,article,IEEE Transactions on Systems Man and Cybernetics Systems,https://openalex.org/W7124477070
"IEEE Transactions on Systems, Man, and Cybernetics: Systems",IEEE,2026,2026-01-16,Game-Based Driver–Automation Cooperative Control Considering Driver Neuromuscular Delay,Jun Liu; Hongyan Guo; Hong Chen; Dongpu Cao; Zhenhai Gao,56,2,10.1109/tsmc.2025.3613720,https://doi.org/10.1109/tsmc.2025.3613720,article,IEEE Transactions on Systems Man and Cybernetics Systems,https://openalex.org/W7124470364
"IEEE Transactions on Systems, Man, and Cybernetics: Systems",IEEE,2026,2026-01-16,Graph-Based Heterogeneous Multiagent Reinforcement Learning for Distribution System Service Restoration,Bangji Fan; Xinghua Liu; Yuanzhe Wang; Gaoxi Xiao; Yu Kang; Danwei Wang,56,4,10.1109/tsmc.2025.3649418,https://doi.org/10.1109/tsmc.2025.3649418,article,IEEE Transactions on Systems Man and Cybernetics Systems,https://openalex.org/W7124455773
"IEEE Transactions on Systems, Man, and Cybernetics: Systems",IEEE,2026,2026-01-19,Hybrid Method for Bounded Cost Check-in Deployments: Theory and Practice,Yiguang Bai; Cheng Dong; Sanyang Liu; Qian Li; Jing Yuan; Marcello Pelillo,56,3,10.1109/tsmc.2025.3647527,https://doi.org/10.1109/tsmc.2025.3647527,article,IEEE Transactions on Systems Man and Cybernetics Systems,https://openalex.org/W7124945543
"IEEE Transactions on Systems, Man, and Cybernetics: Systems",IEEE,2026,2026-01-19,Safety Aware Continual Reinforcement Learning-Based Output Tracking Control of Nonlinear Continuous-Time Systems,Irfan Ahmad Ganie; Sarangapani Jagannathan,56,3,10.1109/tsmc.2025.3647584,https://doi.org/10.1109/tsmc.2025.3647584,article,IEEE Transactions on Systems Man and Cybernetics Systems,https://openalex.org/W7125174928
"IEEE Transactions on Systems, Man, and Cybernetics: Systems",IEEE,2026,2026-01-19,Simulated-Annealing General Variable Neighborhood Search With Satellite Lists for Solving Colored Traveling Salesman Problems,Yaxing Duan; Jun Li; MengChu Zhou,56,4,10.1109/tsmc.2026.3652169,https://doi.org/10.1109/tsmc.2026.3652169,article,IEEE Transactions on Systems Man and Cybernetics Systems,https://openalex.org/W7125187875
"IEEE Transactions on Systems, Man, and Cybernetics: Systems",IEEE,2026,2026-01-21,A Cooperative Game-Theoretic Approach for Hardware–Software Partitioning in Multichiplet Integrated Systems,Shao Deng; Shanzhu Xiao; Huamin Tao; Jianxiong Zhou,56,4,10.1109/tsmc.2026.3651831,https://doi.org/10.1109/tsmc.2026.3651831,article,IEEE Transactions on Systems Man and Cybernetics Systems,https://openalex.org/W7125539613
"IEEE Transactions on Systems, Man, and Cybernetics: Systems",IEEE,2026,2026-01-21,An Analytical Approach for Target Defense Differential Games With Speed-Varying Players,Zhan Li; Xilun Li; Xuebo Yang; Xinghu Yu; Jianbin Qiu,56,3,10.1109/tsmc.2025.3650198,https://doi.org/10.1109/tsmc.2025.3650198,article,IEEE Transactions on Systems Man and Cybernetics Systems,https://openalex.org/W7125528538
"IEEE Transactions on Systems, Man, and Cybernetics: Systems",IEEE,2026,2026-01-21,An Efficient Solution Method for Workspace Boundary of Serpentine Manipulators Based on a Unified Kinematics Model,Deshan Meng; Tao Guo; Runhui Xiang; Ruiqi Wang; Junbo Tan; Xueqian Wang; Bin Liang,56,3,10.1109/tsmc.2025.3646248,https://doi.org/10.1109/tsmc.2025.3646248,article,IEEE Transactions on Systems Man and Cybernetics Systems,https://openalex.org/W7125520857
"IEEE Transactions on Systems, Man, and Cybernetics: Systems",IEEE,2026,2026-01-21,Asynchronous Federated Learning: A Scalable Approach for Decentralized Machine Learning,Ali Forootani; Raffaele Iervolino,56,3,10.1109/tsmc.2025.3648504,https://doi.org/10.1109/tsmc.2025.3648504,article,IEEE Transactions on Systems Man and Cybernetics Systems,https://openalex.org/W7125584652
"IEEE Transactions on Systems, Man, and Cybernetics: Systems",IEEE,2026,2026-01-21,Complexity Dynamics and Fuzzy Optimal Prescribed-Time Control of a Large Network of Bidirectionally Coupled FO PMSG,Shaohua Luo; Ya Zhang; Ye Cao; Frank L. Lewis,56,4,10.1109/tsmc.2026.3652808,https://doi.org/10.1109/tsmc.2026.3652808,article,IEEE Transactions on Systems Man and Cybernetics Systems,https://openalex.org/W7125507110
"IEEE Transactions on Systems, Man, and Cybernetics: Systems",IEEE,2026,2026-01-21,Deep Learning-Driven DDoS Attack Detection and Security Control in Autonomous Ground Vehicle: A Restart Controller Approach,Cheng Qiao; Xiao Cai; Yanbin Sun; Kaibo Shi; Zhihong Tian,56,4,10.1109/tsmc.2026.3652137,https://doi.org/10.1109/tsmc.2026.3652137,article,IEEE Transactions on Systems Man and Cybernetics Systems,https://openalex.org/W7125502459
"IEEE Transactions on Systems, Man, and Cybernetics: Systems",IEEE,2026,2026-01-21,"Detection, Retrieval, and Explanation Unified: A Violence Detection System Based on Knowledge Graphs and GAT",Wendong Jiang; Yu-Ting Chin; Yu-Ting Yang; Chih-Yung Chang; Diptendu Sinha Roy,56,4,10.1109/tsmc.2026.3653874,https://doi.org/10.1109/tsmc.2026.3653874,article,IEEE Transactions on Systems Man and Cybernetics Systems,https://openalex.org/W7125600512
"IEEE Transactions on Systems, Man, and Cybernetics: Systems",IEEE,2026,2026-01-21,Vibration Representation and Speed-Joint Network for Machinery Fault Diagnosis Under Time-Varying Conditions With Sparse Fault Data,W. M. Liu; Chaoang Xiao; Jianbo Yu,56,4,10.1109/tsmc.2026.3651692,https://doi.org/10.1109/tsmc.2026.3651692,article,IEEE Transactions on Systems Man and Cybernetics Systems,https://openalex.org/W7125601753
"IEEE Transactions on Systems, Man, and Cybernetics: Systems",IEEE,2026,2026-01-22,A Cognitively “AND”-Biased Adversarial TSK Fuzzy Classifier: Training and Generalization Analysis,Runshan Xie; Fu-lai Chung; Shitong Wang,56,4,10.1109/tsmc.2025.3649534,https://doi.org/10.1109/tsmc.2025.3649534,article,IEEE Transactions on Systems Man and Cybernetics Systems,https://openalex.org/W7125663208
"IEEE Transactions on Systems, Man, and Cybernetics: Systems",IEEE,2026,2026-01-22,A Review on Environment-Adaptive Gait Planning for Semiautonomous Lower Limb Exoskeletons,Edoardo Trombin; Stefano Tortora; Francesco Bettella; Alessandra Del Felice; Emanuele Menegatti; Luca Tonin,56,4,10.1109/tsmc.2026.3654358,https://doi.org/10.1109/tsmc.2026.3654358,article,IEEE Transactions on Systems Man and Cybernetics Systems,https://openalex.org/W7125634503
"IEEE Transactions on Systems, Man, and Cybernetics: Systems",IEEE,2026,2026-01-22,Adaptive Prescribed-Performance Tracking for Nonlinear CPSs Against Multiple Deception Attacks: An Actual Boundary Estimation Strategy,Kairui Chen; Chengzhen Yu; Zhi Liu; C. L. Philip Chen; Jianhui Wang,56,3,10.1109/tsmc.2025.3648804,https://doi.org/10.1109/tsmc.2025.3648804,article,IEEE Transactions on Systems Man and Cybernetics Systems,https://openalex.org/W7125597953
"IEEE Transactions on Systems, Man, and Cybernetics: Systems",IEEE,2026,2026-01-22,Altruism–Fairness Driven Optimization for Group Decision-Making Under Uncertainty,Han Wang; Zheng Ma; Zhen‐Song Chen; Zengqiang Wang; Francisco Chiclana,56,4,10.1109/tsmc.2025.3649876,https://doi.org/10.1109/tsmc.2025.3649876,article,IEEE Transactions on Systems Man and Cybernetics Systems,https://openalex.org/W7125642783
"IEEE Transactions on Systems, Man, and Cybernetics: Systems",IEEE,2026,2026-01-22,Contrastive Twin Latent Informer Based on Autoencoder for EEG Emotion Recognition,Mengpu Cai; Rongrong Fu; Changchun Hua; Guilin Wen; Yaodong Wang,56,4,10.1109/tsmc.2026.3651503,https://doi.org/10.1109/tsmc.2026.3651503,article,IEEE Transactions on Systems Man and Cybernetics Systems,https://openalex.org/W7125592446
"IEEE Transactions on Systems, Man, and Cybernetics: Systems",IEEE,2026,2026-01-22,Energy-Efficient Power Scheduling for State Estimation Over Two-Hop Relay Networks,Xue Zhang; Yao Li; Xinping Guan,56,4,10.1109/tsmc.2026.3650971,https://doi.org/10.1109/tsmc.2026.3650971,article,IEEE Transactions on Systems Man and Cybernetics Systems,https://openalex.org/W7125609913
"IEEE Transactions on Systems, Man, and Cybernetics: Systems",IEEE,2026,2026-01-22,Exploiting Hierarchical Category Information to Improve Next Point-of-Interest Recommendation Via Hyperbolic Graph Convolution Network,Zhuoxuan Huang; Hong‐yu Zhang; Tianyu Zhou; Hua Ma; Haibin Zhu,56,4,10.1109/tsmc.2026.3651345,https://doi.org/10.1109/tsmc.2026.3651345,article,IEEE Transactions on Systems Man and Cybernetics Systems,https://openalex.org/W7125640331
"IEEE Transactions on Systems, Man, and Cybernetics: Systems",IEEE,2026,2026-01-22,FLS-Based Adaptive Flight Control of Fixed-Wing UAV With Augmented Switching Model,Zhengguo Huang; Mou Chen; Hao Shen,56,3,10.1109/tsmc.2025.3649695,https://doi.org/10.1109/tsmc.2025.3649695,article,IEEE Transactions on Systems Man and Cybernetics Systems,https://openalex.org/W7125640392
"IEEE Transactions on Systems, Man, and Cybernetics: Systems",IEEE,2026,2026-01-22,Multidimensional Bayesian Networks for Modeling Complex Systems,Q. Liu; Carmen Martin; Ayeley Tchangani; François Pérès,56,3,10.1109/tsmc.2025.3647272,https://doi.org/10.1109/tsmc.2025.3647272,article,IEEE Transactions on Systems Man and Cybernetics Systems,https://openalex.org/W7125650118
"IEEE Transactions on Systems, Man, and Cybernetics: Systems",IEEE,2026,2026-01-22,Multiscale Convolutional Neural Network With Self-Attention Mechanism and Soft Thresholding for Industrial Process Fault Diagnosis,Youqiang Chen; Ridong Zhang,56,4,10.1109/tsmc.2026.3652405,https://doi.org/10.1109/tsmc.2026.3652405,article,IEEE Transactions on Systems Man and Cybernetics Systems,https://openalex.org/W7125578018
"IEEE Transactions on Systems, Man, and Cybernetics: Systems",IEEE,2026,2026-01-22,Recursive Filtering for Complex Networks With Amplify-and-Forward Relays Over Double Time-Correlated Fading Channels,Qi Li; Zidong Wang; Jun Feng Hu; Weiguo Sheng,56,3,10.1109/tsmc.2025.3647812,https://doi.org/10.1109/tsmc.2025.3647812,article,IEEE Transactions on Systems Man and Cybernetics Systems,https://openalex.org/W7125627593
"IEEE Transactions on Systems, Man, and Cybernetics: Systems",IEEE,2026,2026-01-22,Three-Stage Grouping Optimization for Large-Scale Collaborative E -Learning via Knowledge Graph and E-CARGO,Hua Ma; Xiangru Fu; Wensheng Tang; Ming Chen; Haibin Zhu; Keqin Li,56,4,10.1109/tsmc.2026.3651349,https://doi.org/10.1109/tsmc.2026.3651349,article,IEEE Transactions on Systems Man and Cybernetics Systems,https://openalex.org/W7125585711
"IEEE Transactions on Systems, Man, and Cybernetics: Systems",IEEE,2026,2026-01-22,Two-Stage Algorithm for Noncooperative Games With Semi-Continuous Variables,Jiale Zhang; Xin Dai; Wenli Du,56,3,10.1109/tsmc.2025.3648541,https://doi.org/10.1109/tsmc.2025.3648541,article,IEEE Transactions on Systems Man and Cybernetics Systems,https://openalex.org/W7125611964
"IEEE Transactions on Systems, Man, and Cybernetics: Systems",IEEE,2026,2026-01-23,Controllability of Lexicographic Product Networks,Bo Liu; Qiang Frankie Zhang; Junjie Huang; Housheng Su,56,4,10.1109/tsmc.2026.3651616,https://doi.org/10.1109/tsmc.2026.3651616,article,IEEE Transactions on Systems Man and Cybernetics Systems,https://openalex.org/W7125634237
"IEEE Transactions on Systems, Man, and Cybernetics: Systems",IEEE,2026,2026-01-23,Diversity-Driven Model Ensemble Adaptive Trust Region Policy Optimization,Haotian Xu; Zheng Yan; Junyu Xuan; Guangquan Zhang; Jie Lü,56,4,10.1109/tsmc.2026.3650850,https://doi.org/10.1109/tsmc.2026.3650850,article,IEEE Transactions on Systems Man and Cybernetics Systems,https://openalex.org/W7125608512
"IEEE Transactions on Systems, Man, and Cybernetics: Systems",IEEE,2026,2026-01-23,Hierarchical Robust Spacing and Speed Control Against Chassis Actuation Perturbations and Unknown Disturbances,Yanjun Ren; Fanxun Wang; Tong Shen; Mingzhuo Zhao; Qixiang Zhang; Guodong Yin,56,4,10.1109/tsmc.2025.3647726,https://doi.org/10.1109/tsmc.2025.3647726,article,IEEE Transactions on Systems Man and Cybernetics Systems,https://openalex.org/W7125637244
"IEEE Transactions on Systems, Man, and Cybernetics: Systems",IEEE,2026,2026-01-27,Differential Games With Event-Triggered Impulses Involving Partial Unmeasurable States,Chuandong Li; Mingchen Huan; Xiang Hu; Wenlu Liu,56,4,10.1109/tsmc.2026.3654688,https://doi.org/10.1109/tsmc.2026.3654688,article,IEEE Transactions on Systems Man and Cybernetics Systems,https://openalex.org/W7125801199
"IEEE Transactions on Systems, Man, and Cybernetics: Systems",IEEE,2026,2026-01-27,Prescribed-Time Fault-Tolerant Formation for Heterogeneous Switched Multiagent Systems,Haiying Zhang; Chen Chen; Zhengrong Xiang,56,4,10.1109/tsmc.2026.3654568,https://doi.org/10.1109/tsmc.2026.3654568,article,IEEE Transactions on Systems Man and Cybernetics Systems,https://openalex.org/W7125774440
"IEEE Transactions on Systems, Man, and Cybernetics: Systems",IEEE,2026,2026-01-28,Conic Hull Fitting-Based Dictionary Matrix Learning for Nonnegative Matrix Factorization,Zhijie Lin; Zhaoshui He; Hao Liang; Wenqing Su; Beihai Tan; Ji Tan,56,5,10.1109/tsmc.2026.3655184,https://doi.org/10.1109/tsmc.2026.3655184,article,IEEE Transactions on Systems Man and Cybernetics Systems,https://openalex.org/W7125941902
"IEEE Transactions on Systems, Man, and Cybernetics: Systems",IEEE,2026,2026-01-28,Hybrid Iteration-Based Reinforcement Learning Scheme for Markov Jump Multiarea Interconnected Power Systems,Hao Shen; Jinxu Liu; Qing Yang; Ju H. Park; Jing Wang,56,5,10.1109/tsmc.2026.3655579,https://doi.org/10.1109/tsmc.2026.3655579,article,IEEE Transactions on Systems Man and Cybernetics Systems,https://openalex.org/W7125977235
"IEEE Transactions on Systems, Man, and Cybernetics: Systems",IEEE,2026,2026-01-28,Incremental Heteroscedastic Gaussian Process Regression and Its Applications in Model Predictive Control,Wei He; Xiao Liang; Zhichao Yang; Shizhen Wu; Yongchun Fang,56,4,10.1109/tsmc.2026.3652411,https://doi.org/10.1109/tsmc.2026.3652411,article,IEEE Transactions on Systems Man and Cybernetics Systems,https://openalex.org/W7125932616
"IEEE Transactions on Systems, Man, and Cybernetics: Systems",IEEE,2026,2026-01-28,Multiresource-Constrained Flexible Job Shop Scheduling With Fixture Pallets and Setup Stations Under Pallet Automation Systems,Yulu Zhou; Jun Lv; ShiChang DU; X. Y. Shen; Molin Liu,56,4,10.1109/tsmc.2026.3655483,https://doi.org/10.1109/tsmc.2026.3655483,article,IEEE Transactions on Systems Man and Cybernetics Systems,https://openalex.org/W7125913058
"IEEE Transactions on Systems, Man, and Cybernetics: Systems",IEEE,2026,2026-01-28,Observer-Based Control for Switched Systems With Limited Statistical Information,Bo Cai; Kaixin Xu; Yihang Ding; Lixian Zhang; Yiming Wang,56,3,10.1109/tsmc.2025.3647957,https://doi.org/10.1109/tsmc.2025.3647957,article,IEEE Transactions on Systems Man and Cybernetics Systems,https://openalex.org/W7125984583
"IEEE Transactions on Systems, Man, and Cybernetics: Systems",IEEE,2026,2026-01-28,Robust Distributed Predictive Control of Cooperated Path Following for Wheeled Mobile Robots,Dongdong Qin; Andong Liu; Wen-An Zhang; L Shur Yu; Yang Shan Tang,56,4,10.1109/tsmc.2026.3654641,https://doi.org/10.1109/tsmc.2026.3654641,article,IEEE Transactions on Systems Man and Cybernetics Systems,https://openalex.org/W7125968026
"IEEE Transactions on Systems, Man, and Cybernetics: Systems",IEEE,2026,2026-01-29,A Collision-Free Reactive Guidance Module for Safety-Critical Vehicles Using Local Measurements,Fei Zhang; Guang-Hong Yang,56,4,10.1109/tsmc.2026.3656123,https://doi.org/10.1109/tsmc.2026.3656123,article,IEEE Transactions on Systems Man and Cybernetics Systems,https://openalex.org/W7126088464
"IEEE Transactions on Systems, Man, and Cybernetics: Systems",IEEE,2026,2026-01-29,A Knowledge-Data Integrated Graph Convolutional Network for Fault Diagnosis in Industrial Processes,Yan-Lin He; Z. H. Lu; Yuan Xu; Qun-Xiong Zhu; Xin Pan,56,5,10.1109/tsmc.2026.3655034,https://doi.org/10.1109/tsmc.2026.3655034,article,IEEE Transactions on Systems Man and Cybernetics Systems,https://openalex.org/W7126099752
"IEEE Transactions on Systems, Man, and Cybernetics: Systems",IEEE,2026,2026-01-29,Distributed Flexible Job Shop Scheduling With Heterogeneous Transportation Resources Constraints via Deep Reinforcement Learning and Graph Neural Network,Kaikai Zhu; Xiaobin Li; Pei Jiang; Min Cheng; Yuanqing Wu; Kaizhou Gao; Lei Ren,56,5,10.1109/tsmc.2026.3656196,https://doi.org/10.1109/tsmc.2026.3656196,article,IEEE Transactions on Systems Man and Cybernetics Systems,https://openalex.org/W7126093742
"IEEE Transactions on Systems, Man, and Cybernetics: Systems",IEEE,2026,2026-01-29,Joint Optimization Time-Slotted Computing Offloading and V2X Resource Allocation by Reinforcement Learning,Wenbo Hu; Hongfeng Wang; Junwei Wang,56,5,10.1109/tsmc.2026.3656020,https://doi.org/10.1109/tsmc.2026.3656020,article,IEEE Transactions on Systems Man and Cybernetics Systems,https://openalex.org/W7126024655
"IEEE Transactions on Systems, Man, and Cybernetics: Systems",IEEE,2026,2026-01-30,Prescribed-Time Consensus Tracking of Multiagent Systems Under Denial-of-Service Attacks With Application to Unmanned Vehicles,Huanyu Yang; Yujuan Wang; Kun Jiang; Yew-Soon Ong; Yongduan Song,56,5,10.1109/tsmc.2026.3655087,https://doi.org/10.1109/tsmc.2026.3655087,article,IEEE Transactions on Systems Man and Cybernetics Systems,https://openalex.org/W7126169288
"IEEE Transactions on Systems, Man, and Cybernetics: Systems",IEEE,2026,2026-02-01,Data-Driven Optimal Control of Linear Discrete Systems With Sensor Fault via a Performance Triggering Approach,Mouquan Shen; Wang Xianming; Liwei Li; Xudong Zhao; Qing‐Guo Wang; Zheng Hong Zhu,56,2,10.1109/tsmc.2025.3612155,https://doi.org/10.1109/tsmc.2025.3612155,article,IEEE Transactions on Systems Man and Cybernetics Systems,https://openalex.org/W7127597087
"IEEE Transactions on Systems, Man, and Cybernetics: Systems",IEEE,2026,2026-02-01,"IEEE Systems, Man, and Cybernetics Society Information",,56,2,10.1109/tsmc.2025.3650035,https://doi.org/10.1109/tsmc.2025.3650035,paratext,IEEE Transactions on Systems Man and Cybernetics Systems,https://openalex.org/W7127567036
"IEEE Transactions on Systems, Man, and Cybernetics: Systems",IEEE,2026,2026-02-01,"IEEE Systems, Man, and Cybernetics Society Information",,56,2,10.1109/tsmc.2025.3649952,https://doi.org/10.1109/tsmc.2025.3649952,paratext,IEEE Transactions on Systems Man and Cybernetics Systems,https://openalex.org/W7127572051
"IEEE Transactions on Systems, Man, and Cybernetics: Systems",IEEE,2026,2026-02-01,"IEEE Transactions on Systems, Man, and Cybernetics: Systems Information for Authors",,56,2,10.1109/tsmc.2025.3650037,https://doi.org/10.1109/tsmc.2025.3650037,paratext,IEEE Transactions on Systems Man and Cybernetics Systems,https://openalex.org/W7127619342
"IEEE Transactions on Systems, Man, and Cybernetics: Systems",IEEE,2026,2026-02-01,"IEEE Transactions on Systems, Man, and Cybernetics: Systems Information for Authors",,56,2,10.1109/tsmc.2025.3649954,https://doi.org/10.1109/tsmc.2025.3649954,paratext,IEEE Transactions on Systems Man and Cybernetics Systems,https://openalex.org/W7127730535
"IEEE Transactions on Systems, Man, and Cybernetics: Systems",IEEE,2026,2026-02-01,"IEEE Transactions on Systems, Man, and Cybernetics: Systems Publication Information",,56,2,10.1109/tsmc.2025.3650033,https://doi.org/10.1109/tsmc.2025.3650033,paratext,IEEE Transactions on Systems Man and Cybernetics Systems,https://openalex.org/W7127574084
"IEEE Transactions on Systems, Man, and Cybernetics: Systems",IEEE,2026,2026-02-01,"IEEE Transactions on Systems, Man, and Cybernetics: Systems Publication Information",,56,2,10.1109/tsmc.2025.3649950,https://doi.org/10.1109/tsmc.2025.3649950,paratext,IEEE Transactions on Systems Man and Cybernetics Systems,https://openalex.org/W7127635656
"IEEE Transactions on Systems, Man, and Cybernetics: Systems",IEEE,2026,2026-02-01,Introducing IEEE Collabratec,,56,2,10.1109/tsmc.2025.3650019,https://doi.org/10.1109/tsmc.2025.3650019,article,IEEE Transactions on Systems Man and Cybernetics Systems,https://openalex.org/W7127589116
"IEEE Transactions on Systems, Man, and Cybernetics: Systems",IEEE,2026,2026-02-01,Introducing IEEE Collabratec,,56,2,10.1109/tsmc.2025.3650015,https://doi.org/10.1109/tsmc.2025.3650015,article,IEEE Transactions on Systems Man and Cybernetics Systems,https://openalex.org/W7127639358
"IEEE Transactions on Systems, Man, and Cybernetics: Systems",IEEE,2026,2026-02-01,Table of Contents,,56,2,10.1109/tsmc.2025.3649948,https://doi.org/10.1109/tsmc.2025.3649948,paratext,IEEE Transactions on Systems Man and Cybernetics Systems,https://openalex.org/W7127624252
"IEEE Transactions on Systems, Man, and Cybernetics: Systems",IEEE,2026,2026-02-01,Table of Contents,,56,2,10.1109/tsmc.2025.3650031,https://doi.org/10.1109/tsmc.2025.3650031,paratext,IEEE Transactions on Systems Man and Cybernetics Systems,https://openalex.org/W7127646390
"IEEE Transactions on Systems, Man, and Cybernetics: Systems",IEEE,2026,2026-02-01,TechRxiv: Share Your Preprint Research With the World!,,56,2,10.1109/tsmc.2025.3650017,https://doi.org/10.1109/tsmc.2025.3650017,article,IEEE Transactions on Systems Man and Cybernetics Systems,https://openalex.org/W7127616660
"IEEE Transactions on Systems, Man, and Cybernetics: Systems",IEEE,2026,2026-02-01,TechRxiv: Share Your Preprint Research With the World!,,56,2,10.1109/tsmc.2025.3650013,https://doi.org/10.1109/tsmc.2025.3650013,article,IEEE Transactions on Systems Man and Cybernetics Systems,https://openalex.org/W7127692123
"IEEE Transactions on Systems, Man, and Cybernetics: Systems",IEEE,2026,2026-02-01,Thank You for Your Authorship,,56,2,10.1109/tsmc.2025.3650021,https://doi.org/10.1109/tsmc.2025.3650021,article,IEEE Transactions on Systems Man and Cybernetics Systems,https://openalex.org/W7127573983
"IEEE Transactions on Systems, Man, and Cybernetics: Systems",IEEE,2026,2026-02-03,A Dual-Surrogate Competition-Assisted Evolutionary Algorithm With Triggered Constraint First Search for Expensive Constrained Optimization,Kunjie Yu; Yuhan Chai; Fan Chen; Ke Chen; Rui Nie,56,5,10.1109/tsmc.2026.3657034,https://doi.org/10.1109/tsmc.2026.3657034,article,IEEE Transactions on Systems Man and Cybernetics Systems,https://openalex.org/W7127339294
"IEEE Transactions on Systems, Man, and Cybernetics: Systems",IEEE,2026,2026-02-04,Dynamic Event-Triggered Control for Switched Active Vehicle Suspension Systems: Sampled-Data Switching Law Design and HIL Validation,Yajing Ma; Xiangpeng Xie; Chun Zhu,56,6,10.1109/tsmc.2026.3657847,https://doi.org/10.1109/tsmc.2026.3657847,article,IEEE Transactions on Systems Man and Cybernetics Systems,https://openalex.org/W7127619187
"IEEE Transactions on Systems, Man, and Cybernetics: Systems",IEEE,2026,2026-02-04,Event-Triggered Adaptive Neural Asymptotic Control for Hydraulic Active Suspension Units in Emergency Rescue Vehicles,Yingjie Deng; Yalu Qin; Dingxuan Zhao; Tao Ni,56,5,10.1109/tsmc.2026.3658609,https://doi.org/10.1109/tsmc.2026.3658609,article,IEEE Transactions on Systems Man and Cybernetics Systems,https://openalex.org/W7127568995
"IEEE Transactions on Systems, Man, and Cybernetics: Systems",IEEE,2026,2026-02-04,Finite-Time Multilane Fusion Control for 2-D Plane Vehicle Platoon With Sensor and Actuator Faults,Manfei Lin; Zhan Shu; Cheng‐Lin Liu,56,5,10.1109/tsmc.2026.3657620,https://doi.org/10.1109/tsmc.2026.3657620,article,IEEE Transactions on Systems Man and Cybernetics Systems,https://openalex.org/W7127585257
"IEEE Transactions on Systems, Man, and Cybernetics: Systems",IEEE,2026,2026-02-04,GroupEx: Toward Group-Level Explanations of Graph Neural Networks,Sayan Saha; Sanghamitra Bandyopadhyay,56,5,10.1109/tsmc.2026.3655491,https://doi.org/10.1109/tsmc.2026.3655491,article,IEEE Transactions on Systems Man and Cybernetics Systems,https://openalex.org/W7127572798
"IEEE Transactions on Systems, Man, and Cybernetics: Systems",IEEE,2026,2026-02-04,Latent Diffusion Model for Social Recommendation,Qinyang He; Yihao Zhang; Kaibei Li; Xiaokang Li; Wei Zhou,56,5,10.1109/tsmc.2026.3657816,https://doi.org/10.1109/tsmc.2026.3657816,article,IEEE Transactions on Systems Man and Cybernetics Systems,https://openalex.org/W7127602903
"IEEE Transactions on Systems, Man, and Cybernetics: Systems",IEEE,2026,2026-02-04,Predefined-Time Sensor Fault-Tolerant Control for Motor Systems,Honggui Han; Weiyu Ji; Zheng Liu; Haoyuan Sun,56,4,10.1109/tsmc.2026.3655474,https://doi.org/10.1109/tsmc.2026.3655474,article,IEEE Transactions on Systems Man and Cybernetics Systems,https://openalex.org/W7127582987
"IEEE Transactions on Systems, Man, and Cybernetics: Systems",IEEE,2026,2026-02-04,Rank-Based Learning and Local Model-Based Evolutionary Algorithm for High-Dimensional Expensive Multiobjective Problems,Guodong Chen; Jiu Jimmy Jiao; Xiaoming Xue; Zhongzheng Wang,56,5,10.1109/tsmc.2026.3656639,https://doi.org/10.1109/tsmc.2026.3656639,article,IEEE Transactions on Systems Man and Cybernetics Systems,https://openalex.org/W7127609910
"IEEE Transactions on Systems, Man, and Cybernetics: Systems",IEEE,2026,2026-02-04,Reliable Formation Under TDMA Mechanism: Control-Communication Codesign,Yaru Chen; Yirui Cong; Xiangke Wang; Zhiyong Sun,56,5,10.1109/tsmc.2026.3656537,https://doi.org/10.1109/tsmc.2026.3656537,article,IEEE Transactions on Systems Man and Cybernetics Systems,https://openalex.org/W7127615309
"IEEE Transactions on Systems, Man, and Cybernetics: Systems",IEEE,2026,2026-02-06,A Segmentation-Driven Editing Method for Bolt Defect Augmentation and Detection,Y. J. Xiao; Ke Zhang; Jiacun Wang; Xin Sheng Che; Yurong Guo; Meijuan Chen; Zehua Ren; Zhaoye Zheng; Zhenbing Zhao,56,5,10.1109/tsmc.2026.3655553,https://doi.org/10.1109/tsmc.2026.3655553,article,IEEE Transactions on Systems Man and Cybernetics Systems,https://openalex.org/W7125517949
"IEEE Transactions on Systems, Man, and Cybernetics: Systems",IEEE,2026,2026-02-06,Adaptive Optimized Control for Nonlinear State-Dependent Constrained MIMO Systems and Applications to C-CSTR,Dongjuan Li; Yaping Ma; Dapeng Li; Shu Li; Lei Liu,56,6,10.1109/tsmc.2026.3658928,https://doi.org/10.1109/tsmc.2026.3658928,article,IEEE Transactions on Systems Man and Cybernetics Systems,https://openalex.org/W7128314734
"IEEE Transactions on Systems, Man, and Cybernetics: Systems",IEEE,2026,2026-02-06,Cooperative Output Regulation of Heterogeneous Systems With Actuator Faults: A Double-Layer Event-Triggered Approach,Guanglei Zhao; Yapeng Liu; Changchun Hua; Hailong Cui; Weili Ding,56,5,10.1109/tsmc.2026.3655078,https://doi.org/10.1109/tsmc.2026.3655078,article,IEEE Transactions on Systems Man and Cybernetics Systems,https://openalex.org/W7128316528
"IEEE Transactions on Systems, Man, and Cybernetics: Systems",IEEE,2026,2026-02-06,Decoding Driving Intentions via a Novel Brain–Computer Interface Paradigm With Low Cognitive Load and High Robustness,Jianxiang Sun; Zongtan Zhou; Yadong Liu; Daxue Liu; Haoqiang Chen; Yingxin Liu; DeWen HU,56,5,10.1109/tsmc.2026.3657849,https://doi.org/10.1109/tsmc.2026.3657849,article,IEEE Transactions on Systems Man and Cybernetics Systems,https://openalex.org/W7128304521
"IEEE Transactions on Systems, Man, and Cybernetics: Systems",IEEE,2026,2026-02-06,Dynamic Event-Based Distributed Output Feedback Intermittent Control for Cyber–Physical Systems Resilient to Denial-of-Service Attacks,Zhenyu Chang; Ying Guo; Guangdeng Zong; Wenhai Qi; Xudong Zhao,56,5,10.1109/tsmc.2026.3655012,https://doi.org/10.1109/tsmc.2026.3655012,article,IEEE Transactions on Systems Man and Cybernetics Systems,https://openalex.org/W7128319627
"IEEE Transactions on Systems, Man, and Cybernetics: Systems",IEEE,2026,2026-02-06,Dynamic Extraction of Subdialogs for Dialog Emotion Recognition,Zhenyu Yang; Zhibo Zhang; Yuhu Cheng; Tong Zhang; Xuesong Wang,56,5,10.1109/tsmc.2026.3655378,https://doi.org/10.1109/tsmc.2026.3655378,article,IEEE Transactions on Systems Man and Cybernetics Systems,https://openalex.org/W7128302211
"IEEE Transactions on Systems, Man, and Cybernetics: Systems",IEEE,2026,2026-02-06,Dynamic Learning-Based Optimal Sliding Mode Control for Fuzzy Singularly Perturbed Systems With FDI Attacks and Communication Constraints,Yan Li; Ding Zhu; Lijuan Zha; Jinliang Liu; Engang Tian,56,5,10.1109/tsmc.2026.3655429,https://doi.org/10.1109/tsmc.2026.3655429,article,IEEE Transactions on Systems Man and Cybernetics Systems,https://openalex.org/W7128308449
"IEEE Transactions on Systems, Man, and Cybernetics: Systems",IEEE,2026,2026-02-06,Fuzzy Logic Systems-Based Reinforcement Learning for Optimal Tracking Control of Multiagent Systems,Xiaoyang Liu; Lu Fan; Sikai Shen; Wenwu Yu; Song Zhu,56,5,10.1109/tsmc.2026.3655082,https://doi.org/10.1109/tsmc.2026.3655082,article,IEEE Transactions on Systems Man and Cybernetics Systems,https://openalex.org/W7128308435
"IEEE Transactions on Systems, Man, and Cybernetics: Systems",IEEE,2026,2026-02-06,Graph Tensor Convolutional Network,Ling Wang; Ye Yuan; Xin Luo,56,5,10.1109/tsmc.2026.3655418,https://doi.org/10.1109/tsmc.2026.3655418,article,IEEE Transactions on Systems Man and Cybernetics Systems,https://openalex.org/W7128304157
"IEEE Transactions on Systems, Man, and Cybernetics: Systems",IEEE,2026,2026-02-06,HDEFG-UFormer: A Hierarchical Depthwise-Expanded Feature Grouping Transformer-Based UNet for Gastrointestinal Disease Segmentation,Anass Garbaz; Yassine Oukdach; Said Charfi; Mohamed El Ansari; Lahcen Koutti; Mouna Salihoun,56,5,10.1109/tsmc.2026.3659057,https://doi.org/10.1109/tsmc.2026.3659057,article,IEEE Transactions on Systems Man and Cybernetics Systems,https://openalex.org/W7128312440
"IEEE Transactions on Systems, Man, and Cybernetics: Systems",IEEE,2026,2026-02-06,Homomorphic-Encryption-Based Secondary Voltage Regulation Secure Strategy for Multimicrogrids With Self-Updating Final Boundary Funnel Constraint,Zeyi Liu; Huaguang Zhang; Jiayue Sun; Ying Yan,56,5,10.1109/tsmc.2026.3656439,https://doi.org/10.1109/tsmc.2026.3656439,article,IEEE Transactions on Systems Man and Cybernetics Systems,https://openalex.org/W7128302608
"IEEE Transactions on Systems, Man, and Cybernetics: Systems",IEEE,2026,2026-02-06,LFE-Based Composite Fault-Tolerant Control for Nonlinear Systems: An Offline Policy-Iteration Zero-Sum Game Approach,Boqun Wang; Chenhui Qin; Ruiyang Qiu; Jianbin Qiu; Xiang-Gui Guo; Jianliang Wang,56,5,10.1109/tsmc.2026.3656072,https://doi.org/10.1109/tsmc.2026.3656072,article,IEEE Transactions on Systems Man and Cybernetics Systems,https://openalex.org/W7128322297
"IEEE Transactions on Systems, Man, and Cybernetics: Systems",IEEE,2026,2026-02-06,Multicontact Robot Arm Path Planning for Opening Handleless Doors,Valentin Šimundić; Luka Petrović; Robert Cupec,56,4,10.1109/tsmc.2026.3656177,https://doi.org/10.1109/tsmc.2026.3656177,article,IEEE Transactions on Systems Man and Cybernetics Systems,https://openalex.org/W7128307397
"IEEE Transactions on Systems, Man, and Cybernetics: Systems",IEEE,2026,2026-02-06,Observer-Based Finite-Time-Synchronized Load Frequency Control Using ADRC for Power Systems With Heterogeneous Distributed Resources,Xianyu Wang; Congzhi Huang; Shuzhi Sam Ge,56,6,10.1109/tsmc.2026.3659183,https://doi.org/10.1109/tsmc.2026.3659183,article,IEEE Transactions on Systems Man and Cybernetics Systems,https://openalex.org/W7128314247
"IEEE Transactions on Systems, Man, and Cybernetics: Systems",IEEE,2026,2026-02-06,Robustness Analysis in Networked Automated Manufacturing Systems With Control Delays and Losses Using Predictive Supervisors,Z. B. Zhang; Hesuan Hu,56,5,10.1109/tsmc.2026.3655358,https://doi.org/10.1109/tsmc.2026.3655358,article,IEEE Transactions on Systems Man and Cybernetics Systems,https://openalex.org/W7128304985
"IEEE Transactions on Systems, Man, and Cybernetics: Systems",IEEE,2026,2026-02-06,Uncertainty Predictive Observer-Based Model-Free Adaptive Disturbance Rejection Control,Yu Hui; Ronghu Chi; Yang Liu; Zhongsheng Hou; Biao Huang,56,5,10.1109/tsmc.2026.3654943,https://doi.org/10.1109/tsmc.2026.3654943,article,IEEE Transactions on Systems Man and Cybernetics Systems,https://openalex.org/W7128311860
"IEEE Transactions on Systems, Man, and Cybernetics: Systems",IEEE,2026,2026-02-06,Zonotopic Fault Interval Estimation for Discrete-Time Lipschitz Nonlinear Systems With L ∞ Intermediate Observer,Lulin Zhang; Yi Li; Jiuxiang Dong,56,6,10.1109/tsmc.2026.3658556,https://doi.org/10.1109/tsmc.2026.3658556,article,IEEE Transactions on Systems Man and Cybernetics Systems,https://openalex.org/W7128311505
"IEEE Transactions on Systems, Man, and Cybernetics: Systems",IEEE,2026,2026-02-10,An Auxiliary Problem-Assisted Evolutionary Algorithm With Dynamics Regulation for Complex Constrained Multiobjective Optimization,Zhengpeng Hu; Xiaobing Yu; Junhua Zhu; Gary G. Yen; Yu Xue,56,4,10.1109/tsmc.2025.3648724,https://doi.org/10.1109/tsmc.2025.3648724,article,IEEE Transactions on Systems Man and Cybernetics Systems,https://openalex.org/W7128531329
"IEEE Transactions on Systems, Man, and Cybernetics: Systems",IEEE,2026,2026-02-10,Hybrid Embedding SAM-Guided Feedback Network for RGB–Thermal Urban Scene Parsing,Xun Yang; Yaoru Sun; Chenglong Xu; Bo Yuan; Xuejie Yang; Qunhui Yang,56,6,10.1109/tsmc.2026.3660340,https://doi.org/10.1109/tsmc.2026.3660340,article,IEEE Transactions on Systems Man and Cybernetics Systems,https://openalex.org/W7128524149
"IEEE Transactions on Systems, Man, and Cybernetics: Systems",IEEE,2026,2026-02-10,Learning-Based Model Predictive Control With High-Probability Safety Using Gaussian Mixture Models,Xinli Shi; Qi Gao; Shaoyang Li; Guanghui Wen; Jinde Cao,56,6,10.1109/tsmc.2026.3659146,https://doi.org/10.1109/tsmc.2026.3659146,article,IEEE Transactions on Systems Man and Cybernetics Systems,https://openalex.org/W7128477721
"IEEE Transactions on Systems, Man, and Cybernetics: Systems",IEEE,2026,2026-02-10,Security-Based Practical Fixed-Time Adaptive Control for High-Power Nonlinear Cyber-Physical Systems,Yi Niu; Haiqing Huang; Ben Niu; Guangdeng Zong; Wenqi Zhou; Xiao Zheng; Yalu Mu,56,5,10.1109/tsmc.2026.3657362,https://doi.org/10.1109/tsmc.2026.3657362,article,IEEE Transactions on Systems Man and Cybernetics Systems,https://openalex.org/W7128504669
"IEEE Transactions on Systems, Man, and Cybernetics: Systems",IEEE,2026,2026-02-10,Understanding Over-Squashing in Dynamic Graphs,Chaokai Wu; Xiaofeng Zhang; Jianghong Ma,56,5,10.1109/tsmc.2026.3658409,https://doi.org/10.1109/tsmc.2026.3658409,article,IEEE Transactions on Systems Man and Cybernetics Systems,https://openalex.org/W7128530182
"IEEE Transactions on Systems, Man, and Cybernetics: Systems",IEEE,2026,2026-02-11,Edge–Cloud Cooperation-Driven Sustainable Smart Optimization Strategy for Additive Manufacturing,Shuaiyin Ma; Junchi Lv; Yuming Huang; Yanping Chen; Zhiqiang Yan; Maoyuan Li; Jiewu Leng,56,5,10.1109/tsmc.2026.3657115,https://doi.org/10.1109/tsmc.2026.3657115,article,IEEE Transactions on Systems Man and Cybernetics Systems,https://openalex.org/W7128617047
"IEEE Transactions on Systems, Man, and Cybernetics: Systems",IEEE,2026,2026-02-11,Multi-Agent Flexible Job Shop Scheduling by Deep Learning on Graphs With Evolutionary Neural Topology,Qiaoyun Wang; Shudong Sun,56,5,10.1109/tsmc.2026.3659237,https://doi.org/10.1109/tsmc.2026.3659237,article,IEEE Transactions on Systems Man and Cybernetics Systems,https://openalex.org/W7128608361
"IEEE Transactions on Systems, Man, and Cybernetics: Systems",IEEE,2026,2026-02-11,Near-Optimal Distributed Control of Automated Manufacturing Systems With Assembly Operations Using Petri Nets,Chen Chen; Chan Gu; Hesuan Hu,56,5,10.1109/tsmc.2026.3659271,https://doi.org/10.1109/tsmc.2026.3659271,article,IEEE Transactions on Systems Man and Cybernetics Systems,https://openalex.org/W7128618485
"IEEE Transactions on Systems, Man, and Cybernetics: Systems",IEEE,2026,2026-02-11,Output Feedback Asynchronous Fuzzy SMC of Nonlinear Markov Jump Systems via Hidden Mode Detections,Wenqiang Ji; Haiyong Chen; Jianbin Qiu; Yuan Fan,56,5,10.1109/tsmc.2026.3657201,https://doi.org/10.1109/tsmc.2026.3657201,article,IEEE Transactions on Systems Man and Cybernetics Systems,https://openalex.org/W7128646149
"IEEE Transactions on Systems, Man, and Cybernetics: Systems",IEEE,2026,2026-02-11,Pseudo-Label Refinement for Multimodal Unsupervised Domain Adaptation,Kuo Shi; Jie Lu; Zhen Fang; Guangquan Zhang,56,6,10.1109/tsmc.2026.3660284,https://doi.org/10.1109/tsmc.2026.3660284,article,IEEE Transactions on Systems Man and Cybernetics Systems,https://openalex.org/W7128623684
"IEEE Transactions on Systems, Man, and Cybernetics: Systems",IEEE,2026,2026-02-11,"RBKWOT: Rough-Allowance Borderline K -Mode Clustering, Weighted Oversampling Technique for Class Imbalance Handling",Anima Pramanik; Sankar Kumar Pal,56,4,10.1109/tsmc.2025.3627388,https://doi.org/10.1109/tsmc.2025.3627388,article,IEEE Transactions on Systems Man and Cybernetics Systems,https://openalex.org/W7128616549
"IEEE Transactions on Systems, Man, and Cybernetics: Systems",IEEE,2026,2026-02-11,Weighted FDI Attack Detection With Uncertain Parameters in Nonlinear Cyber-Physical Systems,Lingli Cheng; Yu Shi; Wang Li; Xisheng Zhan; Huaicheng Yan,56,6,10.1109/tsmc.2026.3659219,https://doi.org/10.1109/tsmc.2026.3659219,article,IEEE Transactions on Systems Man and Cybernetics Systems,https://openalex.org/W7128604556
"IEEE Transactions on Systems, Man, and Cybernetics: Systems",IEEE,2026,2026-02-12,Anti-Unwinding Active Fault-Tolerant Attitude Tracking Control for Uncertain Spacecraft via Fully Actuated System Approach,Shixiang Jia; Li Yuan; Jianbin Qiu; Tong Wang; Min Li,56,5,10.1109/tsmc.2026.3659255,https://doi.org/10.1109/tsmc.2026.3659255,article,IEEE Transactions on Systems Man and Cybernetics Systems,https://openalex.org/W7128723020
"IEEE Transactions on Systems, Man, and Cybernetics: Systems",IEEE,2026,2026-02-12,Deep Learning Based Pedestrian Dead Reckoning With Vision Anchor Augmentation for Seamless Centimeter-Level Indoor Positioning,Lien‐Wu Chen; Wei-Chu Huang,56,6,10.1109/tsmc.2026.3659913,https://doi.org/10.1109/tsmc.2026.3659913,article,IEEE Transactions on Systems Man and Cybernetics Systems,https://openalex.org/W7128699662
"IEEE Transactions on Systems, Man, and Cybernetics: Systems",IEEE,2026,2026-02-12,Optical Image-Assisted Zero-Shot Learning for Unknown Target Recognition in SAR Images,Xiaobao Tong; Yong Wang; Zhiyong Song; Tong Zhang,56,6,10.1109/tsmc.2026.3657908,https://doi.org/10.1109/tsmc.2026.3657908,article,IEEE Transactions on Systems Man and Cybernetics Systems,https://openalex.org/W7128686391
"IEEE Transactions on Systems, Man, and Cybernetics: Systems",IEEE,2026,2026-02-12,Rendezvous Optimization for Second-Order Multiagent Systems: A Neurodynamic Approach With Generalized Compensation Term,Zhanshan Wang; Yiyang Ge; Xiaolu Ye,56,5,10.1109/tsmc.2026.3658424,https://doi.org/10.1109/tsmc.2026.3658424,article,IEEE Transactions on Systems Man and Cybernetics Systems,https://openalex.org/W7128739092
"IEEE Transactions on Systems, Man, and Cybernetics: Systems",IEEE,2026,2026-02-12,Zhang Neural Network Model for Time-Variant Convex Optimization Involving Nonlinear Inequality Constraints With Robotic Application,Jielong Chen; Yan Pan; Yunong Zhang,56,6,10.1109/tsmc.2026.3658893,https://doi.org/10.1109/tsmc.2026.3658893,article,IEEE Transactions on Systems Man and Cybernetics Systems,https://openalex.org/W7128680785
"IEEE Transactions on Systems, Man, and Cybernetics: Systems",IEEE,2026,2026-02-13,Contouring Error-Bounded Control for Biaxial Switched Linear Systems,Meng Yuan; Ye Wang; Chris G. Manzie; Zhezhuang Xu; Tianyou Chai,56,6,10.1109/tsmc.2026.3660424,https://doi.org/10.1109/tsmc.2026.3660424,article,IEEE Transactions on Systems Man and Cybernetics Systems,https://openalex.org/W7128809570
"IEEE Transactions on Systems, Man, and Cybernetics: Systems",IEEE,2026,2026-02-13,Distributed Fixed-Time Resilient Consensus Control of Nonlinear Uncertain Multiagent Systems Under Sign-Switching Deception Attacks,Mengze Yu; Wei Wang; Jiaqi Yan; Yuzhang Peng,56,5,10.1109/tsmc.2026.3659274,https://doi.org/10.1109/tsmc.2026.3659274,article,IEEE Transactions on Systems Man and Cybernetics Systems,https://openalex.org/W7128787155
"IEEE Transactions on Systems, Man, and Cybernetics: Systems",IEEE,2026,2026-02-13,Fully Distributed Adaptive Fault-Tolerant Tracking Control for Nonlinear MASs: A Multihop Neighborhood Partition Approach,Shuxing Xuan; Hongjing Liang; Jiayue Sun; Tieshan Li,56,6,10.1109/tsmc.2026.3660633,https://doi.org/10.1109/tsmc.2026.3660633,article,IEEE Transactions on Systems Man and Cybernetics Systems,https://openalex.org/W7128804211
"IEEE Transactions on Systems, Man, and Cybernetics: Systems",IEEE,2026,2026-02-13,Integral Reinforcement Learning-Based Tracking Control for Nonlinear Markov Jump Systems With Unknown Dynamics,Wenhai Qi; Yuxin Sun; Guangdeng Zong; Zheng-Guang Wu; Yan Shi,56,6,10.1109/tsmc.2026.3659829,https://doi.org/10.1109/tsmc.2026.3659829,article,IEEE Transactions on Systems Man and Cybernetics Systems,https://openalex.org/W7128805168
"IEEE Transactions on Systems, Man, and Cybernetics: Systems",IEEE,2026,2026-02-13,Pre-Estimation System of Falling Asleep Process Using Distribution-Based Deep Learning Model With Polysomnography,Seungwon Oh; Young-Seok Kweon; Gi-Hwan Shin; Seong-Whan Lee,56,6,10.1109/tsmc.2026.3661918,https://doi.org/10.1109/tsmc.2026.3661918,article,IEEE Transactions on Systems Man and Cybernetics Systems,https://openalex.org/W7128793588
"IEEE Transactions on Systems, Man, and Cybernetics: Systems",IEEE,2026,2026-02-16,Auxiliary Innovation-Based Stealthy Attack Strategies Against Distributed State Estimation,Jitao Xing; Dan Ye,56,6,10.1109/tsmc.2026.3661026,https://doi.org/10.1109/tsmc.2026.3661026,article,IEEE Transactions on Systems Man and Cybernetics Systems,https://openalex.org/W7129038935
"IEEE Transactions on Systems, Man, and Cybernetics: Systems",IEEE,2026,2026-02-16,Hybrid Intelligent Optimization of Path-Constrained Switched Systems With Free Switching Sequences,Fu Jun; Zexiang Gao; Huan Li; Dali Chen; Xiaochen Zhu; Dongxiao Zhang,56,4,10.1109/tsmc.2026.3656695,https://doi.org/10.1109/tsmc.2026.3656695,article,IEEE Transactions on Systems Man and Cybernetics Systems,https://openalex.org/W7129062653
"IEEE Transactions on Systems, Man, and Cybernetics: Systems",IEEE,2026,2026-02-16,MADS-Based Formation Obstacle Avoidance Control for Multiagent Systems With Escaping Local Minima,Xuefei Wang; Dan Ye; Fang Wei,56,6,10.1109/tsmc.2026.3659583,https://doi.org/10.1109/tsmc.2026.3659583,article,IEEE Transactions on Systems Man and Cybernetics Systems,https://openalex.org/W7129088119
"IEEE Transactions on Systems, Man, and Cybernetics: Systems",IEEE,2026,2026-02-18,A Multigranularity Fuzzy Inference Approach for Out-of-Distribution Detection in Fault Diagnosis,Fir Dunkin; Xinde LI; Bin Fang; Guoliang Wu; Tao Shen; Bing Li; Shuzhi Sam Ge,56,6,10.1109/tsmc.2026.3659876,https://doi.org/10.1109/tsmc.2026.3659876,article,IEEE Transactions on Systems Man and Cybernetics Systems,https://openalex.org/W7130436176
"IEEE Transactions on Systems, Man, and Cybernetics: Systems",IEEE,2026,2026-02-18,Adaptive Event-Triggered Lag Consensus for Nonlinear Multiagent Systems With or Without External Disturbances,Jin-Liang Wang; Jian-Qiao Wang; Xue-Ke Li; Tingwen Huang,56,5,10.1109/tsmc.2026.3659239,https://doi.org/10.1109/tsmc.2026.3659239,article,IEEE Transactions on Systems Man and Cybernetics Systems,https://openalex.org/W7130361907
"IEEE Transactions on Systems, Man, and Cybernetics: Systems",IEEE,2026,2026-02-18,Adaptive Supervisor Synthesis for Automated Manufacturing Systems With Multiple Unreliable Resources,Nan Du; Dongnian Jiang; Hesuan Hu,56,7,10.1109/tsmc.2026.3662441,https://doi.org/10.1109/tsmc.2026.3662441,article,IEEE Transactions on Systems Man and Cybernetics Systems,https://openalex.org/W7130478420
"IEEE Transactions on Systems, Man, and Cybernetics: Systems",IEEE,2026,2026-02-18,Decentralized Periodic Event-Triggered Control for Large-Scale Systems With Unknown Nonlinear Interconnections and Measurement Delays,Jiankun Sun; Yunda Yan; Jun Yang; Zhigang Zeng,56,6,10.1109/tsmc.2026.3661244,https://doi.org/10.1109/tsmc.2026.3661244,article,IEEE Transactions on Systems Man and Cybernetics Systems,https://openalex.org/W7130387445
"IEEE Transactions on Systems, Man, and Cybernetics: Systems",IEEE,2026,2026-02-18,Distributed Adaptive Dynamic Programming for Optimal Cluster Synchronization of Multicluster Games Against Unknown Perturbation,Haoyan Zhang; Yingwei Zhang; Xudong Zhao; Chun-Yi Su,56,6,10.1109/tsmc.2026.3660827,https://doi.org/10.1109/tsmc.2026.3660827,article,IEEE Transactions on Systems Man and Cybernetics Systems,https://openalex.org/W7130389844
"IEEE Transactions on Systems, Man, and Cybernetics: Systems",IEEE,2026,2026-02-18,Distributed Strategy Seeking for Aggregative Games Over Digraphs Based on the Out-Degree Information,Mingfei Chen; Shuai Liu; Dong Wang; Xian-Ming Zhang,56,6,10.1109/tsmc.2026.3661582,https://doi.org/10.1109/tsmc.2026.3661582,article,IEEE Transactions on Systems Man and Cybernetics Systems,https://openalex.org/W7130396757
"IEEE Transactions on Systems, Man, and Cybernetics: Systems",IEEE,2026,2026-02-18,Efficient Self-Supervised Grading of Prostate Cancer Pathology,Riddhasree Bhattacharyya; Surochita Pal; Sushmita Mitra,56,7,10.1109/tsmc.2026.3662748,https://doi.org/10.1109/tsmc.2026.3662748,article,IEEE Transactions on Systems Man and Cybernetics Systems,https://openalex.org/W7130329250
"IEEE Transactions on Systems, Man, and Cybernetics: Systems",IEEE,2026,2026-02-18,Global Dissipativity and Quasi-Synchronization of Fractional-Order Complex-Valued Neural Networks With Mixed Delays,Hongfu Xu; Xinge Liu; Meilan Tang; Shuailei Zhang; Xuqing Fan; Xiaoyu Guo; Shuo Gao,56,6,10.1109/tsmc.2026.3661444,https://doi.org/10.1109/tsmc.2026.3661444,article,IEEE Transactions on Systems Man and Cybernetics Systems,https://openalex.org/W7130353091
"IEEE Transactions on Systems, Man, and Cybernetics: Systems",IEEE,2026,2026-02-18,Performance-Based Adaptive Control Preventing Input Saturation: A Monitoring Modulation Approach,Chen Sun; Yan Lin; Xuesong Wang; Jimin Wang,56,7,10.1109/tsmc.2026.3663052,https://doi.org/10.1109/tsmc.2026.3663052,article,IEEE Transactions on Systems Man and Cybernetics Systems,https://openalex.org/W7130473974
"IEEE Transactions on Systems, Man, and Cybernetics: Systems",IEEE,2026,2026-02-18,Predefined-Time Exact Tracking for Nonstrict Feedback Nonlinear Systems: A Novel Switching Feedback Gain Method,Yuzhi Kong; Bing Mao; Xiaoqun Wu; Jianwen Feng; Tingwen Huang,56,6,10.1109/tsmc.2026.3663317,https://doi.org/10.1109/tsmc.2026.3663317,article,IEEE Transactions on Systems Man and Cybernetics Systems,https://openalex.org/W7130416514
"IEEE Transactions on Systems, Man, and Cybernetics: Systems",IEEE,2026,2026-02-18,Predefined-Time and Predefined-Accuracy Adaptive Neural Tracking Control of Disturbed Nonstrict-Feedback Nonlinear Systems Under Asymmetric Output Constraints,Yu Zhang; Ben Niu; Xudong Zhao; Shuping Ma; Huanqing Wang,56,7,10.1109/tsmc.2026.3662749,https://doi.org/10.1109/tsmc.2026.3662749,article,IEEE Transactions on Systems Man and Cybernetics Systems,https://openalex.org/W7130317597
"IEEE Transactions on Systems, Man, and Cybernetics: Systems",IEEE,2026,2026-02-18,Prescribed-Time Tracking Control for Nonlinear Systems: A Nonvanishing Disturbance Observer-Based Approach,Yulong Ji; Xiucai Huang; Ben Niu; Yafeng Li; Xudong Zhao; Guangjing Song,56,7,10.1109/tsmc.2026.3659217,https://doi.org/10.1109/tsmc.2026.3659217,article,IEEE Transactions on Systems Man and Cybernetics Systems,https://openalex.org/W7130334923
"IEEE Transactions on Systems, Man, and Cybernetics: Systems",IEEE,2026,2026-02-18,Safety–Critical Pursuit–Evasion Game of Multiple Autonomous Surface Vehicles Based on Min–Max Optimization and Neural Network Dynamic Control,Ronghui Li; Nan Gu; D H Wang; Zhouhua Peng; Weidong Zhang,56,6,10.1109/tsmc.2026.3660251,https://doi.org/10.1109/tsmc.2026.3660251,article,IEEE Transactions on Systems Man and Cybernetics Systems,https://openalex.org/W7130420292
"IEEE Transactions on Systems, Man, and Cybernetics: Systems",IEEE,2026,2026-02-18,Scheduling Dual-Arm Cluster Tools With Multifunctional Process Modules Using Deep Reinforcement Learning,Prof. Qinghua Zhu; Linlin Liu; WeiXin Liang; Yan Hou,56,6,10.1109/tsmc.2026.3659946,https://doi.org/10.1109/tsmc.2026.3659946,article,IEEE Transactions on Systems Man and Cybernetics Systems,https://openalex.org/W7130327816
"IEEE Transactions on Systems, Man, and Cybernetics: Systems",IEEE,2026,2026-02-18,Working Condition-Decoupled and Invariant-Feature Fusion Transformer for Domain Generalization Intelligent Fault Diagnosis,Kaixiong Xu; Huafeng Li; Meichen Lu; Yi Chai; Youqiang Hu; Shenhang Wang; Ke Zhang,56,6,10.1109/tsmc.2026.3661501,https://doi.org/10.1109/tsmc.2026.3661501,article,IEEE Transactions on Systems Man and Cybernetics Systems,https://openalex.org/W7130402533
"IEEE Transactions on Systems, Man, and Cybernetics: Systems",IEEE,2026,2026-02-19,ConstrucTwin: Digital Twin-Driven Multirobot Construction System Toward Industry 5.0,Zhihao Liu; Jorge Bruno Silva; Ruirui Zhong; Qiang Qin; Neelabhro Roy; Victor Nan Fernandez-Ayala; Johan Lesko; Ulf Håkansson; Sara Sandberg; Dimos Dimarogonas; James Gross; Xi Vincent Wang; Lihui Wang,56,4,10.1109/tsmc.2026.3658622,https://doi.org/10.1109/tsmc.2026.3658622,article,IEEE Transactions on Systems Man and Cybernetics Systems,https://openalex.org/W7130615160
"IEEE Transactions on Systems, Man, and Cybernetics: Systems",IEEE,2026,2026-02-19,Contrastive Variational Graph Symmetric Autoencoder for Full Extrapolation Over Temporal Knowledge Graphs,Haichuan Fang; Zhen Tian; Youwei Wang; Bo Ji; Yangdong Ye,56,7,10.1109/tsmc.2026.3663166,https://doi.org/10.1109/tsmc.2026.3663166,article,IEEE Transactions on Systems Man and Cybernetics Systems,https://openalex.org/W7130548923
"IEEE Transactions on Systems, Man, and Cybernetics: Systems",IEEE,2026,2026-02-19,CurST-Net: Curriculum Learning Guided Spatial–Temporal Network for Traffic Flow Prediction,Shouming Chen; Xinlong Chen; Yisong Huang; Y. C. F. Su; Genggeng Liu; Yang-Geng Fu,56,6,10.1109/tsmc.2026.3661914,https://doi.org/10.1109/tsmc.2026.3661914,article,IEEE Transactions on Systems Man and Cybernetics Systems,https://openalex.org/W7130589036
"IEEE Transactions on Systems, Man, and Cybernetics: Systems",IEEE,2026,2026-02-19,Dynamic Event-Triggered Control for Human–Machine Cooperative Systems Based on Dynamic Authority Allocation,Dehua Zhang; Lei Meng; Linlin Liang; Chunbin Qin; Derong Liu,56,6,10.1109/tsmc.2026.3661716,https://doi.org/10.1109/tsmc.2026.3661716,article,IEEE Transactions on Systems Man and Cybernetics Systems,https://openalex.org/W7130586201
"IEEE Transactions on Systems, Man, and Cybernetics: Systems",IEEE,2026,2026-02-19,Reinforcement Learning Control for Manipulation of Flexible Payloads by Multiagent Robot Systems With Event Triggering Mechanism,Shuyang Liu; Bing Qiao; Z. H. Liu; Zhijia Zhao; Wei He,56,6,10.1109/tsmc.2026.3662473,https://doi.org/10.1109/tsmc.2026.3662473,article,IEEE Transactions on Systems Man and Cybernetics Systems,https://openalex.org/W7130602314
"IEEE Transactions on Systems, Man, and Cybernetics: Systems",IEEE,2026,2026-02-20,Adaptive Switched Bipartite Time-Varying Formation Control for Multiagent Systems With Inaccessible Leader and Follower Information,Xiaohang Li; Binrui Wang; Yueying Wang; Peng Shi; Weidong Zhang; Chenhang Yan,56,7,10.1109/tsmc.2026.3662455,https://doi.org/10.1109/tsmc.2026.3662455,article,IEEE Transactions on Systems Man and Cybernetics Systems,https://openalex.org/W7130686960
"IEEE Transactions on Systems, Man, and Cybernetics: Systems",IEEE,2026,2026-02-20,Gain Self-Adjustment Observation and Guaranteed Performance for Faulty Industrial Process System: A Performance Self-Recovery Approach,Peihao Du; Yan Lei; Hongyi Li; Weimin Zhong,56,7,10.1109/tsmc.2026.3662993,https://doi.org/10.1109/tsmc.2026.3662993,article,IEEE Transactions on Systems Man and Cybernetics Systems,https://openalex.org/W7130715933
"IEEE Transactions on Systems, Man, and Cybernetics: Systems",IEEE,2026,2026-02-23,Global Asymptotic Attitude Tracking for Uncertain Spacecraft With Full-State Error Constraints,Guangtai Tian; Xiaoyi Guan; Ka-Fai Cedric Yiu; Bin Li; Guangren Duan,56,3,10.1109/tsmc.2025.3649087,https://doi.org/10.1109/tsmc.2025.3649087,article,IEEE Transactions on Systems Man and Cybernetics Systems,https://openalex.org/W7131068538
"IEEE Transactions on Systems, Man, and Cybernetics: Systems",IEEE,2026,2026-02-23,Global Asymptotic Stability for Delayed Neural Networks via High-Degree Reciprocally Convex Inequality,Hao Ying; Sanyang Liu; Kaibo Shi; Shouming Zhong; Kun Zhou,56,7,10.1109/tsmc.2026.3663453,https://doi.org/10.1109/tsmc.2026.3663453,article,IEEE Transactions on Systems Man and Cybernetics Systems,https://openalex.org/W7131068323
"IEEE Transactions on Systems, Man, and Cybernetics: Systems",IEEE,2026,2026-02-23,"IEEE Systems, Man, and Cybernetics Society Information",,56,3,10.1109/tsmc.2026.3661664,https://doi.org/10.1109/tsmc.2026.3661664,paratext,IEEE Transactions on Systems Man and Cybernetics Systems,https://openalex.org/W7131084770
"IEEE Transactions on Systems, Man, and Cybernetics: Systems",IEEE,2026,2026-02-23,"IEEE Systems, Man, and Cybernetics Society Information",,56,3,10.1109/tsmc.2026.3661676,https://doi.org/10.1109/tsmc.2026.3661676,paratext,IEEE Transactions on Systems Man and Cybernetics Systems,https://openalex.org/W7131135679
"IEEE Transactions on Systems, Man, and Cybernetics: Systems",IEEE,2026,2026-02-23,"IEEE Transactions on Systems, Man, and Cybernetics: Systems Information for Authors",,56,3,10.1109/tsmc.2026.3661666,https://doi.org/10.1109/tsmc.2026.3661666,paratext,IEEE Transactions on Systems Man and Cybernetics Systems,https://openalex.org/W7131088732
"IEEE Transactions on Systems, Man, and Cybernetics: Systems",IEEE,2026,2026-02-23,"IEEE Transactions on Systems, Man, and Cybernetics: Systems Information for Authors",,56,3,10.1109/tsmc.2026.3661674,https://doi.org/10.1109/tsmc.2026.3661674,paratext,IEEE Transactions on Systems Man and Cybernetics Systems,https://openalex.org/W7131124043
"IEEE Transactions on Systems, Man, and Cybernetics: Systems",IEEE,2026,2026-02-23,"IEEE Transactions on Systems, Man, and Cybernetics: Systems Publication Information",,56,3,10.1109/tsmc.2026.3661680,https://doi.org/10.1109/tsmc.2026.3661680,paratext,IEEE Transactions on Systems Man and Cybernetics Systems,https://openalex.org/W7131107553
"IEEE Transactions on Systems, Man, and Cybernetics: Systems",IEEE,2026,2026-02-23,"IEEE Transactions on Systems, Man, and Cybernetics: Systems Publication Information",,56,3,10.1109/tsmc.2026.3661662,https://doi.org/10.1109/tsmc.2026.3661662,paratext,IEEE Transactions on Systems Man and Cybernetics Systems,https://openalex.org/W7131154785
"IEEE Transactions on Systems, Man, and Cybernetics: Systems",IEEE,2026,2026-02-23,Important-Data-Based DoS Attack Strategy and $H$$_{∞}$ State Estimator Design for a Class of Nonlinear Systems,Engang Tian; Xun Wang; Wei Xing Zheng,56,7,10.1109/tsmc.2026.3662006,https://doi.org/10.1109/tsmc.2026.3662006,article,IEEE Transactions on Systems Man and Cybernetics Systems,https://openalex.org/W7131121023
"IEEE Transactions on Systems, Man, and Cybernetics: Systems",IEEE,2026,2026-02-23,Introducing IEEE Collabratec,,56,3,10.1109/tsmc.2026.3661670,https://doi.org/10.1109/tsmc.2026.3661670,article,IEEE Transactions on Systems Man and Cybernetics Systems,https://openalex.org/W7131111388
"IEEE Transactions on Systems, Man, and Cybernetics: Systems",IEEE,2026,2026-02-23,Introducing IEEE Collabratec,,56,3,10.1109/tsmc.2026.3661682,https://doi.org/10.1109/tsmc.2026.3661682,article,IEEE Transactions on Systems Man and Cybernetics Systems,https://openalex.org/W7131120085
"IEEE Transactions on Systems, Man, and Cybernetics: Systems",IEEE,2026,2026-02-23,Multimetric Autoencoder for Representing High-Dimensional and Incomplete Data,Di Wu; Cheng Liang; Yi He; Yan Qiao; Xin Luo,56,3,10.1109/tsmc.2025.3646863,https://doi.org/10.1109/tsmc.2025.3646863,article,IEEE Transactions on Systems Man and Cybernetics Systems,https://openalex.org/W7131064322
"IEEE Transactions on Systems, Man, and Cybernetics: Systems",IEEE,2026,2026-02-23,Quantum Group Decision Making Method With Linguistic Z-Numbers Based on Trust Network,Shuli Yan; Yizhao Xu; Zaiwu Gong; Francisco Javier Cabrerizo,56,6,10.1109/tsmc.2026.3661105,https://doi.org/10.1109/tsmc.2026.3661105,article,IEEE Transactions on Systems Man and Cybernetics Systems,https://openalex.org/W7131065937
"IEEE Transactions on Systems, Man, and Cybernetics: Systems",IEEE,2026,2026-02-23,Robust Self-Triggered Nonlinear Impulsive Control for Uncertain Systems,Mingzhu Wang; Cuiping Lu; Xiaodi Li,56,7,10.1109/tsmc.2026.3663773,https://doi.org/10.1109/tsmc.2026.3663773,article,IEEE Transactions on Systems Man and Cybernetics Systems,https://openalex.org/W7131094319
"IEEE Transactions on Systems, Man, and Cybernetics: Systems",IEEE,2026,2026-02-23,Table of Contents,,56,3,10.1109/tsmc.2026.3661678,https://doi.org/10.1109/tsmc.2026.3661678,paratext,IEEE Transactions on Systems Man and Cybernetics Systems,https://openalex.org/W7131071662
"IEEE Transactions on Systems, Man, and Cybernetics: Systems",IEEE,2026,2026-02-23,Table of Contents,,56,3,10.1109/tsmc.2026.3661660,https://doi.org/10.1109/tsmc.2026.3661660,paratext,IEEE Transactions on Systems Man and Cybernetics Systems,https://openalex.org/W7131087124
"IEEE Transactions on Systems, Man, and Cybernetics: Systems",IEEE,2026,2026-02-23,TechRxiv: Share Your Preprint Research With the World!,,56,3,10.1109/tsmc.2026.3661668,https://doi.org/10.1109/tsmc.2026.3661668,article,IEEE Transactions on Systems Man and Cybernetics Systems,https://openalex.org/W7131086859
"IEEE Transactions on Systems, Man, and Cybernetics: Systems",IEEE,2026,2026-02-23,TechRxiv: Share Your Preprint Research With the World!,,56,3,10.1109/tsmc.2026.3661684,https://doi.org/10.1109/tsmc.2026.3661684,article,IEEE Transactions on Systems Man and Cybernetics Systems,https://openalex.org/W7131101862
"IEEE Transactions on Systems, Man, and Cybernetics: Systems",IEEE,2026,2026-02-23,Thank You for Your Authorship,,56,3,10.1109/tsmc.2026.3661672,https://doi.org/10.1109/tsmc.2026.3661672,article,IEEE Transactions on Systems Man and Cybernetics Systems,https://openalex.org/W7131071572
"IEEE Transactions on Systems, Man, and Cybernetics: Systems",IEEE,2026,2026-02-23,Thank You for Your Authorship,,56,3,10.1109/tsmc.2026.3661686,https://doi.org/10.1109/tsmc.2026.3661686,article,IEEE Transactions on Systems Man and Cybernetics Systems,https://openalex.org/W7131094895
"IEEE Transactions on Systems, Man, and Cybernetics: Systems",IEEE,2026,2026-02-24,A Heuristically Staged Multiagent Reinforcement Learning Method for the Coverage Search Problem of Decentralized Multiagent Systems,Ziheng Wang; Jianlei Zhang; Chunyan Zhang,56,6,10.1109/tsmc.2026.3660337,https://doi.org/10.1109/tsmc.2026.3660337,article,IEEE Transactions on Systems Man and Cybernetics Systems,https://openalex.org/W7131277121
"IEEE Transactions on Systems, Man, and Cybernetics: Systems",IEEE,2026,2026-02-24,Deep Learning-Based Benthonic Organism Detection: Fuzzy Channel--Spatial Attention,Ning Wang; Tingkai Chen; Zaijin You; Guichen Zhang; Shun-Feng Su,56,7,10.1109/tsmc.2026.3663987,https://doi.org/10.1109/tsmc.2026.3663987,article,IEEE Transactions on Systems Man and Cybernetics Systems,https://openalex.org/W7131245005
"IEEE Transactions on Systems, Man, and Cybernetics: Systems",IEEE,2026,2026-02-24,Fixed-Time Formation Hunting Control of Multi-Marine Surface Vehicle System Based on a Novel Deep Reinforcement Learning,Weiwei Bai; Yue Wang; Bo Zhao; Dewang CHEN; Andrea D’Ariano,56,7,10.1109/tsmc.2026.3663436,https://doi.org/10.1109/tsmc.2026.3663436,article,IEEE Transactions on Systems Man and Cybernetics Systems,https://openalex.org/W7131314563
"IEEE Transactions on Systems, Man, and Cybernetics: Systems",IEEE,2026,2026-02-24,Multidomain Evolutionary Optimization on Adversarial Link Perturbation in Imbalanced-Size Complex Systems,Jie Zhao; Kang Hao Cheong,56,4,10.1109/tsmc.2026.3652853,https://doi.org/10.1109/tsmc.2026.3652853,article,IEEE Transactions on Systems Man and Cybernetics Systems,https://openalex.org/W7131237438
"IEEE Transactions on Systems, Man, and Cybernetics: Systems",IEEE,2026,2026-02-24,Novel Data-Driven Discrete Neurodynamics Schemes for Redundant Manipulator Control,Min Yang; KaiXu Chen; Shuai Li; Hui Zhang,56,6,10.1109/tsmc.2026.3661728,https://doi.org/10.1109/tsmc.2026.3661728,article,IEEE Transactions on Systems Man and Cybernetics Systems,https://openalex.org/W7131259249
"IEEE Transactions on Systems, Man, and Cybernetics: Systems",IEEE,2026,2026-02-24,Privacy-Preserving Distributed Resilient Event-Triggered Platoon Control Under Hybrid Cyber Attacks,Ying Wan; Mingyang Yu; Junjie Fu; Guanghui Wen,56,7,10.1109/tsmc.2026.3662411,https://doi.org/10.1109/tsmc.2026.3662411,article,IEEE Transactions on Systems Man and Cybernetics Systems,https://openalex.org/W7131211920
"IEEE Transactions on Systems, Man, and Cybernetics: Systems",IEEE,2026,2026-02-25,CEC-FedISDG: A Cloud-Edge Collaboration Federated Invariance and Specificity Domain Generalization Method for Machine Remaining Useful Life Prediction,Jie Shang; Danyang Xu; Haobo Qiu; Chen Jiang; Liang Gao; Enrico Zio,56,7,10.1109/tsmc.2026.3663567,https://doi.org/10.1109/tsmc.2026.3663567,article,IEEE Transactions on Systems Man and Cybernetics Systems,https://openalex.org/W7131393319
"IEEE Transactions on Systems, Man, and Cybernetics: Systems",IEEE,2026,2026-02-25,Employing Eye Tracking to Assess Proficiency Level in Manufacturing Tasks via Machine Learning,Dat-Thanh Nguyen; Ezekiel Moroze; Hiroshi Nakajima; Arash Yazdanbakhsh,56,6,10.1109/tsmc.2026.3664305,https://doi.org/10.1109/tsmc.2026.3664305,article,IEEE Transactions on Systems Man and Cybernetics Systems,https://openalex.org/W7131430222
"IEEE Transactions on Systems, Man, and Cybernetics: Systems",IEEE,2026,2026-02-26,Orthogonal Projected Gradient Differential Neural Solution to Linear and Quadratic Constrained Optimization: Theory and Applications,Ying Liufu; Xin Lv; Long Jin; Shuai Li,56,7,10.1109/tsmc.2026.3664485,https://doi.org/10.1109/tsmc.2026.3664485,article,IEEE Transactions on Systems Man and Cybernetics Systems,https://openalex.org/W7131636062
"IEEE Transactions on Systems, Man, and Cybernetics: Systems",IEEE,2026,2026-02-27,Fractional-Order Online Policy Iteration-Based Approximate Optimal Control for Fractional-Order Nonlinear Systems,Jie Kong; Guoling Yuan; Bo Zhao,56,7,10.1109/tsmc.2026.3662249,https://doi.org/10.1109/tsmc.2026.3662249,article,IEEE Transactions on Systems Man and Cybernetics Systems,https://openalex.org/W7131880135
"IEEE Transactions on Systems, Man, and Cybernetics: Systems",IEEE,2026,2026-03-02,An Adversarial Robustness Enhancement Framework for Industrial Fault Diagnosis System With Spectral and Data Imbalance Awareness,Juanru Zhao; Ning Li,56,6,10.1109/tsmc.2026.3659658,https://doi.org/10.1109/tsmc.2026.3659658,article,IEEE Transactions on Systems Man and Cybernetics Systems,https://openalex.org/W7133224358
"IEEE Transactions on Systems, Man, and Cybernetics: Systems",IEEE,2026,2026-03-02,Multitense Knowledge Transfer for Asynchronous Multitasking Optimization,Honggui Han; Ben Zhao; Xiaolong Wu; Xin Li,56,5,10.1109/tsmc.2026.3658328,https://doi.org/10.1109/tsmc.2026.3658328,article,IEEE Transactions on Systems Man and Cybernetics Systems,https://openalex.org/W7133198785
"IEEE Transactions on Systems, Man, and Cybernetics: Systems",IEEE,2026,2026-03-02,Weighted Fusion of Classifiers With Approximate Reasoning and Reliability Evaluation for Multisource Information Fusion,Kezhu Zuo; Xinde LI; Le Yu; Huaping Liu; Yilin Dong; J. Dezert; Tao Shen; Shuzhi Sam Ge,56,7,10.1109/tsmc.2026.3665986,https://doi.org/10.1109/tsmc.2026.3665986,article,IEEE Transactions on Systems Man and Cybernetics Systems,https://openalex.org/W7133209081
"IEEE Transactions on Systems, Man, and Cybernetics: Systems",IEEE,2026,2026-03-03,A Robustness Indicator-Based Dual-Population Evolutionary Algorithm for Multimodal Multiobjective Optimization,Caitong Yue; Wenhao Ye; Jing Liang; Mengmeng Li; Kunjie Yu; Ying Bi; Boyang Qu,56,5,10.1109/tsmc.2026.3662059,https://doi.org/10.1109/tsmc.2026.3662059,article,IEEE Transactions on Systems Man and Cybernetics Systems,https://openalex.org/W7133352819
"IEEE Transactions on Systems, Man, and Cybernetics: Systems",IEEE,2026,2026-03-04,Decision-Oriented Fixed-Time Control for Multi-USVs in Pursuit–Evasion Game Subject to Exogenous Disturbances,Yuan Zhao; Jiapeng Liu; Cheng Fu; Hak-Keung Lam; Jinpeng Yu,56,6,10.1109/tsmc.2026.3660347,https://doi.org/10.1109/tsmc.2026.3660347,article,IEEE Transactions on Systems Man and Cybernetics Systems,https://openalex.org/W7133538753
"IEEE Transactions on Systems, Man, and Cybernetics: Systems",IEEE,2026,2026-03-05,A Distributionally Robust Optimization-Based Stochastic Self-Triggered Model Predictive Control,Bin Li; Wenhao Zhang; Mingming Shi,56,4,10.1109/tsmc.2025.3649661,https://doi.org/10.1109/tsmc.2025.3649661,article,IEEE Transactions on Systems Man and Cybernetics Systems,https://openalex.org/W7133673206
"IEEE Transactions on Systems, Man, and Cybernetics: Systems",IEEE,2026,2026-03-05,Perturbation-Based Pinning Control Strategy for Enhanced Synchronization in Complex Networks,Ziang Mao; Tianlong Fan; Linyuan Lü,56,5,10.1109/tsmc.2026.3659710,https://doi.org/10.1109/tsmc.2026.3659710,article,IEEE Transactions on Systems Man and Cybernetics Systems,https://openalex.org/W7133872315
"IEEE Transactions on Systems, Man, and Cybernetics: Systems",IEEE,2026,2026-03-05,Time-Varying Aerodynamic Model and Adaptive Control of the High Angle-of-Attack Maneuvering Flight for Fixed-Wing AAVs,Yufan Peng; Su Qun Cao; Xiangke Wang; Huangchao Yu,56,5,10.1109/tsmc.2026.3657656,https://doi.org/10.1109/tsmc.2026.3657656,article,IEEE Transactions on Systems Man and Cybernetics Systems,https://openalex.org/W7133680215
"IEEE Transactions on Systems, Man, and Cybernetics: Systems",IEEE,2026,2026-03-06,Distributed Fault-Tolerant Bipartite Output Consensus Control for Descriptor Discrete-Time Uncertain Multiagent Systems,Jie Zhang; Yao Yao; Jian-An Wang; Da-Wei Ding; Xiaolei Li,56,7,10.1109/tsmc.2026.3662694,https://doi.org/10.1109/tsmc.2026.3662694,article,IEEE Transactions on Systems Man and Cybernetics Systems,https://openalex.org/W7134107424
"IEEE Transactions on Systems, Man, and Cybernetics: Systems",IEEE,2026,2026-03-06,LEASE: Offline Preference-Based Reinforcement Learning With High Sample Efficiency,Xiao-Yin Liu; Guotao Li; Xiao-Hu Zhou; Zeng‐Guang Hou,56,7,10.1109/tsmc.2026.3663604,https://doi.org/10.1109/tsmc.2026.3663604,article,IEEE Transactions on Systems Man and Cybernetics Systems,https://openalex.org/W7134137142
"IEEE Transactions on Systems, Man, and Cybernetics: Systems",IEEE,2026,2026-03-10,Composite Observer-Based Resilient Adaptive Fault-Tolerant Control for Interconnected Nonlinear Systems Under Deception Attacks,Xinjun Wang; Xinyu Xu; Ben Niu; Xiaomei Wang; Xudong Zhao; Huanqing Wang,56,7,10.1109/tsmc.2026.3670883,https://doi.org/10.1109/tsmc.2026.3670883,article,IEEE Transactions on Systems Man and Cybernetics Systems,https://openalex.org/W7134959158
"IEEE Transactions on Systems, Man, and Cybernetics: Systems",IEEE,2026,2026-03-10,Distributed Aggregative Optimization of MASs Subject to Coupled Inequality Constraints,Rong Nie; Wenli Du; Zhongmei Li; Shuping He,56,4,10.1109/tsmc.2025.3624247,https://doi.org/10.1109/tsmc.2025.3624247,article,IEEE Transactions on Systems Man and Cybernetics Systems,https://openalex.org/W7134919308
"IEEE Transactions on Systems, Man, and Cybernetics: Systems",IEEE,2026,2026-03-10,Multiknowledge Adaptive Transfer Framework and Auxiliary Value Assessment Strategy for Constrained Multiobjective Optimization,Xiaochuan Gao; Qianlong Dang; Xinyu Feng; Xiaofang Li; Qiqi Liu; Tao Zhan,56,7,10.1109/tsmc.2026.3669395,https://doi.org/10.1109/tsmc.2026.3669395,article,IEEE Transactions on Systems Man and Cybernetics Systems,https://openalex.org/W7134917679
"IEEE Transactions on Systems, Man, and Cybernetics: Systems",IEEE,2026,2026-03-10,Secure Consensus Control of Nonlinear Multiagent Systems Based on Memory Adaptive Protocol,Kangyue Chen; Fei Yan,56,7,10.1109/tsmc.2026.3670229,https://doi.org/10.1109/tsmc.2026.3670229,article,IEEE Transactions on Systems Man and Cybernetics Systems,https://openalex.org/W7134927864
"IEEE Transactions on Systems, Man, and Cybernetics: Systems",IEEE,2026,2026-03-10,Variance-Reduced Decentralized Stochastic Optimization Algorithms With Communication Skip,Weicheng Xu; Ranran Li; Guang-Hong Yang,56,7,10.1109/tsmc.2026.3669596,https://doi.org/10.1109/tsmc.2026.3669596,article,IEEE Transactions on Systems Man and Cybernetics Systems,https://openalex.org/W7134896880
"IEEE Transactions on Systems, Man, and Cybernetics: Systems",IEEE,2026,2026-03-17,Boundary Control for Stochastic Reaction--Diffusion System Cascaded With an ODE System,Haoliang Liu; Kai‐Ning Wu,56,7,10.1109/tsmc.2026.3669145,https://doi.org/10.1109/tsmc.2026.3669145,article,IEEE Transactions on Systems Man and Cybernetics Systems,https://openalex.org/W7138186533
"IEEE Transactions on Systems, Man, and Cybernetics: Systems",IEEE,2026,2026-03-17,Prescribed-Time Control of Nonlinear Systems With Unknown Coefficients: An Event-Triggered Approach,Zeqiang Li; Yujuan Wang; Jason J. R. Liu; Yongduan Song,56,7,10.1109/tsmc.2026.3661541,https://doi.org/10.1109/tsmc.2026.3661541,article,IEEE Transactions on Systems Man and Cybernetics Systems,https://openalex.org/W7138017685
"IEEE Transactions on Systems, Man, and Cybernetics: Systems",IEEE,2026,2026-03-17,Prescribed-Time Optimization for Multiagent System With Inconsistent Constraint Sets,Xuening Xu; Zhiyong Yu; Haijun Jiang; Chunxia Zhu,56,7,10.1109/tsmc.2026.3672278,https://doi.org/10.1109/tsmc.2026.3672278,article,IEEE Transactions on Systems Man and Cybernetics Systems,https://openalex.org/W7138815253
"IEEE Transactions on Systems, Man, and Cybernetics: Systems",IEEE,2026,2026-03-18,"IEEE Systems, Man, and Cybernetics Society Information",,56,4,10.1109/tsmc.2026.3669274,https://doi.org/10.1109/tsmc.2026.3669274,paratext,IEEE Transactions on Systems Man and Cybernetics Systems,https://openalex.org/W7138972611
"IEEE Transactions on Systems, Man, and Cybernetics: Systems",IEEE,2026,2026-03-18,"IEEE Systems, Man, and Cybernetics Society Information",,56,4,10.1109/tsmc.2026.3669310,https://doi.org/10.1109/tsmc.2026.3669310,paratext,IEEE Transactions on Systems Man and Cybernetics Systems,https://openalex.org/W7139010721
"IEEE Transactions on Systems, Man, and Cybernetics: Systems",IEEE,2026,2026-03-18,"IEEE Transactions on Systems, Man, and Cybernetics: Systems Information for Authors",,56,4,10.1109/tsmc.2026.3669312,https://doi.org/10.1109/tsmc.2026.3669312,paratext,IEEE Transactions on Systems Man and Cybernetics Systems,https://openalex.org/W7139000123
"IEEE Transactions on Systems, Man, and Cybernetics: Systems",IEEE,2026,2026-03-18,"IEEE Transactions on Systems, Man, and Cybernetics: Systems Information for Authors",,56,4,10.1109/tsmc.2026.3669276,https://doi.org/10.1109/tsmc.2026.3669276,paratext,IEEE Transactions on Systems Man and Cybernetics Systems,https://openalex.org/W7139113537
"IEEE Transactions on Systems, Man, and Cybernetics: Systems",IEEE,2026,2026-03-18,"IEEE Transactions on Systems, Man, and Cybernetics: Systems Publication Information",,56,4,10.1109/tsmc.2026.3669308,https://doi.org/10.1109/tsmc.2026.3669308,paratext,IEEE Transactions on Systems Man and Cybernetics Systems,https://openalex.org/W7138837951
"IEEE Transactions on Systems, Man, and Cybernetics: Systems",IEEE,2026,2026-03-18,"IEEE Transactions on Systems, Man, and Cybernetics: Systems Publication Information",,56,4,10.1109/tsmc.2026.3669272,https://doi.org/10.1109/tsmc.2026.3669272,paratext,IEEE Transactions on Systems Man and Cybernetics Systems,https://openalex.org/W7138867307
"IEEE Transactions on Systems, Man, and Cybernetics: Systems",IEEE,2026,2026-03-18,Introducing IEEE Collabratec,,56,4,10.1109/tsmc.2026.3669281,https://doi.org/10.1109/tsmc.2026.3669281,article,IEEE Transactions on Systems Man and Cybernetics Systems,https://openalex.org/W7138851254
"IEEE Transactions on Systems, Man, and Cybernetics: Systems",IEEE,2026,2026-03-18,Table of Contents,,56,4,10.1109/tsmc.2026.3669270,https://doi.org/10.1109/tsmc.2026.3669270,paratext,IEEE Transactions on Systems Man and Cybernetics Systems,https://openalex.org/W7138903068
"IEEE Transactions on Systems, Man, and Cybernetics: Systems",IEEE,2026,2026-03-18,Table of Contents,,56,4,10.1109/tsmc.2026.3669306,https://doi.org/10.1109/tsmc.2026.3669306,paratext,IEEE Transactions on Systems Man and Cybernetics Systems,https://openalex.org/W7139009423
"IEEE Transactions on Systems, Man, and Cybernetics: Systems",IEEE,2026,2026-03-18,TechRxiv: Share Your Preprint Research With the World!,,56,4,10.1109/tsmc.2026.3669279,https://doi.org/10.1109/tsmc.2026.3669279,article,IEEE Transactions on Systems Man and Cybernetics Systems,https://openalex.org/W7138961337
"IEEE Transactions on Systems, Man, and Cybernetics: Systems",IEEE,2026,2026-03-18,TechRxiv: Share Your Preprint Research With the World!,,56,4,10.1109/tsmc.2026.3669314,https://doi.org/10.1109/tsmc.2026.3669314,article,IEEE Transactions on Systems Man and Cybernetics Systems,https://openalex.org/W7139092191
"IEEE Transactions on Systems, Man, and Cybernetics: Systems",IEEE,2026,2026-03-18,Thank You for Your Authorship,,56,4,10.1109/tsmc.2026.3669283,https://doi.org/10.1109/tsmc.2026.3669283,article,IEEE Transactions on Systems Man and Cybernetics Systems,https://openalex.org/W7138877780
"IEEE Transactions on Systems, Man, and Cybernetics: Systems",IEEE,2026,2026-03-19,CLAIRE: Compressed Latent Autoencoder for Industrial Representation and Evaluation---A Deep Learning Framework for Smart Manufacturing,Mohammadhossein Ghahramani; Mengchu Zhou,56,7,10.1109/tsmc.2026.3671163,https://doi.org/10.1109/tsmc.2026.3671163,article,IEEE Transactions on Systems Man and Cybernetics Systems,https://openalex.org/W7134234790
"IEEE Transactions on Systems, Man, and Cybernetics: Systems",IEEE,2026,2026-03-24,Industrial Processes Fault Diagnosis Method Based on Expert System-Guided Neural Network Decision-Space Sparsification,Min Yin; Youqing Wang; Wei Yu; David Wilson; Xin Ma,56,7,10.1109/tsmc.2026.3673583,https://doi.org/10.1109/tsmc.2026.3673583,article,IEEE Transactions on Systems Man and Cybernetics Systems,https://openalex.org/W7140200554
"IEEE Transactions on Systems, Man, and Cybernetics: Systems",IEEE,2026,2026-03-26,State Estimation of Markov Jump Neural Networks With Sensor Resolution and Innovation Saturation: A Binary-Encoding Scheme,Xiaobin Gao; Feiqi Deng; Xueyan Zhao; Pengyu Zeng; Lixue Wang,56,7,10.1109/tsmc.2026.3675037,https://doi.org/10.1109/tsmc.2026.3675037,article,IEEE Transactions on Systems Man and Cybernetics Systems,https://openalex.org/W7140459092
"IEEE Transactions on Systems, Man, and Cybernetics: Systems",IEEE,2026,2026-03-31,Game-Based Fuzzy Adaptive Least-Distance Formation Control for Nonlinear MASs Under Event-Triggered Communication,Haodong Zhou; Jun Ning; Shaocheng Tong,56,8,10.1109/tsmc.2026.3678264,https://doi.org/10.1109/tsmc.2026.3678264,article,IEEE Transactions on Systems Man and Cybernetics Systems,https://openalex.org/W7147017682
"IEEE Transactions on Systems, Man, and Cybernetics: Systems",IEEE,2026,2026-04-01,Tensorized Fine-Grained Incomplete Multiview Clustering via Intrinsic Structure Recovery,Huibing Wang; Luyan Cui; Mingze Yao; Xianping Fu,56,7,10.1109/tsmc.2026.3678289,https://doi.org/10.1109/tsmc.2026.3678289,article,IEEE Transactions on Systems Man and Cybernetics Systems,https://openalex.org/W7147204769
"IEEE Transactions on Systems, Man, and Cybernetics: Systems",IEEE,2026,2026-04-02,Adaptive PID-Incorporated Nonnegative Latent Factor Analysis,Jinli Li; Ye Yuan; Tiantian He; Xin Luo,56,7,10.1109/tsmc.2026.3678292,https://doi.org/10.1109/tsmc.2026.3678292,article,IEEE Transactions on Systems Man and Cybernetics Systems,https://openalex.org/W7148419541
"IEEE Transactions on Systems, Man, and Cybernetics: Systems",IEEE,2026,2026-04-02,Auto-Topology Particle Swarm Optimization for Multimodal Multiobjective Problems,Y A Liu; Ying Hou; Jingjing Wang; Honggui Han,56,8,10.1109/tsmc.2026.3678543,https://doi.org/10.1109/tsmc.2026.3678543,article,IEEE Transactions on Systems Man and Cybernetics Systems,https://openalex.org/W7148389953
"IEEE Transactions on Systems, Man, and Cybernetics: Systems",IEEE,2026,2026-04-02,Simultaneous Feature and Instance Selection via Evolutionary Auxiliary Optimization,Ruwang Jiao; Bing Xue; Mengjie Zhang,56,7,10.1109/tsmc.2026.3677086,https://doi.org/10.1109/tsmc.2026.3677086,article,IEEE Transactions on Systems Man and Cybernetics Systems,https://openalex.org/W7148552165
"IEEE Transactions on Systems, Man, and Cybernetics: Systems",IEEE,2026,2026-04-03,Evolutionary Hyper-Transformation for Multi-AAV Path Planning to Visit Moving Targets,Yulong Ding; Yuyang Wang; Yue Wei; Bin He; Bin Xin; Jie Chen,56,7,10.1109/tsmc.2026.3678144,https://doi.org/10.1109/tsmc.2026.3678144,article,IEEE Transactions on Systems Man and Cybernetics Systems,https://openalex.org/W7148820191
"IEEE Transactions on Systems, Man, and Cybernetics: Systems",IEEE,2026,2026-04-07,A Cooperative Steering Control Strategy for Human--Machine Co-Driving Based on Stackelberg Game and Reinforcement Learning,Yisheng An; Haijing Ning; Herong Zhu; Yaxin Wei; Naiqi Wu; Yang Bai; Xiangmo Zhao,56,8,10.1109/tsmc.2026.3680272,https://doi.org/10.1109/tsmc.2026.3680272,article,IEEE Transactions on Systems Man and Cybernetics Systems,https://openalex.org/W7151542884
"IEEE Transactions on Systems, Man, and Cybernetics: Systems",IEEE,2026,2026-04-07,Actor--Critic-Based Dynamic Event-Triggered Control for Hypersonic Flight Vehicles,Lei Shi; Xuesong Wang; C. L. Philip Chen; Maolong Lv; Yuhu Cheng,56,7,10.1109/tsmc.2026.3678732,https://doi.org/10.1109/tsmc.2026.3678732,article,IEEE Transactions on Systems Man and Cybernetics Systems,https://openalex.org/W7151605612
"IEEE Transactions on Systems, Man, and Cybernetics: Systems",IEEE,2026,2026-04-07,Adaptive Predefined-Time Neural Tracking Control for High-Order Nonlinear Systems: A Switching Event-Triggered Approach,Jing Wang; Wei Li Zhao; Feng Li; Huaicheng Yan; Hao Shen,56,7,10.1109/tsmc.2026.3679075,https://doi.org/10.1109/tsmc.2026.3679075,article,IEEE Transactions on Systems Man and Cybernetics Systems,https://openalex.org/W7151598992
"IEEE Transactions on Systems, Man, and Cybernetics: Systems",IEEE,2026,2026-04-07,Sparsity-Infused Position and Orientation Control for Redundant Manipulators,Zhengtai Xie; Jingnan Zhou; Jinchuan Zhao; Long Jin,56,7,10.1109/tsmc.2026.3678998,https://doi.org/10.1109/tsmc.2026.3678998,article,IEEE Transactions on Systems Man and Cybernetics Systems,https://openalex.org/W7151530087
"IEEE Transactions on Systems, Man, and Cybernetics: Systems",IEEE,2026,2026-04-08,Computationally Efficient Encrypted Neuroadaptive Optimal Control for Euler--Lagrange Systems With Unknown Dynamics,Haoran Zhang; Chunhui Zhao; Biao Huang; Zheng‐Guang Wu,56,8,10.1109/tsmc.2026.3680217,https://doi.org/10.1109/tsmc.2026.3680217,article,IEEE Transactions on Systems Man and Cybernetics Systems,https://openalex.org/W7151785522
"IEEE Transactions on Systems, Man, and Cybernetics: Systems",IEEE,2026,2026-04-08,Rate-Coded Secure Control for Heterogeneous Vehicle Platoon Based on Information Fusion Estimation,Bingjie Ding; Peihao Du; Qi Fan Zhou; Tianyi He; Hao Zhang,56,7,10.1109/tsmc.2026.3679673,https://doi.org/10.1109/tsmc.2026.3679673,article,IEEE Transactions on Systems Man and Cybernetics Systems,https://openalex.org/W7151938253
"IEEE Transactions on Systems, Man, and Cybernetics: Systems",IEEE,2026,2026-04-16,Distributed Recursive Filtering for a Class of State-Saturated Nonlinear Systems: A Novel Reputation-Aware Mechanism,Chaoqing Jia; Zidong Wang; Jun Feng Hu,56,8,10.1109/tsmc.2026.3681705,https://doi.org/10.1109/tsmc.2026.3681705,article,IEEE Transactions on Systems Man and Cybernetics Systems,https://openalex.org/W7154603067
"IEEE Transactions on Systems, Man, and Cybernetics: Systems",IEEE,2026,2026-04-16,Disuse and Misuse of AI-Generated Suggestions: Examining Human--AI Conflicts in AI-Assisted Decision-Making,Zi-Hao Wang; Xuanhua Xu; Cheng-Wei Zhao,56,8,10.1109/tsmc.2026.3681214,https://doi.org/10.1109/tsmc.2026.3681214,article,IEEE Transactions on Systems Man and Cybernetics Systems,https://openalex.org/W7154588328
"IEEE Transactions on Systems, Man, and Cybernetics: Systems",IEEE,2026,2026-04-16,"IEEE Systems, Man, and Cybernetics Society Information",,56,5,10.1109/tsmc.2026.3678689,https://doi.org/10.1109/tsmc.2026.3678689,paratext,IEEE Transactions on Systems Man and Cybernetics Systems,https://openalex.org/W7154568044
"IEEE Transactions on Systems, Man, and Cybernetics: Systems",IEEE,2026,2026-04-16,"IEEE Systems, Man, and Cybernetics Society Information",,56,5,10.1109/tsmc.2026.3679006,https://doi.org/10.1109/tsmc.2026.3679006,paratext,IEEE Transactions on Systems Man and Cybernetics Systems,https://openalex.org/W7154644207
"IEEE Transactions on Systems, Man, and Cybernetics: Systems",IEEE,2026,2026-04-16,"IEEE Transactions on Systems, Man, and Cybernetics: Systems Information for Authors",,56,5,10.1109/tsmc.2026.3679008,https://doi.org/10.1109/tsmc.2026.3679008,paratext,IEEE Transactions on Systems Man and Cybernetics Systems,https://openalex.org/W7154570003
"IEEE Transactions on Systems, Man, and Cybernetics: Systems",IEEE,2026,2026-04-16,"IEEE Transactions on Systems, Man, and Cybernetics: Systems Information for Authors",,56,5,10.1109/tsmc.2026.3678691,https://doi.org/10.1109/tsmc.2026.3678691,paratext,IEEE Transactions on Systems Man and Cybernetics Systems,https://openalex.org/W7154576919
"IEEE Transactions on Systems, Man, and Cybernetics: Systems",IEEE,2026,2026-04-16,"IEEE Transactions on Systems, Man, and Cybernetics: Systems Publication Information",,56,5,10.1109/tsmc.2026.3678687,https://doi.org/10.1109/tsmc.2026.3678687,paratext,IEEE Transactions on Systems Man and Cybernetics Systems,https://openalex.org/W7154581354
"IEEE Transactions on Systems, Man, and Cybernetics: Systems",IEEE,2026,2026-04-16,"IEEE Transactions on Systems, Man, and Cybernetics: Systems Publication Information",,56,5,10.1109/tsmc.2026.3679004,https://doi.org/10.1109/tsmc.2026.3679004,paratext,IEEE Transactions on Systems Man and Cybernetics Systems,https://openalex.org/W7154603244
"IEEE Transactions on Systems, Man, and Cybernetics: Systems",IEEE,2026,2026-04-16,Table of Contents,,56,5,10.1109/tsmc.2026.3678962,https://doi.org/10.1109/tsmc.2026.3678962,paratext,IEEE Transactions on Systems Man and Cybernetics Systems,https://openalex.org/W7154582705
"IEEE Transactions on Systems, Man, and Cybernetics: Systems",IEEE,2026,2026-04-16,Table of Contents,,56,5,10.1109/tsmc.2026.3678685,https://doi.org/10.1109/tsmc.2026.3678685,paratext,IEEE Transactions on Systems Man and Cybernetics Systems,https://openalex.org/W7154585558
"IEEE Transactions on Systems, Man, and Cybernetics: Systems",IEEE,2026,2026-04-16,TechRxiv: Share Your Preprint Research With the World!,,56,5,10.1109/tsmc.2026.3678693,https://doi.org/10.1109/tsmc.2026.3678693,article,IEEE Transactions on Systems Man and Cybernetics Systems,https://openalex.org/W7154578609
"IEEE Transactions on Systems, Man, and Cybernetics: Systems",IEEE,2026,2026-04-16,TechRxiv: Share Your Preprint Research With the World!,,56,5,10.1109/tsmc.2026.3678992,https://doi.org/10.1109/tsmc.2026.3678992,article,IEEE Transactions on Systems Man and Cybernetics Systems,https://openalex.org/W7154582818
"IEEE Transactions on Systems, Man, and Cybernetics: Systems",IEEE,2026,2026-04-20,WAQNIQA: Wavelet-Augmented Quaternion Network for No-Reference Image Quality Assessment,Yejing Huo; Guoheng Huang; Zhiwen Yu; Xiaochen Yuan; Chi‐Man Pun; Lianglun Cheng; Hanyu Shi; Xuhang Chen; Zehong Chen,56,8,10.1109/tsmc.2026.3683029,https://doi.org/10.1109/tsmc.2026.3683029,article,IEEE Transactions on Systems Man and Cybernetics Systems,https://openalex.org/W7154940174
"IEEE Transactions on Systems, Man, and Cybernetics: Systems",IEEE,2026,2026-04-22,MLRUI-R: Multilabel Feature Selection Considering Relative Uncertainty Information,Weiyi Huang; Xin Biao Lu; Jianhua Dai,56,8,10.1109/tsmc.2026.3682572,https://doi.org/10.1109/tsmc.2026.3682572,article,IEEE Transactions on Systems Man and Cybernetics Systems,https://openalex.org/W7155167844
"IEEE Transactions on Systems, Man, and Cybernetics: Systems",IEEE,2026,2026-04-22,Optimizing Participant Allocation for Multicontest Success: A Heterogeneous Temporal Graph Learning Approach,Jianyu Zhao; Lujie Zhou; Yi Jiang; Sam Kwong; Zhi‐Hui Zhan,56,7,10.1109/tsmc.2026.3674778,https://doi.org/10.1109/tsmc.2026.3674778,article,IEEE Transactions on Systems Man and Cybernetics Systems,https://openalex.org/W7155211362
"IEEE Transactions on Systems, Man, and Cybernetics: Systems",IEEE,2026,2026-04-22,Prescribed-Time Control for a Class of Underactuated Systems: A High-Order Fully Actuated System Approach,Xiaoshuang Zhou; Yana Yang; Changchun Hua; Tengfei Zhang; Junpeng Li,56,8,10.1109/tsmc.2026.3684544,https://doi.org/10.1109/tsmc.2026.3684544,article,IEEE Transactions on Systems Man and Cybernetics Systems,https://openalex.org/W7155167618
"IEEE Transactions on Systems, Man, and Cybernetics: Systems",IEEE,2026,2026-04-24,A Distributed Stochastic Unified Accelerated Algorithm for Convex Optimization Over Time-Varying Directed Networks,Bingxue Luo; Qingguo Lü; Huqiang Cheng; Hao Zhou; Xiaofeng Liao,56,8,10.1109/tsmc.2026.3683196,https://doi.org/10.1109/tsmc.2026.3683196,article,IEEE Transactions on Systems Man and Cybernetics Systems,https://openalex.org/W7155510939
"IEEE Transactions on Systems, Man, and Cybernetics: Systems",IEEE,2026,2026-04-27,Multiobjective Optimization-Based Subjective Probability Distribution Aggregation: A Survey,Zhen-Song Chen; Han Wang; Zheng Ma; Yi Yang; Zhengze Zhu; Francisco Chiclana; Witold Pedrycz; Miroslaw Jan Skibniewski,56,7,10.1109/tsmc.2026.3685096,https://doi.org/10.1109/tsmc.2026.3685096,article,IEEE Transactions on Systems Man and Cybernetics Systems,https://openalex.org/W7155991707
"IEEE Transactions on Systems, Man, and Cybernetics: Systems",IEEE,2026,2026-04-27,Resilient Control of CAV Platoons Under DoS Attacks With Compromised Leader Reachability,Hui-Ting Wang; Chao Huang; Kunwu Zhang; Yong Min He,56,8,10.1109/tsmc.2026.3682859,https://doi.org/10.1109/tsmc.2026.3682859,article,IEEE Transactions on Systems Man and Cybernetics Systems,https://openalex.org/W7156164551
"IEEE Transactions on Systems, Man, and Cybernetics: Systems",IEEE,2026,2026-04-27,Resilient Optimal Tracking of Output Formation for Open Multiagent Systems With Time-Varying Malicious Agents,Lingfei Su; Yongzhao Hua; Xiaoduo Li; Xiwang Dong; Jinhu Lü; Danwei Wang,56,8,10.1109/tsmc.2026.3684908,https://doi.org/10.1109/tsmc.2026.3684908,article,IEEE Transactions on Systems Man and Cybernetics Systems,https://openalex.org/W7156092470
"IEEE Transactions on Systems, Man, and Cybernetics: Systems",IEEE,2026,2026-04-29,Design of Stealthy Deception Attacks on Remote Estimation With Historical Data,Zhi Lian; Peng Shi; Mehrdad Saif; Mou Chen,56,8,10.1109/tsmc.2026.3679698,https://doi.org/10.1109/tsmc.2026.3679698,article,IEEE Transactions on Systems Man and Cybernetics Systems,https://openalex.org/W7160097474
"IEEE Transactions on Systems, Man, and Cybernetics: Systems",IEEE,2026,2026-05-04,Learning-Based Multiobjective Coevolutionary Algorithm for Mixed-Model Assembly Line Balancing and Sequencing Problem With Collaborative Robots,Chenyu Zheng; Zixiang Li; Ling Wang; Wanlin Yang; Zikai Zhang; Liping Zhang; Qiuhua Tang,56,8,10.1109/tsmc.2026.3687516,https://doi.org/10.1109/tsmc.2026.3687516,article,IEEE Transactions on Systems Man and Cybernetics Systems,https://openalex.org/W7160028948
"IEEE Transactions on Systems, Man, and Cybernetics: Systems",IEEE,2026,2026-05-05,A Novel Prescribed-Time Performance Security Control for Vehicular Platoon Under Dual Attacks via NN-Based Extended State Observers,Shenquan Wang; Jiaxin An; Yanzheng Zhu; Yulian Jiang,56,8,10.1109/tsmc.2026.3688236,https://doi.org/10.1109/tsmc.2026.3688236,article,IEEE Transactions on Systems Man and Cybernetics Systems,https://openalex.org/W7160308539
"IEEE Transactions on Systems, Man, and Cybernetics: Systems",IEEE,2026,2026-05-05,CHF Detection From Long-Term ECGs Using Dual-View Class-Specific Broad Aggregation Network,Wei Fan; Qin Wang; Xianhong Shu; Weiyi Yang; Yi Guo; Yuanyuan Wang,56,6,10.1109/tsmc.2026.3662459,https://doi.org/10.1109/tsmc.2026.3662459,article,IEEE Transactions on Systems Man and Cybernetics Systems,https://openalex.org/W7160249657
"IEEE Transactions on Systems, Man, and Cybernetics: Systems",IEEE,2026,2026-05-05,Dynamic Event-Triggered Robust Switching Control for Path Tracking of Electric Semi-Trailer Trucks in Varying-Curvature Paths,Yujie Liu; Ming Yue; Hongbo Song; Xudong Zhao,56,8,10.1109/tsmc.2026.3687917,https://doi.org/10.1109/tsmc.2026.3687917,article,IEEE Transactions on Systems Man and Cybernetics Systems,https://openalex.org/W7160237594
"IEEE Transactions on Systems, Man, and Cybernetics: Systems",IEEE,2026,2026-05-05,Efficient State Transition Algorithm With Guaranteed Optimality,Xiaojun Zhou; Chunhua Yang (346871); Weihua Gui; Tingwen Huang,56,8,10.1109/tsmc.2026.3688256,https://doi.org/10.1109/tsmc.2026.3688256,article,IEEE Transactions on Systems Man and Cybernetics Systems,https://openalex.org/W7159722571
"IEEE Transactions on Systems, Man, and Cybernetics: Systems",IEEE,2026,2026-05-05,Entropy-Based Information--Energy Optimization for Integrated Energy Systems With High RES Penetration,Ziming Liu; Bonan Huang; Rufei Ren; Jing Dai; Yushuai Li; Qiuye Sun; David Wenzhong Gao; Tingwen Huang,56,8,10.1109/tsmc.2026.3686296,https://doi.org/10.1109/tsmc.2026.3686296,article,IEEE Transactions on Systems Man and Cybernetics Systems,https://openalex.org/W7160232858
"IEEE Transactions on Systems, Man, and Cybernetics: Systems",IEEE,2026,2026-05-05,Federated Class Incremental Learning Method With High Accuracy and Extremely Low Communication Cost Based on Broad Learning System,Jie Du; Wenbing Chen; Peng Liu; Chi‐Man Vong; Tianfu Wang; C L Philip Chen,56,8,10.1109/tsmc.2026.3687878,https://doi.org/10.1109/tsmc.2026.3687878,article,IEEE Transactions on Systems Man and Cybernetics Systems,https://openalex.org/W7160322393
"IEEE Transactions on Systems, Man, and Cybernetics: Systems",IEEE,2026,2026-05-05,Monitoring-Based Prescribed Performance Control for Nonlinear Systems Against Actuator Faults,Teng-Fei Fang; H Wang; Guang-Hong Yang,56,8,10.1109/tsmc.2026.3688674,https://doi.org/10.1109/tsmc.2026.3688674,article,IEEE Transactions on Systems Man and Cybernetics Systems,https://openalex.org/W7160306777
"IEEE Transactions on Systems, Man, and Cybernetics: Systems",IEEE,2026,2026-05-05,Opinion Dynamics on Higher-Order Social Networks: A Continuous-Time Perspective,Zhaoyang Duan; Jiangwei Yan; Xiulin Dong; Feng Liu; Yang Tang,56,8,10.1109/tsmc.2026.3686176,https://doi.org/10.1109/tsmc.2026.3686176,article,IEEE Transactions on Systems Man and Cybernetics Systems,https://openalex.org/W7160285397
"IEEE Transactions on Systems, Man, and Cybernetics: Systems",IEEE,2026,2026-05-05,Set-Based Asynchronous State Estimation for Networked Switched Neural Networks,Weizhong Chen; Haoxu Wang; X G Wang; Ying Zhao; X G Wang,56,8,10.1109/tsmc.2026.3687856,https://doi.org/10.1109/tsmc.2026.3687856,article,IEEE Transactions on Systems Man and Cybernetics Systems,https://openalex.org/W7160305676
"IEEE Transactions on Systems, Man, and Cybernetics: Systems",IEEE,2026,2026-05-06,Expanded Deep Embedding Clustering With Adversarial Learning and Adaptive Graph Constraint,Xiaoyu Zheng; Shiyuan Han; Jin Zhou; C L Philip Chen; Yingxu Wang; Yuehui Chen; Lin Wang; Tao Du; Cheng Yang; Bowen Liu,56,8,10.1109/tsmc.2026.3688565,https://doi.org/10.1109/tsmc.2026.3688565,article,IEEE Transactions on Systems Man and Cybernetics Systems,https://openalex.org/W7160407676
"IEEE Transactions on Systems, Man, and Cybernetics: Systems",IEEE,2026,2026-05-06,Model-Based Actor–Critic Learning for Secure Tracking Control of Vehicle Systems With a Dynamic Event-Triggered Mechanism,Jinliang Liu; Bin Lv; Meng Yang; Engang Tian; Chen Peng; Tingwen Huang,56,8,10.1109/tsmc.2026.3688583,https://doi.org/10.1109/tsmc.2026.3688583,article,IEEE Transactions on Systems Man and Cybernetics Systems,https://openalex.org/W7160398223
"IEEE Transactions on Systems, Man, and Cybernetics: Systems",IEEE,2026,2026-05-07,Fault-Tolerant Consensus Control for T-S Fuzzy Multiagent Systems Under Aperiodic Time-Constrained Sampling Communication and Stochastic Actuator Faults,Pratap Anbalagan; Yibin Tian; Zhiguang Feng; Tingwen Huang; Yukang Cui,56,8,10.1109/tsmc.2026.3688048,https://doi.org/10.1109/tsmc.2026.3688048,article,IEEE Transactions on Systems Man and Cybernetics Systems,https://openalex.org/W7160553007
"IEEE Transactions on Systems, Man, and Cybernetics: Systems",IEEE,2026,2026-05-07,Resilient Cybersecurity and DDoS Attack Classification for AMI Smart Meter Networks in Smart Grid Environments,Rayappa David Amar Raj; Advaith Krishna; Bhuvan Rajasekar; Archana Pallakonda; Rama Muni Reddy Yanamala; Edris Pouresmaeil; Jamshid Aghaei,56,8,10.1109/tsmc.2026.3687494,https://doi.org/10.1109/tsmc.2026.3687494,article,IEEE Transactions on Systems Man and Cybernetics Systems,https://openalex.org/W7160537161
"IEEE Transactions on Systems, Man, and Cybernetics: Systems",IEEE,2026,2026-05-08,Deep Gated Network With Anchor-Guided Manifold Clustering: A Targeted Transfer Learning Framework for Fault Diagnosis,Shumei Zhang; Hongtu Li; Wanke Yu; Feng Dong,56,8,10.1109/tsmc.2026.3689114,https://doi.org/10.1109/tsmc.2026.3689114,article,IEEE Transactions on Systems Man and Cybernetics Systems,https://openalex.org/W7160632901
"IEEE Transactions on Systems, Man, and Cybernetics: Systems",IEEE,2026,2026-05-08,Euclidean-Distance-Based Distributed Constrained Optimal Formation Matching for Open Large-Scale Multiagent Systems,Zhaoxia Peng; Bofan Wu; Guoguang Wen; Xiaoqin Zhai; Xinzhi Liu; Tingwen Huang,56,8,10.1109/tsmc.2026.3690451,https://doi.org/10.1109/tsmc.2026.3690451,article,IEEE Transactions on Systems Man and Cybernetics Systems,https://openalex.org/W7160615674
"IEEE Transactions on Systems, Man, and Cybernetics: Systems",IEEE,2026,2026-05-08,Neural-Enhanced Sliding-Mode Control for Quadrotor Helicopters Operating in Dynamic and Uncertain Environments,Mati Ullah; Hongbo Gao; Alam Nasir; Xinmiao Wang; Runda Niu; Muhammad Humayun; Chengbo Wang; Lin Zhou; Yi-Xiang Wang; Jinpeng Chen,56,8,10.1109/tsmc.2026.3688866,https://doi.org/10.1109/tsmc.2026.3688866,article,IEEE Transactions on Systems Man and Cybernetics Systems,https://openalex.org/W7160627974
"IEEE Transactions on Systems, Man, and Cybernetics: Systems",IEEE,2026,2026-05-08,Robust Data-Driven Model Predictive Control With Soft Constrained Strategy,Xiao-Long Wu; Han Wen-hai; X Li; Hong-Gui Han; Jun-fei Qiao,56,8,10.1109/tsmc.2026.3688417,https://doi.org/10.1109/tsmc.2026.3688417,article,IEEE Transactions on Systems Man and Cybernetics Systems,https://openalex.org/W7160631868
"IEEE Transactions on Systems, Man, and Cybernetics: Systems",IEEE,2026,2026-05-08,Security Control Against FDI Attacks via Adaptive Off-Policy Value Iteration Q-Learning Approach,Hao Zhu; Chengwei Wu; Lezhong Xu; Jianxing Liu; Ligang Wu,56,8,10.1109/tsmc.2026.3687939,https://doi.org/10.1109/tsmc.2026.3687939,article,IEEE Transactions on Systems Man and Cybernetics Systems,https://openalex.org/W7160599955
"IEEE Transactions on Systems, Man, and Cybernetics: Systems",IEEE,2026,2026-05-08,Variable Selection-Based Recursive Method for Adaptive Quality-Related Fault Detection,Yu Chen; Hao Ma; Yan Wang; Feng Ding,56,8,10.1109/tsmc.2026.3689128,https://doi.org/10.1109/tsmc.2026.3689128,article,IEEE Transactions on Systems Man and Cybernetics Systems,https://openalex.org/W7160666930
"IEEE Transactions on Systems, Man, and Cybernetics: Systems",IEEE,2026,2026-05-11,Identifying Potential Critical Nodes of Complex Networks via Quantifying Hierarchical Local Propagation Capabilities,Youjian Wang; Peng Zhu; Wanli Xie; Che Xu; Jiacun Wang; Pasquale Pace; Giancarlo Fortino,56,8,10.1109/tsmc.2026.3688445,https://doi.org/10.1109/tsmc.2026.3688445,article,IEEE Transactions on Systems Man and Cybernetics Systems,https://openalex.org/W7160846720
"IEEE Transactions on Systems, Man, and Cybernetics: Systems",IEEE,2026,2026-05-12,A Knowledge-Enhanced Multibranch Reinforcement Learning for High-Dimensional Feature Selection,Yangyi Du; Xiaojun Zhou; Chunhua Yang,56,9,10.1109/tsmc.2026.3691739,https://doi.org/10.1109/tsmc.2026.3691739,article,IEEE Transactions on Systems Man and Cybernetics Systems,https://openalex.org/W7160933111
"IEEE Transactions on Systems, Man, and Cybernetics: Systems",IEEE,2026,2026-05-12,From Pairwise to Higher-Order Interactions: Stability Switching of Fractional-Order BAM Neural Networks,Jiajin He; Yang Liu; Min Xiao; Peng Zhu,56,9,10.1109/tsmc.2026.3691134,https://doi.org/10.1109/tsmc.2026.3691134,article,IEEE Transactions on Systems Man and Cybernetics Systems,https://openalex.org/W7160917800
"IEEE Transactions on Systems, Man, and Cybernetics: Systems",IEEE,2026,2026-05-12,Practical Finite-Time Formation Control for Differential Mobile Robots Under a Directed Communication Graph,C Z Wang; Peng Shi; Mehrdad Saif; Ramesh K. Agarwal,56,8,10.1109/tsmc.2026.3689059,https://doi.org/10.1109/tsmc.2026.3689059,article,IEEE Transactions on Systems Man and Cybernetics Systems,https://openalex.org/W7160896316
"IEEE Transactions on Systems, Man, and Cybernetics: Systems",IEEE,2026,2026-05-12,Resilient Consensus Control With Adjustable Transient Performances for Uncertain MASs Under DoS Attacks,Yajing Zhao; Xiaoping Liu; Cungen Liu,56,9,10.1109/tsmc.2026.3690151,https://doi.org/10.1109/tsmc.2026.3690151,article,IEEE Transactions on Systems Man and Cybernetics Systems,https://openalex.org/W7160906034
"IEEE Transactions on Systems, Man, and Cybernetics: Systems",IEEE,2026,2026-05-12,SoAD: Safety-Oriented Value Estimation for Enhanced Closed-Loop End-to-End Autonomous Driving,Yinfeng Gao; Deqing Liu; Yupeng Zheng; Qichao Zhang; Da‐Wei Ding; Dongbin Zhao,56,8,10.1109/tsmc.2026.3688954,https://doi.org/10.1109/tsmc.2026.3688954,article,IEEE Transactions on Systems Man and Cybernetics Systems,https://openalex.org/W7160917248
"IEEE Transactions on Systems, Man, and Cybernetics: Systems",IEEE,2026,2026-05-14,Balancing Global and Local Search via Q-Learning in Evolutionary Algorithms for Air Defense Resource Assignment Problems,Nan Zheng; Rui Wang; Kaiwen Li; Wenhua Li; Tianyu Luo; Hongzhong Deng,56,8,10.1109/tsmc.2026.3690023,https://doi.org/10.1109/tsmc.2026.3690023,article,IEEE Transactions on Systems Man and Cybernetics Systems,https://openalex.org/W7161108985
"IEEE Transactions on Systems, Man, and Cybernetics: Systems",IEEE,2026,2026-05-14,Complementary Representations of Invariant in Domain Generalization for Industrial Data Drift,Ding He; Kuangrong Hao; Lei Chen; Yaozhong Zhuang; Ruimin Xie; Xiaoxue Liang,56,8,10.1109/tsmc.2026.3685880,https://doi.org/10.1109/tsmc.2026.3685880,article,IEEE Transactions on Systems Man and Cybernetics Systems,https://openalex.org/W7161126698
"IEEE Transactions on Systems, Man, and Cybernetics: Systems",IEEE,2026,2026-05-14,Robustness Analysis and Control for Automated Manufacturing Systems With Unobservable Events Using Petri Nets,Benyuan Yang; Hesuan Hu,56,8,10.1109/tsmc.2026.3687882,https://doi.org/10.1109/tsmc.2026.3687882,article,IEEE Transactions on Systems Man and Cybernetics Systems,https://openalex.org/W7161174507
"IEEE Transactions on Systems, Man, and Cybernetics: Systems",IEEE,2026,2026-05-14,Terminal-Cloud Collaborative Containment Control Subject to Adversary Attacks,Jing Xu; Jiaxin Ji; Qiyu Sun; Fanbiao Li; Yang Tang,56,9,10.1109/tsmc.2026.3690529,https://doi.org/10.1109/tsmc.2026.3690529,article,IEEE Transactions on Systems Man and Cybernetics Systems,https://openalex.org/W7161156321
"IEEE Transactions on Systems, Man, and Cybernetics: Systems",IEEE,2026,2026-05-15,A Double Integral Fuzzy Zeroing Neural Dynamics Controller and Its Application in Quadrotor UAV Trajectory Tracking,Luyang Han; Lin Xiao; Sida Xiao; Y David He; Linju Li; Qiuyue Zuo; Xieping Gao,56,8,10.1109/tsmc.2026.3689122,https://doi.org/10.1109/tsmc.2026.3689122,article,IEEE Transactions on Systems Man and Cybernetics Systems,https://openalex.org/W7161347519
"IEEE Transactions on Systems, Man, and Cybernetics: Systems",IEEE,2026,2026-05-15,On the Data-Driven Modeling of Price-Responsive Flexible Loads: A Fast BayesianOptimization Approach,Mingji Chen; Shuai Lu; Wei Gu; Zhaoyang Dong; Suhan Zhang; Ruizhi Yu; Yijun Xu; Jiayi Ding,56,9,10.1109/tsmc.2026.3690815,https://doi.org/10.1109/tsmc.2026.3690815,article,IEEE Transactions on Systems Man and Cybernetics Systems,https://openalex.org/W7161285206
"IEEE Transactions on Systems, Man, and Cybernetics: Systems",IEEE,2026,2026-05-18,"IEEE Systems, Man, and Cybernetics Society Information",,56,6,10.1109/tsmc.2026.3689614,https://doi.org/10.1109/tsmc.2026.3689614,paratext,IEEE Transactions on Systems Man and Cybernetics Systems,https://openalex.org/W7161553613
"IEEE Transactions on Systems, Man, and Cybernetics: Systems",IEEE,2026,2026-05-18,"IEEE Systems, Man, and Cybernetics Society Information",,56,6,10.1109/tsmc.2026.3689556,https://doi.org/10.1109/tsmc.2026.3689556,paratext,IEEE Transactions on Systems Man and Cybernetics Systems,https://openalex.org/W7161566262
"IEEE Transactions on Systems, Man, and Cybernetics: Systems",IEEE,2026,2026-05-18,"IEEE Transactions on Systems, Man, and Cybernetics: Systems Information for Authors",,56,6,10.1109/tsmc.2026.3689616,https://doi.org/10.1109/tsmc.2026.3689616,paratext,IEEE Transactions on Systems Man and Cybernetics Systems,https://openalex.org/W7161553373
"IEEE Transactions on Systems, Man, and Cybernetics: Systems",IEEE,2026,2026-05-18,"IEEE Transactions on Systems, Man, and Cybernetics: Systems Information for Authors",,56,6,10.1109/tsmc.2026.3689558,https://doi.org/10.1109/tsmc.2026.3689558,paratext,IEEE Transactions on Systems Man and Cybernetics Systems,https://openalex.org/W7161598304
"IEEE Transactions on Systems, Man, and Cybernetics: Systems",IEEE,2026,2026-05-18,"IEEE Transactions on Systems, Man, and Cybernetics: Systems Publication Information",,56,6,10.1109/tsmc.2026.3689612,https://doi.org/10.1109/tsmc.2026.3689612,paratext,IEEE Transactions on Systems Man and Cybernetics Systems,https://openalex.org/W7161564007
"IEEE Transactions on Systems, Man, and Cybernetics: Systems",IEEE,2026,2026-05-18,"IEEE Transactions on Systems, Man, and Cybernetics: Systems Publication Information",,56,6,10.1109/tsmc.2026.3689554,https://doi.org/10.1109/tsmc.2026.3689554,paratext,IEEE Transactions on Systems Man and Cybernetics Systems,https://openalex.org/W7161602296
"IEEE Transactions on Systems, Man, and Cybernetics: Systems",IEEE,2026,2026-05-18,Introducing IEEE Collabratec,,56,6,10.1109/tsmc.2026.3689620,https://doi.org/10.1109/tsmc.2026.3689620,article,IEEE Transactions on Systems Man and Cybernetics Systems,https://openalex.org/W7161552953
"IEEE Transactions on Systems, Man, and Cybernetics: Systems",IEEE,2026,2026-05-18,Speed-Robust Feature Learning and Minor-Class Generation for Imbalanced Variable-Speed Bearing Fault Diagnosis,Lijuan Zhao; Haidong Shao; Junyu Qi; Yi Qin,56,9,10.1109/tsmc.2026.3692457,https://doi.org/10.1109/tsmc.2026.3692457,article,IEEE Transactions on Systems Man and Cybernetics Systems,https://openalex.org/W7161569698
"IEEE Transactions on Systems, Man, and Cybernetics: Systems",IEEE,2026,2026-05-18,Table of Contents,,56,6,10.1109/tsmc.2026.3689552,https://doi.org/10.1109/tsmc.2026.3689552,paratext,IEEE Transactions on Systems Man and Cybernetics Systems,https://openalex.org/W7161545779
"IEEE Transactions on Systems, Man, and Cybernetics: Systems",IEEE,2026,2026-05-18,Table of Contents,,56,6,10.1109/tsmc.2026.3689610,https://doi.org/10.1109/tsmc.2026.3689610,paratext,IEEE Transactions on Systems Man and Cybernetics Systems,https://openalex.org/W7161587480
"IEEE Transactions on Systems, Man, and Cybernetics: Systems",IEEE,2026,2026-05-18,TechRxiv: Share Your Preprint Research With the World!,,56,6,10.1109/tsmc.2026.3689550,https://doi.org/10.1109/tsmc.2026.3689550,article,IEEE Transactions on Systems Man and Cybernetics Systems,https://openalex.org/W7161547495
"IEEE Transactions on Systems, Man, and Cybernetics: Systems",IEEE,2026,2026-05-18,TechRxiv: Share Your Preprint Research With the World!,,56,6,10.1109/tsmc.2026.3689618,https://doi.org/10.1109/tsmc.2026.3689618,article,IEEE Transactions on Systems Man and Cybernetics Systems,https://openalex.org/W7161585333
"IEEE Transactions on Systems, Man, and Cybernetics: Systems",IEEE,2026,2026-05-20,Enhancing Consensus-Building Feedback Through Psycholinguistic and Epistemic Augmentations With Large Language Models,Vincenzo Loia; Francesco Orciuoli; Angela Peduto; Enrique Herrera-Viedma,56,9,10.1109/tsmc.2026.3693564,https://doi.org/10.1109/tsmc.2026.3693564,article,IEEE Transactions on Systems Man and Cybernetics Systems,https://openalex.org/W7161843925
"IEEE Transactions on Systems, Man, and Cybernetics: Systems",IEEE,2026,2026-05-21,A Permutation-Invariant and Variable-Dimension Data-Driven Evolutionary Algorithm for Indoor Antenna Layout Optimization,Pei-Qiu Huang; Xilei Wu; Yue Wang; Qi Zhang,56,8,10.1109/tsmc.2026.3684500,https://doi.org/10.1109/tsmc.2026.3684500,article,IEEE Transactions on Systems Man and Cybernetics Systems,https://openalex.org/W7161989606
"IEEE Transactions on Systems, Man, and Cybernetics: Systems",IEEE,2026,2026-05-22,Dual-Branch Transformation Broad Learning for Multiclass Recognition,Tingyun Liu; Licheng Liu; Qiying Feng; C L Philip Chen,56,9,10.1109/tsmc.2026.3693265,https://doi.org/10.1109/tsmc.2026.3693265,article,IEEE Transactions on Systems Man and Cybernetics Systems,https://openalex.org/W7162088331
"IEEE Transactions on Systems, Man, and Cybernetics: Systems",IEEE,2026,2026-05-22,Dynamic Event-Triggered Quantized Control for Positive Markov Jump Systems Under DoS Attacks,Shuo Li; Ziran Jia; Choon Ki Ahn; Zhengrong Xiang,56,9,10.1109/tsmc.2026.3693759,https://doi.org/10.1109/tsmc.2026.3693759,article,IEEE Transactions on Systems Man and Cybernetics Systems,https://openalex.org/W7162141324
"IEEE Transactions on Systems, Man, and Cybernetics: Systems",IEEE,2026,2026-05-22,Interpretable Fuzzy Hyperbolic Networks,Babak Sarani; Mohammad-R. Akbarzadeh-T.; A. Akbarzadeh,56,9,10.1109/tsmc.2026.3690635,https://doi.org/10.1109/tsmc.2026.3690635,article,IEEE Transactions on Systems Man and Cybernetics Systems,https://openalex.org/W7162142277
"IEEE Transactions on Systems, Man, and Cybernetics: Systems",IEEE,2026,2026-05-27,Digitally Implementable Dynamic Output Control for Multiagent Systems With DoS Attacks and Disturbances via Multiple Types of Triggered Mechanisms,Yonghui Wu; Hui Li; Huiwei Wang; Qingguo Lü,56,9,10.1109/tsmc.2026.3694105,https://doi.org/10.1109/tsmc.2026.3694105,article,IEEE Transactions on Systems Man and Cybernetics Systems,https://openalex.org/W7162523749
"IEEE Transactions on Systems, Man, and Cybernetics: Systems",IEEE,2026,2026-05-27,Event-Triggered Impulsive Control for Nonlinear Systems: A Q-Learning-Enhanced Memory-Based Method,Zidong Ai; Bao-Lin Zhang; Qing-Long Han; Lianghong Peng,56,9,10.1109/tsmc.2026.3693842,https://doi.org/10.1109/tsmc.2026.3693842,article,IEEE Transactions on Systems Man and Cybernetics Systems,https://openalex.org/W7162586823
"IEEE Transactions on Systems, Man, and Cybernetics: Systems",IEEE,2026,2026-05-27,Physically Informed Driving Style Recognition for Intelligent Vehicle Assistance,Congcong Bai; Saijun Zhong; Mengdi Chen; Xi Gao; Wenbin Yao; Sheng Jin,56,9,10.1109/tsmc.2026.3695708,https://doi.org/10.1109/tsmc.2026.3695708,article,IEEE Transactions on Systems Man and Cybernetics Systems,https://openalex.org/W7162574493
"IEEE Transactions on Systems, Man, and Cybernetics: Systems",IEEE,2026,2026-05-27,Regional Output-Feedback Control for T--S Fuzzy Systems Using Lyapunov Functions With Polynomial Dependency on States and Membership Functions,Yara Quilles-Marinho; Donghwan Lee; Ricardo C. L. F. Oliveira; Pedro L. D. Peres,56,9,10.1109/tsmc.2026.3692406,https://doi.org/10.1109/tsmc.2026.3692406,article,IEEE Transactions on Systems Man and Cybernetics Systems,https://openalex.org/W7162504149
"IEEE Transactions on Systems, Man, and Cybernetics: Systems",IEEE,2026,2026-06-01,Data-Driven MPC for Image-Based Visual Servoing of Redundant Manipulators With Model Uncertainties,Jinfu Tang; Yongji Guan; Long Jin,56,9,10.1109/tsmc.2026.3694774,https://doi.org/10.1109/tsmc.2026.3694774,article,IEEE Transactions on Systems Man and Cybernetics Systems,https://openalex.org/W7163036718
"IEEE Transactions on Systems, Man, and Cybernetics: Systems",IEEE,2026,2026-06-03,Differential Game-Based Event-Triggered Impulsive Control for Disturbed Dynamical Systems,Wenlu Liu; Hangjun Che; Chuandong Li; Zhi‐Hong Guan,56,9,10.1109/tsmc.2026.3697608,https://doi.org/10.1109/tsmc.2026.3697608,article,IEEE Transactions on Systems Man and Cybernetics Systems,https://openalex.org/W7163340509
"IEEE Transactions on Systems, Man, and Cybernetics: Systems",IEEE,2026,2026-06-03,Reinforcement Learning-Based Zero-Sum Games for Fuzzy Markov Jump Systems via Single-Loop Policy Iteration,Hao Shen; Yun Wang; Jing Wang; Ju H. Park,56,9,10.1109/tsmc.2026.3692309,https://doi.org/10.1109/tsmc.2026.3692309,article,IEEE Transactions on Systems Man and Cybernetics Systems,https://openalex.org/W7163401430
"IEEE Transactions on Systems, Man, and Cybernetics: Systems",IEEE,2026,2026-06-04,PriMaχ: Novel Genetic Reinforcement Learning Model for Improving Privacy Preservation in Blockchain,Sheema Madhusudhanan; Arun Cyril Jose,56,9,10.1109/tsmc.2026.3697615,https://doi.org/10.1109/tsmc.2026.3697615,article,IEEE Transactions on Systems Man and Cybernetics Systems,https://openalex.org/W7163545354
"IEEE Transactions on Systems, Man, and Cybernetics: Systems",IEEE,2026,2026-06-05,Collision-Free Output Feedback Distributed Coordination of MASs Under Unreliable Communication Topologies,Can Zhao; Liwei An; Lili Zhang,56,9,10.1109/tsmc.2026.3697780,https://doi.org/10.1109/tsmc.2026.3697780,article,IEEE Transactions on Systems Man and Cybernetics Systems,https://openalex.org/W7163718080
"IEEE Transactions on Systems, Man, and Cybernetics: Systems",IEEE,2026,2026-06-05,Event-Triggered Fixed-Time Orbital Tracking Control of Spacecraft via Fuzzy Reinforcement Learning,Xingwen Chen; Yi Zhou; Jie Yang; T R Wang; Jianbin Qiu,56,9,10.1109/tsmc.2026.3697031,https://doi.org/10.1109/tsmc.2026.3697031,article,IEEE Transactions on Systems Man and Cybernetics Systems,https://openalex.org/W7163671617
"IEEE Transactions on Systems, Man, and Cybernetics: Systems",IEEE,2026,2026-06-05,Homography-Based Visual Servoing of a UAM for Payload Delivery Onto a Dynamic Target,Yanjie Chen; Hongyuan Cai; Yifan Lin; Yuhao Liu; Huimin Lu; Hui Zhang; Yaonan Wang,56,9,10.1109/tsmc.2026.3692983,https://doi.org/10.1109/tsmc.2026.3692983,article,IEEE Transactions on Systems Man and Cybernetics Systems,https://openalex.org/W7163685116
"IEEE Transactions on Systems, Man, and Cybernetics: Systems",IEEE,2026,2026-06-08,Asynchronous Reinforcement Learning for Robust Co-Optimization of Plant-Wide Industrial Processes Under Uncertain Environments,Enze Zhang; Fei Chu; Fuli Wang,56,9,10.1109/tsmc.2026.3699361,https://doi.org/10.1109/tsmc.2026.3699361,article,IEEE Transactions on Systems Man and Cybernetics Systems,https://openalex.org/W7163924804
"IEEE Transactions on Systems, Man, and Cybernetics: Systems",IEEE,2026,2026-06-08,Redundancy-Aware External Signal Learning for Image Clustering,Zixuan Lin; Guoxu Zhou; Haonan Huang; Zhenhao Huang; Qibin Zhao; Shengli Xie,56,9,10.1109/tsmc.2026.3695898,https://doi.org/10.1109/tsmc.2026.3695898,article,IEEE Transactions on Systems Man and Cybernetics Systems,https://openalex.org/W7163895125
"IEEE Transactions on Systems, Man, and Cybernetics: Systems",IEEE,2026,2026-06-08,Visual-Servoing-Based Adaptive Control for Mobile Robots With Input Saturation and Unknown Depth,Luo B; Jialin Xiao; Zhihua Ouyang; Bing-Chuan Wang; Chunhua Yang; Weihua Gui,56,9,10.1109/tsmc.2026.3694769,https://doi.org/10.1109/tsmc.2026.3694769,article,IEEE Transactions on Systems Man and Cybernetics Systems,https://openalex.org/W7163922300
"IEEE Transactions on Systems, Man, and Cybernetics: Systems",IEEE,2026,2026-06-09,"Artificial Intelligence-Empowered Trajectory Tracking Control for Autonomous Vehicles: A Survey on Applications, Frameworks, and Future Trends",Xu Huang; Shaobing Xu; Yueming Cao; Shangyi Li; Jianqiang Wang; Keqiang Li,56,9,10.1109/tsmc.2026.3699694,https://doi.org/10.1109/tsmc.2026.3699694,article,IEEE Transactions on Systems Man and Cybernetics Systems,https://openalex.org/W7164004175
"IEEE Transactions on Systems, Man, and Cybernetics: Systems",IEEE,2026,2026-06-10,ROBBO: An Efficient Method for Pareto Front Estimation With Guaranteed Accuracy,Roberto Boffadossi; Marco Leonesio; Lorenzo Fagiano,56,9,10.1109/tsmc.2026.3693888,https://doi.org/10.1109/tsmc.2026.3693888,article,IEEE Transactions on Systems Man and Cybernetics Systems,https://openalex.org/W7164137723
"IEEE Transactions on Systems, Man, and Cybernetics: Systems",IEEE,2026,2026-06-11,Temporal Relations-Aware Nonnegative Latent Factorization of Tensors for Dynamic Directed Graph Representation,Hao Wu; Xin Luo; Xinbo Gao,56,9,10.1109/tsmc.2026.3700025,https://doi.org/10.1109/tsmc.2026.3700025,article,IEEE Transactions on Systems Man and Cybernetics Systems,https://openalex.org/W7164344673
"IEEE Transactions on Systems, Man, and Cybernetics: Systems",IEEE,2026,2026-06-11,Uncertainty-Aware Safety-Critical Control: Design and Application,Keke Huang; Pei Li; Li S; Dehao Wu; Chunhua Yang; Weihua Gui,56,9,10.1109/tsmc.2026.3699952,https://doi.org/10.1109/tsmc.2026.3699952,article,IEEE Transactions on Systems Man and Cybernetics Systems,https://openalex.org/W7164439558
"IEEE Transactions on Systems, Man, and Cybernetics: Systems",IEEE,2026,2026-06-15,Asymptotic Observability of Boolean Networks With Markovian Data Loss,Shuyu Tan; Chi Huang; Yong Wang; Jianquan Lu,56,9,10.1109/tsmc.2026.3696975,https://doi.org/10.1109/tsmc.2026.3696975,article,IEEE Transactions on Systems Man and Cybernetics Systems,https://openalex.org/W7164802492
"IEEE Transactions on Systems, Man, and Cybernetics: Systems",IEEE,2026,2026-06-16,Inverse Reinforcement Learning-Based Control for Power Buffers in DC Microgrid Systems,Ruizhuo Song; Yufan Zhao; Frank L. Lewis; Chengfeng Li,56,9,10.1109/tsmc.2026.3699205,https://doi.org/10.1109/tsmc.2026.3699205,article,IEEE Transactions on Systems Man and Cybernetics Systems,https://openalex.org/W7164928842
"IEEE Transactions on Systems, Man, and Cybernetics: Systems",IEEE,2026,2026-06-17,A Distributed Cooperative Search Approach for Multi-UAV Systems in Dynamic Uncertain Environments,Lei Lian; Yuanzhang Zhao; Jie Lian; Dong Wang,56,9,10.1109/tsmc.2026.3701240,https://doi.org/10.1109/tsmc.2026.3701240,article,IEEE Transactions on Systems Man and Cybernetics Systems,https://openalex.org/W7165060460
"IEEE Transactions on Systems, Man, and Cybernetics: Systems",IEEE,2026,2026-06-17,Event-Triggered Quantized Consensus of Networked MASs Using Integral Sliding Mode Observer,Deyin Yao; Zhifei Zheng; Hui Ma; Hongyi Li; Yang Shi,56,9,10.1109/tsmc.2026.3702006,https://doi.org/10.1109/tsmc.2026.3702006,article,IEEE Transactions on Systems Man and Cybernetics Systems,https://openalex.org/W7165041044
"IEEE Transactions on Systems, Man, and Cybernetics: Systems",IEEE,2026,2026-06-18,ConvXformer: Differentially Private Hybrid ConvNeXt-Transformer for Inertial Navigation,Omer Tariq; Muhammad Bilal; Muneeb Ul Hassan; Dongsoo Han; Jon Crowcroft,56,9,10.1109/tsmc.2026.3702897,https://doi.org/10.1109/tsmc.2026.3702897,article,IEEE Transactions on Systems Man and Cybernetics Systems,https://openalex.org/W4417276916
"IEEE Transactions on Systems, Man, and Cybernetics: Systems",IEEE,2026,2026-06-19,"IEEE Systems, Man, and Cybernetics Society Information",,56,7,10.1109/tsmc.2026.3700356,https://doi.org/10.1109/tsmc.2026.3700356,paratext,IEEE Transactions on Systems Man and Cybernetics Systems,https://openalex.org/W7165386406
"IEEE Transactions on Systems, Man, and Cybernetics: Systems",IEEE,2026,2026-06-19,"IEEE Systems, Man, and Cybernetics Society Information",,56,7,10.1109/tsmc.2026.3700368,https://doi.org/10.1109/tsmc.2026.3700368,paratext,IEEE Transactions on Systems Man and Cybernetics Systems,https://openalex.org/W7165404188
"IEEE Transactions on Systems, Man, and Cybernetics: Systems",IEEE,2026,2026-06-19,"IEEE Transactions on Systems, Man, and Cybernetics: Systems Information for Authors",,56,7,10.1109/tsmc.2026.3700370,https://doi.org/10.1109/tsmc.2026.3700370,paratext,IEEE Transactions on Systems Man and Cybernetics Systems,https://openalex.org/W7165384152
"IEEE Transactions on Systems, Man, and Cybernetics: Systems",IEEE,2026,2026-06-19,"IEEE Transactions on Systems, Man, and Cybernetics: Systems Information for Authors",,56,7,10.1109/tsmc.2026.3700358,https://doi.org/10.1109/tsmc.2026.3700358,paratext,IEEE Transactions on Systems Man and Cybernetics Systems,https://openalex.org/W7165402048
"IEEE Transactions on Systems, Man, and Cybernetics: Systems",IEEE,2026,2026-06-19,"IEEE Transactions on Systems, Man, and Cybernetics: Systems Publication Information",,56,7,10.1109/tsmc.2026.3700354,https://doi.org/10.1109/tsmc.2026.3700354,paratext,IEEE Transactions on Systems Man and Cybernetics Systems,https://openalex.org/W7165385931
"IEEE Transactions on Systems, Man, and Cybernetics: Systems",IEEE,2026,2026-06-19,"IEEE Transactions on Systems, Man, and Cybernetics: Systems Publication Information",,56,7,10.1109/tsmc.2026.3700366,https://doi.org/10.1109/tsmc.2026.3700366,paratext,IEEE Transactions on Systems Man and Cybernetics Systems,https://openalex.org/W7165398655
"IEEE Transactions on Systems, Man, and Cybernetics: Systems",IEEE,2026,2026-06-19,Introducing IEEE Collabratec,,56,7,10.1109/tsmc.2026.3700360,https://doi.org/10.1109/tsmc.2026.3700360,article,IEEE Transactions on Systems Man and Cybernetics Systems,https://openalex.org/W7165379218
"IEEE Transactions on Systems, Man, and Cybernetics: Systems",IEEE,2026,2026-06-19,Sensor Fault Detection of Linear Time-Varying Systems Under Stochastic Noise With Unknown Probability Distributions,Yichun Niu; Li Sheng; Ming Gao; Donghua Zhou,56,9,10.1109/tsmc.2026.3696376,https://doi.org/10.1109/tsmc.2026.3696376,article,IEEE Transactions on Systems Man and Cybernetics Systems,https://openalex.org/W7165364395
"IEEE Transactions on Systems, Man, and Cybernetics: Systems",IEEE,2026,2026-06-19,Table of Contents,,56,7,10.1109/tsmc.2026.3700364,https://doi.org/10.1109/tsmc.2026.3700364,paratext,IEEE Transactions on Systems Man and Cybernetics Systems,https://openalex.org/W7165359244
"IEEE Transactions on Systems, Man, and Cybernetics: Systems",IEEE,2026,2026-06-19,Table of Contents,,56,7,10.1109/tsmc.2026.3700352,https://doi.org/10.1109/tsmc.2026.3700352,paratext,IEEE Transactions on Systems Man and Cybernetics Systems,https://openalex.org/W7165383983
"IEEE Transactions on Systems, Man, and Cybernetics: Systems",IEEE,2026,2026-06-19,"Together, we are advancing technology",,56,7,10.1109/tsmc.2026.3700362,https://doi.org/10.1109/tsmc.2026.3700362,article,IEEE Transactions on Systems Man and Cybernetics Systems,https://openalex.org/W7165379424
"IEEE Transactions on Systems, Man, and Cybernetics: Systems",IEEE,2026,2026-06-22,A Dual-Population Evolutionary Algorithm for Large-Scale Constrained Multiobjective Optimization Leveraging Decision Variable Importance,Guangyu Qian; Mingcheng Zuo; Zhang Yon; Dunwei Gong; Ali Wagdy Mohamed,56,10,10.1109/tsmc.2026.3703763,https://doi.org/10.1109/tsmc.2026.3703763,article,IEEE Transactions on Systems Man and Cybernetics Systems,https://openalex.org/W7165529227
"IEEE Transactions on Systems, Man, and Cybernetics: Systems",IEEE,2026,2026-06-22,Event-Triggered Exponential Synchronization of Delayed Fuzzy Quaternion-Valued Neural Networks by a Comparative Method,Jiyong Hou; Ziye Zhang; Xianghua Wang; Zhen Wang; Chong Lin,56,9,10.1109/tsmc.2026.3701384,https://doi.org/10.1109/tsmc.2026.3701384,article,IEEE Transactions on Systems Man and Cybernetics Systems,https://openalex.org/W7165570864
"IEEE Transactions on Systems, Man, and Cybernetics: Systems",IEEE,2026,2026-06-23,Asynchronous Filtering for Semi-Markov Jump Singular Systems With General Transition Rates via Dynamic Memory Event-Triggered Protocols,Yaxiao Guo; Wenbin Wang; Michael Basin; Hao  Yang Shen,56,9,10.1109/tsmc.2026.3703067,https://doi.org/10.1109/tsmc.2026.3703067,article,IEEE Transactions on Systems Man and Cybernetics Systems,https://openalex.org/W7165623711
"IEEE Transactions on Systems, Man, and Cybernetics: Systems",IEEE,2026,2026-06-23,Deep Reinforcement Learning Using Multiview Graph Attention Mechanisms for Flexible Job Shop Scheduling,Fuqing Zhao; Bo Zhou; Ling Wang; Hongyan Sang,56,9,10.1109/tsmc.2026.3701663,https://doi.org/10.1109/tsmc.2026.3701663,article,IEEE Transactions on Systems Man and Cybernetics Systems,https://openalex.org/W7165651420
"IEEE Transactions on Systems, Man, and Cybernetics: Systems",IEEE,2026,2026-06-24,Heterogeneous Debiasing Contrastive Learning for Graph Recommendation,Lei Sang; Jiahao Cheng; Lin Mu; Yiwen Zhang; Xindong Wu,56,10,10.1109/tsmc.2026.3703824,https://doi.org/10.1109/tsmc.2026.3703824,article,IEEE Transactions on Systems Man and Cybernetics Systems,https://openalex.org/W7165759654
"IEEE Transactions on Systems, Man, and Cybernetics: Systems",IEEE,2026,2026-06-30,Hybrid Event-Triggered Control for Sampled-Data-Based Nonlinear Systems via Improved Looped-Functional Method,Kaitian Chen; Huaicheng Yan; You Zheng; Meng Wang; Bo Li; Haidong He,56,9,10.1109/tsmc.2026.3696884,https://doi.org/10.1109/tsmc.2026.3696884,article,IEEE Transactions on Systems Man and Cybernetics Systems,https://openalex.org/W7166685459
"IEEE Transactions on Systems, Man, and Cybernetics: Systems",IEEE,2026,2026-07-01,A Novel Neural Architecture With Multilevel Feature Extraction Coordinated by Dendritic Classifier,Jun Liu; Zhenyu Lei; Zhiming Zhang; Jiujun Cheng; Dongbao Jia; Shangce Gao,56,10,10.1109/tsmc.2026.3703975,https://doi.org/10.1109/tsmc.2026.3703975,article,IEEE Transactions on Systems Man and Cybernetics Systems,https://openalex.org/W7166859632
"IEEE Transactions on Systems, Man, and Cybernetics: Systems",IEEE,2026,2026-07-01,FaultGPT: Industrial Fault Diagnosis Question Answering System by Vision-Language Models,Jiao Chen; Ruyi Huang; Zuohong Lv; Jianhua Tang; Weihua Li,56,10,10.1109/tsmc.2026.3705972,https://doi.org/10.1109/tsmc.2026.3705972,article,IEEE Transactions on Systems Man and Cybernetics Systems,https://openalex.org/W7166831434
"IEEE Transactions on Systems, Man, and Cybernetics: Systems",IEEE,2026,2026-07-01,Observer-Embedded Neural Dynamic Fault-Tolerant Cooperative Motion Planning for Dual Redundant Robot Manipulators,Zhijun Zhang; Zhongwen Cao; Xiangliang Sun,56,10,10.1109/tsmc.2026.3705901,https://doi.org/10.1109/tsmc.2026.3705901,article,IEEE Transactions on Systems Man and Cybernetics Systems,https://openalex.org/W7166826226
"IEEE Transactions on Systems, Man, and Cybernetics: Systems",IEEE,2026,2026-07-03,DecoVAD: Divide-and-Conquer Multimodal Learning for Video Anomaly Detection,Wen-Dong Jiang; Chih‐Yung Chang; Ssu-Chi Kuai; Diptendu Sinha Roy,56,10,10.1109/tsmc.2026.3706520,https://doi.org/10.1109/tsmc.2026.3706520,article,IEEE Transactions on Systems Man and Cybernetics Systems,https://openalex.org/W7167217920
"IEEE Transactions on Systems, Man, and Cybernetics: Systems",IEEE,2026,2026-07-07,A Koopman-DMPC Strategy for Nonlinear Cyberphysical Systems Under Bounded Communication Delays,Chen Zhang; Hui Ma; Zhijian Cheng; Hongru Ren,56,10,10.1109/tsmc.2026.3708438,https://doi.org/10.1109/tsmc.2026.3708438,article,IEEE Transactions on Systems Man and Cybernetics Systems,https://openalex.org/W7167643562
"IEEE Transactions on Systems, Man, and Cybernetics: Systems",IEEE,2026,2026-07-07,Safe and Scalable Collaboration in Multiagent LLM Systems: A Comprehensive Review,Elias Hossain; Md Mehedi Hasan Nipu; Mohammad Sakib Mahmood; Md. Jakir Hossen; M. F. Mridha,56,10,10.1109/tsmc.2026.3704902,https://doi.org/10.1109/tsmc.2026.3704902,article,IEEE Transactions on Systems Man and Cybernetics Systems,https://openalex.org/W7167623431
"IEEE Transactions on Systems, Man, and Cybernetics: Systems",IEEE,2026,2026-07-08,Hybrid Deadlock Prevention Policy for Automated Manufacturing Systems Using Structural Analysis and Programming Method,Yanxiang Feng; Bo Wang; Xiaodong Ren; Shikai Jin; Yikang Yang,56,9,10.1109/tsmc.2026.3691802,https://doi.org/10.1109/tsmc.2026.3691802,article,IEEE Transactions on Systems Man and Cybernetics Systems,https://openalex.org/W7167676769
"IEEE Transactions on Systems, Man, and Cybernetics: Systems",IEEE,2026,2026-07-09,Quantitative Detectability in Generalized Stochastic Petri Nets With Applications to Coal Beneficiation Systems,Haoming Zhu; Zhenhua Yu; Xuya Cong; Zhiwu Li,56,9,10.1109/tsmc.2026.3698048,https://doi.org/10.1109/tsmc.2026.3698048,article,IEEE Transactions on Systems Man and Cybernetics Systems,https://openalex.org/W7167827284
"IEEE Transactions on Systems, Man, and Cybernetics: Systems",IEEE,2026,2026-07-13,Observer-Based Adaptive Prescribed Performance Control for Cyber-Physical Systems Against FDI Attacks,H Z Chen; Yaonan Wang; Hang Zhong; Zhijie Liu; Hui Zhang; Wei He,56,10,10.1109/tsmc.2026.3706246,https://doi.org/10.1109/tsmc.2026.3706246,article,IEEE Transactions on Systems Man and Cybernetics Systems,https://openalex.org/W7168151298
"IEEE Transactions on Systems, Man, and Cybernetics: Systems",IEEE,2026,2026-07-14,AoI- and Energy-Efficient Multi-UAV Coordination via Hierarchical Deep Reinforcement Learning,Yunjie Jia; Yong Song; Jiong Jin; Jiyu Cheng; Heteng Zhang; Rui Song; Wei Zhang; Jun Zhang; Sam Kwong,56,10,10.1109/tsmc.2026.3703463,https://doi.org/10.1109/tsmc.2026.3703463,article,IEEE Transactions on Systems Man and Cybernetics Systems,https://openalex.org/W7168257292
"IEEE Transactions on Systems, Man, and Cybernetics: Systems",IEEE,2026,2026-07-20,"IEEE Systems, Man, and Cybernetics Society Information",,56,8,10.1109/tsmc.2026.3711411,https://doi.org/10.1109/tsmc.2026.3711411,paratext,IEEE Transactions on Systems Man and Cybernetics Systems,https://openalex.org/W7169786509
"IEEE Transactions on Systems, Man, and Cybernetics: Systems",IEEE,2026,2026-07-20,"IEEE Systems, Man, and Cybernetics Society Information",,56,8,10.1109/tsmc.2026.3711259,https://doi.org/10.1109/tsmc.2026.3711259,paratext,IEEE Transactions on Systems Man and Cybernetics Systems,https://openalex.org/W7169813564
"IEEE Transactions on Systems, Man, and Cybernetics: Systems",IEEE,2026,2026-07-20,"IEEE Transactions on Systems, Man, and Cybernetics: Systems Information for Authors",,56,8,10.1109/tsmc.2026.3711261,https://doi.org/10.1109/tsmc.2026.3711261,paratext,IEEE Transactions on Systems Man and Cybernetics Systems,https://openalex.org/W7169752826
"IEEE Transactions on Systems, Man, and Cybernetics: Systems",IEEE,2026,2026-07-20,"IEEE Transactions on Systems, Man, and Cybernetics: Systems Information for Authors",,56,8,10.1109/tsmc.2026.3711413,https://doi.org/10.1109/tsmc.2026.3711413,paratext,IEEE Transactions on Systems Man and Cybernetics Systems,https://openalex.org/W7169817475
"IEEE Transactions on Systems, Man, and Cybernetics: Systems",IEEE,2026,2026-07-20,"IEEE Transactions on Systems, Man, and Cybernetics: Systems Publication Information",,56,8,10.1109/tsmc.2026.3711409,https://doi.org/10.1109/tsmc.2026.3711409,paratext,IEEE Transactions on Systems Man and Cybernetics Systems,https://openalex.org/W7169753203
"IEEE Transactions on Systems, Man, and Cybernetics: Systems",IEEE,2026,2026-07-20,"IEEE Transactions on Systems, Man, and Cybernetics: Systems Publication Information",,56,8,10.1109/tsmc.2026.3711257,https://doi.org/10.1109/tsmc.2026.3711257,paratext,IEEE Transactions on Systems Man and Cybernetics Systems,https://openalex.org/W7169768167
"IEEE Transactions on Systems, Man, and Cybernetics: Systems",IEEE,2026,2026-07-20,Introducing IEEE Collabratec,,56,8,10.1109/tsmc.2026.3711263,https://doi.org/10.1109/tsmc.2026.3711263,article,IEEE Transactions on Systems Man and Cybernetics Systems,https://openalex.org/W7169784956
"IEEE Transactions on Systems, Man, and Cybernetics: Systems",IEEE,2026,2026-07-20,Introducing IEEE Collabratec,,56,8,10.1109/tsmc.2026.3711415,https://doi.org/10.1109/tsmc.2026.3711415,article,IEEE Transactions on Systems Man and Cybernetics Systems,https://openalex.org/W7169791257
"IEEE Transactions on Systems, Man, and Cybernetics: Systems",IEEE,2026,2026-07-20,Table of Contents,,56,8,10.1109/tsmc.2026.3711407,https://doi.org/10.1109/tsmc.2026.3711407,paratext,IEEE Transactions on Systems Man and Cybernetics Systems,https://openalex.org/W7169760387
"IEEE Transactions on Systems, Man, and Cybernetics: Systems",IEEE,2026,2026-07-20,Table of Contents,,56,8,10.1109/tsmc.2026.3711255,https://doi.org/10.1109/tsmc.2026.3711255,paratext,IEEE Transactions on Systems Man and Cybernetics Systems,https://openalex.org/W7169790187
"IEEE Transactions on Systems, Man, and Cybernetics: Systems",IEEE,2026,2026-07-20,"Together, we are advancing technology",,56,8,10.1109/tsmc.2026.3711405,https://doi.org/10.1109/tsmc.2026.3711405,article,IEEE Transactions on Systems Man and Cybernetics Systems,https://openalex.org/W7169755882
"IEEE Transactions on Systems, Man, and Cybernetics: Systems",IEEE,2026,2026-07-21,GWLSTM: A Spatial–Temporal Fusion Graph Wavelet LSTM for Trustworthy Open-Set Fault Diagnosis,Tianfu Li; He Jiang; Chuang Sun; Zhibin Zhao; Xuefeng Chen; Ruqiang Yan,56,10,10.1109/tsmc.2026.3703212,https://doi.org/10.1109/tsmc.2026.3703212,article,IEEE Transactions on Systems Man and Cybernetics Systems,https://openalex.org/W7169842950
"IEEE Transactions on Systems, Man, and Cybernetics: Systems",IEEE,2026,2026-08-19,"IEEE Systems, Man, and Cybernetics Society Information",,56,9,10.1109/tsmc.2026.3719733,https://doi.org/10.1109/tsmc.2026.3719733,paratext,IEEE Transactions on Systems Man and Cybernetics Systems,https://openalex.org/W7203750709
"IEEE Transactions on Systems, Man, and Cybernetics: Systems",IEEE,2026,2026-08-19,"IEEE Systems, Man, and Cybernetics Society Information",,56,9,10.1109/tsmc.2026.3719741,https://doi.org/10.1109/tsmc.2026.3719741,paratext,IEEE Transactions on Systems Man and Cybernetics Systems,https://openalex.org/W7203751226
"IEEE Transactions on Systems, Man, and Cybernetics: Systems",IEEE,2026,2026-08-19,"IEEE Transactions on Systems, Man, and Cybernetics: Systems Information for Authors",,56,9,10.1109/tsmc.2026.3719735,https://doi.org/10.1109/tsmc.2026.3719735,paratext,IEEE Transactions on Systems Man and Cybernetics Systems,https://openalex.org/W7203758038
"IEEE Transactions on Systems, Man, and Cybernetics: Systems",IEEE,2026,2026-08-19,"IEEE Transactions on Systems, Man, and Cybernetics: Systems Information for Authors",,56,9,10.1109/tsmc.2026.3719743,https://doi.org/10.1109/tsmc.2026.3719743,paratext,IEEE Transactions on Systems Man and Cybernetics Systems,https://openalex.org/W7203796242
"IEEE Transactions on Systems, Man, and Cybernetics: Systems",IEEE,2026,2026-08-19,"IEEE Transactions on Systems, Man, and Cybernetics: Systems Publication Information",,56,9,10.1109/tsmc.2026.3719731,https://doi.org/10.1109/tsmc.2026.3719731,paratext,IEEE Transactions on Systems Man and Cybernetics Systems,https://openalex.org/W7203768494
"IEEE Transactions on Systems, Man, and Cybernetics: Systems",IEEE,2026,2026-08-19,"IEEE Transactions on Systems, Man, and Cybernetics: Systems Publication Information",,56,9,10.1109/tsmc.2026.3719739,https://doi.org/10.1109/tsmc.2026.3719739,paratext,IEEE Transactions on Systems Man and Cybernetics Systems,https://openalex.org/W7203789169
"IEEE Transactions on Systems, Man, and Cybernetics: Systems",IEEE,2026,2026-08-19,Member ad suite,,56,9,10.1109/tsmc.2026.3719716,https://doi.org/10.1109/tsmc.2026.3719716,article,IEEE Transactions on Systems Man and Cybernetics Systems,https://openalex.org/W7203736415
"IEEE Transactions on Systems, Man, and Cybernetics: Systems",IEEE,2026,2026-08-19,Table of Contents,,56,9,10.1109/tsmc.2026.3719737,https://doi.org/10.1109/tsmc.2026.3719737,paratext,IEEE Transactions on Systems Man and Cybernetics Systems,https://openalex.org/W7203770854
"IEEE Transactions on Systems, Man, and Cybernetics: Systems",IEEE,2026,2026-08-19,Table of Contents,,56,9,10.1109/tsmc.2026.3719729,https://doi.org/10.1109/tsmc.2026.3719729,paratext,IEEE Transactions on Systems Man and Cybernetics Systems,https://openalex.org/W7203787456
"IEEE Transactions on Systems, Man, and Cybernetics: Systems",IEEE,2026,2026-08-19,"Together, we are advancing technology",,56,9,10.1109/tsmc.2026.3719745,https://doi.org/10.1109/tsmc.2026.3719745,article,IEEE Transactions on Systems Man and Cybernetics Systems,https://openalex.org/W7203790168
"IEEE Transactions on Systems, Man, and Cybernetics: Systems",IEEE,2026,2026-08-19,Women in Engineering,,56,9,10.1109/tsmc.2026.3719746,https://doi.org/10.1109/tsmc.2026.3719746,article,IEEE Transactions on Systems Man and Cybernetics Systems,https://openalex.org/W7203791650
"IEEE Transactions on Systems, Man, and Cybernetics: Systems",IEEE,2026,2026-09-24,"IEEE Systems, Man, and Cybernetics Society Information",,56,10,10.1109/tsmc.2026.3728952,https://doi.org/10.1109/tsmc.2026.3728952,paratext,IEEE Transactions on Systems Man and Cybernetics Systems,https://openalex.org/W7214180343
"IEEE Transactions on Systems, Man, and Cybernetics: Systems",IEEE,2026,2026-09-24,"IEEE Systems, Man, and Cybernetics Society Information",,56,10,10.1109/tsmc.2026.3728960,https://doi.org/10.1109/tsmc.2026.3728960,paratext,IEEE Transactions on Systems Man and Cybernetics Systems,https://openalex.org/W7214183061
"IEEE Transactions on Systems, Man, and Cybernetics: Systems",IEEE,2026,2026-09-24,"IEEE Transactions on Systems, Man, and Cybernetics: Systems Information for Authors",,56,10,10.1109/tsmc.2026.3728962,https://doi.org/10.1109/tsmc.2026.3728962,paratext,IEEE Transactions on Systems Man and Cybernetics Systems,https://openalex.org/W7214173785
"IEEE Transactions on Systems, Man, and Cybernetics: Systems",IEEE,2026,2026-09-24,"IEEE Transactions on Systems, Man, and Cybernetics: Systems Information for Authors",,56,10,10.1109/tsmc.2026.3728954,https://doi.org/10.1109/tsmc.2026.3728954,paratext,IEEE Transactions on Systems Man and Cybernetics Systems,https://openalex.org/W7214230847
"IEEE Transactions on Systems, Man, and Cybernetics: Systems",IEEE,2026,2026-09-24,"IEEE Transactions on Systems, Man, and Cybernetics: Systems Publication Information",,56,10,10.1109/tsmc.2026.3728950,https://doi.org/10.1109/tsmc.2026.3728950,paratext,IEEE Transactions on Systems Man and Cybernetics Systems,https://openalex.org/W7214183556
"IEEE Transactions on Systems, Man, and Cybernetics: Systems",IEEE,2026,2026-09-24,"IEEE Transactions on Systems, Man, and Cybernetics: Systems Publication Information",,56,10,10.1109/tsmc.2026.3728958,https://doi.org/10.1109/tsmc.2026.3728958,paratext,IEEE Transactions on Systems Man and Cybernetics Systems,https://openalex.org/W7214205591
"IEEE Transactions on Systems, Man, and Cybernetics: Systems",IEEE,2026,2026-09-24,Member ad suite,,56,10,10.1109/tsmc.2026.3728989,https://doi.org/10.1109/tsmc.2026.3728989,article,IEEE Transactions on Systems Man and Cybernetics Systems,https://openalex.org/W7214165269
"IEEE Transactions on Systems, Man, and Cybernetics: Systems",IEEE,2026,2026-09-24,Table of Contents,,56,10,10.1109/tsmc.2026.3728948,https://doi.org/10.1109/tsmc.2026.3728948,paratext,IEEE Transactions on Systems Man and Cybernetics Systems,https://openalex.org/W7214158279
"IEEE Transactions on Systems, Man, and Cybernetics: Systems",IEEE,2026,2026-09-24,Table of Contents,,56,10,10.1109/tsmc.2026.3728956,https://doi.org/10.1109/tsmc.2026.3728956,paratext,IEEE Transactions on Systems Man and Cybernetics Systems,https://openalex.org/W7214211184
"IEEE Transactions on Systems, Man, and Cybernetics: Systems",IEEE,2026,2026-09-24,"Together, we are advancing technology",,56,10,10.1109/tsmc.2026.3729021,https://doi.org/10.1109/tsmc.2026.3729021,article,IEEE Transactions on Systems Man and Cybernetics Systems,https://openalex.org/W7214200724
"IEEE Transactions on Systems, Man, and Cybernetics: Systems",IEEE,2026,2026-09-24,Women in Engineering,,56,10,10.1109/tsmc.2026.3728991,https://doi.org/10.1109/tsmc.2026.3728991,article,IEEE Transactions on Systems Man and Cybernetics Systems,https://openalex.org/W7214223002
