journal,publisher_family,year,publication_date,title,authors,volume,issue,doi,article_url,article_type,source_container_title,openalex_id
Nature Machine Intelligence,Nature Portfolio,2025,2025-01-02,Reusability report: Deep learning-based analysis of images and spectroscopy data with AtomAI,Pragalbh Vashishtha; Hitesh Gupta Kattamuri; Nikhil Thawari; Murugaiyan Amirthalingam; Rohit Batra,7,1,10.1038/s42256-024-00958-9,https://doi.org/10.1038/s42256-024-00958-9,article,Nature Machine Intelligence,https://openalex.org/W4405995627
Nature Machine Intelligence,Nature Portfolio,2025,2025-01-06,Towards highly sensitive deep learning-based end-to-end database search for tandem mass spectrometry,Yonghan Yu; Ming Li,7,1,10.1038/s42256-024-00960-1,https://doi.org/10.1038/s42256-024-00960-1,article,Nature Machine Intelligence,https://openalex.org/W4406104136
Nature Machine Intelligence,Nature Portfolio,2025,2025-01-13,Exploring scalable medical image encoders beyond text supervision,Fernando Pérez‐García; Harshita Sharma; Sam Bond-Taylor; Kenza Bouzid; Valentina Salvatelli; Maximilian Ilse; Shruthi Bannur; Daniel C. Castro; Anton Schwaighofer; Matthew P. Lungren; Maria Teodora Wetscherek; Noel Codella; Stephanie L. Hyland; Javier Alvarez-Valle; Ozan Oktay,7,1,10.1038/s42256-024-00965-w,https://doi.org/10.1038/s42256-024-00965-w,article,Nature Machine Intelligence,https://openalex.org/W4406353025
Nature Machine Intelligence,Nature Portfolio,2025,2025-01-13,Investigating machine moral judgement through the Delphi experiment,Liwei Jiang; Jena D. Hwang; Chandra Bhagavatula; Ronan Joseph Le Bras; Jenny T. Liang; Sydney Levine; Jesse Dodge; Keisuke Sakaguchi; Maxwell Forbes; Jack Hessel; Jon Borchardt; Taylor Sorensen; Saadia Gabriel; Yulia Tsvetkov; Oren Etzioni; Maarten Sap; Regina A. Rini; Yejin Choi,7,1,10.1038/s42256-024-00969-6,https://doi.org/10.1038/s42256-024-00969-6,article,Nature Machine Intelligence,https://openalex.org/W4406334158
Nature Machine Intelligence,Nature Portfolio,2025,2025-01-13,Modern maxims for an AI oracle,Molly J. Crockett,7,1,10.1038/s42256-024-00970-z,https://doi.org/10.1038/s42256-024-00970-z,article,Nature Machine Intelligence,https://openalex.org/W4406331519
Nature Machine Intelligence,Nature Portfolio,2025,2025-01-15,Battery lifetime prediction across diverse ageing conditions with inter-cell deep learning,Han Zhang; Yuqi Li; Shun Zheng; Ziheng Lu; Xiaofan Gui; Wei Xu; Jiang Bian,7,2,10.1038/s42256-024-00972-x,https://doi.org/10.1038/s42256-024-00972-x,article,Nature Machine Intelligence,https://openalex.org/W4406406714
Nature Machine Intelligence,Nature Portfolio,2025,2025-01-15,Causal chambers as a real-world physical testbed for AI methodology,Juan L. Gamella; Jonas Peters; Peter Bühlmann,7,1,10.1038/s42256-024-00964-x,https://doi.org/10.1038/s42256-024-00964-x,article,Nature Machine Intelligence,https://openalex.org/W4406401114
Nature Machine Intelligence,Nature Portfolio,2025,2025-01-15,The design space of E(3)-equivariant atom-centred interatomic potentials,Ilyes Batatia; Simon Batzner; Dávid Péter Kovács; Albert Musaelian; Gregor N. C. Simm; Ralf Drautz; Christoph Ortner; Boris Kozinsky; Gábor Cśanyi,7,1,10.1038/s42256-024-00956-x,https://doi.org/10.1038/s42256-024-00956-x,article,Nature Machine Intelligence,https://openalex.org/W4406405186
Nature Machine Intelligence,Nature Portfolio,2025,2025-01-15,Visual cognition in multimodal large language models,Luca M. Schulze Buschoff; Elif Akata; Matthias Bethge; Eric R. Schulz,7,1,10.1038/s42256-024-00963-y,https://doi.org/10.1038/s42256-024-00963-y,article,Nature Machine Intelligence,https://openalex.org/W4406400870
Nature Machine Intelligence,Nature Portfolio,2025,2025-01-16,A machine learning approach to leveraging electronic health records for enhanced omics analysis,Samson J. Mataraso; Camilo A. Espinosa; David C. Seong; S. Momsen Reincke; Eloïse Berson; Jonathan D. Reiss; Yeasul Kim; Marc Ghanem; Chi-Hung Shu; Tomin K. James; Yuqi Tan; Sayane Shome; Ina A. Stelzer; Dorien Feyaerts; Ronald J. Wong; Gary M. Shaw; Martin S. Angst; Brice L Gaudilliere; David K. Stevenson; Nima Aghaeepour,7,2,10.1038/s42256-024-00974-9,https://doi.org/10.1038/s42256-024-00974-9,article,Nature Machine Intelligence,https://openalex.org/W4406472643
Nature Machine Intelligence,Nature Portfolio,2025,2025-01-16,Learning from models beyond fine-tuning,Hongling Zheng; Li Shen; Anke Tang; Yong Luo; Han Hu; Bo Du; Yonggang Wen; Dacheng Tao,7,1,10.1038/s42256-024-00961-0,https://doi.org/10.1038/s42256-024-00961-0,article,Nature Machine Intelligence,https://openalex.org/W4406472599
Nature Machine Intelligence,Nature Portfolio,2025,2025-01-17,A quantitative analysis of knowledge-learning preferences in large language models in molecular science,Pengfei Liu; Jun Tao; Zhixiang Ren,7,2,10.1038/s42256-024-00977-6,https://doi.org/10.1038/s42256-024-00977-6,article,Nature Machine Intelligence,https://openalex.org/W4406537581
Nature Machine Intelligence,Nature Portfolio,2025,2025-01-17,A unified evolution-driven deep learning framework for virus variation driver prediction,Zhiwei Nie; Xudong Liu; Jie Chen; Zhennan Wang; Yutian Liu; Hao-Rui Si; Tianyi Dong; Fan Xu; Guoli Song; Yu Wang; Peng Zhou; Wen Gao; Yonghong Tian,7,1,10.1038/s42256-024-00966-9,https://doi.org/10.1038/s42256-024-00966-9,article,Nature Machine Intelligence,https://openalex.org/W4406536241
Nature Machine Intelligence,Nature Portfolio,2025,2025-01-21,Author Correction: Kernel approximation using analogue in-memory computing,Julian Büchel; Giacomo Camposampiero; Athanasios Vasilopoulos; Corey Lammie; Manuel Le Gallo; Abbas Rahimi; Abu Sebastian,7,2,10.1038/s42256-025-00996-x,https://doi.org/10.1038/s42256-025-00996-x,erratum,Nature Machine Intelligence,https://openalex.org/W4406677272
Nature Machine Intelligence,Nature Portfolio,2025,2025-01-21,What large language models know and what people think they know,Mark Steyvers; Heliodoro Tejeda; Aakriti Kumar; Catarina Belém; Sheer Karny; Xinyue Hu; Lukas William Mayer; Padhraic Smyth,7,2,10.1038/s42256-024-00976-7,https://doi.org/10.1038/s42256-024-00976-7,article,Nature Machine Intelligence,https://openalex.org/W4406679533
Nature Machine Intelligence,Nature Portfolio,2025,2025-01-23,Moving towards genome-wide data integration for patient stratification with Integrate Any Omics,Shihao Ma; Andy G.X. Zeng; Benjamin Haibe‐Kains; Anna Goldenberg; John Edgar Dick; Bo Wang,7,1,10.1038/s42256-024-00942-3,https://doi.org/10.1038/s42256-024-00942-3,article,Nature Machine Intelligence,https://openalex.org/W4406833231
Nature Machine Intelligence,Nature Portfolio,2025,2025-01-27,Evolutionary optimization of model merging recipes,Takuya Akiba; Makoto Shing; Yujin Tang; Qi Sun; David Ha,7,2,10.1038/s42256-024-00975-8,https://doi.org/10.1038/s42256-024-00975-8,article,Nature Machine Intelligence,https://openalex.org/W4406844855
Nature Machine Intelligence,Nature Portfolio,2025,2025-01-27,Machine learning solutions looking for PDE problems,,7,1,10.1038/s42256-025-00989-w,https://doi.org/10.1038/s42256-025-00989-w,article,Nature Machine Intelligence,https://openalex.org/W4406865956
Nature Machine Intelligence,Nature Portfolio,2025,2025-01-28,A unified cross-attention model for predicting antigen binding specificity to both HLA and TCR molecules,Chenpeng Yu; Xing Fang; Shiye Tian; Hui Liu,7,2,10.1038/s42256-024-00973-w,https://doi.org/10.1038/s42256-024-00973-w,article,Nature Machine Intelligence,https://openalex.org/W4406916847
Nature Machine Intelligence,Nature Portfolio,2025,2025-01-28,Deep learning enhances the prediction of HLA class I-presented CD8+ T cell epitopes in foreign pathogens,Jeremy Wohlwend; Anusha Nathan; Nitan Shalon; Charles R. Crain; Rhoda Tano-Menka; Benjamin Goldberg; Esther Richards; Gaurav D. Gaiha; Regina Barzilay,7,2,10.1038/s42256-024-00971-y,https://doi.org/10.1038/s42256-024-00971-y,article,Nature Machine Intelligence,https://openalex.org/W4406917211
Nature Machine Intelligence,Nature Portfolio,2025,2025-02-03,Why the carbon footprint of generative large language models alone will not help us assess their sustainability,Leonie N. Bossert; Wulf Loh,7,2,10.1038/s42256-025-00979-y,https://doi.org/10.1038/s42256-025-00979-y,article,Nature Machine Intelligence,https://openalex.org/W4407107681
Nature Machine Intelligence,Nature Portfolio,2025,2025-02-05,Preserving and combining knowledge in robotic lifelong reinforcement learning,Yuan Meng; Zhenshan Bing; Xiangtong Yao; Kejia Chen; Kai Huang; Yang Gao; Fuchun Sun; Alois Knoll,7,2,10.1038/s42256-025-00983-2,https://doi.org/10.1038/s42256-025-00983-2,article,Nature Machine Intelligence,https://openalex.org/W4407163958
Nature Machine Intelligence,Nature Portfolio,2025,2025-02-06,Discovering fully semantic representations via centroid- and orientation-aware feature learning,Jaehoon Cha; Jinhae Park; Samuel Pinilla; Kyle L. Morris; Christopher S. Allen; Mark I. Wilkinson; Jeyan Thiyagalingam,7,2,10.1038/s42256-024-00978-5,https://doi.org/10.1038/s42256-024-00978-5,article,Nature Machine Intelligence,https://openalex.org/W4407189605
Nature Machine Intelligence,Nature Portfolio,2025,2025-02-06,The promise of generative AI for suicide prevention in India,Tanmoy Chakraborty; Koushik Sinha Deb; Himanshu Kulkarni; Sarah Masud; Suresh Bada Math; Gülay Öke; Rajesh Sagar; Mona Sharma,7,2,10.1038/s42256-025-00992-1,https://doi.org/10.1038/s42256-025-00992-1,article,Nature Machine Intelligence,https://openalex.org/W4407189674
Nature Machine Intelligence,Nature Portfolio,2025,2025-02-10,On the caveats of AI autophagy,Xiaodan Xing; Fadong Shi; Jiahao Huang; Yinzhe Wu; Nan Yang; Sheng Zhang; Yingying Fang; Michael T. Roberts; Carola‐Bibiane Schönlieb; Javier Del Ser; Guang Zhong Yang,7,2,10.1038/s42256-025-00984-1,https://doi.org/10.1038/s42256-025-00984-1,article,Nature Machine Intelligence,https://openalex.org/W4407342656
Nature Machine Intelligence,Nature Portfolio,2025,2025-02-12,On board with COMET to improve omics prediction models,Paul Fogel; George Luta,7,2,10.1038/s42256-025-00990-3,https://doi.org/10.1038/s42256-025-00990-3,article,Nature Machine Intelligence,https://openalex.org/W4407415635
Nature Machine Intelligence,Nature Portfolio,2025,2025-02-13,Benchmarking AI-powered docking methods from the perspective of virtual screening,Shukai Gu; Chao Shen; Xujun Zhang; Huiyong Sun; Heng Cai; Hao Luo; Huifeng Zhao; Bo Liu; Hongyan Du; Yihao Zhao; Chenggong Fu; Silong Zhai; Yafeng Deng; Huanxiang Liu; Tingjun Hou; Yu Kang,7,3,10.1038/s42256-025-00993-0,https://doi.org/10.1038/s42256-025-00993-0,article,Nature Machine Intelligence,https://openalex.org/W4407549886
Nature Machine Intelligence,Nature Portfolio,2025,2025-02-13,Image-based generation for molecule design with SketchMol,Zixu Wang; Yangyang Chen; Pengsen Ma; Zhou Yu; Jianmin Wang; Yuansheng Liu; Xiucai Ye; Tetsuya Sakurai; Xiangxiang Zeng,7,2,10.1038/s42256-025-00982-3,https://doi.org/10.1038/s42256-025-00982-3,article,Nature Machine Intelligence,https://openalex.org/W4407550205
Nature Machine Intelligence,Nature Portfolio,2025,2025-02-13,Towards a more inductive world for drug repurposing approaches,Jesús de la Fuente; Guillermo Serrano; Uxía Veleiro; Mikel Casals; Laura María Núñez Vera; Marija Pizurica; Nuria Gómez-Cebrián; Leonor Puchades‐Carrasco; Antonio Pineda‐Lucena; Idoia Ochoa; Silvestre Vicent; Olivier Gevaert; Mikel Hernáez,7,3,10.1038/s42256-025-00987-y,https://doi.org/10.1038/s42256-025-00987-y,article,Nature Machine Intelligence,https://openalex.org/W4407549459
Nature Machine Intelligence,Nature Portfolio,2025,2025-02-17,Large language models that replace human participants can harmfully misportray and flatten identity groups,Angelina Wang; Jamie Morgenstern; John P. Dickerson,7,3,10.1038/s42256-025-00986-z,https://doi.org/10.1038/s42256-025-00986-z,article,Nature Machine Intelligence,https://openalex.org/W4407662298
Nature Machine Intelligence,Nature Portfolio,2025,2025-02-17,Rethinking machine unlearning for large language models,Sijia Liu; Yuanshun Yao; Jinghan Jia; Stephen T. Casper; Nathalie Baracaldo; Peter Hase; Yuguang Yao; Chris Yuhao Liu; Xiaojun Xu; Hang Li; Kush R. Varshney; Mohit Bansal; Oluwasanmi O. Koyejo; Yang Liu,7,2,10.1038/s42256-025-00985-0,https://doi.org/10.1038/s42256-025-00985-0,article,Nature Machine Intelligence,https://openalex.org/W4407661798
Nature Machine Intelligence,Nature Portfolio,2025,2025-02-20,Bridging peptide presentation and T cell recognition with multi-task learning,Li Su; Duolin Wang; Dong He Xu,7,2,10.1038/s42256-025-01004-y,https://doi.org/10.1038/s42256-025-01004-y,article,Nature Machine Intelligence,https://openalex.org/W4407790236
Nature Machine Intelligence,Nature Portfolio,2025,2025-02-20,Deep lead optimization enveloped in protein pocket and its application in designing potent and selective ligands targeting LTK protein,S Y Chen; Odin Zhang; Chenran Jiang; Huifeng Zhao; Xujun Zhang; Mengting Chen; Yan Liu; Qun Su; Zhenxing Wu; Xinyue Wang; Wanglin Qu; Yuanyi Ye; Xin Chai; Ning Wang; Tianyue Wang; Yuan An; Guanlin Wu; Qianqian Yang; Jiean Chen; Wei Xie; Haitao Lin; Dan Li; Chang‐Yu Hsieh; Yong Huang; Yu Kang; Tingjun Hou; Peichen Pan,7,3,10.1038/s42256-025-00997-w,https://doi.org/10.1038/s42256-025-00997-w,article,Nature Machine Intelligence,https://openalex.org/W4407789339
Nature Machine Intelligence,Nature Portfolio,2025,2025-02-20,Physical benchmarks for testing algorithms,Jakob Zeitler,7,2,10.1038/s42256-025-00999-8,https://doi.org/10.1038/s42256-025-00999-8,article,Nature Machine Intelligence,https://openalex.org/W4407790586
Nature Machine Intelligence,Nature Portfolio,2025,2025-02-21,Categorizing robots by performance fitness into the tree of robots,Robin Jeanne Kirschner; Kübra Karacan; Alessandro Melone; Sami Haddadin,7,3,10.1038/s42256-025-00995-y,https://doi.org/10.1038/s42256-025-00995-y,article,Nature Machine Intelligence,https://openalex.org/W4407813566
Nature Machine Intelligence,Nature Portfolio,2025,2025-02-21,Goals as reward-producing programs,Guy Davidson; Graham Todd; Julian Togelius; Todd Matthew Gureckis; Brenden M. Lake,7,2,10.1038/s42256-025-00981-4,https://doi.org/10.1038/s42256-025-00981-4,article,Nature Machine Intelligence,https://openalex.org/W4407864826
Nature Machine Intelligence,Nature Portfolio,2025,2025-02-21,Scalable and robust DNA-based storage via coding theory and deep learning,Daniella Bar-Lev; Itai Orr; Omer Sabary; Tuvi Etzion; Eitan Yaakobi,7,4,10.1038/s42256-025-01003-z,https://doi.org/10.1038/s42256-025-01003-z,article,Nature Machine Intelligence,https://openalex.org/W4407813519
Nature Machine Intelligence,Nature Portfolio,2025,2025-02-24,Seeking visions for sustainable AI,,7,2,10.1038/s42256-025-01008-8,https://doi.org/10.1038/s42256-025-01008-8,article,Nature Machine Intelligence,https://openalex.org/W4407870604
Nature Machine Intelligence,Nature Portfolio,2025,2025-02-25,Large language models for scientific discovery in molecular property prediction,Yizhen Zheng; Huan Yee Koh; Jiaxin Ju; Anh T. N. Nguyen; Lauren Therese May; Geoffrey I. Webb; Shirui Pan,7,3,10.1038/s42256-025-00994-z,https://doi.org/10.1038/s42256-025-00994-z,article,Nature Machine Intelligence,https://openalex.org/W4407922392
Nature Machine Intelligence,Nature Portfolio,2025,2025-02-25,Teaching robots to build simulations of themselves,Yuhang Hu; Jiong Lin; Hod Lipson,7,3,10.1038/s42256-025-01006-w,https://doi.org/10.1038/s42256-025-01006-w,article,Nature Machine Intelligence,https://openalex.org/W4407922246
Nature Machine Intelligence,Nature Portfolio,2025,2025-02-26,A unified deep framework for peptide–major histocompatibility complex–T cell receptor binding prediction,Yunxiang Zhao; Jijun Yu; Yixin Su; You Shu; Enhao Ma; Jing Wang; Shuyang Jiang; Congwen Wei; Dongsheng Li; Zhen Huang; Gong Cheng; Hongguang Ren; Jiannan Feng,7,4,10.1038/s42256-025-01002-0,https://doi.org/10.1038/s42256-025-01002-0,article,Nature Machine Intelligence,https://openalex.org/W4407978845
Nature Machine Intelligence,Nature Portfolio,2025,2025-03-03,Bridging the gap between machine confidence and human perceptions,Ming Yin,7,3,10.1038/s42256-025-01013-x,https://doi.org/10.1038/s42256-025-01013-x,article,Nature Machine Intelligence,https://openalex.org/W4408119615
Nature Machine Intelligence,Nature Portfolio,2025,2025-03-05,Data-driven federated learning in drug discovery with knowledge distillation,Thierry Hanser; Ernst Ahlberg; Alexander Amberg; Lennart T. Anger; Chris Barber; Richard John Brennan; Alessandro Brigo; Annie G. Delaunois; Susanne Glowienke; Nigel Greene; Laura Johnston; Daniel Kühn; Lara Kuhnke; Jean-François Marchaland; Wolfgang Muster; Jeffrey P. Plante; Friedrich Rippmann; Yogesh A. Sabnis; Friedemann Schmidt; Ruud van Deursen; Stéphane Werner; Angela White; Joerg Wichard; Tomoya Yukawa,7,3,10.1038/s42256-025-00991-2,https://doi.org/10.1038/s42256-025-00991-2,article,Nature Machine Intelligence,https://openalex.org/W4408161267
Nature Machine Intelligence,Nature Portfolio,2025,2025-03-13,"Fast, scale-adaptive and uncertainty-aware downscaling of Earth system model fields with generative machine learning",Philipp Hess; Michael Aich; Baoxiang Pan; Niklas Boers,7,3,10.1038/s42256-025-00980-5,https://doi.org/10.1038/s42256-025-00980-5,article,Nature Machine Intelligence,https://openalex.org/W4408413580
Nature Machine Intelligence,Nature Portfolio,2025,2025-03-13,From data chaos to precision medicine,Alexander Schönhuth,7,3,10.1038/s42256-025-01015-9,https://doi.org/10.1038/s42256-025-01015-9,article,Nature Machine Intelligence,https://openalex.org/W4408413555
Nature Machine Intelligence,Nature Portfolio,2025,2025-03-13,Transformers and genome language models,Micaela Elisa Consens; C Dufault; Michael Wainberg; Duncan M. Forster; Mehran Karimzadeh; Hani Goodarzi; Fabian Joachim Theis; Alan M Moses; Bo Wang,7,3,10.1038/s42256-025-01007-9,https://doi.org/10.1038/s42256-025-01007-9,article,Nature Machine Intelligence,https://openalex.org/W4408387458
Nature Machine Intelligence,Nature Portfolio,2025,2025-03-17,A comprehensive large-scale biomedical knowledge graph for AI-powered data-driven biomedical research,Yuan Zhang; Xin Sui; Feng Pan; Kaixian Yu; Keqiao Li; Shubo Tian; Arslan Erdengasileng; Qing Han; Wanjing Wang; Jianan Wang; Jian Wang; Donghu Sun; Henry Shu-Hung Chung; Jun Zhou; En-Hong Zhou; Ben Hwan Lee; Peili Zhang; Xing Qiu; Tingting Zhao; Jinfeng Zhang,7,4,10.1038/s42256-025-01014-w,https://doi.org/10.1038/s42256-025-01014-w,article,Nature Machine Intelligence,https://openalex.org/W4408501948
Nature Machine Intelligence,Nature Portfolio,2025,2025-03-17,Author Correction: Coordinate-based neural representations for computational adaptive optics in widefield microscopy,Iksung Kang; Qinrong Zhang; Stella X. Yu; Na Young Ji,7,4,10.1038/s42256-025-01022-w,https://doi.org/10.1038/s42256-025-01022-w,erratum,Nature Machine Intelligence,https://openalex.org/W4408537687
Nature Machine Intelligence,Nature Portfolio,2025,2025-03-17,Explainable AI reveals Clever Hans effects in unsupervised learning models,Jacob Kauffmann; Jonas Dippel; Lukas Ruff; Wojciech Samek; Klaus-Robert Müller; Grégoire Montavon,7,3,10.1038/s42256-025-01000-2,https://doi.org/10.1038/s42256-025-01000-2,article,Nature Machine Intelligence,https://openalex.org/W4408502165
Nature Machine Intelligence,Nature Portfolio,2025,2025-03-17,Synergy-based robotic quadruped leveraging passivity for natural intelligence and behavioural diversity,Francesco Stella; Mickaël M. Achkar; Cosimo Della Santina; Josie Hughes,7,3,10.1038/s42256-025-00988-x,https://doi.org/10.1038/s42256-025-00988-x,article,Nature Machine Intelligence,https://openalex.org/W4408502181
Nature Machine Intelligence,Nature Portfolio,2025,2025-03-17,Towards unveiling sensitive and decisive patterns in explainable AI with a case study in geometric deep learning,Jiajun Zhu; Siqi Miao; Rex Ying; Pan Li,7,3,10.1038/s42256-025-00998-9,https://doi.org/10.1038/s42256-025-00998-9,article,Nature Machine Intelligence,https://openalex.org/W4408502246
Nature Machine Intelligence,Nature Portfolio,2025,2025-03-18,Author Correction: A machine learning approach to leveraging electronic health records for enhanced omics analysis,Samson J. Mataraso; Camilo A. Espinosa; David C. Seong; S. Momsen Reincke; Eloïse Berson; Jonathan D. Reiss; Yeasul Kim; Marc Ghanem; Chi-Hung Shu; Tomin K. James; Yuqi Tan; Sayane Shome; Ina A. Stelzer; Dorien Feyaerts; Ronald J. Wong; Gary M. Shaw; Martin S. Angst; Brice L Gaudilliere; David K. Stevenson; Nima Aghaeepour,7,4,10.1038/s42256-025-01021-x,https://doi.org/10.1038/s42256-025-01021-x,erratum,Nature Machine Intelligence,https://openalex.org/W4408574499
Nature Machine Intelligence,Nature Portfolio,2025,2025-03-18,Embodied large language models enable robots to complete complex tasks in unpredictable environments,Ruaridh Mon-Williams; Gen Li; Ran Long; Wenqian Du; Christopher G. Lucas,7,4,10.1038/s42256-025-01005-x,https://doi.org/10.1038/s42256-025-01005-x,article,Nature Machine Intelligence,https://openalex.org/W4408555470
Nature Machine Intelligence,Nature Portfolio,2025,2025-03-19,Active exploration and reconstruction of vascular networks using microrobot swarms,Xingzhou Du; Yibin Wang; Junhui Law; Kaiwen Fang; Hui Chen; Yuezhen Liu; Jiangfan Yu,7,4,10.1038/s42256-025-01012-y,https://doi.org/10.1038/s42256-025-01012-y,article,Nature Machine Intelligence,https://openalex.org/W4408627751
Nature Machine Intelligence,Nature Portfolio,2025,2025-03-20,Materiality and risk in the age of pervasive AI sensors,Mona Sloane; Emanuel Moss; Susan Kennedy; Matthew P. Stewart; Pete Warden; Brian Plancher; Vijay Janapa Reddi,7,3,10.1038/s42256-025-01017-7,https://doi.org/10.1038/s42256-025-01017-7,article,Nature Machine Intelligence,https://openalex.org/W4408673031
Nature Machine Intelligence,Nature Portfolio,2025,2025-03-20,Quantum circuit optimization with AlphaTensor,Francisco J. R. Ruiz; Tuomas Laakkonen; Johannes Bausch; Matej Balog; Mohammadamin Barekatain; Francisco J. H. Heras; Alexander Andreevich Novikov; Nathan Fitzpatrick; Bernardino Romera‐Paredes; John van de Wetering; Alhussein Fawzi; Konstantinos Meichanetzidis; Pushmeet Kohli,7,3,10.1038/s42256-025-01001-1,https://doi.org/10.1038/s42256-025-01001-1,article,Nature Machine Intelligence,https://openalex.org/W4408648757
Nature Machine Intelligence,Nature Portfolio,2025,2025-03-24,A disease-specific language model for variant pathogenicity in cardiac and regulatory genomics,Huixin Zhan; Jason H. Moore; Zijun Zhang,7,4,10.1038/s42256-025-01016-8,https://doi.org/10.1038/s42256-025-01016-8,article,Nature Machine Intelligence,https://openalex.org/W4408771008
Nature Machine Intelligence,Nature Portfolio,2025,2025-03-24,Transparency (in training data) is what we want,,7,3,10.1038/s42256-025-01023-9,https://doi.org/10.1038/s42256-025-01023-9,article,Nature Machine Intelligence,https://openalex.org/W4408777609
Nature Machine Intelligence,Nature Portfolio,2025,2025-03-27,A text-guided protein design framework,Shengchao Liu; Yanjing Li; Zhuoxinran Li; Anthony Gitter; Yutao Zhu; Jiarui Lu; Zhao Xu; Weili Nie; Arvind Ramanathan; Chaowei Xiao; Jian Tang; Hongyu Guo; Anima Anandkumar,7,4,10.1038/s42256-025-01011-z,https://doi.org/10.1038/s42256-025-01011-z,article,Nature Machine Intelligence,https://openalex.org/W4408883834
Nature Machine Intelligence,Nature Portfolio,2025,2025-03-31,InstaNovo enables diffusion-powered de novo peptide sequencing in large-scale proteomics experiments,Kevin Eloff; Konstantinos Kalogeropoulos; Amandla Mabona; Oliver Morell; Rachel Catzel; Esperanza Rivera‐de‐Torre; Jakob Berg Jespersen; Wesley Williams; Sam P. B. van Beljouw; Marcin J. Skwark; Andreas H. Laustsen; Stan J. J. Brouns; Anne Ljungars; Erwin M. Schoof; Jeroen Van Goey; Ulrich auf dem Keller; Karim Beguir; Nicolás López Carranza; Timothy P. Jenkins,7,4,10.1038/s42256-025-01019-5,https://doi.org/10.1038/s42256-025-01019-5,article,Nature Machine Intelligence,https://openalex.org/W4409032371
Nature Machine Intelligence,Nature Portfolio,2025,2025-04-01,A predictive machine learning force-field framework for liquid electrolyte development,Sheng Rong Gong; Yumin Zhang; Zhenliang Mu; Zhichen Pu; Hongyi Wang; Xu Han; Zhiao Yu; Mengyi Chen; Tianze Zheng; Zhi Wang; Lifei Chen; Zhenze Yang; Xiaojie Wu; Shaochen Shi; Weihao Gao; Wen Yan; Liang Xiang,7,4,10.1038/s42256-025-01009-7,https://doi.org/10.1038/s42256-025-01009-7,article,Nature Machine Intelligence,https://openalex.org/W4409069046
Nature Machine Intelligence,Nature Portfolio,2025,2025-04-14,Human-centred design and fabrication of a wearable multimodal visual assistance system,Jian Guo Tang; Yi Zhu; Gai Jiang; Xiao Lin; Wei Ren; Yu Zhou; Qinying Gu; Biao Guo Yan; Jiayi Zhang; Hengchang Bi; Desheng Dash Wu; Zhiyong Fan; Leilei Gu,7,4,10.1038/s42256-025-01018-6,https://doi.org/10.1038/s42256-025-01018-6,article,Nature Machine Intelligence,https://openalex.org/W4409413215
Nature Machine Intelligence,Nature Portfolio,2025,2025-04-17,AI safety for everyone,Bálint Gyevnár; Atoosa Kasirzadeh,7,4,10.1038/s42256-025-01020-y,https://doi.org/10.1038/s42256-025-01020-y,article,Nature Machine Intelligence,https://openalex.org/W4409523169
Nature Machine Intelligence,Nature Portfolio,2025,2025-04-18,Transforming machines capable of continuous 3D shape morphing and locking,Shiwei Xu; Xiaonan Hu; Ruoxi Yang; Chuanqi Zang; Lei Li; Yue Xiao; Wenbo Liu; Bocheng Tian; Wenbo Pang; Renheng Bo; Qing Liu; Youzhou Yang; Yuchen Lai; Jun Jiao Wu; Huichan Zhao; Li Wen; Yihui Zhang,7,5,10.1038/s42256-025-01028-4,https://doi.org/10.1038/s42256-025-01028-4,article,Nature Machine Intelligence,https://openalex.org/W4409565516
Nature Machine Intelligence,Nature Portfolio,2025,2025-04-21,Sparse and transferable three-dimensional dynamic vascular reconstruction for instantaneous diagnosis,Yinheng Zhu; Yong Wang; Chunxia Di; H. Liu; Fangzhou Liao; Shaohua Ma,7,5,10.1038/s42256-025-01025-7,https://doi.org/10.1038/s42256-025-01025-7,article,Nature Machine Intelligence,https://openalex.org/W4409622012
Nature Machine Intelligence,Nature Portfolio,2025,2025-04-23,Optimal transport for generating transition states in chemical reactions,Chenru Duan; Guan-Horng Liu; Yuanqi Du; Tianrong Chen; Qiyuan Zhao; Haojun Jia; Carla Pedro Gomes; Evangelos A. Theodorou; Heather Janine Kulik,7,4,10.1038/s42256-025-01010-0,https://doi.org/10.1038/s42256-025-01010-0,article,Nature Machine Intelligence,https://openalex.org/W4409729665
Nature Machine Intelligence,Nature Portfolio,2025,2025-04-23,Personalized uncertainty quantification in artificial intelligence,Tapabrata Chakraborti; Christopher R. S. Banerji; Ariane Marandon; Vicky Hellon; ROBIN K. MITRA; Brieuc Lehmann; Leandra Bräuninger; Sarah F. McGough; Çağatay Turkay; Alejandro Federico Frangi; Ginestra Bianconi; Weizi Li; Owen Rackham; Deepak Parashar; Chris G. Harbron; Ben D. MacArthur,7,4,10.1038/s42256-025-01024-8,https://doi.org/10.1038/s42256-025-01024-8,article,Nature Machine Intelligence,https://openalex.org/W4409729608
Nature Machine Intelligence,Nature Portfolio,2025,2025-04-23,Robot planning with LLMs,,7,4,10.1038/s42256-025-01036-4,https://doi.org/10.1038/s42256-025-01036-4,article,Nature Machine Intelligence,https://openalex.org/W4409729493
Nature Machine Intelligence,Nature Portfolio,2025,2025-04-29,Machine learning prediction of enzyme optimum pH,Japheth E. Gado; Matthew William Knotts; Ada Y. Shaw; Debora S. Marks; Nicholas Paul Gauthier; Chris Sander; Gregg T. Beckham,7,5,10.1038/s42256-025-01026-6,https://doi.org/10.1038/s42256-025-01026-6,article,Nature Machine Intelligence,https://openalex.org/W4409952824
Nature Machine Intelligence,Nature Portfolio,2025,2025-05-01,Lossless data compression by large models,Ziguang Li; Chao Huang; Xuliang Wang; Haibo Hu; Cole Wyeth; Dongbo Bu; Quan Yu; Wen Gao; Xingwu Liu; Ming Li,7,5,10.1038/s42256-025-01033-7,https://doi.org/10.1038/s42256-025-01033-7,article,Nature Machine Intelligence,https://openalex.org/W4410007609
Nature Machine Intelligence,Nature Portfolio,2025,2025-05-12,Generating 3D small binding molecules using shape-conditioned diffusion models with guidance,Ziqi Chen; Bo Peng; T. Zhai; Daniel Adu‐Ampratwum; Xia Ning,7,5,10.1038/s42256-025-01030-w,https://doi.org/10.1038/s42256-025-01030-w,article,Nature Machine Intelligence,https://openalex.org/W4410309263
Nature Machine Intelligence,Nature Portfolio,2025,2025-05-13,Bridging chemistry and artificial intelligence by a reaction description language,Jiacheng Xiong; Wei Zhang; Yinquan Wang; Jiatao Huang; Yuqi Shi; Mingyan Xu; Manjia Li; Zunyun Fu; Xiangtai Kong; Yitian Wang; Zhaoping Xiong; Mingyue Zheng,7,5,10.1038/s42256-025-01032-8,https://doi.org/10.1038/s42256-025-01032-8,article,Nature Machine Intelligence,https://openalex.org/W4410325189
Nature Machine Intelligence,Nature Portfolio,2025,2025-05-15,Back to recurrent processing at the crossroad of transformers and state-space models,Matteo Tiezzi; Michele Casoni; Alessandro Betti; Tommaso Guidi; Marco Gori; Stefano Melacci,7,5,10.1038/s42256-025-01034-6,https://doi.org/10.1038/s42256-025-01034-6,article,Nature Machine Intelligence,https://openalex.org/W4410412107
Nature Machine Intelligence,Nature Portfolio,2025,2025-05-19,A personalized time-resolved 3D mesh generative model for unveiling normal heart dynamics,Mengyun Qiao; Kathryn A. McGurk; Shuo Wang; Paul McMahan Matthews; Declan P. O’Regan; Wenjia Bai,7,5,10.1038/s42256-025-01035-5,https://doi.org/10.1038/s42256-025-01035-5,article,Nature Machine Intelligence,https://openalex.org/W4410479901
Nature Machine Intelligence,Nature Portfolio,2025,2025-05-19,Compositional pretraining improves computational efficiency and matches animal behaviour on complex tasks,David L. Hocker; Christine M. Constantinople; Cristina Savin,7,5,10.1038/s42256-025-01029-3,https://doi.org/10.1038/s42256-025-01029-3,article,Nature Machine Intelligence,https://openalex.org/W4410480008
Nature Machine Intelligence,Nature Portfolio,2025,2025-05-21,Localizing AI in the global south,,7,5,10.1038/s42256-025-01057-z,https://doi.org/10.1038/s42256-025-01057-z,article,Nature Machine Intelligence,https://openalex.org/W4410551293
Nature Machine Intelligence,Nature Portfolio,2025,2025-05-23,Advancing molecular machine learning representations with stereoelectronics-infused molecular graphs,Daniil A. Boiko; Thiago Reschützegger; Benjamín Sánchez-Lengeling; Samuel M. Blau; Gabe Gomes,7,5,10.1038/s42256-025-01031-9,https://doi.org/10.1038/s42256-025-01031-9,article,Nature Machine Intelligence,https://openalex.org/W4403967299
Nature Machine Intelligence,Nature Portfolio,2025,2025-05-23,Deep spectral component filtering as a foundation model for spectral analysis demonstrated in metabolic profiling,Bingsen Xue; Xinyuan Bi; Zheyi Dong; Yong X. Xu; Minghui Liang; Xin Fang; Yizhe Yuan; Ruoxi Wang; Shuyu Liu; Rushi Jiao; Yuze Chen; Weitao Zu; Chengxiang Wang; Jianhao Zhang; Jiang Liu; Qin Zhang; Ye Yuan; Midie Xu; Ya Zhang; Yanfeng Wang; Jian Ye; Cheng Jin,7,5,10.1038/s42256-025-01027-5,https://doi.org/10.1038/s42256-025-01027-5,article,Nature Machine Intelligence,https://openalex.org/W4410621350
Nature Machine Intelligence,Nature Portfolio,2025,2025-05-23,Firefighting robots should be made responsibly,Benjamin Ronald van Manen; Eduard Fosch‐Villaronga; Merlijn Smits,7,5,10.1038/s42256-025-01037-3,https://doi.org/10.1038/s42256-025-01037-3,article,Nature Machine Intelligence,https://openalex.org/W4410629259
Nature Machine Intelligence,Nature Portfolio,2025,2025-06-06,"A multimodal conversational agent for DNA, RNA and protein tasks",Bernardo P. de Almeida; Guillaume Richard; Hugo Dalla-Torre; Christopher Frederik Blum; Lorenz Hexemer; Priyanka Pandey; Stefan Laurent; Chandana Rajesh; Marie Lopez; Alexandre Laterre; Maren Lang; Uğur Şahin; Karim Beguir; Thomas Pierrot,7,6,10.1038/s42256-025-01047-1,https://doi.org/10.1038/s42256-025-01047-1,article,Nature Machine Intelligence,https://openalex.org/W4411100227
Nature Machine Intelligence,Nature Portfolio,2025,2025-06-06,Unregulated emotional risks of AI wellness apps,Julian De Freitas; Ivan Glenn Cohen,7,6,10.1038/s42256-025-01051-5,https://doi.org/10.1038/s42256-025-01051-5,article,Nature Machine Intelligence,https://openalex.org/W4411099998
Nature Machine Intelligence,Nature Portfolio,2025,2025-06-09,Embedding high-resolution touch across robotic hands enables adaptive human-like grasping,Zihang Zhao; Wanlin Li; Yuyang Li; Tengyu Liu; Boren Li; Meng Wang; Kai Du; Hangxin Liu; Yixin Zhu; Qining Wang; Kaspar A. Althoefer; Song-Chun Zhu,7,6,10.1038/s42256-025-01053-3,https://doi.org/10.1038/s42256-025-01053-3,article,Nature Machine Intelligence,https://openalex.org/W4411157391
Nature Machine Intelligence,Nature Portfolio,2025,2025-06-09,Human-like object concept representations emerge naturally in multimodal large language models,Changde Du; Kaicheng Fu; Bin Wen; Yi Sun; Jie Peng; Wei Wei; Ying Gao; Shengpei Wang; Chuncheng Zhang; Jinpeng Li; Shuang Qiu; Le Chang; Huiguang He,7,6,10.1038/s42256-025-01049-z,https://doi.org/10.1038/s42256-025-01049-z,article,Nature Machine Intelligence,https://openalex.org/W4400341903
Nature Machine Intelligence,Nature Portfolio,2025,2025-06-16,A new perspective on the simulation of stochastic problems in fluid mechanics with diffusion models,Luca Guastoni; Ricardo Vinuesa,7,6,10.1038/s42256-025-01060-4,https://doi.org/10.1038/s42256-025-01060-4,article,Nature Machine Intelligence,https://openalex.org/W4411328644
Nature Machine Intelligence,Nature Portfolio,2025,2025-06-16,Learning vision-based agile flight via differentiable physics,Yuang Zhang; Yu Hu; Yunlong Song; Danping Zou; Weiyao Lin,7,6,10.1038/s42256-025-01048-0,https://doi.org/10.1038/s42256-025-01048-0,article,Nature Machine Intelligence,https://openalex.org/W4403753154
Nature Machine Intelligence,Nature Portfolio,2025,2025-06-16,Mask-prior-guided denoising diffusion improves inverse protein folding,Peizhen Bai; Filip N. Miljković; Xianyuan Liu; Leonardo De Maria; Rebecca Croasdale-Wood; Owen J. L. Rackham; Haiping Lu,7,6,10.1038/s42256-025-01042-6,https://doi.org/10.1038/s42256-025-01042-6,article,Nature Machine Intelligence,https://openalex.org/W4411328632
Nature Machine Intelligence,Nature Portfolio,2025,2025-06-18,Generalized biological foundation model with unified nucleic acid and protein language,Yong He; Pan Fang; Yongtao Shan; Yuanfei Pan; Yanhong Wei; Yichang Chen; Yihao Chen; Yi Liu; Zhenyu Zeng; Zhan Mei Zhou; Feng Zhu; Edward Charles Holmes; Jieping Ye; Jun Li; Yuelong Shu; Mǎng Shī; Zhaorong Li,7,6,10.1038/s42256-025-01044-4,https://doi.org/10.1038/s42256-025-01044-4,article,Nature Machine Intelligence,https://openalex.org/W4411428681
Nature Machine Intelligence,Nature Portfolio,2025,2025-06-18,Improving diffusion-based protein backbone generation with global-geometry-aware latent encoding,Yuyang Zhang; Yuhang Liu; Zinnia Ma; Min Li; Chunfu Xu; Haipeng Gong,7,7,10.1038/s42256-025-01059-x,https://doi.org/10.1038/s42256-025-01059-x,article,Nature Machine Intelligence,https://openalex.org/W4411428671
Nature Machine Intelligence,Nature Portfolio,2025,2025-06-18,Next-generation phenotyping of inherited retinal diseases from multimodal imaging with Eye2Gene,Nikolas Pontikos; William A. Woof; Siying Lin; Biraja Ghoshal; Bernardo Souza Mendes; Yoga Advaith Veturi; Quang Nguyen; Behnam Javanmardi; Michalis Georgiou; Alexander Hustinx; Miguel A. Ibarra-Arellano; Ismail Moghul; Yichen Liu; Kristina Pfau; Maximilian Pfau; Mital Shah; Jing Yu; Saoud Al‐Khuzaei; Siegfried K. Wagner; Malena Daich Varela; Thales A. C. de Guimarães; Sagnik Sen; Gunjan Naik; Dayyanah Sumodhee; Dun Jack Fu; Nathaniel Kabiri; Jennifer Furman; Bart J. Liefers; Aaron Lee; Samantha Roshani De Silva; Caio Henrique Marques Texeira; Fabiana Louise Motta; Yu Fujinami‐Yokokawa; Alison J. Hardcastle; Gavin Arno; Birgit Lorenz; Philipp Herrmann; Kaoru Fujinami; Juliana Maria Ferraz Sallum; Savita Madhusudhan; Susan M. Downes; Frank Gerhard Holz; Andreas Balaskas; Andrew R. Webster; Omar A. Mahroo; Peter Michael Krawitz; Michel Michaelides,7,6,10.1038/s42256-025-01040-8,https://doi.org/10.1038/s42256-025-01040-8,article,Nature Machine Intelligence,https://openalex.org/W4411428687
Nature Machine Intelligence,Nature Portfolio,2025,2025-06-19,A roadmap for AI in robotics,Aude Gemma Billard; Alin Albu‐Schäffer; Michael Beetz; Wolfram Burgard; Peter Corke; Matei Ciocarlie; Ravinder Dahiya; Danica Kragić; Ken Goldberg; Yukie Nagai; Davide Scaramuzza,7,6,10.1038/s42256-025-01050-6,https://doi.org/10.1038/s42256-025-01050-6,article,Nature Machine Intelligence,https://openalex.org/W4411458553
Nature Machine Intelligence,Nature Portfolio,2025,2025-06-20,The future of open human feedback,Shachar Don-Yehiya; Ben Burtenshaw; Ramon Fernandez Astudillo; Cailean Osborne; Mimansa Jaiswal; Tzu-Sheng Kuo; Wenting Zhao; Idan Shenfeld; Andi Peng; Mikhail Yurochkin; Atoosa Kasirzadeh; Yangsibo Huang; Tatsunori Hashimoto; Yacine Jernite; Daniel Vila-Suero; Omri Abend; Jennifer Ding; Sara Hooker; Hannah Rose Kirk; Leshem Choshen,7,6,10.1038/s42256-025-01038-2,https://doi.org/10.1038/s42256-025-01038-2,article,Nature Machine Intelligence,https://openalex.org/W4411497326
Nature Machine Intelligence,Nature Portfolio,2025,2025-06-23,A framework to evaluate machine learning crystal stability predictions,Janosh Riebesell; Rhys E. A. Goodall; Philipp Benner; Yuan Chiang; Bowen Deng; Gerbrand Ceder; Mark Asta; Alpha A. Lee; Anubhav Jain; Kristin Aslaug Persson,7,6,10.1038/s42256-025-01055-1,https://doi.org/10.1038/s42256-025-01055-1,article,Nature Machine Intelligence,https://openalex.org/W4411543224
Nature Machine Intelligence,Nature Portfolio,2025,2025-06-23,"A process-centric manipulation taxonomy for the organization, classification and synthesis of tactile robot skills",Lars Johannsmeier; Samuel Schneider; Yanan Li; Etienne Burdet; Sami Haddadin,7,6,10.1038/s42256-025-01045-3,https://doi.org/10.1038/s42256-025-01045-3,article,Nature Machine Intelligence,https://openalex.org/W4411534793
Nature Machine Intelligence,Nature Portfolio,2025,2025-06-23,Dimensions underlying the representational alignment of deep neural networks with humans,Florian P Mahner; Lukas Muttenthaler; Umut Güçlü; Martin N. Hebart,7,6,10.1038/s42256-025-01041-7,https://doi.org/10.1038/s42256-025-01041-7,article,Nature Machine Intelligence,https://openalex.org/W4411543200
Nature Machine Intelligence,Nature Portfolio,2025,2025-06-23,Robust virtual staining of landmark organelles with Cytoland,Ziwen Liu; Eduardo Hirata-Miyasaki; Soorya Pradeep; Johanna V. Rahm; Christian Foley; Talon Chandler; Ivan Emanuilov Ivanov; Hunter O. Woosley; See-Chi Lee; Sudip Khadka; Tiger Lao; Akilandeswari Balasubramanian; Rita Marreiros; Chad Liu; Camille Januel; Manuel D. Leonetti; Ranen Aviner; Carolina Arias; Adrián Jacobo; Shalin B. Mehta,7,6,10.1038/s42256-025-01046-2,https://doi.org/10.1038/s42256-025-01046-2,article,Nature Machine Intelligence,https://openalex.org/W4411543238
Nature Machine Intelligence,Nature Portfolio,2025,2025-06-23,Why design choices matter in recommender systems,Johannes Kruse; Kasper Lindskow; Michael Riis Andersen; Jes Frellsen,7,6,10.1038/s42256-025-01043-5,https://doi.org/10.1038/s42256-025-01043-5,article,Nature Machine Intelligence,https://openalex.org/W4411540375
Nature Machine Intelligence,Nature Portfolio,2025,2025-06-24,End-to-end cryo-EM complex structure determination with high accuracy and ultra-fast speed,Jue Wang; Cheng Tan; Zhangyang Gao; Guijun Zhang; Yang Zhang; Stan Ziqing Li,7,7,10.1038/s42256-025-01056-0,https://doi.org/10.1038/s42256-025-01056-0,article,Nature Machine Intelligence,https://openalex.org/W4411575911
Nature Machine Intelligence,Nature Portfolio,2025,2025-06-26,Model-based reinforcement learning for ultrasound-driven autonomous microrobots,Mahmoud Medany; Lorenzo Piglia; Liam Achenbach; Surya Karthik Mukkavilli; Daniel Ahmed,7,7,10.1038/s42256-025-01054-2,https://doi.org/10.1038/s42256-025-01054-2,article,Nature Machine Intelligence,https://openalex.org/W4411668692
Nature Machine Intelligence,Nature Portfolio,2025,2025-06-26,Universal interatomic potentials shine in finding crystal structures,Ju Li,7,7,10.1038/s42256-025-01061-3,https://doi.org/10.1038/s42256-025-01061-3,article,Nature Machine Intelligence,https://openalex.org/W4411668703
Nature Machine Intelligence,Nature Portfolio,2025,2025-07-01,Large language models to accelerate organic chemistry synthesis,Yu Zhang; Yang Han; Shuai Chen; Ruijie Yu; Xin Zhen Zhao; Xianbin Liu; Kaipeng Zeng; Mengdi Yu; Jidong Tian; Feng Zhu; Xiaokang Yang; Yaohui Jin; Yanyan Xu,7,7,10.1038/s42256-025-01066-y,https://doi.org/10.1038/s42256-025-01066-y,article,Nature Machine Intelligence,https://openalex.org/W4411900553
Nature Machine Intelligence,Nature Portfolio,2025,2025-07-10,A predictive framework for liquid electrolytes takes root with BAMBOO,Ioan-Bogdan Magdău; Gábor Cśanyi,7,7,10.1038/s42256-025-01071-1,https://doi.org/10.1038/s42256-025-01071-1,article,Nature Machine Intelligence,https://openalex.org/W4412152113
Nature Machine Intelligence,Nature Portfolio,2025,2025-07-10,Enabling large language models for real-world materials discovery,Santiago Miret; N. M. Anoop Krishnan,7,7,10.1038/s42256-025-01058-y,https://doi.org/10.1038/s42256-025-01058-y,article,Nature Machine Intelligence,https://openalex.org/W4412152284
Nature Machine Intelligence,Nature Portfolio,2025,2025-07-10,Self-iterative multiple-instance learning enables the prediction of CD4+ T cell immunogenic epitopes,Long-Chen Shen; Yumeng Zhang; Zhikang Wang; Dene R. Littler; Yan Liu; Jinhui Tang; Jamie Rossjohn; Dong‐Jun Yu; Jiangning Song,7,8,10.1038/s42256-025-01073-z,https://doi.org/10.1038/s42256-025-01073-z,article,Nature Machine Intelligence,https://openalex.org/W4412152241
Nature Machine Intelligence,Nature Portfolio,2025,2025-07-11,Author Correction: End-to-end cryo-EM complex structure determination with high accuracy and ultra-fast speed,Jue Wang; Cheng Tan; Zhangyang Gao; Guijun Zhang; Yang Zhang; Stan Ziqing Li,7,7,10.1038/s42256-025-01094-8,https://doi.org/10.1038/s42256-025-01094-8,erratum,Nature Machine Intelligence,https://openalex.org/W4412348177
Nature Machine Intelligence,Nature Portfolio,2025,2025-07-11,Learning to adapt through bio-inspired gait strategies for versatile quadruped locomotion,Joseph Humphreys; Chengxu Zhou,7,7,10.1038/s42256-025-01065-z,https://doi.org/10.1038/s42256-025-01065-z,article,Nature Machine Intelligence,https://openalex.org/W4412192314
Nature Machine Intelligence,Nature Portfolio,2025,2025-07-14,A new eye on inherited retinal disease,Beau James Fenner; Ching‐Yu Cheng,7,7,10.1038/s42256-025-01079-7,https://doi.org/10.1038/s42256-025-01079-7,article,Nature Machine Intelligence,https://openalex.org/W4412388027
Nature Machine Intelligence,Nature Portfolio,2025,2025-07-14,Deep-learning-aided dismantling of interdependent networks,Weiwei Gu; Cheng-Yan Yang; Lei Li; Jinqiang Hou; Filippo Radicchi,7,8,10.1038/s42256-025-01070-2,https://doi.org/10.1038/s42256-025-01070-2,article,Nature Machine Intelligence,https://openalex.org/W4412387975
Nature Machine Intelligence,Nature Portfolio,2025,2025-07-15,Machine learning modelling for multi-order human visual motion processing,Zitang Sun; Yen‐Ju Chen; Yung‐Hao Yang; Yuan Li; Shin’ya Nishida,7,7,10.1038/s42256-025-01068-w,https://doi.org/10.1038/s42256-025-01068-w,article,Nature Machine Intelligence,https://openalex.org/W4412421025
Nature Machine Intelligence,Nature Portfolio,2025,2025-07-17,Mapping T helper cell targets with deep learning,Yuan Liu; Leng Han,7,8,10.1038/s42256-025-01081-z,https://doi.org/10.1038/s42256-025-01081-z,article,Nature Machine Intelligence,https://openalex.org/W4413082409
Nature Machine Intelligence,Nature Portfolio,2025,2025-07-21,Advancing biomolecular understanding and design following human instructions,Xiang Zhuang; Keyan Ding; Tianwen Lyu; Yinuo Jiang; Xiaotong Li; Zhuoyi Xiang; Zeyuan Wang; Ming Qin; Kehua Feng; Jike Wang; Qiang Zhang; Huajun Chen,7,7,10.1038/s42256-025-01064-0,https://doi.org/10.1038/s42256-025-01064-0,article,Nature Machine Intelligence,https://openalex.org/W4412540399
Nature Machine Intelligence,Nature Portfolio,2025,2025-07-21,Combining grasping and rotation with a spherical robot hand mechanism,Vatsal V. Patel; Aaron M. Dollar,7,7,10.1038/s42256-025-01039-1,https://doi.org/10.1038/s42256-025-01039-1,article,Nature Machine Intelligence,https://openalex.org/W4412514996
Nature Machine Intelligence,Nature Portfolio,2025,2025-07-22,Bioinspired trajectory modulation for effective slip control in robot manipulation,Kiyanoush Nazari; Willow Mandil; Marco Santello; Seongjun Park; Amir M. Ghalamzan E.,7,7,10.1038/s42256-025-01062-2,https://doi.org/10.1038/s42256-025-01062-2,article,Nature Machine Intelligence,https://openalex.org/W4412552402
Nature Machine Intelligence,Nature Portfolio,2025,2025-07-22,Data meets prior knowledge for interpretable mechanistic inference in biology,David Gómez-Cabrero; Jesper N. Tegner,7,7,10.1038/s42256-025-01075-x,https://doi.org/10.1038/s42256-025-01075-x,article,Nature Machine Intelligence,https://openalex.org/W4412552467
Nature Machine Intelligence,Nature Portfolio,2025,2025-07-22,Designing metamaterials with programmable nonlinear responses and geometric constraints in graph space,M Maurizi; Derek Cui Xu; Yu-tong Wang; Desheng Yao; David K. Hahn; Mourad Oudich; Anish Satpati; Mathieu Bauchy; Wei Wang; Yizhou Sun; Yun Jing; Xiaoyu Zheng,7,7,10.1038/s42256-025-01067-x,https://doi.org/10.1038/s42256-025-01067-x,article,Nature Machine Intelligence,https://openalex.org/W4412552381
Nature Machine Intelligence,Nature Portfolio,2025,2025-07-22,Emotional risks of AI companions demand attention,,7,7,10.1038/s42256-025-01093-9,https://doi.org/10.1038/s42256-025-01093-9,article,Nature Machine Intelligence,https://openalex.org/W4412563868
Nature Machine Intelligence,Nature Portfolio,2025,2025-07-22,Enhancing deep learning-based field reconstruction with a differentiable learning framework,Xu Liu; Wei Peng; Xiaoya Zhang; Xiaoyu Zhao; Weien Zhou; Wen Yao; Xiaoqian Chen,7,7,10.1038/s42256-025-01063-1,https://doi.org/10.1038/s42256-025-01063-1,article,Nature Machine Intelligence,https://openalex.org/W4412552491
Nature Machine Intelligence,Nature Portfolio,2025,2025-07-22,Integrating multimodal cancer data using deep latent variable path modelling,Alex Ing; Álvaro Andrades; Marco Raffaele Cosenza; Jan O. Korbel,7,7,10.1038/s42256-025-01052-4,https://doi.org/10.1038/s42256-025-01052-4,article,Nature Machine Intelligence,https://openalex.org/W4412552357
Nature Machine Intelligence,Nature Portfolio,2025,2025-07-22,Unifying multi-sample network inference from prior knowledge and omics data with CORNETO,Pablo Rodríguez-Mier; Martín Garrido‐Rodríguez; Attila Gábor; Julio Sáez-Rodríguez,7,7,10.1038/s42256-025-01069-9,https://doi.org/10.1038/s42256-025-01069-9,article,Nature Machine Intelligence,https://openalex.org/W4412552374
Nature Machine Intelligence,Nature Portfolio,2025,2025-08-04,A semantic-enhanced multi-modal remote sensing foundation model for Earth observation,Kang Wu; Yingying Zhang; Yingying Zhang; Lixiang Ru; Bo Dang; Jiangwei Lao; Lei Yu; Junwei Luo; Zifan Zhu; Yue Sun; Jiahao Zhang; Qi Zhu; Ming Juan Yang; Ming Juan Yang; Jingdong Chen; Yongjun Zhang; Yongjun Zhang; Yansheng Li,7,8,10.1038/s42256-025-01078-8,https://doi.org/10.1038/s42256-025-01078-8,article,Nature Machine Intelligence,https://openalex.org/W4412929262
Nature Machine Intelligence,Nature Portfolio,2025,2025-08-04,Histopathology-based protein multiplex generation using deep learning,Sonali Andani; Boqi Chen; Joanna Ficek-Pascual; Simon Heinke; Ruben Casanova; Bernard Friedrich Hild; Bettina Sobottka; Bernd Bodenmiller; Rudolf Aebersold; Melike Ak; Faisal Alquaddoomi; Silvana I. Albert; Jonas Albinus; Ilaria Alborelli; Sonali Andani; Per-Olof Attinger; Marina Bacac; Daniel Baumhoer; Beatrice Beck‐Schimmer; Niko Beerenwinkel; Christian Beisel; Lara Bernasconi; Anne Bertolini; Bernd Bodenmiller; Ximena Bonilla; Lars Bosshard; Byron Calgua; Ruben Casanova; Stéphane Chevrier; Natalia Chicherova; Ricardo Coelho; Maya D’Costa; Esther Danenberg; Natalie R. Davidson; Monica-Andreea Baciu-Drăgan; Reinhard Dummer; Stefanie Engler; Martin Erkens; Katja Eschbach; Cinzia Esposito; André Fedier; Pedro Ferreira; Joanna Ficek-Pascual; Anja Laura Frei; Bruno S. Frey; Sandra Goetze; Linda Grob; Gabriele Gut; Detlef Günther; Pirmin Haeuptle; Viola A Heinzelmann-Schwarz; Sylvia Herter; René Holtackers; Tamara Huesser; Alexander Immer; Anja Irmisch; Francis Jacob; Andrea Jacobs; Tim M. Jaeger; Katharina Jahn; Alva Rani James; Philip M. Jermann; André Kahles; Abdullah Kahraman; Viktor Hendrik Koelzer; Werner Kuebler; Jack Kuipers; Christian P. Kunze; Christian Kurzeder; Kjong-Van Lehmann; Mitchell P. Levesque; Ulrike Lischetti; Flavio C. Lombardo; Sebastian Lugert; Gerd Maass; Markus Gabriel Manz; Philipp Markolin; Martin Mehnert; Julien Mena; Julian M. Metzler; Nicola Miglino; Emanuela S. Milani; Holger Moch; Simone E. Muenst; Riccardo Murri; Charlotte K.Y. Ng; Stefan Nicolet; Marta Nowak; Mónica Núñez López; Patrick G. A. Pedrioli; Lucas Pelkmans; Salvatore Piscuoglio; Michael Prummer; Laurie Prélot; Natalie Rimmer; Mathilde Ritter; Christian Rommel; Mara L. Rosano-González; Gunnar Rätsch; Natascha Santacroce,7,8,10.1038/s42256-025-01074-y,https://doi.org/10.1038/s42256-025-01074-y,article,Nature Machine Intelligence,https://openalex.org/W4412929290
Nature Machine Intelligence,Nature Portfolio,2025,2025-08-04,Protein–peptide docking with a rational and accurate diffusion generative model,Huifeng Zhao; Odin Zhang; Dejun Jiang; Zhenxing Wu; Hongyan Du; Xiaorui Wang; Yihao Zhao; Yuansheng Huang; Jingxuan Ge; Tingjun Hou; Yu Kang,7,8,10.1038/s42256-025-01077-9,https://doi.org/10.1038/s42256-025-01077-9,article,Nature Machine Intelligence,https://openalex.org/W4412929243
Nature Machine Intelligence,Nature Portfolio,2025,2025-08-04,Towards generalizable and interpretable three-dimensional tracking with inverse neural rendering,Julian Ost; Tanushree Banerjee; Mario Bijelic; Felix Heide,7,8,10.1038/s42256-025-01083-x,https://doi.org/10.1038/s42256-025-01083-x,article,Nature Machine Intelligence,https://openalex.org/W4412929264
Nature Machine Intelligence,Nature Portfolio,2025,2025-08-04,Type II mechanoreceptors and cuneate spiking neuronal network enable touch localization on a large-area e-skin,Ana Clara Pereira Resende da Costa; Mariangela Filosa; Alcimar Barbosa Soares; Calogero Maria Oddo,7,8,10.1038/s42256-025-01076-w,https://doi.org/10.1038/s42256-025-01076-w,article,Nature Machine Intelligence,https://openalex.org/W4412929232
Nature Machine Intelligence,Nature Portfolio,2025,2025-08-07,High-level visual representations in the human brain are aligned with large language models,Adrien Doerig; Tim Christian Kietzmann; Emily Allen; Yihan Wu; Thomas Naselaris; Kendrick Kay; Ian Charest,7,8,10.1038/s42256-025-01072-0,https://doi.org/10.1038/s42256-025-01072-0,article,Nature Machine Intelligence,https://openalex.org/W4413038007
Nature Machine Intelligence,Nature Portfolio,2025,2025-08-11,Deep learning-based prediction of the selection factors for quantifying selection in immune receptor repertoires,Yuepeng Jiang; Pingping Zhang; Miaozhe Huo; Shuai Cheng Li,7,8,10.1038/s42256-025-01085-9,https://doi.org/10.1038/s42256-025-01085-9,article,Nature Machine Intelligence,https://openalex.org/W4413225073
Nature Machine Intelligence,Nature Portfolio,2025,2025-08-11,Kolmogorov–Arnold graph neural networks for molecular property prediction,Longlong Li; Yipeng Zhang; Guanghui Wang; Kelin Xia,7,8,10.1038/s42256-025-01087-7,https://doi.org/10.1038/s42256-025-01087-7,article,Nature Machine Intelligence,https://openalex.org/W4413224864
Nature Machine Intelligence,Nature Portfolio,2025,2025-08-18,Boosting the predictive power of protein representations with a corpus of text annotations,Haonan Duan; Marta Skreta; Leonardo Cotta; Ella Miray Rajaonson; Nikita Dhawan; Alán Aspuru‐Guzik; Chris J. Maddison,7,9,10.1038/s42256-025-01088-6,https://doi.org/10.1038/s42256-025-01088-6,article,Nature Machine Intelligence,https://openalex.org/W4413290922
Nature Machine Intelligence,Nature Portfolio,2025,2025-08-18,Quantifying artificial intelligence through algorithmic generalization,Takuya Ito; Murray S. Campbell; Lior Horesh; Tim Klinger; Parikshit Ram,7,8,10.1038/s42256-025-01092-w,https://doi.org/10.1038/s42256-025-01092-w,article,Nature Machine Intelligence,https://openalex.org/W4413290844
Nature Machine Intelligence,Nature Portfolio,2025,2025-08-19,A unified pre-trained deep learning framework for cross-task reaction performance prediction and synthesis planning,Li‐Cheng Xu; Miao‐Jiong Tang; Jisun An; Fenglei Cao; Qi Yuan,7,9,10.1038/s42256-025-01098-4,https://doi.org/10.1038/s42256-025-01098-4,article,Nature Machine Intelligence,https://openalex.org/W4413306812
Nature Machine Intelligence,Nature Portfolio,2025,2025-08-20,Electron-density-informed effective and reliable de novo molecular design and optimization with ED2Mol,Mingyu Li; Kun Song; Jixiao He; Mingzhu Zhao; Gengshu You; Jie Zhong; Mengxi Zhao; Arong Li; Yu Chen; Guobin Li; Ying Kong; Jiacheng Wei; Zhaofu Wang; Jiamin Zhou; Hongbing Yang; Shichao Ma; Hailong Zhang; Irakoze Loïca Mélita; Weidong Lin; Yuhang Lu; Zhengtian Yu; Xun Lu; Yu‐Jun Zhao; Jian Zhang,7,8,10.1038/s42256-025-01095-7,https://doi.org/10.1038/s42256-025-01095-7,article,Nature Machine Intelligence,https://openalex.org/W4413337918
Nature Machine Intelligence,Nature Portfolio,2025,2025-08-20,The importance of negative training data for robust antibody binding prediction,Wesley Ta; J Stokes,7,8,10.1038/s42256-025-01080-0,https://doi.org/10.1038/s42256-025-01080-0,article,Nature Machine Intelligence,https://openalex.org/W4413337851
Nature Machine Intelligence,Nature Portfolio,2025,2025-08-20,Towards responsible geospatial foundation models,,7,8,10.1038/s42256-025-01106-7,https://doi.org/10.1038/s42256-025-01106-7,article,Nature Machine Intelligence,https://openalex.org/W4413345668
Nature Machine Intelligence,Nature Portfolio,2025,2025-08-20,Training data composition determines machine learning generalization and biological rule discovery,Eugen Ursu; Aygul R. Minnegalieva; Puneet Rawat; Maria Chernigovskaya; Robi Tăcutu; Geir Kjetil Sandve; Philippe Auguste Robert; Victor Greiff,7,8,10.1038/s42256-025-01089-5,https://doi.org/10.1038/s42256-025-01089-5,article,Nature Machine Intelligence,https://openalex.org/W4413337878
Nature Machine Intelligence,Nature Portfolio,2025,2025-08-21,Reusability report: Exploring the transferability of self-supervised learning models from single-cell to spatial transcriptomics,Chuangyi Han; Senlin Lin; Zhikang Wang; Yan Cui; Qi Zou; Zhiyuan Yuan,7,9,10.1038/s42256-025-01097-5,https://doi.org/10.1038/s42256-025-01097-5,article,Nature Machine Intelligence,https://openalex.org/W4413401195
Nature Machine Intelligence,Nature Portfolio,2025,2025-08-25,LLMs as all-in-one tools to easily generate publication-ready citation diversity reports,Melissa S. Cantú; Michael R. King,7,9,10.1038/s42256-025-01101-y,https://doi.org/10.1038/s42256-025-01101-y,article,Nature Machine Intelligence,https://openalex.org/W4413494835
Nature Machine Intelligence,Nature Portfolio,2025,2025-08-26,Rigorous integration of single-cell ATAC-seq data using regularized barycentric mapping,Shuchen Zhu; Heyang Hua; Shengquan Chen,7,9,10.1038/s42256-025-01099-3,https://doi.org/10.1038/s42256-025-01099-3,article,Nature Machine Intelligence,https://openalex.org/W4413709848
Nature Machine Intelligence,Nature Portfolio,2025,2025-09-01,Brain–computer interface control with artificial intelligence copilots,Johannes Y. Lee; SangJoon Lee; Abhishek Mishra; Yan Xu; Brandon McMahan; Brent Gaisford; Charles Kobashigawa; Mike Qu; Chang Xie; Jonathan C. Kao,7,9,10.1038/s42256-025-01090-y,https://doi.org/10.1038/s42256-025-01090-y,article,Nature Machine Intelligence,https://openalex.org/W4413883071
Nature Machine Intelligence,Nature Portfolio,2025,2025-09-02,Author Correction: A framework to evaluate machine learning crystal stability predictions,Janosh Riebesell; Rhys E. A. Goodall; Philipp Benner; Yuan Chiang; Bowen Deng; Gerbrand Ceder; Mark Asta; Alpha A. Lee; Anubhav Jain; Kristin Aslaug Persson,7,9,10.1038/s42256-025-01117-4,https://doi.org/10.1038/s42256-025-01117-4,erratum,Nature Machine Intelligence,https://openalex.org/W4413910104
Nature Machine Intelligence,Nature Portfolio,2025,2025-09-04,Applying genomic AI to combat antibiotic resistance in low-income countries,Dickson Aruhomukama,7,9,10.1038/s42256-025-01108-5,https://doi.org/10.1038/s42256-025-01108-5,article,Nature Machine Intelligence,https://openalex.org/W4413993114
Nature Machine Intelligence,Nature Portfolio,2025,2025-09-08,Accelerating protein engineering with fitness landscape modelling and reinforcement learning,Haoran Sun; Liang He; Pan Deng; Guoqing Liu; Zhiyu Zhao; Yuliang Jiang; Chuanbao Cao; Fusong Ju; Lijun Wu; Haiguang Liu; Tao Qin; Tie‐Yan Liu,7,9,10.1038/s42256-025-01103-w,https://doi.org/10.1038/s42256-025-01103-w,article,Nature Machine Intelligence,https://openalex.org/W4414065748
Nature Machine Intelligence,Nature Portfolio,2025,2025-09-08,Conditional generation of real antigen-specific T cell receptor sequences,Dhuvarakesh Karthikeyan; Sarah Bennett; Amy G. Reynolds; Benjamin Garrett Vincent; Alex Rubinsteyn,7,9,10.1038/s42256-025-01096-6,https://doi.org/10.1038/s42256-025-01096-6,article,Nature Machine Intelligence,https://openalex.org/W4414064899
Nature Machine Intelligence,Nature Portfolio,2025,2025-09-08,Real-world validation of a structure-aware pipeline for molecular design,Ana Laura Dias; Tiago Rodrigues,7,9,10.1038/s42256-025-01102-x,https://doi.org/10.1038/s42256-025-01102-x,article,Nature Machine Intelligence,https://openalex.org/W4414065094
Nature Machine Intelligence,Nature Portfolio,2025,2025-09-08,Towards compute-efficient Byzantine-robust federated learning with fully homomorphic encryption,Siyang Jiang; Hao Yang; Qipeng Xie; Chuan Ma; Sen Wang; Zhe Liu; Tao Xiang; Guoliang Xing,7,10,10.1038/s42256-025-01107-6,https://doi.org/10.1038/s42256-025-01107-6,article,Nature Machine Intelligence,https://openalex.org/W4414065104
Nature Machine Intelligence,Nature Portfolio,2025,2025-09-10,Sampling-enabled scalable manifold learning unveils the discriminative cluster structure of high-dimensional data,Dehua Peng; Zhipeng Gui; Wenzhang Wei; Fa Li; Jie Gui; Huayi Wu; Jianya Gong,7,10,10.1038/s42256-025-01112-9,https://doi.org/10.1038/s42256-025-01112-9,article,Nature Machine Intelligence,https://openalex.org/W4414099411
Nature Machine Intelligence,Nature Portfolio,2025,2025-09-10,Towards agentic science for advancing scientific discovery,Hongliang Xin; John R. Kitchin; Heather Janine Kulik,7,9,10.1038/s42256-025-01110-x,https://doi.org/10.1038/s42256-025-01110-x,article,Nature Machine Intelligence,https://openalex.org/W4414099476
Nature Machine Intelligence,Nature Portfolio,2025,2025-09-15,Aligning generalization between humans and machines,Filip Ilievski; Barbara Hammer; Frank van Harmelen; Benjamin Paaßen; Sascha Saralajew; Ute Schmid; Michael L. Biehl; Marianna Bolognesi; Xin Dong; Kiril Gashteovski; Pascal Hitzler; Giuseppe Marra; Pasquale Minervini; Martin Mundt; Axel-Cyrille Ngonga Ngomo; Alessandro Oltramari; Gabriella Pasi; Zeynep G. Saribatur; Luciano Serafini; John S. Shawe-Taylor; Vered Shwartz; Gabriella Skitalinskaya; Clemens Stachl; Gido M. van de Ven; Thomas Villmann,7,9,10.1038/s42256-025-01109-4,https://doi.org/10.1038/s42256-025-01109-4,article,Nature Machine Intelligence,https://openalex.org/W4414183195
Nature Machine Intelligence,Nature Portfolio,2025,2025-09-15,Target-specific de novo design of drug candidate molecules with graph-transformer-based generative adversarial networks,Atabey Ünlü; Elif Çevrim; Melih Gökay Yiğit; Ahmet Sarıgün; Hayriye Çelikbilek; Ozlem Yedier-Bayram; Deniz Kahraman; Abdurrahman Olğaç; Ahmet Süreyya Rifaioğlu; Erden Banoğlu; Tunca Doğan,7,9,10.1038/s42256-025-01082-y,https://doi.org/10.1038/s42256-025-01082-y,article,Nature Machine Intelligence,https://openalex.org/W4414183277
Nature Machine Intelligence,Nature Portfolio,2025,2025-09-17,Author Correction: Deep learning-based prediction of the selection factors for quantifying selection in immune receptor repertoires,Yuepeng Jiang; Pingping Zhang; Miaozhe Huo; Shuai Cheng Li,7,9,10.1038/s42256-025-01128-1,https://doi.org/10.1038/s42256-025-01128-1,erratum,Nature Machine Intelligence,https://openalex.org/W4414290424
Nature Machine Intelligence,Nature Portfolio,2025,2025-09-18,Modelling neural coding in the auditory midbrain with high resolution and accuracy,Fotios Drakopoulos; Lloyd Pellatt; Shievanie Sabesan; Yiqing Xia; A. Fragner; Nicholas A. Lesica,7,9,10.1038/s42256-025-01104-9,https://doi.org/10.1038/s42256-025-01104-9,article,Nature Machine Intelligence,https://openalex.org/W4414335759
Nature Machine Intelligence,Nature Portfolio,2025,2025-09-22,A multi-joint soft exosuit improves shoulder and elbow motor functions in individuals with spinal cord injury,Roberto Ferroni; Gaetano D’Avola; Giorgia Sciarrone; Gabriele Righi; Claudia De Santis; Jacopo Carpaneto; Marta Gandolla; Giulio Del Popolo; Silvestro Micera; Tommaso Proietti,7,9,10.1038/s42256-025-01105-8,https://doi.org/10.1038/s42256-025-01105-8,article,Nature Machine Intelligence,https://openalex.org/W4414429144
Nature Machine Intelligence,Nature Portfolio,2025,2025-09-22,Error-controlled non-additive interaction discovery in machine learning models,Winston Chen; Yifan Jiang; William Stafford Noble; Yang Young Lu,7,9,10.1038/s42256-025-01086-8,https://doi.org/10.1038/s42256-025-01086-8,article,Nature Machine Intelligence,https://openalex.org/W4414428208
Nature Machine Intelligence,Nature Portfolio,2025,2025-09-23,Towards reproducible robotics research,Fabio Bonsignorio; Angel Pasqual del Pobil; Enrica Zereik,7,10,10.1038/s42256-025-01114-7,https://doi.org/10.1038/s42256-025-01114-7,article,Nature Machine Intelligence,https://openalex.org/W4414421180
Nature Machine Intelligence,Nature Portfolio,2025,2025-09-24,Efficient protein structure generation with sparse denoising models,Michael Adrian Jendrusch; Jan O. Korbel,7,9,10.1038/s42256-025-01100-z,https://doi.org/10.1038/s42256-025-01100-z,article,Nature Machine Intelligence,https://openalex.org/W4414459878
Nature Machine Intelligence,Nature Portfolio,2025,2025-09-29,An integrated framework to accelerate protein design through mutagenesis,Yuchi Qiu,7,10,10.1038/s42256-025-01118-3,https://doi.org/10.1038/s42256-025-01118-3,article,Nature Machine Intelligence,https://openalex.org/W4414614692
Nature Machine Intelligence,Nature Portfolio,2025,2025-10-01,An adaptive autoregressive diffusion approach to design active humanized antibodies and nanobodies,Jian Ma; Fandi Wu; Tingyang Xu; Shiming Xu; Wei Liu; Liang Yan; Minghao Qu; Xiaoke Yang; Qifeng Bai; Junyu Xiao; Jianhua Yao,7,10,10.1038/s42256-025-01120-9,https://doi.org/10.1038/s42256-025-01120-9,article,Nature Machine Intelligence,https://openalex.org/W4414705592
Nature Machine Intelligence,Nature Portfolio,2025,2025-10-13,Insights from the Road Damage Detection Challenge Series (2018–2024),Deeksha Arya; Hiroya Maeda; Yoshihide Sekimoto,7,10,10.1038/s42256-025-01132-5,https://doi.org/10.1038/s42256-025-01132-5,article,Nature Machine Intelligence,https://openalex.org/W4415102437
Nature Machine Intelligence,Nature Portfolio,2025,2025-10-13,Rethinking human roles in AI warfare,Jovana Davidovic,7,10,10.1038/s42256-025-01123-6,https://doi.org/10.1038/s42256-025-01123-6,article,Nature Machine Intelligence,https://openalex.org/W4415103884
Nature Machine Intelligence,Nature Portfolio,2025,2025-10-15,A neural symbolic model for space physics,Jie Ying; Haowei Lin; Chao Yue; Yajie Chen; Chao Xiao; Quanqi Shi; Yitao Liang; Shing–Tung Yau; Yuan Zhou; Jianzhu Ma,7,10,10.1038/s42256-025-01126-3,https://doi.org/10.1038/s42256-025-01126-3,article,Nature Machine Intelligence,https://openalex.org/W4415208802
Nature Machine Intelligence,Nature Portfolio,2025,2025-10-16,A cautiously optimistic view on large language model use against linguistic injustice in academia,Jon Rueda; Viktor Ivanković; Charlie Blunden,7,11,10.1038/s42256-025-01138-z,https://doi.org/10.1038/s42256-025-01138-z,article,Nature Machine Intelligence,https://openalex.org/W4415241070
Nature Machine Intelligence,Nature Portfolio,2025,2025-10-16,Flow matching for accelerated simulation of atomic transport in crystalline materials,Juno Nam; Sulin Liu; Gavin A. Winter; KyuJung Jun; Soojung Yang; Rafael Gómez‐Bombarelli,7,10,10.1038/s42256-025-01125-4,https://doi.org/10.1038/s42256-025-01125-4,article,Nature Machine Intelligence,https://openalex.org/W4415266147
Nature Machine Intelligence,Nature Portfolio,2025,2025-10-16,Foundation models’ acceptable use policies disregard the environment and nature,Björn Ekström; Lisa Engström; Jutta Haider,7,11,10.1038/s42256-025-01134-3,https://doi.org/10.1038/s42256-025-01134-3,article,Nature Machine Intelligence,https://openalex.org/W4415265904
Nature Machine Intelligence,Nature Portfolio,2025,2025-10-16,Learning conformational flexibility of immune receptors,Long-Chen Shen; Dong‐Jun Yu; Jiangning Song,7,10,10.1038/s42256-025-01133-4,https://doi.org/10.1038/s42256-025-01133-4,article,Nature Machine Intelligence,https://openalex.org/W4415265880
Nature Machine Intelligence,Nature Portfolio,2025,2025-10-16,Predicting the conformational flexibility of antibody and T cell receptor complementarity-determining regions,Fabian C. Spoendlin; Monica L. Fernández‐Quintero; Sai Sundar Rajan Raghavan; Hannah L. Turner; Anant Gharpure; Johannes R. Loeffler; Wing Ki Wong; Alexander Bujotzek; Guy J. Georges; Andrew B. Ward; Charlotte Mary Deane,7,10,10.1038/s42256-025-01131-6,https://doi.org/10.1038/s42256-025-01131-6,article,Nature Machine Intelligence,https://openalex.org/W4415380213
Nature Machine Intelligence,Nature Portfolio,2025,2025-10-20,Overcoming classic challenges for artificial neural networks by providing incentives and practice,Kazuki Irie; Brenden M. Lake,7,10,10.1038/s42256-025-01121-8,https://doi.org/10.1038/s42256-025-01121-8,article,Nature Machine Intelligence,https://openalex.org/W4415349364
Nature Machine Intelligence,Nature Portfolio,2025,2025-10-20,Single-unit activations confer inductive biases for emergent circuit solutions to cognitive tasks,Pavel Tolmachev; Tatiana A. Engel,7,10,10.1038/s42256-025-01127-2,https://doi.org/10.1038/s42256-025-01127-2,article,Nature Machine Intelligence,https://openalex.org/W4415349358
Nature Machine Intelligence,Nature Portfolio,2025,2025-10-21,Are neural network representations universal or idiosyncratic?,,7,10,10.1038/s42256-025-01139-y,https://doi.org/10.1038/s42256-025-01139-y,article,Nature Machine Intelligence,https://openalex.org/W4415402403
Nature Machine Intelligence,Nature Portfolio,2025,2025-10-21,Cooperative multi-view integration with a scalable and interpretable model explainer,Jerome J. Choi; Noah Cohen Kalafut; Tim Gruenloh; Corinne D. Engelman; Tianyuan Lu; Daifeng Wang,7,10,10.1038/s42256-025-01111-w,https://doi.org/10.1038/s42256-025-01111-w,article,Nature Machine Intelligence,https://openalex.org/W4415401321
Nature Machine Intelligence,Nature Portfolio,2025,2025-10-21,Resolving data bias improves generalization in binding affinity prediction,David Graber; Peter Stockinger; Fabian Meyer; Siddhartha Kumar Mishra; Claus Horn; Rebecca Buller,7,10,10.1038/s42256-025-01124-5,https://doi.org/10.1038/s42256-025-01124-5,article,Nature Machine Intelligence,https://openalex.org/W4415384230
Nature Machine Intelligence,Nature Portfolio,2025,2025-10-21,Tailored structured peptide design with a key-cutting machine approach,Yan Carlos Leyva; Marcelo D. T. Torres; Carlos A. Oliva; César de la Fuente‐Núñez; Carlos A. Brizuela,7,10,10.1038/s42256-025-01119-2,https://doi.org/10.1038/s42256-025-01119-2,article,Nature Machine Intelligence,https://openalex.org/W4415376141
Nature Machine Intelligence,Nature Portfolio,2025,2025-10-21,Towards deployment-centric multimodal AI beyond vision and language,Xianyuan Liu; Jiayang Zhang; Shuo Zhou; Thijs L. van der Plas; Avish Vijayaraghavan; Anastasiia Grishina; Mengdie Zhuang; Daniel Schofield; Christopher Tomlinson; Yuhan Wang; Ruizhe Li; Louisa van Zeeland; Sina Tabakhi; Cyndie Demeocq; Xiang Li; Arunav Das; Orlando Timmerman; Thomas Baldwin-McDonald; Jinge Wu; Peizhen Bai; Zahraa Al Sahili; Omnia Alwazzan; Thao Do; Md Naimul Islam Suvon; Angeline Wang; Lucia Cipolina-Kun; Luigi Andrea Moretti; Lucas Farndale; Nitisha Jain; Natalia Efremova; Ge Yan; Marta Varela; Hak‐Keung Lam; Oya Çeliktutan; Ben Richard Evans; Alejandro Coca-Castro; Honghan Wu; Zahraa S. Abdallah; Chen Chen; Valentin Danchev; Nataliya Tkachenko; Lei Lu; Tingting Zhu; Greg Slabaugh; Roger K. Moore; William K. Cheung; Peter H Charlton; Haiping Lu,7,10,10.1038/s42256-025-01116-5,https://doi.org/10.1038/s42256-025-01116-5,article,Nature Machine Intelligence,https://openalex.org/W4415405927
Nature Machine Intelligence,Nature Portfolio,2025,2025-10-23,An interaction-derived graph learning framework for scoring protein–peptide complexes,Huanyu Tao; Xiaoyu Wang; Sheng‐You Huang,7,11,10.1038/s42256-025-01136-1,https://doi.org/10.1038/s42256-025-01136-1,article,Nature Machine Intelligence,https://openalex.org/W4415464650
Nature Machine Intelligence,Nature Portfolio,2025,2025-10-24,Accelerating molecular dynamics by going with the flow,Assoujaa Ismail; Bradley A. A. Martin; Keith T. Butler,7,10,10.1038/s42256-025-01129-0,https://doi.org/10.1038/s42256-025-01129-0,article,Nature Machine Intelligence,https://openalex.org/W4415518993
Nature Machine Intelligence,Nature Portfolio,2025,2025-11-03,Language models cannot reliably distinguish belief from knowledge and fact,Mirac Süzgün; Tayfun Gur; Federico Bianchi; Daniel E. Ho; Thomas Icard; Dan Jurafsky; James Zou,7,11,10.1038/s42256-025-01113-8,https://doi.org/10.1038/s42256-025-01113-8,article,Nature Machine Intelligence,https://openalex.org/W4415816110
Nature Machine Intelligence,Nature Portfolio,2025,2025-11-06,Densing law of LLMs,Chaojun Xiao; Jie Cai; Weilin Zhao; Biyuan Lin; Guoyang Zeng; Jie Zhou; Zhi Zheng; Xu Han; Zhiyuan Liu; Maosong Sun,7,11,10.1038/s42256-025-01137-0,https://doi.org/10.1038/s42256-025-01137-0,article,Nature Machine Intelligence,https://openalex.org/W4415954773
Nature Machine Intelligence,Nature Portfolio,2025,2025-11-06,Emulating human-like adaptive vision for efficient and flexible machine visual perception,Yulin Wang; Yue Yang; Yang Yue; Huanqian Wang; Haojun Jiang; Yizeng Han; Zanlin Ni; Yifan Pu; Minglei Shi; Rui Lu; Qisen Yang; Angxiao Zhao; Zhuofan Xia; Shiji Song; Gao Ming Huang,7,11,10.1038/s42256-025-01130-7,https://doi.org/10.1038/s42256-025-01130-7,article,Nature Machine Intelligence,https://openalex.org/W4415955191
Nature Machine Intelligence,Nature Portfolio,2025,2025-11-13,Convolutional architectures are cortex-aligned de novo,Atlas Kazemian; Eric Elmoznino; Michael Bonner,7,11,10.1038/s42256-025-01142-3,https://doi.org/10.1038/s42256-025-01142-3,article,Nature Machine Intelligence,https://openalex.org/W4416388619
Nature Machine Intelligence,Nature Portfolio,2025,2025-11-13,Large language models still struggle with false beliefs,Kristian Kersting,7,11,10.1038/s42256-025-01145-0,https://doi.org/10.1038/s42256-025-01145-0,article,Nature Machine Intelligence,https://openalex.org/W4416388659
Nature Machine Intelligence,Nature Portfolio,2025,2025-11-13,Solving sparse finite element problems on neuromorphic hardware,Bradley H. Theilman; James B. Aimone,7,11,10.1038/s42256-025-01143-2,https://doi.org/10.1038/s42256-025-01143-2,article,Nature Machine Intelligence,https://openalex.org/W4416388594
Nature Machine Intelligence,Nature Portfolio,2025,2025-11-13,South Asian biases in language and vision models,Mohammad Nadeem; Shahab Saquib Sohail; Erik Cambria; Shagufta Afreen,7,11,10.1038/s42256-025-01144-1,https://doi.org/10.1038/s42256-025-01144-1,article,Nature Machine Intelligence,https://openalex.org/W4416388675
Nature Machine Intelligence,Nature Portfolio,2025,2025-11-14,Pseudodata-based molecular structure generator to reveal unknown chemicals,Nanyang Yu; Zheng Ma; Qi Shao; Laihui Li; X. Y. Wang; Bingcai Pan; Hongxia Yu; Si Wei,7,11,10.1038/s42256-025-01140-5,https://doi.org/10.1038/s42256-025-01140-5,article,Nature Machine Intelligence,https://openalex.org/W4416386453
Nature Machine Intelligence,Nature Portfolio,2025,2025-11-19,Deep generative classification of blood cell morphology,Simon Deltadahl; Julian Gilbey; Christine Van Laer; Nancy Boeckx; Mathie P.G. Leers; Tanya Freeman; Laura Aiken; Timothy Farren; Matthew Smith; Mohamad Zeina; Stephen G. MacDonald; Daniel Mark Gleghorn; Martijn C. Schut; Folkert Wouter Asselbergs; Sujoy Kumar Kar; Sophie Therese Williams; Mickey Koh; Yvonne Henskens; Norbert C.J. De Wit; Umberto D’Alessandro; Bubacarr Bah; Ousman Secka; Rajeev Kumar Gupta; Sara Trompeter; Christine Van Laer; Gordon A. Awandare; Kwabena Sarpong; Lucas Naam-Kayagre Amenga-Etego; Willem Hendrik Ouwehand; James H.F. Rudd; James H.F. Rudd; Concetta Piazzese; Joseph B. Taylor; Nicholas Gleadall; Carola‐Bibiane Schönlieb; Suthesh Sivapalaratnam; Michael T. Roberts; Parashkev Nachev,7,11,10.1038/s42256-025-01122-7,https://doi.org/10.1038/s42256-025-01122-7,article,Nature Machine Intelligence,https://openalex.org/W4416388581
Nature Machine Intelligence,Nature Portfolio,2025,2025-11-19,Reusability report: A distributed strategy for solving combinatorial optimization problems with hypergraph neural networks,Xiaodi Li; Jianfeng Gui; Wei Xue; Baochuan Wang; Kai Chen; Pi-Jing Wei; Junfeng Xia; Zhenyu Yue,7,11,10.1038/s42256-025-01141-4,https://doi.org/10.1038/s42256-025-01141-4,article,Nature Machine Intelligence,https://openalex.org/W4416365729
Nature Machine Intelligence,Nature Portfolio,2025,2025-11-28,What neuroscience can tell AI about learning in continuously changing environments,Daniel Durstewitz; Bruno B. Averbeck; Georgia Koppe,7,12,10.1038/s42256-025-01146-z,https://doi.org/10.1038/s42256-025-01146-z,article,Nature Machine Intelligence,https://openalex.org/W4416782264
Nature Machine Intelligence,Nature Portfolio,2025,2025-12-01,Empowering artificial intelligence with homomorphic encryption for secure deep reinforcement learning,Chi-Hieu Nguyen; Thai Hoang Dinh; Diep Ngoc Nguyen; Kristin Lauter; Miran Kim,7,12,10.1038/s42256-025-01135-2,https://doi.org/10.1038/s42256-025-01135-2,article,Nature Machine Intelligence,https://openalex.org/W4416850725
Nature Machine Intelligence,Nature Portfolio,2025,2025-12-04,Structure as an inductive bias for brain–model alignment,Binxu Wang; Carlos R. Ponce,7,12,10.1038/s42256-025-01155-y,https://doi.org/10.1038/s42256-025-01155-y,article,Nature Machine Intelligence,https://openalex.org/W4416998002
Nature Machine Intelligence,Nature Portfolio,2025,2025-12-09,Actor–critic networks with analogue memristors mimicking reward-based learning,Kevin Portner; Till Zellweger; Flavio Martinelli; Laura Bégon‐Lours; Valeria Bragaglia; Christoph Weilenmann; Daniel Jubin; Donato Francesco Falcone; Felix Hermann; Oscar Hrynkevych; Tommaso Stecconi; Antonio La Porta; Ute Drechsler; Antonis Olziersky; Bert Jan Offrein; Wulfram Gerstner; Mathieu Luisier; Alexandros Emboras,7,12,10.1038/s42256-025-01149-w,https://doi.org/10.1038/s42256-025-01149-w,article,Nature Machine Intelligence,https://openalex.org/W4417152278
Nature Machine Intelligence,Nature Portfolio,2025,2025-12-09,Fully analogue reinforcement learning with memristors,Yue Zhang; Xiaojuan Qi; Zhongrui Wang,7,12,10.1038/s42256-025-01157-w,https://doi.org/10.1038/s42256-025-01157-w,article,Nature Machine Intelligence,https://openalex.org/W4417150723
Nature Machine Intelligence,Nature Portfolio,2025,2025-12-10,A multimodal cell-free RNA language model for liquid biopsy applications,Mehran Karimzadeh; Aiden M. Sababi; Amir Momen-Roknabadi; Nae-Chyun Chen; Taylor B. Cavazos; Sukh Sekhon; Jieyang Wang; Rose Hanna; Alice Huang; Dang Le Tri Nguyen; Selina Chen; Ti Lam; Kimberly H. Chau; Anna V. Hartwig; Lisa Fish; Helen Li; Babak Behsaz; Fereydoun Hormozdiari; Babak Alipanahi; Hani Goodarzi,7,12,10.1038/s42256-025-01148-x,https://doi.org/10.1038/s42256-025-01148-x,article,Nature Machine Intelligence,https://openalex.org/W4417185869
Nature Machine Intelligence,Nature Portfolio,2025,2025-12-12,Deciphering RNA–ligand binding specificity with GerNA-Bind,Yunpeng Xia; Jiayi Li; Yi-Ting Chu; Jiahua Rao; Jing Chen; Chenqing Hua; Dong‐Jun Yu; Xiu‐Cai Chen; Shuangjia Zheng,7,12,10.1038/s42256-025-01154-z,https://doi.org/10.1038/s42256-025-01154-z,article,Nature Machine Intelligence,https://openalex.org/W4417269368
Nature Machine Intelligence,Nature Portfolio,2025,2025-12-12,LLM use in scholarly writing poses a provenance problem,Brian David Earp; Haotian Yuan; Julian J. Koplin; Sebastian Porsdam Mann,7,12,10.1038/s42256-025-01159-8,https://doi.org/10.1038/s42256-025-01159-8,article,Nature Machine Intelligence,https://openalex.org/W4417269815
Nature Machine Intelligence,Nature Portfolio,2025,2025-12-17,Network-aware self-supervised learning enables high-content phenotypic screening for genetic modifiers of neuronal activity dynamics,Parker Grosjean; Kaivalya Shevade; Cuong Nguyen; Sarah Ancheta; Karl Mader; Ivan Franco; Seok-Jin Heo; Greyson Lewis; Dehua Zhao; Bhairavi Tolani; Steven Boggess; Angelique Di Domenico; Erik Ullian; Shawn Shafer; Adam Litterman; Laralynne Przybyla; Michael J. Keiser; Jamie Ifkovits; Adam Yala; Martin Kampmann,7,12,10.1038/s42256-025-01156-x,https://doi.org/10.1038/s42256-025-01156-x,article,Nature Machine Intelligence,https://openalex.org/W7115695249
Nature Machine Intelligence,Nature Portfolio,2025,2025-12-17,Solving finite element methods with spiking networks,Wenhao Song; Zixu Wang; J. Joshua Yang,7,12,10.1038/s42256-025-01158-9,https://doi.org/10.1038/s42256-025-01158-9,article,Nature Machine Intelligence,https://openalex.org/W7115719434
Nature Machine Intelligence,Nature Portfolio,2025,2025-12-18,A psychometric framework for evaluating and shaping personality traits in large language models,Gregory Serapio‐García; Mustafa Safdari; Clément Crepy; Luning Sun; Stephen Fitz; Peter Romero; Marwa Abdulhai; Aleksandra Faust; Maja J. Matarić,7,12,10.1038/s42256-025-01115-6,https://doi.org/10.1038/s42256-025-01115-6,article,Nature Machine Intelligence,https://openalex.org/W4417454579
Nature Machine Intelligence,Nature Portfolio,2025,2025-12-18,Learning cell dynamics with neural differential equations,Michael E. Vinyard; Anders W. Rasmussen; Ruitong Li; Allon Moshe Klein; Gad A. Getz; Luca Pinello,7,12,10.1038/s42256-025-01150-3,https://doi.org/10.1038/s42256-025-01150-3,article,Nature Machine Intelligence,https://openalex.org/W4417454630
Nature Machine Intelligence,Nature Portfolio,2025,2025-12-18,Multimodal out-of-distribution individual uncertainty quantification enhances binding affinity prediction for polypharmacology,Amitesh Badkul; Li Xie; Li Xie; Shuo Zhang; Lei Xie; Lei Xie,7,12,10.1038/s42256-025-01151-2,https://doi.org/10.1038/s42256-025-01151-2,article,Nature Machine Intelligence,https://openalex.org/W4417466821
Nature Machine Intelligence,Nature Portfolio,2025,2025-12-29,Versatile cardiovascular signal generation with a unified diffusion transformer,Zehua Chen; Yuyang Miao; Liyuan Wang; Luyun Fan; D. Mandic; Jun Zhu,8,1,10.1038/s42256-025-01147-y,https://doi.org/10.1038/s42256-025-01147-y,article,Nature Machine Intelligence,https://openalex.org/W7117455818
Nature Machine Intelligence,Nature Portfolio,2025,2025-12-30,Author Correction: Scalable and robust DNA-based storage via coding theory and deep learning,Daniella Bar-Lev; Itai Orr; Omer Sabary; Tuvi Etzion; Eitan Yaakobi,8,1,10.1038/s42256-025-01175-8,https://doi.org/10.1038/s42256-025-01175-8,erratum,Nature Machine Intelligence,https://openalex.org/W7117542751
Nature Machine Intelligence,Nature Portfolio,2025,2025-12-31,Assessing the potential of deep learning for protein–ligand docking,Alex Morehead; Nabin Giri; Jian Liu; Pawan Neupane; Jianlin Cheng,8,1,10.1038/s42256-025-01160-1,https://doi.org/10.1038/s42256-025-01160-1,article,Nature Machine Intelligence,https://openalex.org/W7117755163
Nature Machine Intelligence,Nature Portfolio,2025,2025-12-31,Current-diffusion model for metasurface structure discoveries with spatial-frequency dynamics,Erji Li; Yusong Wang; Lei Jin; Zheng Zong; Enze Zhu; Bao Wang; Qian Wang; Zongyin Yang; Wen-Yan Yin; Zhun Wei,8,1,10.1038/s42256-025-01162-z,https://doi.org/10.1038/s42256-025-01162-z,article,Nature Machine Intelligence,https://openalex.org/W7117658736
Nature Machine Intelligence,Nature Portfolio,2025,2025-12-31,Harnessing the power of single-cell large language models with parameter-efficient fine-tuning using scPEFT,Fei He; Ruixin Fei; Jordan Edward Krull; Yang Yu; Xinyu Zhang; Xianyu Wang; Hao Cheng; Mingyue Gao; Li Su; Yibo Chen; Jinpu Li; Baozhe Jin; Y. Regina Chang; Anjun Ma; Qin Ma; Dong He Xu,8,1,10.1038/s42256-025-01170-z,https://doi.org/10.1038/s42256-025-01170-z,article,Nature Machine Intelligence,https://openalex.org/W7117735905
Nature Machine Intelligence,Nature Portfolio,2025,2025-12-31,ImmunoStruct enables multimodal deep learning for immunogenicity prediction,Kevin Bijan Givechian; João Felipe Rocha; Chen Liu; Edward Yang; Sidharth Tyagi; Kerrie Greene; Rex Ying; Étienne Caron; Akiko Iwasaki; Smita Krishnaswamy,8,1,10.1038/s42256-025-01163-y,https://doi.org/10.1038/s42256-025-01163-y,article,Nature Machine Intelligence,https://openalex.org/W7117814530
Nature Machine Intelligence,Nature Portfolio,2025,2025-12-31,Inferring spatial single-cell-level interactions through interpreting cell state and niche correlations learned by self-supervised graph transformer,Xiao Xiao; Le Yuan Zhang; Hongyu Zhao; Zuoheng Wang,8,1,10.1038/s42256-025-01161-0,https://doi.org/10.1038/s42256-025-01161-0,article,Nature Machine Intelligence,https://openalex.org/W7117761874
Nature Machine Intelligence,Nature Portfolio,2025,2025-12-31,Learning intermediate physical states for inverse metasurface design,Chun‐Teh Chen,8,1,10.1038/s42256-025-01167-8,https://doi.org/10.1038/s42256-025-01167-8,article,Nature Machine Intelligence,https://openalex.org/W7117673136
Nature Machine Intelligence,Nature Portfolio,2025,2025-12-31,Reusability report: Optimizing T count in general quantum circuits with AlphaTensor-Quantum,Remmy A. M. Zen; M Nägele; Florian Marquardt,8,1,10.1038/s42256-025-01166-9,https://doi.org/10.1038/s42256-025-01166-9,article,Nature Machine Intelligence,https://openalex.org/W7117786722
Nature Machine Intelligence,Nature Portfolio,2026,2026-01-14,Benchmarking large language models on safety risks in scientific laboratories,Yujun Zhou; Jingdong Yang; Yi Huang; Kehan Guo; Zoë C. Emory; Werner Geyer; Amita Bedar; Sujay Shekar; Kehan Guo; Pin-Yu Chen; Tian Gao; Werner Geyer; Nuno Moniz; Nitesh V. Chawla; Xiangliang Zhang,8,1,10.1038/s42256-025-01152-1,https://doi.org/10.1038/s42256-025-01152-1,article,Nature Machine Intelligence,https://openalex.org/W7123743632
Nature Machine Intelligence,Nature Portfolio,2026,2026-01-21,Jointly modeling cardiovascular biomarkers,Sully F. Chen,8,1,10.1038/s42256-025-01172-x,https://doi.org/10.1038/s42256-025-01172-x,article,Nature Machine Intelligence,https://openalex.org/W7125145047
Nature Machine Intelligence,Nature Portfolio,2026,2026-01-26,Modelling drug-induced cellular perturbation responses with a biologically informed dual-branch transformer,Yue Guo; Hao Zhang; Haitao Hu; Jialu Wu; Ji Cao; Chang-Yu Hsieh; Bo Yang,8,1,10.1038/s42256-025-01165-w,https://doi.org/10.1038/s42256-025-01165-w,article,Nature Machine Intelligence,https://openalex.org/W7125686081
Nature Machine Intelligence,Nature Portfolio,2026,2026-01-26,Proposing and solving olympiad geometry with guided tree search,Chi Zhang; Jiajun Song; Siyu Li; Yitao Liang; Yuxi Ma; Wei Wang; Y B Zhu; Song-Chun Zhu,8,1,10.1038/s42256-025-01164-x,https://doi.org/10.1038/s42256-025-01164-x,article,Nature Machine Intelligence,https://openalex.org/W7125707825
Nature Machine Intelligence,Nature Portfolio,2026,2026-01-27,Addendum: Resolving data bias improves generalization in binding affinity prediction,David Graber; Peter Stockinger; Fabian Meyer; Siddhartha Mishra; Claus Horn; Rebecca Buller,8,2,10.1038/s42256-025-01174-9,https://doi.org/10.1038/s42256-025-01174-9,article,Nature Machine Intelligence,https://openalex.org/W7125804904
Nature Machine Intelligence,Nature Portfolio,2026,2026-01-27,Multi-agent AI systems need transparency,,8,1,10.1038/s42256-026-01183-2,https://doi.org/10.1038/s42256-026-01183-2,article,Nature Machine Intelligence,https://openalex.org/W7125767466
Nature Machine Intelligence,Nature Portfolio,2026,2026-01-28,A unified predictive and generative solution for liquid electrolyte formulation,Zhenze Yang; Yifan Wu; Xu Han; Ziqing Zhang; Haoen Lai; Zhenliang Mu; Tianze Zheng; Siyuan Liu; Zhichen Pu; Zhi Wang; Zhiao Yu; Sheng Rong Gong; Wen Yan,8,2,10.1038/s42256-025-01173-w,https://doi.org/10.1038/s42256-025-01173-w,article,Nature Machine Intelligence,https://openalex.org/W7125978573
Nature Machine Intelligence,Nature Portfolio,2026,2026-01-28,Teaching machines to blend electrolyte cocktails,Chenru Duan; Haojun Jia; Qiyuan Zhao,8,2,10.1038/s42256-026-01181-4,https://doi.org/10.1038/s42256-026-01181-4,article,Nature Machine Intelligence,https://openalex.org/W7125945243
Nature Machine Intelligence,Nature Portfolio,2026,2026-01-30,On the troubling rise of generative AI suspicion in academic publishing,Raffaele Ciriello,8,2,10.1038/s42256-026-01178-z,https://doi.org/10.1038/s42256-026-01178-z,article,Nature Machine Intelligence,https://openalex.org/W7126230453
Nature Machine Intelligence,Nature Portfolio,2026,2026-02-06,Attributing and situating knowledge cannot be left to language models,Roxana Georgiana Radu; Luc Rocher,8,3,10.1038/s42256-026-01193-0,https://doi.org/10.1038/s42256-026-01193-0,article,Nature Machine Intelligence,https://openalex.org/W7128161670
Nature Machine Intelligence,Nature Portfolio,2026,2026-02-06,Authorization of prognostic AI medical devices,Urs J. Muehlematter; Kerstin Noëlle Vokinger,8,2,10.1038/s42256-025-01171-y,https://doi.org/10.1038/s42256-025-01171-y,article,Nature Machine Intelligence,https://openalex.org/W7128095327
Nature Machine Intelligence,Nature Portfolio,2026,2026-02-06,Identifying spatial single-cell-level interactions with graph transformer,Xiangzheng Cheng; Suoqin Jin,8,2,10.1038/s42256-026-01191-2,https://doi.org/10.1038/s42256-026-01191-2,article,Nature Machine Intelligence,https://openalex.org/W7128069869
Nature Machine Intelligence,Nature Portfolio,2026,2026-02-06,Visual language models show widespread visual deficits on neuropsychological tests,Gene Tangtartharakul; Katherine R. Storrs,8,2,10.1038/s42256-026-01179-y,https://doi.org/10.1038/s42256-026-01179-y,article,Nature Machine Intelligence,https://openalex.org/W7127904037
Nature Machine Intelligence,Nature Portfolio,2026,2026-02-10,A federated graph learning method to realize multi-party collaboration for molecular discovery,Liang Zhang; Juan Zhang; Rui Huang; Yiwen Wang; Linjing Liu; Yanyong Zhang; Kong Chen; Jun Jiang; Yuen Wu,8,2,10.1038/s42256-026-01184-1,https://doi.org/10.1038/s42256-026-01184-1,article,Nature Machine Intelligence,https://openalex.org/W7128494739
Nature Machine Intelligence,Nature Portfolio,2026,2026-02-11,What matters in building vision–language–action models for generalist robots,Xinghang Li; Peiyan Li; Long Qian; Minghuan Liu; Dong Wang; Jirong Liu; Bingyi Kang; Xiao Ma; Xinlong Wang; Di Guo; Tao Kong; Hanbo Zhang; Huaping Liu,8,2,10.1038/s42256-025-01168-7,https://doi.org/10.1038/s42256-025-01168-7,article,Nature Machine Intelligence,https://openalex.org/W7128590487
Nature Machine Intelligence,Nature Portfolio,2026,2026-02-11,When large language models are reliable for judging empathic communication,Aakriti Kumar; Nalin Poungpeth; Diyi Yang; Erina L. Farrell; Bruce L. Lambert; Matthew Groh,8,2,10.1038/s42256-025-01169-6,https://doi.org/10.1038/s42256-025-01169-6,article,Nature Machine Intelligence,https://openalex.org/W7128596011
Nature Machine Intelligence,Nature Portfolio,2026,2026-02-12,Reusability Report: Evaluating the performance of a meta-learning foundation model on predicting the antibacterial activity of natural products,Caitlin M. Butt; Allison S. Walker,8,2,10.1038/s42256-026-01187-y,https://doi.org/10.1038/s42256-026-01187-y,article,Nature Machine Intelligence,https://openalex.org/W7128703888
Nature Machine Intelligence,Nature Portfolio,2026,2026-02-13,A flaw in using pretrained protein language models in protein–protein interaction inference models,Joseph Szymborski; Amin Emad,8,2,10.1038/s42256-025-01176-7,https://doi.org/10.1038/s42256-025-01176-7,article,Nature Machine Intelligence,https://openalex.org/W7128820983
Nature Machine Intelligence,Nature Portfolio,2026,2026-02-17,Parallel hierarchical encoding of linguistic representations in the human auditory cortex and recurrent automatic speech recognition systems,Menoua Keshishian; Gavin Mischler; Samuel Thomas; Brian E. D. Kingsbury; Stephan Bickel; Ashesh D. Mehta; Nima Mesgarani,8,2,10.1038/s42256-026-01185-0,https://doi.org/10.1038/s42256-026-01185-0,article,Nature Machine Intelligence,https://openalex.org/W7129551572
Nature Machine Intelligence,Nature Portfolio,2026,2026-02-19,Meta-designing quantum experiments with language models,Sören Arlt; Haonan Duan; Felix Li; Sang Michael Xie; Yuhuai Wu; Mario Krenn,8,2,10.1038/s42256-025-01153-0,https://doi.org/10.1038/s42256-025-01153-0,article,Nature Machine Intelligence,https://openalex.org/W7130510492
Nature Machine Intelligence,Nature Portfolio,2026,2026-02-20,Preconditioned inexact stochastic ADMM for deep models,Shenglong Zhou; Ouya Wang; ZiYan Luo; Yongxu Zhu; Geoffrey Ye Li,8,2,10.1038/s42256-026-01182-3,https://doi.org/10.1038/s42256-026-01182-3,article,Nature Machine Intelligence,https://openalex.org/W7130645556
Nature Machine Intelligence,Nature Portfolio,2026,2026-02-23,A large-scale randomized study of large language model feedback in peer review,Nitya Thakkar; Mert Yüksekgönül; Jake Silberg; Animesh Garg; Nanyun Peng; Fei Sha; Rose Wai Man Yu; Carl Vondrick; James Zou,8,3,10.1038/s42256-026-01188-x,https://doi.org/10.1038/s42256-026-01188-x,article,Nature Machine Intelligence,https://openalex.org/W7131125571
Nature Machine Intelligence,Nature Portfolio,2026,2026-02-23,Synthetic X‑ray‑driven tracking and control of miniature medical devices,Chunxiang Wang; Wenbin Kang; Mengmeng Sun; Hongchuan Zhang; Chong Hong; Sinan Özgün Demir; Halim Ugurlu; Kun Hao; Z. G. Liu; Tianlu Wang; Metin Sitti,8,2,10.1038/s42256-026-01190-3,https://doi.org/10.1038/s42256-026-01190-3,article,Nature Machine Intelligence,https://openalex.org/W7131065465
Nature Machine Intelligence,Nature Portfolio,2026,2026-02-24,AI and the long game,,8,2,10.1038/s42256-026-01203-1,https://doi.org/10.1038/s42256-026-01203-1,article,Nature Machine Intelligence,https://openalex.org/W7131286121
Nature Machine Intelligence,Nature Portfolio,2026,2026-02-24,Author Correction: Mask-prior-guided denoising diffusion improves inverse protein folding,Peizhen Bai; Filip N. Miljković; Xianyuan Liu; Leonardo De Maria; Rebecca Croasdale-Wood; Owen J. L. Rackham; Haiping Lu,8,3,10.1038/s42256-026-01209-9,https://doi.org/10.1038/s42256-026-01209-9,erratum,Nature Machine Intelligence,https://openalex.org/W7131259721
Nature Machine Intelligence,Nature Portfolio,2026,2026-02-24,Cardiac health assessment across scenarios and devices using a multimodal foundation model pretrained on data from 1.7 million individuals,Xiao Gu; Wei Tang; Jinpei Han; Veer Sangha; Fenglin Liu; Shreyank N. Gowda; Antonio Luiz P. Ribeiro; Patrick M. Schwab; Kim Branson; Lei Clifton; Antonio Luiz P. Ribeiro; Zhangdaihong Liu; David Andrew Clifton,8,2,10.1038/s42256-026-01180-5,https://doi.org/10.1038/s42256-026-01180-5,article,Nature Machine Intelligence,https://openalex.org/W7131243200
Nature Machine Intelligence,Nature Portfolio,2026,2026-02-25,Conditional diffusion with locality-aware modal alignment for generating diverse protein conformational ensembles,Baoli wang; Chenglin Wang; Jingyang Chen; Danlin Liu; Changzhi Sun; Jie Zhang; Kai Zhang; Honglin Li,8,3,10.1038/s42256-026-01198-9,https://doi.org/10.1038/s42256-026-01198-9,article,Nature Machine Intelligence,https://openalex.org/W7131351614
Nature Machine Intelligence,Nature Portfolio,2026,2026-02-27,A family of large language models for materials research with insights into model adaptability in continued pretraining,Dhruv Kumar Ahlawat; Vaibhav Mishra; Sourabh Singh; Mohd Faiz Mohammad Zaki; Vaibhav Bihani; Hargun Singh Grover; Biswajit Mishra; Santiago Miret; Mausam; N. M. Anoop Krishnan,8,3,10.1038/s42256-026-01199-8,https://doi.org/10.1038/s42256-026-01199-8,article,Nature Machine Intelligence,https://openalex.org/W7131803966
Nature Machine Intelligence,Nature Portfolio,2026,2026-02-27,A universal spin–orbit-coupled Hamiltonian model for accelerated quantum material discovery,Yang Zhong; Rui Wang; Xingao Gong; HongJun XIANG,8,3,10.1038/s42256-026-01196-x,https://doi.org/10.1038/s42256-026-01196-x,article,Nature Machine Intelligence,https://openalex.org/W7131787109
Nature Machine Intelligence,Nature Portfolio,2026,2026-03-04,Reinforcement learning-based design of sequential drug treatment targeting the evolving tumour landscape with SequenTx,Xiaohan Chen; Yue Cheng Deng; Xingbo Yang; Ying Zhang; Yuting Huang; Shuxian Li; Hong Yang; Qiongyu Shi; Siqi Wu; Shaoqi Chen; Xuan Jin; Feiyang Xing; Chen Zhang; Yicheng Gao; Degang Yang; Guohui Chuai; Jian Ding; Xun Huang; Qi Liu,8,3,10.1038/s42256-026-01192-1,https://doi.org/10.1038/s42256-026-01192-1,article,Nature Machine Intelligence,https://openalex.org/W7133518416
Nature Machine Intelligence,Nature Portfolio,2026,2026-03-09,Learning collision risk proactively from naturalistic driving data at scale,Yiru Jiao; Simeon C. Calvert; Sander van Cranenburgh; Hans van Lint,8,3,10.1038/s42256-026-01189-w,https://doi.org/10.1038/s42256-026-01189-w,article,Nature Machine Intelligence,https://openalex.org/W7134229984
Nature Machine Intelligence,Nature Portfolio,2026,2026-03-11,A benchmarking framework for embodied neuromorphic agents,Giulia D’Angelo; Jens E. Pedersen; Taimoor Hassan; Matteo Cianchetti; Josh Bongard; Fumiya Iida; Giacomo Indiveri; Matej Hoffmann; Cecilia Laschi; Chiara De Luca; Chiara Bartolozzi; Elisa Donati,8,3,10.1038/s42256-026-01197-w,https://doi.org/10.1038/s42256-026-01197-w,article,Nature Machine Intelligence,https://openalex.org/W7134935584
Nature Machine Intelligence,Nature Portfolio,2026,2026-03-16,A robot operating system framework for using large language models in embodied AI,Christopher E. Mower; Yuhui Wan; Hongzhan Yu; Antoine Grosnit; Jonas Gonzalez-Billandon; Matthieu Zimmer; Puze Liu; Daniel Palenicek; Davide Tateo; Jan Peters; Kaixian Qu; Mike Zhang; Guowei Lan; Andrei Cramariuc; César Cadena; Marco Hutter; Guangjian Tian; Yuzhen Zhuang; Kun Shao; Xingyue Quan; Jianye Hao; Jun Wang; Haitham Bou-Ammar,8,3,10.1038/s42256-026-01186-z,https://doi.org/10.1038/s42256-026-01186-z,article,Nature Machine Intelligence,https://openalex.org/W7136416418
Nature Machine Intelligence,Nature Portfolio,2026,2026-03-16,Predicting and interpreting cell-type-specific drug responses in the small-data regime using inductive priors,Reem Alsulami; Robert Lehmann; Sumeer A. Khan; Vincenzo Lagani; Alberto Maillo; David Gómez-Cabrero; Narsis A. Kiani; Jesper N. Tegner,8,3,10.1038/s42256-026-01202-2,https://doi.org/10.1038/s42256-026-01202-2,article,Nature Machine Intelligence,https://openalex.org/W7136291794
Nature Machine Intelligence,Nature Portfolio,2026,2026-03-16,The case for stakeholder-driven AI auditing in automatic speech recognition,Mona Sloane; Hilke Schellmann; Katelyn Xiaoying Mei; Anna Seo Gyeong Choi; Allison Koenecke,8,4,10.1038/s42256-026-01207-x,https://doi.org/10.1038/s42256-026-01207-x,article,Nature Machine Intelligence,https://openalex.org/W7136742836
Nature Machine Intelligence,Nature Portfolio,2026,2026-03-17,LLMs displaying less cognitive bias are not necessarily better decision makers,Vittoria Dentella; Marco Marelli; Luca Rinaldi,8,4,10.1038/s42256-026-01208-w,https://doi.org/10.1038/s42256-026-01208-w,article,Nature Machine Intelligence,https://openalex.org/W7137905756
Nature Machine Intelligence,Nature Portfolio,2026,2026-03-17,Sample-efficient generative molecular design using memory manipulation,Jeff Guo; Junwu Chen; Anthony GX-Chen; Philippe Schwaller,8,3,10.1038/s42256-026-01200-4,https://doi.org/10.1038/s42256-026-01200-4,article,Nature Machine Intelligence,https://openalex.org/W7138100878
Nature Machine Intelligence,Nature Portfolio,2026,2026-03-23,"Computational framework to predict and shape human–machine interactions in closed-loop, co-adaptive neural interfaces",Maneeshika M. Madduri; Momona Yamagami; Si Jia Li; Sasha N. Burckhardt; Samuel A. Burden; Amy L. Orsborn,8,3,10.1038/s42256-026-01194-z,https://doi.org/10.1038/s42256-026-01194-z,article,Nature Machine Intelligence,https://openalex.org/W7140098742
Nature Machine Intelligence,Nature Portfolio,2026,2026-03-23,Interpretability and implicit model semantics in biomedicine and deep learning,Jonathan Warrell; Michael Gancz; Hussein Mohsen; Prashant S. Emani; Mark Gerstein,8,3,10.1038/s42256-026-01177-0,https://doi.org/10.1038/s42256-026-01177-0,article,Nature Machine Intelligence,https://openalex.org/W7140139959
Nature Machine Intelligence,Nature Portfolio,2026,2026-03-25,Machine learning global atomic representations with Euclidean fast attention,J. Thorben Frank; Stefan Chmiela; Klaus-Robert Müller; Oliver T. Unke,8,3,10.1038/s42256-026-01195-y,https://doi.org/10.1038/s42256-026-01195-y,article,Nature Machine Intelligence,https://openalex.org/W7140303358
Nature Machine Intelligence,Nature Portfolio,2026,2026-03-25,Recognizing reproducibility and reusability in times of fast science,,8,3,10.1038/s42256-026-01219-7,https://doi.org/10.1038/s42256-026-01219-7,article,Nature Machine Intelligence,https://openalex.org/W7140280688
Nature Machine Intelligence,Nature Portfolio,2026,2026-03-25,Reverse predictivity for bidirectional comparison of neural networks and biological brains,Sabine Muzellec; Kohitij Kar,8,3,10.1038/s42256-026-01204-0,https://doi.org/10.1038/s42256-026-01204-0,article,Nature Machine Intelligence,https://openalex.org/W7140295639
Nature Machine Intelligence,Nature Portfolio,2026,2026-04-01,Predicting new research directions in materials science using large language models and concept graphs,Thomas Marwitz; Alexander Colsmann; Ben Breitung; Christoph Brabec; Christoph Kirchlechner; Eva Blasco; Gabriel Cadilha Marques; Horst Hahn; Michael Hirtz; Pavel A. Levkin; Yolita M. Eggeler; Tobias Schlöder; Pascal Friederich,8,4,10.1038/s42256-026-01206-y,https://doi.org/10.1038/s42256-026-01206-y,article,Nature Machine Intelligence,https://openalex.org/W7147686092
Nature Machine Intelligence,Nature Portfolio,2026,2026-04-01,Two-dimensional geometric template diffusion for boosting single-sequence protein structure prediction,Xudong Wang; Tong Zhang; Zhen Cui; Xu Guo; Fuyun Wang; Yuanzhi Wang; Xing Cai; Wenming Zheng,8,4,10.1038/s42256-026-01210-2,https://doi.org/10.1038/s42256-026-01210-2,article,Nature Machine Intelligence,https://openalex.org/W7147415472
Nature Machine Intelligence,Nature Portfolio,2026,2026-04-09,Brain-inspired warm-up training with random noise for uncertainty calibration,Jeonghwan Cheon; SW Paik,8,4,10.1038/s42256-026-01215-x,https://doi.org/10.1038/s42256-026-01215-x,article,Nature Machine Intelligence,https://openalex.org/W7152611043
Nature Machine Intelligence,Nature Portfolio,2026,2026-04-09,Learning to be uncertain before learning from data,Takuya Isomura,8,4,10.1038/s42256-026-01205-z,https://doi.org/10.1038/s42256-026-01205-z,article,Nature Machine Intelligence,https://openalex.org/W7152410669
Nature Machine Intelligence,Nature Portfolio,2026,2026-04-17,AI economics for the common good,Francesco Fuso Nerini,8,4,10.1038/s42256-026-01212-0,https://doi.org/10.1038/s42256-026-01212-0,article,Nature Machine Intelligence,https://openalex.org/W7154748254
Nature Machine Intelligence,Nature Portfolio,2026,2026-04-20,Towards a universal model for spin–orbit physics,Atul C. Thakur; Shyue Ping Ong,8,4,10.1038/s42256-026-01221-z,https://doi.org/10.1038/s42256-026-01221-z,article,Nature Machine Intelligence,https://openalex.org/W7154983592
Nature Machine Intelligence,Nature Portfolio,2026,2026-04-21,Linear attention goes global in molecular dynamics,Sheng Rong Gong; Wen Yan,8,4,10.1038/s42256-026-01222-y,https://doi.org/10.1038/s42256-026-01222-y,article,Nature Machine Intelligence,https://openalex.org/W7155087027
Nature Machine Intelligence,Nature Portfolio,2026,2026-04-21,Predicting RNA 3D structure and conformers using a pre-trained secondary structure model and structure-aware attention,Wenkai Wang; Zhenling Peng; Jianyi Yang,8,5,10.1038/s42256-026-01223-x,https://doi.org/10.1038/s42256-026-01223-x,article,Nature Machine Intelligence,https://openalex.org/W4409453873
Nature Machine Intelligence,Nature Portfolio,2026,2026-04-22,Competing Biases underlie Overconfidence and Underconfidence in LLMs,Dharshan Kumaran; Stephen M. Fleming; Larisa Markeeva; Joe Heyward; Andrea Banino; Mrinal Mathur; Razvan Pascanu; Simon Osindero; Benedetto De Martino; Petar Veličković; Viorica Pătrăucean,8,4,10.1038/s42256-026-01217-9,https://doi.org/10.1038/s42256-026-01217-9,article,Nature Machine Intelligence,https://openalex.org/W7155219404
Nature Machine Intelligence,Nature Portfolio,2026,2026-04-22,Molecular deep learning at the edge of chemical space,Derek van Tilborg; Luke Rossen; Francesca Grisoni,8,4,10.1038/s42256-026-01216-w,https://doi.org/10.1038/s42256-026-01216-w,article,Nature Machine Intelligence,https://openalex.org/W4408503939
Nature Machine Intelligence,Nature Portfolio,2026,2026-04-23,Algebraic language models for inverse design of metamaterials via diffusion transformers,Li Zheng; Siddhant Kumar; Dennis M. Kochmann,8,4,10.1038/s42256-026-01218-8,https://doi.org/10.1038/s42256-026-01218-8,article,Nature Machine Intelligence,https://openalex.org/W7155394074
Nature Machine Intelligence,Nature Portfolio,2026,2026-04-23,Flow matching for generative modelling in bioinformatics and computational biology,Alex Morehead; Lazar Atanackovic; Akshata Hegde; Yanli Wang; Frimpong Boadu; Joel Selvaraj; Alexander Tong; Aditi Krishnapriyan; Jianlin Cheng,8,4,10.1038/s42256-026-01220-0,https://doi.org/10.1038/s42256-026-01220-0,article,Nature Machine Intelligence,https://openalex.org/W7155392392
Nature Machine Intelligence,Nature Portfolio,2026,2026-04-24,A multimodal large language model for materials science,Yingheng Tang; Wenbin Xu; Jie Cao; Weilu Gao; Steven Farrell; Benjamin Erichson; Michael W. Mahoney; Andy Nonaka; Zhi Jackie Yao,8,4,10.1038/s42256-026-01214-y,https://doi.org/10.1038/s42256-026-01214-y,article,Nature Machine Intelligence,https://openalex.org/W7155541637
Nature Machine Intelligence,Nature Portfolio,2026,2026-04-24,Adopting a human developmental visual diet yields robust and shape-based AI vision,Zejin Lu; Sushrut Thorat; Radoslaw M. Cichy; Tim C. Kietzmann,8,5,10.1038/s42256-026-01228-6,https://doi.org/10.1038/s42256-026-01228-6,article,Nature Machine Intelligence,https://openalex.org/W7155554458
Nature Machine Intelligence,Nature Portfolio,2026,2026-04-24,Fluid thinking about collective intelligence,Justin Werfel,8,4,10.1038/s42256-026-01211-1,https://doi.org/10.1038/s42256-026-01211-1,article,Nature Machine Intelligence,https://openalex.org/W7155527190
Nature Machine Intelligence,Nature Portfolio,2026,2026-04-24,From embodied intelligence to physical AI,,8,4,10.1038/s42256-026-01239-3,https://doi.org/10.1038/s42256-026-01239-3,article,Nature Machine Intelligence,https://openalex.org/W7155493441
Nature Machine Intelligence,Nature Portfolio,2026,2026-04-24,Programmable RNA translation through deep learning-driven IRES discovery and de novo generation,Yanyi Chu; Di Yin; Dan YU; Guangxue Xu; Junze Zhang; Xiaotong Wang; Yue Shen; Yupeng Li; Ning Zhao; Yi Zhu; Jason Zhang; Hani Goodarzi; Mengdi Wang; Le Dinh Công,8,4,10.1038/s42256-026-01213-z,https://doi.org/10.1038/s42256-026-01213-z,article,Nature Machine Intelligence,https://openalex.org/W7155512601
Nature Machine Intelligence,Nature Portfolio,2026,2026-04-27,A domain-adapted large language model to support clinicians in psychiatric clinical practice,Ruoxi Wang; Liu S; Li Zhang; Xuequan Zhu; Zhi Yang; Hu Wang; Juan Huang; Yun Wang; Xiaofan Yang; Fei Wu; Rui Yang; G H Wang; Cheng Jin,8,5,10.1038/s42256-026-01224-w,https://doi.org/10.1038/s42256-026-01224-w,article,Nature Machine Intelligence,https://openalex.org/W7156318538
Nature Machine Intelligence,Nature Portfolio,2026,2026-04-28,Probabilistic modelling of single-cell bisulfite sequencing data with MethylVI,Ethan Weinberger; Wei Qiu; Wei Tian; Qiurui Zeng; Can Ergen; Ori Kronfeld; Martin Kim; Nir Yosef; Joseph R. Ecker; Su‐In Lee,8,5,10.1038/s42256-026-01225-9,https://doi.org/10.1038/s42256-026-01225-9,article,Nature Machine Intelligence,https://openalex.org/W7157246378
Nature Machine Intelligence,Nature Portfolio,2026,2026-04-29,Pretraining a foundation model for small-molecule natural products,Yuheng Ding; Bo Qiang; Shaoning Li; Yiran Zhou; Jie Yu; Qi Li; Cheng Shi; Liangren Zhang; Yusong Wang; Nanning Zheng; Zhenmin Liu,8,5,10.1038/s42256-026-01226-8,https://doi.org/10.1038/s42256-026-01226-8,article,Nature Machine Intelligence,https://openalex.org/W7159848287
Nature Machine Intelligence,Nature Portfolio,2026,2026-05-04,A collaborative constrained graph diffusion model for the generation of realistic synthetic molecules,Manuel Ruiz-Botella; Marta Sales‐Pardo; Roger Guimerà,8,5,10.1038/s42256-026-01229-5,https://doi.org/10.1038/s42256-026-01229-5,article,Nature Machine Intelligence,https://openalex.org/W4416450605
Nature Machine Intelligence,Nature Portfolio,2026,2026-05-05,Force-free molecular dynamics through autoregressive equivariant networks,Fabian L. Thiemann; Thiago Reschützegger; M. Esposito; Tseden Taddese; Juan D. Olarte-Plata; Fausto Martelli,8,5,10.1038/s42256-026-01227-7,https://doi.org/10.1038/s42256-026-01227-7,article,Nature Machine Intelligence,https://openalex.org/W4417051646
Nature Machine Intelligence,Nature Portfolio,2026,2026-05-06,Reusability report: Meta-learning for antigen-specific T cell receptor binder identification,Fei He; X Wang; Dong Xu,8,5,10.1038/s42256-026-01236-6,https://doi.org/10.1038/s42256-026-01236-6,article,Nature Machine Intelligence,https://openalex.org/W7160391982
Nature Machine Intelligence,Nature Portfolio,2026,2026-05-07,Learning the chemical language of natural products,Xu Guo; Celia M. Rava; Allison S. Walker,8,5,10.1038/s42256-026-01241-9,https://doi.org/10.1038/s42256-026-01241-9,article,Nature Machine Intelligence,https://openalex.org/W7160515435
Nature Machine Intelligence,Nature Portfolio,2026,2026-05-07,Platonic representation of foundation machine learning interatomic potentials,Zhenzhu Li; Aron Walsh,8,5,10.1038/s42256-026-01235-7,https://doi.org/10.1038/s42256-026-01235-7,article,Nature Machine Intelligence,https://openalex.org/W4417142359
Nature Machine Intelligence,Nature Portfolio,2026,2026-05-11,Re-thinking human–machine interaction and the governance of AI in the military domain,Ingvild Bode; Katherine Chandler,8,5,10.1038/s42256-026-01231-x,https://doi.org/10.1038/s42256-026-01231-x,article,Nature Machine Intelligence,https://openalex.org/W7160820458
Nature Machine Intelligence,Nature Portfolio,2026,2026-05-11,Towards the explainability of protein language models,Andrea Hunklinger; Noelia Ferruz,8,5,10.1038/s42256-026-01232-w,https://doi.org/10.1038/s42256-026-01232-w,article,Nature Machine Intelligence,https://openalex.org/W7160866869
Nature Machine Intelligence,Nature Portfolio,2026,2026-05-12,Peripheral control enabled by distributed sensing in an octopus-inspired soft robotic arm for autonomous underwater grasping,Emanuela Del Dottore; Romina Adhami; Ebrahim Shahabi; Emanuele Solfiti; Michele Martini; Stefano Mariani; Alberto Parmiggiani; Alessio Mondini; Edoardo Sinibaldi; Barbara Mazzolai,8,5,10.1038/s42256-026-01230-y,https://doi.org/10.1038/s42256-026-01230-y,article,Nature Machine Intelligence,https://openalex.org/W7160913937
Nature Machine Intelligence,Nature Portfolio,2026,2026-05-13,A generative artificial intelligence approach for peptide antibiotic optimization,Marcelo D.T. Torres; Yimeng Zeng; Fangping Wan; Natalie Maus; Jacob Gardner; Cesar de la Fuente-Nunez,8,5,10.1038/s42256-026-01237-5,https://doi.org/10.1038/s42256-026-01237-5,article,Nature Machine Intelligence,https://openalex.org/W7161005196
Nature Machine Intelligence,Nature Portfolio,2026,2026-05-15,A strong sustainability approach to AI development,Daniel W. O’Neill; Felix Creutzig,8,5,10.1038/s42256-026-01240-w,https://doi.org/10.1038/s42256-026-01240-w,article,Nature Machine Intelligence,https://openalex.org/W7161289453
Nature Machine Intelligence,Nature Portfolio,2026,2026-05-18,Immunotherapy drug target identification using machine learning and patient-derived tumour explant validation,Marcellus Augustine; Nuno Rocha Nene; Hongchang Fu; Christopher L. Pinder; Lorena Ligammari; Alexander P. Simpson; Irene Sanz-Fernández; Krupa Thakkar; Danwen Qian; Evelyn Fitzsimons; B S. Simpson; Roberto Vendramin; Andrea Castro; Heather A. Niederer; Samra Turajlic; Sergio A. Quezada; Nicholas McGranahan; Chris Watkins; Charles Swanton; Kevin Litchfield,8,5,10.1038/s42256-026-01201-3,https://doi.org/10.1038/s42256-026-01201-3,article,Nature Machine Intelligence,https://openalex.org/W7161573884
Nature Machine Intelligence,Nature Portfolio,2026,2026-05-18,Plagiarism of ideas in the age of generative artificial intelligence,David B Resnik; Mohammad Hosseini,8,6,10.1038/s42256-026-01247-3,https://doi.org/10.1038/s42256-026-01247-3,article,Nature Machine Intelligence,https://openalex.org/W7161564651
Nature Machine Intelligence,Nature Portfolio,2026,2026-05-18,SpecGP as a transformer-based model for predicting energy-adaptable structural spectra of glycopeptides,Xianyong Wang; Rui Song; Zhuangzhuang Feng; Shisheng Sun,8,6,10.1038/s42256-026-01246-4,https://doi.org/10.1038/s42256-026-01246-4,article,Nature Machine Intelligence,https://openalex.org/W7161588876
Nature Machine Intelligence,Nature Portfolio,2026,2026-05-18,Stop ‘tokenmaxxing’ and deploy AI sensibly instead,,8,5,10.1038/s42256-026-01253-5,https://doi.org/10.1038/s42256-026-01253-5,article,Nature Machine Intelligence,https://openalex.org/W7161595842
Nature Machine Intelligence,Nature Portfolio,2026,2026-05-21,Deep neural operator for free boundary problems,Zongjia Long; Qi Zhou; Aiqing Zhu; Dong Dai; Liu Y,8,5,10.1038/s42256-026-01233-9,https://doi.org/10.1038/s42256-026-01233-9,article,Nature Machine Intelligence,https://openalex.org/W7161966775
Nature Machine Intelligence,Nature Portfolio,2026,2026-05-21,Neural operators for free-boundary problems,Constantinos Siettos,8,5,10.1038/s42256-026-01238-4,https://doi.org/10.1038/s42256-026-01238-4,article,Nature Machine Intelligence,https://openalex.org/W7162033725
Nature Machine Intelligence,Nature Portfolio,2026,2026-05-25,A large-scale unified deep learning model for peptide mass spectrum interpretation trained on multimodal data,Jiale Zhao; Pengzhi Mao; Kaifei Wang; Yiming Li; Yaping Peng; Rui Chen; S.C. Lu; Xiaohong Ji; Jiaxiang Ding; Xi Zhang; Yucheng Liao; Weinan E; Han Wen; Weijie Zhang; Hao Chi,8,6,10.1038/s42256-026-01234-8,https://doi.org/10.1038/s42256-026-01234-8,article,Nature Machine Intelligence,https://openalex.org/W7162293357
Nature Machine Intelligence,Nature Portfolio,2026,2026-05-27,Generalizable mutation-effect prediction across adaptive immune recognition via unified multimodal framework,Rong Han; Yumeng Zhang; Xiaohong Liu; Lei Fu; Tong Pan; Jing Xu; X Y Wang; Xiaoyu Wang; Peidong Zhang; Xuanzhong Chen; Xuanzhong Chen; Jiesi Lei; Wuyang Lan; Changwei Ji; Shuguang Robert Cui; Song Wu; Jiangning Song; Ting Chen; Guangyu Wang,8,6,10.1038/s42256-026-01243-7,https://doi.org/10.1038/s42256-026-01243-7,article,Nature Machine Intelligence,https://openalex.org/W7162527472
Nature Machine Intelligence,Nature Portfolio,2026,2026-05-28,Human–AI interactions reshape the self and our social networks,Andreia Sofia Teixeira; Sukhwinder Singh Shergill; Guy Laban,8,6,10.1038/s42256-026-01248-2,https://doi.org/10.1038/s42256-026-01248-2,article,Nature Machine Intelligence,https://openalex.org/W7162649123
Nature Machine Intelligence,Nature Portfolio,2026,2026-06-01,Conditional Monge Gap enables generalizable single-cell perturbation modelling,Alice Driessen; Dhruva Abhijit Rajwade; Benedek Harsanyi; Maria Anna Rapsomaniki; Jannis Born,8,6,10.1038/s42256-026-01242-8,https://doi.org/10.1038/s42256-026-01242-8,article,Nature Machine Intelligence,https://openalex.org/W7163045559
Nature Machine Intelligence,Nature Portfolio,2026,2026-06-01,Learning the coupled dynamics of global climate modes,Yuan Yuan; Jingtao Ding; Zhongpu Qiu; Jingfang Fan; Yong Li,8,6,10.1038/s42256-026-01245-5,https://doi.org/10.1038/s42256-026-01245-5,article,Nature Machine Intelligence,https://openalex.org/W7163031469
Nature Machine Intelligence,Nature Portfolio,2026,2026-06-04,Explicit dynamic cross-strand interactions for DNA sequence language modelling,Cheng Yang; Liu Y; Yuansheng Liu; Lei Ling; F. H. Li; Yang Liu; F. H. Li; Changjian Chen; Long Wang; Xiangxiang Zeng; Kenli Li; Xiangxiang Zeng; Kenli Li; Alexander Schönhuth; Xiao Luo,8,6,10.1038/s42256-026-01249-1,https://doi.org/10.1038/s42256-026-01249-1,article,Nature Machine Intelligence,https://openalex.org/W7163577811
Nature Machine Intelligence,Nature Portfolio,2026,2026-06-09,Navigating molecular OOD-ness,Anna Tomberg; Nessa Carson,8,6,10.1038/s42256-026-01251-7,https://doi.org/10.1038/s42256-026-01251-7,article,Nature Machine Intelligence,https://openalex.org/W7164028142
Nature Machine Intelligence,Nature Portfolio,2026,2026-06-10,Reusability report: Assessment of reproducibility and applicability to external datasets for RXNGraphormer,Chonghuan Zhang; Majian Zeng; Qianghua Lin; Kuangbiao Liao,8,7,10.1038/s42256-026-01257-1,https://doi.org/10.1038/s42256-026-01257-1,article,Nature Machine Intelligence,https://openalex.org/W7164139479
Nature Machine Intelligence,Nature Portfolio,2026,2026-06-11,Bridging three-dimensional molecular structures and artificial intelligence with a conformation description language,Jiacheng Xiong; Yuqi Shi; M T Wu; P.G. Shao; Zhaokun Wang; Wei Zhang; R Zhang; Zhiyi Chen; Chuanlong Zeng; Xun Jiang; Duanhua Cao; Zhaoping Xiong; Zunyun Fu; Sulin Zhang; Mingyue Zheng,8,6,10.1038/s42256-026-01250-8,https://doi.org/10.1038/s42256-026-01250-8,article,Nature Machine Intelligence,https://openalex.org/W7164406138
Nature Machine Intelligence,Nature Portfolio,2026,2026-06-11,From virtual experiments to biomedical insight with synthetic data,Margarida Victoriano; Milena Pavlović; Geir Kjetil Sandve; Hélder P. Oliveira; Artur Rocha; Victor Greiff,8,6,10.1038/s42256-026-01244-6,https://doi.org/10.1038/s42256-026-01244-6,article,Nature Machine Intelligence,https://openalex.org/W7164358997
Nature Machine Intelligence,Nature Portfolio,2026,2026-06-12,Towards AI-augmented decision making in psychiatry,Jiyeong Y Kim; Carolyn I. Rodriguez,8,6,10.1038/s42256-026-01256-2,https://doi.org/10.1038/s42256-026-01256-2,article,Nature Machine Intelligence,https://openalex.org/W7164575513
Nature Machine Intelligence,Nature Portfolio,2026,2026-06-16,Algorithm–hardware co-design of neuromorphic networks with dual memory pathways,Pengfei Sun; Zhe Su; Jascha Achterberg; Giacomo Indiveri; Dan F. M. Goodman; Danyal Akarca,8,6,10.1038/s42256-026-01255-3,https://doi.org/10.1038/s42256-026-01255-3,article,Nature Machine Intelligence,https://openalex.org/W7164909785
Nature Machine Intelligence,Nature Portfolio,2026,2026-06-22,Autonomous navigation of intelligent microrobotic swarms in unknown environments,Xuanyu An; Shengming Luo; Haoyu Zhang; Qijun Yang; Yuntao Ma; Bin Wang; Jiansheng Du; Qianqian Wang,8,6,10.1038/s42256-026-01252-6,https://doi.org/10.1038/s42256-026-01252-6,article,Nature Machine Intelligence,https://openalex.org/W7165565906
Nature Machine Intelligence,Nature Portfolio,2026,2026-06-23,A dexterous soft hand exoskeleton restores intentional grasping in individuals with severe hand impairment,John Nassour; Nicolas Berberich; Daniel Utpadel-Fischler; Tobias Wächter; Gordon Cheng,8,7,10.1038/s42256-026-01263-3,https://doi.org/10.1038/s42256-026-01263-3,article,Nature Machine Intelligence,https://openalex.org/W7165649717
Nature Machine Intelligence,Nature Portfolio,2026,2026-06-23,"Solutions, challenges and rising tensions in AI and mathematics",,8,6,10.1038/s42256-026-01269-x,https://doi.org/10.1038/s42256-026-01269-x,article,Nature Machine Intelligence,https://openalex.org/W7165622263
Nature Machine Intelligence,Nature Portfolio,2026,2026-06-25,Data-driven surrogates of rational design enable antimicrobial peptide optimization,Goran Mauša; Daniela Kalafatović,8,7,10.1038/s42256-026-01258-0,https://doi.org/10.1038/s42256-026-01258-0,article,Nature Machine Intelligence,https://openalex.org/W7165945929
Nature Machine Intelligence,Nature Portfolio,2026,2026-07-01,An agentic artificially intelligent X-ray scientist,Zhantao Chen; Alexander N. Petsch; Aidan Israelski; Rajan Plumley; L. Shen; Cong Wang; Peng Cheng; Yuan Ni; Arun Bansil; Sugata Chowdhury; Mingda Li; Jana Thayer; Vivek Thampy; Joshua J. Turner,8,7,10.1038/s42256-026-01261-5,https://doi.org/10.1038/s42256-026-01261-5,article,Nature Machine Intelligence,https://openalex.org/W4413766540
Nature Machine Intelligence,Nature Portfolio,2026,2026-07-02,Empowering biomedical evidence exploration and synthesis with deep knowledge graph research,Zifeng Wang; Zheng Chen; Ziwei Yang; X Wang; Qiao Jin; Yifan Peng; Zhiyong Lu; Jimeng Sun,8,7,10.1038/s42256-026-01266-0,https://doi.org/10.1038/s42256-026-01266-0,article,Nature Machine Intelligence,https://openalex.org/W7167041027
Nature Machine Intelligence,Nature Portfolio,2026,2026-07-02,Reshaping biomolecular structure prediction through strategic conformational exploration with HelixFold-S1,Lihang Liu; Yang Liu; Xianbin Ye; Shanzhuo Zhang; yuxin li; Kunrui Zhu; Yang Xue; Jingbo Zhou; Xiaonan Zhang; Xiaomin Fang,,,10.1038/s42256-026-01264-2,https://doi.org/10.1038/s42256-026-01264-2,article,Nature Machine Intelligence,https://openalex.org/W7167054225
Nature Machine Intelligence,Nature Portfolio,2026,2026-07-03,Principled approaches for extending neural architectures to function spaces for operator learning,Julius Berner; Miguel Liu-Schiaffini; Jean Kossaifi; Valentin Duruisseaux; Boris Bonev; Kamyar Azizzadenesheli; Anima Anandkumar,8,7,10.1038/s42256-026-01267-z,https://doi.org/10.1038/s42256-026-01267-z,article,Nature Machine Intelligence,https://openalex.org/W4417309496
Nature Machine Intelligence,Nature Portfolio,2026,2026-07-06,Guiding generative models to uncover diverse and novel crystals via reinforcement learning,Hyunsoo Park; Aron Walsh,8,7,10.1038/s42256-026-01262-4,https://doi.org/10.1038/s42256-026-01262-4,article,Nature Machine Intelligence,https://openalex.org/W4416158865
Nature Machine Intelligence,Nature Portfolio,2026,2026-07-10,Four questions for AI-ready biological data,Amarda Shehu; Ruth Nussinov,8,7,10.1038/s42256-026-01270-4,https://doi.org/10.1038/s42256-026-01270-4,article,Nature Machine Intelligence,https://openalex.org/W7167966635
Nature Machine Intelligence,Nature Portfolio,2026,2026-07-13,A manifesto for Sustainability Robotics,S. Song; Barbara Mazzolai; Mirko Kovač,8,7,10.1038/s42256-026-01260-6,https://doi.org/10.1038/s42256-026-01260-6,article,Nature Machine Intelligence,https://openalex.org/W7168182419
Nature Machine Intelligence,Nature Portfolio,2026,2026-07-13,"The brain is a diverse place, why not computing?",Peyton S. Chandarana; James B. Aimone,8,7,10.1038/s42256-026-01273-1,https://doi.org/10.1038/s42256-026-01273-1,article,Nature Machine Intelligence,https://openalex.org/W7168151742
Nature Machine Intelligence,Nature Portfolio,2026,2026-07-13,"Towards shared embodied intelligence in humanoid robots through optimization, development and testing of the human-aware ergoCub robot",Carlotta Sartore; Mohamed Elshaikh Elobaid; Lorenzo Rapetti; Giulio Romualdi; Stefano Dafarra; Nicola A. Piga; Ines Sorrentino; Paolo Maria Viceconte; Silvio Traversaro; Ugo Pattacini; Luca Fiorio; Francesco Draicchio; Giovanna Tranfo; Lorenzo Natale; Marco Maggiali; Daniele Pucci,8,8,10.1038/s42256-026-01272-2,https://doi.org/10.1038/s42256-026-01272-2,article,Nature Machine Intelligence,https://openalex.org/W7168186946
Nature Machine Intelligence,Nature Portfolio,2026,2026-07-14,A unifying framework from neural superposition to sparse interpretable codes,David Klindt; Charles A. O’neill; Patrik Reizinger; Harald Maurer; Nina Miolane,8,7,10.1038/s42256-026-01259-z,https://doi.org/10.1038/s42256-026-01259-z,article,Nature Machine Intelligence,https://openalex.org/W7168278967
Nature Machine Intelligence,Nature Portfolio,2026,2026-07-14,Realigning AI technology towards the Sustainable Development Goals,Rundong Feng; Ziming Li; Bojie Fu; Huadong Guo; Jianguo Liu; Yoshua Bengio,8,7,10.1038/s42256-026-01271-3,https://doi.org/10.1038/s42256-026-01271-3,article,Nature Machine Intelligence,https://openalex.org/W7168241857
Nature Machine Intelligence,Nature Portfolio,2026,2026-07-15,Enabling local neural operators to perform equation-free system-level analysis,Gianluca Fabiani; Hannes Vandecasteele; Somdatta Goswami; Constantinos I. Siettos; Ioannis G. Kevrekidis,8,7,10.1038/s42256-026-01265-1,https://doi.org/10.1038/s42256-026-01265-1,article,Nature Machine Intelligence,https://openalex.org/W4416258697
Nature Machine Intelligence,Nature Portfolio,2026,2026-07-20,A neural network model of free recall learns multiple memory strategies,Moufan Li; Kristopher T. Jensen; Qiong Zhang; Qihong Lu; Marcelo Gomes Mattar,8,8,10.1038/s42256-026-01274-0,https://doi.org/10.1038/s42256-026-01274-0,article,Nature Machine Intelligence,https://openalex.org/W4414552662
Nature Machine Intelligence,Nature Portfolio,2026,2026-07-21,Neural sampling from cognitive maps enables goal-directed imagination and planning,Hui Lin; Yukun Yang; Rong Juan Zhao; Giovanni Pezzulo; Wolfgang Maass,8,7,10.1038/s42256-026-01254-4,https://doi.org/10.1038/s42256-026-01254-4,article,Nature Machine Intelligence,https://openalex.org/W7169839672
Nature Machine Intelligence,Nature Portfolio,2026,2026-07-24,Capable language models can outgrow the benefits of collaboration,Yubin Kim; Ken Gu; Chanwoo Park; Chunjong Park; Samuel Schmidgall; A. Ali Heydari; Yao Yan; Zhihan Zhang; Yuchen Zhuang; Liu Y; Mark Malhotra; Paul Pu Liang; Hae Won Park; Yuzhe Yang; Xuhai Xu; Yilun Du; Shwetak Patel; Tim Althoff; Daniel McDuff; Xin Liu,8,7,10.1038/s42256-026-01268-y,https://doi.org/10.1038/s42256-026-01268-y,article,Nature Machine Intelligence,https://openalex.org/W7170643724
Nature Machine Intelligence,Nature Portfolio,2026,2026-07-24,Thinking and rethinking data AI readiness,,8,7,10.1038/s42256-026-01288-8,https://doi.org/10.1038/s42256-026-01288-8,article,Nature Machine Intelligence,https://openalex.org/W7170385706
Nature Machine Intelligence,Nature Portfolio,2026,2026-07-30,Classifying multipartite continuous-variable entanglement structures through data-augmented neural networks,Xiaoting Gao; Mingsheng Tian; Feng-Xiao Sun; Yadong Wu; X. D. Yu; Qiongyi He,8,8,10.1038/s42256-026-01284-y,https://doi.org/10.1038/s42256-026-01284-y,article,Nature Machine Intelligence,https://openalex.org/W4403663441
Nature Machine Intelligence,Nature Portfolio,2026,2026-07-30,Reusability report: Exploring the utility and extensibility of an integrated modelling framework for liquid electrolyte design,Genming Lai; Juntao Zhao; Zekai Liu; Ruiqi Zhang; Hanming Li; Qiliang Zhang; Fangchao Rong; Chi Fang; Qinghua Liu; Yunxing Zuo; Bo Xu; Jiaxin Zheng; Chuying Ouyang,8,8,10.1038/s42256-026-01277-x,https://doi.org/10.1038/s42256-026-01277-x,article,Nature Machine Intelligence,https://openalex.org/W7171833141
Nature Machine Intelligence,Nature Portfolio,2026,2026-08-03,Beyond representational alignment with brain-guided language models for robust reasoning,Xiao Ming-qing; Kai Du; Zhouchen Lin,8,8,10.1038/s42256-026-01278-w,https://doi.org/10.1038/s42256-026-01278-w,article,Nature Machine Intelligence,https://openalex.org/W7172258416
Nature Machine Intelligence,Nature Portfolio,2026,2026-08-03,Reinforcement learning steers generative crystal design,Zhendong Cao; Lei Wang,8,8,10.1038/s42256-026-01282-0,https://doi.org/10.1038/s42256-026-01282-0,article,Nature Machine Intelligence,https://openalex.org/W7172259145
Nature Machine Intelligence,Nature Portfolio,2026,2026-08-05,Trajectory forecasting lifts the femtosecond ceiling in molecular simulation,Seyed Mohamad Moosavi,8,8,10.1038/s42256-026-01275-z,https://doi.org/10.1038/s42256-026-01275-z,article,Nature Machine Intelligence,https://openalex.org/W7172526094
Nature Machine Intelligence,Nature Portfolio,2026,2026-08-10,"Impact-resistant, autonomous robots inspired by tensegrity architecture",William R. Johnson; Xiaonan Huang; Shiyang Lu; Kun Wang; Luca Cimatti; Marco Carati; Joran Booth; Kostas E. Bekris; Rebecca K. Kramer-Bottiglio,8,8,10.1038/s42256-026-01280-2,https://doi.org/10.1038/s42256-026-01280-2,article,Nature Machine Intelligence,https://openalex.org/W4406880090
Nature Machine Intelligence,Nature Portfolio,2026,2026-08-12,Learning contact representations in real-world clutter for universal robotic grasping,Xianli Wang; Lap Mou Tam; Qingsong Xu,8,9,10.1038/s42256-026-01292-y,https://doi.org/10.1038/s42256-026-01292-y,article,Nature Machine Intelligence,https://openalex.org/W7202264521
Nature Machine Intelligence,Nature Portfolio,2026,2026-08-14,Towards general auditory intelligence for machine listening and speaking,Siyin Wang; Zengrui Jin; Changli Tang; Qiujia Li; Bo Li; Chen Chen; Yuchen Hu; Wenyi Yu; Yixuan Li; Jimin Zhuang; Yudong Yang; Mingqiu Wang; Michael Han; Yifan Ding; Junwen Bai; Tom Ouyang; Shuo-Yiin Chang; Xianzhao Chen; Xiaohai Tian; Jun Zhang; Lu Lu; Guangzhi Sun; Zhehuai Chen; Ji Wu; Bowen Zhou; Yuxuan Wang; Tara Sainath; Yonghui Wu; Chao Zhang,8,8,10.1038/s42256-026-01281-1,https://doi.org/10.1038/s42256-026-01281-1,article,Nature Machine Intelligence,https://openalex.org/W7203450603
Nature Machine Intelligence,Nature Portfolio,2026,2026-08-14,Towards principled knowledge editing methods for large language model reasoning,Ningyu Zhang; Yunzhi Yao; Jiaxin Qin; Haoming Xu; Yuqi Zhu; Zeping Yu; Mengru Wang; Yuqi Tang; Jia-Chen Gu; Shumin Deng; Huajun Chen,8,8,10.1038/s42256-026-01276-y,https://doi.org/10.1038/s42256-026-01276-y,article,Nature Machine Intelligence,https://openalex.org/W7203439806
Nature Machine Intelligence,Nature Portfolio,2026,2026-08-17,Machine learning of artistic fingerprints in jazz,Huw Cheston; Reuben Bance; Peter M. C. Harrison,8,8,10.1038/s42256-026-01279-9,https://doi.org/10.1038/s42256-026-01279-9,article,Nature Machine Intelligence,https://openalex.org/W7203606580
Nature Machine Intelligence,Nature Portfolio,2026,2026-08-18,"Agentic AI and cybersecurity, the story so far",,8,8,10.1038/s42256-026-01301-0,https://doi.org/10.1038/s42256-026-01301-0,article,Nature Machine Intelligence,https://openalex.org/W7203666730
Nature Machine Intelligence,Nature Portfolio,2026,2026-08-18,Transfer learning with deployment-covariate recalibration for survival prediction under covariate shift,Lulu Pan; Genming Zhao; Yongfu Yu; Guoyou Qin,8,8,10.1038/s42256-026-01285-x,https://doi.org/10.1038/s42256-026-01285-x,article,Nature Machine Intelligence,https://openalex.org/W7203669874
Nature Machine Intelligence,Nature Portfolio,2026,2026-08-19,Quantitative and interface-aware prediction of peptide–protein interactions by VITAL,Wei-Hao Chen; Qiwen Wang; Zhiyi Li; Song-Yang Li; Chen Lin; Zhi‐Liang Ji,8,9,10.1038/s42256-026-01291-z,https://doi.org/10.1038/s42256-026-01291-z,article,Nature Machine Intelligence,https://openalex.org/W7203781836
Nature Machine Intelligence,Nature Portfolio,2026,2026-08-24,A roadmap for end-to-end task-agnostic exoskeleton control,Max K. Shepherd; Ethan B. Schonhaut; Keaton L. Scherpereel; Fatima Mumtaza Tourk; Aaron J. Young,8,9,10.1038/s42256-026-01297-7,https://doi.org/10.1038/s42256-026-01297-7,article,Nature Machine Intelligence,https://openalex.org/W7204086771
Nature Machine Intelligence,Nature Portfolio,2026,2026-08-24,Harnessing implicit neural representations for scientific data compression,Shuhang Gu; Kexuan Shi,8,9,10.1038/s42256-026-01290-0,https://doi.org/10.1038/s42256-026-01290-0,article,Nature Machine Intelligence,https://openalex.org/W7204116576
Nature Machine Intelligence,Nature Portfolio,2026,2026-08-24,Multi-resolution enhancement for full-spectrum neural representations,Yuan Ni; Zhantao Chen; Shizhou Xu; Cheng Peng; Rajan Plumley; Chun Hong Yoon; Jana Thayer; Joshua J. Turner,8,9,10.1038/s42256-026-01287-9,https://doi.org/10.1038/s42256-026-01287-9,article,Nature Machine Intelligence,https://openalex.org/W4414697132
Nature Machine Intelligence,Nature Portfolio,2026,2026-08-26,A knowledge-driven framework for predicting single-cell responses for unprofiled drugs,Jinghao Feng; Ziheng Zhao; Xiaoman Zhang; Mingfei Liu; Jingyi Chen; Xingran Quan; Boyang Fu; Jian Zhang; Yanfeng Wang; Ya Zhang; Weidi Xie,8,9,10.1038/s42256-026-01286-w,https://doi.org/10.1038/s42256-026-01286-w,article,Nature Machine Intelligence,https://openalex.org/W7204223536
Nature Machine Intelligence,Nature Portfolio,2026,2026-08-26,Life-inspired interoceptive artificial intelligence for autonomous and adaptive agents,Sung‐Woo Lee; Younghyun Oh; Hyunhoe An; Hyebhin Yoon; Karl John Friston; Seok‐Jun Hong; Choong‐Wan Woo,8,9,10.1038/s42256-026-01296-8,https://doi.org/10.1038/s42256-026-01296-8,article,Nature Machine Intelligence,https://openalex.org/W4386721710
Nature Machine Intelligence,Nature Portfolio,2026,2026-08-26,The epistemic debt of generative AI,Irene Unceta; Paula Subías-Beltrán; Oriol Pujol,8,9,10.1038/s42256-026-01294-w,https://doi.org/10.1038/s42256-026-01294-w,article,Nature Machine Intelligence,https://openalex.org/W7204264139
Nature Machine Intelligence,Nature Portfolio,2026,2026-08-28,Enhancing reproducibility in hybrid Earth system models,Min Chen; Zhiyi Zhu; Thorsten Wagener; Niklas Boers; R. Dietmar Müller; Josef Strobl; Gustau Camps‐Valls; Michael Batty; Anthony J. Jakeman; Olaf Kolditz; Stefano Nativi; Maria Antonia Brovelli; Felix Creutzig; Pankaj Kumar; Paul Whitehead; C. Michael Barton; Dichen Liu; Peilong Ma; Zaiyang Ma; Fengyuan Zhang; Bo Zhang; Peng Hou; Guonian Lü,8,9,10.1038/s42256-026-01299-5,https://doi.org/10.1038/s42256-026-01299-5,article,Nature Machine Intelligence,https://openalex.org/W7204554535
Nature Machine Intelligence,Nature Portfolio,2026,2026-09-01,Implicit-bias-like patterns in reasoning models,Messi Ho Jun Lee; Calvin K. Lai,8,9,10.1038/s42256-026-01300-1,https://doi.org/10.1038/s42256-026-01300-1,article,Nature Machine Intelligence,https://openalex.org/W7204893410
Nature Machine Intelligence,Nature Portfolio,2026,2026-09-01,Steering machine reasoning with brain signals,Changde Du; Huiguang He,8,9,10.1038/s42256-026-01302-z,https://doi.org/10.1038/s42256-026-01302-z,article,Nature Machine Intelligence,https://openalex.org/W7204916316
Nature Machine Intelligence,Nature Portfolio,2026,2026-09-03,NucleicBERT interprets RNA sequence space through self-supervised language modelling,Utkarsh Upadhyay; Julian M. Herold; Markus Götz; Alexander H. Schug,8,9,10.1038/s42256-026-01295-9,https://doi.org/10.1038/s42256-026-01295-9,article,Nature Machine Intelligence,https://openalex.org/W7207755714
Nature Machine Intelligence,Nature Portfolio,2026,2026-09-03,Quantum neural operators with implicit quadratic frame and expressivity advantages,Ruocheng Wang; Xu Zhong; Zhuo Xia; Junchi Yan,8,9,10.1038/s42256-026-01289-7,https://doi.org/10.1038/s42256-026-01289-7,article,Nature Machine Intelligence,https://openalex.org/W7166711978
Nature Machine Intelligence,Nature Portfolio,2026,2026-09-07,Causal evidence that language models use confidence to drive behaviour,Dharshan Kumaran; Nathaniel D. Daw; Simon Osindero; Petar Veličković; Viorica Pătrăucean,8,9,10.1038/s42256-026-01293-x,https://doi.org/10.1038/s42256-026-01293-x,article,Nature Machine Intelligence,https://openalex.org/W7211901703
Nature Machine Intelligence,Nature Portfolio,2026,2026-09-10,A collaborative agent with two lightweight synergistic models for autonomous crystal materials research,Tongyu Shi; Yutang Li; Zhanyuan Li; Qian Liu; Jie Zhou; Wenhe Xu; Yang Li; Dawei Dai; Rui He; Wenhua Zhou; Jiahong Wang; Xue-Feng Yu,8,9,10.1038/s42256-026-01298-6,https://doi.org/10.1038/s42256-026-01298-6,article,Nature Machine Intelligence,https://openalex.org/W7154280477
Nature Machine Intelligence,Nature Portfolio,2026,2026-09-14,Publisher Correction: Quantum neural operators with implicit quadratic frame and expressivity advantages,Ruocheng Wang; Xu Zhong; Zhuo Xia; Junchi Yan,8,9,10.1038/s42256-026-01314-9,https://doi.org/10.1038/s42256-026-01314-9,erratum,Nature Machine Intelligence,https://openalex.org/W7212820409
Nature Machine Intelligence,Nature Portfolio,2026,2026-09-18,"Cybernetics, interoception, and the art of embodiment",,8,9,10.1038/s42256-026-01312-x,https://doi.org/10.1038/s42256-026-01312-x,article,Nature Machine Intelligence,https://openalex.org/W7213533976
Nature Machine Intelligence,Nature Portfolio,2026,2026-09-23,Guiding large language models to predict edit sequences for molecular synthesizability optimization,Junren Li; Luhua Lai,,,10.1038/s42256-026-01304-x,https://doi.org/10.1038/s42256-026-01304-x,article,Nature Machine Intelligence,https://openalex.org/W7202131388
